1.0,1.0,1.0,1.0,1.0,1.0,1.0,1.0,1.0,1.0,1.0,1.0,1.0,1.0,1.0,1.0,1.0,1.0,1.0,1.0,1.0,1.0,1.0,1.0,1.0,1.0,1.0,1.0,1.0,1.0,1.0,1.0,1.0,1.0,1.0,1.0,1.0,1.0,1.0,1.0,1.0,1.0,1.0,1.0,1.0,1.0,1.0,1.0,1.0,1.0,1.0,1.0,1.0,1.0,1.0,1.0,1.0,1.0,1.0,1.0,1.0,1.0,1.0,1.0,1.0,1.0,1.0,1.0,1.0,1.0,1.0,2.0,2.0,2.0,2.0,2.0,2.0,2.0,2.0,2.0,2.0,2.0,2.0,2.0,2.0,2.0,2.0,2.0,2.0,2.0,2.0,2.0,2.0,2.0,2.0,2.0,2.0,2.0,2.0,2.0,2.0,2.0,2.0,2.0,2.0,2.0,2.0,2.0,2.0,2.0,2.0,2.0,2.0,2.0,2.0,2.0,2.0,2.0,2.0,2.0,2.0,2.0,2.0,2.0,2.0,2.0,2.0,2.0,2.0,2.0,2.0,2.0,2.0,2.0,2.0
333.24495,937.01876,277.51585,842.4683,275.83879,266.89551,254.17343,277.90787,823.22847,271.16352,332.11857,929.91794,823.99049,839.29889,803.26998,318.50545,244.60445,917.69995,327.45636,264.39551,255.48043,934.92435,265.75586,292.89845,289.14959,903.27233,271.19394,825.43959,281.77739,833.9327,810.09178,923.17109,818.99451,282.9006,917.19179,820.49971,256.68415,831.3989,927.37486,927.14394,922.7143,917.07556,269.01868,265.89713,334.72563,330.39342,295.12416,249.09707,936.26004,301.49046,826.47918,913.70876,947.08875,321.98813,286.49189,907.28489,941.82037,810.05148,293.94264,812.8449,328.1989,911.24906,821.71797,907.36837,256.43258,933.21158,906.73538,832.57716,273.91636,818.99885,911.17284,292.74405,353.83936,297.58563,300.69885,294.55306,427.33724,252.02334,297.26325,354.52405,293.82495,302.6051,303.63436,324.70631,350.4749,420.28103,337.1441,302.93451,250.41742,296.39897,281.51731,413.48047,410.75099,406.51753,262.65648,293.64727,396.77782,253.33902,404.57747,421.93511,322.78883,369.16604,416.4938,287.2303,329.56831,253.25456,253.62452,263.14334,305.33726,283.25187,344.52923,415.85021,417.28086,401.59271,408.07315,294.16318,332.66644,298.23582,406.79502,332.79195,334.37872,321.78454,326.02343,420.22364,299.00723,370.8618,299.28593,406.7425,414.67297,331.45269,410.29607,334.06619,339.4154,251.86594,322.10943
333.31229,937.02017,277.93333,841.58479,275.75121,266.97871,254.43008,277.71376,823.46532,271.07052,332.01459,929.88661,824.41124,839.14813,803.27961,318.56318,244.17467,917.79248,327.56113,264.83935,255.87524,935.14398,265.97364,293.03899,288.99176,903.23475,271.0298,825.46199,281.62816,833.75492,810.08391,923.08849,818.87394,282.81083,917.31618,820.41362,256.66705,831.15165,927.28694,926.81926,922.67292,917.02856,269.44242,265.90178,334.75607,330.19952,295.01498,248.60723,936.22066,301.53188,826.48499,913.81401,947.11667,321.90856,286.54021,907.2733,941.49207,810.06318,292.94177,813.2925,328.782,911.24166,821.55012,907.45079,256.51652,933.48116,906.51458,832.39984,274.12315,819.12062,911.12806,293.51361,354.07722,297.57519,300.81402,294.56613,427.317,252.03256,297.75463,354.77834,296.01496,303.31656,303.5033,319.42574,350.75207,424.91246,337.00976,301.727,252.72973,295.92573,281.50954,413.46947,410.6836,406.91292,257.54777,294.00508,398.4817,253.18857,404.73065,425.90488,322.84964,369.40581,416.28218,287.13643,331.36325,253.51045,253.60407,263.4078,305.31741,284.80811,343.98404,423.1635,417.2772,401.61206,417.87204,293.54572,333.09824,298.24887,407.3956,333.22262,334.33859,322.08098,328.75674,420.28046,298.93098,359.23737,297.9296,407.42966,417.61945,332.20244,410.17251,335.48177,339.86155,252.05965,322.01425
333.14443,937.03152,278.21728,840.50274,275.77512,267.13552,254.24794,277.64697,823.67933,271.07675,332.04796,929.87792,824.74809,838.99294,803.28357,318.7173,244.01101,917.85745,327.26225,265.6899,256.16853,935.63917,266.34719,293.23467,288.90864,903.21035,271.62887,825.5695,281.24783,833.5479,810.04273,923.02601,818.81724,282.71541,917.42321,820.34651,256.43126,830.88685,927.16167,926.50513,922.67102,916.92716,269.70388,265.96715,334.73944,330.1645,294.77358,248.90619,936.19012,301.50591,826.49551,913.90052,947.12358,321.92405,286.62824,907.26065,941.0827,810.07242,292.08096,813.61036,328.9196,911.2253,821.32608,907.56319,256.45623,933.70302,906.30382,832.06403,274.42259,819.25972,911.11319,293.84491,354.35592,297.6452,300.72867,294.45652,427.3377,251.87822,297.10266,355.23541,297.25295,303.68803,303.33958,317.04685,351.12474,432.9699,336.9351,302.26647,254.34432,296.49084,281.29282,413.50992,410.60299,407.42704,249.86457,293.71342,401.41886,253.0055,404.99622,433.96166,322.94104,369.7586,416.05872,287.09035,334.37466,253.27622,253.56298,264.03369,305.43709,285.31167,343.93119,433.39134,417.2711,401.69546,431.23126,293.09788,333.87368,298.18141,409.08611,333.93,334.42929,322.53892,330.47662,420.39933,298.94478,354.85658,298.87561,409.33138,423.58524,332.9957,410.12874,336.85934,340.42854,251.34227,321.92688
333.2401,937.04788,278.28828,839.55859,275.76946,267.09802,254.21981,277.60667,823.72311,270.96383,332.13904,929.8118,824.85931,838.77336,803.2519,318.83719,244.19122,917.91304,327.26335,266.49861,256.41659,936.02022,266.55819,293.3872,288.93278,903.07663,271.70471,825.45056,281.14366,833.49181,810.06437,922.82256,818.68976,282.48443,917.44824,820.23965,256.52556,830.74979,927.16003,926.44673,922.63956,916.87246,270.04886,266.16753,334.82653,330.25322,294.88675,249.54671,936.07046,301.42953,826.64309,914.11799,947.17066,321.87417,286.52749,907.35389,940.54801,810.23013,291.77949,814.05003,329.02594,911.23327,821.11579,907.65173,256.43772,934.01115,906.11522,832.00435,275.29986,819.34371,911.16143,293.8912,355.14937,297.56024,300.75482,294.62169,427.35614,251.88457,297.70629,355.50907,298.63548,303.74371,303.32459,317.66562,351.86275,444.09307,337.0408,301.92478,254.91708,296.60052,280.75,413.70178,410.5141,410.09009,242.3962,293.46173,407.44948,253.16201,405.21303,446.29619,323.49161,369.95742,416.12085,287.0506,339.7791,253.66735,253.71716,263.91197,305.39659,286.51073,344.07857,446.90481,417.26707,401.60191,448.32823,293.88048,334.72742,298.07517,413.174,334.5756,334.97727,323.39927,331.3437,420.42541,298.97765,358.01905,297.46558,412.91205,433.91968,333.64404,409.80135,338.65858,340.5781,250.96559,322.07141
333.25879,937.06905,278.31658,838.62826,275.82656,267.13227,254.34051,277.81823,823.76051,270.90889,331.82412,929.73434,824.94852,838.5219,803.22392,319.02388,244.62434,917.98878,327.02156,267.28538,256.82066,936.53736,266.66702,293.59936,288.82548,902.87527,271.44929,825.38754,280.7812,833.43804,810.0824,922.66015,818.58338,282.24262,917.46981,820.12759,256.21144,830.65964,927.1603,926.34891,922.57236,916.83784,270.91748,266.03533,334.69007,330.22258,294.86472,250.06503,935.8909,301.52453,826.77886,914.29993,947.25571,321.78143,286.93203,907.39901,940.01487,810.83972,291.06848,814.39568,329.50551,911.25061,820.88156,907.7858,256.32338,934.18276,905.93885,831.97805,276.01639,819.41831,911.19921,293.81455,356.03885,297.84468,300.65205,294.77691,427.33675,251.8375,297.38361,355.76726,299.73557,303.82854,303.16813,321.565,352.43086,458.20788,337.0932,301.48747,254.37299,296.56291,279.97926,413.97914,410.46084,415.45936,231.59704,293.30587,418.5566,253.19149,405.44573,463.51676,325.49571,370.40988,416.20409,286.92274,349.03081,253.92998,253.76865,263.91071,305.40856,286.94124,344.37167,463.19432,417.24819,401.58489,469.0258,294.78752,335.8873,298.09144,420.20613,335.5004,335.78822,324.28128,332.3429,420.5639,299.32473,363.16849,297.63951,420.27978,447.40129,334.5754,409.53606,341.04508,340.95764,250.61657,322.29565
333.25293,937.30901,278.53659,837.72545,275.78031,267.22581,254.36665,278.06823,823.77637,270.63405,331.81038,929.66067,824.82838,838.26747,803.031,318.97449,245.48142,918.04273,327.1159,268.20701,257.07081,936.73731,266.91896,293.89366,288.92735,902.80559,271.35267,825.16166,280.51409,833.44987,808.60617,922.54565,818.70595,282.31026,917.57673,820.05716,256.16403,830.65037,927.15966,926.38844,922.48279,916.53233,271.63724,266.08582,334.54928,330.40163,294.71577,250.95534,935.76257,301.63424,827.07391,914.4133,947.4812,321.88815,286.6909,907.66467,939.41284,813.09907,290.78477,814.79067,329.74701,911.24825,820.66729,907.98116,256.34105,934.3798,905.90025,831.9314,276.95007,817.42313,911.32187,293.74676,357.36308,297.88284,300.74377,294.73511,427.2867,251.9932,297.14706,356.19809,299.94162,303.53405,303.12635,327.21525,353.41348,475.71513,337.67707,301.88721,253.98808,296.3859,278.93627,415.23186,410.45829,424.35324,224.50412,293.20779,435.14286,253.25333,405.55216,484.9635,329.83127,370.70596,418.14282,286.96765,360.95369,253.98722,253.52697,264.11307,305.31517,287.14239,346.09366,482.50162,417.22817,401.73375,493.34594,294.53633,338.07905,298.01148,431.7082,335.54281,336.3817,326.1862,332.5944,420.65088,299.31893,366.40328,298.50692,433.25378,465.18183,335.23615,409.715,345.767,341.42807,250.54407,322.77232
333.41631,937.50175,278.43027,836.79231,275.68418,267.15547,254.34168,278.43827,823.80139,270.32366,331.70705,929.59468,824.0297,838.05242,802.75564,319.1231,246.92121,918.0981,327.09838,268.93607,257.6534,936.89015,266.98183,293.94111,289.00434,902.65256,271.35648,824.93117,280.28026,833.46166,805.72923,922.47534,819.05343,282.18479,917.64874,820.01391,256.07472,830.60739,927.15629,926.4146,922.46083,916.2676,272.84702,266.12233,334.29816,330.47481,294.23613,252.61824,935.64421,301.71613,827.4195,914.54548,947.68665,322.04407,286.71039,907.97322,938.73092,818.12307,290.31949,815.32325,329.60766,911.24238,820.2963,908.19565,256.3994,934.54987,905.81686,831.89269,278.36697,814.83864,911.42403,293.81338,358.82196,298.1919,300.66804,294.67651,427.27931,251.93154,297.81481,356.89705,300.32293,303.4108,303.17628,333.10172,354.46716,495.87229,339.79785,302.23328,254.11394,296.4812,278.58991,418.89174,410.45154,437.67558,225.09197,293.36221,456.24143,253.15602,405.74794,510.35446,337.39193,371.12379,420.39257,286.93472,374.87909,253.95525,253.5,264.05566,305.28998,287.20406,349.40993,504.22976,417.21426,402.11068,519.77515,293.31034,342.08149,297.92661,447.76871,337.75643,337.08221,328.64299,333.05842,420.78184,299.16212,367.61562,297.5823,450.2384,486.90451,336.01521,410.68859,353.2202,342.02833,251.00562,323.38475
333.20777,938.98413,278.05515,836.21431,275.63702,267.36778,254.25441,278.70294,823.72262,269.96586,331.69573,929.49703,821.4942,837.77284,802.75107,319.7937,248.97712,918.10588,326.89938,269.662,257.71159,936.92558,267.09785,294.07804,288.90312,902.51959,271.89399,824.59091,280.01579,833.68573,803.34883,922.46304,820.31845,282.04519,917.74833,820.08277,256.02037,830.60343,927.19605,926.65603,922.45807,916.02326,274.63922,266.18818,334.16301,330.44499,293.54507,254.01473,935.56356,301.72793,827.79498,914.81119,947.9926,322.01882,286.5732,908.18346,938.40817,827.81525,290.08423,816.56076,329.74067,911.19531,820.60674,908.4089,256.41057,934.67853,905.82441,831.84109,278.84784,814.8324,911.60793,293.73318,360.25254,298.26563,300.96508,294.75355,427.25895,252.05855,296.86965,357.3603,300.53614,302.92964,303.16449,337.79651,355.70303,518.14554,344.97329,302.52276,255.0474,296.70956,278.09247,425.1539,410.59938,455.70644,225.21226,293.20471,482.43661,252.99443,405.72243,539.02131,347.9163,372.17916,424.13936,286.86996,386.4385,253.92766,253.645,263.99822,305.25608,287.26861,356.40331,528.31486,417.31973,405.31394,547.94949,293.77273,350.00289,297.9338,468.89546,340.61945,337.97182,334.24025,334.11455,421.0715,299.31715,368.41998,297.48136,471.30233,512.40253,336.74985,412.74221,364.72107,342.67064,251.42608,324.20643
333.25465,944.18797,277.77525,835.67914,275.49369,267.56727,254.33255,278.94799,823.39115,269.75715,331.76965,929.40933,817.64487,837.56988,801.83008,319.69397,250.78492,918.1172,326.79037,270.41453,257.8713,936.97519,267.5086,293.88144,288.90241,902.37426,272.01639,824.33974,279.6966,833.82937,802.93526,922.47042,823.79886,281.89499,917.83288,820.15566,256.06096,830.58778,927.27201,926.82767,922.45469,916.00595,276.56728,266.23654,333.66429,330.53234,292.90861,255.2286,935.50514,301.66667,828.18903,915.13271,948.21513,322.08852,286.314,908.4051,937.98123,842.5307,289.78493,819.60378,329.83784,911.14716,822.25913,908.69821,256.44741,934.7573,905.82773,831.79253,279.94263,809.11481,911.79432,293.79371,361.86286,298.55875,300.99017,295.09305,427.25095,252.09441,296.68727,357.88002,300.48105,302.61137,303.02888,341.21602,356.93954,542.79828,354.78873,302.77021,255.87702,296.55276,277.1559,435.08245,410.85821,478.3464,230.47521,293.36284,512.97102,253.24399,405.7602,570.33153,359.7506,374.88262,431.45589,286.79641,394.176,253.98654,253.73617,264.1298,305.29968,287.50442,367.24671,554.00312,417.626,411.85859,576.18439,293.73224,361.16812,297.77346,494.12649,346.34221,338.82771,342.27342,338.17701,421.43573,299.06963,369.56907,297.39835,495.76264,540.73317,337.7951,417.33821,378.47694,343.39333,252.23259,325.28036
333.19306,956.19998,277.58591,835.31396,275.58531,267.80937,254.2481,279.01024,821.77007,269.5346,331.82621,929.2949,816.21674,837.25626,803.40973,319.68203,252.8545,918.14013,326.83409,270.84644,257.93674,936.88047,267.42636,293.99572,289.04576,902.16837,272.21948,824.09668,279.37882,834.05044,806.63405,922.76714,831.23548,281.77101,917.89453,820.3377,256.25932,830.62148,927.28492,926.99326,922.43613,915.66237,278.51605,266.27998,333.31963,330.68498,292.57969,255.938,936.81343,301.65813,828.70229,915.28111,948.49783,322.24624,286.03333,908.61801,937.67684,862.11207,289.35568,825.25535,329.63753,911.04407,827.49786,910.03223,256.47669,934.81942,905.81861,831.7554,280.80341,809.12028,912.04668,293.66278,363.49375,299.49702,301.0405,294.9147,427.22731,252.13694,297.23156,359.21863,300.46249,302.49245,303.11447,343.50717,358.29456,568.65612,369.3557,301.62199,256.13527,296.42586,275.43771,449.57602,412.21376,505.1464,238.22136,293.22961,547.26774,253.59273,407.45689,601.15085,371.26445,382.56093,442.87803,286.82796,399.66134,254.00988,253.53632,264.16811,305.21459,287.13203,381.03928,580.34892,419.50927,423.16138,602.91392,294.10645,374.41291,298.39588,523.26825,356.29213,340.42835,354.10702,346.05043,423.13135,299.38249,370.14711,297.24961,522.57805,570.71005,339.57011,428.12158,393.94713,344.11085,252.0681,326.47011
333.2399,976.25213,276.67139,834.50229,275.34477,267.98838,254.32907,279.16042,818.5302,269.46723,331.6908,929.19864,818.6485,836.21682,806.29385,319.7738,254.50995,918.15417,326.69414,271.37239,258.23598,936.78116,267.6688,293.97792,288.97312,901.99169,272.6095,823.52479,279.29105,834.25451,815.88356,924.3714,842.76884,281.55517,917.95286,820.12578,256.16467,830.62996,927.33899,927.21116,922.41584,915.50157,280.77719,266.25615,333.38405,330.73159,292.41226,256.60606,943.44504,301.8191,829.13706,915.327,948.7068,322.11211,285.87788,908.83407,937.35494,882.83603,289.55839,834.80815,329.62477,910.98658,837.80763,915.81794,256.43784,934.86425,905.73966,831.72695,281.34051,806.81896,912.40578,293.60364,365.32816,302.60433,301.02699,295.044,427.33923,252.1895,297.6606,361.60215,300.43523,302.33333,302.99458,344.97744,360.00981,593.98241,386.04604,302.75738,256.80065,296.42857,271.33884,469.10588,414.85219,535.77446,246.74029,293.46456,581.46383,253.43494,411.47651,632.17538,381.32565,394.52137,458.4464,286.64861,401.07419,254.04134,253.59095,264.25933,305.23815,287.1419,394.45984,605.60422,423.57384,439.43021,628.50565,294.62538,387.69121,299.8683,555.63506,369.57607,343.51021,366.13288,357.60319,426.82532,299.23874,370.67392,297.41961,551.03188,599.78002,343.97351,444.20301,407.39387,346.0989,251.68276,327.65587
333.14915,1007.2586,276.54885,834.50065,275.30993,268.13972,254.26446,279.27072,814.77502,269.44195,331.70609,929.29088,825.24734,834.77518,810.68878,319.78646,255.62139,918.28959,326.37178,271.69195,258.36328,936.64009,267.7603,294.06936,289.02041,901.9453,272.77047,824.71578,279.17968,834.45248,831.71763,931.51271,857.4206,281.40896,917.99624,819.57326,256.19459,830.73947,927.26377,927.49936,922.3641,915.46537,282.74103,266.50721,333.05584,330.67159,292.07864,257.01092,959.87059,301.8476,829.52603,915.74279,949.10279,322.28039,285.40032,909.01062,937.18836,902.65214,289.21308,848.14178,329.3537,910.91177,853.38983,930.89695,256.53089,934.87303,905.61507,831.84329,281.93642,806.29916,912.68959,293.71615,367.12008,309.76832,301.2605,294.99465,427.86942,252.68439,297.81356,366.09593,300.47482,302.39145,302.92401,346.34645,363.67155,619.15688,402.80016,302.00933,256.70932,296.5254,265.4804,493.77841,418.68309,568.34355,250.75094,293.2744,613.65294,253.24713,418.46001,662.04373,389.97193,408.41855,479.0213,286.58788,401.52697,254.16506,253.38573,264.10517,305.44711,287.0916,406.107,630.6476,431.36669,461.3982,653.43638,294.03785,399.92556,303.68777,588.5712,383.99123,349.68758,378.51919,371.30069,434.95394,299.01935,372.20463,297.76634,578.91613,629.82977,352.21283,465.0323,416.72274,351.04052,251.47392,329.8073
333.09456,1045.8992,276.6173,828.84543,275.15185,268.17973,254.30983,279.36792,811.65492,269.53367,331.70092,931.63089,837.36239,833.68454,818.12898,319.71939,256.47235,918.4753,326.25909,272.0258,258.70487,936.50799,267.91134,294.25054,288.91043,902.80614,272.8139,827.82638,279.47658,834.9045,851.98631,948.9358,874.8816,281.60293,918.06499,821.10641,256.08966,830.56504,927.11818,927.77063,922.38297,915.44036,284.27746,266.58487,332.99175,330.61052,291.59105,258.00464,986.08665,301.88785,829.89692,918.95353,949.39537,322.50082,285.3458,909.20857,936.88644,918.8216,289.1769,865.4182,329.48844,910.8432,872.72331,956.60295,256.52367,934.88,905.52412,832.68986,282.02107,809.69345,913.01822,293.679,369.53627,321.76835,301.25936,295.22953,430.15191,252.76643,296.96741,374.12635,300.43268,302.33958,303.05683,347.11502,370.15966,644.04808,414.75594,301.5419,256.45692,296.37186,258.98658,522.50816,425.48965,599.99263,252.01931,293.20717,645.02975,253.50566,429.67667,688.87462,398.04741,418.73633,503.96111,286.55188,402.54944,254.07619,253.15595,264.28336,305.30444,287.00109,414.89074,654.6901,443.56711,488.45316,675.70851,293.94543,409.58955,311.88971,619.92215,397.08388,360.04268,390.14463,384.5022,447.78683,299.17933,375.39977,298.03839,604.73048,658.60143,364.78773,490.32066,421.31709,360.34411,251.40618,333.49364
333.02462,1088.841,276.2437,828.58426,275.40502,268.35699,254.43946,279.4316,811.89249,269.59318,331.56847,940.48571,853.22098,834.54398,830.86653,319.69335,256.80396,918.70714,326.26278,272.12236,258.68041,936.21419,267.90924,293.9822,288.78179,907.86688,273.25272,835.02667,279.51046,836.11279,873.25311,977.39745,893.92193,281.62622,918.14555,825.8479,256.20138,830.05462,926.96047,930.15519,922.42626,915.62532,285.72631,266.5334,333.07508,330.77759,291.24564,258.90238,1020.4415,301.86089,830.20028,929.18642,949.73716,322.57951,285.17387,909.37546,936.67088,930.66667,289.35661,886.19527,329.48292,910.85518,892.98773,990.10007,256.64314,934.87374,905.3387,835.54458,282.24557,819.75991,913.26952,293.66432,373.23092,338.46206,301.51578,295.4148,434.95558,252.85327,297.37094,384.88208,300.36251,302.48783,303.02056,348.59743,380.72493,667.25628,420.86226,301.72952,256.55357,296.36115,252.21014,554.22585,436.66843,631.14053,250.7281,292.86601,672.14167,253.23136,446.08461,713.54509,404.97724,424.40541,533.39547,286.44411,407.39519,253.98833,252.99519,264.15498,305.3,287.02951,420.28702,676.50865,461.32322,518.9402,696.28339,294.30508,417.33706,323.86755,650.67147,406.41568,374.62758,398.76677,394.81919,466.78831,299.21679,381.1122,298.53251,630.97411,685.41178,379.6887,519.58433,422.66306,375.22532,251.53175,339.66842
332.89002,1133.1869,276.09102,831.64654,275.34163,268.37756,254.73144,279.59724,818.28923,269.80908,331.75616,957.82895,871.14494,839.99817,848.7155,319.74019,257.22177,919.80481,326.10676,272.54656,258.87005,935.85241,267.55016,294.1672,288.86232,921.65071,273.86441,846.49262,280.02014,838.60271,892.68415,1013.9816,913.49487,281.68255,918.18566,834.72448,256.08619,829.56489,926.75551,937.67666,922.46631,916.54709,286.75882,266.53636,333.17544,330.8366,290.21718,260.34039,1063.0495,302.06484,830.64008,949.90498,950.15852,322.57096,285.17575,909.532,936.30637,937.44938,289.25102,905.93525,329.4761,911.21068,911.06597,1030.2155,256.833,935.05387,905.18357,841.27039,282.38184,835.30107,913.49488,293.69053,379.50635,359.84288,301.33379,295.53533,442.88592,253.21883,297.24955,395.56803,300.34519,302.38479,302.78924,351.99692,393.37231,688.90614,425.89044,302.84437,256.54649,296.22472,247.37718,587.61344,450.80273,660.85816,250.08317,293.06003,696.85418,253.51908,468.51309,735.33328,410.93143,427.76741,565.37522,286.30226,411.32184,254.11315,253.25164,264.04664,305.35983,286.96605,422.4278,695.25115,484.40671,552.31354,713.67724,294.15548,421.35355,339.22905,678.50619,413.08159,390.19774,403.67026,401.55085,491.83199,299.10698,389.48683,296.64625,655.39027,710.22265,393.47712,550.66031,421.28992,392.53852,251.66817,349.66543
332.70427,1174.2133,275.80992,843.78939,275.36916,268.53859,255.15349,279.70488,833.63069,270.13493,331.81395,981.79456,904.20528,852.96941,868.00948,319.53135,257.46795,924.573,326.24327,272.76901,259.03535,935.36918,267.73897,294.18372,288.66852,946.08767,274.2935,863.7981,280.6203,842.41805,892.68093,1056.1245,931.91281,281.93096,918.27291,849.2527,256.02966,831.33679,927.1228,954.83328,922.5172,920.2469,287.50967,266.58402,333.07305,330.85278,289.27582,261.78144,1104.8207,302.20379,831.241,977.72525,950.8497,322.6536,284.97844,910.9584,936.19583,938.55004,289.2247,923.99267,328.92586,913.60818,926.02484,1072.451,256.94529,937.45688,905.38428,850.26349,282.34724,853.49694,913.79014,294.60072,388.38243,381.69381,301.30328,296.43179,455.05867,253.5113,298.27568,404.58082,300.33888,302.51494,302.81556,358.54371,406.55408,707.48271,426.43846,302.53251,256.5539,296.07606,245.38914,620.143,468.83361,688.79896,249.37451,293.80521,718.86643,253.96196,496.12058,754.53107,412.96738,429.05681,597.11194,286.1609,412.49006,254.91394,257.07766,264.02559,305.347,286.92834,421.65046,712.23676,511.56317,586.20601,728.85709,294.48862,421.21653,358.64469,703.26538,416.36673,404.15468,405.95453,404.56172,521.93426,299.02806,399.8898,297.23895,677.01388,732.24128,404.14411,582.49759,418.50662,406.86963,253.34848,362.88292
332.53578,1210.8846,275.91647,865.42784,275.26169,268.75801,255.12082,279.64749,855.88378,270.51803,331.53447,1011.8355,904.20528,871.0199,886.13419,319.60196,257.71715,937.51711,326.11418,273.78202,259.58764,935.05801,267.46843,294.21333,288.69252,977.47543,274.61397,884.51934,280.8817,849.4843,908.15873,1098.3332,945.0394,282.11931,918.77496,869.5962,256.11233,837.18519,931.80899,983.32501,922.50352,930.09703,288.28737,266.65287,333.42396,331.17371,288.04734,262.28474,1143.5775,302.21484,831.77204,1011.0808,951.85502,322.65576,284.88629,918.19261,936.23444,936.63462,289.16499,936.45138,329.20841,919.45222,935.72562,1113.319,257.34862,946.2711,908.78966,862.84258,282.49156,889.71405,914.53732,298.89708,398.17281,405.47091,301.32091,299.18278,471.94807,253.20112,297.39428,410.46082,300.21421,302.52419,302.8151,368.73038,416.94142,724.83974,425.60883,302.45537,256.4323,296.02472,245.85514,652.19994,490.46764,713.85025,248.51812,293.84928,738.95381,253.83158,527.85976,771.42442,412.44621,428.72956,628.1167,286.10245,412.18938,257.51259,263.28897,264.08133,305.28373,286.91974,419.43285,726.95589,542.05441,618.83294,741.6951,293.99284,419.93488,378.82021,725.23039,417.48591,413.64299,404.0182,405.16509,555.904,298.99248,408.87258,296.7122,696.28594,752.15602,412.04639,612.06961,414.87504,415.86909,258.35707,376.73126
332.42659,1242.8184,275.71244,891.95124,275.60145,269.13173,255.42312,279.52499,880.98721,270.83763,331.69245,1048.2496,920.9413,891.02482,886.13014,319.57324,257.81381,960.71444,326.43059,274.94107,260.07038,935.14479,267.61226,294.17209,288.76658,1015.7724,274.80909,904.51604,281.13394,862.39621,921.70222,1137.4037,952.93834,282.28735,922.8236,893.07535,256.12521,851.14091,945.89534,1022.0919,923.17663,951.04295,288.51143,266.60876,333.1838,331.56384,287.10397,262.47211,1177.5658,302.44352,833.21397,1049.1233,954.89027,322.69704,284.68111,937.12813,937.96083,931.45218,289.26626,942.40061,328.83256,931.24022,940.50453,1150.5346,257.52085,965.40575,920.51559,878.94753,283.4468,889.71405,918.52878,307.89428,407.77876,427.87432,302.72086,305.73737,493.4371,253.84517,298.27796,414.03977,300.2423,302.46536,302.75054,380.66699,423.53467,741.09954,423.4646,302.03226,256.21935,295.8786,247.06416,682.28138,515.56785,736.5377,249.33879,293.72099,756.45512,253.73714,563.25831,785.43625,411.12303,427.68616,657.53714,286.1654,410.87525,262.19143,270.09111,264.12821,305.29531,286.94241,417.549,739.48817,574.23761,650.55629,753.30472,294.4993,418.65088,400.77798,744.34831,416.89984,418.24591,399.51668,403.99179,590.61383,299.07536,414.79449,297.0434,714.12393,769.11041,416.94159,641.27705,412.85313,419.23988,265.88878,389.43949
332.2714,1270.453,275.46769,916.96273,275.63769,269.36422,255.47784,279.71384,902.49685,271.28985,331.71454,1085.9358,920.9413,908.09079,909.67611,319.56151,257.71124,992.82817,326.47845,275.72293,260.58421,938.29009,267.41934,294.43547,288.94486,1056.446,275.29299,920.96453,281.4248,881.34991,921.70222,1170.4667,955.08836,282.77689,934.78354,914.67151,256.10576,871.47486,971.56722,1069.1007,929.17294,979.8037,289.02674,266.86657,333.28229,332.0675,286.3342,261.73337,1208.1023,302.42176,836.50257,1087.3364,963.34424,322.57426,284.07182,967.47654,945.27768,924.34002,289.33469,943.26803,329.04042,950.84538,941.14353,1184.699,257.91825,993.64202,944.09973,898.24473,284.86998,903.42799,929.30265,321.43696,415.91617,449.06111,309.49419,316.41351,518.92987,256.66956,298.26742,416.3413,300.07427,302.38927,302.73056,392.57795,426.05434,756.00187,421.98783,301.29661,256.5117,296.09738,248.14911,709.15184,543.27288,755.64775,249.05405,294.99234,772.30075,253.59853,598.17147,798.02834,410.35422,426.9607,684.19866,286.1571,408.37682,269.51421,277.52388,265.02297,305.45228,286.94155,416.61126,750.68851,605.60531,679.9662,764.12616,294.96248,419.22794,422.15301,761.68447,416.90268,419.7782,396.57301,402.75882,626.78834,298.98018,417.10758,297.37415,729.79547,783.31642,420.12963,668.6147,412.7514,420.42407,275.28955,399.43748
332.17365,1294.7512,275.25322,937.24453,275.87582,269.57844,255.71712,279.75342,921.09709,271.66266,331.64843,1121.6288,922.66424,920.03403,912.1392,319.26077,257.65575,1031.2463,326.57155,275.1058,261.05817,947.41145,267.43774,294.42872,288.8521,1095.6219,275.17019,933.73508,281.66104,902.9064,919.86239,1199.0747,952.96846,282.78446,956.92963,932.49297,256.15532,893.956,1006.699,1117.2963,943.64778,1013.544,289.75388,266.9197,333.19167,332.63486,285.70494,260.22082,1235.588,302.47427,844.09756,1123.1658,980.13179,322.56683,283.55367,1004.6094,962.21014,915.23447,289.47668,940.90343,328.8373,977.25144,938.6529,1215.3895,258.10547,1028.707,975.01558,917.73652,286.49886,913.01401,949.45112,340.3558,422.38625,463.67103,320.74745,331.27158,547.44526,262.41584,297.75,416.80338,299.90219,302.19858,302.75246,402.23725,426.40672,769.34037,420.72442,301.86083,257.63363,296.02138,250.90307,733.8847,572.547,772.7274,248.82366,300.39001,787.05924,255.55426,634.78439,809.04595,410.54831,427.98122,707.55874,285.77745,408.03409,275.39535,282.22727,267.34455,305.31774,287.28021,417.87289,761.29533,637.9531,707.33601,773.65829,294.26316,420.91802,441.84107,776.79363,411.60526,419.44297,396.14466,403.97677,662.45474,298.9969,417.9436,297.11224,744.21983,795.1642,420.01134,692.81335,412.68405,418.65961,284.09449,406.83053
332.18259,1316.504,275.12514,949.87607,275.984,269.65753,255.8472,279.55237,932.09373,271.8611,331.69716,1153.4881,921.78673,925.53346,912.76945,319.34232,257.48816,1072.4623,326.42308,274.22538,261.26897,965.47861,267.20914,294.294,288.81412,1132.3033,275.64474,940.86842,281.76164,924.01893,919.86239,1224.4136,947.0779,282.74296,984.73148,943.63363,256.20325,915.27359,1049.124,1162.2088,966.80249,1051.9218,289.42485,267.03274,333.18314,333.18691,285.6487,259.09702,1261.5108,302.51563,858.33494,1155.7165,1006.6986,322.46343,283.25719,1046.5258,988.58144,904.08866,289.44352,933.49295,328.9316,1010.4558,933.6735,1243.6419,258.06017,1067.6068,1012.0754,933.34504,287.35055,917.65759,977.7539,362.68266,427.49257,475.86102,339.40252,350.92576,577.93102,270.10788,303.96302,415.84026,299.81361,302.05012,302.75974,408.11012,424.21852,782.04533,418.63396,301.55932,259.67647,297.24024,251.97952,755.34505,601.46346,787.6626,248.75349,310.87204,799.51474,260.31417,670.6335,819.59469,412.04054,430.44155,727.4522,285.81912,409.0669,283.12089,284.24648,270.78659,305.27489,289.0493,419.54066,770.79047,669.37751,732.81085,782.49067,294.95095,421.63927,457.80451,789.21984,408.86737,417.30575,397.88588,407.52602,696.18962,299.18098,416.71608,298.52855,756.75727,804.92235,418.9545,714.4677,412.10416,416.48886,289.7574,411.61629
332.27873,1335.7502,275.36761,954.46095,276.30067,269.9288,255.97718,279.59788,938.1733,272.09022,331.80666,1182.3182,918.65582,926.2427,912.08268,319.44747,257.2931,1112.2521,326.52627,272.68505,261.67489,992.98571,267.28641,294.2827,288.77342,1165.8749,275.80702,943.33598,282.00548,941.58886,915.94726,1247.4602,939.29339,282.77816,1016.5875,947.93559,256.25593,933.17506,1093.3175,1201.2711,996.45646,1090.7755,288.74722,267.11029,333.08727,334.44693,285.55431,258.25314,1283.6187,302.78977,878.08247,1185.3483,1040.183,322.56329,282.74876,1087.0547,1021.3807,890.75652,289.50258,923.15879,328.64266,1049.5516,927.97276,1269.0065,258.07998,1105.5187,1051.9845,943.86279,287.23544,918.19609,1013.7208,386.17328,431.10244,483.14325,361.47529,371.60882,608.63825,278.353,309.12712,414.14502,299.60581,302.47486,302.76586,411.26761,420.73589,793.91081,416.32048,306.08757,263.67614,301.55298,251.57344,773.21095,630.70171,799.9433,247.67946,323.90051,811.1472,267.9172,703.54298,829.32911,413.93958,432.75563,744.30426,286.06676,410.19246,288.18307,285.63506,275.77228,305.30753,293.29442,419.62232,780.06487,698.95007,754.97179,790.96655,294.5102,422.36156,471.13483,799.49728,408.10073,414.2451,398.09863,409.38215,727.36864,299.27463,413.71426,305.07454,767.86192,814.40013,417.51403,733.21496,412.30031,415.15079,293.43371,413.91765
332.42046,1351.7064,275.49148,953.2775,276.44745,270.01273,255.87181,279.52545,939.28587,272.14922,331.63285,1208.9461,914.71873,923.47549,908.96728,319.75039,257.12427,1147.3638,326.49472,272.77603,261.45375,1026.5307,267.31803,294.38826,288.81913,1196.1708,276.51893,942.16657,282.31393,953.18587,908.66602,1269.0499,931.05851,282.94256,1050.5477,946.11505,256.31888,946.39312,1134.9172,1235.3563,1029.9978,1126.8629,288.13474,267.12111,333.29908,334.71154,285.5989,258.16349,1303.7996,302.67917,899.04276,1213.8624,1078.9715,322.22976,282.25216,1124.5973,1058.8274,878.82276,289.60597,912.29444,329.04394,1091.457,921.47706,1292.3398,258.11195,1139.4178,1091.9313,949.7817,285.37357,914.93465,1053.3831,409.38242,432.96471,487.10012,387.37662,393.96997,640.3005,282.88727,317.53798,411.74373,299.34342,306.04862,302.78633,411.54175,417.48266,805.61359,414.36301,314.1563,269.6091,310.71429,252.12654,788.40813,658.77839,810.80918,248.54525,341.74672,822.09599,276.00986,734.71746,837.97142,414.6643,433.8722,758.66465,285.93443,410.85957,291.04119,285.42264,282.00994,305.28235,301.92746,417.05119,789.21787,725.37648,774.73465,799.45972,298.39904,422.25837,481.11384,808.55904,409.45502,411.86942,398.17439,411.88398,755.50554,298.84946,411.09868,315.28646,777.79592,823.50425,415.08087,749.38812,412.80267,415.63651,294.48918,413.86362
332.4881,1366.155,276.15995,947.91062,276.44362,270.21292,256.1,279.56959,937.01628,272.15924,331.59982,1233.1783,910.31237,918.56276,908.97558,319.50867,257.08834,1177.8983,326.5394,273.00276,261.75728,1064.0727,267.44968,294.32452,288.49533,1224.6466,278.66438,939.50953,282.63666,959.36148,908.66602,1288.3766,923.24282,282.69042,1084.6151,941.02918,256.44777,954.55412,1171.0871,1264.0268,1065.9514,1158.763,286.90765,267.60051,333.14536,335.05141,285.63273,258.50578,1325.5509,302.89721,917.99946,1240.7776,1118.9181,322.3916,282.09568,1156.495,1096.4251,871.46645,289.65341,902.65188,328.82331,1133.137,915.07989,1315.3455,258.1422,1167.989,1129.2775,951.9937,283.76026,914.93714,1094.0155,430.39706,433.47819,489.24213,411.55556,417.14947,671.47212,284.57978,329.81301,409.24162,299.41693,314.91713,302.8714,410.82962,416.9495,816.48022,413.91334,325.14334,275.80069,324.86255,253.28125,800.92431,685.54031,820.08761,248.20842,362.75317,831.52251,284.48014,761.26403,845.45449,414.42029,434.07247,771.26346,287.63306,412.10113,291.97868,285.81624,288.20328,305.36177,315.57208,412.82841,797.52595,748.83511,792.0873,807.7564,307.34155,421.77245,487.54524,816.61681,411.37014,413.18676,397.38188,415.09547,779.08682,299.02568,410.88563,327.15537,787.56059,832.59984,412.29408,763.38154,413.12781,417.66448,293.90282,412.25518
332.52397,1377.6733,278.77728,940.75477,276.33414,270.39365,256.15394,279.27644,932.47855,272.28548,331.64882,1255.771,903.57013,913.68198,898.83286,319.69367,257.15719,1204.96,326.68851,275.05972,261.91352,1100.5875,267.30016,294.50572,288.55605,1250.7148,282.2179,936.97311,282.93643,960.07221,909.72559,1307.2161,916.58048,282.62493,1116.6803,935.84521,256.48891,957.33241,1202.7726,1288.8316,1101.5357,1187.8124,284.57062,270.21891,333.13061,335.24821,285.89676,259.75664,1343.3911,302.93278,932.06354,1265.9578,1157.0195,322.2799,281.87283,1183.335,1130.5803,872.08163,289.71665,894.08866,328.76822,1171.6831,911.45018,1337.6249,258.23174,1192.5577,1163.9282,950.84323,282.66273,910.22267,1132.5961,449.73967,432.14532,490.49744,429.1,435.54035,701.41614,284.26976,350.01754,406.59483,299.18973,330.67925,302.78444,409.35316,416.3586,826.62851,414.36519,339.80952,283.1563,343.1457,254.30477,811.24091,709.32458,828.81081,248.61647,383.41654,839.38922,290.2396,784.27139,852.19134,414.14675,434.11826,782.74845,292.15238,415.11468,292.33333,287.66306,292.10913,305.28098,332.75033,406.9038,805.49151,769.33625,807.09691,815.21429,319.6968,420.50378,491.22584,824.81178,412.38626,415.04718,395.75466,415.96608,799.18277,299.27858,410.73055,344.36709,796.86976,841.15181,409.63443,775.89503,412.50056,418.02281,292.26354,410.90904
332.57216,1386.4868,283.31432,933.35148,276.70678,270.7382,256.31585,278.68658,925.43025,272.3102,331.36504,1276.828,903.55924,909.40083,899.84018,319.44075,256.98441,1229.7084,326.7556,278.18137,261.82825,1133.8958,267.26714,294.90632,288.2148,1274.2661,287.23094,934.56584,283.08636,955.89467,914.89537,1324.7574,912.57472,282.60391,1145.5072,931.58077,257.0608,955.60977,1230.5615,1310.8895,1133.7807,1215.0029,282.3956,272.98651,333.11043,335.53785,285.85284,260.45749,1358.6818,303.05193,939.80242,1290.3063,1190.1466,322.17459,281.53731,1206.2148,1160.2361,880.68211,289.73284,890.66359,328.74385,1207.2183,908.5724,1355.6848,258.22099,1214.5744,1195.1958,947.08281,283.10537,905.5366,1167.8237,463.86438,429.51596,491.37266,451.43902,453.5625,728.09016,282.92279,371.6,403.85002,299.17053,353.52142,302.62987,408.46533,412.95889,835.78946,413.1443,368.92742,288.46169,365.31395,254.32535,820.07014,730.74524,836.34402,249.00214,405.6793,846.7171,291.77358,804.04584,858.6031,413.22357,434.22716,794.07886,301.27816,419.89896,292.39717,290.60208,294.24078,305.24707,355.54474,401.7204,813.11703,787.20214,820.18797,822.00892,332.30528,419.53574,492.84181,832.57267,412.75301,417.01661,394.78891,413.00295,815.74536,300.23028,409.29591,368.73267,806.09904,848.67996,407.60808,788.09688,411.31015,415.35569,290.78976,410.72916
332.66359,1391.1863,288.06592,927.17369,276.77798,271.03365,256.41436,278.35702,917.61949,272.36182,331.48915,1299.2267,903.53459,909.89545,899.83256,319.44544,257.25541,1254.1459,326.73029,281.81664,261.94995,1161.7194,267.22486,294.8797,288.21338,1295.7308,289.59447,932.78546,283.37969,948.12188,920.45744,1339.9604,909.95589,283.14327,1172.3261,927.77506,257.16765,951.54739,1255.1345,1330.6214,1163.6657,1238.8992,279.36982,276.49307,333.01301,335.98962,286.15034,261.76618,1371.3639,303.02879,941.57792,1314.3753,1218.5255,322.05441,281.33833,1226.559,1185.4488,894.05993,289.64017,889.11092,328.70872,1238.8455,906.89813,1371.1713,258.38165,1235.052,1223.8559,941.43203,284.99235,905.5366,1199.5674,473.20846,425.71451,492.02045,465.46939,465.43596,752.44943,283.37192,396.15517,401.05572,299.33642,377.28893,303.25027,409.33487,407.01089,844.87591,410.6121,391.28947,291.42731,389.42217,255.20784,828.28449,750.58959,843.45772,249.36019,424.55479,853.15989,292.50275,819.97517,864.49249,411.1033,433.37706,805.17121,317.6784,425.94837,293.06054,292.94417,294.57411,305.48374,380.53559,399.75254,820.43297,801.78801,832.14724,828.43841,358.625,419.07078,493.16484,839.91659,412.49541,415.97459,395.06563,407.75569,829.21359,303.50159,406.16136,389.98387,814.18266,855.34957,405.50932,799.53106,412.26865,411.30544,291.36749,410.54829
332.7566,1391.0487,289.91778,923.05262,276.73223,271.51589,256.54433,278.0151,911.65237,272.4436,331.4422,1319.3185,904.68252,913.87781,911.42087,319.26252,257.59941,1276.724,326.55148,285.1191,261.73596,1185.351,267.43917,294.7931,288.04585,1317.5531,294.61414,933.36148,283.4561,939.20243,920.45744,1354.3293,907.70472,284.91132,1197.499,923.16024,257.33836,945.80949,1276.9426,1347.4745,1191.0089,1261.8007,276.80898,278.34117,332.85085,336.15,286.5111,264.35771,1381.6958,303.22604,937.89313,1334.7091,1242.468,322.0749,281.04548,1244.634,1208.4594,907.19598,289.48183,889.64148,328.71013,1267.3514,907.96623,1382.5863,258.68379,1255.0885,1249.6589,934.37864,288.63484,906.72633,1228.9224,480.78026,421.2506,492.30875,477.22532,473.93701,773.27137,285.99156,418.30208,400.08803,300.01965,402.77598,306.10611,412.51758,402.42072,853.18804,408.64264,414.66667,294.58469,412.26131,255.86775,835.24736,768.23651,850.17523,249.35088,442.26184,859.26081,293.35818,833.71611,869.60631,406.41645,429.95996,815.33155,336.21728,432.59133,293.73589,294.13548,294.96239,307.22668,406.14352,399.24097,827.38423,814.58474,842.34283,834.57091,383.7381,418.3721,493.19901,847.20982,412.75919,412.4902,396.5881,402.73338,839.9491,310.11424,405.81614,413.40816,821.36953,861.6311,403.58625,810.38472,413.77526,407.39192,292.2529,409.50876
332.91392,1390.7736,292.34679,922.79746,276.96192,272.05793,256.93302,277.20826,909.13154,272.55819,331.22071,1335.9955,907.83938,920.82908,912.88336,319.25373,258.72637,1298.3052,326.66398,286.39934,261.93854,1206.7065,267.7326,294.90511,288.15478,1336.2891,292.57022,937.73867,283.72066,930.11074,921.64848,1367.7655,906.94543,287.79469,1220.301,921.61885,259.28629,937.39907,1298.7967,1360.7007,1217.4043,1285.3841,275.44833,279.07438,333.27812,336.23616,286.51277,265.65589,1388.3162,303.35809,931.43551,1351.6367,1262.5746,322.06843,281.02929,1262.374,1230.6291,914.05662,289.36891,892.11944,328.45513,1291.7858,911.2839,1391.6265,259.76547,1275.4229,1274.6731,927.15339,292.91667,914.08364,1255.7533,485.04374,416.79635,492.50982,484.78809,479.83079,790.53455,287.92443,436.86139,401.12707,302.15854,426.85825,312.50213,415.06701,401.5485,860.95799,408.48597,436.07527,295.1318,433.24123,256.0137,841.28013,784.15667,856.71757,249.91522,456.65572,864.56936,292.70284,844.79867,873.42833,403.85619,424.53451,824.94942,359.8494,445.11993,294.89806,294.99739,294.89474,310.50898,430.75671,399.55147,834.54877,826.77322,851.02092,840.88778,403.83333,417.61413,492.59885,853.5798,412.71818,409.10919,397.20655,398.44272,848.79781,320.03648,406.73877,432.33929,827.93623,867.32735,403.32167,821.18358,416.1755,404.98717,294.79945,409.53951
332.78697,1390.5168,291.94556,925.31852,276.87622,272.2084,257.97283,276.53934,911.43457,272.88022,331.15653,1350.3682,911.69327,929.06031,912.89338,319.00757,259.0523,1320.0251,326.62976,287.502,261.89054,1224.9951,268.37335,294.80106,288.20712,1352.3232,291.20571,942.27676,283.85157,924.52452,921.01208,1379.8832,909.29981,290.72616,1242.194,924.92507,262.02438,931.52507,1320.697,1373.21,1242.0104,1307.89,276.91298,279.84675,333.06014,336.39078,286.87506,265.19943,1392.48,303.44784,924.99219,1365.796,1280.24,322.1841,280.84805,1281.4116,1251.9715,916.84878,289.54048,894.61171,328.56762,1315.8732,914.44115,1397.9343,262.19722,1296.5338,1299.2875,924.29203,296.44224,917.35662,1281.014,488.64309,413.0402,492.13293,490.40746,482.96053,805.41861,289.22324,453.48958,401.61997,307.96643,446.88283,323.45813,414.3964,404.24141,867.57634,410.55619,454.13369,296.90761,450.4641,256.26477,846.47617,798.08272,863.07017,251.16846,466.21471,868.46674,292.66612,853.99655,876.13365,403.95096,418.83913,834.94986,385.88987,462.04362,295.93059,296.1482,296.20646,316.64444,451.61939,400.24374,841.34766,837.41165,858.29698,847.84216,428.33333,418.52147,491.37811,859.10194,412.115,408.19923,396.82606,397.6042,855.99306,336.57921,406.0009,450.6747,833.96716,872.0453,403.28511,831.48699,421.79138,404.36804,298.23729,411.43471
332.835,1390.6587,288.19869,934.16274,276.9888,272.56833,260.53372,276.08899,918.92788,273.28824,331.36055,1361.9898,913.23191,934.51887,916.89468,319.04312,258.88747,1337.4713,326.6628,289.79732,261.7984,1244.3474,269.77666,294.8847,288.23353,1365.6765,289.64937,944.18951,284.11619,923.59701,920.44808,1389.1137,910.45366,292.68273,1263.101,931.70046,266.00839,931.22473,1339.2367,1383.0907,1266.3364,1328.8224,279.88455,278.86128,333.01316,336.66967,287.17951,264.97296,1393.647,303.44396,920.05424,1377.5132,1299.099,321.98871,281.05096,1300.2704,1273.3432,916.20738,289.28541,895.67659,328.36372,1338.3892,914.80263,1401.4903,266.62237,1316.7237,1323.1704,924.81786,300.21398,917.28905,1304.3885,491.61514,410.70868,492.59881,492.57123,485.72892,817.42157,291.64117,464.29412,402.28316,315.87863,461.7916,340.16058,410.49339,407.31146,872.59377,415.99352,468.82524,298.16519,463.29583,256.39706,851.32264,810.66714,869.16914,251.3824,473.22041,871.76712,293.35294,862.05669,877.78372,405.15727,412.41913,844.27219,410.30366,485.07255,296.68353,299.52716,297.16275,325.83371,467.14343,402.58571,847.70249,846.9825,864.86494,853.87164,452.61538,418.21084,491.04424,863.58013,412.23866,407.25808,400.37283,399.39556,861.55385,357.67262,405.31736,465.42683,839.33014,875.38477,402.88551,840.50793,429.26613,403.49613,299.84663,411.13318
332.91304,1390.1753,286.22301,941.35108,276.85936,273.92406,263.65182,275.70608,927.61517,274.09051,331.11305,1370.7268,915.89884,935.50371,918.97164,318.99925,258.00216,1352.4931,326.71622,292.54084,261.89051,1263.2515,272.0439,294.65933,288.17124,1375.6083,291.41636,945.03424,284.44097,925.84226,920.6644,1396.8983,911.95302,293.15142,1285.5773,936.49983,269.70472,935.56377,1355.7655,1391.9362,1289.8377,1347.7769,283.70106,278.2861,333.19339,336.64122,287.80652,265.43137,1393.6685,303.48355,917.60377,1387.3735,1317.1779,322.0,281.79121,1318.2223,1294.5838,912.77351,289.14479,894.82293,328.16941,1356.6392,917.51231,1402.1401,270.5083,1334.7162,1343.4482,929.00052,303.93827,918.08054,1326.2135,492.05686,407.17115,492.95758,494.79548,486.06087,827.79896,294.16891,475.98148,401.38903,327.2101,471.48015,361.76014,406.80538,410.11205,875.73339,424.11421,472.70796,298.96707,471.89807,255.55928,855.6915,821.65672,873.57599,253.21955,480.02614,873.71971,293.78793,868.59601,878.29962,406.07366,404.61004,852.17663,433.58108,512.61643,297.12517,305.71145,297.30577,340.12324,477.51747,409.00687,852.77679,855.61689,869.7787,859.07002,466.0,415.91241,491.12614,866.53174,412.64107,406.23286,404.51713,402.57478,866.51957,379.08187,407.17868,472.96923,844.34288,877.9291,402.56137,848.34811,439.15058,402.21265,300.9338,409.35011
332.91709,1390.2453,285.51647,942.24038,277.43446,276.85611,266.14046,275.38983,932.79026,275.64469,331.19238,1376.1621,915.88869,931.71986,921.86304,319.02713,255.38015,1364.7267,326.59176,296.46336,263.81614,1284.604,273.9604,295.1268,288.22871,1382.9318,292.65017,944.93486,284.94558,929.03992,923.73734,1402.4973,913.88956,293.5054,1307.1861,940.65063,272.58308,937.2906,1368.4506,1397.8704,1314.0255,1364.635,287.94277,278.91922,332.95692,336.56966,289.21202,267.78963,1394.017,303.67015,916.65141,1394.0257,1332.1462,321.92314,284.37494,1335.9267,1317.9098,908.31612,288.60252,895.39852,328.21958,1372.2478,921.94364,1402.4509,272.72238,1351.1827,1361.026,934.8634,308.44758,918.08054,1345.5378,493.00834,404.19039,493.32567,494.83187,487.35187,836.79483,296.23126,477.66071,400.24694,342.96301,478.47841,384.52505,402.37429,414.64406,877.64643,439.77513,477.96124,299.01043,477.11678,258.12975,859.93401,831.99513,876.48886,257.16477,484.23102,874.68122,293.77083,874.62902,878.60549,406.35553,400.42475,858.89856,454.67157,543.75066,299.40969,318.4414,298.01358,359.00147,485.79198,419.87369,856.76606,862.71825,874.33492,863.15331,473.18848,412.02008,491.24431,868.38486,414.6543,407.37211,410.30147,407.89918,871.015,401.8612,408.60984,478.46774,848.7399,879.48378,403.88979,855.44925,453.65942,401.74869,303.37882,408.50928
332.9211,1390.2946,286.72144,938.40331,278.87749,282.05782,266.98091,274.82686,931.29022,278.67576,330.88514,1380.5139,917.30576,929.503,928.15818,318.97054,252.15059,1373.8613,326.69678,302.30748,266.24062,1307.1916,273.98466,295.2086,288.19494,1386.068,294.50222,942.56817,284.98879,929.45208,923.72469,1403.2815,915.20846,292.75862,1327.1123,942.04209,274.01275,937.29753,1377.1654,1402.7607,1334.5247,1378.1583,289.73065,281.19659,332.92371,336.68204,292.02508,271.0087,1394.654,303.71577,919.71668,1399.1107,1346.5253,321.75499,291.07018,1352.6714,1338.7366,905.59701,288.44632,898.93843,328.18807,1383.2128,923.84262,1402.7847,273.49037,1364.6807,1373.6807,936.765,315.31135,918.59406,1362.5496,492.9652,400.13912,493.13374,495.59932,486.87201,843.76291,297.34615,478.92308,400.257,364.15298,481.65951,408.63122,399.26268,421.57396,879.02457,460.86674,478.97297,299.59712,480.83526,262.02661,864.12695,841.96396,878.52919,264.62009,488.02825,875.54987,293.72464,879.16714,878.54183,409.13981,400.09254,865.20471,469.27492,578.75965,303.48673,335.41765,298.83521,379.60781,490.29915,434.75738,859.96048,869.36733,878.75311,866.47088,479.67416,407.11869,491.16029,869.68122,419.67619,412.32978,417.83955,414.27754,875.08741,425.24675,409.80363,487.57303,852.36509,880.13439,404.13099,861.9436,472.085,403.33343,311.63291,408.66794
332.82206,1390.2948,289.82804,937.9048,282.00748,286.45812,267.85197,274.73615,926.88481,282.9614,331.14967,1382.6305,918.47845,934.52083,937.97023,319.12519,250.15048,1380.1708,326.73871,310.36075,269.44192,1328.2738,274.06985,295.53094,288.3371,1385.825,297.31844,941.45399,285.28923,927.06518,929.7779,1403.7456,914.89545,291.48559,1345.3229,938.55692,272.80393,936.41723,1381.7692,1404.104,1352.616,1388.4619,291.79738,283.47318,332.56231,336.77181,297.2457,274.77697,1395.5963,303.66427,926.43049,1398.9488,1360.761,321.81774,301.7109,1367.4764,1357.7315,903.28359,288.46225,905.06532,328.13235,1390.1654,924.06018,1403.2644,273.45089,1374.4483,1382.4671,934.13545,325.65712,921.3523,1376.594,493.30496,397.04298,493.27311,495.8458,488.05496,850.1761,299.44898,480.73913,400.34666,385.03041,483.06186,429.88,398.92392,435.72405,879.71927,485.98256,486.93421,300.67837,482.75,270.06513,867.33265,850.90687,879.58876,273.87042,488.61921,876.31368,294.12939,882.68863,878.21423,412.9467,401.93419,870.11672,478.66893,614.60077,308.95768,353.62577,299.85417,400.23654,491.46534,454.05241,861.79859,874.77548,882.52287,869.02958,482.43333,403.8727,490.82762,870.29012,429.76716,420.71538,430.42357,424.72821,879.17345,444.54545,410.30208,487.76563,855.33697,880.18082,403.04569,867.76352,494.61509,406.06214,325.10138,410.09322
332.95781,1389.3794,291.45794,941.66036,286.69179,288.46743,266.75747,275.32771,927.65013,284.84264,331.07441,1382.0256,922.64999,944.61366,937.96964,319.08739,249.52673,1383.1992,326.68577,322.11524,272.03046,1347.537,272.80833,295.8988,288.32935,1385.7692,300.01596,942.4218,285.51218,925.51061,938.77394,1403.3718,917.87698,292.73678,1361.7257,936.18248,271.83438,935.06928,1382.3578,1404.268,1367.4186,1395.1691,295.42382,284.9796,332.63858,336.71358,306.17607,279.43104,1396.9623,303.79945,927.77797,1398.3151,1373.3312,321.86776,313.3051,1379.0989,1375.4275,902.72652,289.74312,916.79967,328.13071,1393.3634,926.34039,1403.3915,272.3838,1381.1722,1389.8182,932.5957,338.29295,931.41897,1387.0262,493.66667,397.01745,493.03651,496.24429,488.47017,856.40366,302.72326,486.52113,400.44291,405.90595,484.55025,448.86449,401.98188,458.14456,879.87391,515.43397,482.61765,301.84672,485.72755,278.20448,870.19941,859.01032,880.49893,284.2895,490.40223,876.8815,294.91274,885.36856,878.12231,418.12362,403.16434,873.81515,486.15501,650.05242,320.4435,372.33256,300.42886,421.69318,491.43796,479.67091,863.31846,879.63829,885.49772,871.32326,487.69014,402.6615,491.19151,870.41732,429.74456,434.64438,451.9043,442.14333,883.43137,461.86721,413.09118,493.9,858.12042,880.06405,401.22921,872.29873,521.86351,415.12156,341.88571,410.25038
333.05494,1386.0204,293.61401,948.03281,290.1622,289.27485,264.75476,278.81296,933.79397,284.93442,331.04403,1382.4133,930.39871,955.92695,883.60686,319.30238,251.32382,1383.5857,326.84131,340.36735,273.00357,1365.538,271.36774,296.24917,289.10466,1384.8621,303.14789,943.71899,285.75013,927.90243,952.10076,1402.5595,923.45133,294.55713,1375.073,935.93106,270.87556,935.03168,1381.275,1404.9899,1379.4838,1397.3068,300.61495,285.66194,332.36831,336.60248,315.33641,282.33531,1397.539,303.81083,925.33201,1398.141,1385.2287,321.89557,323.57007,1386.8708,1391.7518,904.86122,295.9562,935.09314,327.87613,1392.2912,930.45002,1403.5909,271.42916,1383.7597,1392.0569,934.93477,357.12808,931.41932,1394.7475,493.83734,400.07243,493.14154,498.17014,489.24571,862.41311,305.50189,489.14865,400.58248,425.90755,484.64729,464.46468,404.39732,475.56241,879.76743,552.9475,493.17857,301.90053,485.02104,285.49352,872.00483,865.87667,880.96759,290.56492,491.38772,877.48665,295.98946,887.00287,877.8815,424.41097,403.22098,876.55332,489.72024,682.06307,335.3535,390.46617,300.53614,439.80496,491.32972,511.41211,864.18866,883.08939,887.53252,872.34021,491.22785,403.40061,492.31715,870.5154,463.41516,458.25678,482.04183,465.17678,887.26883,473.44472,417.48089,499.16129,859.95862,879.68327,400.3206,875.46992,552.931,426.1488,358.58654,409.95584
333.00935,1379.3134,297.88655,956.68265,290.8211,289.19549,264.14019,285.45283,942.54668,283.09109,330.93137,1382.6653,941.49334,973.15626,882.40655,319.28399,253.60256,1382.5858,326.79628,364.6039,272.60574,1379.2214,269.76435,297.69405,291.319,1385.2864,307.50665,944.80321,285.88723,932.48069,973.77897,1402.4073,930.54287,295.54649,1384.0001,935.58509,271.55161,935.71715,1380.3736,1405.2229,1389.6373,1396.5994,309.79041,285.90561,332.52462,336.50448,326.87908,283.87205,1396.7801,303.85589,924.66961,1397.8862,1394.2385,321.6846,337.20149,1389.6229,1404.3498,907.11497,307.54402,960.7133,327.79061,1391.3954,937.83248,1404.099,272.39979,1383.9801,1390.283,937.83855,380.10854,941.16272,1399.9209,493.96975,403.62899,492.9471,498.23969,489.92841,868.06877,311.44146,491.72973,399.73424,443.30037,484.49763,473.45514,405.29278,477.35654,879.58876,593.22268,495.55556,301.76255,486.3024,290.35411,873.27254,871.27934,881.39487,294.38356,491.35464,878.03249,296.54973,888.29181,878.20143,437.17252,400.41353,878.52646,490.06878,710.15571,350.52612,405.61144,301.24486,456.36771,491.08047,548.97109,864.44174,885.51028,889.27913,872.81727,495.36842,405.67284,491.68233,870.44601,487.09635,487.64783,519.79602,490.93397,890.37645,481.06215,423.89818,499.76471,860.94888,879.20184,400.57821,877.29532,587.41898,443.39187,378.97458,411.00089
333.05798,1366.9972,303.65979,969.40945,291.27074,288.09495,263.74518,296.3335,955.39691,281.53875,331.033,1383.3897,957.80239,901.82279,880.36058,319.4186,255.83519,1382.2624,326.81031,388.09329,271.70323,1390.6055,269.52665,300.5565,294.64063,1385.2804,313.87926,946.15819,285.94415,942.3669,880.86928,1402.2271,940.01742,296.64404,1388.7537,938.36287,273.39645,935.71715,1379.4834,1405.1696,1395.3353,1396.0148,322.08114,287.30608,332.47453,336.3371,335.696,285.92944,1394.996,304.07044,925.26773,1397.9642,1402.7533,321.6119,337.20149,1388.0007,1413.6728,909.15267,331.70414,994.27367,327.77544,1390.4956,951.10538,1404.0838,273.15175,1382.6985,1390.117,943.6188,403.73021,981.12685,1402.6327,494.15342,404.68171,493.11831,497.95977,490.75566,872.73787,319.32353,491.85106,400.12351,458.79365,484.63263,481.77366,405.58729,473.87646,879.16717,635.53566,489.98462,301.77247,486.46142,293.12536,874.70938,875.63171,881.65926,297.1315,491.91546,878.3961,297.37638,889.42321,878.47249,459.19738,397.78012,879.60992,489.99249,736.52626,369.45326,420.00268,301.69977,470.46082,491.49908,588.0753,864.48176,887.26128,890.14543,873.20817,495.5303,408.92753,492.26489,870.55418,515.31682,525.76656,562.15887,522.12892,893.23833,484.39291,430.3905,487.54545,861.38599,878.97486,400.41221,878.56598,623.13241,465.85284,397.23313,415.10707
333.65132,1348.7767,320.98077,891.57775,291.16377,286.72761,264.89231,307.91646,975.2944,279.23479,331.03055,1384.0243,884.7811,899.58751,877.96513,319.6378,257.68865,1381.3483,326.80018,406.64198,271.06047,1396.9092,269.99496,306.78226,302.91967,1386.152,323.98621,950.1819,286.18373,959.72382,1082.4354,1402.038,953.85268,297.08327,1389.9122,937.92913,276.70636,938.38083,1379.1998,1404.7532,1397.2159,1396.0958,337.52834,291.04562,332.429,336.16813,335.696,288.98093,1389.5801,304.11105,926.2402,1398.1711,1406.8971,321.65177,377.4,1387.0529,1417.7696,910.81269,355.02476,1030.3934,327.97278,1389.9573,975.70227,1403.1735,275.85266,1382.1936,1389.9586,952.38855,426.93373,981.12685,1401.9489,494.51625,404.35622,492.909,499.03567,491.05771,877.08972,331.71841,491.83871,402.49106,471.06149,485.11208,485.63972,405.52756,463.68067,879.1741,677.5483,492.49057,301.95378,486.4029,293.63176,875.69102,879.25229,882.0326,297.21439,491.78091,878.84546,297.78895,890.02385,878.85508,487.3419,397.30818,880.2265,488.80488,760.07087,387.3,432.14739,303.47849,481.46574,491.24639,628.63045,864.63264,888.51784,890.57329,873.24049,492.81538,415.42831,492.74177,870.80613,549.11955,566.4413,602.64006,558.3123,895.02755,488.38611,441.45987,487.66667,861.84345,878.86618,399.43003,879.36213,657.61969,493.13796,414.15776,420.8858
336.69982,1326.1171,335.68722,889.84153,289.68263,286.0318,266.09245,316.92715,1002.9143,278.58581,330.94681,1384.3051,884.70482,897.32022,878.72559,319.73308,258.23955,1381.157,326.82171,426.7018,270.0691,1398.284,271.99255,316.95437,311.78197,1387.0873,333.76383,956.93802,286.35957,893.262,1117.0701,1400.6831,976.01834,298.44856,1389.3702,937.21742,280.24297,945.40403,1379.7457,1405.2166,1396.6412,1396.1781,359.90068,298.57674,332.49598,335.71302,335.696,295.20321,1379.536,303.97403,928.19327,1398.2915,1407.3542,321.49916,409.22985,1385.833,1417.7054,910.68879,383.1648,1065.3149,327.80421,1389.6133,1003.6727,1401.4874,278.17358,1381.8456,1389.7611,965.4038,451.42004,893.081,1400.9722,494.75392,407.75491,492.94835,499.19365,490.78474,880.49787,346.03101,483.71429,407.25076,479.99466,486.05156,488.87991,404.92418,453.31127,878.9586,714.68255,491.46377,303.27184,487.31629,292.71091,876.46178,882.2522,882.38512,295.9059,493.4587,879.2093,300.16962,890.27491,879.20096,522.28578,397.29915,880.43696,488.16104,781.96328,400.96185,443.28033,309.07823,488.24277,490.8344,667.57985,864.65016,889.34449,890.68076,873.18059,487.37736,424.65299,492.40381,870.99233,586.68806,606.49195,639.89041,595.64477,896.32279,488.51659,460.23354,503.35484,862.21329,879.01659,399.08082,879.83646,688.41491,525.94141,429.84252,429.49525
344.0455,1300.2805,355.37134,887.00181,289.13463,287.13443,266.85671,331.25763,891.56029,279.87221,331.03975,1384.2037,882.67387,895.47853,1121.5778,319.6173,259.25468,1381.7508,327.06135,444.79006,269.19433,1398.0582,273.79098,336.75353,319.80372,1387.3426,349.08767,969.17819,286.6414,890.20869,1117.0422,1398.0426,1002.4958,302.16847,1388.2817,938.26166,283.3423,900.73727,1379.7716,1405.3752,1396.3821,1396.6296,380.2045,310.9189,332.47337,335.50518,397.54348,306.00972,1363.5741,304.01439,934.02328,1397.8585,1407.7946,321.40534,426.32239,1385.0546,1417.5354,911.33568,408.52236,1096.3921,327.6469,1389.6305,1037.7758,1396.2418,280.63908,1381.7694,1389.7151,893.18954,476.30282,1083.7555,1400.7098,494.35787,414.86762,493.18238,499.43833,490.48886,882.96106,363.4326,482.0283,415.40308,486.23877,487.09438,488.59076,401.48969,445.94454,879.03655,747.40894,485.87719,308.30075,487.13694,291.47985,877.18087,884.24564,882.73114,295.61296,493.18615,879.41797,305.27626,890.38691,879.26681,563.71518,397.35215,880.40729,487.58793,800.08138,414.78754,452.06791,320.43448,492.72991,490.63293,700.78495,864.75634,889.59808,890.90724,873.24865,482.61176,436.12255,492.77085,871.24567,624.16412,644.89983,670.05826,634.94715,896.93481,488.54796,487.8278,488.39506,862.66388,879.32625,399.49941,880.25251,715.74535,562.92897,444.67829,441.9711
355.85714,1273.3115,376.49161,884.86246,289.64428,289.35638,267.55735,331.25763,889.6706,282.8807,331.03591,1383.5073,881.22379,895.60149,1177.9927,319.6127,260.57479,1382.0902,327.01664,463.16598,269.97059,1398.0243,274.57858,357.33131,331.43672,1387.0761,367.64682,884.15008,286.58324,886.39332,1181.7527,1391.7871,1034.4403,309.82658,1387.5146,940.30892,287.67468,897.98315,1379.7234,1404.9769,1395.5812,1397.5487,398.49682,326.17614,332.40533,335.56082,422.36007,321.92816,1341.2042,303.97072,882.47779,1397.2539,1407.6554,321.30333,435.95588,1385.1024,1417.3478,913.44156,428.9,1126.1611,327.74842,1389.6149,1071.9032,1384.5708,284.28013,1381.6336,1389.813,891.38012,499.81737,1113.647,1399.8522,494.59116,424.31072,493.20545,499.66122,490.30989,884.92383,383.91029,482.88136,427.66814,489.79078,486.8951,488.35922,396.12471,436.90843,879.1969,775.54981,479.28244,320.5,486.45343,291.7945,877.62228,885.7902,882.73357,294.77273,492.55672,879.69162,315.70667,890.42634,879.34861,604.23772,398.16913,880.18577,487.6096,815.38797,426.07169,459.25575,333.96429,495.71578,490.6939,730.16568,864.56747,890.00933,890.73976,873.13254,486.42553,453.80104,492.80206,871.37199,662.15766,679.55042,696.34457,673.55307,897.64562,487.26309,522.00904,481.09677,862.79482,879.55442,400.36931,880.454,740.82195,600.79104,456.97338,461.18889
371.19605,1246.7369,394.06418,881.6373,290.93273,291.89798,267.07019,361.66667,1107.9646,285.61728,331.11871,1382.3846,877.85681,890.67109,1204.9252,319.58327,261.95133,1382.278,327.36387,481.23452,272.26199,1397.0101,275.61859,376.57449,340.46789,1386.4858,387.8497,882.16533,286.7369,882.60454,1181.7598,1379.0999,1068.8756,317.52785,1387.3776,946.86629,293.63095,896.23872,1379.8432,1404.033,1395.1318,1397.9078,415.65492,345.75946,333.32473,336.79677,434.07417,336.75381,1314.3117,303.9824,881.25848,1396.9903,1408.3477,321.23886,447.0084,1384.7192,1416.9764,918.10872,444.27756,1152.4772,327.83,1388.9854,1104.8082,1364.8252,290.77478,1381.7428,1390.0069,889.03588,519.68014,1113.647,1399.8252,494.65714,439.8795,492.99483,499.29238,490.07532,885.78147,398.67847,484.57317,446.3274,492.44681,487.17979,487.97032,393.45661,438.56094,879.5,798.67514,478.55462,334.39086,487.05025,293.13321,877.73212,886.9355,883.24281,296.0197,493.68807,879.93033,329.09402,890.63801,879.48788,643.62098,399.92308,879.90313,487.16485,828.33057,438.11803,466.2754,349.57647,495.96674,490.42038,756.61399,864.78122,890.01554,890.54874,872.88043,492.47297,480.30433,493.13503,871.62309,699.88415,711.10144,721.0777,709.21482,898.24997,485.62834,561.45879,499.12179,862.9384,879.93135,400.32763,880.4453,761.72197,637.08391,467.08631,487.14206
391.63961,1220.7169,410.04576,878.56203,292.51174,293.49849,267.71835,394.64684,1137.7679,286.73557,331.01723,1379.1589,1165.83,1194.5166,1232.7136,319.63685,263.20534,1382.1876,329.5288,498.84127,274.41198,1396.8533,276.61983,396.07823,369.67829,1385.1329,403.053,879.55207,286.66108,879.09071,1238.5054,1358.9194,1100.7484,347.76471,1388.044,961.79807,301.34683,892.82553,1379.8659,1401.907,1395.1493,1397.9468,433.22024,368.89635,336.46918,341.11424,445.72594,358.0,1284.9411,304.16887,879.62989,1396.4541,1409.4488,321.26891,457.46609,1384.208,1417.478,925.17492,457.96583,1178.5385,327.70182,1388.6813,1133.9453,1338.6451,300.85536,1381.3434,1390.3148,885.92255,531.87415,1172.7872,1400.4394,494.27814,464.75834,493.52917,499.45006,491.40568,886.82823,412.16112,485.10053,471.05965,494.1246,487.79716,488.4,393.36512,440.68485,879.70887,816.51337,484.98319,352.54444,487.32368,293.42213,878.07098,887.76725,883.21376,297.74943,493.2783,880.05772,342.75455,890.4792,879.54388,679.17567,401.0343,879.96019,487.78284,839.76059,448.05687,471.56434,365.96364,496.39415,490.36962,780.8161,864.921,889.93733,890.44264,872.64174,486.35211,513.10164,493.28068,871.75168,735.06808,740.90482,744.51191,741.73343,898.76354,484.993,601.16895,485.81897,862.98854,880.09452,399.73981,880.49016,779.84791,671.21527,474.46154,518.05504
408.10502,1199.0151,426.11187,1197.9475,294.32966,294.72107,268.89294,405.3874,1170.9309,288.02917,330.98417,1371.2036,1195.4184,1222.7336,1261.6105,319.61923,264.81498,1382.3884,335.92564,514.36913,275.05992,1396.9709,279.65596,410.63126,389.65857,1380.9743,419.05606,877.59538,286.75554,1182.9291,1238.5054,1333.656,1130.3611,370.25,1388.2059,893.6539,308.47584,889.40728,1379.431,1397.4754,1394.8186,1397.8365,450.82139,388.57143,343.37433,349.2837,457.65728,381.48276,1255.7506,304.4195,877.57686,1395.2999,1409.9447,322.7598,470.78446,1382.7637,1418.299,933.41962,471.40932,1207.2484,327.67687,1387.2481,1161.8602,1307.9238,309.33051,1381.0426,1390.2698,1130.5421,538.18775,1172.7915,1401.0734,494.63928,496.35337,493.13661,499.29522,490.65802,887.26116,424.94053,486.20787,500.38892,494.6419,486.89614,488.71311,393.42748,439.02512,879.74567,829.42556,490.76214,371.74689,488.37097,295.39651,878.16805,888.20482,883.51552,300.79202,494.11374,880.13894,359.50633,890.65678,879.75412,709.74715,402.04624,880.35986,487.64599,849.20546,456.37117,477.51042,380.95056,495.2485,490.5018,800.52943,865.11628,890.08908,890.36816,872.4734,482.68382,546.58902,493.1523,871.66936,765.30856,767.29649,764.16556,770.49197,899.17333,483.70602,640.36162,483.6791,863.427,880.4777,399.13673,880.70598,795.61041,702.64933,479.75737,553.832
414.86207,1178.5041,442.7052,1226.7911,296.47742,297.00137,269.27701,412.99266,1170.9309,291.02338,330.97008,1356.7905,1223.2171,1248.5287,1261.6105,319.69121,267.48941,1382.644,345.93637,525.84754,274.95675,1396.5647,285.29356,421.88497,399.81576,1372.0545,436.48796,874.69048,286.6518,1213.34,1296.2474,1304.4035,1159.2394,370.25,1388.2903,891.38409,313.02857,885.75827,1378.7211,1388.7087,1394.9497,1397.4803,470.45,408.23731,358.10463,363.74627,472.62074,407.55319,1228.2581,304.56947,876.23285,1392.2341,1410.5753,327.10718,486.67359,1379.2961,1418.3202,945.03881,484.87376,1234.8879,327.58919,1383.4755,1188.1421,1275.2234,324.14815,1380.1686,1390.2549,1161.8721,541.33307,1223.6587,1401.5265,494.2729,532.50626,492.99678,499.4656,491.19306,887.576,436.35164,481.86131,533.67629,496.15841,487.12798,489.14667,396.4656,431.77766,879.82474,839.18578,489.07792,388.46709,487.67928,298.19861,878.27546,888.82825,883.67612,304.68729,494.28733,880.32024,377.53636,890.80684,879.70306,738.03349,403.81456,880.60892,487.3011,857.16429,463.4716,481.44803,396.1541,495.6218,490.39657,816.59137,865.1864,890.03616,890.45031,872.03073,489.16425,584.62245,493.92654,871.54399,791.99008,790.60604,779.69644,795.0597,899.49489,484.78883,676.07489,485.10976,863.81377,880.82918,400.65014,880.40469,809.00266,733.06516,484.47969,591.6432
425.78285,1158.9715,460.8982,1253.7343,298.91227,302.14699,269.39341,423.79385,1227.6787,295.25902,330.76596,1336.3216,1248.5383,1272.3687,1306.295,319.62794,272.09859,1382.3977,362.77428,528.59053,276.75869,1396.1759,294.07001,429.42838,408.61583,1356.3721,453.91316,871.75043,286.62621,1241.0044,1296.2474,1271.9669,1187.5734,410.04248,1387.9861,888.46984,349.35897,881.66798,1376.6818,1371.829,1394.6368,1396.85,489.2233,426.09301,377.74176,382.49771,489.22963,424.08696,1203.6892,304.70282,873.84229,1384.8267,1410.6133,335.90887,501.89106,1372.2089,1418.3971,964.18488,498.05301,1259.8875,327.56076,1374.4248,1213.8766,1244.5144,349.55233,1377.2293,1388.8651,1187.8691,542.284,1250.3655,1401.7233,494.05385,574.44826,492.83581,500.0,491.29115,887.75281,446.77883,479.93651,569.6326,496.03063,486.81627,489.44078,401.2018,422.29103,879.81734,846.46892,487.59259,405.15265,487.81801,301.96333,878.51599,889.00869,883.6998,306.28065,494.08645,880.44268,391.96781,890.74013,879.66079,763.54477,406.90811,880.82554,487.34812,864.2436,469.73673,485.68463,410.91051,494.90258,490.35343,828.92608,865.17716,890.11305,890.5,871.49234,483.9557,622.18686,493.11976,871.50468,813.43685,811.43653,793.06103,815.76173,899.81503,484.87383,706.28978,489.52817,864.3384,880.90879,402.8138,880.20923,819.54884,759.59642,486.69102,630.63453
435.08623,1137.6026,478.20055,1278.9447,303.96244,311.48453,270.39832,435.92201,1250.2989,303.21797,330.92698,1310.4812,1296.036,1296.0452,1306.295,319.87902,280.46883,1381.4464,362.77428,529.69076,278.95984,1396.3239,301.43288,438.78814,422.73134,1335.6165,470.39836,1181.6374,286.44658,1269.6851,1333.6201,1239.7939,1214.1182,429.7215,1386.2282,886.04131,345.97872,1201.2671,1370.3904,1347.4869,1394.3756,1396.229,509.43952,443.03138,377.74176,412.45714,503.99096,441.63593,1183.5664,304.75014,871.90537,1371.2231,1410.5546,355.69565,513.77603,1359.7351,1418.1094,992.29017,510.39887,1282.1136,327.61427,1359.7341,1240.2962,1215.9649,372.43325,1369.4945,1383.0924,1212.1775,543.84665,1274.804,1401.4503,494.19256,618.32714,493.05102,499.20465,490.8951,887.56994,455.94715,478.76608,606.17651,497.72381,487.43893,489.2182,411.44691,413.92909,879.94769,852.04088,488.83636,419.85875,487.15097,306.73077,878.52415,889.12574,883.78719,311.74262,494.28673,880.47797,404.3706,891.08121,879.6975,785.36564,413.4453,881.07088,487.49285,870.4873,475.20902,488.40247,422.86127,493.90918,490.22495,838.46134,865.06043,890.0693,890.4962,870.95528,484.0915,656.36823,493.37684,871.15748,832.23945,829.47789,804.80116,833.24006,899.98948,484.61566,734.28951,494.5122,865.08202,881.0748,406.27843,879.76815,828.97898,782.12056,487.32548,668.83091
444.36705,1113.2987,492.26365,1300.1007,311.1441,325.80657,272.53798,451.74273,1274.1207,315.90605,330.8399,1279.8329,1296.0428,1316.9095,1336.4058,320.00755,292.17537,1377.62,362.77428,530.32842,283.74051,1395.874,314.07955,452.62367,437.35474,1310.6811,485.04603,1209.3098,286.46471,1292.765,1348.3379,1209.5326,1246.9517,451.07783,1380.9276,883.07032,363.55556,1231.642,1357.8731,1317.319,1393.6269,1394.3791,521.60973,459.26312,377.74176,428.58333,518.62465,460.52546,1166.1791,304.90969,1165.952,1352.6976,1406.4722,386.07143,520.31843,1340.3853,1418.1172,1024.6045,520.5925,1302.2404,327.59406,1338.894,1266.2374,1191.8111,393.93492,1354.1125,1370.2514,1233.1228,544.12278,1296.7536,1400.0947,494.21828,660.19138,492.87104,499.39835,491.34768,887.71996,462.46523,477.46369,642.18316,496.73486,487.24276,489.85219,424.49895,408.84409,880.05683,856.13357,479.72143,433.15902,487.50489,317.19095,878.62761,889.11874,883.478,321.3662,494.84978,880.52935,417.13714,891.14378,879.63192,802.99602,425.99127,881.26209,487.80922,875.84282,475.82316,489.16266,434.20498,495.22357,489.87812,845.29585,864.85522,890.09072,890.45425,869.92697,483.83436,685.95708,493.62402,871.17553,847.06902,843.66308,815.15161,845.7388,900.26619,484.1924,761.15279,484.70833,865.63939,881.11855,410.14254,879.35699,837.63809,802.5781,487.88428,703.47125
455.69958,1087.1012,499.55735,1316.5121,318.1123,341.74622,275.28842,468.74464,1293.8742,330.70784,330.40495,1247.5237,1313.3423,1335.4079,1336.4128,320.22306,306.92668,1369.0685,362.77428,530.41538,288.84944,1393.5026,339.54572,471.0056,456.61786,1283.6255,497.03414,1237.6568,286.25668,1312.4516,1358.3341,1183.1117,1276.5972,468.79806,1369.9106,880.50137,386.12625,1261.5717,1339.3385,1283.4117,1392.9626,1389.9142,526.37099,474.91213,377.74176,438.53901,526.09665,479.11409,1149.4379,305.08578,1192.5446,1329.4521,1395.3659,386.07143,523.12629,1315.9651,1417.8818,1057.6833,528.28024,1319.4671,327.61285,1315.0024,1288.6147,1171.9502,416.82409,1331.6745,1347.5729,1257.1012,544.48919,1296.7478,1396.8793,494.14393,696.77625,493.08968,499.6993,491.82274,888.11577,467.49351,478.01031,676.68145,497.12475,487.25867,490.34985,441.38439,407.30028,880.22435,858.86978,479.30337,445.36406,487.28849,332.6701,878.62362,889.13147,883.30528,337.88158,494.40984,880.51347,428.88503,891.11129,879.72074,815.93695,447.44288,881.22438,487.82819,880.38913,477.59471,490.96903,444.98887,495.43385,489.9446,850.48223,864.65378,890.16983,890.2868,868.87011,484.19807,713.59952,493.65075,870.95316,858.06447,854.55681,824.05399,853.7233,900.43486,485.23014,785.70164,488.22727,866.10022,881.09851,412.99972,878.77388,846.28213,819.17754,488.12038,734.60983
469.65295,1059.862,502.49024,1330.3797,343.96721,361.4434,279.86399,486.26239,1311.2847,347.86667,329.82002,1215.2028,1327.8596,1351.7593,1354.9173,321.81811,324.36473,1354.3462,422.0,530.14577,295.57186,1386.142,361.57702,490.6078,477.55363,1256.0583,504.33815,1261.9332,286.33767,1330.1938,1365.6081,1161.2,1301.8163,482.52309,1351.8104,1200.345,413.44757,1286.1015,1315.176,1249.8873,1391.6345,1379.2768,529.09249,487.05961,445.22378,448.82488,529.66133,495.65798,1130.7681,305.33554,1220.1845,1302.5617,1375.951,386.07143,522.50927,1288.0876,1415.7772,1088.1533,533.9393,1332.862,327.81768,1289.312,1308.2811,1155.5034,437.95618,1304.0625,1318.1716,1279.5051,544.19491,1334.6136,1388.8235,494.24095,729.39511,492.88398,499.22315,492.14397,888.17785,470.97699,481.17544,708.77239,497.21012,487.08242,489.93659,464.45404,407.61649,880.17004,861.73016,490.35417,455.91313,487.1103,347.98507,878.60151,889.41611,882.9446,354.91837,493.85106,880.55031,439.04644,891.12317,879.78382,826.47113,476.05688,881.23194,487.71674,884.0582,478.50744,491.27377,453.41812,495.59252,490.21722,855.52024,864.64943,890.37597,889.97444,867.50096,486.47619,739.12202,493.76367,870.9151,866.16413,864.13804,832.35126,859.30768,900.54186,485.03494,807.00064,478.48592,866.72261,881.10403,412.17262,877.99869,854.46881,832.384,488.44531,762.99935
485.44587,1032.9687,503.26869,1341.7301,363.75,382.0396,285.82591,501.57092,1327.4987,366.06633,331.42352,1185.7469,1339.5837,1364.4824,1360.0386,325.17951,342.61494,1334.3622,446.69457,530.44201,305.035,1371.2664,377.44159,511.2376,495.19521,1231.7743,506.74361,1282.7507,286.08383,1343.8776,1365.5661,1143.4003,1324.1221,489.83096,1328.6446,1226.9084,441.53944,1307.9862,1287.1916,1219.0314,1389.1596,1359.6209,530.30233,493.44909,463.56213,459.75713,531.00551,510.84014,1110.0283,305.75316,1248.9075,1273.6818,1350.398,386.07143,523.96578,1259.023,1408.6906,1115.6771,535.08675,1342.0902,328.32811,1263.5185,1325.3449,1140.3628,456.90089,1274.7112,1285.328,1299.426,544.22702,1348.5515,1374.5445,494.32004,760.46266,492.68987,499.1555,492.23516,888.0936,472.42808,481.52824,737.7291,497.40469,486.871,491.14242,494.41453,409.18803,879.97838,864.43495,488.97917,464.74878,487.39443,365.88889,878.50727,889.44001,882.53749,373.44828,493.10723,880.57723,449.27984,891.01986,879.91361,835.39977,509.3415,881.11857,487.6644,885.85123,478.72295,491.28571,462.76893,495.90566,490.04511,860.51467,864.67693,890.3877,889.72372,865.93499,486.124,763.89564,494.26756,870.51554,872.76846,872.48217,839.83133,864.01081,900.63981,485.45054,826.5392,477.75735,867.31478,880.98553,408.92395,877.48572,861.62684,843.86233,488.55735,787.52753
502.9778,1006.2096,503.36619,1349.9912,383.60377,399.95981,293.4514,515.41311,1341.7541,383.71319,338.28271,1161.5594,1348.1133,1372.9063,1362.8562,330.12956,360.84395,1310.1769,461.64123,530.12195,322.264,1348.5169,405.80453,528.36105,511.62232,1209.8992,507.57753,1301.4511,285.89918,1353.293,1371.6029,1127.3685,1342.4688,493.36549,1302.4968,1254.8271,465.57051,1327.3226,1258.5284,1192.3689,1382.2874,1333.198,531.194,497.33777,475.37433,470.58104,532.96167,519.93495,1087.5731,305.89371,1275.538,1244.6627,1322.3336,448.8024,525.24974,1230.2469,1394.0884,1142.8388,535.56245,1346.6646,330.34217,1240.614,1338.2674,1122.0828,474.77812,1245.6048,1251.4287,1316.9908,543.81594,1359.3078,1353.4051,494.6089,786.92687,492.55731,499.87892,492.22084,887.85385,472.64502,480.54717,763.85348,497.7311,486.92948,490.89226,529.26343,411.24777,879.32696,866.85509,487.34146,473.48242,487.74743,385.08654,878.49546,889.49292,881.96109,394.43478,492.99006,880.72734,456.82566,891.04409,879.69241,842.47396,547.51678,881.06373,487.90144,887.3324,479.07493,491.99919,469.39936,496.06711,489.83333,865.23872,864.58124,890.36864,889.32407,863.68908,488.375,786.24721,494.05421,870.44343,877.60657,879.73003,845.72402,868.20097,900.82684,485.63549,843.86579,477.4183,868.0542,881.14504,403.22889,876.78655,866.7094,853.95746,489.25219,808.77678
519.2151,980.63195,503.84637,1354.9666,392.37,418.90657,302.07746,522.82475,1353.719,401.61144,349.77675,1141.6118,1356.481,1377.0558,1364.7071,336.70954,379.79729,1284.6495,475.98363,529.79968,340.91608,1320.0842,431.69121,539.73768,520.81425,1189.8421,508.18852,1318.1206,285.53783,1358.4766,1371.5905,1111.6844,1355.8029,495.26363,1274.7586,1278.5845,487.55382,1343.978,1231.2054,1171.1344,1368.4068,1302.6461,531.50291,498.66611,491.22344,482.43266,534.22441,525.18506,1064.1001,306.32745,1298.3738,1216.6558,1292.3561,461.45437,524.84222,1203.2569,1371.786,1170.4779,536.4161,1347.9046,335.30456,1217.3601,1347.0842,1102.7224,490.69856,1219.7948,1219.7684,1332.8864,543.41489,1359.2934,1326.2328,494.45908,810.09956,492.32708,499.83705,491.91844,887.84872,472.18234,480.54327,786.69183,497.18787,486.99606,490.12844,565.03674,415.75411,878.40697,868.86846,485.34884,480.47374,488.12844,400.93103,878.49451,889.40615,881.25863,411.74176,494.38362,880.73767,463.13319,890.92408,879.22644,849.01551,589.0621,880.94903,487.73372,888.0787,478.86019,492.20574,475.81858,495.81522,489.83333,869.44557,864.45823,890.38065,888.91762,860.82627,486.70881,804.38721,494.19205,870.14566,881.43184,885.83192,850.02732,872.04566,901.03258,485.53233,858.23043,479.59231,868.4473,880.93024,397.5649,876.45498,870.38366,863.10253,488.94637,825.70346
533.82826,955.1502,504.27729,1357.7818,407.35405,439.03051,313.43379,526.55543,1363.0863,419.70746,367.79345,1123.8075,1356.4779,1378.1507,1364.7071,348.47493,402.15398,1258.6588,491.79938,529.28339,364.97194,1288.6204,457.05652,541.39549,526.05479,1171.8639,508.1127,1331.9459,285.46012,1360.3647,1372.6877,1094.3637,1363.9032,496.08025,1248.2187,1299.0964,502.54614,1356.5307,1206.9007,1152.6048,1346.8705,1270.3707,531.88516,498.84044,505.55157,496.46242,534.52519,526.72879,1040.4504,306.62898,1318.5621,1192.2922,1263.0148,474.784,525.14388,1179.7327,1343.8645,1199.8834,535.71463,1347.5564,344.94838,1188.6248,1354.0323,1080.7699,501.79585,1197.7352,1196.0376,1346.1036,542.73553,1366.2747,1295.629,494.49765,829.21094,492.30736,499.58937,491.94589,887.96942,472.1927,475.37019,805.44541,497.74314,486.50645,490.65866,602.85323,423.13267,876.93381,870.86059,484.64824,484.78251,488.26987,414.34659,878.50133,889.43186,880.46617,423.97761,494.11644,881.2172,468.28484,890.91265,878.60997,855.177,628.13781,880.88492,487.93498,888.52544,478.55663,492.24058,478.0,496.54059,489.59452,872.81204,864.19563,890.18359,888.47268,856.99239,488.05725,820.09799,494.12212,869.98495,884.24299,890.13388,853.33112,875.39325,900.98712,485.73099,870.92219,479.02857,868.68232,880.84909,396.67261,875.90053,873.60394,870.91201,489.14589,839.53325
541.95543,930.41861,504.64333,1358.5228,423.78621,458.71855,326.31429,527.40795,1368.9269,439.01874,390.79537,1105.4738,1357.5677,1378.4129,1366.1566,339.89063,425.86118,1235.5079,509.30791,528.17367,385.16557,1256.6476,478.4843,541.37658,528.88656,1153.034,508.31508,1341.9809,285.39135,1360.9041,1372.7489,1075.2813,1368.0715,496.33964,1223.7937,1317.0248,510.90397,1364.3836,1183.924,1134.3132,1319.5402,1239.1518,532.35511,498.9554,519.93983,511.31178,535.25203,527.79598,1016.0328,306.5796,1318.5599,1171.9372,1235.676,489.75486,525.81874,1162.2656,1313.3808,1227.7211,535.99286,1347.675,360.41542,1157.8667,1356.6126,1057.0177,507.18577,1182.0335,1174.1289,1355.1517,542.83202,1369.1222,1264.7767,493.81528,844.34404,492.50316,499.8098,491.90498,888.07074,472.56058,480.3913,820.81582,496.82394,486.68597,490.90348,641.42597,437.80401,875.13849,871.80706,481.5,485.75845,487.90154,431.31707,878.36238,889.45514,879.70773,437.54369,493.95475,881.38698,472.9875,890.84489,878.03964,861.01892,663.22553,880.87412,487.9467,888.87474,478.26758,492.1775,479.09644,496.88878,489.31959,875.84457,864.01342,890.03646,887.99553,852.70456,486.67568,834.06589,493.74652,869.06324,885.52173,893.19345,855.29909,877.36442,901.19934,485.41148,881.65741,478.125,868.80619,880.59988,398.98129,875.43542,875.33316,877.23091,489.25236,850.59834
546.6206,909.72976,505.47721,1358.7324,440.36307,477.90144,340.6575,528.97235,1370.5862,459.59932,412.93377,1085.3823,1358.3708,1378.917,1366.7923,339.89063,447.90544,1215.3807,522.78713,527.00657,410.84144,1226.8681,494.68655,542.43904,529.54019,1132.1447,509.07524,1347.3747,285.29537,1360.9671,1372.9896,1053.8963,1369.3823,496.97601,1202.3352,1332.0566,515.23147,1367.8667,1163.7703,1113.6583,1287.1561,1211.6277,532.81286,499.20593,530.68868,524.21865,535.9694,527.74214,990.65075,306.79024,1347.4558,1154.008,1211.174,505.70467,525.84049,1148.9407,1281.0325,1255.9642,536.48534,1347.3936,379.01024,1124.905,1356.5308,1031.5599,509.93942,1167.343,1155.7676,1359.1801,542.14683,1370.2491,1235.0544,494.10742,856.27096,492.31736,499.68849,492.34607,888.37448,472.82298,478.29825,832.57231,496.92218,486.05998,491.05025,676.82656,465.09956,872.65403,872.36325,480.27703,487.08681,488.12349,441.07692,878.4302,889.57766,878.57835,448.87029,493.86842,881.5286,476.49571,890.64293,876.88645,866.62166,692.77302,880.99495,487.82893,889.08579,478.57632,491.90032,479.61931,497.63069,489.4614,877.80674,863.68765,889.91001,887.66552,848.20507,488.13057,845.4794,494.20253,867.96268,886.50563,895.14258,857.00637,878.95254,901.33829,485.34578,889.71382,477.68707,868.85531,880.57722,403.46497,874.52397,876.42885,881.93309,488.62075,859.71331
549.78477,896.71661,504.84218,1358.2194,455.71524,492.54763,358.89329,531.79912,1370.7914,478.97287,432.77313,1065.2401,1358.8269,1379.2412,1367.256,377.98701,466.56802,1197.5377,529.67055,525.86284,437.28797,1202.703,500.98769,542.55698,532.92787,1109.0947,508.43404,1348.7202,285.39114,1361.0564,1372.9231,1031.805,1370.2947,496.6177,1186.5134,1344.5342,517.50395,1367.9075,1144.6372,1092.2639,1252.2906,1189.6306,533.1495,499.53318,538.71514,532.00298,536.84263,527.02023,966.95098,307.04382,1354.4366,1138.3509,1192.5489,521.75937,526.33023,1136.9422,1250.3241,1282.8281,536.77464,1347.4299,401.85828,1088.9934,1356.4039,1006.3545,510.20702,1152.8244,1134.7418,1360.9626,541.52632,1370.3044,1209.1751,494.34012,865.88207,492.40086,499.73047,492.66404,888.58347,473.38691,480.78114,841.58605,496.89318,486.14133,491.27864,709.48024,502.41492,870.11857,872.78387,484.27174,487.11516,488.13088,449.30361,878.38265,889.44726,877.11213,459.76554,494.38412,881.25132,479.13436,890.63121,875.87782,871.14311,721.98609,880.93077,488.47565,888.60838,478.54413,491.72676,479.73103,497.3499,488.88763,878.89803,863.51423,889.52408,887.5238,842.90418,489.25869,855.05302,493.74851,866.58559,887.15554,896.21786,858.30049,879.7007,901.42863,485.38368,895.25372,486.07834,868.80784,879.95273,411.4505,873.76207,877.06065,884.85639,487.98505,867.28262
552.05993,893.88227,504.63055,1358.3767,471.66516,500.16097,376.75789,532.60526,1370.9611,493.77351,451.12596,1044.6656,1359.4406,1379.4017,1367.4377,383.90654,479.63665,1181.065,532.99476,523.71269,462.63673,1185.5625,503.98404,540.9474,533.8483,1086.2191,509.02766,1349.1657,285.37998,1360.9806,1372.9514,1008.1926,1370.4568,497.35538,1169.2472,1352.2598,517.60812,1367.8167,1122.4684,1070.0031,1218.9627,1168.896,533.73404,499.44629,543.06603,535.95788,536.89873,526.86164,944.47904,307.16352,1358.2748,1121.2417,1178.5812,530.4937,526.45635,1127.8943,1222.173,1306.5719,536.26827,1347.5602,420.93913,1053.8374,1355.7637,980.59584,511.28983,1134.3125,1109.9506,1361.6237,541.0569,1370.2988,1189.2813,494.64293,873.27048,492.44409,499.83624,492.50111,888.92016,474.06458,483.06907,848.80327,497.05113,485.25683,491.27097,740.70946,545.15381,866.9878,873.04684,484.56122,486.51609,487.73275,457.08679,878.17187,889.68267,875.66313,464.91811,494.08811,880.81899,479.67995,890.66848,874.85258,874.1169,747.55129,880.91685,487.9275,888.1257,477.49211,492.01359,480.47702,497.52987,488.90823,879.5997,863.13265,889.09062,887.25495,837.48955,490.39464,862.70958,494.15659,865.07621,886.77559,897.1114,859.49318,880.14972,901.72553,485.63825,898.23506,487.47423,868.7826,878.81008,425.248,872.51378,877.28696,887.07593,488.51028,873.5884
552.98939,895.03489,504.67749,1358.6448,484.97837,501.98263,393.41935,532.0524,1370.8894,504.33268,464.37484,1023.2679,1359.9817,1379.5566,1367.4563,396.26623,486.59879,1161.8587,533.33404,521.01467,482.76018,1172.6871,505.51582,540.8961,534.72626,1059.1814,509.06305,1349.4181,285.26846,1360.9409,1373.0372,984.83442,1370.6995,496.96494,1151.9452,1355.2495,517.63617,1367.3871,1098.9512,1048.9608,1188.3065,1148.4484,533.56579,499.36053,545.67576,537.91063,537.1805,526.95824,925.14948,307.10939,1359.9927,1102.8498,1163.3385,535.25764,526.71124,1116.7081,1197.5912,1326.9944,537.05012,1347.2903,433.29545,1020.6626,1355.6488,955.90206,510.42584,1114.6471,1083.2824,1362.3652,539.1272,1370.3348,1173.324,494.73761,880.11658,492.27128,499.70811,492.72472,889.45505,473.99314,482.80645,854.90713,497.28168,485.69721,490.14945,768.03392,589.52901,863.50297,873.27498,484.27753,486.54207,487.61664,466.34315,877.78965,889.85611,874.46641,469.71375,494.66316,879.83925,479.94681,890.58063,873.97675,876.10706,770.84428,881.31733,488.29817,887.61002,477.98872,492.06139,480.86031,497.44739,489.02341,880.24991,863.04313,889.30154,887.0229,831.52345,487.47082,868.44917,494.14653,863.81661,886.34291,897.78004,860.50027,880.0609,901.97308,486.0,899.59014,478.87582,868.78839,877.17972,444.89618,871.06343,877.5386,887.7496,488.60911,879.46509
553.0385,898.55017,504.50624,1359.0799,494.31598,502.63127,409.03542,533.24974,1371.3639,507.39641,477.83704,1000.0728,1360.7717,1379.4664,1367.6677,406.54531,488.86866,1142.1825,535.60279,516.85028,498.69556,1158.765,505.38831,541.48428,534.56148,1031.4275,508.865,1349.293,285.30666,1360.944,1372.2898,959.88518,1370.6952,497.06649,1132.2404,1357.1873,518.5,1366.9207,1071.9448,1029.6383,1165.9669,1124.966,533.62542,499.49171,544.3664,539.20699,537.37368,526.49732,915.98431,307.19095,1360.7161,1083.7936,1143.5885,535.55214,526.57337,1102.4117,1179.903,1340.1236,537.90232,1346.3217,445.43764,989.67843,1355.6084,933.3313,511.10704,1091.1087,1053.0663,1363.0698,536.19918,1370.2642,1157.0832,494.30067,885.29784,492.1246,499.91285,491.90146,889.74038,473.51361,480.16287,861.00592,497.07444,485.3252,490.25351,790.72891,632.70652,859.5885,873.76299,486.02679,486.48097,487.87243,471.20063,877.39959,889.74564,872.6448,477.29062,493.09009,877.79754,481.28827,890.49515,872.53092,877.23714,790.75989,881.39406,487.92014,886.13187,478.44672,491.69704,481.203,497.70911,488.58248,880.75434,862.6592,888.93442,886.73315,825.4075,487.89354,872.08401,493.67308,862.37898,885.98011,898.68343,861.46244,879.75637,902.42546,486.47867,899.63527,483.62439,869.00068,874.77318,471.58916,868.47268,877.65924,887.86966,488.51745,883.43086
554.06452,901.21605,504.7979,1359.5598,497.47895,502.4544,422.74473,533.27416,1371.8116,510.67157,490.85561,974.76243,1360.8103,1379.4137,1367.7535,421.81402,490.29308,1119.1751,535.81312,509.283,503.71914,1140.7102,505.50131,540.55714,534.85642,1003.2873,508.98268,1349.9531,285.2233,1360.6,1371.8269,937.75214,1370.6692,497.78501,1110.8109,1357.569,518.74646,1366.9956,1044.0834,1011.8249,1146.1063,1099.8365,533.61157,499.54148,546.21688,539.95455,536.575,525.81881,915.54779,307.21831,1360.7442,1064.4471,1119.4012,537.70729,526.42235,1087.1929,1162.4072,1349.4078,537.99844,1344.0984,455.09116,962.04196,1355.6155,914.64107,511.08123,1064.5727,1022.1895,1363.2495,529.66836,1370.2917,1140.5004,494.67123,888.83357,492.25131,499.89059,492.34762,889.98063,474.07611,479.73913,866.27791,496.82456,485.37349,490.7604,809.94981,671.0324,855.30966,874.01453,480.9084,488.01145,487.5641,477.95694,877.09858,889.43119,870.51563,478.65083,493.28337,874.8293,481.29548,890.21856,871.0972,877.92244,807.26236,881.45114,487.99076,883.99468,477.83736,491.27348,480.21692,497.31003,488.17608,881.02287,862.27619,888.68584,886.37079,819.11261,486.90675,874.26843,493.55623,860.55543,885.92835,899.1487,862.19953,879.64083,902.66988,486.3487,899.43862,483.29237,869.09969,871.96519,505.36759,864.68154,877.908,887.72509,489.0933,886.11814
553.74549,903.85643,505.05551,1359.7626,499.4176,502.30938,435.74362,533.54622,1371.8264,511.2669,503.5036,946.6792,1360.8179,1379.3036,1367.6907,440.91275,491.70897,1093.1261,534.94557,499.26282,506.46647,1122.0491,505.49826,540.97782,535.45337,974.19938,509.38964,1350.4431,285.29577,1360.7477,1371.3955,919.72384,1370.187,497.59878,1089.6375,1357.2705,519.41698,1366.6449,1015.5325,994.13778,1128.1373,1074.7987,533.27732,499.35471,547.1097,540.09091,537.03257,525.5885,917.7066,307.21915,1360.5685,1045.7789,1093.7292,537.81521,526.46387,1069.0482,1143.9743,1354.6149,537.02894,1340.568,465.51915,938.50833,1355.4068,901.99383,511.25133,1036.853,990.7498,1363.3597,520.56468,1369.8132,1120.0587,494.3581,891.67023,492.69038,499.09652,493.59672,890.30964,473.94848,477.89965,870.57979,496.52884,485.02417,490.87996,825.54813,705.23154,850.4487,874.11415,485.69266,487.03135,487.02582,481.41824,876.99792,889.23549,868.13884,482.49497,493.80266,871.02304,481.65904,890.25373,869.73441,878.39012,821.20173,881.51584,487.74057,880.66564,478.44891,491.29794,479.78447,497.37137,488.23907,881.43228,861.65967,888.2671,885.80409,813.05454,488.34155,875.41795,493.98788,858.8856,886.42111,899.69494,863.08404,879.69096,903.01377,486.32971,899.16435,481.61722,869.08474,868.65091,542.13221,859.75659,878.45371,887.68635,489.43618,887.98698
553.4635,906.61501,504.79927,1360.1303,499.7371,502.3038,447.7419,534.45483,1371.8039,511.74091,516.68928,919.77661,1361.0117,1379.12,1367.6954,464.34767,492.99938,1063.8419,536.92065,484.7026,508.19495,1100.858,505.51852,541.02289,535.55556,944.76431,508.99855,1350.7561,285.21303,1360.8278,1370.8603,907.42744,1369.4833,497.81227,1067.2565,1356.9747,518.48893,1366.3161,986.52827,975.14319,1107.7779,1048.6401,533.09701,499.16441,547.5166,540.59307,537.74881,525.73565,919.3361,307.42227,1360.7493,1027.8329,1063.9685,538.48605,525.99807,1049.424,1122.546,1356.1953,535.64269,1334.2737,477.96217,917.73447,1355.1581,899.8709,510.61151,1008.0282,958.62488,1363.404,506.66376,1369.5493,1100.0694,494.25345,893.16175,492.40504,499.00112,493.45558,890.51237,472.70064,480.51292,873.64759,496.33786,484.77062,490.71572,838.07476,738.55611,845.18519,874.13055,488.2963,487.32441,487.4298,482.56536,876.8402,888.7411,865.06123,483.47173,492.23182,866.49706,481.69422,890.20577,867.70753,879.29078,831.9387,881.55749,487.82312,875.36444,478.50104,491.48785,479.70046,496.94648,488.17593,881.75699,860.96343,887.75273,885.24097,807.27153,488.57193,875.51327,493.71154,856.72653,886.91034,900.00358,863.73912,880.01343,903.06811,486.71176,898.74988,480.29412,869.06696,865.07373,579.82973,853.39247,878.70013,887.91477,489.29342,889.36507
553.51185,909.49853,504.85283,1360.4371,500.73734,502.13827,458.90671,534.73765,1371.7356,512.15941,525.70644,898.12292,1361.2056,1379.0769,1367.6919,485.83448,494.05875,1032.4483,537.12082,468.6288,509.48491,1078.2856,504.89694,541.00883,535.42388,916.26664,509.60517,1351.0321,285.21548,1360.92,1370.8517,903.58784,1368.7288,497.78957,1042.2045,1356.7446,518.20382,1366.3976,957.67217,955.29012,1087.4312,1022.3407,532.30937,499.48732,547.42612,541.51587,537.14836,525.54642,919.90772,307.53481,1360.5218,1010.195,1032.0457,539.48995,526.16427,1025.9051,1099.111,1356.2458,530.00076,1323.4773,492.5817,901.44095,1355.324,903.28806,510.7852,977.58852,927.91433,1363.6442,488.5397,1369.3517,1078.9591,494.33012,893.59239,492.25714,499.16463,493.30884,890.7973,473.57872,478.7767,876.12532,495.31751,484.93958,490.78564,847.76134,769.10528,839.39224,873.94856,487.44635,487.0515,487.13451,485.20674,876.43735,887.77297,861.17679,482.68007,493.32533,861.28534,482.51025,890.21009,864.9791,879.92119,840.24568,881.45727,488.08696,867.12795,478.37688,490.94776,479.60249,496.96255,488.3346,882.10022,859.59942,886.91369,884.09191,800.84336,487.75433,875.0148,493.34156,853.95058,887.23466,900.27636,864.01601,880.5415,903.2912,486.72706,898.62296,484.31481,868.91332,860.69642,620.08848,846.53187,879.10351,888.03936,488.97878,889.81003
553.48693,912.31069,504.78109,1360.7273,501.01937,502.13377,472.21591,533.26167,1371.8586,512.44235,535.36038,892.85547,1361.2587,1379.1807,1366.5284,506.42949,494.93516,999.62629,538.9569,451.00725,511.24953,1055.48,504.58237,540.46452,536.40909,894.11635,509.36869,1351.0913,285.32727,1360.8992,1365.7964,905.90817,1367.5745,497.82353,1016.3434,1356.9957,516.77008,1366.0745,931.40556,935.328,1065.584,996.19749,530.07686,499.17038,547.83624,541.56136,536.69761,525.42637,920.11295,308.5159,1360.2432,991.38056,997.30198,540.45616,525.71358,1002.5537,1074.1633,1355.6643,519.96192,1307.3459,507.33278,890.47487,1355.1388,909.20287,510.63366,947.7361,902.49338,1363.6853,470.7557,1369.4095,1054.5794,494.02479,893.54087,492.29744,499.61196,493.04444,891.02562,473.37654,481.94667,877.3403,495.20837,484.24082,490.51014,855.75826,797.76102,833.0569,873.91569,487.46473,487.02497,487.24347,487.36603,876.0458,886.19833,856.6128,483.66478,493.51487,855.19316,483.96313,890.17927,861.97828,880.52516,847.66193,881.31692,488.27822,856.40589,478.04622,491.05446,480.53396,497.10279,487.93928,882.36975,857.71999,885.28033,882.6705,794.97435,491.25238,874.1701,493.11315,850.711,887.20193,900.39471,863.9092,881.04105,903.39516,487.2007,898.39065,481.18696,868.91431,856.51072,662.00712,837.94126,879.03365,888.06076,488.8826,890.39804
554.11101,914.35966,504.30549,1361.3757,500.6632,501.98801,485.57672,533.56639,1371.5015,512.68727,537.0207,894.93665,1361.4079,1379.4957,1363.9508,519.15856,495.40099,964.75009,539.5446,432.1194,511.5506,1032.4672,504.49423,540.73667,535.57986,884.96096,509.28241,1351.3263,285.62622,1360.5153,1365.7901,911.56101,1365.7175,497.61643,989.41484,1357.0539,516.03786,1366.2665,910.21557,918.34013,1041.7821,970.62347,525.45038,499.12924,547.86842,542.08991,535.02941,524.61598,920.3815,312.10928,1359.709,972.65874,962.91425,540.43925,522.96402,977.4325,1046.2379,1355.2549,506.99033,1286.3985,520.18549,888.05047,1354.4825,914.24511,510.28054,920.26476,887.72501,1363.6555,451.91337,1368.6728,1029.8278,493.91313,893.81825,491.5194,498.77149,494.07785,891.04791,473.25549,479.09968,878.42241,494.8224,484.28226,489.82476,862.50802,822.69987,826.09094,873.98464,487.327,486.40021,487.58832,489.7989,875.64374,883.90732,851.013,482.87278,492.85219,847.69652,483.99538,889.81341,858.86246,880.78305,854.80464,881.15821,488.84738,842.88002,478.63529,491.07718,480.1929,497.50199,488.34463,882.6853,855.34064,883.38519,880.50224,789.41733,491.64732,873.77614,492.84167,847.25197,887.43727,900.60261,863.90328,881.42182,903.68282,486.35971,898.44797,480.94643,869.00903,851.90282,700.29091,829.43057,879.22367,888.24059,488.98204,890.11668
553.64737,915.56022,504.59426,1361.5922,501.03519,501.58049,495.99184,533.15047,1371.3426,512.89761,537.29035,903.02256,1359.6106,1379.4603,1357.7121,525.58333,494.98896,931.00586,539.7407,414.51165,511.57753,1008.6165,503.63936,539.79556,534.84908,885.2821,508.6727,1351.4766,287.22033,1357.5187,1359.1533,918.36862,1362.7438,497.62776,961.87527,1356.9107,515.19574,1366.262,897.22141,909.35419,1017.1714,945.40667,515.03175,498.89995,548.01263,542.77455,533.11438,523.9907,920.76429,318.75059,1359.4091,952.69033,930.93701,540.35737,518.16107,950.655,1018.0737,1355.0851,491.24242,1260.8157,529.20049,890.73961,1352.8792,916.49729,508.96059,901.53903,884.8337,1363.0797,433.00955,1367.4812,1005.049,493.92775,893.91332,491.80212,498.84555,494.28294,891.26887,473.69202,479.04528,878.90623,495.25816,483.99492,489.81543,868.32323,843.89044,818.99189,873.81627,484.59779,486.97877,486.9018,489.91032,875.06297,880.59932,844.40343,483.46603,492.27815,840.70205,483.08869,889.47646,854.89147,881.34285,862.07485,880.93733,488.45353,827.14429,478.55222,491.64829,480.53519,496.93662,488.18625,883.12309,852.21818,881.16467,877.81178,782.83478,485.56938,873.59336,492.55906,842.54735,887.57274,900.56708,863.53998,881.75843,903.77573,486.18327,898.31478,479.42381,869.08434,847.01976,734.90812,819.54438,879.45595,888.35342,489.05,889.80371
553.78139,915.97789,504.52698,1360.5852,500.55598,501.46462,503.45655,532.77626,1371.3272,513.04147,537.9209,912.69626,1359.6759,1379.1801,1357.7209,528.45584,492.75782,902.35553,539.69516,396.23861,511.87029,984.94593,503.14148,539.83366,535.31476,890.70896,507.47571,1351.9714,290.56458,1348.2842,1326.102,923.55768,1356.115,497.70909,936.12194,1356.9282,513.9322,1366.6596,894.27796,906.38425,992.85053,921.64226,503.1798,497.86154,546.95238,543.34591,529.63187,522.04215,921.20647,326.4772,1359.1025,932.22973,912.3113,539.74551,510.40759,924.31397,988.32928,1355.1531,474.21416,1232.7091,535.76779,896.39668,1349.7626,917.39228,509.18165,896.26595,887.68212,1361.6931,413.72404,1353.1501,980.31135,494.2023,894.07714,491.45238,499.02581,493.31373,891.45442,474.01845,479.70248,879.4349,494.54778,484.12851,490.0,873.7149,861.30369,811.77362,873.7986,484.17749,486.15983,486.53595,490.45305,874.40639,876.5539,836.90172,482.64441,492.70439,832.96139,483.88964,888.91993,850.54696,881.7743,868.24958,880.67584,488.608,809.50078,479.03105,491.40152,479.56302,496.74423,487.83145,883.41333,848.72509,878.26833,874.57901,776.50797,485.12346,873.71814,493.1665,837.01743,887.69611,900.67423,862.48598,881.99762,903.80072,486.17026,898.17059,476.44944,869.39073,841.69899,766.05862,809.50968,879.31876,888.59056,488.43353,889.26405
553.83029,915.98573,503.77056,1353.928,501.70965,501.10681,507.90806,532.3132,1370.9891,513.56916,538.50365,919.3054,1354.5188,1379.0064,1324.5682,530.06036,487.66134,886.38345,539.67296,379.60861,512.00735,963.03724,502.9017,540.10343,533.53646,899.19149,505.8032,1352.0857,297.45495,1330.6697,1326.1087,925.59977,1343.6073,497.23354,912.36291,1356.7225,512.33973,1366.946,896.14913,907.12618,964.87011,900.89447,486.65498,496.41907,547.99023,543.13964,524.33031,517.58185,921.71813,341.53307,1358.9507,914.79669,909.05097,540.57585,497.80235,902.83001,958.09995,1355.0676,456.8978,1203.8193,536.47312,901.60815,1341.3473,917.83992,507.78924,898.12214,893.20956,1357.2258,395.55587,1335.4174,956.60653,493.97225,894.26343,491.88747,499.23274,493.25112,891.44889,473.74273,478.59603,879.80027,494.64187,483.91159,489.53936,878.31585,874.38228,804.88445,873.18593,484.2314,486.24246,486.1063,490.41186,873.5785,871.83955,828.89976,483.03543,493.66526,824.54837,483.35889,888.04582,846.15382,881.73695,873.0335,880.52372,488.16063,791.0762,478.59456,491.32208,479.36643,496.58707,488.27966,883.61923,844.97718,875.67188,870.31334,768.72393,487.48182,873.73925,492.78384,830.49672,887.22007,900.65535,861.67815,882.29329,903.75522,486.80048,897.99984,475.4875,869.53995,835.78199,794.24075,800.06813,879.53027,888.65225,488.5026,889.03733
552.96253,915.92703,502.36377,1338.16,501.33023,500.80692,508.41212,529.68031,1370.5721,514.25013,539.43895,923.18095,1324.5567,1378.3051,1295.235,531.57419,478.97423,883.29608,540.19612,364.01947,512.00266,944.48156,502.18761,538.77569,531.49414,905.75868,503.11845,1351.5321,306.97456,1302.8969,1297.4985,925.649,1324.8917,496.63366,896.10053,1356.3941,509.85131,1367.3775,901.04673,909.51568,935.17646,886.15324,468.92351,493.63184,547.88035,543.19465,516.71776,509.27302,922.31563,359.54167,1358.7652,905.84203,910.93631,540.63191,481.85075,891.47154,931.60178,1355.1449,441.71724,1174.8167,536.62713,904.60656,1327.4391,918.44448,507.44014,904.82946,896.6552,1346.3884,378.86848,1335.4566,935.98973,493.97476,894.50643,491.96811,499.39333,492.72717,891.5516,474.1365,477.69338,880.55029,494.52693,484.46443,489.60759,881.21623,884.5798,799.18074,871.12446,483.43145,485.62741,485.85205,491.04545,872.81203,867.07503,819.96051,482.42717,493.31847,816.17381,483.44994,886.96578,840.93136,881.63078,876.19661,880.36433,488.23815,772.25023,477.53373,491.77806,480.05767,496.45924,488.50606,883.85452,840.55199,872.5603,865.80978,759.77645,491.22314,873.87564,492.77536,822.20267,886.60028,900.65037,860.93371,882.58637,903.77279,486.46973,898.12087,475.79191,869.50402,829.95174,817.16753,789.64033,879.57479,889.2203,488.47878,888.83183
552.52698,915.98375,500.81354,1312.8435,501.59242,500.71838,509.17202,525.31981,1370.0501,514.8904,540.01073,924.95162,1324.5419,1378.3112,1260.991,532.76076,466.88642,884.38856,539.14077,349.1108,511.66515,932.97761,501.69031,532.79987,527.72414,909.34912,499.14205,1346.9969,316.25043,1267.1889,1224.4119,924.63166,1298.5761,495.95672,890.53378,1355.8183,506.14804,1368.0459,905.68716,911.33242,908.44739,883.0302,448.63138,487.84723,547.02461,543.43066,508.31789,496.39833,922.86837,359.54167,1358.8928,904.45957,918.51204,541.17831,466.82723,890.01262,914.88409,1355.2771,428.28907,1145.4614,537.06443,905.64521,1306.3328,919.12573,507.4157,913.27328,897.52246,1325.9882,361.45573,1275.2331,919.23885,494.04859,894.80185,492.10794,499.28571,492.66215,891.49915,473.97854,477.4296,881.10421,494.67758,484.2556,489.80187,883.31305,892.56504,793.72857,867.01678,487.7992,485.75306,485.54894,492.40793,871.13126,861.86524,810.31828,483.00745,493.07209,806.8876,483.9316,885.4245,835.46137,880.96213,877.55651,880.16892,488.19151,753.71164,478.02943,492.01105,479.96658,496.03597,488.56711,884.31379,835.55396,869.05747,860.75091,750.03349,488.20377,873.8322,493.10606,813.57565,885.18884,900.72741,859.27408,882.65985,903.68978,486.30048,898.13551,477.15,869.54601,823.67865,835.50804,778.53263,879.48941,889.40084,488.32432,888.46919
552.56372,916.20873,498.29468,1280.6932,501.26759,500.32272,509.26687,518.25992,1368.7342,515.05907,541.30797,925.94447,1296.3105,1370.2356,1224.1797,532.84868,450.13395,890.92939,538.80164,334.9475,511.72801,930.95607,501.11796,522.39537,521.09436,910.52441,492.78273,1334.0266,325.48338,1227.6258,1184.4753,924.04627,1266.9677,495.19005,891.55825,1354.0375,498.81667,1368.4861,909.16976,912.17985,890.80113,884.78032,428.00652,479.69226,548.27234,543.66,497.00131,480.23758,923.50132,359.54167,1358.7391,906.32193,924.84371,540.56797,452.86285,894.18144,909.32416,1355.4533,417.61035,1117.4663,536.74292,905.9968,1277.0713,919.86513,506.87788,918.63362,897.77266,1296.8586,345.46415,1275.2057,907.57765,493.6967,895.05976,492.17495,499.26556,492.99321,891.24336,474.8385,476.64312,881.51428,494.26263,484.26755,490.44353,884.32869,898.95961,788.59692,860.69385,482.25126,484.98787,486.04993,491.25484,868.99552,856.28437,800.02843,484.4429,492.60935,797.74629,482.33483,883.3721,829.47909,878.94142,877.86157,879.97944,488.33792,734.65502,478.10112,492.12382,479.62665,496.3458,488.6773,884.4118,830.43479,865.31427,855.19769,738.9186,490.60338,873.68696,493.01099,804.47939,882.11012,900.87678,856.31655,882.83447,903.56772,486.54634,898.297,476.19444,869.58843,816.35633,849.76998,766.01604,879.47087,890.0498,488.06695,888.36635
552.75649,916.61728,495.00199,1245.0763,501.5386,499.78629,509.05237,507.81867,1367.4482,515.26427,541.40223,926.5554,1225.7826,1357.6818,1186.8279,533.40541,431.7195,898.4878,538.32487,322.5731,511.09734,935.11095,499.81429,508.58426,511.73263,910.48976,486.49515,1309.6756,336.5848,1185.8449,1184.4766,924.23408,1231.1329,494.58311,896.86229,1347.0097,488.23746,1367.396,911.21431,912.51056,885.54828,889.99182,407.78297,469.59736,548.125,543.63694,485.50608,462.64635,924.06119,359.54167,1358.874,909.36985,928.44429,540.90466,438.27465,901.61889,910.05884,1355.2957,408.075,1090.7266,537.06022,906.35182,1242.9677,920.7195,506.38209,921.96866,898.17877,1261.3637,332.15037,1237.2197,903.78309,494.21294,895.09555,492.39278,499.10023,493.31678,890.74934,474.86354,478.61029,881.82986,494.1692,484.64082,490.19207,884.74306,903.24784,783.06114,851.05937,485.74016,485.58478,486.0427,492.21299,866.43062,851.08016,788.68581,483.13394,492.89326,787.96215,482.96785,880.82668,823.02866,875.15345,877.24062,879.64939,488.05936,715.84038,477.94696,492.11485,479.98432,496.75276,488.3586,884.30418,824.84051,861.30381,848.90437,725.98676,485.40417,873.55675,493.00307,794.15999,877.16791,900.8674,851.28656,882.82684,903.25102,485.98037,898.22224,474.29487,869.34104,808.6608,861.31297,752.198,878.90533,890.38932,487.91639,888.24992
552.63509,917.19694,490.24711,1210.0655,501.43296,498.41572,508.92621,495.79324,1364.0691,515.48375,542.41037,927.67254,1225.7826,1336.2848,1186.8627,534.04079,411.24186,904.9944,537.9314,310.58077,511.08727,942.223,498.39075,493.07847,498.17945,909.65114,478.73795,1274.4564,350.25926,1141.8701,1142.4181,924.72052,1192.984,493.71507,903.49062,1331.5911,475.99885,1361.763,912.72761,912.93166,885.98632,895.13152,389.1854,457.35705,548.65638,543.74074,474.37667,442.94363,924.3816,416.5,1358.8231,911.26083,929.80469,540.87734,424.15079,908.12495,916.28534,1354.3384,399.44017,1063.3253,536.6138,906.79844,1206.7756,921.14557,506.28546,923.82703,899.22822,1224.2888,319.64798,1155.6479,906.75365,493.96142,895.22991,492.06769,498.9743,493.41136,889.82315,475.35804,476.71326,882.18473,494.27027,484.416,489.63872,884.7808,905.81625,776.59945,837.25529,483.91781,485.66777,485.69168,494.10659,863.34103,845.06903,774.92571,483.47807,493.0428,777.34188,482.86322,877.18353,816.34828,868.58267,876.45796,879.57862,487.9768,696.93866,477.98178,491.79042,479.62683,496.21464,488.4691,883.69595,818.92406,856.814,842.40245,711.27339,488.52012,872.67802,493.31906,783.4905,869.35596,900.58956,843.49348,883.02221,902.9644,485.94095,898.40494,476.72515,868.63418,799.96748,870.86718,735.99529,877.1442,890.96111,487.80518,888.30295
552.32807,917.69238,484.57762,888.32498,501.33643,498.15598,508.85992,481.60427,1355.4527,515.57285,543.07159,928.72243,1188.4166,1305.3473,1108.7031,535.71867,390.12807,909.69211,537.40866,301.09625,510.17921,948.16036,496.22232,477.36253,482.37197,909.0039,469.00478,1236.6743,373.53456,1100.5228,1071.0267,925.44484,1154.1221,492.68643,908.14702,1304.6521,459.62375,1347.5787,913.89297,913.34767,891.71495,897.84154,369.71922,443.88141,546.40217,544.26434,463.00112,423.64187,924.59454,427.33168,1358.4431,911.73817,930.23743,540.82256,419.51563,912.37706,923.95146,1351.4031,387.4748,1035.4349,536.75074,907.21769,1168.4874,921.31375,504.48221,924.84868,900.39944,1185.7729,308.75329,1115.2244,913.36326,494.12846,895.43015,491.73599,498.63176,492.88528,888.05793,475.37632,477.50613,882.32656,494.36573,484.57143,489.99583,884.6262,907.57543,767.7729,821.30835,481.58081,485.822,485.94528,492.66022,859.9069,838.42722,759.31063,484.94307,492.32525,765.49829,482.72801,872.70823,809.11494,857.99761,876.15235,879.58599,487.71295,677.36518,478.5536,491.71611,479.04415,496.16126,488.43779,882.05089,812.88705,851.2931,835.5142,695.03533,486.31818,870.14206,492.24501,772.04223,858.58207,899.67359,833.133,883.04656,902.41987,486.08554,898.54024,480.75789,865.78464,789.37135,879.40263,716.88363,874.54993,891.42256,487.86278,888.17577
551.9895,918.04878,478.41258,1143.1336,500.67297,497.97844,508.5948,468.17224,1338.9912,515.93139,543.49297,929.06462,1149.7989,1268.3891,1071.1813,534.41552,368.5183,913.25425,536.89894,293.56434,509.47121,951.17969,492.28855,463.36792,467.58732,909.08684,458.47924,1198.002,392.03826,1063.2315,1071.0202,926.07302,1117.1753,490.43119,911.03365,1268.6201,442.49244,1323.3814,914.81421,914.09562,898.31673,899.34254,353.64013,429.56792,547.57445,544.1168,453.28329,405.31602,924.68289,433.79821,1356.8867,912.10391,930.58902,540.90965,399.72973,914.93567,929.56274,1344.94,376.42105,1008.09,536.65813,907.50152,1129.4062,921.15885,503.04182,925.14391,900.8773,1150.5669,299.3841,1115.2245,918.99519,494.13636,895.60517,491.03161,498.57239,493.34646,885.68229,475.00568,474.77642,882.37427,493.62373,484.46906,490.05682,884.45523,908.64228,757.07568,802.4735,480.29787,485.73884,486.15199,493.96631,855.82128,832.11155,740.88874,484.52201,493.8234,751.32782,482.90171,867.69783,801.25621,844.27092,875.85479,879.66338,487.56827,657.04507,478.92128,491.78216,478.7832,496.12841,489.42455,879.12667,806.99259,844.62891,827.93228,677.47962,486.47876,866.25075,492.87323,758.93276,844.64728,897.68523,817.39726,882.90428,901.63793,485.3453,898.69955,479.58852,860.89133,777.37536,887.32653,695.22,869.88537,891.71284,487.72955,888.05688
551.34097,918.22161,472.66926,893.95981,500.79222,497.39602,507.98618,455.5194,1313.5713,515.63885,544.15965,928.64935,1111.9916,1230.1437,1071.2049,534.5843,349.77897,916.11666,537.18268,286.46026,508.71884,952.18148,486.74104,448.4956,452.5585,909.41454,447.19961,884.46413,402.61187,1029.7649,1038.759,926.54902,1082.0069,485.59872,912.65241,1227.3579,424.62051,1289.516,915.83838,914.76594,902.8277,900.40217,336.97083,415.70545,546.34457,543.7195,442.87857,386.75183,924.65853,442.32474,1352.5966,912.86764,931.87093,540.63963,378.02532,916.52145,933.05877,1333.1965,365.79119,983.37666,536.85396,907.64682,1092.1834,920.91749,498.43536,925.72632,901.01195,1117.1256,293.60462,1039.4635,922.27778,494.26053,895.77148,489.14028,498.51771,493.27098,882.06652,474.92739,477.44314,882.14291,493.55045,484.65895,489.59793,884.38866,908.52427,742.52255,781.5097,483.95635,485.82811,485.93866,493.38611,851.22145,825.21278,718.85355,485.59254,493.83678,735.56963,483.456,861.97059,792.68314,826.50411,875.51552,879.54896,487.71986,635.71645,478.51629,491.84622,479.21035,495.70256,489.25279,874.43872,800.34865,836.74958,819.54316,657.99036,490.91039,860.53508,491.83493,744.0,827.62861,894.00742,798.31776,881.21021,901.04257,485.73786,898.49626,475.48649,853.76163,762.74735,894.02346,669.59843,863.13737,891.88029,487.54971,888.10483
550.84851,918.24188,465.63843,896.66502,501.12629,496.478,507.84851,444.47497,1279.8101,515.6999,544.25253,927.4309,1075.7529,1192.0638,1004.0681,535.11944,331.49138,918.10724,536.37539,282.74394,507.97285,952.16417,479.3142,430.59839,439.80414,909.85386,433.92524,888.58124,413.21886,1003.6149,986.02507,926.88717,1047.515,479.48177,913.99897,886.02618,405.75362,1248.3319,916.71997,915.25364,906.3143,901.27438,325.15125,401.92401,546.51146,543.78324,430.21024,371.66137,924.5435,459.37558,1340.8113,913.74592,933.97058,540.14826,343.28523,917.54785,935.85055,1314.8737,353.28081,962.43743,536.40336,907.75915,1055.811,920.47893,491.819,926.28677,900.9871,1084.6408,289.86006,1007.3344,923.52312,494.12512,895.91126,487.2526,498.84457,492.56948,877.37185,475.12364,478.61846,881.6858,493.15726,484.375,489.28989,884.361,908.25624,726.48034,759.70108,481.60287,485.81341,486.39974,493.41564,846.44903,816.8534,692.10429,486.14195,493.98783,718.32745,482.10671,855.30549,783.21807,805.5138,875.51573,879.63709,487.06452,613.01163,478.3776,492.03614,480.09257,495.58696,488.97376,866.85617,793.73233,827.31999,810.67207,636.23579,486.34538,851.83057,492.0924,727.62789,808.09075,888.5505,775.61476,878.09715,899.90072,486.08993,898.40398,478.89333,844.96052,745.92963,899.29831,640.81958,854.36837,891.4915,487.76865,887.99853
549.95455,918.19217,458.67744,898.83373,500.51074,496.85024,507.49174,433.01232,1241.237,515.31828,544.1513,926.18151,1040.8211,1154.4026,977.72993,535.62376,312.6876,919.16494,536.53026,279.0143,506.93472,951.51719,469.05128,409.70412,428.28701,909.75539,421.93608,892.05489,425.45259,982.13136,967.05336,927.07223,1019.0936,469.30739,915.30589,890.11327,388.00592,1209.2128,917.30143,915.41078,908.63094,901.67045,314.37775,389.08135,546.22786,543.92252,420.44769,356.16132,924.24645,479.89645,1319.9833,914.58348,936.19032,539.90329,326.83055,918.3726,938.46213,1290.8434,339.82311,946.0575,536.39565,907.79237,1022.8337,920.08374,482.87395,926.53575,901.11479,1054.1119,287.38976,1007.3596,923.63237,494.36328,895.77629,484.89602,499.21719,492.3318,872.05483,474.52801,479.6039,879.75819,493.6288,484.35671,488.98937,884.18191,907.79204,707.74799,736.20847,484.02041,485.23602,486.3894,495.47643,840.98788,807.39136,660.87581,486.05391,493.02544,698.36991,482.64922,848.11222,773.03174,781.77931,875.56815,879.80842,487.02157,588.08528,478.42067,492.17869,480.75862,495.96633,488.78552,856.04682,787.179,816.95635,800.76007,614.05701,489.64145,839.79484,491.90987,709.10369,786.6503,880.37033,751.47065,872.73407,898.37399,486.061,897.76216,475.58235,834.99178,725.27591,903.81052,610.10402,843.64301,890.40094,487.37086,887.22102
548.76978,918.1251,450.20898,1020.5256,499.66822,496.03342,506.42249,423.01969,1201.8688,514.4958,544.41655,925.46948,982.94049,1118.0077,977.7062,535.90213,295.36652,919.61226,536.21257,277.60501,506.2207,951.35052,456.01663,383.98401,417.45217,909.24133,410.2678,895.81664,441.45025,966.18875,952.27884,927.16045,995.73535,458.20437,916.88323,894.14903,369.89788,1164.9928,917.27209,915.39635,910.51097,901.86267,306.15747,374.97542,545.28366,543.83729,409.0,341.16455,924.24357,500.68721,1290.5309,915.273,938.07951,539.85109,311.65306,919.00182,941.13844,1260.4182,328.27139,934.09105,536.41984,907.90833,996.75282,919.73056,470.95351,926.28613,901.34332,1024.6725,285.47998,978.64539,923.6178,494.1638,895.71817,483.50656,499.38624,492.0879,865.54642,474.20252,482.16467,876.81813,493.53568,484.64552,488.84916,884.11321,907.5124,686.65472,712.1792,482.03333,484.78419,486.66262,494.20741,835.35492,796.85519,626.46312,484.9163,492.10223,675.60682,481.77149,840.28066,762.05472,755.56015,875.6075,879.79173,487.03956,561.30859,478.12947,492.45447,480.40919,495.58582,488.83457,842.06485,780.59442,804.69654,789.95312,591.8117,491.7318,825.3795,491.83667,687.59386,762.78804,868.26337,725.30124,864.44785,896.61167,485.58852,896.3178,477.98095,823.538,702.59812,907.53863,580.79006,831.28803,887.93245,487.47678,885.71541
547.37387,918.00699,441.22792,997.44233,497.58667,495.58427,505.82272,412.76793,1163.4084,513.06907,544.48602,925.46398,982.94049,1083.2827,944.78375,536.2419,281.0188,919.68503,533.77258,277.49412,504.59621,952.01442,443.08099,357.85951,406.08784,908.49512,398.4832,1023.5985,460.52869,952.8863,942.13195,927.12542,977.13528,444.9868,917.86557,897.02392,354.69739,1125.6982,916.88452,915.42899,912.12487,902.06419,299.176,361.26733,542.49943,543.59726,399.51,330.35709,924.20865,518.26656,1255.7562,915.85098,939.4664,539.23134,294.74505,919.3669,943.5572,1227.0186,318.66436,925.17474,536.11879,907.96954,977.41158,919.24521,458.44652,925.25747,901.45521,997.56297,284.62106,942.93124,924.07131,494.33103,895.60894,479.91904,499.45535,492.38047,858.13253,473.50147,483.43416,871.92875,493.76723,484.98603,488.73362,884.14966,907.72343,663.51893,688.99591,482.33579,484.52539,485.3502,495.87984,828.50014,784.154,590.48209,487.02847,492.99788,651.93649,482.36761,831.69838,749.39047,727.91201,875.68485,879.78459,487.36234,532.72826,477.37428,492.22815,480.89239,495.63701,489.18866,825.28492,773.50787,790.43249,777.51096,570.05361,491.2901,809.42334,492.06348,662.74277,737.75108,851.60799,698.54884,854.54759,893.94551,485.81608,893.06115,475.26705,811.51531,677.37987,909.88388,549.90927,816.95015,883.214,487.40669,882.55634
542.04876,917.91153,432.00468,980.08833,492.2731,493.5973,505.56323,406.03636,1127.5354,509.69206,544.30725,925.69293,961.67624,1051.2617,944.78318,535.88889,271.45776,919.70731,531.28125,278.1204,504.55336,952.96612,429.93864,336.68554,393.62366,907.83276,385.21412,999.27886,481.67208,942.33361,942.13195,926.87429,965.22069,430.63371,918.31581,900.64968,340.35642,1089.8178,916.04261,915.43817,913.70543,902.28311,294.69546,348.28112,537.56884,542.40073,380.24031,319.48467,924.13978,530.37883,1218.7914,916.11787,940.83477,538.29127,281.1953,919.2617,945.38972,1190.6861,308.57609,917.86187,535.93243,907.85752,963.65041,918.80754,444.79129,923.80277,901.41722,976.71436,283.54678,942.92483,924.66387,494.87602,895.29916,477.13973,499.32456,491.7561,850.86563,473.46925,480.80606,865.07562,493.44668,484.46872,488.67784,884.20123,907.76522,639.51788,665.4447,482.36559,484.66855,486.76368,494.93447,820.59832,769.91874,553.67239,486.99873,493.18623,627.53894,481.78081,821.82804,735.71014,699.14891,875.78544,879.68516,486.36896,505.14283,476.70226,492.58894,481.44111,495.98195,488.84874,805.77343,766.23192,773.29772,762.7749,546.33399,490.68664,791.88056,491.86439,636.61593,711.85123,829.79289,671.94057,842.18374,891.5117,485.62648,887.71104,477.70051,798.12266,650.86625,911.24351,519.77266,800.56207,875.8463,486.88148,877.29504
532.04361,917.81806,419.34328,968.15666,485.4937,491.28717,505.33625,381.33553,1090.6504,504.47097,544.41697,926.1892,947.07687,1051.269,925.98965,535.67568,264.37323,920.0558,528.34259,279.12485,503.5913,953.37933,414.72343,312.63191,387.89163,907.62175,370.94286,980.51411,499.58961,934.94261,934.85518,926.41528,956.45499,415.90256,918.14277,1004.1556,325.70746,1055.3648,915.29593,915.47823,914.64394,902.62273,291.65034,335.79402,530.43775,539.83059,354.22222,310.53836,924.08066,535.40371,1181.2375,916.32446,941.97455,537.21091,272.37909,918.53191,946.6611,1154.0399,299.93788,912.85454,535.45058,907.45957,952.76231,918.44912,429.44806,922.41113,901.13455,962.25956,283.54391,933.16619,925.07041,495.667,894.24689,472.0,499.13877,492.02638,843.13093,472.13148,480.90506,856.27938,493.49704,484.749,489.17017,884.13526,907.689,613.42848,641.84574,485.53083,484.88704,486.02551,494.25657,811.59817,753.27334,515.92997,486.25731,492.76776,601.55183,482.18625,810.8413,720.38407,670.33464,875.74514,878.80242,487.66032,480.67103,475.28174,492.87047,481.51061,495.27411,488.9011,783.77508,758.79081,753.26117,745.34569,521.81535,489.85714,772.53458,492.43434,609.21186,686.09142,803.53062,645.01939,826.70885,888.49004,485.16157,878.71804,478.86207,784.91276,623.28092,911.76356,492.51256,782.69484,866.0327,486.73355,868.11879
516.69283,917.58024,408.1786,959.7647,474.17717,487.58507,504.66502,361.8609,1057.6931,496.82721,544.0481,926.40944,936.81191,995.51194,921.65212,534.886,259.77055,921.14179,523.72242,279.11301,501.98319,953.10588,400.32085,297.33857,362.98504,907.61609,358.57272,966.97732,514.54383,930.20607,927.75194,925.74882,949.60177,400.36588,917.39695,981.17084,315.85337,1027.4294,914.84509,915.5486,915.07827,902.99452,289.21558,324.50038,520.0503,536.44424,335.62828,305.37796,923.92964,539.72811,884.66414,916.65167,943.16807,535.25346,267.61873,917.21925,948.04029,1115.6753,292.69616,909.8038,534.88962,906.99336,944.27485,917.98574,414.05824,921.47061,900.98227,951.37427,284.15552,923.24549,924.8491,494.90249,892.01661,464.85667,499.23404,491.59343,834.20381,469.37936,479.04037,844.19743,493.25449,484.77834,489.10931,884.10923,907.58973,587.64225,618.86855,484.86047,484.93452,485.61479,494.71284,801.52211,734.82636,481.51638,486.47076,492.5636,576.39959,481.95484,798.11544,703.18719,642.10515,875.3542,877.23019,485.11889,459.81698,473.00138,492.44793,480.87594,495.58818,488.75163,760.23394,751.1259,729.5816,724.19882,498.59566,490.375,752.57127,491.75412,581.49384,660.14881,774.40186,616.32313,808.94219,884.63963,485.13936,866.42643,478.51412,771.31654,595.7185,911.87834,469.19639,763.26968,851.61671,486.65199,855.3282
498.1335,917.37707,394.2894,953.8877,462.97416,483.18706,504.71027,333.95413,1028.2739,487.37235,544.05831,926.49668,930.2823,974.57531,919.38201,533.09657,257.00212,922.40524,515.54907,278.74767,501.04316,952.29822,385.91929,285.48459,344.63846,907.67078,344.24524,956.87483,524.17695,927.75753,927.18384,924.94007,945.53288,384.80851,916.43409,964.14671,304.39412,1003.9176,914.63333,915.59727,914.79676,903.3549,287.19312,314.93708,508.10405,530.98392,320.66267,301.60586,923.67012,541.60495,889.6014,917.0776,944.80682,531.8,266.52689,915.89413,949.84555,1077.7605,286.97076,908.04539,533.78748,906.53041,938.43131,917.44988,398.92202,921.19356,900.91941,943.79286,284.2105,923.24295,924.32043,495.02736,888.99322,457.17622,499.43062,490.41592,825.37417,465.13382,479.27301,830.59571,493.45783,485.28447,488.92063,884.33866,907.27066,561.60135,595.825,483.64769,485.11798,485.60948,495.11407,789.87421,714.69963,451.92189,485.21194,493.13187,550.88155,480.8482,783.49722,684.46203,613.56057,874.07475,874.23691,483.12564,444.05502,469.8941,492.18617,481.42384,495.35294,488.79611,735.17754,742.74333,703.50262,699.65863,476.4888,486.34454,733.00461,491.85743,554.55354,634.34367,742.9484,587.44129,789.00643,880.47765,483.46144,850.92654,473.38961,756.98627,569.77174,911.89769,449.98552,742.41765,831.44423,486.42144,838.27381
481.30667,917.15857,381.56442,949.62971,448.81756,476.42149,504.55209,318.67807,1002.9287,475.84734,543.47016,926.49571,926.07084,960.58912,918.85344,526.86479,255.04217,923.58964,502.82239,278.61121,497.66137,951.46148,371.94737,280.06902,327.81064,907.6648,332.6902,949.89798,528.86398,926.6505,927.18796,924.28095,946.07914,370.25,915.60252,953.06849,294.16296,984.43869,914.47481,915.60237,914.26813,903.4624,285.8236,306.51145,495.88905,522.5919,308.27662,299.10911,923.25384,541.19037,894.54415,917.61205,946.44774,527.03218,266.4627,914.97789,951.32763,1041.0713,283.34521,907.36487,531.66229,906.17462,934.54014,917.09691,383.32884,921.42881,900.91678,939.03456,284.32021,922.06291,923.84192,494.46071,883.84442,448.33834,499.12063,489.91154,816.16038,460.64441,477.09852,814.98334,493.48793,484.98318,489.20481,884.25704,906.84958,535.13692,572.4371,486.17816,484.65689,485.99471,495.46737,776.89572,692.85953,428.26597,486.08601,492.25225,525.75209,480.69273,767.63065,663.54716,585.52116,871.89466,870.19303,480.09062,432.46181,462.86757,492.71307,481.75427,495.50457,488.8254,708.58906,732.93127,675.18879,672.47538,456.27951,486.7451,712.52333,491.91812,527.71169,608.8791,710.20534,559.25764,767.63837,875.53281,481.5343,830.63679,477.44375,741.9515,543.36278,911.7895,435.52113,721.58165,806.52582,486.33525,818.48348
464.66871,917.02587,369.42359,946.21848,434.79339,467.9911,503.74808,303.52791,981.04536,462.50467,542.96577,926.43708,923.60101,950.50218,919.66923,515.85048,254.51618,924.23252,490.79918,278.66045,493.53486,951.07177,358.52075,279.25106,314.9862,907.58005,323.60626,944.68455,529.4702,926.05009,927.52042,923.51696,950.52506,357.34865,915.07141,947.84308,286.92568,969.35374,914.32083,915.59728,913.38232,903.49806,284.93412,300.55759,484.95225,510.36784,293.59825,297.36507,922.99353,542.39235,898.5862,918.28831,948.01917,518.94843,266.24623,914.7189,951.87566,1009.6272,281.10148,907.66127,529.58065,905.964,931.8721,916.71469,367.40084,921.99959,900.94192,936.23472,284.38158,924.30266,923.43256,492.87419,875.70279,437.56027,499.24464,488.01607,805.99459,454.23042,477.21637,797.24635,493.46821,485.30702,489.32733,884.12822,906.42122,510.83657,547.82124,484.45896,485.32236,484.99197,495.36533,761.86377,670.16422,410.29813,485.11027,492.1246,501.93065,480.46624,749.6303,641.53455,558.50059,868.36054,864.36106,476.27724,424.25101,454.63508,492.83517,482.398,494.96213,489.11204,681.39588,722.04085,645.66803,644.12395,438.57887,489.89362,693.00252,492.10911,502.39506,583.99601,676.47452,532.05612,743.939,870.05119,479.4922,805.82448,473.21118,726.74154,518.5003,911.6499,424.5599,700.32144,778.41322,486.54538,793.52321
448.31111,916.9421,356.29412,945.03315,418.19565,457.47791,502.89552,287.35948,964.40727,448.15818,542.19985,926.35998,922.54159,943.51411,919.67008,500.36026,253.41197,924.20644,479.07273,279.22886,486.13754,951.142,345.69851,280.08564,303.07131,907.28108,313.101,944.66118,531.24146,926.34288,929.26019,922.90993,954.70036,344.75544,914.91559,947.18094,280.56621,958.32774,913.94744,915.56174,912.488,903.37672,283.83578,296.42976,474.26877,497.59628,281.43622,295.8964,922.93514,543.81374,1014.233,918.66153,949.2496,508.37813,266.0017,914.7113,951.93494,982.08363,280.87913,908.20098,525.63095,905.91457,929.36916,916.36797,353.86686,922.58187,900.93647,934.93847,284.62448,926.44716,923.27342,492.55102,865.51173,426.90928,498.7355,486.24831,795.12806,446.0084,487.52632,778.6409,492.87396,485.40814,489.56966,883.162,906.19301,489.95344,524.46219,485.08442,485.14856,485.31984,494.86087,744.58652,646.17428,398.62608,486.45526,492.42393,480.61816,481.02081,728.75137,619.45655,531.29608,862.27915,858.18009,468.14004,418.48837,444.78577,492.63274,481.44778,494.94161,489.19295,653.48736,710.29565,616.87433,614.4926,424.01312,486.58605,673.91261,491.73868,479.04819,561.20446,641.20157,508.59064,718.534,864.13835,476.14107,778.63589,474.03419,709.88337,496.29975,911.44987,417.2846,678.34063,746.12256,486.60581,764.55246
430.21032,916.96,342.16925,945.50067,401.50066,445.43382,499.89958,275.73164,951.8462,433.2094,541.40247,926.29994,922.63192,939.6866,924.22255,483.61728,252.31441,923.40986,467.28853,280.54308,476.02152,951.21907,333.31419,282.439,289.85805,907.02231,305.35382,939.24682,532.24938,927.2209,931.78453,922.33924,955.69678,333.25112,914.89293,949.13063,277.95724,949.40562,913.46793,915.42738,911.9355,903.18552,283.12007,293.21729,464.63428,485.04167,274.34833,295.87786,922.79186,544.28021,988.88519,918.8923,949.89338,495.58603,265.67083,914.98761,951.3855,961.30418,281.40086,907.66574,519.38532,905.88126,926.95583,916.20088,342.42302,922.99424,900.96208,935.61698,284.71638,926.42476,923.12408,491.48827,852.19658,415.30022,498.89379,482.62654,782.5146,436.34622,481.14,758.37709,493.05775,485.39864,489.48258,881.73165,906.14333,471.41741,504.02327,486.02083,485.28767,485.00521,495.1269,724.99378,621.63109,393.7079,485.97592,492.44857,462.57075,480.63666,705.54738,597.32641,507.60068,854.4127,850.41414,462.93122,413.74797,432.68931,492.9471,480.9044,495.14792,489.51529,625.9644,697.40206,588.66273,585.92685,412.9864,487.94425,654.89492,491.49644,458.24808,539.88054,604.73099,488.84645,693.19334,857.64533,473.14263,748.92775,479.83857,689.75461,476.59349,911.13708,412.36077,656.2178,712.07378,486.64833,733.80788
418.11905,917.00356,330.05297,948.56058,385.5568,432.37813,493.39815,269.67061,942.80959,418.77241,539.69803,926.21162,927.37529,937.54572,927.63337,469.12829,252.18555,922.39543,456.25964,281.74019,461.93205,951.19469,319.35214,284.24225,280.29825,906.81709,299.26528,940.07635,533.02861,929.55199,931.77027,922.10195,954.5804,322.30126,914.94733,950.97814,274.9857,942.64493,913.13967,915.12557,911.83955,903.11016,282.79284,291.15112,454.77913,473.39826,271.29215,295.38581,922.80888,544.36237,969.01902,918.94455,949.88156,484.50551,265.38462,915.29087,950.5544,947.52399,283.75693,906.75515,509.76138,905.87917,925.79083,916.2119,330.16079,923.41013,901.03829,937.95442,284.70733,930.78848,923.0136,487.23406,835.89042,403.05964,498.5,480.65648,767.85493,423.53635,477.37245,737.28565,493.12955,485.53242,489.52147,878.39767,906.01691,455.91953,485.3454,482.49237,485.01925,484.95026,495.86471,704.08348,597.67561,393.04149,487.32606,492.87379,447.65701,481.93633,678.82406,576.06803,486.60203,842.5326,842.18136,452.4507,410.74736,420.60475,492.67304,481.12182,495.06517,489.20735,597.0278,683.31773,561.1231,556.31522,404.86463,488.57803,635.53019,491.74274,440.68766,518.82541,569.39315,473.09073,666.94562,851.04053,472.30569,716.07776,475.84328,668.60459,459.92056,910.47503,410.35377,634.23787,675.8731,486.6,702.89023
402.59524,917.10066,321.23656,951.71636,369.94744,418.76159,479.91311,267.37833,937.30124,405.67573,537.1701,926.15238,927.37289,936.38532,932.37532,454.43033,251.69687,921.54627,448.09416,281.61572,447.74411,951.19981,311.23367,285.58487,274.60023,906.65261,295.25,941.68217,533.99247,932.08073,940.93951,922.00837,951.68205,315.806,915.0081,952.68814,273.10832,938.43819,912.87787,914.73779,911.98453,903.01861,282.17114,289.90889,444.35294,462.79456,270.89533,295.00203,923.19022,544.49947,954.11342,918.85839,949.55624,474.00732,265.35605,915.52655,949.94876,938.13245,286.0838,907.0167,500.08917,905.85423,925.47769,916.22614,319.15244,923.72525,901.07795,939.67359,284.6292,941.96321,922.82785,484.25247,817.3798,391.29053,498.21429,475.89923,750.73585,409.30484,471.43972,715.49679,492.68987,486.05561,489.15605,872.01394,905.86565,442.9103,468.77461,482.9812,485.17269,485.35271,495.3487,681.70834,575.66183,393.5128,485.2343,492.77712,435.51256,481.56726,651.32017,553.7613,469.53047,828.38133,833.0734,440.23909,408.54022,405.82181,492.97927,481.21763,495.26144,489.54338,567.42677,668.06654,532.74339,527.94131,399.87477,484.19805,615.93006,491.48516,426.27377,501.52053,535.43632,460.50594,641.14702,843.54385,467.15146,680.99048,475.77841,644.5656,445.86024,909.40537,410.13272,612.3386,637.85164,486.69032,671.42732
382.21443,917.30627,310.53596,954.80782,353.31641,404.93039,462.58805,267.87515,934.76215,392.37722,530.6907,926.19747,930.3259,936.62333,932.36703,438.72325,251.75166,921.16392,445.35,281.24244,431.76489,951.17653,301.15939,286.41141,272.85971,906.45221,293.11238,941.89869,534.98321,935.60522,940.93703,922.01176,948.88846,308.10627,915.03531,954.52818,272.08607,936.99245,912.81121,914.26092,912.47593,903.06603,282.0024,289.23027,438.5,454.0034,271.57094,294.34926,923.42613,544.5911,941.75886,918.70196,948.86654,464.76761,265.73052,915.64806,949.86876,931.02049,288.14004,909.15919,489.32644,905.74632,925.57403,916.34218,309.97095,924.01904,901.12113,942.53055,283.87472,944.63247,922.77597,479.50768,794.96525,379.07246,498.22573,471.63342,729.36765,391.88306,484.76842,693.43327,492.4043,486.09302,489.3106,863.16742,905.73184,432.30608,454.98079,484.0,484.91257,485.65711,495.3295,657.56458,552.99062,394.80322,486.45989,493.3439,425.99125,480.96966,623.81735,531.27877,457.54114,811.14499,823.91124,428.03215,406.65968,391.75032,492.43592,481.38,494.78119,489.28246,538.09279,650.70092,506.84832,502.60489,397.60378,487.60256,596.3726,491.25953,415.75565,486.71891,504.79758,448.01717,614.9696,835.09147,462.38659,644.75032,477.3787,618.95129,434.4697,907.79533,410.48636,589.6787,598.3574,486.26204,640.12482
366.21156,917.4409,300.82382,957.60402,340.4085,391.43758,445.18425,270.40772,933.31386,379.27562,519.34486,926.26042,932.435,937.6342,940.93872,417.4,251.80886,921.13221,435.84,280.86873,416.34311,951.21644,291.8152,287.20942,272.5258,906.30427,290.60083,941.89558,534.91646,939.30834,943.0063,922.1834,946.484,302.40291,915.05853,956.02517,270.83237,936.09498,912.81516,913.9462,912.86127,903.18344,281.53771,288.9397,427.23558,443.82969,273.10812,293.60026,923.67786,544.58725,933.5126,918.53898,948.20679,455.62791,266.49557,915.81923,950.01213,926.22257,290.73073,912.58586,478.26984,905.65444,927.47549,916.42791,303.12534,924.12158,901.25223,945.92863,283.52464,944.63247,922.75754,474.32811,770.08072,368.89773,498.57852,467.08508,705.39772,376.29117,477.73846,671.16702,492.78721,485.5334,489.34864,851.2284,905.42191,424.13443,443.36994,484.74299,485.54515,485.31649,495.65507,631.99776,531.16661,395.69288,486.81034,493.26645,419.95663,481.05426,595.36057,510.67357,448.61972,790.9696,813.89314,414.70506,404.52109,377.20406,492.04745,480.05216,494.79665,489.40948,510.93449,631.46987,484.90216,480.65363,397.10031,487.91438,575.98186,491.35397,409.17079,475.06658,479.40635,437.54754,587.64567,825.72765,455.2029,607.56724,475.36508,593.72411,425.40354,905.03534,410.89408,567.21211,561.00942,485.85679,610.8389
351.87897,917.6467,294.19569,959.41509,325.9213,377.5114,428.39818,272.8078,932.57925,364.51502,504.90407,926.28625,936.43623,938.19819,940.94034,339.89063,252.75526,921.25399,418.85714,280.63284,398.96711,951.25443,284.98423,287.74646,272.65792,906.16662,290.07328,945.43634,535.01685,941.80921,942.14422,922.45,944.5,298.56538,915.16442,958.23892,270.65059,936.24324,912.84925,913.65776,913.03805,903.51865,280.56967,288.55957,410.43119,432.01767,274.8142,292.94763,923.84505,544.42279,928.49901,918.36338,947.61573,446.35529,267.41035,915.94194,950.41335,923.13474,292.19293,916.73232,467.59211,905.58913,928.46379,916.51205,296.95637,924.19034,901.49449,949.93128,282.73704,945.09471,922.75659,468.3218,742.91396,359.56842,498.42776,461.40163,678.39859,359.87935,478.52222,649.02756,492.8286,486.04272,489.45389,834.69942,905.4333,417.74029,434.53503,484.81106,484.76296,485.75871,496.26513,605.86102,511.90408,396.38468,487.52174,493.91597,417.47587,481.00675,568.74209,492.25553,441.79873,768.7808,803.8549,398.28964,402.39907,363.06849,492.16076,479.42841,494.84372,489.58656,487.94968,610.90569,465.82032,462.41641,397.22984,486.95817,555.13034,491.54274,405.42776,465.3902,459.80781,430.58976,561.26851,815.32384,447.70156,570.70977,482.79426,569.81981,418.88523,900.44857,411.17552,544.03328,526.56707,485.80148,582.79795
339.6162,917.92082,288.80576,960.75737,314.28939,363.45854,408.81134,273.88653,932.56649,350.03511,490.58011,926.24856,940.80879,940.09142,942.19997,404.30769,253.47819,921.43098,394.9466,279.98697,384.24202,951.31296,280.05842,288.52412,273.29911,906.01018,288.89069,949.71299,535.76988,942.71121,941.89058,922.83811,941.99034,297.02741,915.24176,960.12187,269.91834,937.0415,912.9487,913.39535,913.1008,903.72752,279.96562,288.47847,396.62295,421.06911,276.55467,291.9695,923.90333,544.375,926.76991,918.13583,947.00448,436.80592,267.85302,916.11109,950.81849,921.07152,293.61958,918.21624,457.50569,905.58466,930.78515,916.5968,291.83587,924.31134,901.87244,954.2617,282.27063,943.68258,922.93433,460.36229,712.04991,350.04969,497.90024,456.12903,650.00665,343.44737,473.0,626.88237,492.84075,486.12972,489.18079,814.71778,905.03906,414.32849,430.66151,479.85279,484.8153,485.71482,496.28694,580.66193,495.31914,397.07725,487.01577,494.4741,416.70219,480.06754,542.81614,476.08815,437.23435,745.52012,792.36131,383.06494,401.55643,348.17594,491.6748,478.9798,494.71398,489.27434,470.08506,590.00325,449.94411,447.64908,397.41645,491.03476,533.36026,491.60809,403.80402,456.81242,445.15563,425.33737,535.68404,803.58585,437.86475,535.80162,485.94231,544.82403,414.61857,893.84267,411.63579,520.98542,496.69047,485.77741,555.4942
328.57212,918.38079,286.03483,962.21589,303.29709,348.25676,390.03053,274.65608,933.456,337.21699,476.28571,926.07107,942.55018,944.95152,942.19997,381.46825,253.95925,921.43914,377.30563,278.81785,369.45,951.55145,275.44171,289.63095,274.84863,905.8899,288.15789,953.07102,536.59862,943.30241,943.69283,923.09869,938.54894,295.25323,915.29693,960.70063,269.73186,940.27082,913.12769,913.10496,913.14753,903.83485,280.18055,287.78373,384.12617,401.62366,278.45882,291.7948,923.91986,545.62541,927.24862,918.04206,946.31928,424.48352,268.33897,916.29895,951.14447,921.06588,294.36253,918.06535,447.75503,905.56975,932.9575,916.6576,288.46581,924.61477,902.25264,956.76211,282.36412,942.96638,923.30929,451.48757,680.16333,341.22176,498.7863,451.52828,620.89547,331.01728,468.42105,606.07065,492.92549,486.12549,489.11319,790.19288,904.57831,413.37978,427.1748,481.02312,483.59171,485.43304,496.5221,555.65745,480.7979,397.7763,486.38495,492.53549,416.55801,479.32086,518.62195,461.6441,434.3078,720.38474,780.06738,367.91853,400.37813,335.6126,490.83186,478.0837,494.58923,489.30389,458.67594,569.15245,436.97849,435.98056,397.4663,488.30178,511.24886,491.63132,403.39858,450.25808,434.07396,421.31961,512.58131,790.53551,425.70852,507.08063,487.86179,521.4477,413.09801,884.48922,412.33796,499.68012,473.30051,485.50328,529.8223
319.49626,918.84625,283.80395,966.01781,295.25888,333.23191,371.98123,275.05753,933.456,324.47172,463.78296,925.7421,942.32282,948.26567,944.62253,362.12074,253.84628,921.41328,357.29224,277.78283,356.46546,951.80191,271.66861,290.97191,276.57975,905.73714,286.96818,955.35895,536.13753,949.44217,943.68967,923.18878,936.83764,294.0306,915.29099,960.01132,268.93872,944.41001,913.27864,912.83451,913.17894,903.91352,282.46305,287.28901,371.28882,376.80103,280.48954,291.6005,923.9386,544.70403,929.37044,917.91553,945.74757,407.93363,268.389,916.50058,951.55152,922.1594,294.50483,917.3366,437.24175,905.56079,934.3134,916.72374,286.47423,924.97609,903.04165,960.34571,282.35528,947.31866,923.74395,441.94651,646.35513,333.08535,498.66165,444.83709,592.72698,317.64923,470.58,585.26328,492.70069,486.23977,489.39004,762.80523,903.57924,412.74163,424.38193,481.07143,482.97939,485.11995,497.09838,529.74336,468.4792,398.31529,486.57704,493.47987,416.45806,479.15909,497.03586,449.1445,431.91954,694.35865,764.98462,352.78827,398.08614,326.16543,489.26024,476.41138,494.79034,488.92706,449.53512,547.39546,426.4335,426.91652,397.47041,486.44737,490.49411,491.61348,403.33548,444.15116,426.07307,420.04273,491.47019,775.67693,410.25918,483.1366,477.0,500.28282,412.73686,871.11096,412.68866,480.84852,456.1904,484.309,507.67425
313.19114,919.23254,281.82935,971.6552,289.84347,320.63263,353.09694,275.86111,935.27703,313.06198,453.37697,925.38743,941.65383,950.73578,949.03483,342.44623,253.58834,921.31123,340.27586,276.66627,344.48526,952.05456,269.27016,292.97309,278.02295,905.66189,287.72061,957.77378,536.23583,956.94432,953.3242,923.20765,937.34027,292.21281,915.03455,956.71197,269.28212,949.55872,913.45361,912.62043,913.24882,903.92797,284.79543,286.69964,358.13622,355.34085,282.90743,291.94488,923.88759,544.53905,933.15716,917.80043,945.12958,389.2339,268.81695,916.66412,951.80638,922.32899,294.51864,917.01887,425.33656,905.52153,935.73585,916.78962,284.87969,925.2529,903.92002,966.65436,282.08609,951.19422,924.63612,430.71628,610.25498,325.81147,498.05269,437.45092,564.64695,307.28932,470.16667,562.11021,492.92144,485.99514,488.27612,733.33015,901.73855,412.52797,422.70535,486.35808,481.507,483.75165,497.10092,506.35827,458.33097,398.76678,487.59626,492.48806,416.44113,477.44105,477.54606,439.0604,429.50292,667.59262,746.98324,338.95738,398.04376,315.80335,486.30776,473.08218,493.60335,489.04235,442.20994,525.76678,418.83478,422.88835,397.50629,483.70225,471.82669,491.9334,403.56745,438.70583,420.19019,419.88204,473.80426,759.27655,392.95627,464.56123,487.54804,480.19544,413.25807,855.502,412.82003,465.10254,443.61564,483.60293,489.75583
310.76329,919.49103,281.33333,976.86882,285.86579,307.94568,336.36797,276.83607,939.27752,303.62944,445.45066,924.9733,941.75797,953.09848,953.09979,331.42538,252.6724,921.19797,327.02597,275.21816,330.11697,952.17474,268.53634,295.01249,278.59916,905.63717,287.76463,962.94556,536.15819,963.43928,953.32372,923.18992,940.40447,290.92611,914.75819,951.57093,269.42487,953.52998,913.64849,912.3757,913.35933,903.91919,287.51847,286.61127,346.22788,337.02941,283.83685,291.90215,923.71518,543.68527,936.67196,917.71916,944.52673,366.66478,270.12008,916.84826,952.15466,923.16697,293.72856,917.18934,411.45307,905.2988,938.58851,916.8455,283.651,925.45082,904.85233,972.49152,281.77806,954.76004,925.52619,417.89277,573.87008,318.81023,498.72358,427.30496,535.64563,298.29418,463.78723,538.71705,493.08913,486.10659,488.60042,703.73154,898.93107,412.50396,421.95266,478.90977,480.72115,481.95767,496.07114,485.64036,449.51325,399.2732,487.41892,491.85155,416.44243,476.17382,460.13232,430.94262,428.61301,640.6251,725.86761,326.07553,399.81189,307.64801,481.89064,470.3893,492.74083,489.11855,436.87853,505.8672,416.08007,422.23549,397.48031,482.76471,454.62434,491.86581,403.68061,434.19522,414.10565,419.62878,460.39952,739.62236,374.81883,451.37531,484.63374,461.95635,414.00224,835.91142,412.92032,452.11167,435.83093,482.66298,476.3426
310.03322,919.62534,280.50644,981.11776,283.25583,298.71622,322.89494,277.9332,944.27832,296.71195,439.10468,924.57597,946.318,953.41081,953.89785,321.06426,251.06565,921.10497,315.2429,273.54137,319.95053,952.4971,266.65044,297.41322,278.64144,905.62302,286.8691,969.28496,536.04571,967.16183,959.94455,923.17747,944.13482,290.23628,914.38681,946.42799,268.59478,957.77861,913.87937,912.236,913.53445,903.91518,289.85503,286.71835,336.1367,321.60808,284.26244,291.06235,923.44223,544.31466,938.58323,917.53311,944.08863,349.20513,271.61925,916.95412,952.40603,923.40183,292.93295,917.73837,398.08957,905.00612,943.11335,917.0904,283.37493,925.49974,905.87908,977.10105,281.10202,954.76004,926.59289,403.83333,539.47614,313.19095,498.67558,416.93723,509.08547,292.36438,458.57377,515.97078,492.85361,486.04698,488.43483,674.32859,893.60515,412.86573,420.39057,481.94054,478.7161,479.84358,496.27633,468.01773,442.44224,399.6656,488.03521,491.31854,416.50447,473.02308,445.37664,424.35922,429.28772,613.85997,701.60782,316.68913,399.32168,303.08206,475.54703,466.61612,492.29506,489.13384,433.42047,488.03575,416.15839,421.77991,397.42233,490.4322,439.52916,492.09851,403.86636,430.19154,408.94875,420.07502,450.0372,717.11725,355.51287,442.25649,483.6568,446.22811,414.57798,813.22178,413.21751,442.30848,430.44458,481.60501,464.91586
310.26418,919.76993,280.79656,979.75732,283.0531,290.26394,312.26577,278.83282,947.82022,292.27866,431.78667,924.06101,948.01463,953.24978,949.4908,313.01176,249.51996,921.06266,307.53092,271.54023,311.03957,952.57171,266.34366,299.05114,278.45316,905.62169,286.57751,975.57548,535.58703,964.78296,959.94455,923.14953,945.24408,290.1915,914.0648,942.40323,267.7278,962.15442,913.98955,912.1429,913.70384,903.90967,290.22009,286.96247,328.96654,310.52694,284.31063,290.03332,923.13542,543.93555,942.31786,917.24772,943.68283,333.89241,273.21745,916.96901,952.59486,923.15437,291.9263,918.72628,383.82358,904.58583,948.77282,917.3489,283.73445,925.47581,906.79099,977.75552,279.91816,951.25269,927.51132,389.95492,507.37352,307.79299,499.08072,403.60085,485.39189,288.25584,455.25352,494.44383,492.98798,485.98571,487.92283,645.49734,886.21556,413.54534,419.85372,485.12308,474.23011,477.43539,495.53775,453.52593,436.79887,399.88472,488.25921,490.57097,416.47188,469.54632,433.16957,419.0008,427.80739,586.53011,674.19757,307.86111,396.76163,298.03568,467.62419,460.72598,490.65242,489.01051,431.55334,472.71694,416.1545,421.59361,397.33819,496.58824,428.1942,492.21323,404.12437,426.85512,405.08778,419.92812,441.17904,691.2478,336.86735,436.59189,486.25926,433.29783,415.0918,789.15853,413.18668,435.26983,424.85352,478.7608,455.18912
310.9357,919.90253,280.78788,971.30987,283.55223,284.58437,300.1561,279.22234,948.6421,289.3512,424.50754,923.72558,948.01463,954.80131,937.43503,306.3365,246.24353,920.97149,304.93205,268.96305,300.8125,952.57184,266.36812,299.52349,278.0217,905.62533,285.88558,979.90385,532.6962,953.84268,958.40432,923.14614,945.43109,290.81768,913.92915,936.82135,268.22539,967.03162,914.13642,912.12937,913.99205,903.88763,290.05979,287.31736,324.09464,304.26963,284.41333,289.01237,922.69815,540.65632,945.87013,916.90642,943.30583,322.57155,274.96659,916.93152,952.612,926.15996,291.04809,920.41172,370.47297,904.22418,951.43928,917.52648,284.20955,925.32049,907.46109,971.04205,278.07175,951.26134,928.47327,375.21981,480.83374,302.9896,499.34413,390.29148,464.93444,287.20102,437.28261,474.50988,493.54873,485.73436,487.80384,615.5474,875.69157,413.95273,419.61512,479.20175,468.68164,475.08953,497.53585,441.76883,432.1891,400.13641,488.87353,489.25041,416.38447,464.58087,424.06549,414.38779,425.04733,560.22505,645.58886,300.7746,395.23592,295.84332,457.58044,451.45168,488.71789,488.67954,430.44902,459.75162,416.14637,421.41058,397.42752,486.32836,419.98287,492.282,404.26366,423.99474,404.64272,419.32213,433.20196,662.86961,320.38477,433.52583,496.64706,422.93517,415.32343,764.04261,413.35089,428.74484,421.31934,474.6778,447.64056
312.10946,920.05533,281.05898,955.6661,284.10112,282.28768,289.42376,279.41805,948.60108,288.29447,415.93004,923.40984,947.62242,958.04536,918.12641,302.6942,242.71178,920.93326,305.20683,267.21062,292.71095,952.56027,266.37544,299.28446,277.45887,905.65134,286.23901,980.38926,530.39075,935.92464,938.66146,923.15589,945.08991,291.99401,913.9197,936.05636,268.4997,973.22535,914.32147,912.11481,914.36859,903.86897,287.81721,288.13403,322.00642,301.02228,284.37668,286.83429,922.35684,538.37411,948.55271,916.679,942.9514,313.30696,277.33318,916.86968,952.60729,929.36203,290.17503,924.58966,358.3936,903.87233,951.08586,917.72218,283.97012,925.10721,907.87544,957.2845,275.05874,938.49567,929.62479,361.56608,460.66913,299.67577,499.33221,375.01117,448.74026,286.12813,421.08861,457.15539,492.66068,485.51933,487.89616,585.66891,861.72069,414.38915,418.98569,479.87288,463.44177,472.6411,497.29006,431.75035,428.47008,400.42867,489.39975,488.32136,416.3171,457.50246,417.50933,410.97098,423.11704,533.83878,616.62371,296.62416,394.901,294.33653,446.01258,442.63752,486.38257,488.80929,428.99817,449.1987,416.18153,421.30843,397.45965,484.0,414.17326,492.3641,404.41125,421.82751,405.26779,418.13405,427.36952,632.81183,306.7953,431.30251,481.44231,414.71541,415.49067,738.0714,413.25652,423.62995,420.25016,469.11532,441.08872
313.414,920.24974,281.63237,934.68781,283.65462,281.63557,281.01423,279.53902,949.96249,288.36166,405.95184,923.18189,925.32924,962.32269,918.12736,300.79708,239.61535,920.83066,307.90958,266.2378,286.77371,952.43212,265.97081,298.48871,277.05958,905.71758,286.63272,974.01254,525.75854,912.72771,919.22407,923.25405,945.37573,292.8064,913.89422,945.18019,268.12952,978.72095,914.39852,912.02748,914.65888,903.85879,284.64461,289.25236,322.23293,300.03604,284.29906,282.90185,922.0,532.59487,950.30549,916.45819,942.6797,305.88756,280.24097,916.64259,952.61461,931.16626,290.10476,929.64957,347.71894,903.70254,943.0875,917.84668,284.45074,924.8816,908.27977,937.48609,272.33801,898.22896,930.81318,347.86792,445.40437,297.58667,499.04638,360.29191,436.00076,285.85686,407.35,443.65276,493.02592,486.29071,485.9771,556.24352,845.89594,414.5811,418.47014,482.25,454.97856,468.94687,496.691,423.3581,426.13202,400.6771,487.56421,487.02977,416.30899,448.91735,413.47637,409.20383,421.50573,509.18,587.56831,294.30293,391.98599,291.80297,432.75305,433.76953,484.27586,489.46452,428.11791,440.37481,416.32147,421.46032,397.64084,481.43548,410.27742,492.24876,404.55303,420.52319,406.48044,417.38824,421.80579,602.55869,295.30408,428.88167,471.44444,408.98621,415.44493,711.91953,413.38069,419.4185,420.4898,462.6224,436.43786
314.24433,920.43844,281.85055,911.6644,283.46662,280.92152,274.85591,279.52048,953.96053,288.96879,396.03611,923.06413,925.32924,966.74918,895.74115,300.54678,235.88273,920.77046,311.70656,266.46659,283.2896,952.20126,266.08078,297.40757,276.71232,905.82498,287.99791,960.55363,518.20155,886.85884,919.21845,923.3936,947.70621,293.04019,913.88654,952.8303,267.45802,981.89716,914.43402,911.94154,914.86249,903.83517,279.94936,290.83613,324.30409,300.10334,284.13181,278.05192,921.52776,524.03989,951.98573,916.39911,942.38564,299.83179,283.39102,916.43642,952.63084,932.60868,289.82471,935.29343,338.98832,903.49359,927.68309,918.01445,284.5271,924.57171,908.4716,912.15107,268.17495,876.0544,931.76182,336.17382,434.67279,296.83495,498.49718,344.92,427.05334,286.05882,388.80769,436.11478,492.90354,486.59428,484.36739,526.687,827.35212,414.78907,417.71582,479.42152,444.2075,466.96226,495.13695,416.56519,425.13434,400.66113,488.37856,486.15139,416.35571,438.26511,412.30174,408.91339,419.7674,487.07614,558.57498,292.68304,392.02276,291.17462,417.97421,422.4093,480.93811,489.40625,426.66138,433.13653,416.55954,421.50325,397.68283,477.575,407.93178,492.69307,404.58263,419.18071,407.33339,415.51179,417.86857,572.59187,288.46917,425.99251,486.52273,405.48262,415.38725,686.18495,413.44814,416.04586,421.8892,454.85318,433.06785
315.7915,920.66938,281.6794,888.59347,283.67189,281.59722,270.7876,279.98442,958.72286,290.14312,384.09826,923.04799,906.88341,970.51192,848.2053,300.78859,232.97114,920.74793,313.97208,268.41937,279.48598,951.92879,265.95507,296.02746,275.96128,906.04179,288.74312,940.48259,507.51569,861.74337,895.45708,923.74712,953.29884,293.08912,913.81113,953.7962,265.96956,978.63996,914.48946,911.78937,915.0178,903.71153,273.52678,292.33111,326.68726,300.96078,284.21451,273.10294,921.0151,511.91458,953.31605,916.42568,942.19966,297.36515,284.46091,916.2756,952.64753,935.43437,289.78556,938.99038,330.67189,903.36546,906.7387,918.01415,284.93053,924.4496,908.49476,884.38548,264.57601,876.0478,932.80958,325.43826,426.47653,296.79327,496.34401,329.8,421.18379,285.97586,370.40299,434.22168,492.99213,486.71474,483.22388,500.96348,806.20678,414.99166,416.55884,480.59211,433.42897,463.14746,495.14045,412.2131,425.09411,400.69572,487.98366,485.10709,416.47195,426.77212,412.35065,409.08012,419.30139,468.3091,528.43967,291.8768,392.62019,291.79963,402.18619,410.90093,477.08676,488.54448,425.45235,427.33285,416.87829,421.60736,397.77431,471.28571,405.94031,492.63591,404.82214,417.16886,406.63684,412.63663,416.03179,543.55179,284.68694,423.66498,479.125,404.74841,415.41873,660.15328,413.54656,413.33148,424.1472,445.71417,430.35352
316.85404,920.90151,282.38641,867.20702,284.20127,281.64735,268.09435,280.45716,962.355,291.11504,371.33111,922.96471,868.66548,970.51608,827.52258,302.02212,230.59456,920.72721,315.28932,271.96101,276.56591,951.70239,265.87659,294.58268,275.82179,906.23923,289.32925,916.43331,494.33787,840.77653,870.25579,924.07619,960.36258,293.23836,913.68559,952.9664,264.29176,966.10873,914.51773,911.59384,915.15658,903.48818,267.05537,293.36369,328.91618,301.86109,284.25443,269.46346,920.6516,498.43658,958.42543,916.43772,942.07003,296.79877,284.956,916.04465,952.66609,938.69878,289.46227,939.51387,321.84662,903.25099,884.48462,918.00974,285.55146,924.31563,908.45846,858.17623,261.25,832.57587,934.00236,317.25571,420.32782,297.02861,494.25286,317.33862,417.77065,285.98262,354.94118,433.95651,493.30119,486.88248,482.00892,478.095,783.69486,415.17212,414.90071,471.64815,420.28213,460.35938,495.1693,410.5672,425.15343,400.75721,487.34146,483.0684,416.58469,411.98625,412.79986,409.2124,417.35673,451.97617,499.68197,291.53704,391.73741,292.40134,386.18153,398.48038,472.80808,489.22318,423.66645,422.93112,417.02657,421.5111,397.88568,471.1875,404.20861,493.18614,404.8939,415.46063,405.52815,410.4385,414.52923,516.79753,284.15725,420.69205,475.07317,404.656,415.32826,634.86076,413.68137,412.41657,424.51634,434.85459,427.46704
318.28803,921.14727,283.8366,849.65993,284.42061,281.92345,267.65296,281.11722,964.01128,291.42525,359.17399,922.92006,868.66548,970.83316,811.5207,304.15434,228.92294,920.71792,316.28666,274.41341,276.06238,951.4614,266.06164,293.52296,275.81849,906.38766,289.16511,889.86908,478.82461,827.16938,845.84993,924.60443,965.55954,291.56735,913.55551,952.97051,261.91824,944.61579,914.48415,911.43754,915.22099,903.20677,262.88673,292.27077,331.13199,303.02599,284.20534,267.42296,920.03897,484.68468,967.18723,916.62517,941.92183,296.91835,284.49179,915.84948,952.53368,942.29341,288.8949,936.37337,315.29737,903.21296,860.69646,918.00388,285.90658,924.26737,908.22676,836.18861,259.68143,816.37394,935.4151,309.92919,416.10289,297.2979,491.83312,307.02997,416.54899,285.45031,338.3355,433.54846,493.32365,486.34421,478.75113,459.42176,758.79168,415.5079,412.77443,459.2293,406.16992,457.28275,495.10867,410.18859,425.35992,400.68703,484.30959,480.56766,416.78199,397.32345,413.09344,409.01912,413.1037,438.62425,472.80918,291.41838,388.45249,293.10536,369.72818,385.46065,466.45309,489.47076,421.6347,420.85904,417.08832,421.59821,397.95949,459.83871,403.80667,493.10287,405.06564,414.79851,404.37475,407.67331,412.69455,493.73986,284.39734,418.70436,461.98214,404.94669,415.35401,610.30399,413.80573,412.09513,425.11754,423.414,425.60729
319.54968,921.39717,284.52476,837.02981,285.07455,282.21602,266.22638,281.59001,960.52416,291.4025,348.24473,922.90581,849.94625,965.09293,801.45642,306.58869,228.03761,920.75855,316.55465,276.60074,275.90224,951.20452,266.13715,292.97101,275.75701,906.53789,286.17066,863.12136,464.8952,820.5626,823.2956,925.01108,961.09157,288.80432,913.40197,952.02626,259.32832,919.24993,914.48326,911.32053,915.2136,902.88597,261.33979,289.69302,332.78911,303.88943,284.06716,266.85573,919.53036,471.27011,974.73545,916.73337,941.75139,298.15743,283.54371,915.71149,952.35149,945.30119,289.14195,929.01493,311.4487,903.22929,838.93348,917.98473,286.49339,924.22797,907.93829,821.54978,259.37715,816.36483,937.12095,304.45311,412.81361,298.21496,488.43852,298.95777,416.33214,285.29521,327.22065,433.32096,493.00805,486.11538,475.7021,443.49026,732.58999,415.77236,409.9896,452.5302,392.85757,453.48718,495.7977,409.88604,425.32712,400.76245,481.40202,480.25039,416.76328,381.52,413.12281,408.89155,407.96733,428.185,449.83157,291.83994,384.42475,293.53528,354.90505,371.9384,459.57536,489.7967,419.97819,420.15389,417.1004,421.57762,398.10676,445.42683,403.5964,493.21816,405.02166,414.63605,402.97639,403.99876,411.38152,473.85875,285.55556,418.03416,454.07895,405.11217,415.31591,586.82004,413.7553,412.06624,425.37068,411.47961,424.86827
320.65455,921.49379,285.23002,829.89773,285.22495,282.19542,266.64345,282.27876,949.5624,290.60977,339.23597,922.88677,822.75479,954.17542,797.43449,308.31859,228.34427,920.83855,316.82092,276.63529,275.67426,951.12193,266.01775,292.59548,275.69846,906.72087,285.14453,839.77183,451.98366,819.27933,796.28725,925.34706,961.08595,284.14479,913.32045,951.08196,257.13499,890.51689,914.46729,911.24271,915.19141,902.58354,260.76709,286.67846,333.33181,304.50621,283.92793,266.98337,918.94134,457.84871,981.52966,916.82622,941.5515,300.62989,282.84243,915.66032,952.02164,946.44723,288.81942,915.6969,309.30733,903.20045,823.55968,917.96807,286.0832,924.19135,907.65993,815.60523,260.45293,805.45821,938.90531,301.32103,410.23604,298.55755,485.92255,294.97693,416.57962,284.55444,315.66977,433.31463,493.31917,484.3842,469.90751,430.80808,705.68616,416.12343,406.80922,453.03518,378.82885,445.68696,493.50149,409.73929,425.21382,400.65351,474.86909,475.06547,416.90394,368.18531,413.33543,409.03537,404.1736,419.96028,430.46317,292.6869,379.54322,293.09627,340.6149,358.20541,450.7112,489.44319,420.73471,419.8005,417.04974,421.74201,398.49042,436.98507,402.43634,493.18307,405.08816,414.72088,401.10547,402.86193,412.12651,457.88017,287.87264,416.12502,453.49367,405.20211,415.34616,565.83203,413.75838,413.27221,426.26312,398.87201,422.9952
321.94631,921.51633,285.17796,827.07795,286.18516,282.42989,266.61383,282.42887,931.24795,289.78341,330.79547,922.89936,817.14519,937.88693,798.06028,309.13882,228.91801,920.99853,317.0654,276.37867,274.88171,951.00309,266.67133,292.44734,276.0854,906.95542,283.14456,822.14171,439.57195,820.77263,793.91891,925.87176,947.76567,279.45059,913.29571,951.61933,255.11265,862.05987,914.41149,911.13039,915.17833,902.37521,261.18197,282.76393,334.02186,304.71419,283.72973,267.42319,918.20367,447.63993,983.55532,917.05524,941.24821,302.58465,282.27226,915.54551,951.62643,944.85618,288.60441,898.05746,309.50429,903.18078,814.94941,917.94957,285.18676,924.19479,907.39369,816.53093,261.61697,801.00802,940.81034,299.88634,407.97473,298.98233,482.80512,293.9946,416.62319,283.92058,306.49747,432.90793,492.7714,482.42736,463.68365,420.91619,678.04871,416.35503,403.82505,444.72816,364.22079,436.66514,493.74711,409.71377,425.10723,400.67331,468.33586,470.76072,416.98817,355.37222,413.48717,409.26285,398.37862,414.58655,415.20898,293.40966,374.4327,292.16714,328.25718,344.65542,439.39715,489.2706,419.67276,419.48279,417.0907,421.67586,398.56949,431.10989,401.06787,493.0,405.04021,413.82108,400.78505,402.75938,412.66419,444.83571,289.76985,415.58227,450.44186,405.18583,415.3709,545.80727,413.77035,414.97189,425.34363,385.72411,421.35652
322.25884,921.4796,284.96059,827.14588,287.34406,282.45059,266.50368,282.63703,909.27693,289.12384,323.86842,922.91353,817.14519,918.29623,801.48107,309.39372,230.13438,921.17159,317.09692,275.9199,274.44175,950.94728,267.42294,292.39421,276.62849,907.13647,278.79203,812.08832,425.60902,821.06008,796.41658,926.33674,929.02587,274.64641,913.29961,955.31653,253.97524,838.01131,914.36986,910.968,915.12363,902.1553,261.88065,278.70868,334.5148,305.04681,283.39806,267.20265,917.55779,437.8266,977.52383,917.34004,940.75373,304.31422,281.9759,915.52095,951.35769,940.43024,288.28327,877.6846,310.59761,903.14809,812.53314,917.89153,283.77199,924.25878,906.91563,819.13495,261.96588,806.09878,942.70849,299.91576,408.81833,299.6327,477.53079,293.9199,416.87101,283.22528,297.70906,433.96913,492.82738,478.33621,454.50504,414.14455,650.27126,416.65477,400.86123,443.31429,351.2283,422.71829,492.83333,409.89962,425.10129,400.6153,458.04757,465.21262,417.07413,343.74506,413.81645,409.50845,394.27005,410.51824,407.2063,294.9232,368.34174,291.06691,315.72374,331.15748,426.28898,489.56167,416.74968,419.02383,417.19005,421.87538,398.59723,418.63529,400.86039,493.35623,405.21379,411.07763,400.22864,400.64278,413.42408,434.66197,292.03304,417.24329,439.0303,405.08513,415.42674,527.14577,413.84197,414.53967,423.70581,371.33208,421.78899
322.61665,921.25351,284.48021,825.31379,287.45558,282.5956,266.05918,283.00105,885.69644,288.72986,317.15107,922.93891,814.8811,896.24531,803.22413,308.81824,231.85252,921.21784,317.5861,276.16488,273.9566,950.86218,267.86415,292.50441,277.07912,907.27106,275.26935,808.91149,413.13812,821.41186,801.39949,926.78343,907.90342,269.81393,913.32147,959.17003,253.4455,820.78474,914.33413,910.82491,915.07079,901.91866,262.55699,275.1119,334.9817,305.31941,283.10043,266.85237,916.92822,423.26712,964.65223,917.57781,940.46019,305.95235,281.87633,915.47884,950.97771,932.26963,288.52266,852.97492,312.34425,903.13506,813.59015,917.79759,280.40883,924.28093,906.3891,818.61523,261.35976,809.21802,944.4218,300.01767,409.15088,299.93091,473.14221,295.44011,417.29352,281.89779,291.23739,435.24728,493.00101,474.55801,444.05598,409.3151,621.91901,416.82517,396.88375,438.24,337.1441,407.68787,490.31586,410.02915,425.07263,400.57273,443.73194,457.32592,417.08654,332.38632,414.00196,409.6861,390.58485,407.25441,404.5851,295.90895,363.49402,290.48938,306.15615,318.33957,410.73884,489.55801,412.29939,418.74315,417.40828,421.97713,398.55574,399.16071,400.32132,493.35025,405.17546,408.17087,396.41089,395.52362,414.20872,426.6664,293.99832,418.116,427.66102,405.03946,415.36893,511.35607,413.98764,413.71318,419.92838,356.94629,420.29494
322.90565,921.03806,283.79531,822.49566,287.20334,282.78323,266.52861,283.39926,885.68387,289.07934,314.77703,922.90932,814.87463,872.57962,803.22238,307.85461,233.29854,921.31631,318.10575,276.76199,274.04958,950.81997,266.97519,292.5431,277.65364,907.30457,271.39399,810.61807,409.7766,823.9917,804.90478,927.39055,885.66898,266.69619,913.34229,962.32207,253.09927,811.75743,914.28779,910.65749,915.03198,901.77624,263.34698,272.46788,336.0268,305.47527,282.74905,266.81804,916.27445,416.86503,944.75812,917.95845,940.34922,306.93488,281.98974,915.34426,950.6284,920.20266,288.429,833.09444,314.63594,903.09128,814.78018,917.78598,275.89301,924.30661,905.89703,818.39086,260.95285,809.15141,946.22113,300.74255,409.59313,300.67571,465.2057,297.03733,417.80612,280.21664,287.41746,437.49698,492.96593,469.52905,432.77924,404.76537,592.19178,417.05375,392.05138,428.20588,325.21887,388.73913,488.42817,410.06417,425.17356,400.58481,431.11533,448.24601,417.21239,321.34628,414.23634,409.90273,386.54097,405.26223,404.24439,296.20728,355.0795,290.00449,298.69565,307.80959,394.49517,488.95636,408.11354,418.63237,417.60589,421.96875,398.49787,378.83333,399.96073,493.44719,405.24802,405.69981,391.79681,393.06783,414.37971,421.51384,295.49402,416.32621,411.37931,404.66107,415.4134,496.79759,414.01093,413.63136,418.2134,342.74718,417.71046
323.05449,920.71353,282.53626,821.56422,285.7784,282.12146,266.59962,283.74117,838.21834,289.81818,314.85825,922.72429,814.80134,849.75419,798.13099,306.99885,234.02345,921.34463,318.8358,277.35484,274.00485,950.75973,265.85475,292.55066,277.994,907.34307,268.97138,814.13639,383.93056,826.9744,803.34397,927.98823,863.79509,265.03617,913.41555,963.50151,253.01073,810.42696,914.27189,910.54834,914.9354,901.67671,263.70761,270.43802,337.45125,305.81216,282.46757,266.89703,915.6543,409.95522,920.38052,918.35109,940.29346,308.05996,281.97905,915.24238,950.36,905.63104,288.55075,816.52313,315.99218,903.02846,812.29329,917.77062,271.64282,924.31767,905.40862,818.75796,260.89135,809.15458,947.82207,301.0373,409.455,300.77007,454.76727,298.64481,418.05734,278.21336,286.55732,438.79445,492.88735,461.84139,418.38344,400.54469,563.85214,417.12927,388.04978,422.38596,313.74528,370.29669,485.48941,410.06006,425.22216,400.58458,413.6634,434.26,417.21871,312.24931,414.33441,410.02362,382.86009,404.41688,404.57717,296.19632,342.81029,289.54483,291.73276,299.42211,376.21032,489.08704,404.53967,418.55549,417.74387,421.87916,398.38399,363.12088,400.28455,493.03106,405.24608,404.5451,387.96287,391.0403,411.75948,420.50488,296.30831,411.81051,403.42857,404.40637,415.34975,483.52989,413.98111,413.25193,414.46174,330.78192,415.38394
323.64574,920.44514,280.85797,821.64488,283.25493,281.09684,266.80341,284.13644,819.51733,290.23832,315.76461,922.46569,814.35169,830.80381,796.88121,306.71917,234.43782,921.35667,319.73513,278.45585,273.99276,950.62337,263.74751,292.32071,277.97556,907.40546,266.8744,813.07601,375.51,829.93614,800.62703,928.54298,843.57757,264.60019,913.50487,958.30668,253.00745,814.86212,914.29453,910.29115,914.75708,901.66182,263.6691,269.10191,339.11233,306.36729,281.82443,267.19115,915.26941,388.48795,894.3716,918.6358,940.33495,309.0155,282.10642,915.09451,950.14202,886.38949,288.813,803.15534,317.29261,902.96068,810.01297,917.61244,267.4804,924.32053,904.91856,819.81226,261.09453,808.42405,949.54725,301.49586,408.01086,301.0449,444.14378,300.0764,418.25783,275.55795,285.41026,438.30143,493.13618,452.97158,403.84882,397.79724,534.2497,417.33242,384.71396,414.77381,304.74785,352.4574,481.69169,410.02765,425.34856,400.5904,400.05255,418.96392,417.21607,304.62155,414.52942,410.12884,378.56755,403.73476,405.02818,296.28639,332.23344,289.60832,285.86756,294.63857,358.24384,489.5957,400.86459,418.63897,417.80329,421.88822,398.25494,339.8381,399.75451,493.44126,405.2988,402.40184,383.94003,387.15958,409.14362,420.37476,296.7484,407.36654,378.75,404.39471,415.40274,470.81413,414.07577,411.53032,410.24174,319.22024,414.23049
324.20659,920.15444,279.15116,822.56183,280.8117,280.18511,266.85561,284.39645,807.17144,289.56606,318.10405,922.18345,814.84523,818.88442,796.2752,306.35167,234.94015,921.39569,320.34707,278.12155,274.2505,950.38413,260.65987,292.63697,277.99891,907.46003,266.25881,809.18594,344.02143,831.76362,800.61178,928.88388,828.0248,264.70365,913.59292,946.09166,252.91314,818.16569,914.30117,910.07168,914.56685,901.70717,263.6823,268.59653,340.92974,307.05007,281.70754,267.48608,914.89765,370.68792,869.39846,918.84465,940.4264,309.48743,281.99645,915.03538,949.99052,867.10268,288.80971,794.80898,318.04531,902.91105,809.45153,917.53759,265.37308,924.30711,904.39643,821.06921,261.67569,807.95618,950.82969,302.03075,405.01635,300.98193,431.35586,300.90449,418.54853,271.43224,285.28475,436.52714,492.48061,442.54214,388.47879,396.87662,507.46622,417.3342,381.94557,401.72477,296.61179,334.72237,475.80518,409.8987,425.55521,400.59201,387.14023,401.73989,417.19267,298.55934,414.47583,410.24474,373.6046,403.74417,405.36913,296.24841,322.63065,289.39444,281.71781,290.36703,341.16548,489.29906,396.8673,418.60252,417.78093,421.85555,398.1529,327.27468,398.23222,493.36426,405.23356,398.85903,379.82604,386.77728,408.13259,420.26653,297.10367,403.51395,363.0,404.29975,415.32766,459.24562,414.05192,408.7919,407.325,307.35314,413.48156
325.12222,919.82886,277.27752,823.89935,278.45014,276.33601,266.51132,285.01089,802.83875,287.74439,321.13127,921.98668,814.84118,814.10738,796.14351,306.8559,235.76606,921.46507,320.83907,277.29241,274.12876,950.2064,257.65059,292.10706,278.05747,907.66375,266.40472,806.71602,324.62741,832.47062,799.24443,929.15846,817.38179,265.13073,913.62681,928.74871,252.88255,816.38082,914.31183,909.82843,914.2846,901.94948,263.61542,268.45235,342.45046,308.12214,281.34802,268.335,914.75957,354.0245,849.31915,919.07024,940.47345,309.85843,282.09105,915.05257,949.87165,850.66239,289.08097,792.53527,318.80492,902.8793,809.48111,917.48176,264.9083,924.25231,904.09972,822.14547,262.58389,807.69075,952.04259,302.36525,402.34042,301.27491,414.99052,301.20134,418.89126,266.89494,285.81874,433.45258,492.89157,430.58613,373.58685,396.1959,483.36091,417.43835,379.99418,398.72,290.64959,321.32645,469.81992,409.75797,425.55271,400.65613,370.45487,381.70679,417.14478,294.66629,414.50661,410.39099,371.98156,405.77024,406.16259,296.59843,312.4413,289.57652,279.13489,288.29199,326.53059,489.36878,393.00699,418.58018,417.59459,421.81077,398.14117,315.26326,396.34803,492.46364,405.21009,395.09143,375.55993,386.73382,406.69389,420.44857,297.29128,401.30821,346.84298,404.16727,415.22027,449.02975,414.0418,405.42346,403.82677,298.90448,412.22067
325.96113,919.48912,276.57287,825.47506,275.47314,273.01079,266.75879,285.42864,804.90472,284.63982,322.60938,921.55709,815.4172,814.12155,796.85931,307.21348,236.72727,921.55912,321.22486,276.2589,273.92406,950.0626,254.62703,291.88751,277.99286,907.94366,266.87298,806.07195,310.93787,832.58269,800.04299,929.37164,813.22255,265.24988,913.69963,907.41581,252.95225,814.92133,914.35512,909.64838,914.01343,902.13732,263.50609,268.32633,343.7945,308.70977,281.05127,269.34929,914.66184,337.74203,836.36884,919.22662,940.54184,310.43671,282.11219,915.0171,949.73685,836.76807,289.20082,795.5221,319.47567,902.70117,809.7451,917.39517,264.71401,924.23346,903.85988,822.85045,263.45821,808.0828,953.45877,302.63361,399.74338,301.25966,401.15457,301.26236,418.86701,261.29666,287.33551,429.30098,492.73043,417.12139,359.51659,396.48106,461.75228,417.6428,378.19721,375.25455,287.46957,309.61164,465.76758,409.63318,425.34086,400.84411,357.0332,361.88251,416.95203,291.37374,414.39616,410.58778,364.91933,408.17483,406.93431,296.46795,303.92461,288.99572,277.94951,287.19264,314.85628,490.05728,389.36306,418.54027,417.28249,421.65662,397.98633,302.83254,394.75989,492.86165,405.13424,391.53871,371.14118,387.82472,405.97861,420.66072,297.55502,398.91657,333.49864,404.04213,415.21899,440.088,413.96245,401.29806,399.49768,292.11062,409.30691
326.78996,919.22653,276.10526,827.32796,272.22942,268.54526,266.95988,286.05891,811.93437,281.58354,323.5953,921.17985,814.19599,816.52387,798.2287,307.9271,237.90874,921.56152,321.40536,274.01852,272.00267,949.89117,252.70515,291.73214,278.05101,908.20934,267.01787,806.62637,296.15699,832.1749,801.36104,929.41153,814.00579,265.43977,913.68423,882.81614,253.31808,815.66866,914.39171,909.57914,913.705,902.32025,263.32501,268.37324,344.69727,309.11565,280.30184,269.62757,914.67473,326.7301,830.83127,919.37234,940.51994,310.45542,282.12806,915.04634,949.66342,825.84108,289.42857,800.94836,320.40882,902.70078,810.41613,917.39798,264.72763,924.18408,903.73593,823.35848,264.53425,808.08815,954.39695,302.80849,395.98489,301.33171,384.67568,301.17557,418.98759,254.35506,291.4993,425.43309,493.56207,401.73546,346.06271,397.10706,443.74456,417.67237,375.66278,355.31579,285.11558,302.31656,456.74289,409.62477,425.25607,401.10751,341.88315,343.51872,417.03365,289.70349,414.33174,410.85585,357.09185,410.62961,407.16544,296.41871,298.32066,287.44887,277.32794,286.36491,308.14243,490.65592,385.61295,418.53546,417.16716,421.50179,397.88121,294.70812,393.89087,492.99195,405.14666,388.74281,363.46462,387.18613,405.30811,421.18525,297.67442,396.46229,324.88968,404.0711,415.03369,432.10767,413.94922,398.51948,395.84561,286.03015,403.67248
327.32214,918.93343,275.68245,829.62317,269.85684,264.00582,267.51204,287.0516,812.76028,277.72405,324.11493,920.87484,814.08343,817.50652,799.46599,308.89543,239.01304,921.57329,321.4655,272.66002,269.56198,949.7439,252.08674,291.72697,277.93157,908.43993,266.94508,808.53921,283.71911,830.96238,802.43125,929.43233,817.14025,266.09333,913.63368,858.80878,253.55008,817.90328,914.4928,909.58236,913.49619,902.53732,262.844,268.62126,345.29496,309.41231,280.18906,270.43164,914.50132,317.17806,830.37579,919.51129,940.44437,311.01478,282.23952,915.10468,949.59642,816.66983,289.13731,800.27752,321.32552,902.68617,810.82617,917.41064,264.45067,924.13475,903.6813,823.88635,265.6356,809.34227,955.56324,302.67166,392.0113,301.40462,368.74026,300.95089,419.11075,247.93168,293.2686,421.59458,493.60359,385.22674,334.40852,397.45322,429.63931,417.6982,372.03484,334.08413,284.17396,296.28166,447.10601,409.60981,425.10023,401.43613,328.0304,325.58133,416.91658,288.62786,414.1035,410.93926,347.13648,413.09164,407.29024,296.4476,294.31952,284.76274,277.6777,286.25708,306.52161,490.16947,381.48025,418.4654,416.98838,421.4409,397.80872,289.11632,393.33988,491.99258,405.16717,387.4662,354.79943,386.50928,402.46844,421.60887,297.80251,393.30078,316.39368,404.03331,415.00071,425.51022,413.88031,395.71005,392.51675,281.42765,398.90255
327.59382,918.67612,276.56098,831.61297,269.38617,260.21909,268.7371,287.47197,809.04191,273.67385,325.05272,920.61543,814.09684,816.03295,799.86206,309.92064,239.96043,921.53962,321.47477,271.31317,266.1389,949.57998,251.4065,291.28899,277.66648,908.49995,266.6535,810.86676,275.84341,829.71773,802.43972,929.3601,820.27464,266.47467,913.66413,838.78267,253.95568,820.80923,914.65666,909.72873,913.34013,902.70506,262.32396,268.98839,345.39331,309.3905,279.86329,271.36114,914.3354,309.54379,828.38454,919.57334,940.47058,310.95401,282.49314,915.01897,949.47294,811.06209,289.2419,796.83381,322.12263,902.68382,810.91048,917.50987,263.8769,924.10778,903.6743,824.55205,266.17425,812.98518,956.9828,302.80163,389.80891,301.33214,352.64669,300.625,419.29815,244.52068,295.93617,418.17803,492.56958,368.7828,324.08394,396.96699,418.01032,417.65621,366.44399,320.85427,284.3565,294.01643,436.14528,409.52966,424.9651,401.59817,318.11617,312.19473,416.86342,288.12431,413.89725,411.08274,332.71961,416.78768,407.37357,296.64274,293.2116,281.57243,277.33674,285.81735,305.68345,490.12874,378.35109,418.51838,416.95885,421.30623,397.72952,287.24365,392.09307,490.4435,405.15236,388.17242,345.52231,385.14518,399.08522,421.62666,297.63957,390.11022,309.36803,404.03614,414.99745,420.79679,413.82892,392.06868,389.78345,278.33894,395.20599
327.79632,918.49492,277.22566,833.73837,268.9693,256.70248,269.11183,288.03051,805.26719,270.24914,325.36503,920.42466,814.67196,814.91591,800.20309,310.51598,240.84563,921.49723,321.65337,269.47409,261.85144,949.45279,250.72664,291.29425,277.85839,908.57519,266.5,813.18551,271.93012,828.5652,802.61466,929.24505,820.17493,267.8806,913.64119,825.59928,254.36872,823.13338,914.80069,909.89079,913.25872,902.82408,261.86088,269.52424,345.55263,309.46914,279.65931,272.08532,914.2549,302.66517,826.21263,919.62742,940.48924,310.92972,282.50874,914.90898,949.34314,810.08228,289.44964,793.23542,322.53328,902.66347,810.77803,917.63652,263.14653,924.05477,903.77409,825.1372,266.5778,812.97075,958.28135,303.06061,389.12282,301.3517,335.41379,300.27224,419.39677,243.62056,295.87027,414.98826,492.85479,352.61069,317.03779,394.66534,409.82616,417.65674,358.90005,309.06047,284.35953,293.84321,424.06977,409.37423,424.75694,401.62768,311.35905,302.13489,416.82427,287.95016,413.75775,411.03779,320.56447,417.15192,407.49322,296.68852,294.03954,276.5036,277.53938,286.01126,305.17131,490.22459,374.62219,418.45337,416.81557,421.00185,397.59602,286.44432,389.4802,489.28175,405.14787,390.60588,345.50993,382.85517,394.88203,421.88632,298.05581,385.91224,303.81573,404.02932,414.94424,416.88158,413.59846,388.29737,388.23809,276.69004,392.548
327.6535,918.40999,278.36879,835.28869,268.75245,254.26279,269.11939,288.44119,802.71358,267.43604,325.70059,920.33041,815.59328,814.92368,801.09082,311.44245,241.16256,921.39017,321.72451,267.43373,257.51721,949.28842,249.48212,290.77459,277.84919,908.67831,266.82944,815.01873,271.06886,828.02431,802.00104,929.04217,819.32181,268.82359,913.65069,819.24872,254.38664,825.28839,914.92737,910.21251,913.27231,902.84304,261.16297,270.17755,345.36364,309.6993,279.42532,272.31399,914.27089,298.4368,826.08962,919.68891,940.58565,310.73227,282.33591,914.76429,949.18729,811.57803,289.50498,792.11198,323.48213,902.67219,810.71572,917.84948,262.71932,924.03829,904.04752,826.13613,266.75698,814.5273,959.76122,303.16019,389.33465,301.39673,320.77638,300.01862,419.4591,244.0,296.72455,411.442,492.2197,336.70204,310.07094,391.1604,404.57084,417.64754,349.65986,296.39442,284.23969,294.15928,408.74493,409.14628,424.74443,401.71543,305.3203,295.37275,416.74332,287.809,413.60443,411.09125,309.22924,415.08562,407.51936,296.73025,297.0702,270.8839,277.77266,286.272,305.05236,489.71513,368.41361,418.34085,416.76061,421.00943,397.60424,285.89872,386.09354,485.57889,405.21361,394.21055,326.53118,381.51888,390.55523,422.03502,298.23744,377.80436,301.20421,403.99092,414.90856,413.94929,413.33376,385.86953,387.42852,276.88527,391.84839
327.375,918.34949,279.48909,836.26024,268.74422,252.93067,268.19922,288.88181,801.36932,265.50222,326.10283,920.24249,816.74119,815.59787,802.21151,312.33831,241.25708,921.35239,321.69449,264.62379,253.90238,949.01425,248.69269,290.28791,278.1902,908.7934,267.33583,816.29599,271.19079,828.11347,801.99331,928.82862,819.13254,269.4715,913.62207,818.73089,254.33583,827.347,914.99602,910.46095,913.26587,902.84976,260.43315,270.30741,345.35847,309.7624,279.35654,272.42375,914.3946,295.811,827.91452,919.71879,940.6999,311.06846,282.41855,914.74925,949.01254,812.12716,289.55444,792.73431,323.71342,902.679,810.94584,918.10719,262.80236,923.99354,904.35485,827.3063,266.799,815.50461,961.15912,303.1318,389.76679,301.41086,308.73024,299.77344,419.36004,245.4778,297.22254,407.64758,491.53447,323.37375,304.618,388.74128,400.66938,417.54314,339.7784,287.40597,284.23673,295.25608,394.43942,408.95244,424.51911,401.77651,299.38063,293.2225,416.55532,287.98307,413.5125,411.07527,300.16233,412.86932,407.48858,296.78234,300.75783,264.4692,277.75117,286.62159,304.97632,488.84247,359.35987,418.14173,416.56261,420.68434,397.52576,287.70582,382.49589,481.72335,405.21243,397.13373,317.42005,380.03668,387.11742,422.2166,298.1853,364.731,299.58991,404.04696,414.8829,411.24384,413.05901,384.52551,385.14098,277.25698,391.48819
327.28248,918.35176,280.41529,836.78263,268.6813,252.875,264.83475,289.175,800.76205,264.63345,326.35205,920.19949,818.13021,816.42145,802.23595,313.6,241.33626,921.32162,321.91352,260.15848,251.4721,948.71085,248.34387,289.83407,278.56723,908.91284,267.5363,817.01527,272.16851,829.04933,802.00678,928.7804,819.60632,269.90834,913.61197,822.66423,254.40358,829.36221,915.04966,910.7544,913.2355,902.88475,259.98966,270.3513,345.51662,309.63912,279.1421,272.46225,914.59065,294.57119,830.26461,919.80178,940.88563,311.14133,282.42732,914.72654,948.87397,810.53119,289.55357,795.564,324.11101,902.72417,811.62338,918.3482,263.05411,924.00709,904.58746,828.99705,266.51982,816.29256,962.21106,303.46274,390.93367,301.33138,298.88339,299.30508,419.13362,247.37375,296.50722,404.36158,491.19085,312.12438,301.20842,386.56626,398.80548,417.57359,331.2776,281.3222,284.02047,296.88034,376.53861,408.85381,424.2545,402.01531,295.09306,291.95663,416.53365,287.32856,413.38642,411.13068,295.42791,411.61621,407.76389,296.94721,304.65444,260.39863,277.85658,286.756,305.58983,487.27399,348.07228,417.97136,416.60108,420.49128,397.56861,288.95065,378.42815,476.69939,405.23046,398.13087,309.64231,380.64171,384.32608,422.5283,298.19847,349.27869,299.46781,404.00907,414.82624,410.53737,412.79196,382.76541,380.89325,277.57774,392.2458
327.15982,918.40586,280.65353,837.20719,268.60441,253.87002,259.8906,289.63369,800.81445,264.2595,326.65034,920.17327,819.28424,816.68042,803.33573,315.12957,241.50794,921.3115,321.73854,255.10886,250.20101,948.31342,248.15541,289.41057,278.9312,909.06167,268.66068,817.54117,274.10214,830.61656,802.12817,928.74945,820.46698,269.95429,913.56369,826.25252,254.27497,830.45548,915.07935,911.00391,913.21878,902.93385,259.70055,270.40696,345.79027,309.66086,278.95666,272.40031,914.79363,294.31869,831.19317,919.94285,940.93622,311.32905,282.13023,914.74623,948.77738,808.79878,290.12677,798.35476,324.44652,902.83641,812.41611,918.62286,263.46581,923.98276,904.74134,830.60847,266.27629,816.49279,963.091,303.35714,389.461,301.30858,292.0877,299.35799,418.92772,249.58718,297.11278,402.30691,489.66566,302.96015,299.43548,383.92256,398.11798,417.5652,325.1894,279.30769,283.03063,298.41625,358.78515,408.70323,424.17958,402.15562,291.99828,290.98144,416.37332,286.52192,413.1531,410.93315,293.85231,411.48956,407.96535,297.13707,308.2223,257.84232,277.62037,286.736,306.47327,485.98678,336.05719,417.65654,416.47256,420.38236,397.49392,292.79093,375.51322,470.25811,405.24764,395.34787,304.79294,379.11169,381.39843,422.76595,298.3694,332.40416,300.36637,403.99678,414.71674,409.58453,412.588,380.26727,375.30801,277.83134,393.30977
327.13685,918.49328,281.66187,837.7205,268.84792,255.81567,253.67562,290.37546,801.72964,264.30026,326.69489,920.13235,819.40291,816.74763,804.33288,316.58845,241.179,921.30677,321.76647,249.44599,249.73155,947.93439,248.24941,288.76855,279.36278,909.09779,269.80821,817.85404,275.7351,832.15021,802.35425,928.85118,820.75378,269.75083,913.5466,824.98075,254.31391,831.19503,915.10823,911.11963,913.24287,902.95366,259.43663,270.27661,346.36116,309.59351,279.03337,272.42775,914.89631,294.98981,831.16332,920.02761,941.04496,311.54081,282.13516,914.80827,948.62792,807.85987,290.33267,799.91692,324.56824,902.98632,813.28075,918.89306,263.37402,923.94857,904.81408,831.92648,265.98644,816.75567,963.33903,303.49759,386.26568,301.27991,288.23638,299.37436,418.67687,253.60238,296.3757,400.21233,488.11881,297.27083,298.4459,381.88172,399.21102,417.45818,322.64367,278.63518,282.74617,299.26288,345.31636,408.64157,424.05164,402.31487,290.08818,291.58525,416.27731,285.86068,412.83115,410.80606,294.41678,410.6181,408.21621,296.76361,311.41757,257.24304,277.55436,286.30159,307.5514,484.1988,324.36548,417.46077,416.6219,420.3647,397.53755,295.24535,373.53026,461.92466,405.33271,388.19277,303.98752,373.55625,376.13767,422.82374,298.37947,316.70056,301.10289,404.06836,414.74461,408.47711,412.59883,377.2746,367.69963,278.6473,393.90958
327.47104,918.63905,282.57545,838.24944,269.27673,257.75101,248.23575,290.62474,804.08001,264.20964,326.66924,920.0534,819.39581,817.00256,805.69936,317.93229,240.30733,921.34459,321.64912,243.85076,249.64876,947.60242,248.68735,288.70917,279.93665,909.13396,270.7195,818.10338,277.18702,833.60968,802.76082,929.10795,820.63045,269.64153,913.50056,823.42135,254.30712,831.86765,915.13344,911.23447,913.21893,902.99693,259.17068,270.11432,347.49376,309.58091,278.84339,272.14857,914.96761,295.70915,830.89444,920.12007,941.20647,311.6542,281.92218,914.98565,948.49111,807.58266,290.74897,800.15476,324.97957,903.08468,813.96384,919.32048,263.45748,923.94687,904.86515,832.71521,265.39418,816.95501,963.23066,303.52751,379.71436,301.26604,286.87602,299.40551,418.18879,254.86432,297.36818,398.51847,485.82945,295.11649,298.57345,380.14923,400.79993,417.27292,323.14967,278.78216,282.82575,300.20708,332.19328,408.39536,423.98263,402.28068,288.8448,291.83984,416.1952,285.78106,412.62563,410.66259,297.17101,407.83389,408.37435,297.0137,314.00543,257.27865,276.8797,286.34765,308.37935,482.638,313.54373,417.20202,416.63764,420.27569,397.5128,295.40793,372.07753,451.12198,405.30122,376.22138,306.87394,363.20478,368.9965,422.85405,298.70827,306.68442,302.2981,404.05587,414.7466,408.81341,412.53744,373.38984,357.97392,279.373,392.88004
327.57099,918.67387,283.13383,838.54084,269.85528,260.32301,244.08839,290.98784,807.42667,264.09431,326.1431,919.99257,819.13624,817.69934,805.76804,318.90948,239.52224,921.37611,321.53092,241.04132,249.82627,947.33977,249.02267,288.16774,280.48051,909.14797,271.23256,818.45615,278.68622,834.80277,802.79824,929.41604,820.37839,269.56661,913.42476,823.47527,254.24578,833.0098,915.14289,911.3293,913.08558,903.06033,259.22947,269.92426,348.65744,309.47799,278.74706,271.73551,915.08746,296.12708,830.78015,920.20712,941.39893,311.94425,281.54038,915.16107,948.22537,808.10466,291.12385,799.9405,325.30914,903.19595,814.50964,919.9905,263.30788,924.00555,904.86129,833.2612,264.97693,816.98092,962.67267,303.42257,369.31279,301.24289,286.96947,299.56701,418.04249,255.93074,298.39885,400.19659,483.77195,294.42355,299.37859,378.6463,401.5609,417.17916,325.19382,280.43821,282.84992,300.34,321.2654,408.363,423.91631,402.43994,287.682,292.77193,416.16441,285.50966,412.49599,410.43434,301.48438,404.41846,408.5064,296.64907,316.07637,257.74272,276.20476,285.78466,309.29733,478.16961,304.57336,416.80383,416.82363,420.29233,397.46592,297.41117,370.12591,438.37403,405.48314,363.1793,312.86047,352.38698,359.9106,423.11592,298.78516,305.00152,302.17763,404.1459,414.66544,409.43244,412.43326,368.0675,348.87332,279.18203,389.03936
327.84219,918.69637,284.37794,838.63932,270.0049,262.77408,241.65525,290.96403,811.38308,264.07849,325.09499,919.95703,818.66451,819.09789,805.7344,319.78567,238.46352,921.46587,321.5462,238.07294,249.75198,947.1177,249.51803,288.01737,280.76349,909.06402,271.79083,818.95189,279.33666,835.71894,802.74567,929.77847,820.32187,269.5272,913.3375,824.81681,254.25,834.35985,915.13727,911.3807,912.90354,903.12299,259.2589,269.88835,349.27664,309.32329,278.84939,271.5983,915.17163,296.91852,831.22472,920.3287,941.53329,312.00772,281.45822,915.2593,948.08552,809.50219,291.63972,799.82182,325.45587,903.30392,814.94319,920.69034,263.1941,924.04217,904.87175,833.98482,264.5911,817.04521,961.86399,303.38038,355.14299,301.25829,287.7093,299.51771,417.79989,256.20489,298.13817,404.18803,481.35249,294.51515,300.2477,376.9956,401.1699,417.08832,327.70624,283.31352,282.49674,300.66754,310.96567,408.18957,423.81499,402.42941,287.36909,293.95801,416.02268,285.53255,412.45701,410.27428,306.45124,400.53912,408.52845,296.81776,317.32988,258.8564,275.97038,285.53213,310.31189,475.30864,299.78052,416.57705,417.01613,420.3061,397.47584,297.25972,367.73422,424.57143,405.41757,352.3857,319.9718,345.86201,348.55464,423.08148,298.48212,308.32045,302.73004,404.099,414.69855,408.75939,412.37569,360.56494,340.6031,278.72657,382.3458
328.32077,918.66341,284.83237,838.51905,270.40237,265.11211,240.80551,291.31454,815.68458,264.44151,323.98864,919.989,818.10556,820.31256,805.41804,320.18734,237.92111,921.64085,321.54774,238.70938,249.78102,946.94198,249.50212,287.70043,281.02651,908.9496,272.92654,819.66901,280.2153,836.0268,802.72837,930.12219,820.5092,269.52465,913.19642,827.22744,254.22691,835.90527,915.1573,911.49109,912.75073,903.1782,259.13014,270.06964,349.72816,309.20459,278.73566,271.20909,915.24658,297.38063,832.25337,920.4486,941.68001,312.31223,281.47945,915.35698,947.78359,810.72267,292.28125,799.72287,325.22645,903.34946,815.46448,921.75053,263.06693,924.03614,904.82424,834.46315,264.55211,816.70288,960.49779,303.18834,341.24262,301.33644,289.57743,299.44809,417.73398,256.7619,297.00686,409.29339,478.36732,294.93998,301.54593,376.76598,399.1232,417.07393,330.16355,286.41834,282.05646,300.90168,305.33113,408.04206,423.8773,402.44262,285.34752,294.24129,416.01715,285.98678,412.45253,410.3106,311.11059,396.87662,408.51465,296.91745,318.21217,259.109,275.32485,285.06914,310.4689,469.70663,299.21612,416.50756,417.2357,420.33261,397.47604,297.85203,363.80164,408.22441,405.45272,346.62667,327.15378,341.5763,335.73838,423.08845,298.47393,315.05103,302.68799,404.13231,414.66951,406.58622,412.43279,351.38856,333.72623,277.8936,372.55314
328.5834,918.62065,285.65684,838.00407,270.4635,267.1095,240.45506,291.44984,819.7898,264.99231,322.56581,920.00623,816.67325,820.93053,805.11541,320.45355,237.10873,921.77712,321.71247,240.41138,249.64212,946.74309,249.86447,287.71473,281.16139,908.77494,273.26342,820.1288,281.03231,835.97144,802.47633,930.3648,821.02484,269.75376,913.04402,829.76081,254.2403,836.84889,915.20837,911.57494,912.63001,903.2722,259.07161,270.06643,350.11646,309.32476,278.7401,271.03233,915.26467,298.48473,833.35964,920.57867,941.84658,312.35063,281.26404,915.43895,947.5699,811.36341,292.39418,799.80028,325.62852,903.3764,816.13471,923.09367,263.06553,924.04433,904.75935,834.85999,264.49821,816.70331,959.03253,303.32374,332.36104,301.3986,291.50074,299.13695,417.61952,256.78664,297.41107,412.02261,474.18806,296.26377,302.18004,373.08852,396.91023,416.99041,332.4256,289.70921,281.57853,301.12186,298.64901,407.92303,423.87325,402.26834,285.53069,295.3668,415.75517,286.06337,412.2567,410.17062,315.21115,393.68181,408.58583,296.87184,318.66534,258.97559,274.48623,285.22512,310.45346,463.40117,301.58368,416.33813,417.42222,420.38194,397.46482,298.22962,358.51512,390.87294,405.39957,346.26971,332.98317,336.67876,323.11801,423.12369,298.40586,321.2529,302.10401,404.01858,414.60919,403.78847,412.24766,340.18896,329.55361,276.71657,361.19951
328.7154,918.45955,285.77201,837.28068,270.48185,267.76012,240.22828,291.46472,823.38487,265.74508,321.6594,920.12748,816.15168,820.91032,804.90763,320.57482,236.99617,921.88869,321.7743,242.81296,250.00922,946.57874,250.24308,287.53927,281.24762,908.60717,273.93073,820.36288,281.31916,835.56881,802.46166,930.59086,821.36099,270.09075,912.97014,831.92456,254.20958,837.28449,915.33978,911.70122,912.50424,903.31288,259.23762,270.49246,350.20284,309.39508,278.86227,270.89836,915.25355,299.67066,834.6438,920.81255,941.95319,312.38434,281.23669,915.47483,947.54635,811.33753,292.40469,799.82992,325.39531,903.39998,816.66232,924.92695,262.9605,923.97952,904.6408,835.51835,264.4485,816.19423,957.43402,303.32005,331.21549,301.36597,293.66949,299.312,417.45906,256.96314,296.58924,412.46621,468.04922,297.85637,302.91095,366.62637,395.36089,416.99543,334.03636,292.11361,280.01481,301.17617,292.9645,407.93431,424.01561,402.18843,284.99777,295.59348,415.51029,285.08654,412.28745,410.12997,319.13772,391.07004,408.6642,296.63018,318.69056,259.03106,273.5359,284.87435,310.29063,455.28906,306.90239,416.25309,417.75975,420.37987,397.59029,299.65789,351.68905,373.93193,405.42194,348.09209,336.9434,333.65239,314.88438,423.21619,298.58506,326.14904,302.96463,404.07043,414.57615,401.06069,412.34792,331.38416,329.45338,276.01213,352.07103
328.69009,918.37736,286.08389,836.62947,270.36308,268.00398,240.09518,291.52216,826.35761,266.3385,320.68434,920.20636,816.14751,820.89132,804.77984,320.4296,236.75425,921.96314,321.82176,244.93135,250.32885,946.30738,251.00422,287.47166,281.23408,908.46787,274.96641,820.50623,281.64817,835.04747,802.4958,930.84202,821.45053,270.30525,912.88193,833.55455,254.22075,837.38536,915.43635,911.75197,912.28901,903.44841,259.53596,270.64555,350.23546,309.75221,278.99536,270.69383,915.21725,300.81097,836.33911,921.05331,941.98839,312.49082,280.98139,915.52597,947.5444,811.1086,292.58257,799.61406,325.01412,903.39016,817.09463,927.15393,262.93359,923.90324,904.55813,836.3111,264.61535,815.21787,955.48109,303.1687,333.82187,301.29977,295.37997,299.42133,417.36361,257.18069,296.27335,410.66458,460.10169,298.39518,303.64188,356.38717,392.51588,417.03257,335.18614,293.4451,277.35459,301.24173,288.78505,407.87578,423.93008,402.02846,284.75882,295.57125,415.27434,283.28737,412.1247,409.96801,322.48249,388.73927,408.73268,296.60615,318.743,259.17395,272.5093,283.71665,309.76478,445.37835,313.39345,416.11769,417.9511,420.49038,397.60076,299.57477,343.50409,357.24156,405.3814,351.55053,338.8372,330.35086,311.63942,423.25854,298.59271,329.76775,302.31297,404.00983,414.52733,399.13853,412.24258,327.41719,332.65014,275.54681,347.71141
328.50892,918.42099,286.25365,835.96078,270.49388,268.14023,239.91866,291.4727,829.10441,266.80711,320.14975,920.36594,815.78242,820.88126,804.70838,320.17524,236.86901,922.049,321.98573,247.44873,251.07114,946.16737,251.34182,287.47107,281.27616,908.30232,274.95845,820.74445,281.84369,834.67332,802.50185,930.96861,821.45027,270.94511,912.84897,834.88021,254.08121,837.39226,915.61931,911.79713,912.09565,903.60811,259.89342,270.99451,350.00671,309.93405,279.3178,270.83054,915.05374,302.26324,838.40469,921.3401,942.04012,312.48227,280.80097,915.62778,947.51874,811.00943,292.53015,799.14015,325.01139,903.38797,817.61966,929.29531,262.91923,923.87636,904.39816,836.75415,264.74571,815.22076,953.57625,302.77016,337.52583,301.23765,296.66715,299.46577,417.38058,257.44009,296.49491,408.15511,449.48338,299.1826,303.89989,345.71225,388.69964,417.17018,336.0426,294.23925,270.78081,301.24372,285.90722,407.93358,423.99759,401.96815,283.67481,295.43995,415.15444,281.13595,412.17366,409.98326,325.24174,387.16368,408.77696,296.63422,318.83766,259.48576,270.51874,281.61644,309.62269,433.64447,319.73559,416.05828,418.03929,420.50247,397.84757,299.36134,334.40551,341.34994,405.34351,354.1399,339.79541,326.65216,311.89681,423.23797,298.43385,332.0973,303.05655,404.0107,414.50325,395.98833,412.30754,328.44659,337.0119,274.82863,346.92499
328.4183,918.59595,285.87662,835.42544,270.49417,268.30808,239.96768,291.38121,831.83813,267.13819,320.06379,920.42271,815.59549,820.85232,804.62405,320.01376,237.10719,922.1205,322.12996,249.18787,251.75273,946.03566,252.09852,287.55414,281.06434,908.1633,276.1019,820.84908,282.57752,834.29672,802.51664,931.04164,821.47571,271.43101,912.81187,835.99708,254.13681,836.83685,915.66207,911.85568,912.08929,903.89208,260.86297,271.3156,349.78618,310.33245,279.51994,270.83026,914.88365,303.46784,841.13505,921.71745,942.05888,312.41619,280.52295,915.72381,947.59716,811.10158,292.28732,798.55168,324.85824,903.37949,817.61949,930.59162,263.23213,923.82395,904.31977,836.80074,265.25204,814.68291,951.6971,302.77817,339.56649,301.35301,298.10947,299.41138,417.33362,257.58402,295.68434,403.59221,435.68793,299.37972,304.56296,333.68508,385.00047,417.13056,336.55762,294.18594,262.42135,301.19347,284.58311,408.07625,424.02577,401.74903,283.30737,295.56051,414.9782,277.74177,412.15247,409.70372,327.40248,386.32704,408.76453,296.36476,319.028,260.03599,268.5588,277.52743,309.57193,420.01629,325.4563,415.96621,418.07836,420.58279,397.83648,299.91211,327.77244,326.82987,405.26591,355.78639,340.21402,323.51242,314.21888,423.2397,298.38605,333.8869,302.02367,403.96071,414.51746,391.67632,412.2616,332.3639,340.97329,274.12436,348.31424
328.54119,918.81285,286.24885,834.9972,270.7071,268.27273,239.8123,291.29794,834.61379,267.2708,319.98361,920.51803,815.5242,820.8408,804.61552,319.68771,237.90833,922.2318,322.16994,250.37675,252.42082,945.94368,252.64077,287.8539,281.29779,907.97661,277.0406,821.02295,283.00947,834.10697,802.41839,931.05546,821.51279,272.05677,912.77967,837.19928,254.25,835.84684,915.68762,912.01199,912.02187,904.17952,261.85858,271.71796,349.38749,310.54794,279.61662,270.87487,914.70205,304.32588,843.29242,922.1738,942.12652,312.59368,279.94954,915.82493,947.67568,811.42461,292.08577,798.09604,324.54092,903.38535,817.62206,930.96219,263.29948,923.81118,904.24282,836.54358,265.54804,814.35955,949.85015,302.67308,340.48291,301.35579,299.40723,299.3623,417.33582,257.93429,297.22222,401.47882,420.47591,299.15368,304.81912,322.25933,381.39089,417.27705,337.02401,294.15475,253.03034,301.40801,282.38504,408.09827,424.14961,401.67081,282.35005,295.63097,414.69528,272.85457,412.21743,409.70034,328.84077,384.8297,408.75879,296.41991,319.26361,260.18924,264.46254,271.89412,309.61972,404.0315,329.99426,415.9302,418.06169,420.55932,397.93358,301.04071,323.73913,315.34088,405.254,356.80267,340.28162,322.32896,317.20524,423.23903,298.68349,335.3997,302.54894,403.86767,414.48006,387.34037,412.34859,336.81934,343.37183,273.32114,351.27104
328.77014,919.08155,286.21064,834.83724,270.88858,268.35176,239.86959,291.27149,836.91719,267.20498,319.96266,920.66939,815.51787,820.8729,804.61473,319.12657,238.81722,922.31463,321.93776,250.05771,253.31678,945.81717,253.27363,287.76652,280.98998,907.84767,277.67717,821.05486,283.11501,834.08492,801.79267,930.98582,821.5629,272.88999,912.7741,838.61055,254.17698,834.87164,915.65416,912.19154,912.00073,904.38017,262.55664,272.13823,349.52486,310.68938,280.17263,270.96588,914.58678,304.77828,844.72034,922.569,942.20234,312.58638,279.44613,915.94996,947.63752,811.70804,291.64637,797.67716,324.87369,903.40347,817.51567,930.90084,263.51299,923.77522,904.16731,836.26326,265.8868,814.36969,948.16817,302.71172,340.70889,301.38056,300.16562,299.31201,417.28649,258.05814,297.20574,398.84346,401.37812,299.01302,305.03452,313.20704,378.6664,417.3307,336.97702,294.04201,247.95191,301.64963,281.70909,408.2322,424.15625,401.66564,282.24818,295.64304,414.33055,267.03361,412.20088,409.67887,329.63133,381.79385,408.76502,296.37536,319.3253,260.71403,256.31135,265.80513,309.62146,388.54802,333.47677,415.87619,418.06888,420.56378,397.98031,300.05505,321.87275,304.45128,405.19258,357.16149,340.11369,322.41353,320.20177,423.11181,298.67907,337.23482,302.78446,403.75644,414.36682,383.15426,412.25547,340.29509,344.76559,272.24716,354.51049
328.9798,919.3709,286.04857,834.70484,270.93694,268.62702,239.74569,291.05873,838.59467,266.93599,320.03954,920.82564,815.44596,821.034,804.62466,318.43977,239.57464,922.37937,321.93881,249.25943,253.78045,945.94614,253.83904,288.38389,281.20075,907.75801,277.38641,821.23179,283.51793,834.07986,801.47429,930.8331,821.69259,273.5704,912.76584,839.86518,254.21893,834.30243,915.56839,912.32388,911.99668,904.58707,263.54341,272.43516,349.34995,310.95759,280.18916,270.97912,914.36198,305.11117,845.76492,922.83915,942.19955,312.55524,279.03495,916.03899,947.58658,811.71024,291.39745,797.28618,324.78108,903.44108,817.11837,930.5479,263.59194,923.80723,904.09296,836.03408,266.23446,813.89393,946.72722,302.60214,340.84728,301.39455,300.26365,299.39547,417.27704,258.14466,296.4158,395.7475,380.88235,298.59824,305.04211,308.44022,376.62857,417.51417,336.88554,292.41201,246.1669,301.68774,281.36387,408.30558,424.26935,401.62227,281.96199,295.60794,414.10965,261.6781,412.20051,409.62264,330.11769,376.74835,408.74139,296.33929,319.5796,260.64323,246.87071,259.83531,309.61466,372.40825,336.04527,415.82507,418.01944,420.52518,398.13033,299.90923,321.34759,296.634,405.19534,357.29277,339.61425,323.78508,323.05538,423.14074,298.65517,339.03603,300.6544,403.72165,414.29692,379.65733,412.29466,342.77365,345.96001,270.45813,356.88301
329.24667,919.75822,286.03041,834.55792,270.99666,268.86992,240.11925,290.95753,839.7159,266.79348,320.09886,921.03948,815.23571,821.0947,804.64619,318.06409,240.55898,922.40758,322.08319,248.49972,253.83205,946.16126,254.10878,288.86446,281.38416,907.70986,277.63636,821.2998,283.73987,834.00419,801.19743,930.60752,821.85244,274.2091,912.77038,840.67629,254.13692,834.03834,915.36715,912.46656,911.95475,904.78091,264.20046,272.89385,349.37912,311.17632,280.57555,271.09995,914.10643,305.33183,846.29912,922.99906,942.19474,312.53986,278.55673,916.17784,947.54105,811.49584,290.98144,796.7552,324.96629,903.45665,816.61296,929.93941,263.68264,923.87722,904.05659,835.96594,266.51276,812.63294,945.77754,302.42285,341.12232,301.29929,300.34488,299.20368,417.20472,258.42573,297.05133,394.30133,360.21939,298.42333,305.06224,308.00445,374.08247,417.41673,336.77976,294.01705,246.51582,301.72956,280.99391,408.35942,424.46739,401.42529,280.28571,295.80827,413.95189,258.85956,412.18909,409.55384,330.39553,368.5447,408.7603,296.17059,319.89894,260.75443,237.45856,254.91014,309.69693,357.05714,337.53841,415.7924,418.03073,420.42628,398.13472,298.97552,321.21285,290.43552,405.1738,357.48618,339.06056,325.96227,325.4405,423.02754,298.44844,340.47699,301.1135,403.56097,414.26293,376.67882,412.22873,344.30108,347.04254,268.37862,357.48361
329.62954,920.30133,285.92497,834.46345,270.99382,269.01586,240.38053,290.98835,840.33483,266.67206,320.0397,921.13299,815.18842,821.27986,804.73453,316.79573,242.07907,922.45432,322.04153,248.71777,253.75705,946.35826,254.41301,289.45105,281.14354,907.58055,277.54112,821.27963,283.53341,833.55061,801.14745,930.4126,821.94084,274.66706,912.76005,841.1508,254.15665,834.0004,915.21652,912.57008,911.83216,904.97877,264.18627,273.04576,349.29445,311.19327,280.8347,271.22332,913.86207,305.93211,846.48241,923.21522,942.15007,312.51977,278.40276,916.33358,947.48352,811.2328,290.34797,796.16442,325.33766,903.48041,816.07176,929.51911,263.89169,923.99342,904.01403,835.92175,266.84513,812.63007,944.97854,302.55663,342.03152,301.43662,300.55891,299.56707,417.20037,258.59481,297.63017,395.00361,339.87284,298.22431,305.20526,309.47435,370.05193,417.5218,337.08511,292.57986,249.51355,302.09285,280.19521,408.54469,424.49099,401.2773,279.31628,295.77736,413.87496,256.47404,412.25032,409.62759,330.37424,359.21596,408.65442,295.94222,320.52193,260.83627,230.15337,252.6662,309.71295,341.4224,338.5103,415.78632,418.03212,420.32602,398.23756,299.57115,322.12561,287.95897,405.24532,357.95947,338.62879,328.26694,327.18993,423.05442,298.57837,341.64587,300.9845,403.496,414.2481,373.53942,412.25753,345.44107,348.37201,263.34402,357.35361
329.76537,921.07981,285.76718,834.47571,270.82954,269.23029,240.54374,290.83333,840.53213,266.74598,320.15973,921.22006,814.89898,821.45452,804.74061,315.86769,243.6041,922.46709,322.12014,248.89456,253.86147,946.4662,254.55115,290.02589,281.38863,907.5053,277.65005,821.15967,283.61581,832.7979,800.8991,930.28956,822.00393,274.76622,912.77241,841.57072,254.10098,834.0808,914.97785,912.67846,911.68693,905.19015,264.36249,273.00244,349.2783,311.25134,281.1725,271.31858,913.71484,306.57778,846.60274,923.25741,942.1154,312.58941,278.08417,916.40836,947.43065,810.83795,289.88938,795.65611,325.79853,903.49621,815.7009,929.22972,263.92796,924.05601,903.95075,835.86059,267.30451,812.14984,944.24699,302.41993,343.09442,301.27283,300.47218,299.49194,417.19923,258.45952,296.45076,396.39892,323.4959,298.09399,305.15962,311.26771,363.61961,417.44845,337.67401,293.24031,252.58548,302.08519,279.60108,408.69133,424.51544,401.2083,278.32921,295.65617,413.72121,255.60233,412.17749,409.4316,330.25194,349.23629,408.64504,296.02959,320.81041,260.75289,229.09487,252.52072,309.94737,328.5071,338.83314,415.78403,418.00638,420.25322,398.2866,299.61979,324.01146,287.04332,405.26291,358.30602,338.37392,329.97196,328.28293,423.04723,298.30421,342.5819,301.78932,403.32891,414.11255,369.22439,412.18768,346.0351,349.55361,256.35613,356.40646
329.8352,922.04415,285.91685,834.51796,270.9911,269.19648,241.10478,290.30291,840.45287,266.90953,320.21588,921.35343,814.76599,821.69624,804.85452,315.24075,244.83895,922.40516,321.94068,249.40022,253.79774,946.489,254.60742,290.61556,281.35647,907.32392,277.67847,820.98821,283.67934,832.00547,800.49712,930.18544,821.94989,274.77302,912.7821,842.09572,254.10093,834.03562,914.7273,912.81401,911.5531,905.39183,264.53383,273.01169,349.30979,311.18903,281.60438,271.32767,913.54626,307.56319,846.53979,923.19958,942.03728,312.57613,278.17886,916.47621,947.3102,810.61575,289.57143,795.13535,325.95148,903.47807,815.44441,928.94938,263.95181,924.10791,903.88285,835.68039,267.28854,811.23919,943.68169,302.34063,343.9844,301.32254,300.48827,299.30677,417.20225,258.66088,296.05637,399.88889,310.22286,297.9527,305.01604,312.67407,355.03113,417.56343,338.30722,292.23133,255.02471,302.44625,278.87856,408.75351,424.65142,401.14449,276.4222,295.64654,413.57457,255.49659,412.19255,409.2494,330.15592,340.4379,408.60932,295.8963,321.52287,260.82681,231.29132,252.46012,309.84204,317.68873,338.76777,415.80276,417.84709,420.21969,398.28541,300.17115,325.94153,286.98458,405.23539,358.75228,338.31515,330.95348,328.65806,422.94304,298.56601,343.23495,301.98042,403.31218,413.94592,363.69253,412.2681,346.2035,350.72991,247.61759,355.37467
330.00732,923.09236,285.77938,834.66457,271.06419,269.21309,241.60152,290.28436,840.17277,267.05864,320.19347,921.44949,814.75742,822.20265,804.95321,314.31176,246.86921,922.2341,322.06435,249.48623,253.80801,946.52279,254.73971,291.03733,281.6586,907.22342,277.73548,820.7499,283.55623,831.30306,800.48819,930.07671,821.91688,274.87704,912.77183,842.57739,254.15224,834.03329,914.57032,913.03041,911.45688,905.64655,264.28859,273.27475,348.96168,311.05988,282.07047,271.30297,913.36486,308.37633,846.52732,923.11058,941.9778,312.5573,278.01163,916.51646,947.26848,810.40029,289.30606,794.72781,326.06684,903.44695,815.27755,928.65807,263.85632,924.13465,903.85406,835.47569,267.52842,811.24521,943.18444,302.35449,344.28371,301.26502,300.88174,299.51279,417.14798,258.72216,295.84424,400.3415,298.60554,298.01422,305.26261,313.51894,344.27352,417.46648,339.08322,293.09353,256.15088,302.27652,277.95383,408.75684,424.81482,401.09325,275.14933,295.62371,413.27941,256.00182,412.16464,409.04257,330.24522,334.5428,408.49811,295.87015,321.8615,261.01426,238.20686,252.70779,309.99882,308.71814,338.54842,415.71517,417.80712,420.17517,398.23847,298.81875,327.49313,287.48956,405.19358,359.22356,338.50185,331.62881,328.64355,422.91385,298.13174,343.84319,301.99327,403.01562,413.85799,356.9295,412.27189,346.21011,351.63698,238.84385,354.40632
330.17825,924.49287,286.05806,834.90344,270.95256,269.05049,242.40371,289.72268,839.85959,267.52523,320.08724,921.61164,814.42577,822.97751,805.06314,313.29188,249.42586,922.0423,321.9583,249.92254,253.75815,946.43198,254.61016,291.5673,281.70799,907.0579,277.27762,820.58771,283.75138,830.86736,800.25237,930.00912,821.89879,274.82787,912.74682,842.84312,254.18367,833.79058,914.58927,913.26925,911.41982,905.83274,264.3385,273.2362,348.26438,310.93717,282.49188,271.09043,913.2369,309.2716,846.59237,923.11303,941.93961,312.64796,277.95225,916.63418,947.15299,810.31477,289.01836,794.53408,326.2892,903.44937,815.12075,928.31841,263.95072,924.18987,903.83171,835.03202,267.56174,810.8491,942.71901,302.06934,344.5627,301.10795,300.69692,299.60468,417.20254,258.76761,295.48622,397.11179,292.4023,298.07104,305.35974,314.38597,331.91421,417.32797,339.91164,293.90781,255.82572,302.27895,277.03529,408.80975,424.85069,401.07195,271.62913,296.15664,413.24043,256.30189,412.18088,409.00526,330.51378,332.30511,408.44289,295.64551,322.62226,260.91638,244.92482,253.12443,309.94077,300.98776,338.2937,415.69871,417.82259,420.20809,398.57371,298.52126,329.01805,289.03162,405.31478,359.79012,339.08396,332.14158,328.62101,422.89017,297.9115,344.42275,301.65798,403.03614,413.73458,348.91912,412.47413,345.91925,352.65457,230.4943,353.91911
330.13815,925.62194,286.4357,835.16571,271.04427,268.90063,242.66048,289.53571,839.84977,267.62474,320.08088,921.79169,812.99511,823.91383,805.056,313.00457,251.77157,921.74398,322.06145,249.76118,253.86269,946.25398,254.84848,292.12584,282.27614,906.88487,277.87524,820.50697,283.64351,830.4435,800.24499,929.93599,821.89787,274.99236,912.7256,843.20629,254.36111,833.32338,914.81593,913.43818,911.30394,906.02988,264.36019,273.33559,346.99723,310.99197,282.5029,271.08534,913.10565,309.868,846.69695,923.10591,941.94151,312.66404,277.9482,916.75909,947.15982,810.15429,288.74755,794.35112,326.68215,903.41128,815.04261,927.86788,264.05395,924.19907,903.82323,834.74832,267.87255,810.3192,942.40397,301.93253,344.59252,301.05847,300.60146,299.62466,417.21704,258.68625,297.81529,390.09613,289.62222,298.04338,305.30777,314.90625,319.49716,417.24347,340.91944,293.60725,255.63238,302.33042,276.30274,408.76209,424.98601,401.05921,268.75674,296.12661,413.19638,256.41563,412.25149,409.10695,331.00131,333.56168,408.38041,295.55573,322.65141,261.25044,249.38493,252.84154,309.88304,296.342,337.76223,415.69352,417.80471,420.14482,399.64553,299.16695,330.28467,290.5462,405.58651,360.47174,339.54379,332.8051,328.21929,422.88928,297.84054,345.20314,302.55511,403.19717,413.61835,340.26505,412.51604,345.46545,353.474,229.35614,353.80402
330.22885,926.7055,286.29933,835.3512,271.2789,268.69316,243.06574,289.25178,839.50253,267.87887,320.10008,922.05496,812.98969,825.05647,805.05809,312.40206,254.75101,921.47607,322.00845,249.56189,253.96707,946.01507,255.33285,292.40965,282.34472,906.64812,277.90839,820.43819,283.51157,830.27949,799.99134,929.9491,821.82588,275.31311,912.7159,843.4668,254.30222,832.9469,914.79525,913.55079,911.20498,906.3019,264.55634,273.48892,346.17834,311.2634,282.54603,270.81828,913.0082,310.39643,846.78769,923.1321,941.91839,312.5665,277.85729,916.92853,947.10789,810.02175,288.05507,794.35048,326.60305,903.3487,814.88859,927.47937,264.0478,924.19916,903.86386,834.27559,268.32751,810.32682,942.12647,302.0361,345.05632,301.04048,301.05524,299.4692,417.21527,258.73397,297.26223,381.40963,288.88038,298.17291,305.20697,315.38749,311.31016,417.0621,342.04818,293.88451,256.01226,302.37888,275.04259,408.71445,425.02264,401.02278,263.81746,296.20359,413.38199,256.41324,412.24234,410.10476,331.58369,337.50519,408.36329,295.58959,322.78669,261.15532,251.24661,253.17984,309.80397,294.61421,337.30524,415.73571,417.80404,420.14397,402.86295,299.06818,331.53092,291.88564,407.09448,361.29543,340.11369,333.56077,327.71793,422.83136,297.80183,345.90908,302.17799,404.05016,413.55778,331.72153,412.63322,344.84432,353.8926,231.35009,353.72472
