1,1,1,1,1,1,1,1,1,1,1,1,1,1,1,1,1,1,1,1,2,2,2,2,2,2,2,2,2,2,2,2,2,2,2,2,2,2,2,2
349,420,252,311,334,224,572,353,621,477,241,124,117,215,414,118,391,368,199,218,123,684,414,120,623,382,353,366,431,303,574,483,217,297,181,199,310,116,315,124
349,421,240,311,324,224,572,354,615,478,244,124,117,215,414,118,391,375,200,218,119,730,414,120,625,222,352,365,425,307,558,487,216,301,181,201,307,116,315,124
347,421,243,312,324,220,563,354,618,478,243,121,115,216,411,118,398,369,200,218,119,706,414,120,625,352,352,365,425,309,503,487,215,270,180,200,590,117,313,124
351,417,244,311,320,221,569,355,618,483,218,121,116,216,411,119,398,368,200,519,119,731,414,117,625,352,357,365,430,314,558,489,215,270,181,199,594,117,313,124
347,417,242,313,322,228,569,352,618,483,225,124,115,213,410,119,398,368,197,526,119,727,389,118,634,222,349,368,425,303,558,487,217,209,177,199,593,117,313,124
347,415,263,309,329,224,578,351,620,363,225,124,124,213,414,122,385,368,202,519,119,729,382,118,621,357,351,365,422,303,585,494,217,209,185,199,583,117,302,145
347,419,263,309,330,224,569,351,615,372,225,123,123,213,414,118,385,375,199,519,120,729,383,118,612,357,358,365,425,303,585,487,216,212,182,199,583,116,180,131
347,419,245,309,323,224,566,351,615,372,208,122,124,213,414,118,383,364,198,518,120,733,383,117,612,357,354,617,422,308,562,487,218,217,177,199,574,116,180,131
351,419,251,313,478,223,566,353,614,372,224,124,127,213,408,120,383,370,198,518,120,767,378,118,623,517,360,617,425,306,585,494,215,217,182,199,559,116,310,130
348,417,245,313,478,223,573,353,616,376,224,123,125,215,408,119,383,369,200,525,120,714,383,117,609,511,353,618,425,308,563,415,215,208,182,201,550,116,310,132
348,422,247,312,473,221,568,351,616,364,204,122,127,215,408,118,385,370,201,525,121,596,379,117,620,511,353,629,425,312,460,419,217,213,182,199,558,117,293,132
347,423,258,309,473,223,574,351,610,364,209,125,117,215,408,121,391,375,201,525,121,721,383,118,609,495,356,619,425,306,460,420,215,211,180,197,549,117,293,132
349,424,247,309,473,223,574,351,610,364,207,122,127,215,408,120,391,369,202,516,120,721,378,121,624,501,352,619,420,306,550,421,217,210,180,197,834,115,178,132
347,419,247,309,460,223,572,348,613,363,227,122,116,215,408,120,391,364,198,518,120,723,495,121,629,501,351,618,425,311,590,420,217,210,179,197,838,115,178,131
348,420,243,309,467,117,579,349,613,364,210,124,116,217,406,122,388,370,200,517,120,723,517,119,619,501,355,620,420,311,590,421,213,211,177,199,598,117,317,131
346,420,242,311,455,117,574,349,607,363,211,124,114,217,411,121,388,364,206,517,120,614,502,118,619,376,355,620,421,311,467,422,217,211,157,199,568,117,317,131
347,423,240,310,462,117,574,349,607,365,205,124,116,219,406,119,391,367,201,517,121,612,506,118,625,476,356,617,420,306,590,416,216,212,152,197,304,117,366,132
347,417,247,310,469,118,564,353,608,365,209,122,116,219,406,120,382,368,202,518,120,607,468,118,612,374,355,617,415,309,567,415,216,208,151,197,314,116,224,131
347,419,242,313,462,117,568,344,608,360,209,123,115,220,406,123,382,369,201,519,120,606,528,118,615,503,356,624,412,304,467,404,213,208,153,199,314,117,335,133
347,423,242,313,464,117,566,353,613,365,209,124,116,217,404,123,388,370,204,514,120,583,514,118,630,498,356,624,413,304,467,408,215,210,152,200,296,116,335,131
346,422,240,313,460,117,566,353,613,360,228,124,117,217,406,120,383,370,205,519,120,583,491,119,647,498,357,624,420,303,573,412,211,210,152,197,301,117,268,132
346,426,243,311,458,118,566,344,614,360,228,124,117,217,404,119,390,368,204,513,117,580,646,118,612,498,355,624,414,310,560,412,217,208,153,197,298,230,268,131
351,417,247,313,468,118,574,352,613,360,207,124,114,217,401,119,390,371,206,514,120,580,692,118,609,375,355,369,414,313,464,415,215,213,153,197,297,235,308,131
346,419,245,312,464,118,568,344,612,360,207,124,117,217,403,122,383,372,204,514,119,589,707,118,647,481,359,366,414,308,465,409,216,213,153,197,297,212,308,130
349,421,245,312,462,117,570,344,618,360,207,124,117,217,401,238,383,369,202,522,120,580,764,118,610,409,361,368,416,310,566,408,217,209,151,199,299,212,325,123
348,438,247,312,462,117,574,344,614,358,257,124,117,218,404,236,381,370,204,515,121,608,764,118,619,501,353,366,411,308,465,409,215,209,151,202,299,212,325,124
349,438,242,311,466,118,585,349,614,363,252,124,117,218,404,236,380,374,204,522,122,608,845,119,643,495,361,366,413,312,563,414,215,216,153,198,298,215,185,124
352,438,245,311,471,118,566,345,610,361,251,123,115,217,405,234,379,369,204,517,119,575,783,119,643,495,359,370,411,302,560,405,216,210,151,197,301,211,185,124
347,439,244,311,458,118,566,345,615,359,251,124,116,217,410,225,379,374,201,515,119,580,783,119,607,494,361,370,408,303,563,406,211,210,152,198,297,215,332,124
352,439,249,311,457,117,566,348,612,359,251,124,115,217,408,228,381,367,204,515,119,576,754,119,612,494,345,369,408,303,468,408,218,215,152,202,296,212,311,125
347,442,249,311,447,117,567,348,612,361,252,124,114,217,408,227,382,368,200,511,119,576,753,119,715,432,344,366,409,308,557,412,218,215,156,199,290,212,311,123
347,439,244,312,454,118,567,351,615,357,247,124,117,217,402,223,382,370,204,514,119,587,752,117,715,489,352,366,413,288,468,405,216,210,156,198,296,212,311,123
347,444,250,311,456,117,568,351,619,357,252,124,114,219,408,223,382,370,204,514,123,587,741,117,629,522,258,369,406,297,461,411,218,211,155,197,298,208,352,123
345,436,246,315,456,117,575,346,619,366,255,124,117,220,405,229,383,374,204,514,120,575,742,117,647,489,256,370,408,292,580,410,216,211,149,199,299,209,324,122
349,436,245,315,455,118,586,349,619,364,251,122,117,216,405,230,383,371,200,514,119,580,754,117,672,487,259,370,409,303,461,404,215,213,147,199,279,209,326,122
347,436,244,312,458,118,566,349,504,354,255,125,118,216,402,230,379,374,202,514,121,594,756,118,672,487,261,367,405,309,557,416,215,213,149,199,278,209,326,125
348,440,251,317,467,117,576,347,504,358,249,124,118,213,404,230,386,371,201,510,121,585,736,117,672,481,254,367,408,244,573,409,216,211,151,200,279,209,345,124
346,432,246,312,458,117,585,347,510,360,253,124,115,213,412,229,389,374,205,502,119,585,731,118,672,529,256,366,405,259,556,411,215,255,151,200,279,212,345,121
348,435,246,311,460,117,566,347,510,360,253,123,118,213,412,230,389,370,204,510,120,591,730,131,617,529,256,366,411,256,566,413,211,255,147,200,284,213,303,123
348,438,241,311,448,119,563,344,510,358,205,124,117,217,408,230,389,370,204,503,121,579,738,131,617,372,251,366,406,256,469,410,211,243,147,198,284,210,303,124
351,434,244,311,461,118,567,351,510,360,262,123,117,217,405,229,378,366,201,503,118,579,732,131,642,493,251,366,408,244,566,412,213,243,149,200,284,210,304,124
346,432,258,312,449,118,569,351,492,360,258,123,115,215,405,239,378,366,204,503,118,717,731,139,643,493,262,375,404,245,469,411,218,231,149,198,284,213,304,124
347,433,242,312,456,117,575,351,492,359,287,123,117,215,406,224,378,366,202,503,120,717,740,136,698,493,251,380,402,242,469,408,213,236,149,202,284,213,311,124
118,434,245,310,464,118,566,345,492,364,265,123,117,217,397,231,409,372,208,503,120,717,743,136,699,491,253,380,449,243,2963,410,213,236,267,202,285,212,311,122
347,433,241,311,453,119,575,355,492,364,240,123,117,215,394,228,409,374,202,510,121,612,748,137,698,456,254,374,541,243,2970,403,216,232,256,202,298,212,319,124
118,430,241,193,460,118,576,344,495,358,239,124,117,217,394,229,398,366,204,503,122,627,728,175,642,456,249,379,537,243,2970,406,215,232,247,198,288,213,319,124
118,424,240,193,460,117,568,348,495,358,211,124,117,212,404,231,399,367,202,510,120,627,523,129,665,456,254,379,489,244,2850,408,215,232,244,202,288,213,318,122
117,428,242,193,454,117,566,346,495,364,213,123,115,212,398,231,390,368,202,510,120,627,522,129,653,370,255,372,481,247,2779,409,216,298,241,201,293,216,318,122
119,428,161,197,461,119,575,346,374,364,209,123,117,212,399,227,392,369,202,506,119,491,521,129,616,487,254,372,473,245,2850,409,213,304,241,199,289,218,318,124
120,423,163,194,447,119,574,352,374,361,212,123,116,215,397,233,392,369,202,506,120,491,523,130,672,487,252,374,458,242,2850,409,211,301,239,201,286,218,311,121
120,427,183,194,447,117,568,352,359,361,211,123,117,216,398,530,392,372,199,506,121,512,517,131,668,487,259,369,446,242,2918,275,242,301,239,200,285,219,285,124
117,431,183,194,451,117,575,345,372,359,217,122,116,216,398,530,392,372,259,506,119,605,525,131,692,494,254,368,451,243,2905,273,242,313,242,198,286,212,285,124
117,435,166,195,449,117,566,345,372,356,211,122,117,219,397,530,379,366,252,503,119,573,561,129,679,374,254,370,474,219,2873,274,213,329,246,198,288,215,280,124
117,427,166,195,450,118,566,352,3387,358,216,123,117,219,397,253,380,369,249,500,119,609,569,210,617,374,258,370,473,211,2873,274,213,329,240,199,288,212,280,124
117,421,171,180,457,118,568,352,3387,358,216,121,116,215,397,257,380,371,204,503,122,609,621,210,679,508,250,366,466,211,2880,276,284,333,241,199,286,215,257,124
120,425,165,182,449,117,563,352,3434,360,210,126,115,215,401,256,381,372,204,503,119,559,575,210,679,508,251,366,466,212,2875,274,238,344,241,200,289,215,181,124
120,425,167,182,460,117,574,344,3434,358,213,123,117,217,395,3670,381,372,205,502,120,559,515,130,699,491,249,365,460,212,2880,276,215,344,212,198,284,207,287,123
120,421,167,181,460,117,574,346,3434,360,209,124,115,213,401,3641,379,375,205,508,120,589,572,180,688,491,246,370,484,207,2719,277,236,348,216,199,272,208,287,123
119,426,165,181,455,117,566,342,3526,360,217,123,116,213,392,3591,380,376,200,502,119,615,585,130,698,491,253,370,477,209,2730,280,216,348,217,199,274,205,287,124
119,433,166,181,455,117,572,342,3429,360,213,123,115,215,390,3638,380,375,205,508,119,629,514,130,600,491,246,369,480,212,2719,277,236,344,217,199,279,207,278,123
119,428,168,181,454,118,566,347,3429,358,211,123,116,215,392,3582,382,372,201,503,119,632,508,124,653,528,249,366,471,207,2648,274,263,344,218,198,275,207,242,125
121,425,165,181,450,118,566,347,3363,359,189,123,116,218,394,3592,382,371,200,502,119,639,626,181,660,409,250,370,467,208,2751,291,238,358,221,199,275,208,278,124
118,424,166,180,460,121,563,355,3366,359,261,123,115,216,392,3590,382,372,204,501,119,639,619,181,705,409,256,365,467,210,2648,314,232,353,215,199,273,205,268,123
121,425,166,180,1677,121,564,345,3366,363,255,124,115,216,394,3590,379,358,201,503,121,662,506,179,668,409,249,365,484,211,2801,306,244,221,215,200,270,209,242,123
120,434,163,184,1715,121,570,345,3395,363,246,124,115,216,394,3676,379,375,202,501,119,662,638,169,684,409,253,365,464,207,2798,300,284,347,216,200,273,209,278,124
120,434,163,182,1686,118,564,345,3462,363,253,124,3045,219,394,3579,378,372,204,502,121,676,501,179,684,409,256,365,460,211,2801,293,280,347,219,200,276,208,312,123
119,420,163,182,1669,118,564,344,3462,363,249,124,3111,216,395,4086,378,361,200,500,118,676,638,124,674,408,272,368,476,213,2762,298,238,352,213,198,274,209,288,124
120,431,165,181,1677,118,566,353,3462,358,251,124,3045,215,395,3979,382,364,200,500,120,726,638,124,679,408,290,368,457,212,2798,292,236,358,213,198,261,205,149,123
3060,424,166,181,1698,117,566,352,3360,363,253,122,3122,215,395,938,385,358,201,500,120,718,491,186,681,408,261,366,465,210,2798,292,301,360,217,199,261,206,149,123
120,424,166,181,1568,117,566,352,3360,363,249,122,3112,220,395,663,385,375,202,500,120,771,624,124,681,514,266,366,464,211,2741,302,236,360,213,202,264,204,288,120
3025,426,166,180,1753,118,575,345,494,360,351,122,3122,220,391,658,383,371,198,500,119,771,651,124,704,514,262,367,355,210,2555,403,238,365,213,200,261,207,288,125
3022,419,164,3174,1770,118,564,345,363,365,267,122,3008,216,391,661,378,360,210,500,120,709,651,186,688,514,264,366,360,213,2555,351,238,365,216,200,262,207,293,123
3048,423,164,3157,1770,117,573,241,363,365,265,122,3008,217,394,666,378,355,210,499,120,709,485,183,663,517,266,365,355,209,2724,284,324,360,219,198,284,202,297,122
3034,427,167,3157,1747,118,564,199,366,363,267,124,3008,217,395,666,379,371,3139,500,120,692,627,186,627,515,259,365,355,210,2732,390,304,215,216,199,280,202,297,123
3048,420,167,3171,1780,119,564,199,3421,359,257,121,3103,217,395,398,383,359,3124,499,120,693,638,190,660,517,267,370,377,210,2724,371,280,352,217,199,276,208,138,124
3048,420,164,3171,1742,120,562,198,3404,366,249,124,3103,212,397,395,381,358,3089,498,120,699,654,190,660,515,259,370,377,208,2759,370,326,352,218,199,276,205,138,124
3099,422,166,3171,1675,120,562,199,363,359,250,122,3035,216,397,394,381,361,3176,505,120,698,654,123,676,515,259,366,371,215,2732,386,312,331,218,200,276,206,266,122
3099,428,164,3120,1587,118,569,199,363,358,250,123,3103,215,397,394,387,371,3176,498,120,697,480,186,592,519,256,366,389,215,2759,274,301,331,221,202,275,206,266,123
3099,421,170,3120,1572,117,566,116,368,366,249,121,2990,215,397,394,387,360,3105,500,120,694,628,186,594,519,444,365,349,209,2774,386,320,219,215,199,276,201,254,123
3095,425,167,3120,1542,121,3577,116,368,361,246,123,3030,216,390,395,383,390,3125,500,119,693,493,186,663,519,435,365,417,215,2727,387,320,353,213,200,279,201,270,124
3019,419,165,3114,1597,119,3577,117,368,365,249,123,3040,217,397,398,383,361,3082,500,119,693,625,186,655,536,432,367,381,210,2774,450,324,219,219,201,278,206,314,122
3095,419,167,3121,1589,118,568,117,366,365,262,123,3106,217,390,397,383,361,3123,500,120,696,491,185,681,480,425,367,358,210,2544,413,324,219,215,198,279,201,137,121
3095,419,167,3131,1540,119,568,117,366,359,255,122,3106,216,397,399,383,391,3093,501,120,696,640,193,3037,525,425,369,360,210,2731,409,320,360,212,200,286,200,137,123
3083,416,170,3131,1540,256,573,115,363,360,252,122,117,216,398,393,669,364,3109,500,119,689,640,193,3077,534,415,369,363,212,2544,2705,320,2541,217,201,277,201,256,123
3019,290,166,3187,1540,242,3556,115,363,361,250,122,3114,213,391,377,669,386,2009,500,121,697,640,193,663,525,412,365,363,212,2720,2665,272,2594,215,198,277,199,243,122
3019,291,166,3187,1540,231,580,118,370,357,249,124,3035,215,391,372,670,391,207,499,119,697,629,179,3009,525,412,365,612,210,2733,2666,219,2594,213,200,276,201,279,124
3027,290,166,3187,1555,228,562,118,519,361,247,124,116,216,389,372,3508,402,210,500,120,697,660,179,627,548,409,367,612,215,2732,2666,225,2569,215,200,274,204,279,123
3083,290,215,3182,1571,222,3593,115,519,361,249,124,117,216,393,370,3446,371,215,500,120,695,628,184,3009,530,412,363,612,210,2789,2482,225,2569,213,196,276,204,235,124
3083,295,209,3182,1523,229,570,115,367,358,250,122,116,216,389,372,3446,398,210,500,120,696,488,198,709,530,404,359,610,210,451,2704,332,2410,212,198,276,201,164,123
3016,295,207,184,1520,230,3492,119,367,358,249,122,117,212,393,374,3446,400,208,500,121,694,634,121,2944,530,415,359,607,215,2789,2654,120,2454,216,198,279,201,267,124
3016,280,207,184,1515,221,3556,117,364,361,256,123,118,212,3401,372,3417,402,212,499,119,694,634,131,2944,536,415,360,648,211,461,2467,320,2440,213,199,279,201,267,124
3016,280,209,184,1507,220,3492,117,363,361,256,124,117,216,393,370,3417,400,209,510,119,516,585,182,578,541,412,360,616,211,356,2659,120,2556,213,201,278,204,274,124
3016,285,206,186,1501,221,3492,117,365,359,251,121,3045,213,3358,368,3630,361,259,499,120,516,629,182,663,541,406,365,610,209,466,2486,320,2556,212,196,280,200,274,124
122,280,211,185,1494,222,3478,117,366,360,254,124,3045,211,3351,369,3750,404,208,514,120,494,485,124,2999,566,406,365,654,215,445,2523,222,2521,211,196,280,201,207,124
118,285,208,183,1491,221,3478,117,366,367,254,129,3056,211,3358,369,3643,402,209,510,121,498,627,191,2999,566,405,360,642,210,445,2570,238,2521,212,196,274,199,242,123
122,281,208,183,1489,221,3556,117,358,358,249,133,3045,216,3372,370,3625,402,209,514,121,496,623,124,673,600,413,366,630,211,510,2570,222,2448,211,197,272,199,225,121
122,286,210,183,332,221,3560,117,366,360,262,128,114,217,3355,375,3625,398,208,515,121,496,621,152,3077,600,406,366,627,215,426,2464,225,2515,213,200,273,200,262,123
118,281,212,184,332,224,3566,117,366,364,249,125,114,217,3372,367,3641,400,208,514,119,510,484,184,2971,621,408,360,625,212,510,2486,225,2480,211,199,274,198,274,122
118,277,207,184,330,225,3566,120,366,364,250,126,119,215,3354,375,3641,402,210,515,121,528,639,201,2971,624,414,360,631,208,510,2467,120,2425,209,199,275,199,270,122
118,280,207,184,330,221,3476,116,366,360,254,126,114,215,3354,365,3730,400,209,514,120,528,629,125,2850,624,406,366,631,210,439,2516,231,2425,212,199,278,199,257,123
120,287,205,182,330,225,3492,117,366,361,251,126,115,215,3341,369,3634,401,200,515,120,483,484,125,3009,691,406,370,365,210,457,2589,231,2462,212,196,275,199,257,121
253,278,165,182,330,222,3476,117,363,361,250,128,115,213,3363,364,3394,401,199,507,122,538,628,190,2964,581,404,370,359,208,437,2418,235,2462,217,199,280,202,267,124
120,281,167,181,329,223,3493,115,357,359,249,125,117,217,3363,366,3394,400,204,514,120,529,502,182,3020,592,411,367,371,207,459,2502,225,2433,269,199,277,201,267,123
120,281,166,181,329,234,3486,115,365,363,249,125,115,212,3389,367,685,402,201,514,120,545,640,242,2871,600,412,366,608,210,464,2504,119,2529,242,199,277,201,277,134
241,283,166,183,331,232,3482,371,365,359,253,126,114,212,3371,366,685,404,200,506,136,487,484,177,2944,589,402,366,607,207,459,2533,225,2529,238,200,276,201,278,134
235,286,168,182,333,221,3558,371,363,360,265,126,114,213,3389,364,685,402,199,506,120,578,610,120,2987,590,404,363,603,210,355,2558,229,2529,264,199,274,205,278,139
242,277,166,182,327,224,3558,369,363,360,265,129,116,212,3366,361,912,398,199,506,119,548,610,120,2864,590,405,363,605,209,458,2530,159,2463,264,199,278,205,285,140
234,276,164,183,341,222,3497,369,363,365,277,129,114,212,3380,365,931,398,199,508,166,548,657,190,2999,590,408,368,613,211,355,2635,231,2463,229,199,274,205,285,173
233,278,164,183,341,3162,3566,369,361,358,280,125,116,217,3380,368,931,398,200,507,166,606,657,2485,2901,590,411,368,606,211,451,2558,121,2449,227,197,274,204,277,134
234,283,166,181,336,3162,3575,138,367,357,277,128,117,217,3380,364,931,395,204,508,122,606,498,2485,2834,581,411,366,601,212,481,2609,120,2449,227,199,277,204,274,135
228,277,164,184,331,3152,3492,138,367,359,264,126,116,211,360,364,688,401,198,513,119,466,641,2485,2971,595,411,364,603,208,464,2465,225,2494,280,199,274,204,2503,135
233,3395,164,184,333,3147,3493,3031,363,365,272,128,267,212,3381,388,688,401,198,504,130,597,639,2416,2840,580,403,640,606,207,481,2564,233,2450,292,201,276,202,2492,243
229,3314,164,184,333,3146,469,3459,367,360,269,126,275,213,394,385,686,398,201,513,120,521,636,2410,3020,595,404,640,605,209,439,2588,252,2450,213,201,276,202,2525,205
233,3329,162,184,331,3135,3465,3459,360,360,269,126,275,213,395,391,684,398,201,512,120,541,503,2410,2964,595,414,648,603,207,394,2562,206,2507,284,204,276,116,2523,127
231,3325,164,180,332,3137,3528,3448,360,360,301,127,249,211,394,385,684,394,199,506,167,395,503,2410,5102,402,409,394,610,117,490,2599,229,2425,278,199,273,117,2419,194
231,3334,164,181,329,3162,3558,3474,491,357,300,127,267,211,395,388,683,401,199,512,120,525,649,2429,5112,402,409,394,610,117,472,2599,2413,2425,299,198,276,117,2419,205
231,3394,164,182,331,3143,477,3455,491,360,884,127,249,211,395,386,683,395,204,505,120,525,649,2472,2834,402,409,394,484,118,465,2431,121,2425,307,198,272,117,2465,205
235,3311,163,182,329,3204,477,3475,357,358,383,125,231,213,395,385,410,402,200,505,171,537,516,2472,2987,400,275,434,334,117,472,2924,121,2459,302,198,275,116,2465,218
231,3307,163,182,330,3208,3575,3455,361,356,371,126,251,213,395,390,402,401,201,507,121,399,623,2472,5090,402,275,434,325,117,461,2914,2420,2412,322,201,275,116,2465,222
232,3384,162,182,329,221,467,3474,359,365,360,126,251,3231,394,388,402,3387,201,506,119,513,621,2414,2901,402,280,698,347,116,465,2961,252,2521,231,198,276,117,2471,234
229,3366,162,182,329,222,467,3474,359,360,360,125,231,3241,395,389,404,394,200,505,204,513,621,2479,5094,405,276,655,347,117,355,2970,233,2430,231,198,280,117,2481,128
231,3305,161,182,327,222,476,3474,358,355,3351,128,235,3241,397,388,404,395,201,506,121,530,626,2414,5094,409,274,655,365,117,469,2936,2490,2430,325,200,273,118,2473,236
229,3316,163,225,332,220,3465,3514,356,355,3369,126,235,3244,365,391,406,401,201,507,180,536,629,2414,2978,402,277,651,358,117,469,2986,2413,2430,325,198,289,116,2473,127
232,3300,165,224,331,221,466,3661,368,355,3361,127,235,3244,397,385,406,3354,199,505,121,395,635,2475,2840,402,275,679,355,116,469,2918,2413,2404,313,198,320,117,2425,127
229,3313,164,224,333,3191,466,3661,366,207,3366,127,242,3244,397,386,415,3387,200,507,180,533,612,2475,5096,402,275,584,392,117,456,2843,2465,2404,329,198,304,117,2425,223
232,3242,164,224,332,3154,469,3661,361,205,3380,127,234,3492,368,385,426,3352,200,507,122,516,598,2475,5133,411,274,584,377,117,469,2845,2420,2473,306,199,311,116,2425,128
231,175,166,230,332,221,473,3661,361,209,3401,128,245,3381,361,388,426,3367,200,507,255,516,681,2475,5133,411,274,566,349,117,437,3004,2407,2444,311,198,323,117,2426,240
232,219,165,230,325,221,470,651,358,209,3421,128,239,3492,368,394,413,3366,198,512,132,530,713,2459,5108,411,296,514,354,116,397,2917,2417,2444,329,202,301,118,2426,127
225,219,163,229,335,221,470,406,363,210,3500,239,239,3444,365,387,413,3387,200,510,255,390,709,2402,5102,411,297,514,354,118,437,2525,2490,2506,2599,198,293,117,2429,235
229,222,162,242,331,220,477,404,363,210,3470,239,240,3444,365,386,413,3366,201,512,136,526,721,2416,5120,1805,301,830,403,119,459,2573,2417,2506,2496,198,297,117,2425,163
225,217,163,242,330,234,467,404,363,262,3459,239,239,3444,364,388,416,3457,205,511,177,526,726,2402,5120,1810,301,834,322,119,460,2551,2417,2569,2579,197,314,117,2459,273
225,217,166,245,337,223,464,400,363,262,3424,128,253,3444,364,386,416,3352,201,506,138,538,726,2428,5091,1810,296,572,404,129,459,2919,2398,2461,2550,201,329,116,2419,198
228,218,165,245,329,220,476,403,361,251,3477,126,253,3366,364,389,416,3366,204,511,166,538,889,2472,5090,1810,304,572,383,133,465,2758,2411,2425,2446,199,325,117,2413,291
225,218,166,240,333,220,466,405,363,256,3483,126,253,3366,368,382,393,3398,204,511,124,393,775,2428,5098,1760,306,331,427,137,355,2964,2465,2454,2543,199,325,117,2413,291
225,219,167,240,331,222,466,403,366,254,3389,127,238,368,366,382,393,3366,204,514,124,526,775,2472,5094,1818,298,331,414,135,465,2964,2407,2454,2502,198,267,117,2400,180
228,219,168,240,327,222,466,134,367,251,3389,127,246,367,366,385,394,3437,200,511,124,439,768,2431,5094,1818,296,324,414,169,459,2901,2416,2428,2507,197,313,117,2389,295
231,220,165,241,329,218,470,134,367,252,3449,128,240,364,368,385,394,3430,202,511,133,549,775,2404,5109,1818,299,334,430,127,481,587,2482,2428,2527,198,312,116,2456,322
230,170,164,241,329,219,471,134,374,694,3417,126,246,364,365,388,391,3361,201,507,130,549,766,2475,5109,1726,302,334,427,129,459,573,2417,2435,2446,199,329,117,2416,283
230,173,165,239,325,218,468,134,365,694,3509,126,254,363,365,388,391,3361,202,514,159,392,755,2429,5096,1833,295,331,427,131,470,435,2475,274,2532,198,337,117,2409,177
228,173,164,241,325,217,464,134,361,694,3426,127,254,363,365,388,397,3430,204,506,186,392,748,2429,5133,1833,291,340,435,128,476,571,2492,274,2445,199,398,116,2409,287
230,173,166,241,325,220,466,134,361,694,481,125,254,366,369,390,392,3374,202,507,131,539,748,2448,5137,1828,291,2604,444,170,470,581,2411,274,2585,202,329,116,2474,291
231,169,168,241,325,219,466,132,358,3238,409,128,245,363,369,390,389,3437,202,515,166,502,762,2395,5137,1824,298,2520,333,178,455,309,2417,267,2556,197,267,117,2430,179
228,169,163,242,330,221,466,132,358,3302,414,127,256,365,363,383,389,3432,202,507,124,502,515,2395,5088,1824,302,2520,333,171,459,309,2463,267,2583,198,337,117,2406,293
228,173,165,242,331,220,230,137,358,3269,405,127,245,365,369,386,391,3432,204,510,124,394,517,2395,5120,1705,300,2520,440,169,455,164,2416,131,2583,198,337,116,2406,293
228,174,166,265,326,224,467,137,358,3258,406,127,255,365,363,382,390,395,201,507,124,394,502,2401,5096,1878,298,2462,458,121,469,164,2413,269,2580,198,382,117,2429,293
233,173,168,265,327,220,234,135,357,3242,398,127,252,363,364,385,389,3457,201,504,171,516,504,2401,5096,1730,299,2462,327,184,469,308,2475,269,2520,197,266,116,2429,2451
225,172,166,250,330,219,471,135,357,3281,392,127,252,363,361,387,393,3374,200,503,191,488,508,2401,5096,1886,296,2487,424,193,455,308,2421,265,2581,197,327,116,2405,2451
225,166,166,250,330,220,468,135,357,3276,3421,126,252,367,361,387,393,3398,201,503,163,488,508,2417,5107,1886,296,2487,404,156,469,367,2420,292,2547,199,332,116,2424,2676
225,169,213,249,331,217,238,134,365,247,3459,127,252,367,364,387,393,397,202,503,186,389,508,2406,5161,1886,298,2517,464,189,357,323,2417,292,2641,201,338,116,2363,2700
224,173,229,249,330,217,239,118,365,250,3459,127,246,360,364,377,393,3374,205,504,124,389,537,2406,5152,1886,309,2484,431,121,455,319,2417,292,2528,198,331,116,2363,2695
225,173,233,249,333,217,239,118,355,257,401,127,246,370,368,375,393,397,205,504,124,521,489,2406,5229,1757,304,2453,321,201,465,320,2425,286,2512,211,268,116,2378,2749
224,172,229,424,325,216,235,115,367,247,392,127,247,364,368,377,399,393,202,503,126,506,450,2475,5109,1876,335,2465,432,198,357,315,2425,264,2626,200,326,117,2378,2672
225,176,231,424,327,217,230,115,367,247,394,127,246,364,368,381,399,3432,206,508,180,375,366,2407,5145,1876,329,2465,492,123,458,315,2499,264,2634,199,326,117,2593,2682
223,172,228,382,332,217,234,117,358,259,392,128,245,364,368,379,389,398,201,508,201,523,435,2443,5145,1876,417,2517,483,196,458,329,2403,275,2654,422,274,118,2586,2667
227,174,225,392,326,213,241,117,358,259,390,127,247,368,368,381,389,397,208,511,125,516,438,2407,5145,1831,417,2517,323,207,454,175,2420,132,2654,337,258,117,2542,2497
223,184,225,392,325,215,235,114,356,265,392,127,245,368,368,368,381,393,204,504,255,519,457,2443,5079,1831,326,2469,426,202,458,324,2420,132,2679,440,258,138,2542,2666
225,261,228,381,332,215,233,114,357,251,391,126,253,368,369,371,377,398,204,511,183,379,374,165,5243,1831,318,2462,431,2437,527,330,2420,251,2594,386,355,135,2442,2701
227,180,229,381,332,217,233,120,357,250,391,126,247,365,366,377,382,397,202,504,124,379,459,204,5096,521,323,2450,401,2437,454,322,2420,281,2557,399,333,171,2442,2719
225,180,235,381,324,213,238,117,345,252,392,125,253,365,366,380,382,393,204,502,193,398,469,204,2823,518,319,2450,447,2437,451,370,2475,275,2531,422,2649,171,2429,2911
229,180,247,379,332,216,235,122,345,252,391,125,253,365,360,380,370,397,205,503,126,398,377,204,2823,518,334,2513,322,2427,527,194,235,320,2602,385,2519,171,2418,2802
227,180,275,379,326,213,233,122,255,272,392,125,258,365,366,380,369,400,380,507,183,511,478,197,5103,518,332,2513,432,2427,460,338,235,320,2666,386,2600,129,2493,2802
229,180,272,378,326,213,2496,151,251,254,397,126,253,361,366,371,369,398,430,507,198,502,382,190,5103,366,301,2436,326,2416,412,302,2425,166,2614,385,2623,129,2493,2917
225,180,272,378,327,216,234,155,251,254,406,127,253,367,367,380,371,393,483,507,124,382,502,197,2845,366,355,2428,465,2445,412,281,2420,166,2564,437,2463,120,2532,2791
228,181,274,370,326,215,232,154,263,249,394,127,257,367,365,372,374,395,444,218,189,514,489,197,5128,366,322,2441,2613,2450,453,333,225,279,2627,437,2555,173,2532,2728
225,181,274,370,322,215,2451,167,257,251,391,126,259,361,364,375,374,397,444,3265,182,514,433,198,5145,366,364,2441,2686,2446,460,255,225,266,2622,419,2555,196,2532,2827
227,182,246,361,322,212,246,166,261,252,391,129,257,361,364,372,375,390,370,3275,189,505,374,191,2930,522,306,2568,2689,2424,483,255,2498,266,2460,430,2494,208,2420,2827
225,182,252,361,325,217,233,166,258,256,393,126,265,364,364,372,380,395,367,3247,159,505,455,193,5079,508,345,2501,2702,2424,453,231,2420,124,2460,479,2548,205,2499,2827
228,182,253,366,325,211,2433,171,258,251,394,127,254,364,365,370,371,397,367,3163,124,366,424,193,5079,508,338,2501,2677,2426,483,301,222,124,2462,437,2637,205,2483,2778
228,184,261,368,326,216,234,167,256,251,390,126,265,361,365,377,371,390,374,3247,201,507,296,198,2903,366,347,2529,2677,2435,356,326,222,258,2462,461,2559,205,2483,2851
225,181,250,368,331,213,2439,167,256,247,405,125,283,364,376,408,371,391,378,3247,185,507,430,187,2903,519,347,2553,2722,2420,457,326,234,273,2477,369,2455,213,2570,2864
222,184,292,366,332,218,2496,167,254,252,394,127,283,359,370,409,372,395,369,3221,124,510,437,198,2870,519,372,2553,2722,2420,356,315,235,273,2427,430,2541,209,2570,2786
221,188,292,366,325,213,2515,169,254,252,397,125,263,359,370,405,372,390,368,3163,182,494,387,198,2823,519,368,2467,2678,2423,457,315,232,286,2491,447,2531,218,2570,2786
222,183,277,367,333,212,2413,168,254,256,388,126,283,368,377,420,370,387,368,3163,182,361,3501,196,2838,525,313,2467,2736,2491,457,287,232,286,2524,458,2618,218,2545,2818
394,182,277,381,327,215,2451,170,255,256,387,126,263,365,377,420,369,389,369,3242,182,483,3306,196,2838,364,349,2467,2736,2459,455,310,234,232,2421,461,2469,2415,2455,2797
392,184,284,381,325,210,2437,170,255,256,390,125,263,365,377,417,369,389,369,3179,242,483,3411,2440,2918,524,300,2467,2681,2459,457,296,225,270,2407,464,2597,2415,2545,2891
391,187,276,359,329,212,2476,170,254,255,390,128,270,365,377,422,372,391,372,3242,190,488,3418,196,2845,366,354,2539,2719,2425,456,296,121,270,2423,466,2495,2426,2439,2799
391,185,276,359,327,212,2430,170,261,255,390,126,265,361,379,419,372,388,371,3242,2431,488,3382,196,2793,366,334,2539,2716,2424,409,304,234,267,2423,375,2574,2412,2439,2794
391,184,274,364,329,212,2469,171,261,253,552,126,270,361,372,422,347,391,369,3235,186,360,3299,193,2793,530,372,2536,2665,2492,462,298,121,258,2401,458,2528,2433,2462,2782
391,181,275,370,329,213,2423,166,257,252,552,126,263,366,372,424,259,388,369,3235,124,498,3386,197,2848,530,356,2596,2663,2479,409,298,212,124,2456,469,2466,2434,2462,2836
392,183,279,366,325,216,2439,166,257,252,555,125,267,361,379,428,259,387,370,3256,2412,500,3306,197,2884,530,299,2521,2672,2426,409,336,222,240,2407,464,2566,2414,2411,2784
392,185,332,366,322,212,2413,166,257,252,539,125,262,361,379,425,393,390,370,3235,2412,357,3404,130,2806,513,343,2484,2668,2406,462,180,232,240,2403,467,2518,2407,2447,2645
380,182,332,365,322,213,2439,167,256,266,542,126,267,361,372,420,393,389,367,3229,201,488,431,2431,2806,370,421,2484,2671,2425,461,295,232,269,2401,467,2528,2412,2432,2747
378,182,323,365,325,215,2439,167,256,266,540,126,267,358,372,426,381,391,368,3256,125,488,299,2431,2806,370,374,2473,2671,2425,454,296,223,269,2380,458,2458,2479,2430,2832
380,183,345,360,330,211,2476,167,257,272,540,126,264,358,368,428,378,391,370,3213,2411,504,444,2413,2903,363,291,2473,2688,2425,460,327,254,269,2457,421,2576,2414,2396,2811
374,184,340,360,325,211,2429,167,257,250,524,126,264,356,368,430,368,390,365,3256,2411,504,322,2454,2806,363,291,2525,2669,2440,461,340,228,243,2449,2740,2567,2414,2396,2811
374,182,327,360,325,210,2429,166,257,254,549,128,263,363,370,420,372,388,365,3235,184,504,450,2454,2806,517,349,2578,2664,2421,484,267,290,243,2569,479,2555,2424,2437,2813
374,185,3383,360,327,212,2421,165,256,255,521,126,264,361,368,421,372,388,367,3213,124,504,450,2454,2739,517,287,2527,2844,2422,484,204,234,263,2634,467,2583,2424,2437,2838
381,182,3370,365,333,212,2423,165,256,258,523,126,263,361,367,414,367,385,364,3235,2486,484,464,2073,2876,369,367,2527,2663,2420,370,322,159,263,2678,2701,2583,2419,2384,2752
374,184,3370,366,333,212,2420,166,255,254,517,3208,263,361,369,414,367,388,367,216,2486,2705,464,179,2777,369,285,2452,2604,2401,457,322,121,256,2562,2701,2430,2418,2379,426
374,185,3288,359,333,217,2420,165,255,253,545,3208,262,358,369,420,367,388,367,3235,198,2711,448,179,2793,527,355,2452,2708,2424,370,313,159,285,2529,2740,2454,2418,2384,426
381,182,3301,366,329,217,2421,165,255,265,539,3145,263,361,369,416,364,388,366,216,126,2711,481,173,2787,383,290,2460,2695,2423,370,317,232,256,2512,2690,2431,2405,2432,503
379,181,3285,364,324,217,2437,166,261,253,519,3098,261,361,369,421,364,390,367,216,2418,2709,433,191,2787,383,290,2460,2689,2434,464,301,233,256,2593,2690,2422,2405,2432,513
371,183,3285,364,324,213,2439,166,252,255,518,3080,261,368,369,421,364,391,365,216,2418,2709,310,195,2814,383,313,2522,2689,2443,455,311,242,256,2593,2690,2424,2421,2432,502
379,184,3381,364,333,215,2437,166,255,255,545,3104,264,368,371,415,365,390,363,219,189,2487,446,186,2870,539,313,2522,2667,2418,455,351,252,262,2593,2766,2464,2421,2455,505
379,184,3330,364,331,217,2431,164,255,261,516,3158,261,369,372,416,364,388,368,217,2412,2671,446,186,2849,366,329,2522,2694,2422,455,288,228,272,2593,2523,2483,2422,2455,504
379,180,3288,358,327,215,2486,165,254,259,515,3158,277,413,368,419,369,385,365,217,200,2736,277,197,2806,366,288,2652,2789,2450,455,147,121,263,426,2710,2436,2422,2443,506
377,180,3288,358,324,212,2419,165,255,263,513,3098,264,409,374,422,369,390,367,219,2412,2675,278,197,2902,366,346,2652,2669,2563,460,147,121,264,355,2530,2420,2415,2443,512
371,181,3288,361,323,216,2486,165,255,253,522,3081,264,406,374,415,367,390,363,217,201,2675,425,197,2902,513,2611,2652,2650,2472,455,277,290,264,286,2690,2437,2415,2413,511
372,180,3343,361,322,212,2420,170,255,257,528,3093,258,406,370,421,365,387,368,220,201,2492,414,191,2813,462,2534,2617,2745,2562,455,274,159,241,381,2718,2407,2423,2464,492
372,179,3289,358,329,218,2475,170,256,257,518,3088,258,405,366,415,365,388,366,217,2408,2738,414,191,2876,462,2503,2617,2652,2562,462,352,245,261,387,2751,2466,2431,2388,492
376,172,3279,358,326,215,2475,166,256,253,523,3088,258,405,370,419,365,386,370,217,124,2584,411,195,2732,462,2595,2560,2667,2542,451,152,235,261,376,2710,2417,2431,2377,507
376,173,3278,357,335,212,2475,166,256,253,511,3151,258,413,370,427,364,386,366,216,2408,2748,321,191,2732,518,2561,2587,2645,2567,455,304,233,287,242,2695,2440,2485,2377,504
371,173,3283,358,325,218,2433,168,263,272,511,3151,262,431,363,425,364,386,370,220,182,2713,444,195,2777,370,2659,2538,2646,2506,455,265,394,251,388,2528,2495,2446,2405,502
372,177,3342,364,331,212,2419,168,258,272,511,3153,262,431,363,437,366,390,366,221,2412,2526,405,195,2787,370,2592,2600,2725,2473,491,283,222,157,382,2718,2415,2446,2405,502
372,176,3355,364,333,216,2419,166,258,269,535,3128,262,431,366,498,366,383,368,223,261,2740,281,198,2812,370,2574,2600,2652,2534,461,238,121,245,385,2751,2421,2435,2373,483
374,173,3328,364,327,212,2426,166,254,254,535,3159,264,422,363,530,366,382,368,221,190,2740,422,198,2812,519,2572,2657,2590,2581,491,257,231,245,371,2747,2490,2446,2373,436
371,173,3273,364,326,215,2486,156,254,255,538,3134,257,430,366,530,366,386,368,216,2475,2707,426,186,2870,516,2581,2657,2590,2527,491,307,234,265,409,2683,2490,2435,2364,494
372,169,324,364,325,218,2410,156,256,255,546,3134,256,430,367,522,365,390,369,218,2475,2709,317,186,2725,516,2651,2581,2641,2527,465,320,234,265,342,2695,2479,2456,2364,496
380,173,320,360,327,212,2410,155,256,255,529,3086,394,420,367,523,365,388,363,218,2421,2722,317,162,2857,516,2500,2494,2650,2527,457,342,340,261,369,2692,2412,2456,2364,495
379,176,313,360,333,212,2446,155,272,272,517,3086,394,420,367,530,367,388,360,218,2412,2722,307,205,2869,524,2614,2569,427,2539,461,317,224,255,374,2692,2437,2443,2367,498
374,168,317,353,325,213,2475,156,272,259,525,3092,371,432,365,525,364,386,361,215,2411,2746,444,205,2915,368,2561,386,460,2502,465,168,394,255,391,2751,2483,2418,2367,504
374,174,473,353,326,213,2415,155,255,259,525,126,379,426,363,549,368,387,367,218,2475,2505,401,205,2873,368,2599,386,431,2512,467,315,290,265,382,2747,2419,2429,2410,493
374,172,3375,351,332,212,2415,155,258,262,526,124,371,430,365,522,368,382,366,217,2411,2692,1058,193,2806,368,2655,394,445,2521,461,310,290,265,238,2557,2420,2437,2369,481
376,173,3361,355,327,212,2419,157,262,254,528,125,365,430,365,522,364,386,368,216,2400,2668,311,317,2732,522,2530,376,434,2497,467,310,343,299,383,2521,2420,2408,2369,488
374,174,318,353,325,213,2409,157,255,253,526,127,365,427,363,537,364,389,367,221,2488,2668,364,317,2620,504,2581,377,425,2506,449,304,329,231,377,2692,2425,2408,2406,488
372,171,331,353,324,216,2409,163,261,251,527,127,363,427,366,525,365,387,367,216,2462,2464,289,317,2803,372,2562,377,427,2506,411,165,330,190,381,2690,2474,2477,2360,481
376,173,325,355,329,213,2484,163,261,251,518,128,365,431,359,537,365,393,364,220,2435,2464,270,251,2863,372,2504,377,521,2506,449,327,340,265,376,2701,2413,310,2406,433
375,173,319,355,332,213,2410,163,257,247,510,134,364,431,359,527,364,399,366,220,2435,2694,342,315,2671,368,2604,2665,415,2538,461,335,360,265,359,2557,2451,159,2363,484
375,173,318,363,325,213,2422,163,258,256,508,125,368,431,359,533,364,383,368,220,2415,2672,353,333,2698,368,2579,391,397,2528,462,318,290,262,359,2700,2451,244,2507,481
375,172,309,363,325,215,2434,163,258,256,510,126,364,427,361,527,364,383,363,221,2418,2727,410,333,2857,368,2579,355,438,2528,462,347,212,125,378,2678,2415,244,2380,501
375,173,332,365,325,480,2415,163,258,253,510,261,369,434,361,527,364,393,365,218,2405,2727,380,317,2704,530,2587,355,426,2540,476,259,330,125,380,2700,2415,149,2380,501
376,174,326,365,322,483,2418,161,258,249,625,246,360,448,361,519,364,393,364,217,2410,2661,363,317,2725,530,2596,388,425,2496,451,322,334,264,403,2701,2448,225,2433,488
372,174,332,377,334,479,2416,165,266,249,641,246,369,451,363,518,366,394,368,221,2465,2524,645,334,2686,530,2552,388,330,2462,476,324,323,268,374,2700,2448,225,2433,482
376,174,310,402,325,481,2409,163,256,256,626,234,360,451,363,515,366,399,360,215,2474,2676,264,244,2651,366,2632,390,434,2511,476,345,317,251,374,2690,2423,264,2433,447
372,173,319,402,327,482,2426,163,258,255,626,232,355,442,363,516,366,393,365,219,2410,2676,258,318,2666,369,2484,386,430,311,360,171,329,267,380,2700,2523,264,2368,461
372,173,312,402,324,487,2426,162,261,249,626,232,360,444,358,517,364,383,365,219,2410,2636,262,318,2651,527,2484,381,431,311,458,329,360,223,376,2698,2479,123,2371,490
372,173,312,415,323,487,2408,162,261,249,626,236,357,444,356,523,360,393,364,215,2408,2636,262,319,2620,516,2484,381,431,315,471,320,388,267,364,2512,2456,244,2415,456
375,176,310,415,325,478,2673,162,256,247,636,232,358,444,360,525,363,392,361,219,2454,2711,335,313,2574,523,2586,261,465,343,455,327,320,267,420,2695,2428,244,2409,454
372,173,317,413,324,484,2591,162,256,247,630,231,365,443,360,537,363,397,360,219,2454,2665,263,313,2671,523,2623,261,355,314,455,368,212,259,375,2698,2414,227,2404,453
377,174,317,427,332,477,2418,162,257,257,508,231,359,443,363,537,363,399,365,217,2454,2651,300,313,2673,368,2564,374,430,215,455,329,310,300,228,2700,2466,299,2404,467
375,177,332,414,325,483,2594,162,257,253,519,406,357,446,360,537,398,392,357,221,2414,2651,370,327,2671,522,2482,374,427,326,443,175,310,300,386,2695,2420,246,2420,467
372,171,318,414,335,478,2594,162,254,255,517,402,356,446,360,526,398,400,358,215,2407,2516,370,327,2489,408,2517,352,427,327,408,310,325,142,376,2695,2411,246,2420,467
374,171,334,414,336,479,2594,163,254,255,519,395,359,438,360,518,372,434,360,215,2470,2516,370,327,2489,408,2493,352,435,322,443,311,317,142,386,2749,2552,246,2420,467
370,174,322,420,343,479,2426,164,253,257,526,395,356,438,356,522,372,400,355,216,2475,2579,478,327,2698,522,2514,304,347,359,443,303,338,253,386,2512,2552,241,398,470
374,174,319,420,336,477,2695,163,255,257,529,397,356,438,354,522,372,434,364,216,2403,2606,500,299,2704,544,2601,377,435,303,465,303,338,273,359,2681,2432,241,398,483
378,173,321,432,336,479,2695,155,254,256,513,397,361,446,356,545,372,392,359,216,2425,2704,887,299,2533,528,2600,375,435,292,460,199,322,273,381,2681,2480,366,413,473
370,174,312,426,335,478,2677,155,254,251,513,392,360,437,358,525,372,435,358,216,2411,2712,739,299,2533,528,2508,375,435,310,465,295,388,126,385,2695,2420,366,425,473
378,179,310,426,332,487,2673,154,254,252,513,398,356,437,361,525,370,427,361,217,2542,2712,566,299,2673,528,2516,374,431,321,465,352,334,126,375,2695,2467,367,455,473
378,173,320,430,332,488,2606,156,255,261,619,388,358,437,358,546,371,434,361,218,2402,2691,558,322,2651,370,2607,374,416,336,465,329,334,126,389,2796,2420,357,455,367
378,172,323,430,335,215,2606,156,255,253,629,392,359,439,357,518,371,392,354,216,2400,2762,546,322,2471,518,2532,378,319,312,460,250,295,259,389,2694,2414,357,435,462
378,170,333,423,335,219,2591,156,254,253,635,392,358,439,360,530,377,394,363,217,2396,2793,536,317,2519,495,2535,376,438,312,464,331,310,259,243,2796,2418,355,573,466
378,173,333,423,333,219,2594,156,256,253,626,392,366,440,357,530,377,435,360,216,2437,2799,547,322,2519,522,2535,374,467,331,464,326,336,314,363,2688,2418,355,424,466
378,172,318,423,342,219,2615,155,256,253,626,394,366,440,358,555,366,467,365,220,2411,2831,549,353,2574,525,2750,367,424,307,472,332,338,314,363,2681,2418,320,424,462
379,170,308,428,331,217,2615,155,263,253,625,394,366,440,353,555,359,448,367,216,2435,2820,537,353,2673,525,2750,367,427,315,465,371,338,314,369,2695,2399,320,420,500
378,172,310,428,341,218,2594,153,258,253,624,392,360,445,356,2827,369,457,358,218,2408,2602,537,273,2521,371,2515,346,488,365,465,173,313,191,298,2695,2399,341,423,449
378,175,310,428,338,216,2695,153,255,253,628,393,360,445,352,2791,367,457,361,220,2411,2703,536,349,2521,514,2670,291,424,302,487,321,215,267,375,2796,2428,354,419,462
375,173,304,424,336,216,2580,153,255,251,628,395,364,446,352,2762,367,460,359,218,2410,2776,529,383,2685,516,2711,291,365,296,451,324,334,280,370,2694,2416,360,419,461
375,173,304,424,337,216,2580,155,255,255,517,391,360,443,354,2768,368,448,369,219,2402,2797,533,383,2489,511,2664,377,423,318,451,307,330,280,368,2753,2429,360,419,467
375,174,322,424,336,216,2637,157,256,256,528,395,357,443,355,2742,376,467,364,218,2413,2912,539,370,2518,516,2648,377,422,315,451,307,330,124,372,2753,2407,355,415,465
369,173,311,424,323,217,2606,155,256,256,519,393,359,438,355,2740,376,456,365,219,2410,2912,539,403,2507,516,2686,369,433,318,465,307,336,269,372,2695,2413,355,415,369
371,173,310,427,330,218,417,155,256,249,516,389,359,438,357,2741,371,460,365,217,2411,2688,529,363,2507,516,2801,254,319,209,451,187,326,269,225,2743,2412,395,414,451
369,172,310,427,326,220,417,156,279,249,518,389,357,434,357,2800,368,456,360,218,2413,2683,426,403,2529,516,2801,379,461,322,465,329,335,332,374,2739,2448,355,414,456
371,173,324,427,322,216,434,156,279,256,510,392,358,434,357,2777,368,456,359,220,2412,2683,431,403,2484,522,2801,369,433,309,459,336,358,332,376,2753,2408,361,416,477
375,173,311,415,326,218,2615,156,266,246,510,390,363,311,354,2765,370,460,359,218,2407,2752,431,317,2484,514,2736,369,426,312,459,336,250,332,366,2677,2411,307,416,477
371,173,312,415,326,215,2630,156,277,253,508,395,364,311,354,2805,369,461,360,217,2411,2752,426,317,2471,483,2646,361,437,313,459,291,334,389,369,2747,2404,355,236,448
371,177,323,415,322,216,421,155,285,254,511,390,355,304,354,2807,367,456,358,220,2411,2677,431,317,2519,522,2729,361,454,403,476,261,330,313,311,2677,2432,231,236,371
376,170,308,424,325,217,2567,154,268,254,525,388,355,304,356,2750,367,459,357,216,2415,2677,436,367,2588,522,2692,420,343,299,454,319,314,346,374,2743,2409,361,233,474
375,169,308,426,331,217,420,156,268,256,525,388,357,302,355,2802,366,456,361,220,2417,2678,529,376,2588,519,2641,278,428,252,476,306,322,346,374,2716,2421,399,233,346
370,172,304,424,330,218,423,156,268,256,508,392,357,304,356,2802,366,469,368,217,2470,2753,435,376,2480,519,2691,278,348,309,458,306,322,352,386,2739,2433,244,233,320
370,172,426,424,319,222,417,154,268,264,525,392,357,308,358,2804,370,459,364,221,2412,2401,434,369,2568,514,2645,358,348,314,485,310,346,352,386,2677,2426,244,510,341
369,186,414,424,323,220,434,156,265,250,527,388,357,311,359,2764,372,459,363,218,2484,2401,439,368,2588,400,2727,377,340,311,458,310,326,348,371,2703,2394,351,510,351
370,182,427,427,320,220,2590,155,264,250,528,388,361,311,359,2723,367,460,359,218,2402,2416,439,368,2544,518,2727,364,391,207,458,159,327,196,371,2599,2397,351,510,322
370,182,405,426,235,219,2590,155,264,251,526,389,357,308,357,2683,367,459,367,220,2542,2416,439,359,2518,400,2681,165,318,207,468,313,327,351,364,2716,2391,364,443,319
370,179,401,421,231,219,424,154,275,252,527,390,361,308,361,2683,359,444,359,221,2403,2385,431,374,2516,518,2752,165,310,320,467,279,327,351,385,2758,2415,355,427,319
369,181,395,421,231,219,2612,154,265,255,526,393,361,302,356,2683,359,444,360,218,2436,2390,427,359,2507,526,2652,277,330,317,468,319,334,343,359,2742,2401,355,427,353
372,184,402,412,231,216,421,157,265,246,526,388,356,302,361,2700,355,460,366,217,2396,2396,430,359,2732,526,2715,277,331,306,358,358,333,356,397,2703,2395,306,455,336
369,182,419,412,232,219,423,158,267,246,523,387,359,302,354,2673,355,444,358,218,2393,2398,431,371,2509,513,2704,286,347,352,456,310,324,386,365,2694,2462,369,455,224
366,182,392,411,234,220,2636,158,267,247,537,385,356,302,354,2654,355,469,358,218,2405,2398,438,357,2509,365,2613,312,230,220,456,301,322,314,335,2789,2423,369,498,326
374,184,394,413,236,218,2636,155,266,247,526,386,353,302,354,2658,355,469,365,222,2408,2463,432,364,2526,365,2758,312,343,309,456,300,329,356,335,2758,2447,224,364,333
369,180,403,415,239,218,421,155,266,249,533,386,357,296,361,2655,355,459,361,218,2403,2476,431,364,2588,514,2838,163,349,307,456,303,348,349,379,482,2439,348,364,315
374,181,412,415,240,219,428,154,277,249,524,386,353,311,354,2655,353,454,361,218,2447,2410,439,295,2498,518,2715,163,345,314,518,349,327,349,413,2533,2399,401,364,338
372,185,397,415,242,216,2552,154,264,249,526,387,355,311,370,2722,353,460,356,217,2402,2466,167,295,2459,518,2799,283,342,309,435,292,327,380,376,483,2401,225,364,314
369,180,393,412,235,216,2552,154,264,255,534,383,353,310,364,2722,354,461,357,218,2464,2405,170,364,2514,518,2711,275,367,380,466,166,301,338,234,522,2420,349,391,310
372,181,393,412,234,215,2649,177,259,250,527,382,355,310,364,2662,360,444,360,217,2406,2392,168,295,2568,514,2711,275,262,286,466,310,213,338,386,495,2394,357,382,337
395,180,397,415,236,215,2573,177,259,250,530,381,355,303,370,2612,360,439,364,219,2411,2476,168,365,2459,363,2843,252,351,280,397,318,320,359,367,482,2397,357,377,341
413,179,397,411,234,215,2612,165,255,247,530,380,355,300,360,2632,353,442,356,217,2413,2404,168,365,2512,363,2688,252,349,312,397,306,323,345,368,479,2396,411,377,335
395,180,390,411,236,215,2573,165,251,247,417,380,355,304,360,2644,355,439,365,218,2413,2464,174,358,2512,363,2620,252,349,311,455,284,323,342,368,479,2436,398,377,325
395,181,399,412,234,216,2565,165,251,250,421,388,354,306,361,2641,354,439,363,219,2404,2464,173,365,2564,368,2721,272,349,309,397,189,329,342,334,522,2380,383,369,224
425,180,399,412,233,213,414,166,252,246,428,388,352,306,361,2678,351,445,363,219,2411,2418,173,454,2516,516,2758,283,363,206,470,189,319,320,302,461,2380,414,230,340
421,180,403,414,235,216,2636,166,252,245,419,382,353,301,361,2678,351,438,364,217,2445,2418,172,454,2500,516,2711,295,324,320,455,301,301,320,361,477,2458,397,230,319
424,181,388,414,235,219,414,167,261,245,420,388,352,306,364,2636,347,439,364,219,2445,2510,173,454,2547,516,2668,264,319,315,455,310,257,320,368,482,2408,405,230,332
424,179,387,414,235,216,2574,164,272,253,422,389,352,306,363,2638,347,442,360,219,2410,2510,171,346,2509,511,2745,151,340,315,470,307,336,359,388,477,2393,395,402,371
423,180,394,419,240,216,355,165,272,253,424,389,352,306,363,2668,355,439,363,216,2395,2530,170,357,2513,365,2539,272,336,315,469,278,323,359,376,477,2392,420,402,371
421,179,392,419,235,218,355,167,263,247,422,389,352,306,368,2670,355,442,366,219,2404,5701,194,337,2513,365,2663,272,343,304,354,307,334,359,372,499,2422,387,402,257
425,180,388,412,238,216,2552,167,263,251,420,389,351,304,366,2645,355,439,366,218,2404,5701,178,357,2498,514,2697,280,230,258,471,307,334,368,368,477,2419,392,228,319
419,180,402,413,232,216,2573,164,269,252,424,381,352,302,366,2651,353,445,357,216,2484,5697,178,366,2459,379,2720,280,334,311,461,327,319,222,357,482,2394,388,376,340
421,185,398,419,231,216,357,164,253,249,410,381,352,301,366,2650,353,443,363,218,2433,5239,172,358,2511,379,2724,276,341,307,471,151,249,342,357,482,2489,388,347,325
421,180,390,412,236,216,357,165,253,249,414,385,349,304,365,2650,358,439,363,217,2404,5807,171,358,2511,523,2702,283,352,329,456,314,215,342,403,359,2429,397,347,340
421,180,389,411,232,217,414,165,256,250,437,385,355,304,365,2650,358,439,359,217,2433,5329,165,358,2511,523,2737,256,347,329,438,320,335,349,335,484,2450,397,391,340
431,178,393,411,235,217,356,165,257,250,456,378,352,302,365,509,358,443,365,217,2423,5329,161,287,2535,523,2708,245,364,321,456,317,329,349,303,460,2391,386,391,325
421,181,392,411,232,216,465,146,257,250,423,378,355,302,367,501,359,443,365,217,2463,5647,162,363,2535,516,2750,245,329,207,455,335,336,349,303,460,2441,386,390,334
419,181,395,415,227,216,462,166,253,250,421,380,355,306,365,468,359,439,358,217,2405,5707,165,287,2477,360,2592,272,240,319,455,304,334,349,374,460,2403,399,234,337
423,181,392,415,231,213,359,144,252,253,420,377,1572,306,365,465,365,443,360,217,2463,5262,164,363,2500,360,2721,272,333,317,455,149,211,341,359,473,2396,399,234,337
419,182,402,412,232,218,363,144,258,251,430,378,354,306,367,465,364,443,360,218,2463,5250,164,361,2486,524,2768,235,346,312,468,303,366,341,219,482,2393,380,239,325
419,182,401,410,232,213,357,144,258,250,431,379,1572,306,365,477,360,443,361,217,2393,5250,215,361,2533,404,2768,243,346,382,461,303,249,343,340,480,2467,380,234,247
423,180,398,413,231,219,2577,143,252,246,411,382,1572,304,365,471,360,432,356,217,2423,5719,161,361,2475,404,2798,243,377,284,468,303,327,343,361,2796,2432,403,234,352
423,181,398,410,231,215,2577,144,252,246,397,382,512,304,365,468,360,443,360,222,2423,5719,163,406,2462,551,2695,254,321,250,468,267,320,311,366,460,2394,403,234,320
421,185,397,405,231,217,356,144,276,250,402,379,512,302,370,470,359,443,355,218,2450,5731,166,352,2520,551,2695,240,309,314,353,125,329,312,380,495,2390,321,374,331
420,184,393,411,231,215,2477,144,261,245,405,379,510,302,365,2653,367,443,357,222,2403,5660,169,406,2457,416,2721,252,348,322,466,290,356,348,380,470,2393,393,239,297
421,174,399,410,238,216,2477,145,258,245,401,379,512,309,367,2676,367,443,357,222,2405,5178,213,321,2511,416,2571,251,326,309,353,289,331,348,380,480,2393,353,239,327
423,173,404,412,238,215,359,145,258,251,409,377,507,309,369,2654,360,443,356,215,2395,5178,163,358,2457,416,2521,251,344,309,451,279,211,372,380,485,2453,381,386,323
423,173,389,410,232,216,359,145,258,251,409,379,507,309,363,2647,361,293,353,218,2464,5594,164,358,2564,416,2532,259,225,330,451,352,224,343,357,495,233,394,386,323
421,173,395,414,231,216,2476,145,253,251,412,379,507,309,363,2741,361,432,361,215,2406,5241,163,356,2454,534,2572,259,335,321,451,244,336,194,368,495,245,395,229,332
423,171,389,404,232,215,2476,144,273,245,422,383,507,242,370,2741,361,432,358,217,2439,5746,163,356,2511,516,2469,251,335,321,464,270,332,194,392,480,162,403,229,336
421,170,389,404,229,219,359,146,273,249,419,383,508,242,370,2740,364,443,358,217,2403,5154,162,356,2612,516,2485,241,343,318,451,270,334,345,365,419,236,273,378,337
424,170,553,404,235,215,2541,145,261,249,411,381,508,238,367,2693,360,443,364,218,2413,5570,167,361,2486,516,2548,241,337,365,446,299,334,343,222,419,253,273,378,337
423,170,521,404,235,216,2577,145,261,251,398,381,508,238,370,2690,360,298,358,217,2464,5570,167,361,2508,516,2567,241,378,311,432,193,315,314,354,470,239,391,377,333
416,170,521,404,230,215,2541,145,257,253,403,385,508,242,366,2712,357,297,360,215,2464,5158,160,361,2454,539,2464,241,308,227,432,259,356,314,357,502,239,391,224,340
424,170,512,410,233,218,2504,144,259,247,412,385,510,242,366,473,357,303,363,217,2464,5158,161,363,2448,461,2454,241,341,320,432,259,315,343,363,470,239,430,376,333
422,170,501,410,232,218,367,145,251,247,398,379,511,236,366,469,355,303,366,217,2457,2512,159,355,2457,461,2473,323,346,309,468,284,313,343,379,480,199,430,376,377
416,170,501,417,232,217,2477,144,251,247,395,379,510,236,367,485,354,299,363,215,2467,2446,160,355,2457,399,2535,323,346,302,468,318,338,358,379,479,238,309,379,295
416,169,506,409,232,215,2476,144,253,247,395,378,511,236,371,472,359,298,360,217,2406,2513,159,355,2457,410,2503,301,332,256,468,269,314,338,345,419,2419,309,379,272
426,171,506,409,234,215,363,143,250,246,398,378,506,238,371,476,359,298,356,216,2404,2513,163,347,466,410,2493,301,307,306,473,123,334,376,365,479,2380,391,234,342
419,168,506,416,234,217,363,145,251,247,392,380,512,238,371,493,349,298,359,216,2396,499,161,355,511,410,2516,291,365,300,451,281,342,376,354,470,2373,391,371,334
426,168,506,409,230,216,2476,144,254,246,397,381,507,230,367,472,354,299,360,217,2396,503,161,355,2465,249,2529,311,347,313,473,295,342,231,388,398,2366,264,371,335
419,172,498,409,230,216,2541,144,251,246,399,381,514,236,365,464,352,297,217,217,2397,431,161,355,2454,211,2672,296,353,301,473,286,315,330,369,465,2384,264,382,217
426,173,503,409,234,216,358,142,251,250,424,381,516,236,368,464,349,301,219,219,2431,431,162,290,447,211,2528,296,340,332,356,290,313,338,368,479,208,403,400,318
422,173,498,405,232,216,358,143,249,245,411,381,516,230,366,476,354,298,219,217,2463,329,162,349,447,253,2479,280,383,290,472,121,330,364,368,478,207,408,400,341
422,173,512,409,228,216,367,145,253,245,398,381,514,230,366,2773,354,297,221,219,2472,496,162,349,2499,306,2420,184,240,209,356,287,318,193,366,494,207,265,381,330
422,172,512,409,229,213,361,145,253,275,406,379,505,238,366,2687,353,207,219,219,2457,485,158,349,2508,306,2406,289,330,303,478,279,306,193,370,461,205,392,279,335
422,168,512,409,235,217,361,144,253,253,406,379,505,238,365,2687,351,297,219,219,2399,485,158,343,461,332,2406,289,344,302,455,283,308,349,376,398,210,435,369,370
416,169,512,408,228,119,363,145,264,246,400,379,501,235,365,2729,351,211,231,219,2405,496,163,356,461,332,2407,275,348,300,460,283,314,341,376,363,207,393,406,321
424,169,515,408,227,119,358,145,263,249,400,379,501,235,365,2891,351,298,222,216,2501,496,159,356,2488,336,2416,275,345,286,455,243,342,338,358,484,144,398,369,322
416,171,515,405,227,119,364,145,254,249,398,382,506,235,364,2832,353,297,219,219,2501,477,163,356,2457,336,787,196,345,286,455,167,295,338,375,494,213,398,227,322
426,172,524,406,229,117,358,145,256,246,398,382,501,228,364,2825,351,210,216,216,2379,477,161,404,365,320,787,283,330,285,444,278,388,355,391,481,207,530,369,322
417,169,522,408,229,119,355,145,255,249,403,386,505,229,364,2882,353,297,223,219,2447,329,159,320,365,320,255,289,277,299,419,293,330,331,358,482,205,530,412,322
422,170,507,408,228,119,355,143,255,249,411,382,506,229,366,2818,352,207,219,216,2439,503,159,323,466,320,245,289,342,298,438,180,330,232,358,473,274,515,375,322
417,171,528,412,231,119,361,145,253,249,417,382,505,229,367,657,352,210,215,217,2446,503,161,323,511,247,249,286,354,303,444,283,320,331,358,363,198,515,375,323
417,171,517,408,231,118,375,141,253,254,410,382,504,228,366,641,352,211,217,219,2406,481,159,346,448,211,245,286,342,191,460,270,320,348,369,484,299,510,382,330
417,171,539,408,233,117,359,141,253,252,405,382,501,229,366,650,349,211,217,217,2464,481,163,346,448,211,181,270,239,301,458,274,308,348,368,481,334,510,382,338
417,171,522,410,231,118,358,144,253,255,397,379,504,229,366,645,349,212,215,217,2402,489,162,346,460,211,254,174,340,215,460,314,323,349,368,482,330,507,378,361
419,171,518,410,230,117,2552,145,375,247,412,379,501,232,370,649,349,210,212,217,2402,325,162,346,444,241,251,277,347,230,457,280,321,196,309,416,349,507,378,302
416,173,518,409,230,117,363,145,375,253,408,379,500,232,370,652,355,206,217,218,2408,503,159,336,437,213,261,277,347,227,353,124,295,351,366,379,325,507,374,257
415,170,513,406,238,117,2534,117,361,249,400,383,500,232,366,626,355,211,217,218,2467,484,161,263,447,213,257,289,333,279,457,272,332,351,332,481,283,507,386,334
416,173,510,409,232,117,355,117,377,251,402,383,501,224,366,636,349,206,218,218,2395,484,161,337,437,283,195,285,359,194,487,279,332,337,352,466,329,510,386,336
416,168,517,409,232,119,363,117,355,261,409,380,499,231,366,647,345,208,219,219,2395,329,159,348,445,213,251,236,233,228,459,279,277,337,352,374,323,491,380,313
422,171,514,409,232,117,2517,117,355,252,415,380,501,231,366,632,352,210,215,219,2401,480,159,346,442,213,251,236,348,215,459,253,320,379,365,374,335,491,380,334
416,171,516,406,236,117,375,117,356,252,401,380,496,231,365,630,352,211,216,219,2396,480,160,346,442,288,251,283,337,222,459,155,324,324,220,374,325,412,363,220
416,170,513,406,228,120,2552,117,354,251,405,378,498,224,368,2917,352,211,217,219,2389,505,162,343,461,288,258,320,342,212,456,280,324,354,363,416,332,510,363,324
424,169,516,446,234,118,365,117,356,254,409,378,507,224,369,2836,377,212,215,217,2389,505,166,343,365,288,247,320,344,212,459,281,323,354,358,379,246,490,314,317
412,169,512,446,231,117,2473,117,356,254,412,378,498,234,368,2905,377,211,215,219,2441,482,161,389,453,347,215,269,419,229,519,298,315,331,365,220,333,508,224,317
417,171,512,417,233,118,2473,120,353,252,422,377,500,227,367,2810,366,208,217,219,2431,323,161,337,448,329,247,269,322,216,435,341,356,372,307,360,331,515,383,359
412,172,518,417,234,117,366,117,353,244,421,377,500,227,367,2812,361,206,213,219,2447,498,161,337,448,329,250,269,322,212,435,269,356,338,307,360,334,504,222,330
417,168,507,415,231,118,2526,117,24929,244,421,378,506,227,367,2836,361,211,218,219,2447,537,159,351,364,635,247,287,335,268,456,263,209,338,307,364,371,474,222,216
426,172,532,415,231,120,2517,117,358,252,403,382,495,222,367,2824,364,209,217,218,2403,537,160,333,453,243,287,283,347,268,466,142,239,352,307,220,325,368,222,322
412,173,521,580,235,117,360,117,353,253,411,377,495,224,367,649,364,209,216,217,2457,400,160,333,437,243,245,283,346,201,456,138,332,352,307,311,269,458,222,334
423,171,511,580,233,117,2470,118,353,251,399,383,506,224,366,639,367,211,213,218,280,400,159,333,450,245,270,230,233,157,450,137,239,360,398,354,325,368,386,349
414,173,512,562,232,118,365,118,357,251,399,377,496,227,366,649,364,212,215,220,280,556,160,343,444,207,265,230,354,215,355,124,324,422,351,364,320,493,220,276
414,168,507,557,233,120,364,117,364,254,399,378,496,227,365,631,364,211,215,215,2408,553,160,354,442,210,259,292,335,211,450,125,325,424,364,371,332,493,220,341
423,172,508,557,233,118,358,120,352,251,431,377,499,227,365,626,370,212,219,215,2501,541,160,354,427,210,274,292,330,233,450,125,321,424,359,356,326,476,224,341
416,172,508,557,231,117,358,117,352,253,431,377,504,229,367,639,370,210,219,217,171,547,159,341,453,210,272,292,337,227,450,124,325,432,367,371,413,464,224,331
423,167,510,547,234,119,358,117,355,253,431,376,495,229,365,631,361,211,216,215,216,389,161,345,453,257,272,278,366,117,355,124,356,439,358,311,315,470,390,340
416,166,515,547,231,119,366,117,355,253,403,378,511,223,365,624,361,209,213,217,2401,547,160,345,450,291,272,278,347,216,465,138,317,437,358,366,329,477,223,352
415,168,529,547,232,118,360,117,355,273,403,383,511,223,363,627,364,211,219,215,2447,385,158,345,446,291,268,124,336,221,465,124,239,437,358,353,323,477,223,326
419,175,515,547,228,118,357,120,370,252,403,376,504,219,365,627,364,212,216,217,190,385,174,346,458,291,269,124,344,223,523,124,239,616,357,276,310,476,223,326
415,168,518,544,233,120,357,120,359,247,2773,381,511,229,365,641,364,209,216,216,2446,381,167,345,485,215,274,228,321,223,444,125,315,450,355,371,322,476,388,333
419,168,518,544,233,120,361,118,359,250,2672,381,496,223,365,621,367,211,213,218,2436,381,167,349,485,215,274,261,343,190,444,124,317,542,347,357,246,511,392,306
414,169,519,547,231,120,355,118,359,256,2637,376,496,223,359,651,370,211,213,216,126,567,173,349,454,285,266,261,413,156,469,123,324,542,368,357,336,361,221,334
421,169,505,549,232,118,369,117,354,256,2676,376,512,223,363,636,370,209,2480,218,2441,552,165,341,450,285,272,205,413,235,444,124,343,532,215,364,323,361,398,312
414,167,523,547,230,117,359,117,354,256,2616,376,496,223,359,2818,365,211,2523,218,204,552,161,300,448,388,265,242,284,217,449,124,310,532,349,353,326,459,398,307
414,170,514,547,234,119,2456,116,351,256,2578,378,500,225,363,2836,365,209,2463,227,2402,377,161,300,448,327,280,231,342,212,449,126,208,401,349,361,322,533,398,311
417,171,524,548,234,121,358,119,351,256,2561,378,496,225,365,2836,365,208,2465,224,2395,377,160,300,427,327,227,259,341,118,449,124,317,401,351,223,318,421,381,311
417,168,505,548,238,118,356,117,351,249,2554,377,500,223,363,2835,365,211,2456,227,204,539,159,352,450,327,272,259,337,225,469,124,325,536,365,357,252,482,257,326
415,172,510,547,230,117,2442,117,355,250,2626,377,501,223,363,2873,370,210,2518,225,270,380,158,343,454,245,267,276,235,219,355,263,317,536,368,354,320,476,386,348
417,169,510,547,232,118,375,116,354,247,2576,375,495,225,363,2851,365,209,2460,228,2413,423,163,352,454,245,262,276,325,219,465,254,317,529,309,361,319,363,388,219
411,169,499,547,236,118,355,122,353,269,2616,377,501,223,364,2849,361,208,2455,225,2399,423,620,352,454,331,262,236,341,218,458,269,314,529,335,363,317,471,388,333
420,184,523,538,233,118,2498,118,359,269,2638,379,503,223,364,631,361,209,2457,227,2389,423,620,340,433,331,252,261,344,265,454,251,347,506,364,368,332,514,395,333
411,230,495,539,228,117,355,118,359,256,2627,379,503,224,364,629,269,211,2457,228,2399,570,1703,323,433,325,261,261,340,199,454,421,310,515,368,422,431,481,395,349
417,174,500,545,229,118,2456,117,358,250,2681,379,502,224,364,632,267,211,2522,228,2407,437,1737,344,433,326,249,227,370,153,469,279,310,522,393,354,391,479,326,334
415,178,510,545,233,119,358,117,358,251,2681,376,499,230,365,642,266,211,2517,224,2465,660,1737,333,485,326,244,258,354,219,491,291,320,522,358,365,388,495,326,334
420,178,503,532,231,117,2450,117,365,253,2681,366,499,230,366,642,266,211,2517,229,2445,660,1720,333,453,488,267,242,229,219,469,367,325,567,217,365,411,473,326,308
420,178,498,536,230,117,2442,117,365,253,2646,367,499,227,363,635,259,209,2457,224,2447,721,1735,333,453,751,250,216,340,219,451,317,326,530,382,368,401,476,401,302
419,169,503,544,231,117,353,117,365,254,2650,368,496,227,365,630,253,209,2474,224,2445,582,1693,324,453,751,187,216,340,118,466,473,315,401,376,375,409,491,395,338
414,166,521,535,232,119,353,117,370,254,2700,368,499,223,364,634,254,208,2474,229,2442,717,1693,329,460,525,243,246,333,209,383,570,311,401,369,364,327,477,395,343
419,165,508,535,230,118,2446,117,370,249,2629,370,496,225,365,630,255,208,2474,229,2445,700,1695,346,369,570,241,231,385,223,451,331,314,525,355,375,414,468,409,324
419,165,496,535,231,117,352,117,371,249,2652,366,496,225,358,640,257,211,2483,228,280,700,1703,340,449,1136,244,246,318,230,466,330,322,525,344,399,416,460,421,220
414,422,506,544,229,118,2498,220,354,253,2657,364,496,225,364,641,257,210,2457,224,2411,726,1693,252,449,549,249,252,279,215,466,322,320,528,349,360,412,474,421,333
416,293,500,544,229,117,352,220,354,253,2665,365,491,225,361,636,255,211,2455,224,189,555,1702,252,450,536,240,249,279,199,466,320,331,398,337,360,404,391,430,341
413,286,502,544,229,117,2473,211,353,251,2604,365,492,225,361,629,253,211,2513,224,2411,555,1693,324,454,536,232,239,356,156,466,321,332,525,355,222,444,389,430,341
413,279,502,534,229,117,348,211,353,251,2605,365,491,217,361,631,252,209,2457,224,2382,718,1700,318,454,532,254,233,340,244,355,326,315,525,355,375,336,353,496,335
415,277,498,535,230,117,358,210,354,267,2625,365,489,217,363,636,252,208,2460,462,216,718,1714,318,454,524,259,243,264,244,458,323,320,525,357,332,395,356,541,334
415,281,498,544,232,117,348,210,364,267,2606,365,492,224,357,2933,251,208,2460,447,2404,713,1738,325,454,524,242,236,264,244,458,321,320,538,357,332,403,389,477,264
414,279,499,544,234,119,357,211,364,249,2645,367,505,227,357,2930,251,206,2460,454,2404,552,1714,323,433,524,242,236,343,219,355,319,359,538,347,356,415,356,477,335
413,275,492,544,229,119,353,212,354,250,2687,368,505,228,357,2857,255,206,2468,438,216,641,1704,428,445,516,186,206,351,117,459,318,322,583,379,360,412,356,468,324
411,275,494,535,233,120,353,207,354,247,2603,368,505,228,365,2846,255,209,2463,442,202,729,1687,428,445,516,186,206,331,224,459,319,304,458,360,356,507,355,468,353
416,278,494,535,229,117,353,207,357,247,2684,366,485,217,361,2791,254,212,2460,438,190,729,1729,285,451,514,257,184,371,229,460,324,304,458,360,367,382,355,466,337
411,279,476,536,230,118,353,210,347,249,2592,366,490,217,361,2867,254,206,2458,426,190,697,1690,303,453,519,249,184,346,213,459,319,331,534,313,431,375,354,468,218
413,274,476,533,234,119,360,210,347,249,2592,368,485,225,359,2867,254,207,2521,426,126,709,1844,285,500,508,249,184,242,259,502,315,318,545,293,332,409,354,468,329
411,274,476,528,229,118,360,208,365,247,2677,370,490,225,363,638,247,207,2487,438,202,709,1773,304,500,504,242,232,333,208,460,223,318,387,374,359,397,361,468,321
413,277,476,528,229,118,352,208,365,247,2687,370,495,225,363,646,247,212,2487,426,202,723,1792,295,458,515,217,232,371,152,446,223,324,387,358,359,397,361,468,330
415,276,487,528,230,118,348,210,368,258,2703,370,487,225,365,634,250,207,2382,422,205,715,1758,295,449,515,252,249,342,152,502,134,320,387,367,356,330,363,468,367
412,273,476,528,231,122,349,210,363,258,2589,364,495,225,364,640,252,212,2381,422,206,584,1757,228,444,506,250,249,326,225,381,136,207,537,367,367,412,363,471,312
415,273,476,533,233,122,349,215,352,249,2642,364,491,227,364,661,252,211,2381,422,138,591,1762,315,447,506,263,257,329,225,381,136,207,537,376,365,406,491,471,240
410,279,498,534,229,118,349,263,353,253,2594,367,490,227,363,641,249,207,2380,422,204,567,1752,228,356,506,252,247,324,225,450,140,309,527,364,365,401,482,251,330
411,272,484,534,235,118,355,367,353,253,2606,367,491,227,368,674,252,212,2380,419,207,626,1752,228,454,505,173,247,355,220,473,173,304,485,358,370,401,338,251,333
410,277,484,533,228,118,355,367,374,253,2620,371,490,227,363,697,250,207,2380,414,207,626,1780,310,448,505,247,295,344,216,450,132,320,485,361,222,435,255,251,329
412,270,483,533,232,119,355,367,367,250,2569,365,485,232,368,719,253,209,2381,422,270,559,1791,301,454,506,264,221,347,216,468,177,320,526,353,349,341,245,251,326
410,278,484,533,228,119,358,367,367,250,2662,368,485,227,365,687,253,208,2381,419,206,559,1780,310,445,505,253,209,229,227,455,208,331,548,353,365,415,345,251,308
412,276,492,527,630,118,360,364,354,251,2585,368,498,227,367,679,250,211,2385,422,2413,634,1780,310,448,505,283,234,341,258,355,230,318,521,358,365,409,462,252,333
417,277,490,527,630,118,2492,364,349,249,2640,368,485,225,367,697,250,208,2401,415,209,625,1778,403,454,504,239,234,342,205,355,131,233,564,365,349,405,462,293,329
411,263,492,392,334,119,356,365,349,254,2640,367,488,227,365,694,250,212,2425,415,2399,649,1747,403,500,504,239,242,345,155,469,141,320,564,402,363,402,466,293,330
408,272,487,399,322,121,349,365,353,254,2577,365,488,223,372,703,250,212,2380,422,209,621,530,293,440,504,263,242,335,222,455,246,200,405,360,349,517,559,293,352
408,266,495,392,319,119,2434,365,348,251,2577,368,498,225,365,705,250,211,2381,415,2445,621,392,403,459,504,252,124,335,223,458,272,207,405,215,368,390,1213,293,340
412,265,489,392,318,117,358,366,351,247,2596,368,488,227,372,3025,250,209,2402,417,196,569,270,308,459,504,232,238,341,220,455,131,200,498,215,368,367,1895,278,219
408,261,496,392,318,119,355,365,351,247,2572,368,498,227,369,2968,250,211,2402,422,196,569,1846,308,444,500,139,238,253,210,458,161,331,425,359,375,417,1885,298,332
408,267,467,394,320,118,2556,365,348,250,2562,364,491,238,369,3007,251,208,2438,411,196,569,1846,308,445,504,212,238,346,228,368,308,230,425,252,375,409,1885,298,331
411,261,492,394,313,118,2488,365,348,250,2625,364,491,225,369,2960,251,211,2438,422,196,544,1758,308,447,504,212,238,348,219,461,299,309,406,256,368,406,1822,307,344
410,267,479,397,318,118,2492,365,348,253,2648,370,488,227,365,2982,251,212,2382,419,195,629,1750,317,447,489,217,238,355,215,368,303,230,385,263,368,324,1855,307,391
412,262,485,395,323,119,2651,364,353,249,2621,370,482,227,361,3095,252,209,2386,415,186,541,1758,317,448,676,199,196,230,210,476,166,230,381,238,368,402,1800,234,300
413,262,466,398,321,275,2443,365,352,253,2661,364,482,227,365,2986,252,209,2384,415,2397,547,1799,317,450,676,207,235,346,245,458,315,233,381,233,375,403,1800,338,300
414,267,490,392,314,254,2697,365,352,252,2611,364,482,227,365,2986,255,209,2388,415,2382,547,1799,227,354,676,244,235,340,229,476,315,120,381,274,375,400,1805,239,300
412,268,470,392,317,249,2434,365,348,254,2569,367,493,217,365,736,250,213,2386,413,150,641,1768,302,454,882,215,240,337,217,356,302,120,382,274,367,392,1777,239,300
410,259,465,390,324,243,2556,365,359,254,2569,367,496,217,363,719,250,213,2441,419,150,641,1768,302,385,731,211,238,346,215,356,173,120,382,268,360,411,1827,241,300
412,262,465,389,320,242,2702,365,347,251,2569,365,496,223,365,719,254,213,2386,419,2404,804,1752,302,439,731,207,125,343,215,467,325,200,380,252,368,398,655,403,319
409,264,473,389,315,239,2702,361,347,251,2643,365,480,223,368,720,254,213,2382,412,202,804,1752,304,448,877,219,125,343,215,455,124,247,380,122,222,404,243,403,221
416,262,488,397,320,240,2627,361,348,247,2626,366,480,228,368,720,252,210,2428,410,199,548,1790,303,459,739,215,251,347,244,455,304,232,380,263,222,394,655,222,336
409,262,481,391,315,235,527,363,348,247,2579,366,484,228,360,725,251,209,2428,412,2431,548,1790,303,457,731,215,234,353,194,490,310,247,406,266,367,399,244,222,336
411,261,470,395,314,240,2651,363,348,249,2649,369,480,223,371,717,251,210,152,411,209,547,1761,342,457,731,215,284,335,187,456,306,230,388,262,367,409,244,420,336
415,270,476,391,314,245,2667,374,344,262,2632,368,482,227,371,734,251,209,152,406,202,545,1767,302,422,730,204,284,371,236,490,124,326,387,227,369,404,276,420,336
411,267,476,388,318,241,527,361,347,252,2575,365,482,227,367,743,251,209,151,411,358,602,1789,302,445,726,223,198,370,216,375,317,228,387,227,369,394,276,218,314
411,270,485,389,318,241,2728,361,347,252,2578,365,484,227,363,718,251,209,152,405,205,628,1792,270,416,728,285,198,322,215,448,306,326,387,227,361,389,289,218,261
414,266,483,392,322,238,2702,361,349,249,465,364,482,230,363,738,251,213,152,405,138,544,1755,300,451,726,195,198,265,117,456,308,120,387,259,222,389,289,413,322
417,262,484,391,313,241,523,361,354,246,468,364,489,230,365,725,252,209,152,405,257,555,1797,270,461,726,177,240,335,227,477,123,232,381,263,379,389,303,413,325
414,264,481,388,313,240,526,360,354,246,465,374,489,227,365,722,251,209,2455,400,301,629,1752,270,450,734,221,262,337,227,459,315,289,376,255,379,400,303,422,345
414,267,480,388,313,239,527,360,354,250,462,374,489,227,363,729,251,209,2386,406,207,714,1787,309,461,736,210,262,358,211,477,123,289,376,122,363,335,312,221,221
412,267,481,387,313,239,528,371,347,251,465,368,482,225,363,728,251,211,2444,406,206,640,1842,297,467,736,197,124,309,213,477,289,235,381,261,333,335,312,217,313
419,263,483,388,317,242,518,360,347,244,478,364,482,225,361,882,252,213,2488,400,300,628,1813,297,385,736,205,124,322,270,461,124,239,381,262,360,409,333,417,329
412,263,476,388,318,241,527,360,349,244,480,366,489,224,367,879,252,211,2473,400,209,623,1812,304,449,731,132,1590,338,206,464,306,290,517,273,333,411,347,221,343
409,264,487,388,318,241,521,359,346,247,466,366,482,224,367,3167,253,209,2545,405,247,623,1812,307,465,717,210,1590,337,225,461,123,290,517,270,370,398,210,221,341
412,276,472,386,319,242,525,363,351,265,466,367,493,229,367,3200,251,209,2477,400,220,902,1774,304,457,713,208,1596,365,212,461,319,261,512,197,379,467,355,221,365
409,263,476,385,315,239,523,536,351,265,470,367,488,231,369,3168,251,211,2543,403,298,902,1774,295,359,245,193,1564,343,234,468,124,326,512,252,386,404,355,218,320
409,273,476,382,320,238,534,536,347,265,470,367,487,229,369,3070,249,209,2476,398,196,1571,1748,295,359,245,236,1564,340,215,493,309,170,470,253,386,404,352,417,236
411,262,483,388,312,235,521,536,348,268,2697,368,482,229,363,3071,250,209,2476,403,302,864,1758,326,458,245,206,1568,347,118,468,124,283,519,138,333,397,387,219,255
412,262,480,385,312,240,538,2833,348,253,2628,364,482,229,367,824,250,209,2491,399,201,875,1761,314,416,245,162,1568,347,212,447,315,230,519,138,363,412,356,219,247
411,264,498,385,319,240,527,2833,348,247,2591,367,482,225,363,827,250,210,2491,398,195,851,1766,239,457,245,200,1568,283,212,397,312,289,519,131,1586,404,367,228,220
411,289,491,385,318,240,521,2771,348,251,2630,369,487,223,363,832,250,210,296,399,295,851,1766,314,457,242,198,1482,280,212,447,312,275,515,130,365,347,356,416,215
412,281,489,386,318,238,2791,2772,348,251,2559,369,487,228,360,827,250,215,295,403,321,841,1766,302,457,244,216,1557,351,257,493,124,290,483,123,1625,391,367,424,221
416,281,485,386,318,239,2791,2788,352,250,2622,365,490,228,363,841,255,209,299,397,186,841,1772,307,458,245,134,1552,236,195,459,136,290,483,123,386,390,361,219,215
412,277,490,386,321,239,534,2788,345,250,2602,361,482,227,368,825,247,202,293,403,150,844,1803,307,363,244,202,1552,223,155,459,310,327,483,121,1586,411,361,219,218
412,272,482,386,321,238,2712,2775,345,247,2641,361,482,229,364,818,250,210,293,403,295,852,257,297,461,244,194,1554,247,219,467,312,170,522,121,1741,389,367,261,220
413,268,481,395,311,243,518,2775,345,247,2641,360,492,230,368,839,250,209,295,402,298,852,257,304,449,244,209,1554,255,217,459,124,283,522,131,1744,389,349,261,218
416,265,478,395,313,236,524,2750,345,255,2641,360,480,230,366,821,245,202,293,394,207,829,385,304,447,244,201,1589,280,213,459,157,293,469,131,1744,327,349,446,218
417,261,478,399,313,235,2748,2734,345,255,2685,366,485,230,366,845,245,212,2511,394,2431,833,267,304,480,244,219,1432,150,213,467,336,290,529,120,1625,327,208,419,124
413,263,480,405,322,235,2799,2732,355,255,2625,359,480,218,366,845,249,213,2511,397,293,829,1746,318,450,246,219,250,257,118,354,301,275,529,123,1796,410,208,219,124
416,263,480,405,311,238,2791,2732,353,255,2625,361,480,218,365,845,251,213,2464,397,293,796,1746,289,478,249,161,250,270,230,458,318,301,705,123,1796,389,377,267,131
416,256,393,397,312,240,533,2732,346,249,2625,361,485,225,365,836,268,208,2455,397,293,796,1747,289,478,247,207,251,263,218,458,255,301,730,123,1725,403,377,267,131
416,256,390,397,310,235,2730,2732,346,250,2576,363,483,225,364,827,268,213,2468,397,4154,793,1769,295,359,249,202,251,283,215,458,298,327,616,124,1744,481,207,417,123
409,265,376,405,320,233,2712,2745,353,253,2594,363,485,225,364,827,276,202,2468,394,213,793,1752,309,457,247,201,285,161,267,458,124,278,616,123,1571,395,208,222,123
413,257,378,404,310,234,518,2718,349,251,2641,498,485,225,364,827,267,210,2468,393,358,815,1779,308,383,245,255,224,159,215,458,311,281,616,123,1571,402,347,417,122
416,257,395,406,321,233,2680,2722,353,252,2571,498,481,225,364,850,267,210,2470,394,310,788,1759,308,383,245,200,158,155,215,458,269,217,607,121,1732,401,355,311,120
416,258,395,406,314,233,2748,2797,353,250,2653,488,482,225,364,3199,264,209,2468,392,308,795,1754,297,479,245,198,244,156,134,458,308,296,607,123,1796,416,233,311,122
416,261,415,399,313,235,529,2797,346,251,460,488,482,225,364,3104,265,212,291,399,291,800,1779,297,460,211,206,244,149,219,458,124,280,609,123,1711,408,207,423,122
408,263,387,399,312,235,2742,2752,346,258,458,488,482,224,368,3155,265,209,289,392,301,802,1743,297,451,215,205,235,150,223,451,318,301,601,124,1711,326,207,217,124
419,263,379,400,312,239,528,2752,345,250,465,484,491,224,364,3061,267,209,291,394,291,804,1743,297,465,215,216,238,148,229,404,312,261,601,124,1689,402,259,394,227
408,263,379,399,312,233,533,2800,345,269,465,477,489,221,367,3082,264,211,288,392,296,807,1762,314,447,215,144,238,149,198,451,291,286,597,124,1736,398,259,394,228
416,257,380,2708,314,232,532,2712,348,269,480,473,491,227,366,833,264,209,291,394,348,770,1752,314,359,210,144,243,148,219,451,291,281,608,243,1660,409,205,423,234
408,263,390,2708,313,235,524,2714,348,269,479,472,485,227,363,821,264,210,289,391,300,770,1758,300,458,209,209,243,151,221,451,684,285,596,202,1711,395,205,423,190
416,258,393,2708,310,234,518,2740,348,247,480,478,485,227,363,825,264,209,292,391,285,1244,1758,386,478,209,219,251,148,216,457,568,278,596,131,1780,397,346,217,230
413,254,393,2736,311,232,524,2740,346,250,480,494,485,227,363,825,264,210,287,392,220,941,1742,300,462,211,215,251,148,232,481,568,296,596,250,1780,236,346,424,200
411,255,383,2736,317,235,514,2707,346,254,465,494,485,230,361,834,264,211,290,394,295,948,1750,300,462,210,136,238,157,239,457,568,276,605,450,1731,320,208,419,138
413,261,382,2736,326,234,522,2707,347,254,489,484,357,230,364,834,265,213,286,392,298,939,1745,300,453,210,207,238,142,239,460,558,276,605,450,365,324,208,419,223
411,257,385,2673,310,234,528,2707,344,249,490,484,352,225,359,822,267,210,2475,393,295,939,1741,270,383,209,202,238,129,239,357,450,276,605,450,1703,303,356,410,195
411,257,395,2724,313,234,507,2762,344,255,2634,481,357,215,364,832,267,210,2460,392,293,937,1752,302,506,209,218,258,126,228,460,450,278,602,477,365,301,356,410,195
411,263,385,2649,311,235,528,2738,338,254,2603,488,351,215,364,829,266,210,2468,393,301,937,1741,270,506,210,240,242,126,130,460,397,261,602,446,1780,424,206,410,251
406,259,397,2649,321,233,524,2705,345,250,2577,482,351,224,361,822,266,211,2453,393,290,920,1743,302,461,210,186,240,124,124,458,564,289,592,926,1701,281,268,410,415
410,261,383,2645,313,233,2765,2705,348,247,2588,477,354,224,209,827,264,213,2513,404,301,933,1775,302,451,210,171,240,124,124,467,583,289,592,457,361,320,268,364,276
406,258,398,2645,313,232,2765,2781,348,249,2704,494,352,224,361,839,266,212,2447,393,321,916,1758,304,460,212,213,240,123,119,478,595,208,591,440,1538,322,265,422,409
408,257,400,2645,308,231,518,2728,348,246,2609,494,361,218,207,839,266,210,2460,402,297,933,1784,302,460,211,209,246,124,117,466,571,285,391,431,352,314,274,422,472
416,262,400,2643,317,229,2743,2757,345,246,2589,494,352,218,207,847,265,210,2443,404,295,923,1766,311,455,212,209,236,125,117,466,558,281,391,432,352,314,274,425,472
408,266,378,2643,318,232,514,2750,345,250,2594,494,352,223,208,840,265,210,2443,402,297,932,1773,229,465,208,199,230,225,117,435,551,281,395,432,354,238,274,425,449
409,258,385,2652,312,232,507,2750,345,250,2662,500,356,223,208,825,265,209,291,394,297,516,1773,229,478,208,216,230,225,118,387,545,306,395,430,361,312,266,423,449
411,257,377,2792,314,233,2656,2701,341,250,2662,496,352,228,208,897,262,210,335,397,307,645,1744,307,478,208,213,251,204,118,435,425,276,393,427,359,317,122,291,440
416,256,371,2792,308,234,512,2701,341,250,468,494,356,228,208,897,263,210,344,398,299,623,1757,299,454,208,205,251,202,123,473,557,275,393,433,370,317,265,422,437
416,259,376,2798,312,235,2765,2766,346,250,469,488,356,225,208,3129,264,209,340,400,299,623,1744,299,462,207,194,251,202,123,464,545,170,393,424,403,317,265,587,436
408,255,383,2798,312,232,2677,2751,346,252,470,489,356,229,208,3144,264,209,340,398,303,618,1783,299,461,227,194,251,202,571,464,553,275,387,430,364,317,280,587,430
409,259,375,2793,311,236,2712,2751,342,253,470,485,352,229,208,2973,263,210,338,405,293,616,1783,317,457,209,205,244,283,571,398,493,280,471,431,371,244,280,412,432
410,256,375,2793,310,232,519,2718,343,253,468,485,358,227,209,2928,264,210,337,402,280,612,1741,323,449,209,169,252,346,220,378,422,284,378,424,255,331,264,592,432
415,255,381,2799,311,232,2743,2718,343,252,473,487,356,227,210,713,264,209,347,405,280,612,1764,323,479,210,196,202,365,215,398,527,266,353,420,359,314,264,601,431
410,256,388,2829,313,231,2675,2757,342,251,474,487,354,227,210,708,247,210,341,405,288,609,247,323,394,210,150,138,358,217,398,483,288,353,420,223,314,264,601,430
410,261,398,2829,308,233,505,2757,342,274,473,480,354,224,208,708,250,210,341,400,310,609,383,300,439,206,142,136,349,212,356,540,281,354,419,372,313,275,601,430
405,257,387,2812,309,235,2670,2757,343,249,491,477,347,217,208,702,250,210,341,402,300,609,383,264,439,206,143,136,351,218,366,567,288,354,417,364,416,275,602,431
405,257,411,2889,312,234,505,2756,247,255,491,478,354,224,206,654,250,210,341,398,299,615,1742,264,460,206,134,134,343,219,354,607,275,388,417,351,304,275,601,431
412,259,411,2889,318,232,2720,2756,247,255,469,483,354,224,208,672,251,211,2455,395,291,614,1787,264,478,206,134,134,345,216,355,578,283,393,424,223,304,275,412,432
416,256,402,2841,307,231,514,2764,252,249,474,480,351,225,209,676,255,202,2455,398,319,661,1743,303,400,206,133,124,349,215,354,708,283,393,243,223,314,275,412,434
412,256,409,2833,307,231,514,2741,252,249,2641,478,349,225,211,646,255,210,2455,399,319,661,1743,301,477,209,136,124,344,218,358,809,283,411,245,371,315,274,412,251
413,255,400,2833,311,231,2677,2738,250,252,2623,482,351,220,211,652,249,208,2452,395,348,593,1740,301,354,209,133,127,343,352,367,602,283,411,240,351,320,274,610,250
411,261,327,2817,309,231,509,2706,251,254,2605,482,365,218,210,652,249,202,2452,399,285,594,1796,303,459,209,136,124,341,347,358,596,296,287,243,360,232,274,610,254
413,252,324,2892,319,230,505,2706,251,250,2596,482,365,218,207,649,252,210,341,399,343,594,1746,308,474,207,136,124,337,347,358,594,296,273,244,368,307,264,411,244
408,272,327,2892,311,232,505,2718,255,245,2596,482,351,222,208,645,254,208,343,397,347,596,1759,391,454,205,134,124,338,361,514,585,284,273,232,401,317,264,411,253
415,269,326,2848,313,230,513,2718,255,246,2596,494,365,222,208,666,249,210,338,394,347,596,1771,391,479,205,132,134,338,325,367,585,288,124,229,356,317,262,409,252
408,257,321,2848,315,232,518,2738,259,246,2575,492,349,223,209,647,249,208,338,395,257,595,1749,286,468,205,132,134,343,336,495,586,277,124,232,371,320,259,598,252
404,259,318,2875,315,234,506,2774,257,250,2634,483,351,223,209,643,251,210,338,397,345,592,1757,286,468,204,149,124,344,336,495,586,277,275,277,356,320,259,410,264
414,256,325,2855,309,231,506,2707,257,250,484,488,356,216,207,645,251,210,337,391,290,594,1739,303,456,205,141,124,337,430,468,586,166,261,280,368,230,133,410,289
404,255,333,2805,314,234,505,2707,257,247,489,492,351,216,209,648,251,210,337,386,340,606,1739,286,456,205,133,124,338,456,495,586,247,261,346,364,323,213,408,288
405,435,334,2892,309,232,514,2723,257,247,514,490,348,228,207,650,251,210,337,383,340,606,1784,303,457,205,133,124,135,480,461,417,283,124,281,348,317,133,595,232
405,440,345,2892,310,231,505,2723,257,247,547,489,352,228,208,650,247,208,307,386,301,672,1760,312,449,204,134,129,136,416,465,425,288,124,224,368,317,210,415,303
412,426,337,2816,308,234,505,2692,253,250,532,484,348,228,211,643,247,210,289,391,402,672,1760,310,400,202,134,124,136,541,469,425,288,213,336,364,319,210,415,298
411,425,341,2816,312,228,511,2727,253,249,535,492,347,222,208,649,252,213,288,383,402,597,1749,303,400,207,132,124,136,617,465,416,280,266,336,364,379,210,409,354
411,2721,340,2816,309,232,505,2694,253,247,571,492,356,222,208,645,249,210,291,391,402,590,1770,303,444,207,133,124,134,503,465,439,296,266,336,400,309,259,591,323
411,2694,346,2834,306,231,507,2719,249,247,552,492,356,216,208,643,249,212,2468,391,297,590,1760,303,444,205,134,124,134,502,458,499,280,124,336,348,274,332,413,329
411,2656,345,2844,310,230,505,2694,249,247,558,488,347,224,208,673,249,210,2462,390,402,591,1784,310,458,205,247,124,133,493,457,447,280,124,336,355,326,430,592,329
408,2631,345,2844,310,232,506,2742,253,250,557,487,346,217,209,654,252,210,2447,385,295,642,1762,301,459,205,218,125,130,498,458,387,166,124,369,268,312,430,592,257
404,2631,332,2821,310,232,506,2742,250,250,564,487,346,217,209,660,252,211,2470,390,402,594,1762,301,462,1741,216,125,136,482,458,426,205,197,208,355,312,364,592,323
411,2579,340,2934,312,231,506,2742,253,250,544,489,347,222,210,603,245,212,2418,390,307,594,1786,311,462,1709,145,124,182,495,464,469,281,197,372,361,351,364,437,215
411,2632,337,2934,232,233,2696,613,253,247,553,489,353,222,207,603,243,208,2420,390,346,583,1761,398,358,1710,215,229,131,495,460,472,288,124,383,361,298,354,570,335
405,2641,348,2934,232,232,500,614,250,247,2815,487,347,219,207,593,252,210,2427,383,346,598,1781,398,468,1746,212,229,211,513,464,473,263,124,378,369,296,354,570,335
408,2630,340,2695,229,232,505,615,250,246,2761,483,348,224,209,595,252,211,285,390,265,598,1773,398,458,1714,219,236,211,516,460,496,263,287,219,369,310,343,564,216
405,2677,324,2766,225,233,2739,615,251,246,2702,482,353,224,207,595,252,212,286,383,299,596,1771,295,458,1714,359,224,244,515,561,447,340,124,219,368,310,340,545,335
405,2677,329,2766,232,232,508,613,254,261,2804,489,353,223,208,595,250,212,277,386,280,604,1761,310,457,1746,471,224,229,540,562,392,158,124,388,355,304,341,457,341
405,2707,334,2719,232,233,505,619,249,261,2778,492,348,222,210,593,250,206,280,388,341,604,1761,310,449,1714,284,224,131,530,561,392,257,125,383,369,312,341,457,335
403,2634,332,2732,229,230,2659,619,249,258,2764,493,349,218,208,612,250,211,277,386,341,597,1762,310,457,1714,375,265,246,524,567,525,205,125,366,227,234,130,457,335
409,2585,342,2745,225,234,506,614,251,247,2687,489,349,218,208,605,250,208,278,386,341,597,1773,310,501,1714,353,308,173,527,763,397,261,125,207,369,318,335,417,335
403,2543,335,2745,223,234,2668,614,251,252,2835,489,347,218,207,596,250,206,278,387,263,591,1786,308,444,1714,360,329,251,527,567,394,263,277,207,377,317,130,417,233
410,2548,338,2745,227,229,2723,318,255,258,2796,485,357,218,207,603,250,206,278,392,318,591,1758,308,448,1722,349,379,124,524,702,572,278,124,372,349,310,130,403,233
406,2553,2434,2745,234,229,2696,321,255,258,557,487,355,223,207,587,253,209,276,387,344,592,1748,231,448,1722,345,419,256,524,618,556,334,124,208,369,375,129,403,334
410,2588,2436,2678,225,235,2692,322,250,245,545,487,357,223,206,597,250,210,278,387,344,592,1762,231,462,1722,344,612,259,298,702,568,278,124,366,364,312,181,469,334
406,2601,2486,2711,222,233,505,2500,250,246,544,487,353,224,208,595,255,211,276,387,297,2199,273,231,438,1745,343,612,280,296,702,377,196,275,366,377,267,180,469,293
406,2594,2407,2711,224,228,2739,2500,252,246,566,489,353,224,208,593,255,208,281,381,319,2199,389,306,462,1715,348,347,241,295,1413,561,256,123,371,218,267,180,513,342
406,2620,2466,2711,224,231,2659,2540,252,247,541,485,353,220,208,594,252,218,2458,387,318,2203,267,301,398,1715,349,342,123,292,681,378,261,123,348,360,317,180,743,333
406,2553,2438,556,224,234,507,2476,258,249,556,485,353,220,208,597,252,210,2430,387,318,2203,1835,323,471,1726,349,342,244,293,696,556,267,403,209,360,331,128,743,211
403,2553,2391,556,228,234,2668,2481,258,249,550,484,356,225,208,597,250,210,2433,386,249,2200,1835,323,458,1726,337,342,255,293,677,377,281,403,378,367,272,128,419,330
412,2554,2422,563,227,235,2668,2476,254,249,562,484,347,227,207,607,250,209,2434,386,344,2216,1748,348,357,1733,342,342,249,354,677,557,281,311,393,299,269,210,419,321
403,2594,2384,563,223,233,508,2476,265,245,548,484,356,222,208,589,250,210,2416,382,347,2244,1748,304,458,1713,345,342,124,330,682,378,157,401,379,360,268,210,468,321
402,2558,2375,540,227,227,2723,2481,266,246,556,485,358,224,211,587,250,218,2416,386,344,2189,1757,304,457,1713,345,337,244,330,674,570,247,230,379,366,231,230,468,321
406,2608,2385,540,224,232,505,2481,266,246,544,487,358,224,208,592,250,210,2468,385,345,2189,1752,254,449,1713,340,337,253,341,681,383,196,388,380,428,231,230,403,208
402,2540,2429,540,224,231,505,2497,258,255,569,490,372,225,208,594,249,210,2455,382,345,2194,1744,301,456,1713,340,335,123,285,677,569,264,388,371,366,234,128,403,332
408,2596,2379,550,224,232,505,2541,258,252,557,490,358,225,208,596,250,210,2431,383,332,2194,1769,298,448,1719,340,335,123,341,674,377,264,395,372,326,234,268,484,209
402,2561,2378,550,224,232,507,317,258,252,2851,488,368,2556,209,586,250,210,2475,383,340,2216,1742,306,458,1708,340,333,125,354,674,568,280,242,372,223,238,297,498,332
408,2543,2383,545,224,230,514,315,265,249,2674,490,351,2556,208,583,249,210,2475,383,276,2217,1742,306,488,1719,340,333,247,286,670,568,267,242,206,223,232,297,498,210
403,2544,2383,546,227,233,502,315,253,244,2787,490,355,2481,209,587,249,211,2475,382,402,2217,1742,310,438,1719,144,333,126,367,675,558,291,406,387,368,277,293,505,324
404,2537,2399,2795,227,231,508,315,253,244,2681,493,351,2481,206,583,249,209,277,383,402,2200,1775,310,449,1733,144,332,247,371,670,379,291,406,217,366,266,150,495,327
403,2543,2395,2750,224,229,519,315,267,247,2666,496,351,2465,208,595,249,212,283,390,347,2217,1758,303,449,1733,145,335,124,391,670,563,262,406,217,378,232,150,426,210
409,2542,2391,2750,224,228,519,314,267,247,2664,496,351,2465,207,595,251,212,278,382,347,2217,1737,303,456,1733,144,335,249,391,671,574,157,406,217,378,231,121,431,332
406,2543,2383,2653,227,232,504,315,252,247,2683,493,374,2465,208,590,250,212,279,382,347,2217,1752,304,458,1733,145,333,250,390,671,564,177,390,387,378,231,287,413,336
404,2601,2379,2653,224,234,517,315,268,249,2683,489,351,2498,208,581,250,516,289,389,527,2217,1770,319,439,1737,143,333,124,295,671,377,259,427,375,223,229,280,413,336
405,2588,2404,2674,223,232,519,323,252,246,2683,489,353,2465,208,587,249,212,288,383,346,2219,1743,319,395,1747,142,330,247,400,679,451,259,427,205,427,229,286,411,336
408,2547,2412,2749,229,230,514,351,252,250,557,487,355,2498,208,592,249,518,291,385,483,2219,1740,312,457,1747,141,335,166,386,668,558,281,267,284,427,229,286,471,336
404,2547,2387,2723,231,229,526,2485,252,245,578,496,353,2479,209,592,252,210,289,385,265,2199,1756,312,449,1747,185,131,291,386,679,561,264,267,395,371,229,122,471,336
408,2560,2450,2688,227,231,526,2481,256,245,553,488,355,2479,209,590,253,211,289,385,483,2194,1756,312,455,1722,173,131,124,388,664,379,275,267,371,378,231,176,471,336
408,2549,2384,2687,227,232,526,2481,254,246,563,488,349,2501,210,594,249,212,289,385,341,2192,1794,245,455,1752,176,132,261,408,668,490,275,448,202,269,232,120,413,334
408,2540,2391,549,224,230,519,2539,254,246,549,490,356,2501,210,594,249,517,289,385,487,2216,1781,245,468,1729,143,136,222,389,665,490,273,448,377,269,229,119,457,209
404,2602,2450,549,218,229,2677,2539,250,244,560,490,346,2501,211,593,250,513,2457,380,515,2216,1706,321,355,1718,335,130,263,266,664,557,291,448,370,357,233,286,457,332
405,2541,2385,624,219,230,506,2539,250,249,547,484,354,2501,209,603,249,513,2457,385,338,2259,1706,321,458,1704,308,133,257,394,666,557,268,403,291,427,258,121,504,341
405,2572,2436,559,228,230,513,2721,253,247,547,489,354,2501,207,615,249,512,2457,385,344,2259,1703,291,355,1704,352,131,125,394,474,530,268,403,385,370,329,298,504,324
405,2572,2409,559,228,232,2684,2638,255,246,550,487,357,2462,209,606,250,512,2457,385,415,2250,1727,304,450,1733,352,131,275,348,666,516,177,416,383,370,330,137,786,208
405,2565,2435,551,228,230,522,2636,250,246,714,490,348,2459,208,608,249,513,2476,378,415,2221,1726,304,461,1705,251,131,256,391,666,550,259,416,383,345,341,292,786,330
406,2541,2456,561,240,227,526,2701,250,247,691,490,357,2463,212,603,249,508,2476,385,438,2195,1695,304,498,1705,320,189,256,261,481,556,262,341,202,269,334,159,747,332
405,2537,2388,561,241,231,2639,2701,252,247,688,485,358,2463,212,609,246,513,287,385,318,2195,1697,402,461,1715,290,130,126,393,474,542,262,395,366,221,330,296,917,208
403,2532,2388,558,236,231,2708,2701,251,247,695,485,363,2457,209,619,252,510,286,383,491,2235,1699,288,439,1715,319,130,250,268,479,515,262,395,198,353,375,285,1527,208
412,2606,2389,558,238,231,2677,2717,259,247,2975,489,358,2524,209,619,250,512,287,379,491,2235,1737,296,451,1715,232,210,256,383,481,376,266,512,372,370,500,291,917,208
403,2606,2450,561,234,506,466,2682,259,247,3019,488,348,2464,209,591,250,513,290,383,349,2244,1714,296,395,1717,340,165,256,259,489,562,268,512,374,356,433,291,873,332
406,487,2450,550,233,507,466,2682,254,247,2982,482,356,2464,209,591,253,513,288,383,344,2244,1702,300,521,1736,331,224,255,391,489,536,289,512,374,372,456,291,827,211
409,488,2449,550,231,507,466,515,254,1246,2979,489,348,2499,211,604,253,513,288,385,492,2254,1702,298,455,1715,233,224,124,388,489,555,289,727,317,352,755,289,810,332
406,499,2392,2839,242,505,2684,515,251,406,2920,489,355,2499,211,604,251,512,289,383,682,2254,1704,298,398,1715,318,132,264,258,557,371,164,500,317,393,438,285,810,251
409,489,2393,2839,230,505,469,519,254,406,2934,489,355,2456,211,605,274,508,289,383,682,2254,181,298,398,1715,230,132,124,390,610,564,267,506,370,370,440,299,810,368
405,489,2444,2839,227,505,2737,513,256,402,2946,498,344,2463,210,606,330,506,291,382,330,595,321,307,464,223,324,240,267,411,557,559,262,506,198,356,434,298,810,245
409,498,2394,2759,230,505,2639,512,256,402,2966,483,352,2517,211,606,330,512,288,385,733,751,322,267,445,223,225,289,125,391,610,555,160,498,377,381,433,310,810,360
409,491,2423,2759,232,508,465,512,256,402,2945,490,351,2517,209,609,330,512,290,379,276,583,322,307,369,337,308,289,265,263,609,370,266,490,374,393,434,310,810,353
409,2541,2442,2756,231,503,464,512,252,402,699,489,348,2452,209,597,263,508,290,379,733,2239,1706,307,380,227,308,124,250,385,552,551,289,490,221,359,431,292,794,349
405,2574,2382,2689,2473,502,466,514,251,397,696,488,351,2452,210,604,263,512,2496,386,733,2193,1707,257,355,227,355,124,123,377,552,564,159,492,377,355,431,299,793,343
405,2591,2440,2689,2514,501,468,514,251,402,698,489,348,2452,209,612,262,513,2437,379,733,2192,1695,225,461,1746,335,638,261,430,552,536,205,492,199,221,436,281,793,358
405,2537,2386,2708,2427,504,467,512,258,405,697,485,348,2452,2524,615,263,512,2476,386,744,2187,1738,255,358,1746,231,253,145,389,638,369,164,492,360,422,426,284,782,314
409,2595,2423,2708,2455,505,464,513,258,402,702,485,346,2459,209,616,263,508,2423,380,347,2187,1701,224,480,1705,318,253,254,267,552,562,155,487,205,381,425,284,783,322
409,2595,2400,2737,2409,505,466,513,254,402,693,493,348,2459,2508,598,261,512,2470,379,771,2187,1709,224,451,1705,380,246,126,385,628,370,164,487,364,359,428,288,862,433
410,2537,2396,2737,2452,505,474,2638,257,406,695,493,348,2453,2510,602,264,510,2428,378,506,2211,1714,223,355,1705,326,246,247,344,637,560,160,259,200,356,430,303,862,433
409,2598,2383,2737,2450,507,467,2638,251,401,692,498,348,2453,2537,602,261,513,2414,376,717,2189,1700,223,358,1705,231,386,209,398,628,230,165,259,391,358,432,303,851,673
402,2544,2383,551,2446,229,465,2632,251,400,841,493,348,2453,2493,604,263,511,2419,388,527,2189,1703,223,433,1740,313,238,253,258,592,445,158,261,375,422,424,297,851,444
410,2551,2379,551,2402,228,468,2632,251,397,828,493,357,2449,2493,605,263,512,2405,376,717,2184,1717,223,398,1712,319,286,253,379,592,225,159,261,375,364,427,297,1225,434
404,2542,2413,551,2415,225,476,2667,256,398,811,493,357,2455,2492,616,263,512,286,381,489,2238,1694,223,358,1712,234,286,253,379,592,434,157,258,240,364,427,281,1225,432
410,2542,2447,557,2415,231,476,2644,256,399,822,496,351,2455,2488,621,263,510,286,383,473,2253,1698,223,457,1712,319,286,268,249,592,478,155,258,375,285,427,281,1365,434
403,495,2423,557,2414,229,467,2644,251,399,820,493,357,2454,2488,621,263,507,159,381,747,2186,1698,225,369,1702,228,927,270,382,546,459,158,262,375,356,427,276,1365,426
405,490,2380,553,2455,224,471,2644,253,399,807,498,348,2454,2492,613,257,514,162,377,492,2186,1715,255,366,1748,313,927,264,253,661,330,119,262,235,364,264,276,1365,433
405,489,2385,548,2402,225,461,2678,253,399,3084,498,351,2454,2553,610,257,510,160,385,487,2182,1694,255,371,1748,230,410,124,372,546,261,119,295,235,364,264,306,1352,433
409,488,2425,544,2445,1400,461,2678,258,399,3081,489,348,2454,2553,619,263,512,161,377,388,2192,1684,255,369,1751,314,455,392,250,546,261,173,364,374,356,264,306,1453,422
403,487,2382,545,2399,1422,470,510,258,399,3052,489,348,2454,2490,607,263,512,160,377,388,2190,1688,223,358,1709,228,455,368,393,620,261,165,301,338,364,262,308,1352,419
409,483,2446,545,2403,1420,467,511,253,395,3012,353,347,2454,2490,618,263,512,2350,371,515,2184,1705,223,356,1709,301,532,235,293,620,401,120,301,236,344,258,138,1362,245
409,493,2383,540,2463,228,2724,511,253,400,3015,353,346,2457,2490,618,264,515,2350,372,415,2201,1772,223,358,1709,302,393,364,403,655,381,121,309,345,344,258,289,1362,245
408,487,2393,539,2411,230,2651,517,253,397,3035,351,347,2458,2562,615,264,510,2305,371,477,2201,1774,225,355,1726,229,532,229,403,620,278,157,252,300,220,258,272,1342,244
405,487,2408,540,2431,230,2724,508,252,401,3101,346,347,2458,2562,615,262,510,2304,378,470,2192,1808,222,358,1709,317,514,390,249,525,354,120,252,300,364,258,272,1323,244
408,484,2403,541,2397,230,466,504,252,401,5972,346,357,2458,2562,620,262,510,2321,375,487,2230,1761,222,355,1709,259,514,357,388,525,382,119,341,359,355,258,210,1314,244
411,2555,2403,2811,2394,229,466,516,249,401,6098,345,352,2457,2485,617,262,512,2377,378,491,2197,1761,225,359,1709,308,514,360,370,627,264,118,246,319,355,244,262,536,242
406,2575,2403,2714,2394,1395,2615,508,249,400,6076,348,357,2457,2492,608,262,525,2377,378,552,2210,1781,223,370,1709,227,514,262,387,525,326,119,246,231,363,292,165,536,243
411,2530,2460,2698,2450,1406,464,508,249,400,6053,346,357,2467,2492,629,258,498,160,377,552,2210,1781,224,366,1735,334,383,364,255,663,229,120,356,360,344,278,123,536,243
399,2563,2394,2682,2388,1393,461,510,252,399,3810,346,349,2494,2493,615,263,511,160,375,494,2210,1826,224,358,1735,334,510,346,386,657,232,119,245,304,370,321,121,537,274
394,2480,2412,2714,2387,1393,2682,2627,252,400,3764,346,367,2462,2493,832,263,511,160,375,682,2209,1748,224,371,1735,372,510,343,374,648,329,120,258,358,370,329,121,535,278
399,2477,2407,2714,2455,1398,2728,2648,253,400,3759,347,349,2471,2558,818,252,515,160,377,447,2197,1748,228,356,1735,308,514,266,247,657,757,120,258,538,402,329,223,538,216
399,2643,2438,2690,2384,1398,464,2611,252,398,3782,345,351,2629,2495,804,252,512,159,378,467,2211,1817,228,371,1735,229,382,341,376,527,266,195,368,385,352,309,223,538,269
404,2626,417,2690,2381,1358,466,2611,252,398,3863,344,349,2629,2500,807,247,521,160,378,744,2211,1829,224,371,1735,304,382,352,255,527,235,121,368,464,355,361,137,259,265
403,2603,409,2690,2389,228,2724,2605,258,398,3895,344,351,2629,2524,806,247,525,163,378,733,2204,1791,240,371,1735,225,382,367,374,648,227,195,230,515,370,308,137,259,309
404,932,412,542,2392,231,464,2638,258,398,795,344,356,2620,2500,797,250,517,428,381,480,2204,1788,240,371,1735,315,382,490,250,527,311,187,393,443,364,231,122,263,307
408,659,410,546,2399,228,2703,2610,261,401,820,365,356,2599,2500,595,250,512,426,374,480,2178,1790,240,371,1735,227,510,402,377,646,231,117,393,440,364,310,122,257,225
404,661,2393,537,2420,1368,462,2691,250,394,813,345,356,2597,2557,600,253,521,435,381,744,3195,1782,240,471,1749,337,510,442,296,530,251,236,393,432,364,310,119,257,320
408,657,2390,537,2420,1368,2615,2691,250,394,816,344,356,2597,2543,603,253,517,427,381,771,2279,1786,240,467,1749,311,422,751,405,646,344,593,382,425,395,357,119,298,364
406,657,2412,540,2423,1368,2642,2598,251,397,816,346,352,2632,2498,603,251,517,425,376,467,2279,283,240,467,1749,229,518,458,376,646,331,118,228,425,357,324,173,298,337
404,654,2393,540,2392,227,462,2598,251,397,802,348,351,2632,2498,601,251,517,426,372,467,2262,416,343,358,1749,319,518,450,250,652,815,593,409,425,220,230,173,222,210
410,654,2392,540,2396,230,462,511,252,400,802,346,352,2632,2557,598,249,521,2584,377,748,2257,292,333,370,1698,264,528,454,379,652,461,120,409,415,364,312,215,221,338
409,658,2420,542,2434,227,2682,508,250,400,807,346,365,421,2496,602,249,515,2572,377,748,2257,1818,333,456,1703,333,518,445,414,652,530,593,390,426,359,232,199,222,352
402,654,2420,542,2439,227,466,508,250,398,794,346,355,421,2496,598,252,508,2512,378,468,2257,1809,333,456,1703,223,458,450,374,660,594,593,390,228,361,337,349,222,207
409,652,2394,538,2472,227,459,508,252,398,813,345,352,412,2496,604,253,508,2416,378,468,672,1801,327,357,1743,314,515,453,249,532,586,593,241,225,357,229,349,222,348
409,648,2383,538,2451,1365,464,503,252,398,3150,345,353,411,2501,585,249,517,2387,378,747,672,1839,332,358,1743,299,515,455,387,660,571,195,241,230,355,311,883,220,327
404,650,2385,537,2413,1344,465,505,252,397,3150,345,353,411,2501,593,249,508,2407,378,473,2324,1821,332,743,1725,375,528,455,374,660,557,187,397,228,411,310,416,221,347
401,650,2389,544,2413,1339,459,508,385,398,3080,347,348,412,2479,586,247,517,159,378,474,2324,1832,564,563,1725,311,528,259,244,654,545,338,397,225,359,230,393,222,205
408,2834,2424,544,2469,222,459,508,385,393,3073,346,361,405,2481,600,247,514,161,377,457,2255,1798,386,358,1725,227,528,265,381,532,546,338,383,228,360,230,393,263,343
401,2842,2389,548,2464,225,476,508,377,397,3017,354,353,414,2481,601,251,513,162,374,388,2293,1806,386,371,1725,324,515,261,256,641,545,236,375,241,360,230,387,219,206
401,2768,2391,548,2464,223,465,510,377,397,3122,349,361,414,2479,582,254,508,161,377,461,2250,1861,386,578,1710,335,515,266,377,526,539,336,404,266,360,308,379,219,342
401,2768,2402,549,2545,223,466,510,375,399,3097,353,361,414,2478,610,250,515,159,379,493,2273,1801,471,578,1710,331,518,262,363,641,539,593,404,218,355,320,379,219,341
401,2768,2442,2842,2542,225,462,510,368,397,3060,353,349,411,2479,592,250,510,161,379,461,2273,1810,405,578,1710,224,516,264,405,626,537,334,387,266,353,323,387,211,207
405,2768,2390,2747,2568,225,459,2697,368,400,815,353,354,411,2481,610,254,510,161,379,477,2259,1841,405,508,1740,318,380,277,276,646,542,334,387,251,353,247,385,212,252
399,2768,2392,2747,2533,225,465,2697,367,395,815,348,349,411,2494,601,254,501,162,379,477,2259,1796,445,467,1708,314,511,296,276,647,530,331,386,280,348,306,378,210,349
405,2763,2426,2735,2724,229,465,2625,367,401,815,346,347,2601,2481,603,254,512,160,375,467,2244,1832,444,580,1708,224,511,244,357,647,529,331,236,215,360,312,378,210,347
405,639,2426,2735,2724,222,465,2641,371,397,815,359,348,2601,2494,601,253,512,162,375,552,2286,1798,444,568,1708,310,536,293,242,655,533,331,392,215,358,230,378,212,206
403,638,414,2751,2787,349,461,2631,376,403,836,356,347,2626,2472,601,251,514,2429,375,470,2307,1799,446,458,1699,222,536,232,347,527,530,331,392,287,358,331,376,211,341
403,634,413,2751,2727,367,466,2631,369,403,836,352,353,2626,2484,603,251,501,2349,378,455,2307,1813,449,456,1748,315,521,301,358,655,529,348,391,287,353,272,382,212,341
403,641,423,549,2749,347,466,2631,382,403,820,361,348,2646,2537,490,253,505,2364,377,447,2259,1815,449,562,1748,320,378,300,359,657,524,330,393,329,352,319,897,212,357
403,641,436,549,2749,337,2693,2632,382,403,822,361,353,2646,2537,477,243,504,2353,378,530,2248,1823,449,743,1748,332,514,308,341,666,536,329,390,213,355,315,897,212,344
411,646,406,549,2737,324,462,2632,379,403,822,358,348,2679,2537,495,270,508,2357,378,530,2321,1795,449,564,1748,242,551,259,241,538,536,343,390,335,352,229,821,1777,344
406,643,413,549,2737,314,465,2581,376,400,802,358,348,2679,2537,490,269,510,2377,378,536,2258,1795,450,563,1710,320,422,327,343,649,536,336,383,126,371,180,807,1777,345
411,639,413,549,2725,317,2643,501,376,269,812,352,361,2681,2484,478,269,512,160,374,467,2258,1796,450,564,1710,310,523,344,338,649,944,327,383,280,364,229,650,1734,204
265,640,413,550,2715,322,465,501,379,274,802,356,348,2646,2541,478,2502,493,162,376,480,2279,1800,450,610,1727,224,523,344,236,647,868,333,379,128,400,209,650,1756,343
268,651,2444,548,2725,1445,461,506,379,266,802,356,349,2646,2487,478,2502,512,159,376,537,2260,1800,448,564,1757,304,514,357,342,646,866,334,227,128,364,128,649,1771,210
265,643,2388,548,2709,1426,2697,506,379,266,805,354,347,464,2487,478,2490,504,164,378,537,2243,1796,456,564,216,287,522,283,358,647,783,331,227,317,352,216,649,1736,355
268,634,2377,548,2787,1428,2677,503,368,264,806,353,349,464,2553,512,2486,504,161,382,467,2229,1789,448,587,219,348,522,409,392,527,779,326,227,122,218,215,647,1736,343
266,639,2420,547,2736,1400,461,500,369,267,806,349,352,470,2506,507,2524,502,162,382,467,2256,1777,448,580,335,259,513,378,443,524,773,326,304,321,360,293,649,1773,213
268,634,2433,547,2736,1412,2693,500,391,266,866,346,352,470,2553,505,2547,504,160,382,526,2285,1803,448,564,219,259,519,370,421,638,772,333,377,334,364,127,130,1773,333
264,2815,2408,547,460,1407,2643,500,391,267,3114,346,346,470,2513,521,2547,508,159,380,557,2281,1787,448,564,219,259,519,321,439,671,772,330,399,307,265,215,129,1769,206
267,2880,2404,547,469,321,465,500,368,266,3114,345,348,469,2513,505,2469,503,158,378,557,2335,1791,446,568,219,302,478,380,493,658,772,330,399,122,337,218,129,1769,354
264,2803,2404,547,488,321,465,502,367,269,3147,360,353,469,2513,523,2469,502,162,380,468,2335,1791,446,562,219,426,478,378,472,671,772,325,225,122,360,205,129,1749,207
264,2828,2407,547,488,323,2697,2650,367,269,3110,360,353,462,2547,510,2469,2875,162,374,519,2335,1835,446,561,219,426,538,220,571,519,772,327,225,306,355,208,131,1738,253
270,2763,2418,546,489,330,469,2601,368,266,3054,355,348,462,2546,510,2541,504,2414,381,474,2239,1822,445,561,1723,348,567,370,713,533,263,327,377,277,419,127,131,1738,155
268,2780,2445,553,484,331,2669,2593,367,266,3045,348,369,468,2484,510,2653,502,2396,374,457,2239,1792,448,561,1724,336,567,370,636,650,256,327,254,313,265,217,130,1782,281
265,2778,2389,563,472,327,480,2593,367,270,3067,345,358,2680,2546,508,2653,2872,2346,376,484,2237,1800,448,564,1724,257,620,380,610,642,256,333,254,121,290,213,131,1782,281
265,2785,2419,2745,481,329,462,2589,367,270,3051,347,367,2680,2548,521,2671,493,2351,378,484,2264,289,444,571,1716,347,620,380,601,661,253,333,254,321,367,127,131,1782,124
267,2785,2419,2762,2810,324,461,2589,366,270,808,347,365,2686,2547,513,2671,508,2354,374,534,2277,427,448,571,1709,261,620,380,600,642,256,334,258,124,355,127,173,1782,246
265,649,426,2762,2724,324,465,2589,371,273,819,347,370,2686,2547,519,2652,508,2405,378,461,818,341,444,571,1709,342,737,375,600,660,254,334,258,318,361,234,173,1782,281
265,648,423,2739,2700,352,473,2627,371,273,816,346,367,2686,2547,504,2652,2815,161,381,473,818,1904,259,571,1730,337,741,375,595,605,254,327,258,123,356,221,119,1737,257
267,641,432,2737,2683,324,473,2652,370,269,860,352,361,2676,2480,513,2695,2808,159,376,529,806,1792,259,375,1740,342,638,386,601,527,255,326,405,318,290,127,119,1737,121
267,643,422,2737,2763,321,461,2652,370,267,860,352,361,2668,2480,503,2695,502,161,381,529,2272,1792,257,375,1743,455,638,218,600,660,251,129,256,317,399,208,117,1745,259
266,643,420,2718,2777,324,466,501,360,267,823,347,370,2668,2486,538,2658,2780,159,381,477,2272,1818,259,375,1743,600,621,383,592,673,254,131,394,124,359,125,115,1732,261
272,646,420,2773,2686,358,466,501,369,269,800,347,361,2710,2482,538,2622,2815,160,381,530,2254,1818,263,375,1743,442,621,386,392,534,253,325,394,306,365,201,115,1727,184
272,657,419,2773,2759,349,469,505,360,267,800,349,353,2710,2482,541,2629,2776,160,376,449,2254,1804,265,375,1743,528,617,216,390,673,228,127,394,143,220,206,115,1731,184
274,646,423,560,2731,333,462,500,360,268,800,354,353,2688,2486,551,2629,2794,162,377,534,2254,1804,257,374,1750,539,620,382,389,673,223,327,330,314,220,206,117,1731,184
264,646,436,572,2799,342,466,503,367,269,812,345,353,2688,2547,548,2635,2815,163,376,470,2249,1771,257,374,1752,527,625,387,400,534,222,130,330,123,220,158,117,1740,123
274,648,2445,733,2770,334,466,503,367,270,819,345,365,2666,2563,563,2635,2815,159,376,513,2245,1808,288,374,1752,533,620,379,390,652,267,130,517,314,371,225,117,1740,249
274,645,2438,721,2734,340,473,503,361,267,811,351,353,2680,2563,551,2624,2759,164,375,481,2249,1777,285,561,1752,515,618,221,390,652,221,130,530,313,399,211,1657,1740,122
266,642,2438,714,492,354,461,499,361,267,816,351,352,466,2562,551,2635,2794,159,375,512,2316,1773,288,367,1752,513,609,221,425,652,224,146,566,303,371,211,1657,1743,262
268,651,2386,714,500,332,461,498,382,267,810,348,352,466,2561,548,2667,2760,2385,377,530,2266,1771,288,367,1724,513,408,217,408,541,219,129,566,334,359,205,1622,1725,242
268,649,2382,715,488,346,466,498,382,268,827,352,352,467,2562,535,2621,2760,2372,374,487,2266,1771,296,560,1743,519,408,381,428,659,219,173,571,124,439,166,1622,1743,275
268,2902,2441,714,481,332,627,503,365,287,820,349,364,472,2560,535,2621,2776,2359,376,487,2328,1822,296,412,1743,511,413,364,363,541,273,173,564,715,377,245,1617,1717,275
266,2932,2429,714,494,356,627,503,365,261,827,348,352,459,2563,553,2652,2780,2411,374,536,2254,1774,296,569,1743,503,413,219,412,657,227,173,564,254,439,221,1633,1717,251
273,2825,2429,722,473,349,465,649,381,261,827,344,363,459,2560,538,2652,2829,2349,378,470,2254,1767,292,412,1752,254,417,376,413,666,222,173,567,451,371,221,1633,1747,134
266,2870,2398,729,488,349,466,2588,381,265,827,344,363,458,2574,530,2652,2760,2370,376,537,2246,1783,284,412,1752,255,412,394,480,666,219,131,555,241,266,208,1656,1747,250
268,2815,2448,889,491,349,2886,2635,375,265,3079,348,363,460,2574,524,2626,2760,161,377,525,2256,1784,292,415,1752,261,415,392,480,532,220,183,555,438,266,281,1656,1723,754
269,2846,2389,889,482,766,473,2635,375,263,3040,348,377,464,2574,524,2645,2760,163,378,506,2256,1812,321,415,1752,257,415,220,370,534,221,130,548,438,361,218,1608,1723,149
268,2890,2389,887,495,766,2797,2635,371,261,3047,361,363,464,2631,506,2645,2771,161,381,555,2283,1776,230,375,1735,263,444,382,443,659,220,281,547,233,439,218,1608,1723,168
268,641,2389,885,495,766,461,2576,377,258,3075,348,363,2666,2594,515,2748,2771,162,377,506,2273,1783,324,415,1714,287,391,368,447,534,222,199,544,1088,375,127,1625,1733,206
272,636,420,3235,2762,484,465,2576,365,273,3078,346,363,2696,2631,505,2655,2784,162,377,557,2297,1769,321,374,1714,287,378,369,479,534,222,131,544,1639,375,127,1633,372,121
276,643,405,3235,2712,471,2792,2576,365,264,804,346,363,2633,2619,522,2655,2794,162,377,513,2297,1797,321,426,1714,274,378,385,479,793,287,129,538,1807,349,211,1650,224,121
272,641,405,3168,2712,491,627,2595,372,276,805,355,349,2633,2619,513,2732,2784,162,377,513,2297,1786,321,369,1730,263,436,219,474,534,225,146,538,1799,266,126,1657,224,121
267,643,413,3168,2761,473,2858,504,369,273,796,346,349,2643,2559,512,2686,2794,162,381,572,2303,1783,304,426,1726,227,436,377,481,691,225,216,541,1803,372,213,1633,1736,124
267,647,412,3115,2866,481,608,501,365,273,800,347,349,2643,2604,506,2686,2829,160,376,519,2303,1831,318,371,1755,227,395,385,371,788,227,173,535,1600,372,128,1617,1736,217
267,641,408,3155,2896,458,2803,498,365,269,800,347,349,2639,2604,505,2652,2799,160,380,461,2266,1781,318,449,1755,239,458,372,490,691,222,117,535,1795,355,219,1635,1733,198
270,681,413,3260,2852,458,2797,500,364,272,799,346,356,461,2552,507,2677,2781,162,380,468,2301,1830,227,368,1755,288,458,220,368,668,297,117,535,1831,375,127,1625,1741,666
2606,670,414,3260,2852,458,609,500,364,258,795,346,357,455,2568,508,2677,2784,162,375,484,2300,1843,317,412,1714,286,458,220,514,770,222,183,534,1772,249,127,1625,1733,133
270,673,410,892,2946,478,619,498,367,251,799,347,356,455,2568,498,2666,2799,162,378,534,2306,1813,317,453,1691,137,465,375,359,668,220,229,546,1788,372,129,1604,1746,133
2514,657,413,892,651,476,2761,503,364,254,805,346,356,455,2549,490,2666,2784,2393,375,432,2306,1791,306,453,1691,210,465,216,523,668,223,185,536,1788,372,206,1604,1746,123
2501,664,2472,892,624,487,2792,498,364,258,804,320,361,455,2553,490,2649,2816,2342,375,432,2264,1782,322,415,1691,220,491,386,386,666,312,229,536,1760,218,206,1614,1730,120
2606,664,2415,895,628,465,614,498,364,255,804,322,364,454,2618,514,2649,2844,2342,378,432,2249,1789,322,360,1691,216,491,216,555,771,225,229,528,1709,253,129,1614,1733,183
2606,670,2415,806,630,492,2697,2575,364,255,804,321,364,454,2558,508,2649,2813,2402,380,512,2276,1803,322,453,1699,136,485,538,518,666,224,199,528,1829,249,218,1642,1773,123
2486,666,2393,806,621,494,608,2575,360,259,807,322,364,448,2558,505,2649,2826,2348,378,432,2276,1796,230,377,1699,232,485,397,356,819,224,129,530,1793,249,143,1642,1729,160
2486,651,2394,805,631,490,612,2613,360,259,800,323,364,448,2558,505,2649,2826,2351,378,529,2290,1783,312,426,1715,244,378,544,526,794,220,117,532,1563,213,207,121,1729,205
2520,2833,2396,805,628,465,616,2618,364,262,805,323,355,2660,2555,513,2649,2844,163,378,431,2290,938,312,440,1755,278,492,400,513,819,225,216,532,1786,218,124,121,1738,199
2465,2881,2408,813,630,478,619,2565,369,262,805,321,370,2660,2555,517,2641,2779,163,378,431,2261,411,312,440,1755,222,494,555,521,804,222,117,532,1581,218,209,1697,1720,202
2520,2794,2463,797,618,481,607,2565,369,262,813,321,370,2660,2555,504,2641,2779,163,378,530,2264,404,228,490,1755,131,494,560,438,686,223,138,874,1767,255,161,1697,2358,614
2520,2804,2406,801,621,492,609,2606,380,255,797,321,371,2649,2566,504,2713,2837,163,379,534,2262,269,324,449,1717,256,490,412,574,782,223,229,912,1575,255,228,1666,3284,332
2468,2862,2412,801,647,483,621,2606,371,255,790,325,370,2699,2554,492,2713,2826,162,378,427,2246,269,324,468,1717,195,490,549,530,706,225,229,1076,422,213,209,1666,3224,332
2496,2786,447,812,2941,500,614,2585,371,263,796,322,343,2633,2566,495,2655,2808,320,375,427,665,1835,324,468,1721,195,507,584,371,706,222,118,1076,229,217,123,1670,3224,547
2496,2810,455,812,2872,492,614,498,371,263,805,324,343,2690,2617,496,512,2808,322,379,513,665,1978,135,376,1725,129,507,581,527,706,228,118,904,422,255,213,1647,3261,560
2488,2623,431,799,2845,494,616,512,371,262,3053,324,364,2647,2552,528,512,2775,322,379,464,829,1965,210,442,1721,241,489,428,366,788,225,117,904,424,215,202,1676,3176,560
2488,504,431,799,2829,480,606,511,360,262,3053,323,343,450,2552,532,2834,2837,314,377,512,680,1970,204,491,1725,240,489,568,540,767,223,217,888,229,251,211,1653,3176,523
2488,507,431,809,2890,490,606,511,360,262,3053,323,355,450,2622,507,2782,2998,309,378,464,680,1969,124,491,1725,130,413,561,535,788,219,227,882,419,215,122,1653,3285,516
2488,508,424,809,2841,487,612,508,370,263,3003,322,355,618,471,512,2782,2808,310,377,487,2269,1954,225,360,1723,234,524,576,521,788,219,138,896,419,220,210,1656,3285,514
2522,503,555,809,2843,481,612,506,363,259,3079,321,366,618,2622,501,2809,2808,318,378,431,2298,1948,124,357,1704,250,494,580,368,759,223,118,896,454,215,208,1656,3273,499
2488,506,539,3117,2889,465,609,505,363,259,3121,320,355,618,464,506,2809,3003,2468,378,470,2245,1958,225,453,1723,250,494,420,368,791,219,235,883,333,218,242,1686,3276,494
2471,508,527,3117,2883,481,609,505,369,262,795,321,365,606,464,477,2790,2808,2493,376,431,2245,1985,225,470,1754,130,491,561,522,791,218,225,883,404,215,242,1686,1557,491
2475,504,519,3065,2888,482,618,2770,366,256,796,318,365,606,464,493,2741,3030,2491,378,525,2282,1975,157,470,1754,253,491,610,363,791,220,118,252,259,219,367,1663,1557,498
2471,501,522,3073,626,471,614,2770,359,254,796,320,367,607,464,493,2943,2998,2501,378,431,2304,503,157,357,1709,166,483,605,521,820,220,244,252,262,215,410,1663,1705,493
2517,504,518,3073,618,488,604,2697,359,259,1801,323,365,607,464,508,2920,2971,2460,375,431,2304,512,208,513,1709,281,501,471,406,877,220,235,250,390,218,351,1640,1705,492
2472,504,2643,2940,604,466,604,2697,359,257,2183,323,360,2786,468,492,2920,3003,2460,375,513,2291,505,124,513,1705,256,492,560,553,820,223,224,250,390,219,353,1641,1743,480
2517,506,2673,872,637,481,614,2649,363,256,2179,324,360,2786,468,499,2919,3000,317,383,513,2291,506,124,449,1725,256,492,479,363,820,224,243,250,653,221,340,1652,1728,480
2517,506,2630,872,610,483,610,2690,363,259,2235,324,357,2786,468,510,2919,2972,307,380,427,2291,503,213,513,1725,256,499,474,522,946,225,119,246,299,219,340,1652,1728,479
2495,500,2630,874,617,488,2823,2690,361,274,2185,318,356,2780,2547,510,2965,2972,309,383,469,2291,503,255,355,1725,284,499,540,522,865,221,235,246,355,219,333,1643,1755,480
2497,510,2577,856,634,454,2823,2690,365,256,2211,317,349,2780,2539,501,2927,2993,313,383,468,2262,512,255,462,1725,234,493,513,502,884,220,227,246,355,393,331,1643,1767,480
2471,510,2616,856,643,458,613,2677,365,256,2169,317,353,2763,2539,521,2922,3000,311,379,428,2257,508,255,468,332,131,493,474,526,946,122,118,247,227,393,660,1630,1769,480
2471,503,2611,856,625,458,609,516,360,259,2174,319,349,2763,2553,492,2919,2979,318,376,461,2267,500,206,491,332,236,494,493,364,884,122,244,252,319,393,453,1723,1769,473
2543,512,2604,866,613,466,2832,516,360,254,2176,318,353,2792,2586,505,2919,2972,317,379,432,2267,515,125,358,332,252,494,526,515,869,160,230,253,224,221,450,1731,1756,473
2485,512,2561,860,629,478,2849,528,358,255,2176,318,349,2792,2586,505,2924,2979,343,379,430,2279,1956,125,453,332,131,371,422,523,860,124,230,253,363,391,552,1929,1734,482
2543,4360,2633,860,635,472,607,528,360,255,2160,318,353,2841,2586,505,2924,2963,346,374,432,2326,1957,125,357,332,249,495,413,360,869,120,230,295,354,391,474,1891,1776,478
2543,4308,525,857,2839,480,604,524,360,261,2084,322,353,2841,2586,490,2934,2963,357,379,431,2256,1953,213,356,1808,130,412,479,366,869,122,224,251,354,221,474,1892,1776,478
2543,4239,521,857,2820,460,2856,519,358,258,2103,319,353,2841,2611,485,804,2972,387,374,537,2250,1953,206,467,1717,259,515,479,530,862,122,231,251,255,393,459,323,1798,768
2474,4337,514,864,2852,313,2846,519,358,258,2083,319,357,2777,2618,510,805,2983,392,374,427,2262,1970,206,467,1808,131,515,479,527,857,160,231,219,231,372,450,323,1802,768
2485,4208,516,868,2874,314,603,519,515,255,2087,319,357,2763,2618,505,805,2983,2548,374,427,2262,1977,206,466,1717,256,375,510,360,862,123,119,219,227,372,451,460,1802,632
2485,4364,525,855,2887,313,2823,519,508,254,4460,319,345,2788,2589,514,804,2983,2528,376,512,2255,1958,201,513,1724,151,503,924,519,870,123,227,219,225,391,447,460,1801,620
2474,1903,528,855,2833,310,2832,512,508,261,4425,320,357,2788,2552,515,804,3019,2509,376,512,2261,1978,209,358,1724,287,503,924,380,846,124,229,221,304,421,454,1931,1789,631
2478,1944,533,855,2877,310,601,503,513,255,4419,321,377,592,2552,487,797,2983,2502,375,464,2282,2002,123,462,1724,236,514,700,553,668,159,229,299,227,450,446,1895,1789,628
2474,1911,530,855,2824,321,2849,503,513,274,4419,321,346,584,2621,487,793,3019,2513,378,521,2282,1990,208,462,1748,131,514,677,359,846,122,117,221,227,459,446,1895,1772,617
2510,1911,528,871,2829,317,2856,503,511,261,3251,319,377,590,2560,462,790,3019,2513,378,438,2282,1990,124,401,1727,239,371,567,548,684,121,230,221,352,389,445,1905,1787,613
2510,1956,547,871,605,311,600,2688,505,265,4292,319,377,592,2577,487,790,2996,2513,378,430,2282,1965,124,491,1727,289,494,625,513,668,122,160,218,342,405,262,1905,1827,612
2540,1920,541,688,621,312,608,2688,505,265,4407,322,377,592,2569,470,790,3057,386,381,523,2284,1985,201,462,1727,232,504,676,522,689,122,160,221,324,528,256,1857,1783,610
2516,1896,537,688,600,313,608,2688,506,261,1948,318,351,587,2566,485,3039,2967,385,380,431,2273,2002,218,358,1732,131,372,556,521,680,161,238,221,687,459,255,3155,1785,623
2540,1905,2734,2961,620,313,601,2595,506,261,1998,319,351,587,2569,483,3039,2967,389,377,653,2243,392,201,460,1715,242,487,643,359,680,122,231,223,442,663,258,3155,1785,610
2477,1934,2734,2932,616,313,607,2595,510,265,1998,319,351,582,2557,495,3039,3062,383,377,431,2290,530,211,356,1715,1518,368,660,519,696,124,227,223,442,732,259,1979,1770,133
2517,1892,2621,2955,614,310,607,2604,504,259,1984,320,361,590,467,494,2893,2996,383,380,427,2290,417,123,467,1758,319,368,643,519,688,124,227,223,833,450,258,1979,1770,130
2477,1921,2623,2955,608,310,606,2588,502,252,1930,319,351,592,2554,482,2908,2982,376,375,696,2271,2039,123,458,1707,319,368,643,512,696,161,118,218,709,528,263,1979,1777,131
2538,1868,2671,2898,609,311,609,2614,505,254,1971,318,355,581,472,480,2909,2984,388,375,696,2302,1984,123,515,1707,247,372,766,358,715,123,160,222,536,506,309,1973,1777,127
2538,1899,2616,2898,621,318,603,500,505,254,1969,318,355,581,466,498,2909,2996,387,375,433,2286,1964,163,464,1714,366,372,542,530,686,125,241,213,525,483,292,2016,1777,127
2538,1859,2596,2849,621,310,600,500,503,256,1934,318,351,788,472,484,3001,3028,387,377,428,2286,587,163,358,1707,243,547,810,524,728,121,241,213,548,663,288,2016,1770,127
2538,1853,2661,2849,621,315,603,500,510,256,1931,318,355,2815,466,490,3001,3057,1793,377,657,2286,587,238,358,1707,355,529,537,364,726,124,231,218,548,495,288,2000,1770,130
2538,1847,2614,689,615,311,608,500,510,254,1931,319,348,2743,466,490,2913,3062,1793,377,657,2318,516,213,358,1713,355,408,591,523,726,162,231,213,539,495,275,1971,1770,131
2538,1847,823,689,613,313,607,496,500,262,1932,318,348,2754,472,490,2892,2992,1793,377,427,943,516,124,401,1714,357,518,587,359,726,125,231,213,524,491,280,1965,1815,130
2538,4315,537,689,613,310,612,496,500,259,1985,320,361,2749,467,489,2892,2992,1793,377,430,702,514,200,456,1697,358,518,579,521,726,125,227,211,528,496,313,1960,1815,130
2475,4320,522,697,613,310,602,499,492,261,1931,318,348,2834,467,480,2912,2984,1793,377,661,702,514,200,491,1739,239,524,563,523,666,124,222,211,526,506,313,1974,1786,130
2503,2629,518,697,2898,304,609,499,491,259,1877,321,352,2834,467,482,795,2975,1793,377,530,2320,514,200,359,1700,239,524,567,518,729,122,354,219,522,487,242,1974,1786,130
2475,2552,516,699,2891,312,615,499,493,258,1806,319,352,582,2560,477,795,2977,4213,379,532,2320,525,283,460,1739,288,478,566,392,747,175,264,219,519,487,315,2007,417,168
2480,2567,526,699,2810,318,602,496,502,258,434,318,356,582,2560,490,795,2977,4189,382,646,2264,517,220,358,1700,364,427,558,540,686,122,354,212,519,506,375,2007,399,130
2533,2675,541,685,2834,308,603,496,502,267,439,321,352,594,2543,487,782,2980,4068,379,646,2294,518,220,467,1713,245,427,557,528,747,123,241,212,525,495,326,2003,399,130
2480,2595,538,688,2813,307,2879,500,495,254,436,318,367,594,2558,484,781,2977,4199,376,646,2245,514,220,464,1704,367,479,566,355,779,123,231,216,525,493,239,1955,1816,122
2480,499,542,689,2901,322,606,505,495,264,453,314,367,584,2558,476,782,2992,4158,374,646,2237,515,211,458,1713,366,369,556,526,671,211,235,215,518,488,239,1958,1816,122
2539,492,541,689,595,310,2785,505,495,261,352,323,354,584,2564,498,782,419,1812,376,512,2242,515,211,462,1713,369,371,558,505,779,123,360,215,513,487,334,1958,1816,161
2483,492,542,689,613,309,612,2618,530,255,344,319,367,595,2558,491,790,2977,1745,375,648,2258,508,211,515,1703,369,434,559,561,785,123,408,215,515,493,383,1959,2086,161
2539,499,542,687,612,309,2785,2618,530,255,432,315,382,585,2558,485,790,2977,1740,375,648,2248,508,123,357,1703,239,434,566,400,668,122,243,1746,524,492,332,1959,2086,122
2539,491,527,697,615,311,607,2557,530,255,432,315,376,595,2557,481,782,2977,1790,375,521,2262,512,212,358,1703,355,479,558,523,785,124,374,1755,523,491,221,1974,2058,122
2543,494,525,697,613,309,2774,2629,504,254,454,317,363,591,2553,479,778,2638,1715,372,527,2278,517,212,386,1708,238,479,557,428,772,167,374,1743,522,493,323,443,2045,120
2474,480,2755,693,601,308,615,2617,490,254,450,317,354,591,2557,488,778,2980,385,372,643,2278,516,212,386,1756,354,488,557,534,665,122,238,1751,517,487,317,582,2041,122
2483,491,2734,693,605,308,2774,2617,495,250,450,320,347,583,2557,488,2977,2570,389,376,643,2253,513,211,450,1756,239,472,555,527,668,123,354,1760,648,493,333,1973,2027,168
2543,439,2663,2992,616,312,603,2617,495,251,448,320,355,2769,2626,488,2918,419,386,375,533,2256,513,204,479,1751,359,472,553,496,786,121,266,1760,939,487,221,1976,2021,123
2532,293,2664,2855,601,307,606,2557,493,253,440,315,354,2769,2626,494,2918,2567,369,375,532,2256,513,204,456,1751,364,371,551,472,786,121,365,1760,842,492,221,1996,2043,122
2532,293,2648,2836,609,304,2818,2557,493,253,449,318,355,2831,2559,474,2918,419,371,372,646,2297,508,204,454,1706,233,375,550,389,787,123,357,1767,875,494,335,1966,2043,121
2498,295,2622,2821,606,306,2815,2568,2840,253,442,317,355,2831,2559,474,2850,2638,529,375,646,2297,508,212,454,1706,370,372,553,392,789,121,360,1749,914,488,219,2014,1999,121
2532,298,2622,2906,594,303,603,499,2809,1653,450,318,356,2831,2559,474,2952,2550,529,371,653,2297,511,134,457,1706,258,431,563,454,787,122,268,1752,828,494,331,2014,1996,180
2511,290,2611,2906,590,313,603,499,2781,1653,450,314,352,2837,2559,482,2952,2638,2707,372,643,2260,512,212,358,1711,390,431,563,471,787,123,234,1782,818,487,220,2002,1996,180
2498,288,522,2906,610,306,2785,495,2781,1641,445,314,352,2837,2579,461,2952,2577,2704,372,800,2248,512,134,472,1707,273,369,556,361,787,124,374,1782,828,290,220,2015,2029,122
2473,292,515,686,2858,307,2779,494,2764,1641,442,321,356,2837,468,462,2952,2577,2680,381,643,2252,525,207,472,1707,363,369,556,356,707,121,334,1747,830,290,219,2002,2038,123
2511,292,525,686,2851,308,594,496,2764,1641,432,321,351,2761,2579,450,2958,2614,2628,391,696,2241,510,123,464,1707,286,430,556,424,782,123,375,1747,824,290,343,1961,2009,121
2529,287,525,692,2882,304,594,496,2763,1641,440,318,351,2837,468,476,781,2550,2613,378,639,2241,516,210,357,1692,359,476,551,467,782,122,266,1776,806,494,221,1961,2009,121
2529,288,525,689,2806,304,2794,496,2763,1641,432,317,352,581,467,473,773,2614,2618,378,639,2316,515,215,455,1695,334,476,540,476,791,123,365,1776,805,299,324,1997,2009,122
2519,291,514,693,2852,307,606,493,2772,1641,344,320,351,603,467,471,776,2632,2650,381,668,2316,517,292,455,1728,832,731,534,455,784,123,534,1741,806,499,330,2005,1980,121
2529,296,514,693,2875,312,610,493,2772,1641,348,319,354,606,472,471,776,2562,491,377,657,2267,515,215,466,1695,287,731,544,399,791,122,366,1741,251,287,220,1992,1980,123
2541,292,523,693,2812,304,610,489,2772,1641,324,319,374,606,470,478,784,2632,508,381,457,2244,523,345,386,1705,364,662,538,404,791,121,268,1800,252,284,327,1992,1980,124
2519,287,530,687,2820,309,610,492,2770,255,321,319,352,603,470,453,784,2592,510,381,651,2267,512,225,470,1705,266,924,544,482,782,124,512,1791,251,284,254,1971,1976,123
364,290,518,687,586,306,603,492,2770,1675,315,319,354,603,466,453,784,2577,508,379,661,2242,515,326,470,1705,266,924,546,363,784,121,375,1742,254,291,344,1971,1969,122
2541,290,519,688,582,306,603,494,2770,1672,329,319,367,597,466,487,789,2577,492,2686,457,2230,513,317,479,1705,240,681,390,374,784,123,334,1742,252,290,217,2021,1968,123
2541,290,524,623,601,306,610,494,2773,1640,312,320,367,597,466,474,789,2613,508,379,650,2249,512,317,460,1724,240,681,287,412,791,123,461,1797,253,299,321,1974,1968,122
364,289,517,623,590,347,601,2569,2761,1640,310,321,367,595,467,484,777,2592,504,379,646,2249,510,315,356,1715,232,681,286,222,791,122,336,1797,253,311,298,1967,1956,122
364,289,517,479,590,307,616,2566,2759,269,304,323,367,595,469,478,777,2563,496,2641,466,2255,519,304,460,1715,292,648,286,216,791,122,466,1724,246,300,356,1967,2018,123
364,296,578,479,590,306,594,2566,2759,254,304,320,367,598,469,481,773,2613,491,2590,654,2251,504,304,453,1762,332,648,287,330,790,123,456,1752,249,284,325,1974,2018,119
364,293,2896,478,596,306,592,2556,2849,253,308,319,354,608,2612,482,775,2545,499,2641,648,2251,504,218,473,476,326,640,287,319,799,124,443,1752,257,351,221,1974,2018,119
364,293,2908,481,590,309,592,2556,2803,253,306,317,354,2760,2555,484,775,2621,507,2556,489,2255,506,306,472,329,767,640,287,691,790,122,403,1748,255,351,344,1991,1953,119
364,293,2895,481,591,307,608,2574,2803,251,304,319,354,2760,2555,485,2964,2623,511,2543,489,2255,522,306,473,221,280,653,287,436,790,122,454,1782,255,311,326,1994,1953,119
364,296,2664,478,594,306,596,2605,2803,1677,307,331,349,2817,2551,484,2964,2560,2624,2556,647,2255,494,216,455,1742,319,653,287,487,733,122,454,1777,363,281,329,1994,1953,123
359,297,2727,478,603,307,610,499,2816,1670,308,331,349,2817,2614,484,2964,2592,2621,2556,652,804,512,307,446,1742,235,638,287,887,733,124,512,1777,253,281,218,1954,1952,123
364,302,2749,478,931,304,596,499,2840,1658,311,321,354,2768,2614,479,2881,2560,2627,2567,443,804,523,307,446,1719,275,641,288,491,781,122,461,352,223,356,335,1980,1952,162
364,295,2848,498,775,308,610,493,2840,1675,307,318,344,2763,2568,487,2838,2623,2556,2543,443,2351,532,218,356,1758,287,641,290,491,785,123,455,352,223,285,334,574,1952,124
364,298,2848,494,753,309,603,493,2849,256,304,329,349,2827,2584,471,2838,2610,2578,2543,640,2270,511,314,460,1758,229,641,287,516,669,123,254,650,219,393,307,574,536,124
360,297,2770,491,762,306,601,495,2849,254,306,319,344,591,2630,478,2851,2560,2579,2602,646,2270,515,314,472,1707,232,634,235,501,783,124,465,1743,222,393,330,574,536,121
359,297,2749,491,750,307,603,498,2871,247,307,318,344,591,2630,478,2902,2558,2599,2559,544,2238,511,222,482,1740,332,636,234,503,664,162,466,1768,221,361,220,2032,869,124
359,297,2791,489,3032,306,601,498,2871,247,380,319,364,594,2565,477,2902,417,501,2602,544,2238,511,310,472,1740,323,628,236,503,664,122,256,1768,223,281,220,2032,1979,121
2484,297,2768,489,2944,307,602,498,2810,257,380,318,347,591,2586,469,2902,417,496,2602,643,2238,512,310,355,1751,329,628,233,505,658,124,256,1748,216,288,326,2047,1968,164
2474,297,612,489,2897,304,592,491,2814,257,381,318,364,457,2565,489,2876,2558,501,2602,430,2240,506,310,460,1751,612,631,228,500,786,121,458,1748,218,288,218,2076,1968,121
2481,290,612,484,2870,310,602,491,2809,256,383,318,357,457,2586,482,2876,415,491,2555,649,2290,511,267,453,1723,751,636,227,491,658,122,454,1748,222,393,321,2035,1992,121
2481,296,604,487,2938,307,608,502,2809,1663,383,318,349,456,2609,471,788,2558,492,2559,430,2254,505,353,453,1749,751,636,229,490,783,169,259,1743,257,404,221,2035,1992,121
2479,298,604,487,2938,306,2791,502,2802,1658,389,324,364,464,2561,471,790,413,495,2583,647,2254,512,267,453,1723,1127,632,230,506,785,125,258,1748,218,284,353,2027,1974,122
2474,295,609,485,2981,308,2791,503,2802,249,381,320,349,455,2556,470,790,414,506,2583,496,2240,505,259,473,1723,1127,632,230,501,666,125,455,1730,216,404,342,2027,1974,170
2479,296,592,485,721,303,596,503,2851,249,388,320,349,455,469,460,791,417,500,2583,458,2222,505,331,493,1753,584,625,227,500,671,125,254,1730,219,394,218,2090,1988,122
2517,298,593,490,748,331,603,491,2887,254,303,320,355,455,467,478,791,2518,503,2583,457,2235,494,331,454,1753,574,630,228,488,786,125,351,1750,220,298,330,2037,1988,122
2486,297,597,488,745,322,2769,495,2842,254,322,320,365,457,469,474,786,414,503,2756,424,2235,499,340,356,1753,576,677,230,501,671,123,351,1750,212,288,330,2089,1981,121
2472,299,593,491,729,338,2769,495,2802,257,391,319,352,2706,469,446,791,2551,491,2803,464,2225,511,333,446,1757,574,640,232,502,658,122,351,1734,215,298,332,2089,1981,123
2467,291,607,491,728,317,2769,495,2802,258,323,322,367,2645,466,450,791,414,487,2803,457,2225,511,340,456,1754,563,640,229,489,784,121,256,1734,215,404,221,2103,1982,121
2471,291,593,491,733,346,602,2578,2867,263,319,322,348,2676,470,455,799,2556,495,2803,434,2236,506,340,456,1754,569,631,227,499,658,122,243,1769,216,410,318,2058,1982,122
2471,296,596,489,738,331,2780,2561,2867,1708,319,321,367,2676,465,459,799,2551,2616,2756,519,2273,506,327,482,1754,560,631,233,488,766,173,259,1740,216,410,318,2089,1982,121
2467,293,602,488,2961,325,2776,2647,2867,1708,309,321,351,2637,465,466,798,2533,2609,2801,465,2244,502,327,472,1713,560,643,242,489,783,124,234,1740,218,254,361,2089,1966,122
2474,293,575,492,2874,343,2776,2691,2784,259,303,322,365,451,464,480,793,2556,2566,2756,466,2267,496,1877,575,1733,562,640,1775,489,766,122,258,1723,215,298,322,2102,1918,120
2484,292,564,494,2866,347,2869,2658,2807,259,303,323,352,451,472,482,794,2561,2501,2756,457,2255,494,1877,575,1710,557,640,1752,388,670,123,234,1723,215,306,219,2063,1920,123
2474,297,571,487,2866,327,601,507,2786,255,308,320,365,454,472,460,788,2576,2607,2759,499,2246,490,2014,575,1733,555,640,1745,383,788,123,256,1731,215,419,313,2123,1934,124
2484,295,2612,484,2867,318,2791,507,2781,269,307,319,352,457,472,459,788,2616,2562,2823,489,2267,498,2234,406,1710,569,630,1771,388,670,166,244,1743,1774,412,297,2123,1907,121
359,293,2472,484,2867,318,2769,501,2792,256,307,319,358,461,471,480,2966,2616,511,2759,426,2261,498,2234,603,1692,560,634,1748,383,782,166,351,1786,1762,410,297,2053,1907,119
363,297,2506,488,2874,326,605,506,2792,256,301,314,352,458,471,454,2977,2616,502,2744,527,2313,498,2234,493,1692,559,627,1744,386,782,166,243,1786,1780,410,219,2053,1898,122
359,297,2501,488,2874,319,2790,506,2817,257,302,314,353,458,2618,487,2977,2594,501,2818,492,2249,498,2530,875,1748,558,627,1739,386,793,122,343,1728,1759,257,219,2081,1898,120
359,295,2492,483,2874,338,2780,492,2781,257,306,314,355,453,2618,487,2974,2616,507,2770,443,2290,494,1878,454,1698,564,629,1739,388,657,124,302,1728,1773,306,334,2081,1905,123
359,295,457,483,729,338,603,492,2781,1684,302,319,353,453,2618,487,2908,2616,499,2818,484,2243,491,1878,456,1698,561,629,1786,383,657,123,234,1767,1762,416,385,2056,1905,154
363,295,459,483,705,338,603,494,2786,1675,312,317,344,457,2618,487,2908,416,498,2818,484,2252,500,1853,863,1698,561,402,1744,389,782,122,245,1721,1757,417,322,2049,1895,154
363,295,467,483,707,357,601,489,2776,259,307,317,349,457,2608,479,2949,2576,499,2786,484,2252,493,1853,863,1705,551,401,1741,382,657,123,298,1748,1757,457,216,2049,1895,154
358,291,474,493,713,344,601,489,2776,259,301,322,353,2637,2561,458,2949,2616,501,2787,515,2270,493,1853,590,1724,625,401,1774,386,663,123,244,218,1801,410,315,2049,1940,121
360,308,470,493,708,354,617,489,2946,259,301,317,351,2690,2549,479,2921,425,491,2786,544,2265,493,1853,544,1756,947,401,1744,386,791,171,297,1817,1758,413,317,2035,1940,121
358,336,473,482,719,355,617,489,2946,259,312,321,351,2589,2549,480,2931,2556,485,2786,515,2298,496,1853,869,1743,880,401,1743,382,787,124,297,1817,1798,417,299,2025,1876,159
358,300,478,491,715,348,617,487,2983,258,306,321,352,2589,2555,478,2931,419,480,2786,517,2314,492,1850,840,1745,880,404,1758,391,791,124,343,1762,1759,416,216,2031,1877,123
363,306,478,483,711,348,600,489,2981,258,310,317,351,2602,2560,478,796,416,471,2782,514,692,499,1898,575,1745,930,403,1768,128,666,122,228,1762,1757,406,314,484,366,124
367,298,481,483,719,345,600,489,2981,253,306,317,352,2602,2560,515,796,415,2581,2759,496,822,492,1852,603,1745,940,403,1733,132,666,124,228,1729,1761,411,326,2109,366,124
363,291,476,483,730,361,605,2565,2975,253,311,315,342,2646,2560,548,794,415,2544,2766,514,776,492,1886,865,1710,942,409,1772,130,796,187,336,1739,1750,377,213,2046,490,124
363,289,480,438,709,344,603,2565,2975,1704,308,318,352,2646,2569,548,794,416,2489,2759,519,776,504,1837,865,1711,1114,409,1737,128,796,123,245,1729,1777,257,320,2030,763,124
363,292,476,438,722,268,597,2606,2975,1717,303,317,349,2631,2569,537,794,416,2520,2782,525,2308,493,1886,527,1733,1088,405,1762,128,796,123,225,1763,1752,317,218,2057,1892,122
363,297,476,440,726,262,597,2606,2975,296,309,313,349,2587,2569,526,794,416,2547,2770,496,2252,492,1837,606,1714,1088,404,1757,128,782,124,225,1763,1783,317,218,2072,1892,168
2488,292,403,435,711,267,597,2550,2975,291,308,318,346,2587,2544,514,779,425,2512,2766,525,2309,495,1837,844,1714,926,410,1738,130,782,124,363,1740,1783,406,335,2048,1906,121
363,293,432,435,711,258,597,2558,732,291,306,323,349,448,2544,517,779,425,2512,2770,424,2254,496,1600,944,1705,946,410,1750,130,782,224,297,1740,1773,334,213,2107,1906,122
2483,296,430,437,736,263,608,2421,732,295,304,318,346,448,2582,547,779,415,473,2754,514,2284,495,1583,775,1750,932,404,1746,131,775,122,223,1802,1768,315,217,2107,1878,121
2477,292,387,437,2906,255,608,2421,734,292,309,317,348,447,2743,546,781,416,472,2792,514,2254,495,1583,863,1728,928,404,1762,132,661,122,223,1809,1791,334,313,2032,1878,120
2488,291,378,439,2944,264,617,788,734,292,307,319,348,447,2737,585,781,2612,472,2792,535,2313,377,1583,965,1728,256,372,1755,133,775,122,342,1743,1747,411,319,2024,1754,224
2531,293,376,438,2892,256,614,788,734,295,309,321,349,447,2737,575,784,415,477,2821,519,2313,376,1586,965,1723,256,369,1732,131,775,124,368,1747,1751,317,218,1942,1754,121
2477,296,371,438,2894,256,601,212,2926,300,304,320,348,447,2737,538,784,416,473,2765,516,2313,376,1569,851,1723,254,368,1746,129,775,123,224,1747,1762,312,325,1942,1760,121
2531,292,371,443,2934,261,601,212,2912,1734,302,320,348,447,2766,538,778,416,473,2821,516,2300,365,1586,851,1723,254,368,1738,129,661,124,224,1747,1750,157,217,1952,1760,121
2528,291,374,443,2872,267,601,212,2912,1749,302,320,345,447,2766,568,778,2554,469,2764,522,2300,365,1599,840,1755,256,368,1766,124,773,124,348,1833,1750,312,310,1912,1760,124
2477,290,370,443,2898,252,600,212,2928,1702,302,321,348,447,631,563,3027,2612,469,2825,457,2258,367,1609,926,1755,259,369,1741,124,659,124,225,1833,1759,334,317,1918,1752,122
2479,293,371,440,2940,255,597,212,2928,296,308,321,347,444,2766,557,3027,2645,469,2757,504,2251,361,1609,926,1755,258,367,1728,124,773,121,275,1855,1767,325,218,1918,1786,124
2543,291,374,440,2899,244,604,162,2913,291,304,321,347,2617,626,556,2895,2647,481,2757,529,2251,367,1609,849,1755,259,370,1756,121,790,124,275,1988,1745,356,336,1932,1759,124
2479,292,376,435,2952,254,601,160,2952,295,307,322,345,2617,626,559,2895,2647,479,2814,426,2296,375,252,865,1709,253,370,1736,120,736,121,223,2092,1745,315,340,1971,1781,119
2543,291,378,435,2897,266,607,160,2937,295,307,319,345,2647,634,560,2895,2624,461,2808,512,2296,368,252,921,518,253,392,190,122,790,122,228,2003,1745,312,331,1949,1753,122
2542,297,377,436,732,236,2803,160,2937,295,303,323,347,2709,632,548,2924,2554,2659,2814,516,2278,370,286,844,1714,256,392,354,118,782,123,353,2003,1749,334,216,1923,1753,123
361,290,372,436,732,258,2803,160,2937,293,306,324,351,2647,632,562,2924,2584,2614,2759,484,2242,367,252,683,331,255,372,354,118,662,124,353,1998,1757,193,216,1965,1794,122
2509,290,371,442,723,255,602,161,2944,1714,306,320,351,2687,632,563,2891,2610,2559,2825,515,2242,372,277,944,220,263,369,241,117,782,124,228,1998,213,356,279,1937,1794,122
357,295,374,583,723,255,601,300,2944,320,307,315,349,2687,642,544,2869,2645,2513,2759,515,2252,689,277,944,220,228,370,1748,118,799,122,354,1998,353,275,369,1937,1794,124
359,295,375,583,713,232,2807,283,2944,291,306,315,351,445,642,559,2962,2600,2513,2759,431,2277,370,276,682,220,223,370,1768,118,788,122,361,2026,358,275,372,487,1760,122
357,292,372,583,736,241,2831,283,2918,289,311,315,349,448,636,569,765,2608,2504,2739,521,2277,372,317,965,1733,225,372,1736,120,806,122,224,1886,358,159,302,487,1791,122
357,291,374,572,732,229,613,283,2906,293,312,317,349,448,637,553,765,2624,2504,2766,521,2287,369,317,926,1762,231,372,1748,118,812,122,275,1995,1774,334,338,1930,1760,122
363,291,378,567,732,265,604,276,2953,293,307,315,349,451,637,535,767,2584,472,2739,514,2248,364,233,484,1762,312,372,1730,120,694,123,363,2019,1745,327,336,1944,1781,122
365,293,378,573,718,256,2841,275,2953,290,306,317,349,451,637,555,764,2590,469,2739,528,2222,501,233,921,1723,236,361,1763,119,812,124,372,1979,1749,327,345,1930,1781,124
363,292,375,573,723,253,2904,275,2956,290,306,314,367,454,637,564,764,2590,471,2827,525,2242,361,291,921,1707,221,361,1752,119,697,124,353,1979,1791,275,335,1924,1773,121
363,290,382,567,731,254,600,278,2956,293,304,319,367,454,2791,551,763,2628,468,2745,424,2242,366,300,482,1707,220,367,1752,117,785,122,357,2013,1762,314,301,1924,1758,120
361,295,382,567,2946,253,2803,272,2941,293,303,315,359,2634,2791,548,770,420,466,2827,533,2242,364,238,684,1725,221,369,1767,120,805,150,357,629,1747,330,259,1981,1758,124
357,288,381,567,2894,255,600,272,740,292,315,318,367,2707,2715,559,770,420,479,2827,519,2255,364,300,683,1705,218,363,1726,118,766,123,351,629,1792,158,299,1981,1758,124
361,292,372,551,2942,256,2799,277,740,293,307,319,358,2720,2730,559,762,2608,472,2827,427,2255,364,301,485,1705,224,363,1766,117,766,124,361,597,1792,327,304,1924,1758,121
364,293,381,551,2942,255,598,277,736,293,306,314,369,2720,2730,560,765,420,468,2753,524,2317,495,231,681,1709,222,363,1770,118,766,125,224,597,1747,158,223,1909,1758,119
366,289,381,551,2790,258,2831,277,734,295,307,317,369,2665,2715,550,763,420,476,2763,516,2309,495,231,682,1709,225,363,1738,118,711,124,224,2008,1747,323,272,1923,1758,124
364,288,379,551,2734,228,598,272,734,295,306,317,358,2665,2730,550,763,2610,468,2763,518,2314,360,231,523,1725,219,366,1730,121,750,170,390,2008,1742,317,218,1923,1752,120
359,290,378,551,2786,257,2777,275,750,289,314,317,361,457,2718,546,764,2600,468,2763,426,2255,360,337,474,1731,220,366,1760,121,711,132,231,2022,1758,320,313,1989,1752,123
360,291,375,551,2786,252,602,275,740,289,309,317,344,449,2769,574,764,426,466,2753,504,2249,367,213,474,1731,221,361,1756,117,658,123,357,2022,1784,322,321,1989,1769,167
358,291,386,549,2786,258,602,272,750,295,304,317,345,449,2769,560,763,2628,2582,2745,505,2243,368,332,632,1756,220,361,1729,118,748,123,357,2072,1747,158,325,1925,228,241
358,292,374,550,2752,251,2841,272,750,297,303,314,356,449,2753,570,765,420,2526,2753,505,2242,368,213,484,1756,222,364,1748,117,706,123,361,2072,1747,334,246,1942,366,241
358,297,376,550,639,261,600,272,750,296,307,314,367,447,2725,559,761,417,2526,2744,426,2278,368,318,508,1756,222,364,1734,117,662,123,351,2072,1747,323,273,1942,366,238
358,291,379,550,643,262,604,274,745,292,303,314,356,450,2753,539,761,422,2560,2744,512,2232,378,221,508,1756,222,365,1757,117,668,123,357,2031,1745,322,218,1981,366,235
2475,288,376,549,647,257,604,273,745,293,303,317,352,448,2708,539,3000,426,2501,2728,560,691,388,221,492,1756,224,365,1728,117,662,124,351,2057,1736,302,273,1981,1785,331
2468,292,380,549,648,258,607,273,739,1729,310,314,367,448,2732,540,3000,417,2545,2744,536,829,388,221,482,1725,223,361,1730,118,730,253,224,1994,1746,302,273,1979,1785,229
2483,292,371,555,703,258,604,273,2941,1681,308,314,352,458,2708,540,2786,420,469,2732,515,829,745,311,676,1725,222,363,1730,119,742,285,228,3429,1740,334,222,1946,1785,230
2526,293,386,551,695,262,603,276,2941,295,306,315,352,447,2732,558,2809,421,467,2728,516,813,530,215,637,1725,225,364,1732,120,749,233,357,3310,1801,334,268,1946,1752,235
2468,291,383,550,725,261,618,273,2960,291,303,315,357,2685,631,571,2765,426,466,2751,426,941,514,318,492,1738,224,364,1766,117,1019,230,357,3537,1756,124,314,1946,1749,235
2526,293,375,550,729,259,602,273,2960,292,307,319,357,2685,631,555,2765,426,471,2732,512,2254,512,318,679,1735,224,364,1726,117,671,230,357,5691,1857,124,317,1926,1788,239
2479,290,376,551,716,259,600,270,2911,292,324,314,357,2690,631,556,2765,426,472,2818,423,2274,504,309,480,1723,222,364,1763,117,1019,231,357,5691,1878,293,336,1926,1788,238
2479,295,380,555,722,257,608,270,2911,293,317,321,244,2690,631,556,2825,2682,468,2818,423,2226,658,259,679,1735,224,369,1763,118,727,231,351,5802,1870,302,315,1935,1753,236
2479,295,380,555,717,262,609,274,2911,298,313,323,244,3146,637,556,2825,2590,472,2739,485,2226,658,259,523,1735,220,365,1777,117,661,229,352,5802,1860,179,315,1935,1753,236
361,297,524,550,717,233,608,272,2911,298,313,323,238,4309,637,573,650,2656,473,2818,528,2264,505,259,635,1723,222,357,1772,117,671,229,222,5605,1910,179,342,1935,1775,234
2479,297,535,550,719,266,607,275,2917,284,318,319,244,4234,634,535,638,421,471,605,525,2299,512,259,688,1718,220,357,1725,118,727,225,357,5605,1910,280,218,1962,1800,233
365,295,533,555,718,266,603,275,2917,1700,319,319,251,449,637,544,638,421,473,2739,525,2280,498,329,635,1718,1809,361,1728,118,654,280,358,5790,1906,124,1633,1962,1758,231
364,297,525,557,2881,262,603,275,2971,1717,312,319,253,449,630,550,643,426,466,2739,428,2256,632,329,474,1717,1775,361,1771,119,654,280,222,5765,1878,124,1619,1958,1759,234
365,297,537,557,2871,233,605,275,2971,1722,308,325,251,449,630,530,643,2590,471,595,519,2236,495,212,508,1718,1757,367,1771,122,741,227,357,5765,1853,124,1601,1962,1742,231
364,302,537,550,2869,249,600,270,745,292,307,325,250,449,627,572,649,2590,2539,618,422,2236,500,329,697,1722,1765,361,1737,118,741,227,340,5782,1923,277,1617,491,1753,231
359,297,537,550,2864,257,604,270,742,299,304,319,250,449,630,532,649,2582,2539,595,422,2283,504,310,697,1725,1756,1869,591,1660,741,228,313,5782,1887,179,1637,1933,1753,231
364,290,537,551,2869,241,604,275,732,299,309,321,251,448,630,535,649,2588,2507,605,422,2259,503,303,717,1725,1743,1966,356,1652,741,297,352,5741,1908,122,1702,1971,1753,232
357,291,545,551,2949,262,607,275,732,293,311,321,250,1884,630,542,650,2590,2507,602,524,2259,501,376,676,1725,1743,1924,238,1664,755,232,402,5770,1848,122,1702,1975,1750,269
365,295,545,551,2935,257,608,275,732,295,306,320,254,1884,630,569,642,2588,2492,605,538,2267,501,317,661,1712,1789,1924,1742,1675,763,228,402,5621,456,283,1690,1975,1762,230
357,297,542,555,2895,257,2797,275,732,292,306,320,254,1856,638,569,642,2632,2490,602,538,2267,501,213,676,1727,1744,1908,1724,1675,763,221,224,5621,443,124,1734,1932,1792,233
358,293,545,555,2892,233,596,275,732,292,306,325,256,1856,638,567,642,2582,2490,602,518,2267,501,317,679,1727,1783,1857,1720,1658,763,224,358,4442,312,124,1675,1919,1792,233
363,296,545,555,2947,258,2750,275,732,289,308,325,259,1856,638,567,648,420,469,596,424,2264,502,304,722,1727,1749,1900,1728,1665,846,222,365,4449,1867,124,1687,1907,1752,228
358,332,533,555,715,259,603,273,732,289,307,324,256,1856,2732,546,642,2584,331,612,513,2235,502,309,722,1731,1747,1900,1712,1655,864,223,366,4449,1889,283,1656,1923,1752,270
363,508,530,555,714,262,2750,272,732,289,304,322,259,1856,2730,552,642,2632,326,597,424,2235,503,309,635,1702,1747,1862,1712,1689,846,221,340,4465,1889,122,1671,1923,1752,233
363,494,532,553,716,258,602,272,730,292,307,324,252,1856,2730,541,646,2585,319,613,425,2236,503,215,710,1702,1737,1862,1709,1659,846,225,354,4465,1906,284,1685,1923,1739,228
357,498,540,553,713,264,2768,270,731,290,309,352,252,7056,2730,574,646,2588,310,2737,585,2236,489,314,740,1702,1759,1861,1714,1659,914,652,223,2951,1850,123,1968,1932,1752,227
363,480,541,550,709,255,602,270,2930,288,304,352,258,7052,2788,535,647,414,326,613,505,2239,492,314,697,1702,1779,1861,1725,1663,1041,1771,402,2890,1870,270,1788,1936,1753,228
356,480,601,547,715,264,2768,284,2930,290,324,353,261,7017,2730,542,649,413,326,2795,585,2270,503,314,697,1734,1743,1855,389,1653,1327,1768,564,2709,1850,142,1788,1913,1753,227
2544,477,548,550,728,258,2797,286,2930,290,330,365,258,7017,2788,557,649,417,326,2817,560,2270,489,213,709,1734,1764,1855,347,1651,1327,1755,256,4480,1850,278,2123,1913,1753,279
363,484,548,546,715,261,2797,281,2906,299,326,365,258,7034,2724,549,649,417,313,2726,420,2241,492,318,709,1734,1746,1881,341,1708,932,1749,365,4480,1873,284,1878,1929,1774,230
2480,484,545,552,713,259,601,280,2906,288,324,360,261,7034,2724,533,2789,415,314,2817,522,2241,492,318,736,1734,1746,1881,341,1655,932,1749,822,4590,1871,123,1921,1929,1774,229
2497,460,550,552,716,263,601,280,2942,289,330,360,258,4153,2724,555,2789,414,311,2817,516,2268,495,211,661,1734,1748,1712,342,1655,932,1749,378,4590,1871,124,564,1909,1752,225
2480,479,547,556,719,259,601,275,2901,291,325,360,259,7026,2593,545,2728,414,309,2726,423,2290,483,211,718,1712,1784,1707,342,1650,932,1752,557,4461,1860,286,558,1920,1788,225
2460,471,530,556,706,264,601,275,2901,1692,326,359,259,4125,485,537,2758,415,2523,2723,515,2290,615,211,728,1712,1772,1720,344,1675,932,1742,575,4461,1919,142,558,1925,1748,287
2508,471,523,546,723,262,601,273,2892,1688,326,348,259,4125,2544,550,2760,417,2479,2726,423,2290,490,338,722,1719,1746,1726,344,1661,907,1752,331,4573,1853,167,551,1956,1747,229
2513,471,538,546,717,256,601,269,2892,1688,326,353,262,1835,480,550,2760,414,2497,2762,426,2281,479,312,720,1719,1733,1726,343,1649,911,1752,564,4462,1919,287,551,1940,358,228
2472,462,527,550,725,256,2817,269,2933,290,325,353,259,1777,480,529,2760,414,2498,2762,425,2281,492,312,740,1719,1740,1763,346,1665,904,1749,552,4462,2112,167,547,1940,358,228
2508,464,528,550,2932,256,2768,267,727,290,323,344,262,1777,484,544,655,416,2486,2735,525,2278,485,338,726,1719,1763,1726,345,1654,906,1764,552,4605,2108,286,546,1912,366,231
2469,335,538,550,2998,264,608,274,727,290,326,344,242,1777,480,547,655,414,2480,2762,425,2231,626,312,710,1727,1762,1726,346,1663,904,1761,822,4605,2085,289,544,1921,652,231
358,326,523,558,2854,259,608,267,743,295,324,344,259,1781,487,550,653,416,2516,2762,517,2231,626,211,726,131,1736,1706,346,1648,905,1795,545,4591,2131,123,553,1921,652,224
2477,327,533,557,2887,261,602,267,743,299,340,347,242,1781,487,541,652,417,322,2735,525,2216,485,311,733,131,1734,1706,341,1693,899,1776,932,4591,2098,124,544,650,1774,228
357,332,538,559,2796,267,601,268,743,299,338,347,256,1699,482,546,650,2734,313,2735,468,2238,488,311,702,332,1751,341,341,1696,905,1776,575,4495,2042,167,544,491,1756,228
365,325,527,559,2825,267,601,268,731,292,337,349,256,1699,487,544,650,414,310,2754,468,2254,488,311,702,332,1773,341,341,1691,901,1751,533,4541,2042,286,541,1977,1756,230
357,329,530,556,2805,262,602,273,736,292,338,361,254,380,480,538,651,2652,321,2754,455,2239,494,347,610,220,1752,1728,341,1691,901,1777,557,4541,2070,286,540,1977,1750,231
360,333,525,557,2813,261,601,268,730,1694,324,351,256,380,480,550,652,419,322,2754,538,684,481,312,718,1723,1750,1728,342,1664,902,3268,552,4553,2065,306,550,1898,1750,224
360,331,535,558,2825,259,601,268,730,1694,327,347,245,376,480,552,652,2641,329,2754,421,816,490,347,734,1730,1743,1745,342,1647,899,3279,536,4553,2052,289,536,1889,1797,225
360,330,519,558,2816,259,609,268,729,1714,327,505,245,376,477,548,650,2602,315,601,421,683,485,312,734,1730,218,1745,342,1647,901,3317,548,4440,2052,124,535,1876,1748,232
357,334,530,551,2819,264,608,268,729,287,314,503,245,376,477,557,650,2602,317,600,424,2245,481,210,720,1747,357,1727,341,1659,902,3268,545,4440,2062,276,538,1886,1748,227
358,334,536,550,587,257,614,270,738,287,311,503,245,381,477,558,650,2610,317,601,502,2305,541,326,720,1747,514,1727,342,1651,898,3193,530,4527,2053,286,536,1886,1754,224
357,334,536,552,591,259,606,270,728,286,312,503,252,381,477,562,662,2610,319,601,502,2297,484,326,719,1747,1752,1712,341,124,898,3272,536,4527,2102,274,537,1922,1754,225
357,330,526,559,590,262,600,268,737,286,311,500,252,381,482,553,653,2657,322,613,502,2297,488,326,719,1716,1786,1712,340,124,899,3199,533,4352,2119,241,553,1922,1745,252
357,335,524,551,586,241,601,268,737,290,317,502,241,379,2568,568,653,2639,319,613,502,2236,491,375,605,1693,1755,1752,340,121,896,3172,528,4462,2062,124,553,1925,1745,230
357,332,533,551,583,257,605,267,731,290,311,502,254,379,2568,555,648,2697,2529,613,521,2296,491,375,726,1693,1755,1752,340,1718,899,3172,528,4454,2072,137,651,1915,1778,229
358,327,544,552,581,257,595,267,2940,293,310,493,245,378,2544,558,648,2641,2507,603,461,2296,491,309,740,1693,1743,1744,342,1701,899,3180,534,4454,2058,301,648,1882,1786,225
357,291,524,569,576,261,601,267,2914,310,310,498,252,395,2531,567,2805,2639,2441,615,585,2239,491,309,740,1693,1743,1736,342,1639,897,3163,534,4499,2099,298,651,1916,1766,228
358,323,533,567,582,265,608,267,2901,302,314,491,245,401,2531,553,2818,2621,2463,603,461,2239,491,375,740,1693,1744,1730,342,1658,901,1557,528,4499,2095,274,642,1916,1766,265
359,322,529,567,582,261,2823,270,2908,286,314,491,251,401,2544,553,2778,2657,2458,615,420,2255,487,304,602,1734,1762,1730,342,1666,899,1681,528,1843,489,267,640,1879,1782,222
361,322,519,559,582,262,614,267,2908,292,312,494,257,401,2583,546,2778,417,2467,602,535,2252,489,304,702,1734,1743,1712,335,1640,899,1567,528,1752,610,301,642,1879,1762,225
359,324,533,559,581,266,614,267,2908,290,311,494,243,398,2575,540,2777,417,2467,615,517,2252,485,304,721,1734,1794,1712,346,1661,899,3193,528,1879,628,137,639,1896,1772,223
359,324,523,549,582,263,2782,268,2889,295,315,494,254,393,2575,546,2777,2621,320,606,518,2313,485,310,721,1732,1794,1714,340,1675,908,3193,530,1820,2054,274,639,1896,1772,222
2484,324,529,550,575,263,600,268,2889,291,319,495,255,372,2539,544,2786,2697,314,610,562,2313,485,208,629,1725,1749,1722,346,1691,899,1714,528,1820,2106,281,649,1916,1766,220
364,322,518,553,564,266,595,267,2925,283,314,495,256,372,2536,552,2786,2610,312,606,505,2246,483,208,729,1725,1753,1714,338,1693,899,1759,528,1894,2081,267,642,1916,1766,227
2472,325,532,551,566,263,2799,269,740,292,312,501,243,376,2539,545,662,417,313,2823,426,2298,480,210,660,1725,1753,1726,341,1652,949,1751,614,1894,2105,276,635,1888,1781,224
364,326,517,559,2835,275,2799,266,740,293,318,493,256,375,2539,541,652,424,317,2815,606,2233,480,327,606,1725,1743,1720,343,1664,1430,1705,527,1894,2086,274,250,1895,1781,224
2523,324,513,558,2789,263,601,266,731,291,321,494,256,377,2539,560,652,419,318,2823,606,2233,525,327,711,1741,1743,1701,342,1679,1338,1722,614,1837,2086,206,253,1735,1762,231
2472,324,528,555,2786,278,2902,266,731,291,321,500,247,382,2536,559,652,419,317,2743,511,2254,482,327,719,1741,1768,1743,341,1660,1338,1706,540,1837,2086,280,253,1735,1762,231
2486,325,521,558,2769,263,606,266,720,288,317,500,247,377,477,561,652,417,323,2743,425,2278,482,210,672,1734,1746,1722,344,1649,1296,1737,882,378,2078,276,252,1752,1747,1800
2523,321,521,557,2768,263,606,266,734,298,313,498,262,376,474,566,659,419,315,2813,657,2278,481,210,591,1739,1746,1722,347,1655,1337,1752,528,378,2073,312,253,1752,1759,1799
2533,325,521,557,2815,256,2823,266,734,298,313,498,252,376,477,562,651,423,315,2743,1263,2245,478,253,718,1739,1783,1731,341,1647,1296,1705,882,450,2085,228,255,189,1795,1783
2498,324,518,552,2750,262,2782,267,729,290,311,494,262,375,474,562,643,423,312,2743,512,2245,480,322,604,1739,1744,1731,341,1653,1296,1695,528,1863,2090,206,255,189,1757,1815
2498,329,515,546,2778,250,594,267,729,288,311,374,257,374,477,569,640,424,319,2813,468,2253,483,322,707,1757,1741,1723,337,1691,1296,1759,817,1863,2090,394,254,630,1743,1810
2476,320,523,546,2781,250,594,265,725,289,315,374,262,374,477,563,640,416,2441,2795,638,2290,480,315,721,1713,1751,1723,229,1672,1322,1722,817,1900,2068,394,254,630,1743,1816
2472,320,525,544,1301,261,594,266,727,289,310,374,261,377,480,561,641,445,2418,2813,513,2253,476,210,660,1728,1745,1718,353,1672,1337,1717,523,1934,2098,394,255,1770,1743,1776
2476,322,519,551,1301,267,2799,269,741,289,313,374,255,377,480,579,641,445,2354,2813,421,2236,483,210,591,1728,1783,1718,357,1650,1337,1746,532,1934,2034,312,255,1770,231,1786
2476,322,521,547,526,261,598,265,728,193,310,374,261,382,477,573,641,445,2354,2823,650,2236,810,298,591,1733,1744,1718,357,1655,1337,1745,798,1712,2050,329,256,1770,1852,1787
2476,320,525,547,524,259,598,265,728,193,314,379,254,389,478,555,638,562,2354,2795,639,2268,472,361,725,1733,1791,330,340,1669,1316,1745,737,1712,2084,340,276,1749,1777,1782
366,318,519,547,539,262,2830,266,742,194,317,379,255,389,478,558,647,540,2376,2795,542,2268,482,361,595,1733,1791,330,347,1656,1322,1745,882,1822,2053,394,254,1749,1777,1781
360,322,522,548,557,259,606,265,729,194,313,382,254,320,478,541,647,423,182,2740,568,2268,490,209,728,1721,1738,330,358,1632,1301,1736,787,1843,2077,358,254,1778,1777,1781
360,322,526,548,547,258,586,265,729,193,310,382,241,320,478,578,641,445,183,600,639,2281,490,209,711,1721,1743,218,348,1679,1301,1715,897,1822,2042,428,218,1741,1762,1777
360,325,517,546,579,258,595,267,2938,1627,318,382,253,320,478,563,639,2783,181,600,639,2234,618,309,591,1739,1743,1705,342,1648,1320,1742,817,1822,2042,618,218,1737,1762,1786
360,322,522,541,579,261,591,267,2936,1627,311,389,241,314,2537,564,638,2783,185,600,547,2234,484,324,592,1743,1740,1702,340,1643,681,1754,789,1822,2075,348,215,1741,1762,1772
364,319,516,545,410,264,591,265,2936,193,313,389,242,314,2531,582,638,540,180,604,461,2250,476,247,592,1795,1743,1702,340,1645,1320,1709,789,1720,2059,348,215,1741,1753,1780
358,319,519,540,415,264,594,266,2896,193,310,393,242,315,2531,559,2834,562,180,594,533,2250,476,300,592,1795,1747,1720,341,1645,675,1735,798,1720,1922,371,217,1738,1753,1797
364,322,528,545,395,258,608,265,2896,193,315,387,241,315,2530,568,2834,2741,175,604,459,2231,479,300,707,1756,1746,1720,337,1637,682,1723,255,1827,1944,358,218,1738,1741,1775
364,322,522,544,394,261,593,265,2896,191,313,387,241,321,2536,568,2782,540,173,604,534,674,479,300,707,1756,1783,1704,1725,246,686,1714,789,1799,1944,344,216,1751,1749,1969
365,324,526,544,404,231,598,265,2975,191,324,386,251,321,2536,552,2760,2741,175,596,546,805,552,307,592,1781,1783,1699,1757,249,675,1731,787,1799,1944,348,216,1733,1737,1964
361,319,526,540,390,279,594,265,2935,191,367,542,251,321,2578,552,2766,3498,174,596,454,822,479,300,721,1780,353,1717,1721,122,675,1726,253,1836,1962,349,216,1781,1737,1964
365,318,523,541,405,251,596,270,2935,193,326,541,253,318,2579,564,2766,2783,171,596,529,708,480,217,591,1763,228,1717,1725,1654,680,1719,789,1844,1945,340,217,1781,1932,1920
365,318,525,544,398,251,596,268,2935,188,326,541,241,318,2579,684,2795,2741,171,596,562,2245,482,310,589,1763,1765,1699,1701,1639,689,610,783,1816,1945,343,218,1746,1875,1922
363,320,523,544,409,251,598,268,749,194,329,624,251,318,2596,692,2795,2783,173,619,454,2245,478,210,660,1739,1765,1699,1714,1665,689,610,255,1844,1917,131,218,1746,1886,1911
363,320,528,545,404,251,606,268,749,190,324,623,241,317,479,700,651,3477,173,596,606,2226,477,210,728,1801,1766,1752,1607,1633,689,1748,781,1842,1904,344,217,1740,1886,1911
363,320,526,545,404,238,591,264,729,190,323,619,243,317,2596,689,651,3478,2385,596,485,2242,480,210,595,1730,1768,1733,3271,1633,689,1707,255,1842,1902,340,217,1769,1870,1921
363,319,532,541,397,275,593,265,736,190,318,619,255,318,479,686,652,3478,2410,602,485,2225,479,211,595,1801,1741,1698,3214,1641,686,1699,255,1842,1965,130,218,1744,1870,1921
363,324,521,547,397,272,600,268,736,190,314,612,247,318,477,684,657,3573,2373,598,578,2236,474,211,708,1764,1762,1705,3214,1658,686,1704,255,1855,1930,337,218,1744,1898,1941
361,315,527,539,395,272,600,264,730,190,311,612,238,312,477,663,657,3464,2376,602,1263,2247,484,324,620,1740,1772,1705,3214,1644,686,1704,255,1855,621,129,218,1746,1898,1902
360,323,527,539,397,247,600,265,730,1613,309,612,255,312,482,685,653,3477,2425,608,436,2240,738,255,620,1740,1657,1709,3192,1655,682,1710,252,1858,470,124,218,1746,1897,1890
361,338,521,539,406,275,2785,265,748,1613,312,612,255,312,482,689,653,3524,169,602,642,2240,529,255,720,1740,1652,1709,3187,1655,682,1707,252,1850,335,131,219,1734,1882,1908
356,331,517,546,404,272,2785,276,739,187,311,616,238,286,482,686,651,3460,170,608,638,2256,529,255,714,1740,1654,1693,3274,1654,682,1707,256,1849,2010,130,217,1755,1909,1908
356,331,521,546,405,278,604,276,739,193,308,615,255,286,480,682,819,3478,174,2768,471,2152,493,313,715,1796,1699,1711,3188,1647,679,1708,255,1849,1897,129,264,1680,1909,1908
360,327,528,546,402,269,606,276,731,186,309,615,256,288,478,682,819,3466,173,614,650,2147,489,213,592,1750,1669,1727,3181,1651,655,1738,257,1849,1876,128,220,1680,1873,1904
360,325,518,541,397,269,2776,279,731,190,311,624,255,288,480,699,820,3466,172,614,639,2203,614,313,589,1750,1665,1736,3187,1650,679,1738,257,1808,1918,124,221,1647,1864,372
356,326,529,542,402,276,610,283,583,189,311,631,256,288,483,693,820,3524,180,2762,504,2147,473,318,662,1750,1646,1736,3275,1650,679,1699,255,1808,1916,124,216,1647,1864,372
357,334,523,542,402,269,597,280,585,1632,313,631,256,288,479,687,818,3464,188,2728,636,2147,476,303,719,259,1680,1715,3182,1645,654,1713,255,1830,1938,129,216,1645,1864,478
356,317,527,550,405,273,2752,280,585,1632,434,620,258,283,483,683,822,3466,200,2762,636,2154,485,303,717,392,1658,1739,3265,1642,660,1723,295,1865,1913,129,259,1645,1882,382
2488,313,542,550,393,267,2771,277,585,1608,430,620,256,283,436,682,822,3466,187,2945,639,2191,474,311,592,392,1646,1713,3146,1649,653,1705,295,1861,1909,129,218,118,1882,1956
2515,314,551,539,415,284,2893,277,2864,1605,432,623,258,283,436,669,822,3505,188,2726,514,2191,610,213,715,392,1649,1748,1733,1659,653,1721,252,318,1877,130,221,118,1917,1920
2515,317,551,546,409,275,612,268,2781,1614,427,618,256,283,437,686,822,3524,191,2912,533,2184,487,311,595,267,1646,1748,1720,1646,653,1739,252,318,1944,130,218,252,1917,1900
2537,314,534,539,409,240,2785,268,2781,189,417,618,253,283,491,682,822,560,187,3008,459,2184,481,311,620,1749,1679,1727,1767,1658,654,1736,568,451,1936,124,216,252,1896,1915
2638,314,538,539,405,231,2797,268,2781,188,421,620,255,283,487,669,3114,3464,185,2912,526,2163,481,302,709,1749,1651,1708,1741,1637,653,1702,568,340,1909,210,216,1685,1896,1951
2537,313,538,540,412,231,595,270,2759,199,412,631,255,281,487,680,3159,3466,2389,3046,460,2184,474,356,719,1749,1667,1751,1764,1666,653,1729,568,340,1933,210,266,1685,1863,1907
2537,314,535,540,406,236,2761,270,2811,193,415,631,255,283,2543,683,3084,559,2381,805,455,2174,482,333,715,1781,1686,1693,1736,1638,648,1729,257,340,1897,182,221,1679,318,1927
2638,320,524,539,425,231,2752,269,2811,190,423,631,262,286,2534,683,3047,556,2377,793,542,2174,480,333,727,1936,1676,1733,1631,1634,649,1701,382,1817,1897,131,217,1679,326,1926
2675,324,527,538,416,233,597,269,2767,187,422,624,262,286,2534,693,3051,556,2389,797,455,2252,483,326,591,1936,1646,1708,1617,1650,648,1694,382,1814,1897,205,217,1646,326,1917
2642,318,537,412,410,232,2771,266,606,194,420,618,255,281,2534,665,3051,523,2436,809,454,2219,482,312,714,1956,1672,1708,1647,1642,648,1693,295,1868,1888,210,218,1646,1931,1895
2708,319,529,412,413,235,598,266,594,190,424,638,255,281,2534,654,3072,3466,2370,797,524,2140,481,312,662,1949,1653,1708,1627,1644,650,1702,295,1848,1934,256,268,1638,1882,1914
2708,319,529,412,403,235,604,267,594,191,420,632,255,279,2571,679,3073,535,199,809,524,2184,732,275,707,1901,1654,1714,1612,1653,653,1692,370,1848,1919,129,268,1641,1882,1904
519,321,532,411,421,236,604,269,583,187,415,626,244,279,2571,675,3073,544,190,802,436,2184,474,302,707,1901,1680,1714,1623,1655,661,1713,219,1848,1919,256,217,1641,1874,1895
521,320,528,411,414,232,598,269,583,201,419,631,250,281,2571,671,3073,560,169,809,534,2169,474,302,723,1867,1675,1714,1617,247,661,1704,568,1841,1917,212,221,1683,1916,1899
519,323,525,408,408,231,596,265,603,201,426,624,244,281,2537,676,3132,544,180,809,534,2169,474,246,592,1902,1690,208,1621,186,661,1712,364,1841,1901,228,217,1683,1876,1899
519,321,532,411,415,231,606,269,603,198,417,624,244,287,2536,675,3057,535,180,799,534,2206,477,272,638,1902,1678,208,1617,1738,661,1748,382,1811,1967,228,217,1675,1873,1899
522,320,519,411,413,236,606,264,583,190,428,606,240,287,2536,671,828,540,173,809,425,2169,479,272,738,1912,1651,333,1617,1679,664,899,382,1814,1883,250,217,1675,1873,1896
517,321,529,410,419,335,595,264,583,185,415,606,242,283,2550,663,828,523,184,799,425,2164,479,213,719,1912,1646,333,1621,1678,664,340,365,1892,1883,256,217,1635,1858,1916
522,320,525,410,416,334,597,266,589,185,420,529,242,283,2550,694,817,535,178,799,523,2164,478,211,718,1914,1646,1703,1637,1637,2260,225,370,1892,1882,295,217,1648,1859,1926
522,320,523,411,416,334,607,266,590,194,421,534,241,283,2550,675,819,556,178,796,471,2182,469,211,709,1929,118,1713,1649,1657,664,1718,363,1938,1926,129,217,1637,1866,1896
521,320,522,411,416,334,594,268,590,194,420,534,241,303,2562,675,819,559,171,798,541,2149,473,311,718,1929,247,1711,1656,1654,2272,1709,363,1938,1884,228,221,1637,1863,1937
524,322,530,411,408,336,601,266,596,194,412,544,241,290,2547,686,820,542,180,796,442,2143,474,302,727,1960,247,1711,121,1666,2272,1709,363,1962,1881,335,221,1646,1863,1893
521,317,530,411,417,336,597,267,578,188,423,534,807,295,2547,680,820,538,174,796,541,2182,603,302,693,1960,1656,1723,246,1652,2244,1703,364,1962,1921,312,213,1637,1877,1893
521,320,538,409,412,338,602,267,578,188,413,528,807,293,2562,669,820,540,180,805,511,2182,603,311,591,1931,1656,1724,246,1647,2235,1703,367,1850,1906,295,217,1644,1886,1892
524,320,535,409,405,335,606,266,581,1619,425,528,807,280,2520,670,817,542,180,794,424,714,476,302,693,1931,1650,1708,125,1642,2244,1712,365,1850,1909,310,217,1644,1868,1892
522,317,526,408,406,335,606,268,578,1648,409,534,807,280,2520,670,823,538,2369,805,538,716,473,302,847,1910,1679,1694,1635,1689,2265,1719,367,2002,1893,334,216,1641,1868,1908
524,320,526,408,405,333,600,265,585,1648,409,529,374,278,2520,670,821,528,2359,805,440,716,480,245,709,1931,1672,1685,1661,1646,2258,1734,367,2002,1878,335,220,1641,1857,1882
517,317,540,410,411,336,600,265,585,488,411,529,374,278,2520,662,821,545,2399,804,514,570,474,242,632,1900,1686,1713,1633,1677,2265,1727,363,2003,1912,324,217,1646,1857,1872
518,317,535,408,408,334,2889,268,2795,488,582,521,374,281,2520,658,733,545,2391,804,474,2176,471,242,632,1900,1675,1679,1627,1643,2282,1736,364,1997,451,310,219,1646,1889,1877
523,318,534,411,408,334,594,268,2795,498,582,523,365,279,2528,661,733,3459,2405,3101,474,2160,477,245,762,1900,1650,1679,1634,1652,2252,1781,365,1852,456,310,218,1639,1873,1886
534,317,541,411,399,334,2889,270,2799,493,545,523,365,173,2517,670,733,545,171,3060,476,2196,472,245,738,1927,1691,1683,1650,1640,2260,1762,363,1852,320,333,220,1632,1902,1886
523,315,536,410,416,340,2889,267,2816,492,549,526,365,174,2517,662,614,3456,180,3027,526,2197,471,264,646,1946,1693,1683,1638,1662,2264,1745,1885,1852,1856,324,220,1641,1902,1932
534,321,534,414,412,337,596,267,2752,491,545,526,365,174,2583,653,615,3459,180,3054,430,2197,902,264,646,1886,1656,1679,1632,1661,2311,1752,360,1817,1877,324,219,249,1902,1892
551,321,527,408,412,334,2767,265,2752,1934,539,519,367,176,2531,680,615,3510,195,3029,533,2130,902,215,638,1946,1671,1679,1636,1641,2264,1727,1885,1817,1832,333,218,1656,1877,1913
542,319,535,414,409,333,602,265,2752,1934,556,519,367,174,2522,681,547,822,173,3054,440,2215,470,215,718,1879,1671,1695,1672,1652,2264,1739,367,1817,1832,220,218,1656,1877,1910
548,319,538,409,419,335,596,267,2811,1940,532,517,364,173,2522,679,547,3456,189,3054,542,2209,470,267,624,1905,1671,1680,1631,1683,2246,1745,1868,1853,1825,123,218,1634,1897,818
567,321,538,410,409,331,2737,268,2811,1952,533,517,363,173,2522,666,546,3438,171,3054,423,2172,472,215,624,1905,1654,1703,1661,1626,2300,1737,1868,1884,1815,326,219,1634,1897,478
567,320,529,408,401,335,600,268,584,491,530,522,344,177,2564,668,551,528,195,3029,423,2169,472,322,717,1905,1652,1695,1629,1636,2246,1744,363,1926,1805,326,219,1638,1872,376
2713,320,552,409,411,338,600,268,583,490,540,519,358,177,2582,664,551,528,173,789,564,2169,472,218,693,1905,1685,1670,1629,1636,2281,1741,364,1926,1863,333,254,1638,1872,1892
2708,317,568,412,414,334,591,269,580,487,544,526,344,173,2582,664,551,3456,177,798,524,2212,482,322,675,1896,1695,1719,1641,1636,2272,1739,1876,1725,1863,338,215,1658,1874,1879
2700,314,550,412,403,330,2889,269,576,492,530,533,345,174,2582,654,570,3526,182,789,424,2155,468,312,675,1900,1650,326,1636,1659,2281,1743,1931,1725,1814,334,218,1636,459,1898
2713,319,549,412,409,340,2767,269,576,492,528,544,355,177,2582,662,437,3430,180,789,557,2155,479,312,639,1900,1645,1727,1631,1628,2250,1743,1885,1914,1821,326,218,1632,1887,1927
2680,318,549,417,439,338,598,267,576,492,537,539,355,175,2522,661,437,871,2410,790,423,2173,467,312,632,1900,1667,1685,1631,1637,2250,1727,1880,1834,1853,340,217,1632,1883,1927
2700,292,2038,417,439,332,2759,267,579,1996,536,519,340,173,2526,674,435,529,2436,794,419,2173,601,319,630,1917,1650,1685,1662,1641,2279,1763,1868,1834,1853,122,262,1637,1918,1895
2762,295,1993,417,435,334,2756,266,579,1996,534,519,347,174,2526,664,434,871,2357,790,521,2148,351,634,630,1937,1665,1682,1662,1638,2301,1739,1868,1834,1810,338,218,1637,1878,1893
2698,292,1993,419,427,336,604,266,579,1933,542,530,340,173,2526,663,434,529,2371,790,419,2180,355,634,619,1937,1688,1696,1634,250,2267,1738,1910,501,1810,337,217,1638,1897,1893
2698,295,2025,419,413,338,2737,268,579,1933,546,524,364,173,2533,680,433,3438,2365,789,425,2133,364,682,677,1919,1652,1666,1772,247,2223,1738,1910,501,1792,337,216,1638,1917,1893
561,295,1986,416,416,356,591,268,579,502,547,525,364,174,2533,669,434,871,2381,789,455,2133,364,485,651,1899,1669,1666,1733,122,2237,1728,1910,1754,1792,324,218,1629,1917,1920
560,295,1972,416,416,381,597,268,484,488,552,525,345,175,2546,674,434,871,2375,809,455,2147,480,909,651,1894,1653,1685,1733,1649,2237,212,1876,1826,1792,340,216,1649,1906,1919
561,295,1972,419,411,381,597,270,471,492,549,522,354,173,2536,671,340,766,174,789,523,2147,480,909,592,1894,1648,1674,1748,1649,2237,334,1919,1835,1808,335,268,1629,1906,1886
523,298,550,419,414,388,598,267,469,488,553,523,354,173,2528,668,340,529,173,807,546,2129,348,556,624,1894,1659,1705,1755,1637,2242,334,1919,1835,1853,122,215,1660,1890,1883
512,293,1777,416,411,392,604,267,469,487,552,523,357,173,2590,658,340,871,178,800,541,2139,359,528,660,1898,1666,1705,1724,1671,2230,1748,1919,1835,1731,337,213,1651,1871,1881
523,307,1985,416,402,392,604,267,465,1956,552,521,344,175,2559,669,340,3430,177,804,419,2139,353,528,660,1938,1651,1675,1721,1632,2230,1721,1869,1828,1735,330,216,1632,1879,1897
523,304,1976,415,402,392,604,267,471,1984,551,521,344,176,2590,663,345,743,187,800,419,2219,356,535,675,1938,1649,1681,1718,1668,2244,1728,1861,1828,1749,330,216,1643,1879,1875
507,303,1951,417,411,389,596,269,471,1944,545,521,351,173,2528,648,393,529,187,801,528,2163,345,535,600,1938,1685,1697,1718,1643,2256,1764,1880,1876,1734,124,269,1625,1884,1875
512,311,2008,424,412,394,604,269,2604,495,541,525,344,174,2538,663,393,726,189,789,424,2187,351,528,684,1906,1694,1697,1720,1645,2244,1764,1880,1876,1756,335,216,1625,1884,1886
512,310,2001,424,406,388,604,267,2578,489,546,523,2731,175,2590,658,389,736,195,801,541,2175,351,521,600,1906,1662,1685,1745,1644,2244,1737,1874,1863,1752,122,216,1632,1868,1887
525,302,1995,424,410,391,604,267,2578,489,552,523,2635,184,2528,681,389,529,196,796,541,2158,347,521,843,1906,1692,1685,1736,1654,2256,1737,1888,1831,1745,335,213,1646,1866,1883
525,300,1971,416,404,392,595,273,2576,488,548,522,2690,175,2528,664,353,725,182,804,538,2157,794,521,688,1898,122,1659,1708,1675,2228,1765,1919,1831,1746,122,216,1646,1868,1879
525,300,1985,416,409,392,597,269,2576,488,547,519,2731,174,2593,676,354,718,193,804,538,2145,354,527,630,1887,252,1715,1718,1656,2228,1762,1904,1830,1743,122,217,1646,1886,1919
525,309,1957,416,413,391,597,268,2572,483,556,518,2601,174,2556,674,354,717,193,791,474,2193,349,515,688,1887,166,1715,646,1651,2228,1746,1904,1823,1751,334,216,253,1886,1919
614,302,548,416,413,400,597,268,2593,488,553,528,2601,307,2556,664,356,739,2413,791,417,2145,274,527,651,1887,1735,1668,337,1648,2231,1738,1904,1849,1751,122,216,253,1886,1867
634,307,1932,422,402,387,601,266,467,488,568,528,2676,318,2548,666,356,3582,2403,791,417,2145,321,527,922,1887,1668,1725,235,1635,2202,1757,1904,1849,1738,122,219,430,1886,1886
610,310,1938,422,419,393,593,266,467,490,560,528,2601,295,2531,666,359,726,2409,819,534,2149,394,527,922,519,2570,1707,1722,1646,2231,1723,1864,1890,1738,122,219,430,1886,1886
610,307,1982,416,415,393,593,266,467,1930,558,516,2659,293,2531,668,356,717,2376,3125,430,844,265,513,600,519,1747,1675,1748,1646,2231,1729,1865,1890,1745,335,217,1675,1863,1879
627,302,1927,419,413,390,604,268,468,1983,535,527,2659,290,2593,670,357,726,2378,819,536,557,267,522,631,519,1743,1675,1706,1640,2248,1729,1865,1872,1748,122,216,1645,1908,1870
627,308,1929,419,433,393,604,267,468,1994,537,514,2659,276,2589,668,357,3558,2405,3020,421,2177,266,513,827,513,1743,329,1711,1652,2218,1732,1865,1872,189,122,216,1661,1928,1878
627,314,1930,414,422,388,608,267,552,1994,534,514,2669,278,2589,668,357,739,2405,3007,536,2144,267,511,877,513,1735,329,1716,1642,2248,1750,1857,1826,343,343,216,1633,450,1867
627,314,1930,414,459,397,608,266,553,492,529,514,2659,278,2589,648,360,3561,2405,3020,423,2144,257,511,827,513,1735,555,1742,1632,2248,1748,1874,1826,194,343,216,1656,1916,1886
650,307,1981,414,449,387,593,270,553,488,534,514,2674,278,2589,664,356,3582,195,3007,420,2191,250,511,603,513,1745,555,1741,1642,2248,1729,1918,1876,194,337,217,1634,1884,1875
627,306,1959,409,427,389,602,266,561,485,541,514,2623,278,2566,672,356,3557,202,3072,528,2139,253,511,600,1894,1769,1694,1707,1645,2269,1730,1918,1890,194,122,219,1621,1884,1865
627,307,1918,412,437,383,2823,266,563,487,542,518,2674,283,2566,660,356,3557,199,3013,557,2139,252,513,816,1894,1760,1675,1712,1652,651,1754,1915,1890,1772,122,217,1621,1865,1865
627,306,551,406,435,393,597,279,553,488,537,518,2623,283,2566,661,355,3558,197,3072,529,2147,252,519,816,1909,1724,1675,1714,1642,2269,1754,1904,1878,1732,344,213,1617,1865,1865
650,312,551,406,432,389,593,279,561,483,523,514,2631,276,2543,661,355,3641,197,3072,529,2137,253,513,629,1909,1727,1675,1731,1659,2269,1722,1855,1878,1775,343,210,1618,1872,365
654,308,552,408,417,389,2738,277,561,484,527,516,2582,276,476,682,355,734,196,3003,419,2137,245,519,688,1909,1776,1670,1703,1644,2269,1730,1855,1833,1733,335,210,1627,1872,474
654,306,547,408,436,409,593,277,556,484,536,518,2631,278,476,649,354,705,199,794,461,2200,247,507,807,1927,1763,1660,1705,1646,651,1740,1871,1833,1751,323,387,1633,1865,469
2865,298,550,408,453,410,596,277,556,1937,523,518,2634,284,476,652,355,3641,196,3003,461,2150,247,507,684,1931,1752,1670,1723,1643,983,1734,1865,1833,1743,122,382,1643,1865,383
654,306,549,409,444,397,2741,277,556,1945,521,518,2634,280,476,666,355,3574,196,3003,455,2186,250,506,922,1931,1753,1681,1701,120,651,1758,1876,1846,1752,124,380,1652,1874,1898
654,300,538,409,444,388,608,277,564,1910,527,519,2634,281,476,658,342,700,196,775,524,2183,488,506,807,1933,1729,1662,1712,247,2260,1763,1876,325,1737,124,379,1637,1874,1889
2850,302,560,409,447,392,2823,267,564,1963,532,526,2584,281,474,658,342,698,197,775,524,2183,488,506,807,1892,1742,1661,1710,252,983,1734,1890,183,1739,345,378,1638,1882,1930
2865,303,572,411,439,383,603,267,561,1916,524,545,2598,279,480,661,337,3574,181,786,546,2151,244,507,877,1892,1738,1661,1709,467,2225,1738,1871,1870,1780,335,377,117,1875,1892
2820,300,564,408,447,388,2775,267,556,1916,524,545,2598,281,480,658,334,698,2430,775,539,2161,247,506,827,1873,1773,1668,1727,1672,2260,345,1918,1869,1748,299,381,117,1874,1901
2865,309,559,408,447,385,2738,266,556,485,528,523,2598,281,473,662,332,3574,2411,777,522,2181,252,506,810,1891,1733,1668,1730,1756,2255,332,1871,1825,1781,345,377,121,1874,1885
2887,304,559,409,461,387,597,266,2778,485,528,521,2598,281,476,673,332,700,2387,777,539,2142,206,506,810,1891,1736,1688,1720,1741,2255,224,1855,1825,1781,324,376,121,1906,1885
2887,300,547,409,461,393,597,264,2778,481,515,521,2602,281,476,673,330,3574,2387,794,541,2201,315,564,821,1891,1736,1666,1700,1719,2255,224,1872,1823,1745,124,376,121,1906,1890
2870,307,553,409,453,388,2741,266,2753,490,515,536,2602,279,476,675,330,713,2387,777,532,2158,182,564,802,1891,1736,1653,1737,1770,2255,1741,1866,1823,1774,340,383,1663,1878,1900
2870,301,560,411,451,389,606,266,2730,483,518,536,2660,278,479,684,331,713,2387,796,532,680,187,834,811,1908,1733,1653,1708,1732,2235,1741,1861,1710,1742,345,428,1663,1878,1891
2870,302,553,409,456,393,2742,266,2730,1931,518,532,2511,283,480,664,331,713,196,794,417,686,187,847,811,1875,1773,1691,1708,1731,2263,1741,1867,1822,1755,299,1914,1661,1873,1891
663,306,559,409,453,390,596,266,2805,1931,518,529,2568,289,479,665,331,698,194,794,539,672,185,847,797,1875,1763,1691,1738,1750,2270,1741,1876,1830,1745,341,1914,1661,1873,1900
621,301,553,410,447,395,596,269,2857,1946,525,524,2511,277,479,660,331,698,194,796,536,688,304,754,807,1875,1736,1656,1703,1725,2244,1741,1871,1820,1739,340,1903,1638,1918,1897
663,307,553,410,454,395,603,267,2883,1971,514,522,2575,277,2547,665,331,694,195,796,536,688,182,741,807,1891,1738,1677,1699,1719,2244,1766,363,1824,1750,124,1928,1638,1918,1905
629,307,549,410,428,378,602,267,2907,1982,513,524,2575,276,2547,655,337,691,195,779,526,688,180,741,813,1915,1727,1656,1705,1732,2270,1747,363,1824,1750,341,1897,1632,1863,1927
617,303,547,413,434,367,598,263,657,1982,519,515,2529,279,2547,632,326,698,172,779,536,674,185,740,807,1915,1758,1663,1700,1725,2256,1775,1917,1848,1741,124,1909,1632,1900,1900
629,307,538,409,434,368,597,263,657,493,515,515,2632,277,2547,684,326,691,196,779,420,674,183,732,813,1898,1732,1663,1742,1720,2285,1729,1866,1902,1757,341,1936,1632,1855,1902
629,302,568,409,428,374,598,266,652,483,519,523,2632,277,2547,645,335,698,195,784,541,691,181,736,798,1907,1771,1687,1719,1757,2235,1732,471,1858,1788,335,1891,1651,1853,1902
616,301,537,409,457,377,597,268,660,490,519,527,2544,279,2547,645,335,687,180,784,533,681,180,736,791,1907,1778,1707,1736,1757,2235,1730,471,1839,1788,212,1950,1636,1853,1916
2841,301,541,409,427,381,597,263,652,487,521,527,2632,279,2557,629,331,695,201,784,412,683,183,747,795,1879,204,1691,1702,1731,2235,1773,1857,1837,1749,193,1892,1650,1860,1916
616,304,557,409,415,378,592,263,652,487,519,536,2612,274,2586,620,331,691,195,784,547,691,182,730,795,1879,344,1691,1695,1719,2287,1762,1867,1871,1748,336,1945,2109,1860,1922
616,302,540,413,437,376,598,265,653,1944,512,519,2612,273,2557,636,331,698,173,777,535,681,183,747,810,1897,343,1670,217,1766,2235,1735,1916,1869,1748,121,1886,1730,1860,1897
2792,302,551,409,433,372,598,266,653,483,519,523,2622,273,2557,620,332,691,2428,796,461,681,185,730,802,1877,218,1670,345,1759,2235,1734,1916,1869,1748,121,1867,1730,1898,1890
2785,306,552,409,431,382,596,266,649,483,525,548,2612,273,2586,619,332,694,2409,784,535,2175,183,743,797,1897,1759,1670,230,1731,2284,1743,363,1718,1787,343,1923,1730,902,1887
2792,301,549,434,442,382,598,266,649,483,507,548,2630,275,2581,626,331,3010,2455,784,524,2175,183,743,797,1897,1759,200,336,1731,2287,1732,363,1718,1748,335,1919,1736,317,1887
2792,301,549,435,425,377,596,265,651,491,521,521,2630,274,2586,710,331,694,2395,793,421,2160,184,727,795,1926,1733,200,333,1715,2245,1732,1880,1817,1790,344,1919,1729,317,1940
2857,301,551,430,425,377,600,264,651,491,514,521,2652,275,2589,710,331,686,2409,791,536,2178,184,743,797,1926,1725,312,336,1722,2287,1928,471,1817,1750,120,1912,338,317,1934
2797,302,553,431,423,374,601,264,651,494,514,521,2630,274,2540,710,329,2992,2409,793,540,2202,181,246,797,1926,1755,312,332,1755,2272,1902,471,1839,189,193,1912,341,1899,1889
2857,309,553,435,432,388,598,264,2783,484,517,524,2571,274,2605,709,329,686,181,793,494,1751,186,246,798,1897,1771,1689,334,1719,2272,1901,1884,1839,348,121,1876,336,1874,1882
2857,301,553,435,430,376,597,267,2783,482,513,526,2571,275,2605,734,330,2992,181,2991,537,1751,185,249,798,1886,1740,1689,334,1756,2272,1948,1918,1839,352,124,1942,340,1888,1888
2837,302,542,431,427,368,598,267,2795,490,510,540,2650,275,2537,721,330,2904,182,3004,532,698,184,249,798,1887,1740,1689,332,1756,2272,1885,1911,1893,1749,124,1904,334,1888,1924
2797,303,532,431,431,371,2798,267,2875,490,510,540,2571,323,2537,713,330,3010,182,3004,552,698,182,250,813,1886,1730,1651,332,1748,2252,1916,1916,1893,1748,124,1896,340,1865,1875
2798,297,538,435,433,371,605,267,2875,501,512,540,2623,286,2539,722,330,2973,182,3004,552,567,182,250,794,1874,1762,1651,332,1765,2252,1926,1864,1893,1772,341,1888,340,1865,1892
2813,301,544,435,430,371,602,267,2863,501,512,516,2623,277,2539,714,330,2920,180,2998,537,2164,185,250,794,1874,1763,1695,333,1720,2279,1908,1864,1644,1740,344,1867,338,1864,1878
2813,300,542,421,321,533,2819,263,2863,480,512,516,2623,273,2555,713,331,2973,189,2991,541,2133,183,245,794,1889,1728,1695,333,624,2252,1892,1875,1644,1781,331,1881,338,1887,1916
2783,299,536,422,322,508,594,264,2885,482,511,516,2623,274,2555,718,331,691,180,2991,539,2133,185,247,795,1880,1732,1656,330,336,2264,1934,1877,1752,1738,331,1886,342,1869,742
2795,287,552,422,324,506,598,264,2885,494,511,516,2606,272,2555,736,331,2904,180,2991,526,2156,183,247,791,1904,1740,1656,335,336,2279,387,1877,1782,1740,334,1948,344,1869,470
2783,289,534,422,323,499,2763,264,2804,495,507,516,2606,270,2538,723,331,693,180,3059,558,2226,183,249,794,1904,1730,1675,332,1723,2240,495,1884,414,1751,124,1894,338,1892,470
2793,295,541,421,323,499,2820,265,2848,495,507,519,2540,270,2538,728,330,2920,181,773,558,2150,182,244,794,1904,1728,1675,333,1721,2279,400,1923,414,1744,151,1894,342,1892,1961
2784,290,541,421,323,2787,606,277,2803,483,508,516,2548,273,477,722,330,2973,181,3059,453,2136,183,244,798,1887,1733,1684,334,1723,2237,1912,1918,414,1744,330,1907,342,1874,1880
2793,292,548,421,321,2739,2798,265,2803,483,500,516,2606,273,461,726,330,2920,180,797,541,2151,183,244,790,1845,1752,1656,333,1723,2237,1897,1923,174,1744,331,1899,342,1874,1940
2841,296,540,421,318,2767,606,265,2824,483,504,519,2548,272,477,719,331,635,2425,782,562,2147,181,244,797,1860,1723,1670,332,1761,2237,1897,1884,1769,1744,332,1877,342,1903,1881
616,295,540,405,321,2724,2819,268,2824,480,499,519,2587,298,476,730,331,2973,2416,797,420,2147,184,245,790,1845,1763,1670,330,1711,2237,1897,1877,1769,1768,346,1913,342,1856,1881
601,290,537,408,341,2724,600,268,650,480,501,521,2587,298,478,730,331,1984,2416,781,547,2147,187,245,793,1852,1763,1666,340,1711,2254,1895,1877,1743,1745,151,1880,342,1895,1872
610,295,544,400,338,2762,600,269,650,1966,494,519,2587,307,478,720,331,635,2399,781,546,2150,183,249,806,1893,1763,1653,331,1711,2253,1907,1864,1743,1745,361,1909,343,1895,1941
632,289,536,391,334,2692,2750,264,650,1944,492,517,2587,301,478,695,330,636,2408,782,566,2144,185,249,787,1893,1728,1688,327,1715,2253,1922,1888,1755,1738,359,1941,343,1870,1893
610,299,556,391,326,2692,594,264,650,1957,490,516,2592,299,474,695,330,797,2449,782,535,2144,183,251,798,1893,1723,1670,329,1716,2236,1922,1867,1755,1782,123,374,343,1870,1880
614,298,546,391,341,2790,781,264,649,483,490,516,2592,299,476,686,327,787,185,778,547,2143,182,249,799,1893,1708,1670,330,1710,2284,1876,1858,1716,1737,465,489,341,1866,1919
621,297,542,390,341,2758,594,264,648,483,495,535,2601,299,474,696,330,797,195,781,421,2105,182,310,794,1893,1743,1682,330,1710,2236,1903,1867,1741,1733,453,386,341,1866,1919
614,295,515,390,337,2740,593,274,649,483,496,530,2623,308,474,677,333,797,198,779,526,2167,184,310,796,1893,1743,1709,335,1704,2236,1907,1884,1741,1757,361,1899,336,1878,1881
614,291,510,393,332,2740,606,264,649,483,491,530,2568,318,478,699,330,693,179,798,493,2135,183,245,796,1893,1715,1659,329,1720,2236,1867,1918,1764,1739,309,1942,336,1878,1874
713,299,526,393,332,2724,600,264,650,484,490,516,2568,306,477,699,326,787,175,786,430,2148,185,202,793,1881,1714,1659,333,1745,2252,1894,1918,1764,1753,309,1893,338,1879,1878
614,293,513,391,335,2755,594,266,650,484,502,515,2568,302,477,703,326,797,197,786,537,2136,185,213,791,345,1714,1666,331,1714,2252,1890,1896,1764,1753,465,1923,335,1879,1928
711,296,518,393,333,2713,591,266,649,480,498,517,2531,308,477,695,334,779,188,786,477,2136,185,204,619,345,1717,1666,330,1726,2252,1879,1864,1733,1749,264,1880,340,1879,1928
703,299,510,393,329,2728,595,263,645,480,493,519,2651,308,478,697,329,779,198,786,552,2177,185,204,623,479,1728,1683,326,1709,2282,1907,1881,1747,1791,383,1873,340,1870,1879
711,295,527,393,338,2709,594,266,643,491,494,516,2531,327,478,674,327,779,195,788,466,2125,185,204,794,479,1749,1683,326,1746,2254,1881,1881,1792,1731,433,1895,227,1864,1886
711,296,515,393,332,2760,592,264,643,491,495,516,2542,330,2573,691,327,797,196,786,539,2124,184,205,790,479,1771,1680,326,1748,2282,1896,1858,1798,1731,326,1901,227,1861,1879
699,295,521,397,336,2729,593,264,643,1929,488,516,2542,301,2533,699,327,796,187,788,420,2115,183,206,618,376,206,336,335,1720,2282,1909,1867,1786,1769,440,1893,346,1875,1870
699,298,501,393,332,2934,601,264,2736,1920,499,518,2543,301,2533,697,327,781,196,775,569,2124,182,205,793,376,336,216,327,1720,2282,1900,1867,1786,1734,383,1893,336,1867,1858
3014,293,521,399,333,2916,594,267,2736,485,491,518,2542,317,2571,674,327,779,188,777,541,2125,184,204,787,376,338,1682,327,1720,2236,1898,1847,1739,1742,382,1896,337,459,1871
699,298,513,399,338,2947,601,266,2755,480,498,517,2578,2544,2571,688,329,779,202,777,569,2137,184,204,618,1852,647,1682,334,1721,2254,1886,1867,1756,1761,402,1897,335,456,1871
2973,290,510,404,330,2934,594,266,2755,484,493,517,2578,2544,2544,670,335,779,202,785,558,2137,184,205,618,1878,1730,1697,327,1726,793,1891,1902,1756,1742,326,1930,337,321,1873
2973,290,510,404,340,2956,594,263,2758,502,491,517,2578,2555,2544,673,335,613,2479,3031,519,2131,183,204,794,1878,1765,1697,332,1711,793,1801,1918,1736,1746,253,1909,335,1887,1898
3014,296,514,404,334,2927,595,263,2797,502,489,514,2517,2555,2581,677,327,776,2400,785,519,2178,206,204,796,1862,1765,3152,326,1721,793,1801,1888,1786,1764,268,1945,338,1873,1908
3014,293,504,404,333,2933,2801,269,2797,482,491,514,2578,2512,2608,670,327,779,2417,3076,532,2178,205,204,628,1908,1750,3188,329,1726,671,1801,1888,1786,1783,382,1871,335,1913,1861
2871,297,521,404,342,2939,2858,264,2739,480,494,514,2527,2512,2608,677,327,609,2411,2999,562,2159,178,204,794,1892,1719,3188,329,1726,2233,1771,1850,1693,1741,213,1871,336,1913,1861
2871,295,496,404,325,2978,594,267,2739,482,499,514,2527,2512,2592,677,327,796,2449,3076,454,2177,172,204,623,1908,1762,3188,329,1707,671,1753,1850,1693,187,253,1933,337,1950,1879
2851,295,506,403,325,2920,2801,268,2739,492,488,514,2527,2512,2543,677,327,613,195,3076,454,2177,174,204,621,1892,1757,3234,209,202,671,1754,1874,1765,349,253,1877,337,1951,1873
2878,298,511,401,324,2942,601,268,628,484,503,512,2560,2511,2543,659,327,615,195,3076,473,2194,173,205,621,1842,1750,3234,334,329,671,1760,1867,1765,343,342,1935,331,1918,1873
2851,297,526,405,320,2980,2758,297,632,483,502,512,2579,2549,2544,664,333,446,198,2999,546,2194,171,202,618,1896,1738,3210,227,332,2233,360,1872,1765,196,314,1899,331,1918,1904
2882,297,518,319,319,2916,2758,297,632,501,499,511,2579,2529,2584,662,333,442,174,2889,312,2148,169,208,623,1842,1763,3137,338,1708,2256,363,1872,1772,1738,213,1900,334,1919,1873
2898,304,515,319,327,2976,591,297,628,501,499,508,2581,2529,2591,672,329,779,197,750,312,2134,172,208,624,1859,1736,3127,332,1729,2233,243,1847,1779,1747,249,1892,335,1936,1870
2881,304,514,320,317,2913,2734,297,627,494,485,511,2579,2517,2591,658,330,439,194,2889,549,2134,170,204,618,1859,1739,3127,331,1758,2266,1791,1860,1785,1740,342,1909,332,1931,1859
2891,299,527,320,325,2977,593,297,631,487,480,518,2581,2517,481,657,330,439,202,2889,547,643,168,206,592,1874,1745,3127,330,1729,2266,1791,359,1774,1773,252,1894,334,1931,467
2913,297,512,323,327,2977,2858,277,631,481,455,511,2583,2517,478,681,329,438,195,741,348,643,171,206,627,1860,1761,3173,331,1723,2240,1787,359,1774,1739,363,1894,334,1936,462
2891,303,517,323,327,2924,594,277,629,481,451,507,2629,2493,481,665,329,447,199,750,532,643,172,206,628,1860,1761,3173,327,1713,2266,1762,359,255,1741,645,1882,336,1936,366
2891,301,500,324,327,2915,2801,268,629,485,450,510,2583,2519,480,665,327,613,196,740,459,2216,172,204,589,1878,1752,3176,326,1714,2301,1778,1879,255,1741,221,1917,336,1924,1878
2861,306,500,324,319,2919,2777,264,626,186,451,510,2583,2493,479,665,331,446,197,740,371,2150,171,1743,621,1880,1739,3176,329,1750,2243,1784,1850,230,1784,252,1886,331,1859,1878
523,298,513,325,327,2919,596,264,639,186,451,511,2591,2483,479,653,331,445,196,743,506,2119,170,1743,606,1894,1740,3156,327,205,2243,1760,467,230,1784,252,1897,331,1775,1877
2861,299,514,321,322,2883,2758,267,630,198,459,511,2578,2483,479,657,329,446,198,755,477,2119,172,1743,606,1847,1818,1724,327,323,2243,1744,889,1771,1738,297,1908,327,1775,1749
2861,306,518,322,321,2870,2734,267,630,198,456,521,2591,2481,476,650,329,446,2417,743,548,2113,173,1761,591,1895,1767,1712,330,322,2257,1742,1889,1771,1761,245,1883,336,1775,1739
558,302,527,322,321,2879,465,266,636,185,470,518,2617,2465,476,645,331,449,2475,743,427,2135,171,1738,619,1895,1825,1719,330,326,2301,1757,1872,1738,1761,221,1866,333,1768,1739
560,299,508,323,322,2874,465,265,636,197,480,513,2637,2512,476,642,343,449,2452,750,480,2135,173,1730,594,1895,1784,1764,325,326,2301,1752,1884,1738,1743,329,1894,333,1768,1743
558,299,501,321,322,2951,2744,265,2868,186,468,511,2617,2469,476,646,343,449,2458,750,790,2125,172,1738,594,1895,1788,1728,325,323,2257,1784,1884,1656,1752,329,1876,333,1768,1740
515,298,525,321,324,2951,2744,266,2849,196,473,516,2557,2493,479,654,344,445,2452,743,790,2122,172,1733,620,1895,1833,1714,330,325,2294,1766,1879,1743,1789,256,354,329,1820,1734
513,212,513,319,327,2897,465,264,2785,196,466,510,2614,2482,479,643,344,432,2457,743,423,2135,173,1726,587,1869,1824,336,330,319,2286,1746,359,1721,1751,297,478,334,1820,1753
515,213,536,319,329,2859,465,265,2785,196,482,514,2557,2487,477,643,342,445,199,743,1049,2135,173,1726,589,1869,1848,336,327,333,2286,1762,1868,1721,1753,454,478,338,1777,1735
547,213,516,312,329,2949,594,269,2785,183,482,514,2579,2480,2540,658,341,424,194,741,569,2111,164,1726,636,1869,3250,336,333,331,2286,1776,1868,1743,1775,391,478,220,1808,1746
547,211,525,312,320,2902,469,269,2844,183,524,510,2532,2480,477,651,340,425,180,740,601,2114,166,1734,592,1901,3331,1772,327,326,2266,1746,467,1743,1749,329,478,209,1781,1743
519,212,525,321,325,2860,596,267,2844,188,522,515,2579,2535,2560,637,345,447,199,748,1049,2114,166,1757,589,1900,3330,1772,333,323,2288,1765,889,1743,1790,513,1881,209,1781,1735
513,220,525,319,325,2862,469,267,2852,184,514,517,435,2532,2561,654,345,425,199,741,519,2148,162,1712,589,1856,3241,1707,329,323,2266,1745,1862,1743,1745,346,1921,208,1781,1742
513,212,514,319,327,2867,465,266,2814,182,526,519,457,2531,2560,654,342,424,194,741,519,2148,161,1733,589,1856,1844,1743,330,322,2266,1750,1866,1743,1790,454,1855,206,268,1742
513,212,521,325,326,2900,460,265,646,196,513,516,440,2461,2561,654,342,420,194,741,589,2111,162,1733,595,1851,1791,1714,333,325,2235,1741,1884,1770,1739,496,1921,207,404,1742
513,212,508,324,329,2859,460,266,657,185,525,507,434,2496,2542,652,342,420,194,744,589,2126,164,1761,606,1872,1796,1714,327,325,2278,1753,1884,1626,1739,496,1914,207,404,1746
519,212,514,321,326,2864,465,269,657,185,511,511,449,2464,2550,652,342,417,197,2951,589,2120,164,1761,595,1872,1804,1723,331,491,2235,1752,1905,1626,1745,514,1866,207,1785,1735
525,211,513,321,324,2877,460,269,645,186,523,511,434,2464,2542,650,338,419,201,744,454,2120,162,1719,601,1872,1789,1723,327,484,2278,1752,1905,1757,1752,495,1878,207,1804,1766
2785,215,513,319,329,2887,469,267,645,186,522,511,435,2495,476,668,338,420,189,2999,584,2128,160,1714,586,1881,1764,1708,329,481,2236,1748,1905,1757,1752,513,1884,206,1804,1766
525,215,508,319,323,695,465,267,645,189,532,511,435,2481,476,651,337,415,183,2906,584,2112,163,1733,594,1881,1780,1708,329,485,2236,1744,1857,1757,1745,491,1914,206,1953,1738
525,212,536,321,324,695,465,267,649,191,532,513,435,2492,476,657,344,414,196,2999,312,2173,159,1705,597,1881,1783,1710,333,485,2236,1736,1867,1736,1737,504,1922,208,1953,1748
2798,212,555,319,324,689,465,272,649,185,511,532,435,2468,479,648,342,424,2425,2901,585,2173,159,1705,597,1881,1811,1710,333,485,2269,1776,1862,1746,1782,489,1918,208,1953,1748
2785,215,525,321,322,691,456,272,649,187,525,535,2482,2447,479,653,342,424,2425,2901,286,2173,158,1709,591,1982,1783,1718,327,491,2230,1776,1866,1758,1764,496,1904,205,1931,1756
2740,218,525,318,322,707,465,272,650,186,521,521,2482,2460,479,653,341,415,2404,2905,348,2121,161,1742,636,1982,1791,1702,325,480,2269,228,1902,1753,1791,489,1879,205,1964,1743
2785,216,511,318,323,692,469,264,652,191,514,514,2482,2428,490,650,341,415,2441,2997,580,2110,161,1742,590,1968,1791,1753,327,482,2233,365,1867,1660,1738,495,1867,205,1964,1738
2809,215,511,317,324,693,465,267,677,191,521,505,2497,2468,490,650,341,419,2441,2905,285,2115,162,1719,591,1982,1741,1701,336,480,2246,365,1908,1660,1746,479,1868,204,1951,1738
2809,211,511,325,324,693,465,265,677,195,526,505,2551,2427,480,650,341,412,2454,2997,371,2115,163,1739,589,1968,1761,1704,329,489,2233,1751,1905,1770,186,491,1886,204,1963,1738
2762,218,518,318,325,693,460,265,666,197,498,512,2482,2433,479,648,341,417,200,771,572,636,160,1739,646,1957,1762,1704,329,487,2233,1784,1867,1773,346,489,1874,204,1891,1742
2809,215,518,318,322,693,465,265,666,187,499,512,2551,2468,479,653,341,415,204,759,385,647,159,1739,646,1946,371,1705,326,487,2228,1789,1871,1773,338,482,1892,115,1891,1747
2809,229,513,326,330,688,2678,267,666,183,529,512,2551,291,479,653,341,415,204,770,548,636,163,1723,600,1946,369,1709,333,481,2246,1764,1856,1743,580,485,1876,117,1911,1739
2762,223,511,326,321,2861,465,267,2850,185,499,511,2573,291,480,653,340,412,202,770,582,645,159,1756,601,1957,376,1708,329,482,2269,1737,1901,1787,1743,479,1884,117,1897,1672
2762,225,519,321,321,2861,464,266,2850,183,500,517,2573,289,480,664,341,417,207,770,482,648,164,1756,600,1998,374,1708,329,480,2269,1751,1878,1787,1778,481,1875,117,1897,1668
2791,225,514,315,321,2857,2622,266,2850,191,494,517,2573,289,485,655,345,421,208,756,789,650,159,1756,641,1998,380,1709,329,487,2234,1751,1886,1639,1778,483,1867,116,1896,1684
2791,223,508,311,326,2873,465,266,2792,191,481,512,2573,276,485,652,341,417,205,759,582,650,162,1750,587,1962,382,1710,329,485,2269,1746,1902,1639,1743,482,1911,117,1896,1684
2791,224,508,313,325,2852,465,267,2791,198,487,512,2570,269,485,643,341,417,208,759,1049,650,162,1731,587,1976,387,1717,225,488,2275,1770,1908,1731,1743,477,1911,116,1896,252
519,227,504,313,324,2850,2640,267,2849,198,481,518,2570,273,480,651,338,420,206,761,569,511,160,1716,597,1976,383,1713,223,482,2234,1764,1873,1762,1776,481,1891,117,1935,120
487,225,516,317,321,2850,2668,265,2795,198,481,518,2528,274,480,662,338,415,205,754,601,659,2460,1716,590,1976,379,1713,221,480,2234,1745,1873,1762,1789,481,1877,116,585,1682
519,224,506,311,322,2900,2678,265,2810,174,514,514,2564,274,480,655,340,417,207,771,573,513,2437,1723,590,1944,385,337,212,352,2229,1759,1873,1760,1743,473,1881,117,1935,1675
492,223,514,309,333,2868,465,266,663,176,571,512,2559,277,480,647,340,416,200,771,596,648,2437,1713,590,432,382,219,212,365,2229,1734,1866,1724,1750,477,1874,116,524,1675
483,227,508,309,324,2923,2612,290,664,174,571,505,2579,442,482,648,334,415,206,759,568,648,2464,1713,592,432,378,1702,211,363,2219,1734,1871,1724,1793,477,1872,116,532,1678
492,225,515,309,324,2923,2622,290,662,174,566,510,2559,537,480,651,334,421,2422,770,568,638,2430,1713,592,1953,380,1742,211,370,2229,1742,1883,1643,1744,470,1891,117,524,1675
493,228,510,309,319,2860,459,295,662,174,569,526,2566,507,482,645,331,417,2473,759,584,632,2448,1713,593,432,379,1706,212,352,2219,1735,1883,132,1745,470,1884,117,526,1667
503,220,511,315,325,2869,459,295,660,174,563,526,2566,507,483,647,331,417,2409,759,584,647,2402,1753,593,432,380,1725,423,346,2233,1747,1902,258,1767,471,1927,117,518,1678
493,222,504,310,330,2816,2643,288,660,175,563,519,2566,507,478,647,330,417,2460,767,862,2119,2409,1727,646,522,382,1725,211,347,793,1740,1886,258,1772,469,1880,117,524,1675
504,223,505,313,323,2823,460,289,660,175,666,519,2537,510,481,620,330,416,2400,754,850,2106,163,1727,600,522,382,1721,211,354,2233,1731,1863,1670,1772,470,381,117,516,1711
499,221,505,313,324,2809,2640,288,671,174,669,515,2616,527,478,624,330,420,2442,767,581,2106,165,1756,589,522,380,1721,210,344,2233,1775,1863,1670,1785,470,481,115,516,1711
508,224,513,318,325,2802,460,288,666,175,665,513,2537,527,483,627,327,415,206,767,585,2115,161,1715,589,433,388,1734,212,357,655,1755,1866,1649,1751,477,382,116,519,1666
516,221,508,318,327,683,464,288,666,175,657,508,461,544,478,621,327,413,208,753,902,2121,161,1715,593,1965,377,1734,332,354,2238,1764,1873,1640,1751,469,1925,116,518,1672
516,222,514,311,323,679,464,289,666,174,659,511,461,544,481,623,327,417,205,752,902,2116,161,1756,587,1952,378,1711,208,344,655,1757,1878,1649,1781,470,1917,117,518,1691
510,227,514,312,323,668,464,289,666,176,652,513,480,527,479,623,329,414,209,753,584,2101,161,1723,584,1965,378,1711,208,344,655,1747,1878,1654,1756,469,1877,117,528,1691
516,223,495,311,322,672,465,290,662,176,657,525,461,527,481,625,329,414,206,753,580,2174,161,1723,593,1944,375,1751,211,353,2226,1744,1914,1654,1757,469,1865,117,528,1668
516,219,507,311,332,664,465,290,662,2418,672,521,445,527,481,625,330,417,209,765,841,2111,160,1723,584,1955,371,1751,209,343,2226,1752,1864,1643,1755,468,1922,117,532,1680
510,217,511,309,329,660,459,290,661,2293,646,521,445,527,481,617,330,409,208,755,841,2099,165,1746,591,1955,277,1703,208,348,2280,1755,1874,1643,1743,468,1872,117,514,1677
510,215,510,309,326,660,459,288,2882,2288,651,519,445,550,480,614,446,416,185,765,843,2111,165,1717,590,1955,281,1706,210,351,2226,1757,1864,1659,1802,468,1868,117,514,1684
2778,211,501,309,322,670,459,290,2882,2312,657,519,445,538,487,643,442,416,194,771,578,2121,162,1746,589,1966,279,1723,212,352,2239,1743,1864,1678,1802,469,1873,117,515,1689
2771,210,511,311,332,674,470,292,2823,2312,648,526,439,538,487,628,442,409,194,771,572,2122,165,207,597,1995,278,1723,119,353,2237,225,1867,1678,1802,468,1873,116,515,1708
2778,213,515,311,334,2807,462,292,2823,2338,651,526,445,529,478,637,434,414,194,3038,856,2182,165,207,593,1995,273,1718,117,346,2236,358,1863,1647,1694,469,1884,117,517,1708
2768,213,522,309,330,2810,462,292,2890,2271,651,515,435,534,482,639,434,406,194,2946,856,2105,165,336,589,1995,160,1739,119,349,2239,358,1867,1647,1693,474,1896,117,513,1672
2771,213,508,309,530,2786,460,289,2861,2251,651,514,439,533,482,636,434,408,208,2946,856,2094,161,336,585,1940,306,1706,118,355,2274,241,1867,1647,1666,468,1878,117,511,1697
2797,213,518,308,456,2826,466,289,2861,2322,640,512,443,530,480,637,427,409,2468,2937,572,2127,160,302,585,1942,308,1706,118,347,2249,1749,1892,1633,1685,479,1875,117,522,1668
2672,210,511,308,444,2826,459,292,2861,2322,655,512,435,510,485,632,427,409,2468,2946,576,2097,162,302,592,1937,167,204,120,348,2274,1753,1858,1633,1648,479,1911,116,521,1672
2768,211,523,313,437,2810,459,286,2821,2280,648,512,2633,510,485,645,432,414,2389,3038,835,2146,162,1724,593,1937,275,204,121,352,2275,1739,1864,1655,1664,467,1873,117,518,1672
2725,210,536,309,447,2931,459,286,2821,2280,659,528,443,778,479,640,432,409,2454,2940,835,2173,160,1724,584,1944,268,331,120,345,2278,1744,231,1767,1655,468,1867,116,515,1675
2672,211,513,311,443,2935,464,286,658,2241,648,524,2633,778,478,649,423,412,2458,2940,570,2173,160,1724,637,1980,278,221,120,349,2238,1780,1863,1752,1688,466,1852,117,515,1675
2716,225,523,309,451,2858,459,285,657,2234,646,525,2633,781,484,649,425,412,2397,2918,582,2054,160,1733,589,1980,280,1755,118,346,2226,1753,1858,1752,124,466,1852,117,511,1675
2727,179,527,309,433,2682,460,285,658,2263,647,507,2552,781,484,635,425,408,208,2929,846,2054,160,1712,589,1980,280,1755,118,346,2226,1762,1754,1752,251,462,1900,117,516,1706
2716,179,518,309,433,2687,460,284,658,2263,652,514,2552,699,479,635,428,406,220,2918,846,2065,162,1712,590,1930,275,1755,118,351,2238,1752,1853,1733,154,479,1871,117,515,1688
2716,180,388,309,433,2664,460,284,654,2246,648,514,2552,699,485,640,432,411,215,761,569,2065,161,1733,590,1942,270,1710,119,369,2238,1782,1892,2040,154,288,1909,117,515,1678
510,180,387,309,426,2740,462,281,654,2246,648,528,2552,723,485,639,432,409,216,2918,573,2051,159,1723,593,1930,274,1710,118,389,2238,1758,1797,2141,1745,468,1909,117,515,1692
510,178,383,309,434,2688,462,281,657,2222,655,528,2540,723,485,630,424,414,212,765,309,2052,165,1723,593,1939,279,1714,119,393,2226,1746,522,1875,1663,466,1863,117,476,1684
510,178,374,309,426,2742,462,287,657,2222,659,507,2487,721,480,634,424,411,217,765,309,2052,165,1723,585,1927,277,1714,119,406,2226,1760,347,1853,1660,297,1906,116,476,1702
510,178,370,310,423,578,466,296,654,2293,649,507,2547,721,478,645,425,411,219,776,313,731,163,1731,627,1927,277,1706,119,399,2247,1748,1795,1855,1656,320,1908,116,483,1658
490,177,381,308,421,637,459,331,654,2293,649,507,2538,737,485,634,425,411,352,770,571,593,163,1717,627,1927,268,1706,119,399,2256,1751,1790,1855,1699,288,1861,116,483,117
490,181,369,310,433,637,2669,331,657,2244,652,513,2507,737,485,642,425,412,306,776,309,606,161,1717,586,1927,263,1751,118,404,2247,1758,1754,1860,1653,284,1870,116,478,245
490,179,399,309,425,637,2625,302,657,2252,650,517,2538,726,483,645,425,413,306,772,571,606,164,1733,595,1936,259,1751,117,401,2247,1737,1752,1860,1685,290,1875,116,478,220
490,180,393,344,426,596,2669,302,659,2252,652,505,2518,717,483,628,427,412,335,768,309,606,162,1737,629,1925,258,1707,118,275,2247,1757,1750,1860,1658,281,1877,116,487,1666
515,178,374,344,430,601,461,292,659,2308,649,505,2518,447,481,629,428,411,331,765,862,2069,161,1737,596,1951,257,1713,117,286,2293,1744,1797,1835,1664,283,1879,117,487,1714
502,178,374,324,419,598,460,292,659,2370,646,534,2518,717,483,638,426,414,331,763,308,2101,160,1737,590,1925,259,1729,118,285,2225,1763,1850,1835,1654,280,1880,117,492,1670
515,179,374,323,424,604,2642,288,659,2370,647,534,2518,426,479,638,426,416,2702,764,850,2101,163,1723,795,1951,259,1701,119,284,2293,1745,1850,1835,1674,284,1867,117,478,1666
515,181,374,323,423,604,2642,288,659,2387,652,534,2504,432,479,638,428,413,2758,763,308,2055,166,1731,596,1961,258,1735,118,272,2225,1777,1825,1839,1663,281,1878,118,478,1659
523,180,374,319,422,604,2642,295,2843,2387,647,529,2504,425,479,638,437,410,2646,779,902,2048,161,1731,593,1961,254,324,119,276,2283,1764,1759,1839,1665,283,1877,117,478,1693
514,178,377,319,423,607,462,290,2843,2352,660,511,2526,425,480,642,432,412,2665,771,313,2078,165,1716,795,1961,268,329,117,276,2321,1767,1795,450,1663,389,1876,118,482,1693
523,177,377,315,421,607,2649,177,2787,2344,654,505,2504,443,481,629,430,414,2650,778,937,2078,165,1740,796,1932,258,329,119,273,2283,1744,1690,458,1642,283,371,116,490,1675
491,180,377,315,428,2888,2649,177,2818,2356,552,503,363,440,481,629,424,408,424,779,841,2087,180,1716,635,1932,263,492,118,269,2283,1771,1759,458,1681,389,484,116,482,1715
492,177,377,317,424,2816,2716,173,2818,2356,558,503,363,446,481,632,424,414,443,767,311,2087,180,1728,627,1932,265,492,117,274,2283,1741,1722,1882,1693,281,488,117,479,1666
491,180,390,317,423,2733,457,173,2813,2332,548,504,430,446,482,625,432,409,416,766,843,2087,206,1727,791,1932,262,492,117,268,2283,1749,1752,1882,1644,280,670,117,483,1704
491,180,386,321,431,2852,457,165,2813,2376,551,513,318,454,476,625,431,412,435,767,856,2115,169,1727,791,1932,258,492,118,267,2321,1754,1722,1885,1647,280,1868,144,478,1685
2845,181,382,321,431,2815,2625,165,2831,2345,552,512,315,454,476,642,424,409,419,3063,320,2077,162,1719,791,1946,258,483,119,399,2321,1737,1850,1849,1640,280,1899,188,478,1678
492,178,382,315,423,2867,2642,162,2831,2345,560,512,315,480,476,515,424,406,410,781,841,2077,161,1719,629,544,256,483,121,267,2289,232,1647,1849,1643,389,1874,194,490,1675
2758,176,370,320,420,2834,468,162,2767,2464,560,508,317,480,480,521,426,412,431,781,835,2090,159,1733,629,549,228,1898,121,265,2279,358,1647,1833,1654,246,1920,194,490,1697
2706,180,405,320,419,2844,468,162,662,2464,549,527,315,453,477,515,426,413,436,781,288,2055,162,1733,788,549,227,1898,121,268,2289,244,1824,1662,1645,280,1920,194,485,1672
492,179,421,320,423,2775,2655,165,669,2385,549,527,319,448,477,517,432,406,427,2971,838,2026,162,1733,788,550,229,1898,121,266,2289,244,1759,1662,1645,280,1897,194,482,1670
2784,178,409,315,428,634,372,164,669,2379,557,526,319,442,477,518,430,410,436,2971,846,2012,162,1712,788,545,228,485,118,277,2275,1755,1682,1670,1663,242,1865,191,488,1675
2706,179,376,315,425,624,2105,164,659,2379,551,505,319,437,474,461,426,406,410,2978,284,1988,162,1705,651,545,225,1909,117,277,2275,1758,1690,1670,1681,250,1918,191,489,1671
2758,179,405,318,427,640,457,154,660,2379,553,506,318,448,474,461,426,406,417,2921,284,2026,159,1776,795,545,230,1854,117,268,2275,1738,1690,1654,1629,246,1862,190,488,1663
2787,180,375,317,436,648,375,154,660,2379,552,513,320,448,474,461,426,409,416,2916,309,1979,161,1734,805,552,232,1862,118,273,2301,1746,1722,1652,1690,243,1893,197,482,1663
2737,178,388,318,432,640,375,156,661,2402,552,513,318,455,474,462,424,414,2719,2993,313,2144,161,1776,805,545,225,1845,118,270,2289,1799,1717,1661,1640,245,1868,182,482,1661
2798,183,369,318,424,662,468,157,661,2381,546,508,320,455,476,467,424,406,2671,2952,284,2158,161,1743,795,545,224,1845,118,268,2289,1743,1686,1661,1661,242,1911,193,480,1667
2784,177,380,318,438,628,370,155,661,2385,562,508,318,455,473,461,424,414,2727,2993,284,2170,161,1743,796,545,232,1867,119,272,2271,1745,1647,1685,1646,244,1867,193,480,1677
2787,179,382,317,424,620,461,155,661,2385,605,521,321,455,477,464,425,406,2731,2993,313,741,166,1743,796,542,229,1911,119,265,2272,1748,1685,1685,1656,243,1910,191,482,1663
2788,179,388,317,428,642,366,155,662,2394,558,529,320,462,481,458,425,406,2653,3008,276,672,160,1754,822,541,228,1899,118,602,2271,1749,1690,1685,1685,243,1865,193,485,1667
2798,178,390,318,425,639,372,157,662,2394,563,514,321,462,481,454,424,414,2623,2918,309,672,160,1744,801,541,122,1899,118,268,2279,1739,1682,1685,1633,244,1902,193,478,1672
528,178,397,318,424,641,372,156,662,2400,560,507,321,457,476,459,424,415,438,2918,308,672,162,1744,789,541,122,1904,119,265,2280,1743,1690,1737,1652,246,1862,193,478,1671
2788,178,387,318,428,2833,367,156,660,2378,550,508,2466,457,476,459,422,406,415,763,278,672,162,1744,789,541,122,1904,119,268,2279,1742,1679,1724,1656,244,1906,193,478,1666
2788,179,389,313,427,2849,375,157,2807,2378,464,532,2476,462,476,459,423,414,425,763,308,672,162,1742,798,540,121,1879,118,266,2280,1787,1717,1724,456,249,1906,194,490,1668
523,179,385,313,425,2805,375,157,2797,2378,455,506,2466,446,479,454,423,415,414,763,314,660,162,1743,788,540,123,1872,119,267,2281,1746,1705,1795,123,245,1906,194,478,1668
519,177,380,313,427,2863,375,153,2835,2378,450,506,2463,477,473,461,424,405,414,763,280,684,161,1743,787,538,120,1872,119,272,697,1746,1722,1795,1727,244,1903,196,484,1666
528,179,375,304,423,2768,366,153,2837,2447,451,519,2463,461,473,458,424,414,440,759,307,684,163,1743,783,544,120,1871,118,273,2301,1765,1711,1795,1727,244,1920,196,484,1666
528,182,388,304,402,2794,364,153,2837,2409,453,517,2463,462,474,451,424,405,432,760,311,683,163,1774,787,541,118,1871,118,275,856,1746,1775,1762,1727,249,1876,193,484,1666
519,176,388,313,414,2803,369,156,2837,2417,448,506,2522,462,474,459,430,415,439,765,278,683,166,1741,787,541,120,368,117,376,860,1758,1734,1672,1727,246,1885,193,365,1708
519,177,388,313,409,2803,369,159,2840,2388,454,515,2522,480,474,448,430,414,446,763,278,679,161,1741,805,544,232,480,117,263,856,1747,1690,1801,1676,244,1864,191,365,273
534,180,388,313,400,2811,378,154,2840,2388,454,508,2522,482,477,449,447,415,437,765,313,679,159,1741,783,544,121,484,118,263,860,1741,1656,1801,1662,244,1903,191,376,247
534,179,425,307,409,2801,2566,154,2784,2385,449,505,2463,476,477,459,447,405,437,765,320,682,161,1742,783,552,118,484,119,270,2302,1765,1662,1787,1682,229,1865,190,376,119
514,178,428,312,406,2758,372,159,668,2415,461,510,2522,471,477,444,434,408,443,773,283,673,161,340,788,432,118,482,118,270,2277,1744,1684,1787,1661,230,1899,319,372,1687
534,178,433,312,401,630,379,159,668,2400,447,508,2482,484,477,451,438,408,446,766,283,673,161,1461,796,1969,118,484,120,266,2302,1781,1709,1751,1658,244,1933,314,372,1673
510,176,427,312,410,628,2509,159,661,2400,454,511,2482,476,476,442,438,405,2699,763,287,673,160,338,784,1969,118,480,119,269,2302,1739,1775,1751,1658,246,1871,311,366,1710
534,178,432,307,400,618,375,159,661,2397,459,507,2487,495,473,450,432,408,2657,773,288,675,159,219,789,1967,117,480,117,275,2281,1739,251,1753,1669,231,1883,311,366,1696
514,178,433,310,402,625,2509,159,661,2397,461,507,2458,493,473,450,432,408,2657,770,281,664,162,219,789,1967,118,478,118,269,2278,1772,321,1752,1671,239,1883,312,366,1677
508,176,431,310,400,624,368,159,661,2392,453,508,317,481,473,449,432,408,2622,761,284,672,163,1704,828,1944,119,478,117,255,2281,1735,1694,1752,1671,229,1895,312,367,1666
510,178,437,311,404,625,2517,158,661,2431,450,513,317,468,476,459,436,405,2684,770,284,666,163,1693,828,1945,119,480,118,255,2281,1749,1656,1797,1658,229,1882,313,367,1678
506,180,433,311,400,654,2517,158,658,2418,446,510,314,478,471,462,435,404,2634,759,277,666,160,1704,786,1945,120,480,118,253,2269,227,1707,1797,1638,229,1914,312,367,1646
508,176,436,311,408,609,369,156,658,2418,456,503,317,478,476,465,456,404,2674,764,329,737,161,1704,782,1945,117,480,120,252,2288,360,1707,1800,1663,231,368,312,213,1646
507,180,431,309,401,631,2566,156,660,2395,454,503,315,488,476,464,456,404,459,759,280,731,161,1704,783,1964,120,494,118,393,2269,238,1665,1800,1660,231,478,312,213,1656
507,180,431,311,399,607,2555,156,661,2419,464,505,315,493,476,465,457,405,437,762,1810,722,160,1693,782,1966,120,484,120,252,2269,1742,1684,1756,1667,228,477,312,218,1657
506,178,422,310,408,601,2555,156,659,2421,459,505,315,495,469,460,457,405,440,762,279,734,160,1725,839,1936,119,483,119,254,2261,1747,1739,34,1667,224,376,309,218,1647
506,191,430,310,401,2815,2535,159,662,2382,454,505,313,470,469,455,453,404,443,762,276,860,162,1725,781,1990,405,483,117,259,2261,1747,1739,380,1665,228,1885,309,216,1663
506,229,440,310,404,2761,2514,159,662,2385,449,500,312,465,469,455,453,405,433,762,1773,858,165,1733,781,1984,117,482,119,261,2263,1750,206,380,1693,225,1879,310,217,1684
506,185,437,310,401,2787,2514,159,2788,2385,462,507,313,485,471,446,453,404,439,766,278,858,163,1715,783,1984,119,482,119,253,2323,1746,251,380,1653,225,1861,314,216,1694
2753,189,437,308,403,2729,2509,157,2792,2419,462,502,315,734,478,444,453,408,449,762,278,858,160,1707,784,1984,119,482,118,257,2323,1746,1664,1764,1664,228,1879,308,215,1647
507,189,438,310,403,2704,2517,156,2792,2391,457,502,322,737,471,444,451,403,461,765,1765,865,159,1734,783,1939,119,492,118,259,2253,1734,1691,1625,1666,1764,1867,310,215,1689
2754,188,431,315,411,2746,2545,156,2767,2391,455,510,313,738,471,440,451,402,455,2931,281,867,162,1734,783,1936,119,492,119,259,2323,1744,125,1777,1666,229,1896,310,217,1689
507,178,425,315,417,2786,2591,157,2782,2446,451,510,322,759,471,439,457,403,437,2991,280,849,161,1734,785,1936,227,487,122,257,2312,1780,1707,1769,1646,235,1912,310,216,1688
2765,178,432,312,430,2786,2515,157,2782,2446,455,501,322,748,471,447,453,403,432,2936,1807,847,165,1767,778,1936,118,483,118,255,2253,1778,1714,1769,1656,1735,1912,307,211,1674
2754,178,434,311,424,2768,370,159,2826,2386,459,507,315,740,467,466,454,410,427,2971,278,847,161,1732,791,1941,121,483,120,253,2312,1775,1694,1639,1696,1735,1907,312,211,1685
2788,175,437,312,416,602,2555,155,2826,2386,456,503,315,756,467,460,454,406,895,2936,1756,852,162,1767,779,1941,119,483,119,245,2312,1775,1739,1639,1655,206,1871,308,216,1691
2765,178,442,310,411,603,2514,157,2772,2398,456,506,315,756,467,465,451,405,2627,2936,278,846,162,1734,782,1991,117,483,118,629,2312,1729,1646,1793,1644,1724,1861,302,216,1692
2739,179,435,309,395,603,368,157,658,2398,445,510,2542,748,467,466,456,410,2632,2936,283,851,163,1721,793,1991,228,483,118,239,2312,1762,1646,1768,1675,1764,1853,309,218,1687
2788,175,433,309,399,603,2621,157,664,2402,462,506,321,853,471,471,456,406,2593,2957,1785,853,163,1721,779,1955,118,483,117,236,2312,1733,1664,1768,1661,1764,1922,309,212,1662
2790,176,435,309,397,639,2545,157,664,2390,461,505,2542,853,467,410,456,406,2617,2971,276,840,159,1721,781,1930,119,480,117,241,2288,1783,1691,1635,1646,1733,1922,304,212,1661
2750,175,425,309,401,603,367,157,664,2399,456,505,2467,847,471,353,449,410,2679,765,281,857,165,1733,779,1930,118,479,117,241,2312,1772,5460,1635,1646,1738,1922,306,212,1671
2760,178,437,312,398,600,368,155,665,320,450,523,2458,847,464,352,449,406,451,787,1785,857,160,1730,778,1930,118,481,118,240,2331,1747,5575,1768,1662,1746,1922,307,215,1657
2750,176,431,312,391,601,368,156,665,320,444,523,2458,838,465,358,450,411,462,765,280,800,159,1730,783,1937,118,481,117,239,2288,1743,1723,1799,1659,1724,1940,307,215,1652
2750,200,434,311,403,604,370,156,658,318,446,521,2467,838,465,351,457,411,459,762,277,800,159,1730,778,1979,118,481,121,236,2288,1743,1714,1799,1656,1730,1978,304,212,1651
2846,195,439,311,397,642,368,157,660,318,459,512,2460,827,468,357,434,403,449,757,1829,800,158,1731,791,1937,120,482,118,232,2318,1747,5512,1762,1652,1743,1984,303,212,1655
559,167,434,308,409,602,381,156,660,314,450,506,2460,832,468,351,434,411,446,762,277,806,193,1704,791,1940,117,363,117,235,2272,1752,5512,1818,289,1738,1933,306,213,1651
2846,167,434,310,398,493,495,158,661,314,453,507,2458,858,466,351,434,405,416,762,1810,813,193,1731,772,1933,121,363,120,240,2318,1752,1646,1762,289,1736,1940,306,213,1659
557,193,430,310,397,492,495,175,670,318,457,507,2460,850,468,353,426,403,426,762,1796,813,198,1704,772,1933,511,374,117,240,2272,1743,5420,1655,289,1732,1942,299,215,1659
546,191,444,310,403,516,375,175,653,318,455,510,2528,830,464,357,426,405,448,762,1822,812,195,1685,781,1933,119,374,120,238,2263,1737,1720,1655,1668,1730,1967,303,213,1658
557,194,432,310,398,2660,368,170,655,314,449,503,2485,840,464,352,427,405,438,763,1773,812,194,1723,770,1938,117,476,120,233,2276,1743,5420,1777,1649,1763,1922,302,213,117
542,196,444,313,398,2645,491,170,655,314,462,503,2528,829,462,353,427,405,438,762,1824,846,195,1723,793,1984,119,476,118,239,2276,1751,5460,1799,1649,1763,1964,302,213,245
544,194,427,313,398,2661,491,167,660,322,446,503,312,832,464,351,427,405,450,765,1765,790,195,1723,770,1939,120,476,118,239,2276,1758,5442,1640,1649,1756,1929,302,215,249
558,194,443,308,395,2661,367,171,660,320,451,503,959,820,469,360,436,405,420,765,1765,790,198,1718,778,1939,236,476,118,239,2313,1750,5597,1640,1649,1736,1958,303,215,481
552,194,433,310,395,2679,368,171,2810,320,451,508,959,825,469,361,436,405,435,760,1777,725,204,1696,779,1974,117,483,119,240,2267,1738,5597,1754,1649,1739,1946,307,213,1666
552,333,431,310,397,2708,491,156,2777,320,447,507,312,816,473,352,431,408,435,765,1807,719,216,1727,820,1974,118,488,118,213,2313,363,5575,1754,1684,1739,1945,307,213,1657
535,333,436,311,401,2653,491,154,2777,321,449,2855,322,816,469,353,431,405,2645,764,1802,730,215,1727,820,1974,119,491,118,213,2313,361,5512,1754,1647,1728,1964,304,213,1657
541,326,445,311,399,2642,493,156,2756,321,456,2764,322,825,469,360,431,408,2645,764,1818,718,213,1755,779,1957,120,491,116,209,2269,1743,5461,1760,1647,1734,1940,306,212,1658
535,327,436,310,401,2662,490,156,2756,317,458,2764,318,825,469,355,430,405,2717,764,1815,705,213,1741,771,1944,120,480,120,215,2285,1752,5461,1632,1640,1739,1990,304,212,1643
553,326,445,315,397,526,2714,156,2796,317,449,2749,315,825,469,354,430,405,2715,776,1756,709,210,1741,778,1957,117,480,119,213,2275,1752,5437,1632,1666,1739,1947,304,212,1652
548,321,456,315,402,491,2714,158,2796,321,458,2749,322,836,468,357,435,409,2715,776,1797,709,205,1726,771,1944,119,482,119,218,2280,1752,5420,1638,1661,1740,1937,304,215,1667
560,324,510,311,395,503,499,154,2765,318,455,2813,321,834,468,351,428,411,760,776,1785,707,201,1756,819,1984,120,482,119,217,2262,1752,5595,1759,1666,1740,405,308,215,1645
549,325,449,311,395,493,491,178,2852,325,454,2785,315,836,467,374,433,411,605,767,1796,673,198,1704,767,1984,119,478,118,218,2280,1772,5595,1759,1666,1740,528,308,213,1663
533,329,404,311,395,485,2702,178,663,317,460,2717,319,827,468,359,428,411,605,2961,1796,649,200,1710,767,1984,119,481,118,215,2171,1772,5597,1768,1670,1740,530,304,212,1657
549,330,403,308,399,490,2631,201,663,317,460,2717,321,823,468,363,428,403,586,767,1796,676,199,1710,772,1944,119,481,117,215,2171,1747,5414,1768,1641,1734,417,304,219,116
551,332,401,311,397,490,500,366,669,319,458,2725,321,824,468,383,430,411,597,767,1811,659,200,1704,770,1958,118,478,117,216,2171,1748,5414,1772,1663,1752,1984,301,211,117
540,324,398,310,394,490,491,368,669,319,450,2771,313,824,467,372,430,411,586,2946,1778,651,200,1733,778,1958,119,478,117,210,2171,1748,5461,1772,1640,1752,1930,301,211,119
551,325,403,310,395,542,2693,348,660,321,449,2769,314,821,467,374,430,403,604,2923,1829,662,200,1729,776,1958,119,481,117,215,2171,1796,5461,132,1674,1740,1930,301,218,1649
2787,327,405,312,402,539,2681,348,660,319,461,2769,315,786,476,378,427,403,576,2946,1779,662,198,1711,776,1949,448,478,119,215,2196,1796,5421,132,1656,1733,1949,302,216,427
2842,321,408,312,400,495,434,359,668,320,451,2714,314,784,472,374,434,403,581,2911,1835,661,198,1743,765,1984,120,477,117,213,2176,1796,5421,358,1647,1730,1976,301,210,215
2787,321,406,313,400,518,2714,359,668,315,499,2714,194,784,476,371,434,403,578,2953,1796,762,212,1743,773,1984,120,484,118,215,2176,1743,5455,250,1668,1733,1927,303,210,216
2808,325,417,308,393,773,434,349,679,315,464,2707,313,788,476,380,430,403,579,2911,424,760,218,1691,771,1984,118,477,118,211,2196,1753,5595,245,1657,1724,1978,301,215,216
2735,334,408,311,402,2651,2711,352,684,308,382,2707,194,788,467,378,431,403,573,2916,1789,752,218,1752,766,422,118,477,117,211,2163,1746,5438,245,1651,1774,1978,303,215,212
2808,334,416,311,399,2638,424,357,691,308,382,2719,2425,810,467,378,428,403,570,2909,1824,750,213,1752,771,549,119,472,118,211,2163,1746,5455,245,1644,1752,1924,302,217,215
2653,336,417,323,400,2663,424,356,691,310,385,2719,2430,797,468,378,428,404,802,2916,1824,747,212,1752,767,549,120,485,118,215,576,1746,5414,334,1667,1774,1924,302,211,215
2653,330,424,312,395,2670,2631,353,541,309,374,2755,2425,801,468,378,427,403,2790,762,287,747,330,330,767,549,118,477,118,216,2163,1762,4226,317,1684,1733,1940,295,211,223
2653,330,422,310,409,2651,2691,358,541,311,370,2755,146,801,468,374,427,403,2801,762,1791,755,340,327,772,544,121,477,118,212,717,1757,5393,334,1651,1712,1990,295,211,217
2653,334,421,314,397,2642,423,353,539,307,374,2727,2465,799,474,389,431,403,2782,762,1814,749,334,327,772,431,121,482,118,215,713,1748,4287,522,1648,1712,1936,303,219,216
2749,333,413,311,404,2642,423,353,2739,309,376,2786,146,795,474,363,431,398,2817,762,1777,729,325,327,764,1984,121,482,118,212,559,1757,5421,522,1654,1774,1932,308,213,219
2750,332,421,311,397,2639,2693,355,2763,308,371,2719,145,846,468,357,430,398,2793,761,1774,734,323,417,778,1947,230,472,117,215,2213,1771,4287,481,1676,1743,1970,303,212,219
2749,335,423,311,398,2640,2673,349,2763,308,371,2755,145,799,469,351,430,398,2830,765,1774,736,338,1760,782,1947,118,472,118,210,2213,1769,5438,481,1653,1758,1927,303,212,219
2749,333,413,313,405,502,425,351,2763,308,370,2755,145,779,469,354,431,398,2830,766,1818,736,335,1760,782,1955,118,482,120,213,2232,1763,2742,1927,1657,1719,1933,298,215,219
2749,333,410,311,405,522,428,351,2694,306,375,2738,147,796,471,356,431,398,2830,762,1773,730,335,1760,764,1952,121,487,119,213,2183,1750,5427,1929,1661,1752,1931,298,215,217
541,327,502,311,397,535,426,355,2694,306,374,2738,147,776,468,357,431,401,578,762,1797,730,467,1885,765,1960,121,374,117,211,2230,1791,2538,1927,27,1712,1930,299,216,222
2750,330,501,311,397,514,432,351,2706,308,374,2726,147,784,468,355,428,399,585,771,1770,729,458,1915,778,1960,121,377,119,218,2230,1771,2742,1879,249,1743,1926,299,215,218
2750,329,514,311,406,501,424,354,2756,309,368,2752,147,784,468,370,430,401,583,762,1783,720,465,1915,767,1952,118,370,119,211,2164,1760,5397,1879,247,211,1925,302,215,220
540,330,505,321,398,510,423,354,712,307,375,2611,145,770,480,356,430,401,594,763,1783,731,455,1878,767,1952,120,377,120,212,2164,1752,4271,1862,121,1718,1935,302,212,216
540,330,501,325,400,505,424,349,688,307,381,2581,190,492,480,355,430,399,607,766,1787,731,446,1907,766,1943,122,370,119,215,2164,1754,4271,1862,1669,1752,1947,296,217,220
540,330,507,355,399,538,427,349,688,311,371,2581,188,495,480,359,436,403,607,756,1763,752,451,1907,781,1941,122,370,117,216,2164,361,4226,1865,1663,213,1937,296,217,220
540,326,494,355,400,495,424,349,671,311,374,2532,185,494,471,356,436,400,581,766,1796,725,446,1895,767,1941,118,361,118,215,2181,357,4287,1904,1674,1709,1876,301,217,220
511,330,505,360,399,495,423,352,675,309,377,2496,188,490,473,351,427,403,607,754,1763,738,448,1880,765,1941,118,361,117,213,2164,357,4318,1805,1646,211,1918,301,217,218
511,330,493,430,394,505,424,352,675,299,372,2506,191,493,473,352,436,400,580,754,1811,838,448,1895,772,1947,118,480,118,212,2164,1772,4318,1805,1651,1742,1873,302,213,224
542,451,487,430,404,505,432,348,676,562,380,2506,191,514,473,352,436,395,2838,754,1783,838,448,1878,774,1992,120,480,117,213,2164,1745,4197,1805,1651,1742,1870,302,215,219
511,500,483,430,401,503,2615,348,676,548,374,2506,191,498,473,360,426,400,2809,754,1783,723,445,1878,768,1992,119,359,118,216,2163,1745,2742,1792,1649,1742,1861,301,213,215
538,508,482,430,390,2682,424,348,676,530,371,2515,188,514,472,357,430,400,2760,756,1794,732,448,1881,768,1992,371,359,117,213,2181,1758,4382,1792,1652,1742,1874,299,213,218
542,495,485,430,399,2682,424,348,674,530,376,2501,188,568,478,358,430,395,2734,754,1779,725,2696,1881,778,1952,120,357,119,215,2213,1763,4429,1791,1666,213,382,299,213,220
537,512,474,431,395,2682,2557,348,673,517,371,2587,188,568,478,352,428,395,2715,754,1784,744,2621,1929,778,1959,120,357,118,211,2199,1763,2538,1791,1666,1720,382,304,213,220
542,428,476,431,399,2682,2557,348,677,517,370,2593,189,539,473,353,428,399,2678,754,1784,732,2709,1929,777,1959,120,363,118,215,2213,1792,4271,1915,1666,1720,381,299,209,221
544,428,476,431,399,2706,424,348,677,512,374,2593,187,539,476,357,447,399,483,760,1784,606,2621,1891,767,1946,118,357,117,216,2213,1790,4458,2057,1903,1742,381,302,211,220
544,428,477,431,403,2703,2588,347,683,512,379,2501,187,537,473,358,447,399,490,770,424,603,2630,1929,781,1953,234,360,118,212,2201,1820,4458,2057,1895,1732,385,301,211,220
544,425,479,431,401,2682,423,351,683,502,454,2501,188,537,476,355,447,399,471,756,1768,603,2619,1894,762,1953,118,368,119,211,2234,1809,4227,1899,1900,1721,385,302,218,222
544,369,479,431,400,2667,2615,344,683,503,458,2501,187,582,471,355,436,399,494,756,1768,600,2622,1894,776,1951,121,368,117,209,2206,1839,4318,1899,1907,1732,388,298,218,228
1953,387,472,431,402,2734,424,344,2763,498,454,2501,188,582,469,355,436,399,487,765,421,600,2553,1890,765,1982,119,484,119,208,2201,1794,4328,1982,1924,1763,385,298,210,222
1969,379,480,432,412,2682,424,347,2763,503,455,2501,188,569,469,351,440,399,490,760,287,603,2554,1923,753,1982,119,484,118,208,2179,1830,4328,1955,1924,1723,393,298,210,222
1953,361,474,431,412,514,424,347,2763,493,455,2501,191,569,469,354,440,398,496,765,1780,609,2560,1910,761,1959,118,364,117,213,2179,1818,4379,2019,1887,1720,386,302,213,221
1953,419,478,431,406,511,2588,346,2766,501,458,2517,146,569,473,357,444,402,490,765,1771,598,2602,1903,774,1940,235,361,117,210,2179,1792,4328,2019,1896,1723,387,306,215,219
477,409,467,440,411,521,424,346,2766,501,466,2517,186,569,473,354,437,399,488,3036,1819,619,2602,1883,768,1979,117,361,117,209,2182,1786,4429,2012,1890,1732,387,306,217,218
1969,411,471,440,405,516,424,349,2712,492,457,2501,146,570,477,357,437,402,478,2909,1774,619,2609,1883,761,1979,117,364,117,207,2226,1797,4328,2012,1878,1706,387,298,217,218
453,410,482,471,401,516,2557,347,2781,492,455,2533,183,578,477,355,435,398,489,3036,1807,604,2618,1899,761,1944,120,363,119,212,2168,1800,4332,493,1882,1706,389,298,217,218
477,408,480,483,390,516,2616,345,2725,490,460,2518,183,606,506,353,435,402,489,2919,1807,604,2610,1876,767,1967,118,368,119,209,2168,1805,4392,502,1893,1720,385,301,213,223
453,417,468,483,399,515,414,344,587,491,455,2568,168,600,496,354,435,402,473,2919,1779,607,2560,1876,777,1967,118,368,117,209,2185,1819,4392,500,1919,1723,385,300,213,219
453,412,484,478,388,528,414,344,587,489,455,2568,183,605,506,354,440,398,2802,2919,1773,603,2550,1875,732,1983,119,368,118,207,2185,1809,4458,500,1919,1735,383,300,216,219
480,411,488,478,391,529,2588,345,584,489,462,2536,185,594,501,355,440,397,2753,2919,1807,603,2550,1866,732,1983,119,368,118,208,2185,1808,4393,1938,1929,1711,386,299,212,218
478,408,482,478,383,551,2588,343,584,487,456,2536,182,605,501,353,440,399,2676,2942,1807,606,2556,1866,756,1983,120,368,117,210,2185,1796,4419,2024,1880,1706,390,299,210,255
480,412,483,479,390,516,413,343,583,487,454,2553,185,600,502,356,440,399,2673,755,1777,886,2573,1866,762,1957,123,368,119,209,2181,1781,4419,2024,1930,1714,388,298,213,252
484,412,483,480,322,525,413,343,587,485,458,2519,185,595,503,351,439,397,2659,2942,1783,607,2623,1860,736,1952,119,368,117,209,2218,1800,4383,1890,1871,1714,388,298,215,121
476,414,473,473,320,2736,424,343,587,484,461,2525,185,587,503,357,439,400,2675,770,1781,602,2623,1860,736,1957,120,364,119,209,2218,1786,4328,1890,1886,1735,388,299,212,223
484,420,485,473,319,2759,424,343,590,483,462,2512,185,587,500,357,438,397,491,770,1757,618,2591,1870,753,1952,120,364,117,229,2183,1710,4408,1879,1886,1723,386,299,212,223
484,409,474,470,323,2689,408,344,590,483,459,2512,191,576,502,352,434,394,480,770,1819,617,2562,1873,761,1952,120,367,120,229,2211,1684,4283,2014,1885,1713,385,299,211,217
473,409,474,470,320,2667,415,345,584,483,459,2561,191,583,502,359,434,394,478,767,1763,637,2562,1870,1090,1967,118,364,120,217,2183,1707,4315,2013,1875,1737,385,297,211,217
477,411,474,477,325,2730,411,345,583,487,458,2561,191,583,495,349,434,392,478,767,1823,629,2670,1870,2380,1967,231,364,120,213,2175,1707,4273,1926,1866,1714,370,297,219,219
473,413,478,470,327,2647,416,345,583,487,457,2531,187,595,506,367,436,395,500,755,1823,627,2597,1861,2380,1967,118,367,119,213,2169,310,4359,1926,370,1765,369,300,215,220
473,415,478,470,327,2651,419,360,583,482,462,2503,184,595,506,364,453,395,517,764,1823,620,2597,1873,2348,1973,121,367,118,218,2175,173,4359,2008,381,1765,369,300,217,218
451,410,470,470,321,2635,419,392,583,481,376,2524,187,606,499,367,446,395,519,755,1773,620,2639,1848,2348,1954,119,361,118,220,2187,1679,4349,1879,483,1723,355,300,217,221
477,420,466,471,321,2635,414,392,582,479,375,2524,190,606,499,360,440,395,500,764,1772,609,2620,1866,2348,1954,121,368,118,218,2211,1683,4419,2025,489,1713,355,295,211,220
453,414,468,470,331,2635,413,365,578,483,372,2510,188,602,504,357,440,394,519,764,1813,609,2643,1870,732,1954,229,358,120,212,2187,1683,4419,2025,481,1723,355,297,211,219
451,411,488,470,323,501,409,365,578,485,372,2571,186,608,504,351,440,394,527,759,1762,499,2642,1865,2339,1988,120,358,120,216,2165,1675,4295,2008,481,1723,258,297,217,222
472,420,476,479,321,500,2614,365,2784,485,371,2620,187,602,496,354,440,394,513,756,1687,501,2628,1601,2339,428,119,358,118,217,2201,1664,4295,1888,488,1716,204,297,217,219
450,422,507,469,318,468,410,359,2784,479,371,2607,187,586,496,352,445,252,507,756,1766,508,2629,1865,731,541,119,361,119,216,2165,1704,4295,2017,480,1733,205,299,211,220
450,403,498,469,370,496,415,347,2698,479,374,2550,189,575,496,352,446,398,505,760,1784,495,2682,1865,2343,428,120,365,117,223,2205,1672,4408,2017,481,1765,207,296,211,216
3534,415,498,468,367,485,2563,343,2698,478,374,2550,189,593,495,352,446,397,2754,768,1768,495,2676,487,738,431,118,358,122,224,1080,1695,4371,1995,492,1728,209,296,212,217
3492,415,505,469,403,485,2563,343,2698,473,378,2606,189,593,489,352,442,251,2757,760,1673,512,2623,479,1090,306,119,358,118,221,2205,1673,4210,1995,492,1704,205,300,211,223
3534,419,499,468,397,449,2563,340,2704,476,372,2621,189,582,495,356,442,252,2712,760,1673,510,2623,376,2282,306,119,357,118,222,2205,1701,4405,2036,484,1704,205,299,211,219
3458,419,504,468,395,453,419,340,2696,480,372,2645,189,582,485,364,438,252,2701,755,1789,510,2618,479,2228,447,119,358,118,213,1080,1699,4359,1883,491,1733,205,299,213,218
3532,405,496,473,400,447,2574,346,2696,479,378,2645,185,578,492,354,440,255,2701,755,1780,504,2618,1900,2380,447,118,359,118,217,1080,1682,4305,2028,485,1733,206,297,208,218
3458,414,496,473,400,448,2574,343,2784,479,277,2569,189,578,492,358,439,252,2718,755,196,504,2645,1900,2347,315,507,359,117,218,585,1703,4366,613,485,1719,206,297,209,218
3438,402,500,469,416,448,412,343,2784,474,270,2569,187,630,492,361,439,255,2774,755,196,503,2633,1863,2283,315,118,359,117,212,585,1687,4295,613,485,1700,207,293,220,221
3443,408,498,471,395,2636,2649,343,2771,474,270,2633,189,630,492,354,438,251,528,757,1819,495,2631,1912,2354,431,118,360,117,212,585,1687,4394,485,482,1719,207,293,220,222
3438,408,494,468,404,2625,2614,342,581,476,347,2610,190,573,487,361,438,251,535,754,1781,494,2600,1912,2339,430,119,358,119,220,2144,1672,4371,592,494,1723,206,300,224,223
3443,410,501,468,408,2620,2649,346,589,476,364,2748,190,573,492,366,437,252,508,757,204,494,2620,1864,2276,437,280,358,120,216,2192,1672,4210,595,494,1719,208,295,221,220
3443,409,496,468,401,2620,2593,344,589,476,399,2748,187,582,492,349,440,251,529,757,1807,507,2683,1871,2276,430,392,364,120,216,2144,1672,4330,595,482,1720,206,295,217,222
3443,414,505,470,397,2582,502,344,589,469,363,2751,190,582,487,351,440,249,539,2998,1807,499,2626,1871,2382,430,236,364,120,216,2144,1676,4330,484,492,1719,205,303,220,221
464,414,498,470,404,2635,2563,352,2685,468,364,2747,188,582,487,357,438,250,558,757,1674,499,2617,1874,2343,430,238,357,118,216,2185,1669,4330,484,493,1756,205,303,220,221
464,414,500,474,401,2587,2574,352,2685,472,365,2727,187,587,487,363,438,249,549,2991,1674,498,2635,1874,2229,430,233,357,118,213,2129,1704,4305,601,495,1723,202,293,222,216
464,403,506,469,401,2602,499,352,2685,472,334,2727,188,602,490,355,421,250,544,2998,1781,492,2660,1874,2282,425,233,363,119,213,2129,1674,4305,601,480,1719,205,293,218,217
464,408,498,469,393,2649,2551,357,2696,472,326,2786,185,586,490,352,419,249,551,2893,1689,499,2643,1874,2227,425,234,363,117,212,2129,1667,4305,609,483,1722,207,298,219,221
470,410,498,479,398,433,2549,357,2696,470,459,2786,185,587,490,353,419,249,521,2991,1769,494,528,1900,2228,425,366,363,119,217,2189,1678,4394,609,480,1728,206,298,219,221
473,409,493,468,399,436,499,357,2685,470,482,2733,186,598,490,367,417,250,537,2821,1823,494,524,1885,2227,425,231,363,117,213,2147,1670,2453,609,490,1756,208,298,219,222
470,408,495,471,395,451,2649,352,2685,476,456,2744,185,575,488,354,417,253,535,2893,1705,655,527,1876,2227,425,230,361,118,215,2189,1670,2453,620,478,335,205,301,222,224
470,409,503,469,398,456,503,352,568,476,444,2781,188,576,488,359,417,250,564,2821,1772,655,532,1876,2236,425,232,361,118,213,2175,1673,4287,594,481,1724,205,299,223,223
454,408,496,469,399,448,501,358,568,469,500,2740,188,582,488,357,422,250,2821,571,1813,659,522,1864,2283,425,236,361,117,211,2119,1711,4330,594,482,1722,205,297,217,219
473,405,500,477,400,451,501,358,568,469,534,586,188,569,488,358,419,250,2759,567,1713,646,518,1905,2236,425,235,360,117,211,2175,1691,2724,601,491,1724,206,296,220,219
460,402,496,477,401,450,502,355,569,464,546,585,187,569,490,355,412,255,2759,571,1766,645,526,1905,2276,1855,230,358,119,210,2175,1666,2724,601,490,490,209,298,220,216
466,395,508,468,401,2608,498,355,578,464,503,585,186,589,490,356,412,251,2744,574,1687,637,537,1905,2292,1859,230,358,117,210,2166,300,4388,515,489,217,205,297,221,217
446,399,500,467,394,2608,499,358,578,469,534,612,187,589,492,360,410,251,2744,571,1675,647,2569,1874,2292,1859,227,363,118,218,2179,300,4305,587,484,1705,205,296,221,217
446,394,494,467,399,2594,499,345,572,476,524,586,187,585,478,358,410,251,567,569,1674,638,2549,1864,2231,1872,329,363,119,210,2127,161,4362,639,479,1728,206,300,218,240
458,401,496,468,402,2564,505,349,572,476,500,587,188,585,487,357,410,251,581,569,1673,634,2556,1893,2281,1843,232,363,121,217,2127,1714,4362,639,481,1722,207,299,218,231
458,401,507,468,402,2583,501,349,572,467,533,592,185,570,478,357,412,255,572,421,1678,634,2549,1864,2229,1843,228,360,118,210,2127,1694,4319,609,490,1724,204,296,223,129
450,397,522,471,400,2596,507,351,578,464,530,601,186,570,478,353,417,255,570,569,1678,655,2555,1905,2227,1843,230,360,118,213,2113,1686,2453,624,481,1720,206,451,219,129
458,402,537,471,404,2588,501,351,576,3472,546,593,186,573,490,353,417,255,570,422,196,655,2618,1905,2246,1823,231,360,119,213,2117,1708,4244,532,482,1710,208,451,218,128
445,405,537,471,405,2594,501,352,576,3502,514,593,186,573,490,356,410,254,594,420,327,645,2576,1872,2236,1823,229,360,118,213,2113,1680,4244,503,490,1710,206,433,218,128
448,403,508,469,401,2607,500,352,568,3502,521,2781,187,572,490,354,410,254,568,421,1685,653,2586,1867,2236,1829,229,358,118,213,2133,1671,4244,549,483,1722,204,431,218,124
445,404,508,469,402,2576,498,348,2712,3517,521,2781,186,572,487,357,412,254,572,422,1678,642,2564,1892,2273,1829,225,358,118,212,2130,1673,3012,517,526,1704,206,431,223,127
448,400,510,467,409,2634,2766,356,2731,3505,512,2740,186,583,487,358,412,254,563,420,329,642,2613,1885,2273,1831,229,358,269,212,2133,1675,4308,532,511,1714,208,427,223,126
450,405,496,477,404,2634,2766,356,2731,3473,496,2695,186,582,487,357,408,254,560,425,1677,635,2574,1901,2236,1831,229,360,255,208,2112,1677,4308,532,518,1713,207,432,222,125
450,405,495,469,398,2634,499,356,1910,3471,490,2704,188,2909,488,357,408,254,573,424,1717,635,2569,1901,2292,1831,228,366,249,209,2112,1674,4362,585,541,1704,207,432,224,124
450,398,503,585,398,449,505,296,1910,3523,457,2719,186,2943,488,354,412,254,560,425,1717,628,2641,1901,2240,1874,365,366,238,211,2119,1674,4407,742,411,1721,207,594,224,127
448,402,502,585,398,450,2686,295,1908,3523,459,2719,187,2943,488,353,414,255,564,425,1674,625,2573,1866,2235,1874,229,360,240,211,2169,1678,4289,514,539,1704,206,594,221,125
454,404,493,576,409,450,2686,295,1837,3430,484,2707,187,2871,490,361,408,255,556,424,1657,628,527,1866,2281,1874,228,360,240,211,2165,1671,4261,514,521,1723,204,598,221,127
448,402,508,571,403,449,501,292,1851,3430,508,2771,184,2871,481,355,408,255,2836,425,1676,626,530,1866,2233,1828,224,361,239,215,2107,1666,4324,544,686,1723,206,591,221,125
448,403,500,571,404,458,2666,292,1862,3524,533,2714,187,2887,490,356,409,255,2826,423,1657,626,539,1861,2234,1833,222,361,235,210,2107,1675,4404,544,686,1723,206,591,221,125
477,404,498,570,402,450,2700,292,1862,3534,513,2712,185,2887,490,356,409,255,2779,424,1691,638,527,1906,750,1833,330,358,236,212,2107,159,4265,576,525,1723,206,595,221,125
451,399,504,575,422,450,507,289,2134,3459,526,2768,185,2891,485,363,406,251,2799,426,1691,631,532,1906,2242,1836,223,358,240,215,2107,268,4280,481,528,1714,205,593,223,125
451,404,542,575,422,2597,2699,291,2134,3459,530,2768,185,2886,490,355,409,252,2767,423,1696,631,528,1910,750,1836,223,358,238,211,2107,269,4308,525,530,1714,204,601,223,125
477,369,540,571,421,2595,2692,291,2065,3517,530,2768,189,2886,491,354,412,252,2803,423,1689,639,537,1872,2253,1838,223,361,242,215,2114,269,4341,525,533,1727,206,596,222,117
477,369,525,571,413,2600,552,293,619,613,544,2733,193,2869,490,354,412,252,527,426,1705,639,530,1866,604,1838,223,365,238,211,2119,269,4274,648,526,1723,205,596,221,119
477,385,532,572,405,2649,2686,293,619,465,556,600,189,2944,490,361,410,250,527,425,1672,636,527,1866,604,1852,225,365,238,120,2116,223,4407,648,522,1707,208,597,221,117
451,394,532,572,411,2587,2666,288,615,465,551,590,188,2944,490,358,410,250,564,423,1713,637,2624,1900,2273,1852,224,367,235,116,2119,221,4261,578,523,1737,204,596,219,117
451,391,525,574,413,2674,557,288,615,472,549,585,191,2918,490,354,411,250,566,426,1713,637,2656,1889,2267,1838,225,367,236,118,2126,221,4273,474,528,1714,205,597,219,117
462,385,525,574,410,2664,801,293,610,472,544,585,193,2961,490,361,411,250,544,427,1686,636,2656,1889,2227,1843,230,361,240,120,2125,220,4273,882,540,1721,205,593,221,118
462,383,522,569,401,2637,505,293,612,472,530,585,232,2844,494,361,411,253,530,426,1678,636,2555,1889,2232,1843,224,359,235,118,2126,220,4273,882,523,1758,206,593,219,118
448,383,522,574,408,2626,558,293,612,464,530,587,213,2854,485,405,414,253,526,426,1675,641,2811,1891,2247,1843,541,357,235,116,2147,223,4265,882,528,1714,202,595,219,120
462,383,529,566,408,2678,507,292,610,464,515,587,232,2854,485,365,412,253,548,426,1707,641,2885,1878,2247,1858,223,359,235,117,2121,224,4193,1223,538,1711,202,594,219,117
453,381,534,566,399,2643,552,289,610,462,523,587,232,2816,487,369,411,253,538,431,1708,650,2914,1891,2233,1858,227,363,232,117,2147,225,4193,1223,525,1733,208,595,219,117
453,383,523,570,399,2642,560,289,610,462,536,602,244,2934,491,358,411,253,551,426,1678,648,2863,1878,2069,1829,223,363,234,121,2132,382,4280,1223,524,1721,207,596,222,117
468,377,523,570,404,2656,542,300,615,465,533,612,249,2861,491,357,411,253,534,425,1742,626,2926,1866,2069,1829,217,363,234,118,727,348,4274,752,521,1717,205,594,220,117
453,376,524,573,398,2621,541,300,615,460,525,596,244,2970,491,357,411,253,534,425,1742,628,2840,1868,2241,1877,221,358,233,118,2132,348,4282,741,527,1748,207,594,222,117
469,381,524,570,394,2703,564,295,603,460,537,596,252,2970,482,375,411,265,538,425,1742,630,2840,1868,2225,1842,223,358,232,118,532,351,4282,741,522,1746,207,596,224,117
454,380,515,571,421,2633,561,295,603,468,510,595,245,3049,489,390,411,266,538,427,1678,647,2840,1868,2099,1829,220,357,238,118,2166,342,4318,738,519,1711,207,600,224,118
469,386,515,571,417,2639,558,300,331,461,521,595,252,2955,489,390,415,268,538,425,1720,647,664,363,2099,1829,222,357,234,117,532,343,4318,738,525,1717,204,600,218,117
462,375,521,571,427,2675,558,300,331,460,522,591,252,2955,485,383,415,268,2760,423,1720,649,687,363,752,1829,223,355,234,117,2134,343,4273,738,517,1722,202,592,218,117
449,379,533,567,413,2620,559,289,332,461,529,2734,245,2924,484,386,416,266,2789,424,1680,653,679,476,604,1839,219,355,230,119,2126,347,4385,748,528,1722,204,589,220,119
462,547,524,567,406,457,560,287,337,465,525,2739,245,2924,484,386,416,253,2735,425,1717,648,679,363,2055,1839,359,360,233,118,2134,340,4385,748,533,1746,202,590,222,117
469,539,532,570,411,454,2775,286,334,458,526,2726,247,2957,485,389,410,253,2731,426,206,626,692,478,2058,1839,359,360,234,117,2119,342,4294,807,527,1719,206,590,222,117
449,530,521,584,422,455,568,286,334,468,529,2778,251,2957,488,374,410,253,524,425,206,626,672,640,2055,1843,221,355,230,125,2124,343,4328,824,535,1719,201,587,222,117
469,512,471,584,408,453,2785,290,334,470,533,2778,247,2944,493,382,410,250,524,424,1712,627,689,1873,2280,1843,221,355,229,246,2124,346,4324,818,530,1719,205,587,223,117
477,515,434,582,408,451,564,290,323,470,507,2761,247,2944,492,382,409,250,512,431,334,621,672,640,2227,1841,221,356,231,239,2123,344,4324,818,530,1722,206,591,223,117
453,516,445,582,412,451,2785,304,331,459,516,2838,250,3003,489,376,409,250,512,423,1677,621,672,1862,2095,1841,220,356,231,228,2176,351,4308,815,521,1733,206,594,219,118
454,510,447,576,412,453,558,304,331,460,518,2760,247,2952,487,381,409,251,541,423,334,624,686,1862,2235,1841,219,356,232,212,2176,346,4261,815,514,1730,204,592,219,118
453,513,461,576,416,451,2729,302,324,457,503,2760,245,2997,489,383,412,250,540,426,1691,624,682,1858,2069,1841,225,358,234,213,2175,345,4282,812,522,1719,204,590,217,118
456,513,454,576,424,457,2766,302,324,468,491,2760,245,2954,489,377,412,251,539,421,1728,619,675,1862,2053,1841,221,358,229,209,2168,340,4261,821,528,321,206,585,217,117
453,504,451,585,424,451,2800,302,324,467,487,573,247,3017,490,385,412,3307,541,426,1747,618,689,1852,2055,299,224,358,232,210,2168,347,4270,821,526,321,206,593,217,117
461,505,431,585,424,451,2780,300,325,456,515,573,245,3017,487,377,412,3307,538,421,1696,620,2885,1852,2099,1847,459,363,229,210,2187,343,4292,821,519,1733,204,593,219,117
460,504,450,576,411,2643,555,300,327,456,518,594,244,2920,490,379,408,3284,533,424,1728,620,2860,1860,2057,299,218,363,233,212,2187,343,4292,813,532,1733,206,585,223,117
461,502,444,582,412,2613,555,300,327,462,523,586,244,2920,491,379,408,3276,539,431,1680,618,2882,1860,2106,437,221,360,233,208,2187,343,4385,825,532,1773,204,585,219,117
454,511,440,583,410,2679,2775,292,327,462,518,589,249,2992,491,381,416,3284,547,424,1743,618,2804,1895,2058,392,219,360,233,210,2145,346,4324,811,528,213,205,590,219,117
456,495,440,581,411,2613,2785,292,325,460,524,591,244,2890,491,379,412,3330,555,424,1716,614,2816,1895,2055,392,221,359,231,213,2154,352,4386,811,530,321,208,584,220,117
454,501,437,581,413,2657,563,285,330,458,516,587,246,2890,491,377,410,3297,2849,426,1743,614,2829,1895,2061,1906,404,360,231,210,2145,349,4259,811,526,1719,204,584,216,116
454,502,433,575,412,2627,557,285,330,458,515,592,244,2904,491,378,410,3330,2777,424,1686,613,2871,1862,2061,1906,222,360,230,213,2154,349,4259,811,527,212,207,585,216,118
454,502,436,587,419,2627,2776,287,330,453,508,592,246,2904,491,382,412,3334,2726,425,1653,696,2827,1862,2045,1847,221,360,227,213,2154,236,3947,816,522,1693,207,585,218,117
454,510,431,587,422,2711,2729,286,330,459,533,2826,249,2888,491,382,412,3264,2727,426,1653,697,2824,1864,2075,306,223,363,228,213,2118,352,4276,808,518,2675,204,585,218,116
457,500,438,590,410,2702,557,285,327,459,529,2809,249,2888,489,389,409,3334,2727,427,1693,695,660,1859,2075,1847,219,363,227,210,2118,349,4292,811,403,1719,205,585,221,120
462,506,461,590,414,2609,557,285,326,446,527,2754,249,2894,489,378,413,3261,2800,427,1725,699,674,1858,2095,306,364,355,229,211,2118,389,395,811,406,1719,205,587,221,117
457,510,432,590,412,2615,2766,285,330,446,546,2760,242,2894,487,381,408,3334,2634,427,1647,699,688,1859,2053,424,223,355,227,213,2118,345,395,809,403,1907,209,587,221,117
462,503,431,578,419,467,555,284,330,460,551,2791,245,2868,491,390,408,252,2634,427,1647,706,659,1860,2076,423,223,363,228,211,2153,343,4287,811,412,1687,209,593,218,117
485,502,446,576,412,457,563,285,326,460,505,2791,242,2868,491,375,411,251,414,426,1692,706,671,1861,2047,423,220,383,228,213,2135,336,4293,809,400,1848,205,593,215,117
462,505,439,578,411,465,563,285,332,457,493,2774,242,2935,485,386,406,251,415,426,1742,695,683,1861,2057,423,220,383,229,210,2153,343,389,819,391,1859,204,587,215,116
487,510,444,578,412,461,558,285,338,457,479,2769,243,2935,485,387,406,251,410,428,1646,707,683,1905,2098,420,219,388,232,213,2153,338,4456,816,395,2675,205,583,218,118
459,503,445,576,411,498,563,287,394,459,513,2767,360,2892,489,377,406,252,410,426,1646,699,686,1863,2098,420,337,400,232,210,2117,338,3947,816,395,1907,205,587,218,117
481,512,457,576,409,498,556,287,338,459,540,2767,238,2967,487,381,406,252,410,425,1739,700,662,1863,2106,420,222,398,228,210,2117,338,395,811,392,1839,210,586,221,117
454,502,484,573,409,503,555,286,338,459,540,2767,365,2916,489,388,406,252,414,425,1720,697,672,1867,2061,414,221,398,227,209,2123,341,398,595,392,1896,211,583,216,119
454,500,481,585,402,521,557,286,338,459,523,597,352,2911,489,388,406,253,417,430,1685,693,688,1866,2056,414,217,398,230,209,2185,343,395,595,390,1859,209,583,216,117
467,500,589,582,422,526,558,287,340,457,485,610,360,2911,487,383,409,253,415,425,1685,693,688,1867,2056,419,219,404,228,209,2123,348,387,595,395,1898,211,576,216,117
454,506,614,582,422,519,553,287,340,461,500,610,352,2885,483,375,561,253,416,424,1727,695,688,1865,2049,424,215,398,228,211,2123,340,387,607,388,1848,208,576,219,117
476,508,581,571,410,2700,551,287,340,453,482,587,357,2885,483,380,561,253,423,425,206,696,685,1858,2075,424,221,393,231,215,2123,349,390,606,391,1839,209,580,219,116
458,499,581,571,408,2663,563,283,340,456,480,587,357,2902,482,386,557,254,416,425,1648,692,2940,1858,2063,424,222,393,233,211,2141,340,389,489,383,1901,208,580,216,119
467,507,606,575,409,2669,555,283,340,455,500,590,359,2897,482,375,556,254,414,425,1643,703,2940,1858,2063,420,218,395,230,211,2123,342,2675,489,391,1898,211,583,218,119
462,507,631,562,420,2734,2784,287,340,455,480,590,357,2909,482,388,556,254,2586,422,341,697,2940,1890,2067,420,680,401,230,213,2123,341,2675,496,391,1898,209,583,218,386
460,503,638,570,420,2734,556,285,340,464,480,597,351,2909,485,385,553,259,2563,422,334,694,2940,1871,2076,420,217,395,229,215,2129,344,320,496,392,1889,211,578,218,380
457,501,604,570,412,2652,553,284,338,464,496,589,351,2809,485,379,558,250,2531,422,1655,694,2827,1890,2068,422,217,395,233,212,2183,336,393,496,385,1885,210,578,219,381
449,496,691,570,406,2644,2738,284,338,458,494,589,351,2809,481,388,558,259,2527,427,1655,696,2803,1890,2068,422,221,395,229,209,2129,343,2658,483,388,1901,210,578,220,380
457,495,702,698,410,2849,555,284,291,458,467,586,351,2809,481,387,572,259,2527,425,1747,696,2909,1890,2086,422,222,395,229,211,2134,338,2723,483,387,1866,212,579,217,3157
449,495,682,698,406,2849,555,289,216,458,473,587,364,2790,481,386,563,249,2556,427,1645,697,2833,1890,2098,422,217,395,229,211,2130,335,394,483,253,1866,210,580,217,3119
472,500,692,700,408,2880,2768,284,216,457,496,2860,364,2790,487,381,568,249,436,427,1645,697,1301,1858,2066,416,360,399,229,210,2130,337,387,542,254,1889,209,583,217,3594
451,495,691,680,410,2880,551,286,216,456,496,2760,349,2851,481,380,568,251,438,425,1728,696,688,1858,2052,416,217,402,229,208,2130,338,2678,481,256,1889,208,583,220,3594
471,496,680,680,408,2012,2784,286,218,459,533,2820,364,2732,481,380,568,249,440,427,1645,702,666,1892,2086,420,219,393,230,207,2129,338,2675,454,251,1910,208,580,222,3561
472,501,688,680,416,661,552,283,218,454,528,2767,354,2802,480,380,563,250,590,427,1729,696,669,1892,2038,423,221,394,230,209,2165,335,2662,454,259,1858,209,578,222,3514
471,493,696,680,403,668,2751,283,217,454,504,2767,354,2802,480,371,563,250,597,427,1658,696,676,1854,2038,423,220,393,233,212,2129,341,2556,453,252,1865,209,580,222,3500
476,496,679,688,414,652,2727,285,219,454,512,2782,354,2804,480,393,561,250,592,424,1767,695,675,1854,2035,423,357,394,233,212,2129,340,2723,451,254,1866,209,578,218,3544
487,495,691,676,404,652,552,285,217,453,518,2774,354,2804,480,416,558,252,592,423,1658,695,661,1854,593,423,216,392,230,211,2113,340,2692,447,263,1864,208,583,218,3513
476,503,681,676,409,654,2738,285,217,449,493,2774,354,2804,487,428,558,252,594,424,1653,691,668,1854,2063,422,217,392,230,213,2124,337,2692,447,254,1864,212,583,219,3671
479,503,685,675,532,650,2768,284,217,448,506,2774,354,2829,484,412,556,253,593,424,1677,607,676,1863,2063,424,219,392,228,209,2113,336,2658,447,254,1910,209,581,220,3671
473,493,669,675,516,655,560,284,217,450,504,2774,354,2798,484,409,556,249,595,421,1646,618,662,1864,2042,424,219,398,230,211,2113,337,2678,447,257,1858,212,581,220,3581
479,493,617,685,510,657,560,284,216,446,504,2775,355,2835,484,409,557,251,595,421,1677,618,680,1839,2053,423,215,391,227,205,2123,337,391,445,255,1920,210,500,220,3636
472,491,603,682,518,662,2751,285,216,446,470,2784,356,2835,489,398,559,249,593,424,1647,615,682,1864,2066,423,217,391,230,207,782,337,2654,446,250,1884,212,500,220,3575
480,492,603,682,516,658,552,285,218,459,470,591,348,2781,492,401,559,250,591,421,1646,615,671,1839,2057,424,217,389,225,212,2123,340,2662,447,259,1864,208,539,218,508
472,496,603,677,506,2941,552,285,218,459,493,601,356,2808,483,403,562,250,2860,424,1646,606,668,1843,2057,424,220,389,228,210,2157,344,397,447,258,1869,209,539,217,511
480,498,609,677,487,2941,552,285,216,445,480,601,346,2846,483,412,562,247,2823,424,1681,604,669,1853,2057,423,217,389,224,209,679,234,2793,447,259,1887,209,553,217,507
481,498,631,600,491,2869,557,283,207,445,472,607,346,2882,483,408,562,247,2787,424,1646,605,2916,1853,2041,423,217,389,227,212,679,233,2692,444,259,1920,210,553,219,774
480,494,612,591,488,2905,551,283,204,450,496,589,338,2872,483,420,563,247,2772,424,1663,608,2916,1853,2038,422,213,389,231,212,679,232,392,444,256,1852,208,552,219,779
479,496,600,591,504,2834,552,283,204,453,480,589,343,2822,483,390,560,247,2776,423,1674,609,2832,1850,2097,424,217,389,225,206,679,232,391,443,256,1852,208,552,219,779
491,492,595,595,567,2862,551,287,202,453,491,584,345,674,474,392,444,250,2848,424,1685,602,2803,1864,2097,424,222,388,229,209,2142,218,391,448,261,1852,210,563,217,511
479,503,608,595,503,2849,555,287,201,456,510,584,343,688,479,395,444,250,586,423,1649,605,2825,1864,2097,424,215,388,223,208,2142,221,404,448,261,1887,210,267,217,511
477,493,595,595,504,2910,546,291,207,449,516,595,344,665,474,395,439,250,586,423,1649,605,2829,468,593,424,215,388,228,210,2142,217,404,447,251,1890,209,267,219,515
478,495,589,592,507,2847,550,281,207,449,485,602,343,670,471,389,439,250,686,424,1648,612,2796,367,2021,430,213,388,231,205,2148,217,397,448,258,1869,209,270,217,506
491,495,586,591,504,2845,552,285,201,450,485,602,345,672,471,392,439,251,686,424,1643,612,2902,367,456,430,216,389,227,204,2142,217,367,446,240,1852,212,266,215,508
481,494,592,593,492,634,552,281,202,447,485,583,336,657,471,392,438,251,965,424,1670,603,2813,1859,2042,430,218,389,227,202,2119,217,391,446,236,368,209,262,215,513
481,490,596,593,495,652,552,281,205,451,485,583,345,666,477,392,443,251,946,423,1670,607,666,1838,2042,419,218,392,227,204,2119,221,395,446,243,470,210,265,217,512
484,490,607,592,487,646,553,288,202,447,498,2827,344,669,477,392,443,252,927,422,1642,601,659,1838,2042,431,217,393,224,204,2114,590,392,448,241,1868,209,259,218,234
489,502,609,589,503,646,2754,284,202,449,487,2827,336,669,473,604,443,252,938,423,1655,603,679,1838,2065,435,353,392,225,206,2119,219,408,448,238,1890,118,259,218,235
484,503,589,589,493,636,550,284,202,447,487,2772,344,550,471,604,443,252,918,423,1650,603,660,1849,2057,435,217,385,223,204,2125,219,408,442,215,634,117,266,218,234
482,494,602,613,493,638,548,285,202,449,513,2770,336,540,479,604,448,252,922,424,1645,600,668,1843,2070,424,216,387,223,207,2125,216,404,449,215,634,117,261,210,233
474,491,617,628,493,636,2707,285,202,449,489,2772,336,538,472,602,482,252,925,424,247,600,666,1843,2070,424,219,254,223,208,2129,221,2636,449,217,1877,117,259,210,231
482,493,600,628,487,636,2707,285,202,455,492,2774,336,537,477,602,476,252,923,422,1642,605,662,1849,2097,424,216,254,230,209,2118,337,423,447,212,470,120,259,210,232
478,501,618,638,483,635,546,279,200,453,504,2779,336,537,477,390,476,253,918,423,247,608,654,1847,2097,424,215,254,225,205,2129,218,2636,447,212,1867,119,262,210,230
488,492,586,631,480,635,552,284,200,453,529,2779,340,541,478,398,476,252,3151,426,1658,608,663,1865,2048,424,354,254,227,202,2135,216,391,437,216,1867,119,262,210,232
478,488,596,652,488,639,2737,283,201,447,499,2784,340,478,473,390,482,249,3373,423,1648,614,663,1865,2048,421,218,255,227,205,2135,216,367,437,215,1867,120,262,211,229
474,490,596,652,488,639,556,283,201,445,527,2784,340,444,325,400,481,249,3298,430,1648,614,657,1861,2048,421,216,255,222,206,2135,216,367,437,210,634,118,262,211,227
471,493,596,659,498,639,2826,284,201,450,504,592,340,465,473,399,481,247,3256,423,1648,608,676,1851,2056,421,220,252,225,201,2153,216,408,434,219,1858,118,259,211,231
474,490,585,659,485,2857,540,284,201,450,522,600,334,457,473,397,481,249,3241,423,1677,597,668,1861,2021,426,215,253,228,202,2146,212,408,434,215,1860,117,261,211,228
485,490,605,649,485,2807,2778,283,201,443,522,586,340,442,324,392,481,249,3255,423,1676,612,540,1861,2084,426,216,259,231,204,2153,215,415,440,219,1921,117,266,212,208
446,489,610,649,494,2807,2707,283,201,440,491,594,334,442,323,391,481,249,913,422,1664,612,537,1862,2084,430,215,259,229,204,2153,215,415,438,213,1855,117,261,212,208
485,490,601,647,494,2920,540,283,201,445,491,592,335,442,323,387,478,251,916,423,1676,607,537,1862,2042,430,217,259,228,200,2184,213,415,438,212,1855,118,261,212,207
460,503,590,647,483,2906,540,284,200,444,493,592,335,439,324,383,478,249,917,423,1646,607,2740,1874,2042,428,217,252,228,201,2146,215,2636,437,216,1858,117,261,212,207
474,498,573,642,537,2856,2714,302,199,444,503,593,330,438,323,387,478,252,917,426,1641,522,2665,1874,2049,432,217,252,223,202,2186,218,323,437,215,1858,117,259,211,207
460,498,582,653,540,2927,537,302,199,451,490,593,333,438,322,391,478,251,920,423,1641,519,2606,1838,2049,422,216,252,224,202,2129,216,379,434,213,1859,119,259,211,208
459,500,584,653,553,2946,2737,299,202,451,522,580,334,368,322,387,477,251,919,427,1669,522,2606,1838,2050,422,380,258,229,202,2121,347,367,436,218,1860,117,247,210,208
467,495,564,760,546,649,721,299,205,448,514,582,337,363,327,393,477,252,921,425,1663,524,2606,1887,2070,422,378,257,227,202,2131,213,412,436,215,1916,117,247,212,209
468,491,595,879,540,645,541,301,201,445,517,587,333,365,327,390,474,252,930,427,1661,524,2606,1887,2036,421,375,257,228,201,2110,215,398,1864,215,1910,117,250,208,206
468,490,612,879,542,635,540,292,199,447,501,582,336,361,324,392,481,253,917,428,1661,518,2577,1887,2036,425,375,253,225,205,2131,211,415,1864,213,1883,117,250,207,207
485,491,610,879,540,636,541,292,199,447,496,581,334,361,323,392,481,252,916,424,1637,519,533,1845,2036,423,364,254,225,206,2130,216,507,1864,213,1859,117,246,210,209
467,498,679,908,545,670,548,292,202,449,492,897,336,365,324,390,487,249,918,428,1649,519,537,1852,2059,423,360,254,225,204,2130,218,405,1850,216,1890,117,246,210,206
479,493,654,906,552,663,540,281,202,445,478,582,344,363,327,392,481,247,852,420,1646,518,538,1834,2089,423,365,254,225,206,2130,215,323,1864,216,1871,118,246,207,206
466,488,609,906,546,664,540,283,201,444,478,582,344,368,323,699,481,249,651,420,1646,534,538,1852,2087,419,365,254,225,206,2130,215,372,1834,211,1910,117,246,211,207
472,484,581,798,530,665,536,288,199,444,510,598,344,363,323,689,481,249,2902,422,1646,528,535,1876,2089,419,360,263,228,208,2130,216,395,1848,217,1864,119,246,211,210
457,494,620,798,537,665,550,288,199,447,507,583,344,366,333,693,480,247,2929,420,1642,404,530,1869,2084,415,366,251,227,208,2178,215,397,1847,223,1864,118,249,208,207
457,496,592,800,551,645,550,279,200,447,507,582,337,366,335,683,480,245,3067,424,1642,404,535,1869,2059,415,366,255,227,205,2135,212,395,1847,219,1844,118,249,208,207
448,488,576,800,558,639,537,279,200,442,489,589,342,399,333,688,485,245,3011,422,1668,414,535,1869,2091,422,360,253,534,204,2178,212,412,1847,218,1844,118,249,208,209
454,488,590,783,541,671,541,286,201,442,505,589,337,399,333,682,485,249,3000,424,1644,414,532,1857,2033,419,359,252,534,205,2178,213,433,1830,217,1890,118,250,215,206
448,491,595,783,533,2923,537,283,199,445,501,591,342,375,338,682,489,245,3019,426,1650,415,544,340,2049,422,363,252,670,204,2178,213,329,1830,219,1868,120,250,209,205
451,485,576,783,538,2837,540,283,199,442,625,591,340,375,338,684,485,245,3030,424,1639,401,534,340,2080,422,363,252,662,209,2122,213,398,1872,220,1868,118,246,208,205
466,491,581,875,540,2888,540,283,200,445,625,585,342,366,331,688,485,245,658,422,1639,399,534,479,2050,422,357,253,766,208,2136,217,411,1887,220,1864,118,245,208,209
456,488,585,875,541,2882,2927,280,200,442,566,585,337,358,332,688,478,245,661,422,119,394,526,479,2036,421,360,257,663,206,2181,212,372,1887,216,1864,118,246,215,206
456,487,586,885,537,2882,2927,280,200,442,560,604,342,364,332,681,482,250,659,421,251,401,526,479,2054,421,354,254,662,206,2180,216,392,1844,218,1865,118,249,207,205
450,489,586,881,533,2857,550,286,201,445,574,586,333,363,332,684,482,262,661,419,1667,397,535,474,2054,423,354,254,652,205,2177,215,392,1844,219,1865,118,249,209,204
466,492,576,883,535,2873,2753,286,201,449,566,614,333,363,332,684,477,262,668,421,1667,400,527,484,2040,423,353,156,649,207,2177,215,395,1871,217,1853,117,249,209,206
466,494,589,884,544,2914,547,279,204,451,566,614,333,363,332,685,478,258,661,419,125,400,526,474,2089,419,358,156,651,206,2180,216,395,1871,218,1857,118,249,210,207
456,604,581,884,481,2876,541,279,204,481,575,2827,333,364,332,681,478,262,660,420,1627,414,526,474,2050,419,358,153,661,201,2177,217,521,1838,213,1841,119,247,117,205
460,584,576,1550,484,2929,2662,284,202,481,558,2857,333,364,330,711,477,262,657,420,1648,413,2766,483,2064,419,360,154,657,205,2134,217,389,1831,219,1841,118,247,117,205
456,584,576,1550,488,2853,539,353,200,481,569,2857,337,369,330,705,476,261,2847,420,1627,401,2650,483,2069,419,356,154,655,205,2134,215,389,1820,215,1875,118,250,120,205
461,761,573,1550,481,2963,2927,335,200,503,569,2829,334,366,331,697,476,261,2688,420,1676,402,2577,484,2044,297,356,154,646,204,2134,216,329,1820,215,1865,118,250,120,205
461,761,566,1582,479,641,1407,335,201,503,561,2879,337,366,334,691,476,261,2656,422,1643,401,2572,484,2059,438,356,155,647,202,2134,117,399,1835,215,1901,119,250,119,202
461,763,568,1600,481,638,1407,333,201,489,566,2869,334,364,334,677,477,258,2600,424,1648,389,2593,487,2044,438,354,155,658,205,2131,117,399,1835,217,1901,117,227,118,385
461,755,576,1600,492,636,550,333,202,492,566,2869,334,368,334,679,477,259,2599,422,1641,313,2558,480,2044,438,352,155,652,216,2149,117,398,1827,220,1872,119,227,120,381
461,766,572,1464,484,635,2748,337,202,495,569,2875,334,365,335,683,479,258,2606,422,1653,313,2648,479,597,438,356,158,649,205,2131,119,392,1833,217,1859,117,247,120,375
459,760,589,1464,478,639,550,337,202,491,526,2875,334,363,330,689,473,257,2658,430,1669,289,2652,479,2080,438,361,158,653,205,512,121,405,1879,217,1873,118,247,117,376
461,761,572,1551,487,639,2662,338,205,488,532,673,338,363,330,677,482,258,562,423,1661,288,2692,479,597,428,361,117,647,207,510,119,406,1835,213,1874,120,177,121,372
454,761,605,1556,476,637,537,338,205,492,590,672,338,363,330,676,482,257,574,430,1655,288,2603,483,2041,428,367,117,653,201,643,118,393,1836,217,1901,118,177,118,371
451,752,548,1556,479,637,537,338,207,494,593,672,338,359,326,676,480,258,592,422,1656,287,2603,483,2055,428,364,117,650,208,643,119,521,1836,218,1855,117,175,119,368
454,761,552,1566,483,2929,537,337,204,494,586,668,334,363,327,676,481,258,590,421,1646,290,539,481,2055,424,364,117,651,205,631,120,381,1836,217,1855,117,135,119,369
457,756,528,1566,479,2916,2695,343,204,495,576,668,337,363,327,676,476,258,578,422,1649,286,537,483,2060,427,360,118,628,201,672,123,381,1824,217,1865,120,136,118,371
457,752,528,1566,481,2994,537,343,205,498,546,659,334,363,327,681,477,262,575,422,1649,286,536,483,2050,427,360,117,635,208,638,118,381,1853,218,1855,117,133,119,375
457,757,549,1566,480,2915,537,332,205,489,519,659,334,361,327,682,480,257,579,421,1649,256,537,487,2045,427,358,117,627,212,631,119,399,1728,217,1859,118,133,119,375
466,755,548,1566,444,2945,1407,332,205,494,550,679,334,365,329,681,480,256,585,423,1668,249,537,483,2045,425,366,117,639,218,672,116,534,1728,217,1878,119,135,119,375
455,749,541,1472,455,3015,550,337,205,492,581,670,340,365,327,676,477,257,579,426,1664,245,536,487,2064,425,365,117,637,205,637,116,534,228,217,1873,119,135,119,375
455,757,535,1463,464,2975,549,337,202,466,570,670,340,365,329,665,473,254,587,431,1664,342,544,483,2064,425,363,117,626,208,635,118,391,228,219,1855,121,138,119,367
457,642,534,1237,453,2997,549,335,205,466,575,665,340,365,331,665,476,254,580,423,1676,342,532,478,2048,425,359,117,630,207,637,117,406,222,215,1870,118,134,119,368
457,600,540,1301,459,696,549,335,205,459,558,661,334,369,330,693,476,257,2733,430,1639,342,539,479,442,421,363,117,624,205,627,117,494,222,215,1904,119,136,117,367
457,600,540,1313,459,781,548,336,204,460,571,665,335,369,330,692,478,259,2475,430,1627,338,535,479,442,428,364,117,625,202,630,117,494,1718,216,1878,117,135,119,365
464,600,532,1313,453,790,537,334,204,460,561,672,332,361,330,679,478,259,2414,422,1678,338,559,487,597,428,358,117,629,206,627,120,326,1718,217,364,118,135,119,374
458,601,510,1291,450,778,537,334,202,462,569,672,334,361,337,679,481,259,401,419,1648,344,546,479,2068,428,363,116,628,205,629,120,381,1761,221,364,118,134,119,371
464,601,493,1293,464,794,537,334,202,462,578,655,334,364,337,675,478,257,402,422,1670,344,578,479,2068,423,363,116,627,205,630,119,506,1760,212,1913,117,134,119,375
454,596,512,1293,457,788,537,333,205,462,544,664,342,364,331,683,478,258,399,422,1670,341,548,479,600,423,359,116,621,205,629,117,513,1760,219,1870,117,136,122,366
459,598,489,1293,455,787,539,332,205,465,559,664,342,361,337,682,478,257,382,424,1650,347,548,479,2055,423,356,117,621,205,2135,117,534,1724,217,482,117,136,119,368
467,597,480,1458,448,796,539,332,230,465,558,2963,342,361,337,682,478,257,389,424,252,340,548,480,2047,423,355,117,637,205,2132,117,487,1724,217,482,121,125,119,368
467,601,487,1458,451,775,539,332,220,459,576,2891,332,370,337,679,474,263,381,423,1627,341,548,480,2047,423,357,118,640,202,2135,117,487,1737,217,364,119,124,118,367
473,608,496,1464,465,775,549,334,221,459,559,2867,334,370,333,679,474,259,381,423,1643,338,548,480,2054,420,361,120,625,202,2135,118,494,1737,211,1868,118,124,118,368
472,604,479,1464,458,775,2691,337,221,461,549,2925,332,361,333,679,473,263,386,423,122,341,2762,481,2045,423,355,120,624,207,2147,117,501,1765,212,480,117,124,120,366
473,493,482,1460,480,3182,2691,334,213,461,552,2876,335,358,333,675,474,259,377,423,1659,341,2728,482,2062,423,358,117,627,199,2125,118,508,1737,219,375,119,125,120,367
473,495,484,1460,474,3070,547,334,213,466,556,2876,340,360,333,675,474,259,379,424,122,341,2707,487,2044,412,365,117,624,202,2147,117,507,1752,211,1865,120,124,120,364
457,496,496,1476,481,3049,538,333,219,460,570,2876,335,363,333,681,477,261,401,422,1653,342,2619,482,2062,412,355,117,621,200,2125,118,513,1752,218,1881,117,126,117,368
478,494,471,1491,467,3035,2683,335,217,459,570,2886,335,368,331,669,477,259,395,422,1656,344,2597,487,2051,421,351,117,629,205,2052,119,499,1752,212,1868,120,124,117,366
455,493,474,1508,465,3059,540,340,219,459,518,2942,335,365,333,684,478,261,392,432,1637,342,2665,485,2037,423,355,116,629,206,2052,119,506,1752,212,1862,117,125,122,363
455,500,483,1508,465,2967,539,340,219,459,545,2942,335,361,335,684,474,261,403,424,1656,341,538,479,2044,430,358,116,918,207,2042,118,487,1752,213,1866,117,126,120,368
455,495,474,1482,471,2967,2683,334,219,460,515,2879,335,366,335,684,474,258,400,432,1640,338,544,479,2037,423,352,120,907,202,2039,119,422,1752,213,1881,117,126,120,361
487,495,488,1482,466,2937,536,334,216,462,523,2879,335,377,335,679,491,261,400,422,1622,341,540,481,2032,421,356,118,910,206,2039,120,468,1762,217,1893,117,125,117,361
480,491,479,1473,467,2942,2691,341,217,461,547,655,335,376,334,673,491,261,390,432,1661,341,540,484,2068,421,355,117,906,208,2042,118,501,1718,217,1893,117,125,117,363
487,398,504,1473,465,695,2690,337,217,459,538,661,335,372,334,679,485,261,395,421,1649,355,544,481,2673,423,353,116,652,209,2042,117,503,1741,220,1862,118,125,119,370
485,395,476,1454,466,747,2770,337,216,458,528,651,293,372,332,679,508,259,395,421,1614,355,541,478,2673,423,354,116,647,207,2042,117,489,1741,218,1862,117,125,119,369
478,398,476,1465,468,715,1072,337,216,464,517,651,295,367,335,682,440,258,398,424,1614,355,550,480,2049,423,355,116,653,204,2042,117,499,1769,213,1917,117,125,119,361
485,397,498,1465,471,720,1072,334,217,458,524,651,301,367,335,685,440,257,391,421,1614,351,550,477,3585,423,354,118,640,202,2042,119,493,1769,213,1872,117,125,121,363
485,405,481,1483,469,723,2683,334,217,458,526,649,293,360,334,679,440,256,539,422,1664,356,546,477,2041,421,351,119,653,207,2042,121,422,1769,215,1879,117,125,121,364
459,417,481,1454,470,729,2701,336,216,456,551,649,293,368,332,676,540,257,535,423,1634,349,553,480,3585,421,355,116,394,205,2042,121,504,1734,212,1864,119,125,120,360
454,442,470,1454,460,729,555,336,216,456,527,649,315,368,332,687,530,259,527,425,1632,348,553,480,2062,421,355,116,392,202,2050,117,501,1722,216,1862,117,166,120,363
459,405,479,1451,480,729,2749,474,218,456,530,650,317,361,334,672,530,261,540,423,1634,348,539,480,3492,421,352,117,392,205,2042,122,505,1761,212,1871,118,166,119,368
476,416,479,1444,470,725,2690,474,216,453,545,650,315,360,337,682,528,261,529,423,1627,349,542,488,2044,421,354,117,387,202,2045,122,503,1761,216,1871,119,190,119,367
461,406,487,1444,462,725,552,472,218,474,528,651,322,363,334,681,528,262,529,423,1621,351,549,474,3492,430,359,117,395,206,1995,117,504,1724,216,1901,117,1107,119,365
476,406,484,1444,468,725,552,456,218,470,534,663,322,361,338,683,528,259,528,433,1629,353,549,485,2044,425,352,117,394,207,1995,117,592,1724,218,1879,120,1132,120,367
473,403,549,1464,468,727,1072,464,217,471,539,648,322,361,335,683,525,262,537,425,1623,353,556,485,3479,425,352,117,388,206,2031,118,388,1757,218,1873,118,1119,122,367
461,398,550,1464,469,727,555,464,217,471,530,652,318,368,334,679,525,257,529,433,1670,352,548,485,3479,426,353,117,398,206,1723,121,465,1757,217,1921,117,1102,119,366
473,392,550,1464,480,3024,555,454,217,469,523,652,320,368,340,679,532,257,526,433,1621,348,553,482,2071,425,355,117,391,205,2006,119,388,1734,212,1871,118,1102,119,363
457,422,550,1476,449,2926,546,454,215,469,519,650,320,369,340,685,532,263,517,425,1621,349,2794,480,2673,425,351,117,391,205,1725,122,501,1723,220,1882,118,1102,118,363
457,421,550,1476,430,2938,539,440,220,472,516,650,320,369,340,696,533,263,513,424,120,349,2845,480,3491,419,353,117,388,205,1727,117,386,1723,215,1882,118,1113,119,363
451,420,540,1453,425,2987,544,415,220,474,513,649,322,367,335,687,533,256,519,425,1621,338,2709,480,3433,419,354,116,387,205,1725,119,386,1723,216,1908,118,1113,119,364
478,427,540,1453,436,2923,555,423,209,477,514,646,320,367,340,689,532,261,517,425,252,340,2746,480,3474,426,369,117,394,206,1718,117,501,348,216,1873,118,1104,120,363
451,423,540,1446,428,2963,552,423,209,473,523,2841,318,367,341,679,530,261,518,425,1675,341,2701,477,3585,416,358,117,649,204,1740,119,504,351,216,1869,117,1104,120,368
462,415,545,1443,424,2952,544,426,205,476,551,2867,319,370,334,680,530,261,518,421,1675,344,2736,477,3533,423,366,116,658,206,1740,121,347,1757,213,1912,117,1111,119,356
461,400,562,1443,417,2937,545,419,216,476,515,2867,318,368,334,699,530,258,525,425,246,245,2736,477,3533,422,363,119,388,205,1714,118,286,1757,213,1903,118,1111,119,360
461,394,562,1444,438,694,542,458,213,468,514,2841,315,368,334,729,532,261,525,422,1645,247,2699,480,3494,426,356,118,393,204,1718,120,394,1743,217,1872,118,1118,121,366
460,392,562,1444,427,679,564,458,213,472,516,2841,315,372,337,686,535,261,525,425,1647,249,552,378,3492,426,360,118,387,205,1713,117,390,1743,217,1875,117,1118,120,382
469,345,556,1440,435,696,556,482,205,477,519,2771,314,372,336,691,536,261,522,425,1647,253,557,378,3429,424,357,117,390,202,1714,117,390,1743,217,1872,116,1100,240,467
460,347,555,1456,435,699,544,482,201,472,530,2789,315,372,336,676,533,261,533,425,1647,253,564,378,3479,424,357,117,585,204,1713,117,386,1718,211,1912,118,1298,219,484
456,347,546,1456,423,682,2790,473,201,470,532,2796,329,372,333,679,532,258,522,420,1656,233,558,474,3479,424,361,117,654,202,1747,117,386,1718,213,1858,117,1253,219,444
473,263,550,1488,415,682,546,435,201,470,530,2796,329,366,336,679,532,261,522,412,1638,232,562,466,3429,419,358,117,648,202,1715,117,296,1763,270,1858,118,347,216,447
456,262,578,1474,423,682,544,471,206,470,519,660,331,366,336,685,534,261,522,413,1684,233,553,466,3491,417,358,117,913,207,1747,117,467,1736,212,1869,118,343,211,329
460,263,578,1474,427,684,2713,471,201,472,510,660,329,365,336,674,532,261,525,420,1684,236,549,557,3433,425,361,117,909,204,1715,117,347,1736,244,1862,117,335,206,331
456,259,557,1454,427,688,564,471,200,472,541,660,331,365,333,674,532,261,519,420,1631,235,569,477,3405,425,363,117,651,205,333,121,296,1726,269,1885,117,335,206,330
460,265,578,1454,426,684,2790,472,200,472,516,668,334,365,333,674,532,257,523,424,1628,238,566,477,3405,420,366,117,646,200,330,120,379,1726,210,1883,118,330,208,327
399,263,542,1492,430,682,2790,472,201,472,527,659,331,370,335,683,522,257,515,424,1628,238,561,477,3470,420,355,115,646,205,333,118,390,1745,117,1858,118,319,209,336
387,265,558,1472,413,685,2754,472,201,472,546,650,312,370,332,680,522,262,532,419,1628,231,553,480,456,431,368,119,913,206,333,119,296,1745,117,1859,117,315,208,323
399,264,558,1472,413,685,706,487,201,471,512,640,317,371,332,684,526,259,519,424,1628,232,555,478,593,422,357,117,913,207,217,117,379,1722,117,1815,118,315,208,325
371,262,563,1480,405,685,2765,487,201,474,526,662,312,371,332,677,522,259,522,416,1614,232,555,477,3533,430,363,117,914,207,217,120,296,1713,117,1879,120,310,207,321
389,265,563,1456,408,2914,2755,483,202,478,526,658,315,366,332,685,532,261,518,419,1657,233,566,477,3429,430,365,115,909,201,1752,120,367,1726,116,1878,119,312,207,322
371,263,563,1456,408,2930,703,472,201,470,521,658,315,364,330,682,532,259,523,417,1639,235,561,481,458,306,354,117,641,204,1720,118,367,1726,117,1864,118,309,205,323
371,261,570,1463,416,2936,2713,469,201,470,528,2829,318,367,329,693,532,261,519,416,1627,233,560,481,458,307,352,117,643,202,1752,116,367,1750,117,1859,117,309,211,323
371,261,552,1463,419,3004,2719,469,200,470,544,2856,309,367,329,681,518,259,519,416,1627,234,560,479,458,307,351,115,643,202,1721,120,503,1750,119,364,117,309,210,324
392,277,568,1442,408,3028,709,469,206,472,521,2874,317,365,332,402,518,259,524,417,1635,234,549,474,2047,306,356,115,640,201,1747,118,503,1753,117,364,118,306,210,331
382,275,578,1463,404,2991,709,481,200,471,521,2832,317,374,334,395,518,259,525,417,1646,236,553,482,2047,306,353,118,640,201,1747,118,293,1753,117,1880,117,306,213,322
381,273,558,1463,408,3107,2936,481,200,445,537,2837,309,364,334,395,519,259,521,417,1646,236,2798,481,3405,304,351,118,642,201,1747,119,293,1777,117,1878,117,310,207,318
381,272,545,1476,406,3087,717,453,224,445,517,2837,333,367,335,395,519,258,529,417,1621,234,2747,478,2062,304,348,116,646,205,1747,119,367,1737,119,482,117,310,210,319
381,273,550,1476,406,3129,700,487,224,449,521,2873,333,367,330,395,518,265,523,417,1676,233,2687,478,2062,304,356,116,638,207,1696,119,364,1737,117,1904,118,297,217,324
380,286,544,1496,409,3064,706,487,213,449,540,2851,333,369,335,395,518,265,522,417,1623,233,2699,478,456,292,351,117,392,201,1747,161,364,1745,117,364,117,297,215,330
380,286,544,1485,405,3101,703,477,213,445,540,2851,307,363,329,401,522,262,519,417,1720,230,2699,478,2063,295,349,117,392,205,1747,118,365,1745,116,1889,117,295,215,321
375,288,555,1485,410,3057,692,477,213,445,527,2953,307,360,336,401,518,261,518,417,1621,231,2723,478,2063,295,352,117,390,204,1722,119,368,1745,116,481,117,295,216,324
375,275,544,1471,424,3069,698,473,216,444,532,2953,327,360,329,394,518,261,517,420,1689,235,561,479,593,295,352,117,389,206,1732,120,415,1742,117,482,119,298,216,324
375,277,544,1455,412,3062,706,480,215,450,532,2953,308,377,336,397,522,261,517,420,1620,236,559,480,458,295,355,118,385,202,1722,119,371,1742,117,1893,119,306,219,320
375,274,544,1488,399,3062,700,480,215,442,521,658,306,377,331,401,522,261,517,420,1681,236,549,489,2051,295,355,117,390,202,1722,119,293,1732,117,1889,118,306,218,322
397,272,556,1488,395,802,705,455,217,446,515,658,300,382,330,392,522,257,518,416,1681,231,552,484,2093,295,351,118,389,205,1718,159,382,1766,118,1863,117,291,220,322
417,387,555,1493,397,798,709,462,217,444,507,584,306,382,335,404,524,257,524,420,1675,233,563,479,2047,295,356,117,386,205,1720,119,365,1757,117,1919,117,292,220,323
417,387,571,1493,404,806,694,466,216,444,528,589,303,363,333,404,526,257,528,416,1673,235,553,479,2100,421,345,117,386,202,1718,119,364,1757,117,1863,118,296,219,320
380,387,563,1493,397,841,700,466,216,445,515,580,307,363,333,404,527,263,521,416,1685,233,553,479,2039,298,213,117,388,202,1704,121,368,1757,117,1859,117,292,216,319
383,383,563,1463,402,815,700,458,218,449,514,586,304,359,332,397,527,257,523,419,1645,233,549,485,2062,298,209,117,387,201,1720,117,366,1757,116,1893,117,292,215,319
380,525,558,1463,410,816,2933,458,216,408,515,580,303,359,333,397,527,258,518,421,1658,234,560,480,2090,300,210,117,368,204,1704,159,415,1757,117,1919,118,296,215,321
381,512,568,1454,401,808,692,462,216,408,530,580,304,375,332,397,527,256,518,419,1645,232,552,482,2090,295,211,117,368,201,1733,119,317,1732,119,1868,117,289,215,321
394,523,579,1475,403,808,2933,462,218,405,517,582,306,375,332,397,518,258,515,414,213,231,551,480,2081,297,209,117,367,201,1719,118,357,1748,117,1886,118,296,216,321
392,510,563,1257,409,835,704,462,220,408,515,582,304,417,332,397,525,259,517,420,348,221,553,480,2050,298,215,116,370,202,1733,118,382,1733,117,1859,117,289,216,322
392,521,563,1257,404,836,2910,445,213,403,518,590,309,417,332,398,522,261,516,414,1642,221,555,482,2050,298,210,116,366,200,1719,120,494,937,120,1870,117,295,217,317
393,511,707,1238,401,3203,705,445,216,403,582,582,309,361,331,401,522,259,516,421,1684,221,553,490,2063,298,212,116,372,199,1712,160,805,937,120,1880,119,288,216,325
393,518,694,1238,415,3126,694,438,217,413,511,446,306,366,331,395,522,261,519,420,1821,220,553,490,2050,300,211,117,367,204,1709,117,368,937,117,1868,118,288,216,319
393,515,706,1252,420,3160,2925,444,217,413,519,456,309,365,331,397,519,261,511,421,1640,220,545,490,2033,300,211,116,364,202,1706,117,369,1737,117,1883,118,286,217,321
381,515,698,1260,420,3166,2925,469,217,413,519,456,306,363,332,397,524,257,516,411,1821,220,545,487,2051,300,212,116,370,200,1712,117,317,1737,117,1914,119,278,217,315
376,529,698,1273,430,3166,2925,461,217,412,540,447,306,385,335,397,521,261,513,411,1746,222,549,516,2058,299,212,117,365,200,1707,117,376,1766,119,1870,118,279,206,317
381,529,687,1273,439,3093,697,453,217,410,540,447,303,389,335,397,519,255,513,411,1668,222,555,516,2051,297,212,116,366,202,1707,121,376,1747,118,1873,119,357,208,317
376,527,686,1274,439,3108,2933,451,217,404,537,448,306,387,335,397,519,255,510,414,1746,222,2702,516,2080,621,212,116,372,201,1763,117,368,1747,118,1880,117,360,205,317
371,523,686,1274,421,3116,2935,456,217,404,537,445,304,389,332,404,517,255,511,421,1694,222,2670,505,2033,621,211,116,363,201,1763,117,377,1736,118,1883,118,359,205,317
376,527,686,1273,432,3152,687,456,216,406,537,445,306,390,336,404,525,259,508,415,1657,222,2670,529,2100,296,209,117,367,199,1763,117,368,1736,118,1864,118,495,205,344
374,527,673,1267,424,3093,2911,451,212,403,537,456,306,389,336,400,519,259,513,421,1627,224,2680,529,2046,296,210,115,368,201,1763,117,333,1742,117,1864,117,507,208,313
371,572,663,1265,431,798,2921,451,212,403,537,3410,304,389,336,395,519,259,499,421,1768,224,2586,529,2083,296,210,115,365,201,1735,118,366,1721,117,1873,119,499,205,313
374,548,688,1271,433,806,627,329,216,410,537,3387,306,383,331,397,521,255,522,413,1769,220,2668,530,2083,296,212,115,365,201,1763,117,366,1768,117,1873,117,499,205,317
375,534,676,1271,430,794,2925,326,216,410,537,3456,308,387,332,402,521,255,511,421,1634,218,2668,523,2090,296,212,116,369,205,1702,119,369,1735,117,1882,118,483,205,314
374,552,720,1302,434,798,697,325,216,401,458,3456,308,385,332,397,530,255,510,421,1769,222,564,530,2050,293,117,116,365,201,323,118,376,1735,119,1860,119,482,205,318
374,544,695,1212,430,796,621,329,216,406,458,3408,308,386,332,400,518,258,502,421,1746,222,547,523,2041,293,117,116,370,201,1735,120,360,1727,117,1864,119,483,205,319
374,544,709,1212,460,809,697,329,211,408,482,3373,307,392,332,499,517,258,503,411,1668,222,547,529,2041,293,117,115,368,202,323,117,360,1727,118,1866,117,485,204,326
374,561,687,1155,461,3051,608,313,215,403,481,3358,303,399,332,490,517,264,507,411,1746,222,547,525,2044,424,120,115,366,201,322,118,487,1727,119,1866,117,483,206,324
374,564,688,1155,432,3045,687,313,215,403,458,3356,307,399,331,490,517,259,507,421,1676,220,553,528,2051,424,116,118,364,205,323,117,377,1726,117,1873,117,480,205,318
378,461,665,1165,428,2990,608,315,211,410,467,3385,307,385,332,480,521,259,507,416,3212,219,553,525,2046,424,116,115,363,204,323,118,359,1761,118,1864,117,480,205,318
376,398,675,1151,430,3018,627,325,213,410,498,3385,311,389,334,461,521,259,507,421,1720,222,548,525,2045,424,116,116,364,202,326,158,359,1743,116,1866,119,483,202,311
372,395,691,1155,423,3128,619,325,213,406,472,3373,307,390,334,479,516,259,502,424,4214,221,546,522,2033,424,117,124,366,206,326,118,299,1743,118,1908,119,479,202,322
371,391,683,1155,426,3054,627,325,212,410,470,445,311,387,334,488,521,259,507,416,1689,221,528,533,2078,298,118,115,363,201,320,118,366,1724,118,1894,118,483,202,318
372,398,684,1155,602,3102,623,325,212,411,459,446,311,393,334,552,521,257,507,416,5315,223,556,534,2078,299,116,115,361,202,325,117,697,1724,118,1858,117,483,202,314
371,386,684,1163,573,3103,610,329,218,405,459,446,308,388,336,480,517,257,507,422,5466,221,544,529,2047,304,117,115,363,202,320,117,697,1724,118,1858,119,479,202,315
379,397,672,1163,573,3070,621,322,215,404,466,466,464,388,332,482,517,257,507,420,1673,219,555,522,2083,304,117,120,364,201,325,117,364,1646,118,1858,118,479,202,318
378,388,688,1152,566,3129,612,322,215,401,455,356,460,393,336,472,522,426,507,422,5466,220,550,522,2033,304,116,116,216,201,320,122,375,1646,118,1858,117,481,206,319
379,386,670,1147,563,794,609,322,213,401,460,322,464,393,332,472,522,426,507,422,1685,224,556,528,2044,298,116,116,218,201,325,120,363,1637,118,1887,118,481,206,320
379,386,681,1160,571,799,608,322,213,405,480,321,712,388,335,471,522,426,504,416,5625,223,547,527,2041,302,118,117,221,201,323,170,363,1627,124,1857,117,479,204,314
378,390,681,1163,600,794,606,331,213,409,465,321,464,360,335,473,527,416,521,413,5458,220,547,527,2044,302,118,115,220,205,323,120,377,1627,124,1857,120,479,204,319
382,385,674,1163,558,790,606,325,216,409,483,323,450,360,336,470,527,414,510,411,1658,220,542,525,2044,302,118,116,217,204,323,121,359,1652,124,1858,117,479,201,319
378,385,674,1152,564,791,610,325,216,410,476,320,450,363,336,466,518,410,512,416,5413,220,551,270,2044,302,118,116,219,204,325,119,372,1652,124,1868,118,479,205,319
377,390,672,1152,552,794,612,325,215,415,476,325,460,371,331,473,526,414,515,419,348,222,2735,270,454,293,116,115,219,206,323,119,372,1637,126,1857,117,482,202,312
377,390,673,1156,564,794,610,325,215,411,476,322,450,371,332,469,516,412,515,425,5443,224,2735,283,2046,295,117,115,221,200,323,119,364,1637,124,1857,117,482,207,312
377,387,679,1139,564,795,610,313,215,409,458,323,449,361,332,473,521,414,387,419,5454,221,2699,279,454,295,117,117,218,202,208,118,365,1629,125,1864,117,479,207,315
377,388,694,1135,549,811,609,327,267,409,473,319,446,371,330,479,521,411,383,419,379,219,2688,279,2078,296,116,124,219,201,208,118,365,1621,124,1868,117,474,201,314
381,388,668,1078,557,789,616,327,230,410,462,319,454,392,334,479,523,411,383,415,1821,219,2599,279,465,715,116,116,220,201,208,120,370,1639,125,1842,117,479,201,313
380,390,674,1078,562,796,616,324,229,406,474,319,449,392,334,472,523,408,382,414,5604,220,2589,278,465,715,118,116,222,205,208,121,370,1639,125,1849,117,479,206,312
380,390,669,1077,550,806,608,326,229,406,465,320,447,377,333,472,523,410,382,419,5451,220,2663,273,2065,715,116,117,221,199,332,121,355,1623,125,1842,117,481,206,312
380,388,683,1077,545,796,614,323,227,408,471,324,447,375,336,480,521,410,385,417,1653,220,547,273,2043,298,116,116,217,200,208,120,355,1623,124,1835,117,483,206,320
381,272,675,1086,552,3070,615,323,227,406,461,321,449,365,332,469,523,417,382,417,5395,220,551,273,2108,298,117,116,219,202,332,120,363,1634,125,1849,118,476,201,319
379,280,668,1086,548,3093,615,323,227,399,477,319,447,363,336,479,523,406,386,422,1694,219,549,269,2108,298,119,116,219,198,332,120,372,1663,125,1834,117,476,201,317
375,300,669,1086,567,3110,605,326,228,406,473,319,454,363,332,476,516,406,383,420,5447,218,555,265,2033,298,117,116,218,198,331,118,366,1614,124,1835,117,471,201,319
379,296,675,1087,546,3037,610,326,228,402,467,321,454,364,331,477,527,405,383,420,5423,218,549,265,2044,298,117,116,217,201,331,121,366,124,118,1835,117,485,201,314
379,296,675,1087,544,3037,621,325,228,412,458,321,454,364,331,477,515,406,383,420,1768,220,545,265,2043,300,117,116,218,201,343,121,504,124,118,1834,117,473,200,314
376,297,675,1088,553,3035,621,325,228,412,462,320,450,366,333,471,515,406,386,420,5492,220,541,265,2063,298,116,116,218,200,331,120,357,123,117,1834,117,480,202,317
372,299,683,1091,567,3046,612,321,229,404,461,320,447,371,330,484,525,406,383,420,1769,220,541,269,2063,296,117,117,216,200,334,120,361,123,117,1857,118,479,202,314
372,295,665,1085,547,3043,610,321,230,403,451,323,449,361,332,468,525,415,381,420,5492,220,541,267,454,296,116,117,218,198,334,123,361,123,117,1852,117,479,202,318
372,293,664,1085,551,3125,616,322,230,403,450,298,447,364,331,471,540,412,383,423,5524,220,547,267,2050,298,117,117,221,200,327,123,355,1642,115,1849,119,477,201,319
371,296,658,1087,556,3053,610,325,229,408,450,309,447,364,332,470,532,415,382,417,1687,221,548,264,2050,292,117,117,221,201,334,121,355,1646,118,1852,118,477,201,314
371,302,686,1087,550,3034,614,325,225,409,485,242,448,358,332,472,530,415,385,423,5592,221,552,269,465,292,117,117,219,199,334,122,391,1648,118,1859,117,469,204,313
371,300,669,1087,563,3014,615,352,225,409,472,243,448,369,332,467,530,408,385,423,1641,219,552,265,2046,297,117,117,219,201,327,118,391,1648,118,1859,118,469,200,324
389,295,674,1069,563,3026,612,493,229,409,457,242,448,363,333,470,527,408,387,420,5584,219,545,265,2051,292,117,116,218,198,327,117,368,1646,119,1845,117,477,202,345
371,299,669,1069,557,2985,637,448,229,409,449,242,455,364,332,468,527,408,383,423,3212,218,545,265,2108,296,117,116,219,199,327,119,366,1646,117,1848,117,488,202,345
374,298,666,1095,553,3034,621,448,229,409,467,242,449,368,332,466,529,408,387,421,5388,219,549,269,2105,297,117,117,219,199,335,117,368,1633,119,1859,119,482,202,438
389,297,679,844,558,3036,635,453,227,408,457,242,447,368,330,482,529,411,380,421,4214,219,549,268,2105,297,119,120,219,200,329,118,368,1633,119,1859,119,482,201,424
366,300,657,844,552,808,621,453,227,411,455,242,455,419,331,479,529,411,385,419,5388,216,576,269,2063,297,118,115,221,200,329,118,406,1633,118,1857,117,483,201,427
397,299,689,842,546,808,600,457,233,415,466,242,447,365,333,473,529,412,382,421,5315,220,562,266,2114,300,119,115,222,198,330,118,361,1639,116,1852,118,483,206,427
371,297,671,842,562,793,629,459,233,416,465,242,446,370,331,3551,532,412,383,419,3122,218,562,266,2114,301,117,117,218,202,326,118,360,1616,117,1857,117,480,200,423
404,301,671,849,553,787,636,451,229,413,480,242,456,370,329,3469,532,412,383,419,3122,221,2734,266,2114,301,117,115,219,205,330,119,360,1616,117,1857,117,481,200,402
395,297,671,558,553,755,602,451,228,411,466,244,449,368,329,3456,532,412,389,426,5625,221,2799,266,2050,301,117,115,120,205,330,119,361,1617,117,1852,118,480,209,401
404,290,668,558,551,754,612,453,228,411,483,241,450,368,330,3446,527,411,383,420,1796,218,2482,266,2061,302,118,119,117,202,330,119,391,1617,120,1878,118,488,235,397
400,300,665,564,561,731,602,453,222,405,462,241,447,366,330,3433,524,412,387,426,1763,218,2487,268,2061,719,117,119,118,206,327,117,360,1639,117,1859,118,488,235,398
403,293,677,564,569,739,610,461,216,409,474,241,450,366,333,3433,524,415,383,426,5458,219,385,266,2049,719,117,116,117,206,326,119,360,1645,119,1852,117,481,240,395
400,299,658,558,561,2973,630,461,212,409,468,244,446,363,332,3488,528,415,380,426,1733,219,386,265,2037,719,116,116,117,201,326,117,376,1645,116,1848,117,481,240,399
401,291,674,430,556,2856,630,461,216,409,468,243,451,363,329,3488,525,411,383,420,1799,220,390,265,2040,293,116,117,119,201,330,117,289,1618,117,1852,120,476,240,695
400,295,676,425,550,2914,609,461,218,408,469,243,446,369,329,3528,532,412,382,420,5413,220,382,265,2037,302,117,115,117,205,325,119,329,1662,120,1848,117,476,276,553
401,295,654,392,548,2849,614,461,218,411,461,243,446,369,329,3449,538,415,394,420,5454,222,376,265,2074,300,119,117,119,202,330,120,352,1662,117,1848,117,481,255,555
403,297,665,392,555,2845,614,484,213,411,476,243,445,370,329,3443,538,412,409,424,1753,222,376,266,2078,296,116,115,118,205,332,119,329,1622,120,1878,117,483,255,552
401,291,664,395,551,2845,600,481,213,409,482,243,446,361,327,3559,525,412,389,423,1753,216,377,268,2105,300,117,115,118,201,326,117,365,1622,120,1850,117,483,255,552
403,291,652,395,555,2858,602,481,215,409,479,242,444,361,327,647,525,412,401,424,5604,216,382,266,2091,296,117,115,117,202,332,117,370,1626,117,1852,117,481,253,552
403,296,651,395,547,2882,623,539,216,406,479,242,444,361,327,466,528,435,391,424,5451,218,381,268,2090,300,117,116,119,202,330,117,360,1608,117,1850,118,481,254,571
402,296,668,393,556,2849,618,539,217,406,457,242,444,361,327,466,532,438,397,421,1760,220,383,263,2090,292,116,117,117,202,330,117,370,1666,117,1850,117,477,254,558
400,300,663,393,548,2931,607,510,216,409,479,242,444,363,256,478,532,435,398,420,537,221,376,263,2089,292,116,117,118,201,330,240,370,1614,118,1881,117,477,254,550
400,300,653,393,547,2844,615,510,216,408,480,242,448,359,327,461,528,434,393,421,5395,218,379,263,2061,296,117,117,118,201,330,242,363,1614,118,1885,117,478,254,277
400,303,665,391,550,2843,615,503,216,408,460,242,448,361,254,468,528,437,390,420,379,219,385,263,2041,296,119,126,118,201,330,239,363,542,118,1848,117,479,256,275
400,299,658,393,559,2843,628,503,215,404,569,241,449,361,254,465,529,437,402,420,5423,219,389,268,2041,296,117,114,118,200,330,242,395,542,118,1835,118,467,255,266
397,297,643,391,545,706,614,503,215,404,553,241,450,368,255,476,529,431,392,422,252,218,383,266,2043,296,117,117,119,200,330,238,352,225,118,1835,117,476,255,266
411,297,658,391,549,702,603,483,212,405,549,246,444,368,254,468,529,431,392,433,252,218,391,268,2067,297,117,117,117,199,327,245,501,217,117,1835,117,477,255,289
397,302,650,393,545,703,601,483,212,403,549,246,449,363,255,470,515,437,394,423,5492,217,390,269,2094,297,116,115,118,199,327,245,329,218,117,1871,117,474,253,309
402,299,653,393,551,698,623,490,212,403,540,243,446,363,255,470,515,431,398,423,1737,219,387,272,2037,297,117,115,118,201,327,239,370,216,117,1904,117,462,249,317
393,273,653,392,570,697,605,490,217,405,556,241,444,360,255,466,515,435,395,424,5524,219,382,272,2078,299,117,116,117,205,334,241,368,216,117,1895,118,462,251,317
402,275,653,399,576,699,616,484,217,404,552,241,446,360,255,491,518,431,391,424,1649,217,397,272,2052,296,117,115,117,200,333,238,368,221,116,1848,118,467,251,317
402,275,660,394,564,696,606,503,217,405,560,243,448,364,255,482,513,435,389,424,1649,217,377,264,2052,296,117,115,117,201,333,235,363,213,116,1895,118,467,251,317
393,276,663,394,564,696,606,498,213,404,556,242,450,364,255,482,518,435,310,424,5592,216,377,264,2090,293,117,115,118,200,334,241,363,213,117,1895,117,464,251,317
393,276,640,391,566,699,615,498,215,404,556,242,450,361,255,481,518,433,293,425,1775,217,378,258,2090,695,117,116,118,199,332,236,325,221,117,1834,117,464,171,348
369,274,654,399,576,2879,614,498,211,408,564,242,445,361,255,479,527,433,399,424,5401,217,372,264,2095,695,116,115,118,200,323,235,370,1644,116,1885,117,464,171,628
393,276,658,393,580,2870,603,419,211,409,573,242,450,367,257,480,521,432,361,428,1752,219,371,255,2073,293,117,115,120,200,323,242,501,1644,117,1861,117,466,169,617
385,274,655,393,575,2933,603,401,213,411,537,242,446,367,255,464,521,433,365,424,5388,218,376,251,2041,290,117,117,119,200,330,239,363,256,117,1835,117,461,169,631
394,280,643,393,568,665,603,401,213,409,566,242,446,361,257,467,521,426,365,428,1754,217,368,251,2035,295,116,115,117,200,329,236,367,256,117,1861,117,461,169,609
385,274,674,393,575,662,603,413,215,405,560,244,446,361,259,467,519,420,364,421,3122,216,368,256,2050,293,117,115,118,201,330,240,368,1636,117,1904,117,464,170,655
394,277,674,393,572,673,604,414,213,405,561,244,455,395,257,470,519,424,363,424,1737,219,375,256,2094,297,118,116,118,199,329,235,375,1636,117,1862,120,464,173,640
393,275,654,393,567,527,604,412,212,406,552,243,447,379,259,472,521,420,368,421,1746,218,375,256,455,297,117,115,118,201,330,234,375,1651,117,1834,117,469,173,639
394,326,653,391,575,514,616,416,212,406,562,243,455,379,257,472,521,421,371,421,1746,220,369,256,2043,297,117,118,117,202,332,235,360,1651,118,1903,117,469,170,639
398,331,652,391,586,521,607,416,216,411,555,243,446,367,257,483,517,420,366,432,1746,220,365,255,2095,293,117,115,117,198,323,232,325,1651,119,1903,118,464,170,648
395,341,661,398,620,518,604,405,215,411,544,243,455,383,257,483,517,419,366,430,1763,218,369,255,2053,293,117,115,120,195,330,231,375,1630,119,1861,117,464,170,605
398,341,669,398,619,526,604,400,209,409,562,243,444,364,261,492,516,419,366,432,1837,218,368,254,605,301,118,117,118,368,333,238,318,1630,118,1872,118,466,168,629
394,341,649,344,669,518,606,400,229,401,550,246,453,364,256,490,516,419,367,432,1714,217,366,255,605,297,116,114,117,368,330,236,375,1635,117,359,117,461,170,634
405,342,652,345,647,518,603,403,224,406,535,243,444,468,256,472,515,417,371,425,1733,215,372,255,2041,297,119,114,117,358,331,238,363,1651,117,359,245,458,170,1544
394,337,661,338,655,525,615,403,224,408,535,244,421,468,259,464,515,421,367,422,1652,219,364,253,2070,297,117,118,118,360,332,233,286,1651,116,1853,240,462,169,1602
394,341,647,338,657,535,606,413,224,408,548,243,449,455,259,461,518,421,367,425,1799,219,381,255,2095,296,118,124,117,356,331,235,377,1634,117,1862,239,455,169,1602
397,340,650,338,645,544,618,398,206,412,545,242,414,455,256,467,518,422,372,424,1743,218,369,255,2070,296,117,114,117,353,331,235,286,1634,116,464,236,455,171,1550
394,326,647,338,638,537,616,392,206,402,567,240,417,451,257,467,515,421,367,424,1749,218,372,256,2059,290,117,115,121,381,331,231,375,1625,117,464,238,462,169,1498
397,329,647,340,640,537,616,390,206,402,558,240,417,451,257,467,515,415,367,424,1753,217,364,256,2035,290,118,115,120,375,327,230,375,1646,118,464,238,459,169,1507
397,327,649,340,640,537,616,390,346,405,538,240,416,451,258,465,515,415,366,426,1749,215,364,256,2048,290,117,114,117,376,331,231,285,1646,118,1903,235,459,167,1502
395,325,649,338,651,533,604,388,332,412,546,242,417,451,259,466,514,415,366,426,1760,217,372,252,2092,297,117,114,119,244,331,235,728,1636,116,359,238,468,167,1502
399,330,659,338,654,534,604,388,334,405,546,242,419,451,259,465,518,415,367,422,1734,217,374,254,2048,296,117,117,118,245,324,232,728,1626,116,1868,235,468,169,1518
395,330,642,346,654,533,511,379,331,406,558,243,419,456,258,464,518,421,364,426,537,218,374,254,2043,296,117,117,118,243,324,230,288,1666,116,1868,234,460,168,1878
395,273,646,345,647,533,511,395,331,406,538,241,419,456,256,464,518,416,368,424,1734,218,371,254,2057,193,117,115,118,245,324,235,318,1666,117,476,235,460,168,1878
393,272,662,345,647,536,534,395,331,403,532,242,417,457,256,464,518,421,382,428,379,220,368,254,455,195,116,115,117,243,324,232,285,1628,117,464,234,460,167,1878
397,281,650,345,642,546,615,379,327,403,556,241,417,450,257,469,518,421,386,428,1752,220,368,256,605,195,119,116,117,241,324,231,286,1628,117,1860,236,464,167,323
399,274,643,345,643,539,606,379,332,406,541,241,423,448,255,675,513,421,345,427,1664,216,371,256,2062,195,120,116,117,240,324,235,291,1650,117,1860,234,464,168,325
398,303,675,338,650,533,557,388,330,406,542,243,417,448,255,662,521,414,307,427,1773,217,376,258,461,194,118,116,120,245,324,231,287,1650,117,1867,236,461,169,325
399,301,672,338,664,534,616,416,330,403,529,243,411,440,257,669,521,420,295,419,1664,222,371,256,2070,194,117,116,118,239,337,230,291,1638,118,1868,231,468,168,325
400,315,691,340,650,534,515,416,329,405,546,243,416,440,257,654,515,414,296,419,1737,218,371,258,2054,189,116,115,117,240,324,232,728,1638,117,1857,240,469,168,1538
398,471,692,338,635,536,553,417,329,409,539,242,417,447,257,638,515,416,296,419,1727,219,371,256,2054,189,117,115,117,240,337,232,313,1638,118,1857,232,469,168,1482
400,492,693,338,636,538,553,417,332,412,535,242,416,454,257,638,516,415,299,417,1727,219,381,256,2054,190,117,115,118,241,337,232,317,1649,116,1860,231,459,168,1499
405,461,682,348,632,549,511,404,332,412,535,241,416,454,255,652,514,416,299,427,1649,216,381,253,2059,193,119,117,117,239,223,227,285,1633,117,1860,231,459,159,1523
408,470,681,348,629,544,532,413,332,403,544,241,415,450,256,645,514,383,299,417,1775,216,368,255,2048,193,115,117,117,235,223,229,288,1623,117,1893,233,459,159,1470
400,469,708,368,627,541,557,399,327,403,550,247,424,450,256,631,517,388,299,428,1775,217,376,255,2038,190,117,117,119,231,331,230,290,1636,117,1862,229,465,159,1470
400,443,721,356,645,533,563,401,327,403,534,245,421,449,255,625,517,383,298,421,1742,218,370,252,2038,195,117,116,120,234,332,232,285,1656,117,1835,232,465,159,1617
400,437,721,356,639,537,553,401,329,403,552,245,420,449,254,629,521,381,299,422,1725,221,371,255,2057,195,117,114,123,234,331,231,285,1656,115,1848,235,461,159,1484
404,466,721,358,648,539,550,403,494,406,546,255,417,448,254,620,419,381,293,421,1752,216,377,255,2057,191,117,234,118,231,331,231,291,1656,117,1845,229,461,159,1555
403,458,699,363,652,544,557,403,494,412,534,255,420,448,255,621,419,381,299,420,1754,213,376,252,2077,191,117,243,117,231,326,231,287,1623,117,1829,229,458,159,1475
404,579,706,363,638,535,553,399,564,404,550,257,420,446,256,618,420,387,293,424,1785,215,375,252,2057,190,117,218,117,231,334,231,287,1623,116,1893,233,460,159,1538
399,610,677,349,631,548,560,391,561,404,542,289,415,446,255,618,420,386,295,420,1737,216,376,254,2062,191,116,218,119,228,334,231,285,1632,116,1864,232,458,159,1627
401,600,645,354,642,537,558,391,561,397,537,266,420,446,255,616,421,386,293,420,1785,217,372,256,2048,191,118,221,118,232,329,233,313,1628,116,1833,228,459,159,1450
399,601,646,356,642,538,556,400,551,397,544,435,415,442,258,616,420,383,293,420,1766,217,367,257,2044,193,117,216,117,228,330,233,295,1628,116,1870,232,459,158,1478
400,621,654,356,651,533,557,388,551,402,540,437,413,442,258,616,420,386,296,420,1837,221,367,257,2054,193,117,217,117,232,329,232,286,252,117,1829,232,455,158,1452
400,612,648,352,632,546,557,393,559,400,548,431,411,448,255,616,423,386,296,424,1646,216,375,255,2097,193,117,217,118,229,329,230,317,1621,117,1898,228,455,160,1565
400,625,642,352,641,535,550,379,559,393,535,421,413,448,255,628,419,386,295,425,1714,216,374,254,2055,190,117,213,118,223,327,230,285,1621,117,1830,228,457,160,1588
391,628,647,352,634,535,558,379,572,393,535,421,413,442,257,618,419,388,302,424,1715,218,368,254,2101,190,118,211,120,225,334,225,292,1621,117,1833,230,460,159,1479
394,645,641,353,634,535,549,391,569,409,545,421,423,444,257,610,420,387,298,430,1781,215,369,257,2101,190,115,211,118,225,333,225,292,1622,117,1866,228,460,159,1487
391,645,641,349,648,534,558,387,574,402,537,421,413,444,255,615,421,389,298,422,1652,215,369,255,2038,191,117,212,117,229,333,230,412,1622,117,1866,229,340,159,1487
397,595,659,349,650,540,569,387,574,406,558,423,413,444,258,614,424,385,296,425,1748,218,374,255,2077,193,118,212,118,228,330,229,287,1632,116,1898,230,337,161,1487
403,595,637,349,651,539,557,399,592,404,540,427,413,445,258,608,424,392,296,422,1743,218,369,255,2090,189,117,210,117,227,332,230,375,1645,117,1866,229,343,159,1630
397,620,643,352,664,536,557,399,592,402,540,424,413,445,258,608,417,385,296,424,1748,216,372,255,2046,193,115,210,117,227,330,230,295,1645,238,1881,225,343,159,1470
401,617,653,354,533,533,558,399,605,402,545,422,415,444,257,612,417,385,299,424,1752,219,376,255,2069,191,117,211,120,227,330,230,734,1636,238,1849,225,355,159,1535
385,605,641,352,533,529,558,387,605,400,555,425,416,444,261,615,420,388,295,422,1765,217,376,255,2082,190,118,217,117,225,330,230,286,1636,216,1866,230,355,158,1511
398,607,642,356,556,536,555,386,605,400,555,425,415,446,261,612,420,386,293,424,1741,219,376,252,2048,190,118,217,117,223,329,230,284,1636,220,1835,230,355,161,1548
382,641,641,353,538,3528,555,391,598,398,566,422,413,446,258,612,419,388,318,422,1734,217,376,252,2097,190,118,213,117,231,327,230,472,1625,215,1835,231,356,160,1533
381,631,650,353,542,3520,555,391,596,398,562,419,412,434,258,606,419,388,306,422,1643,215,380,255,2084,190,115,213,117,231,327,229,395,1625,215,1835,230,356,160,1521
382,639,772,348,473,3592,559,380,581,402,559,422,419,434,258,606,421,388,304,419,1643,215,366,253,2052,190,115,213,118,228,331,228,472,1620,215,1881,230,363,158,1501
385,620,763,351,474,3506,559,387,581,402,541,417,417,457,259,606,421,385,308,420,1752,215,379,257,2101,190,117,213,118,223,329,229,375,1608,209,1853,227,358,159,1429
386,620,872,351,471,3534,558,387,585,403,540,417,416,457,259,603,419,385,303,420,504,215,370,257,2056,189,117,216,117,227,331,228,375,221,215,1859,228,351,157,1475
386,621,867,349,472,3534,559,399,587,404,553,422,415,450,259,603,421,385,309,425,3344,218,375,257,2056,196,118,216,117,227,331,229,940,221,211,1835,229,351,158,1475
480,713,862,351,472,3529,559,399,587,404,545,421,415,450,259,603,424,385,307,425,471,220,377,257,2090,196,117,216,118,224,329,231,940,216,211,1847,227,352,157,1480
480,704,902,351,470,3500,559,399,587,403,549,421,417,442,259,603,424,383,304,425,1772,220,369,251,2055,195,120,216,118,225,329,230,402,216,209,1863,228,353,159,1445
480,698,907,355,472,3584,558,414,587,403,549,421,415,436,258,603,420,393,306,419,1727,217,369,257,2048,195,118,216,118,227,330,230,734,221,209,1867,231,348,159,1445
478,688,901,347,480,3514,558,414,587,404,557,421,416,432,259,603,419,383,308,426,508,216,372,257,2082,195,116,216,117,224,329,233,493,217,212,1872,231,348,161,1445
469,700,901,355,477,3598,556,401,587,404,541,421,416,434,258,603,419,377,307,420,508,216,391,251,2097,191,115,217,118,224,331,228,493,217,215,1829,229,352,157,1445
478,693,904,348,476,540,556,401,587,404,538,420,412,433,258,624,422,380,309,419,508,217,388,255,2067,193,117,217,117,224,331,227,545,217,211,1863,224,353,158,312
451,693,910,348,485,534,561,392,587,401,544,417,416,439,259,591,421,377,310,420,1775,217,389,255,609,193,119,216,117,227,330,233,472,217,216,1863,227,349,158,312
446,666,810,344,474,533,558,392,587,411,547,416,409,439,259,604,421,382,314,419,1742,218,388,255,2075,191,118,216,118,223,331,232,472,217,209,1847,227,349,158,315
446,697,807,344,472,534,557,400,587,399,549,416,409,445,263,596,420,379,302,421,413,216,388,254,609,191,117,216,117,224,327,233,484,1653,215,1863,231,349,158,312
446,705,788,337,473,530,559,392,584,402,545,415,412,436,261,607,420,382,297,419,413,215,391,254,609,189,117,218,117,224,329,230,686,1643,211,1863,230,353,159,307
451,720,812,341,471,538,559,392,581,401,533,413,409,443,261,607,438,382,295,421,464,215,391,250,2044,190,119,216,119,223,327,230,940,1637,211,1851,229,340,159,311
446,721,1078,341,473,536,569,392,580,402,533,413,409,443,261,597,438,382,296,421,1745,220,389,250,2056,189,119,216,117,223,326,232,484,1637,216,1851,229,343,159,311
446,708,1080,341,468,537,559,376,580,402,541,416,413,573,262,595,438,382,293,421,1785,221,397,252,2127,190,116,216,117,223,326,233,501,1637,211,356,227,343,160,317
446,708,1115,341,471,532,556,376,582,406,536,416,409,573,262,600,434,382,302,421,487,217,395,256,2051,193,116,216,117,229,329,230,493,1630,215,1829,229,340,160,315
446,706,1057,338,482,521,564,395,584,403,529,415,409,582,266,600,434,382,307,426,479,216,388,158,2046,190,119,211,117,228,321,230,485,1630,211,1863,225,341,158,1491
449,710,1057,338,468,517,564,395,583,406,529,425,417,587,261,606,433,379,300,421,1766,215,386,158,2092,193,119,210,117,227,329,227,488,1639,213,464,225,340,158,1573
446,703,915,347,471,526,566,395,583,405,530,425,417,583,261,600,432,382,298,426,368,218,393,158,2057,193,116,211,117,230,323,1154,484,1656,210,1897,224,337,159,1523
449,720,915,341,470,523,555,393,584,403,540,414,421,585,263,595,432,382,295,426,1715,219,385,153,2092,190,116,211,117,224,329,1173,492,1617,211,1851,227,342,159,1523
433,617,1048,341,470,523,557,395,589,409,540,420,417,585,257,589,431,382,298,432,368,218,386,158,2039,194,118,210,118,227,329,1176,492,1652,211,1863,227,338,156,1463
434,620,1049,337,470,528,555,402,598,409,538,415,413,584,257,589,431,382,298,432,368,217,387,158,2045,194,118,210,117,224,332,1152,484,1652,211,356,228,338,156,1607
433,624,1050,337,478,519,556,402,585,403,473,421,415,600,261,603,435,382,301,432,1781,217,387,156,2045,194,117,216,117,221,332,1152,480,124,211,464,227,334,156,1466
439,624,1039,338,469,533,428,402,585,403,466,421,411,600,267,597,438,386,288,432,478,216,395,118,2097,199,117,216,119,228,332,1182,487,255,215,1854,225,336,156,1513
437,624,1055,338,471,533,428,389,572,405,479,412,413,630,267,602,438,386,284,424,1748,216,400,118,457,193,117,210,118,525,329,1152,487,255,209,1857,227,336,159,1513
439,615,1057,338,478,527,569,399,572,411,558,417,410,615,267,594,439,379,283,432,470,217,392,116,2049,193,115,210,118,519,329,1259,479,124,211,1857,225,336,159,1518
436,617,748,344,473,527,576,393,572,404,575,413,412,625,274,594,439,381,285,426,470,218,387,117,529,193,118,212,117,811,329,1251,485,1654,208,1863,227,338,158,1457
437,610,756,344,476,514,424,393,572,403,571,413,410,649,276,595,432,381,288,432,1752,215,395,117,2049,195,117,210,117,532,329,1262,492,1654,209,1896,227,338,159,1457
454,600,761,338,469,528,564,389,575,409,566,413,412,655,276,601,438,381,286,417,434,215,395,116,2127,191,115,211,118,3601,329,1229,206,1667,212,1848,227,343,158,1494
438,629,767,336,465,519,551,389,576,409,569,411,412,649,266,601,431,381,286,417,1772,218,539,117,2079,191,117,211,117,3611,326,1229,482,1651,209,1854,229,343,158,1609
438,609,645,336,465,522,421,401,576,405,569,417,415,649,265,585,432,381,289,417,469,219,536,117,2079,194,117,216,117,3566,329,1234,491,1651,210,1854,230,340,159,1518
436,615,640,342,468,522,555,400,572,405,569,409,416,653,265,595,432,381,295,417,1643,218,536,117,2051,194,118,216,117,3568,323,1241,205,1637,211,1845,230,336,159,1492
436,617,653,342,468,533,556,401,574,404,569,409,412,653,268,595,427,381,287,421,481,218,511,117,2079,194,116,216,121,3535,326,1233,482,1637,213,1857,228,336,155,1478
436,613,653,340,476,521,421,401,575,404,571,411,410,666,266,602,430,381,287,417,3344,219,510,117,2043,194,116,216,117,3592,323,1225,479,1642,207,1896,229,336,120,1485
436,612,652,337,469,523,421,409,578,405,568,415,411,663,266,596,430,379,292,417,471,216,501,117,2053,195,116,208,117,3543,331,1241,202,1675,206,1857,233,337,119,1467
436,618,640,337,469,536,428,409,578,405,573,415,406,658,288,594,436,379,287,421,471,218,503,117,2047,195,116,209,117,3623,329,1228,202,1675,208,1848,233,336,118,1599
436,605,647,338,467,527,424,394,573,404,567,412,410,636,286,606,432,379,285,422,500,218,498,117,2045,194,116,209,117,3729,331,1225,206,1626,206,1848,231,331,120,1469
438,624,652,338,476,530,428,394,573,404,568,410,416,647,288,596,432,379,286,420,448,221,493,117,2056,194,115,209,117,3710,331,1224,480,1626,207,1849,231,338,118,1470
433,612,645,338,479,523,428,394,573,412,580,410,411,636,288,605,428,379,286,420,448,220,495,117,2094,194,118,209,118,3685,218,1224,206,1608,206,1848,228,338,118,1461
438,608,648,336,462,527,428,394,575,412,570,422,416,677,288,614,428,388,284,420,411,220,500,117,2046,194,117,209,117,3635,218,377,205,1608,209,1857,227,342,120,1594
438,606,636,336,471,524,421,394,575,408,574,422,411,655,262,612,434,381,285,420,508,215,500,117,2049,194,116,213,118,537,218,381,207,1608,209,1851,227,340,118,1502
436,592,648,337,465,526,417,391,575,405,572,414,417,661,262,621,434,388,290,421,483,215,498,118,2082,193,116,208,118,536,220,380,205,1614,207,1851,224,340,118,1465
438,590,647,337,464,521,417,409,574,403,566,414,408,661,279,718,530,388,286,420,483,218,496,118,2082,193,115,208,117,660,221,377,257,1614,206,1861,227,342,118,1466
436,597,652,341,468,522,421,409,569,403,568,421,417,645,279,710,530,387,285,420,413,218,502,117,2049,193,115,208,117,361,221,382,206,1640,210,1861,231,337,120,216
436,598,641,337,470,526,419,410,564,402,576,421,409,645,279,710,530,387,287,446,483,219,498,117,2042,190,117,206,117,377,221,382,202,1640,210,1847,229,334,120,210
439,624,646,337,461,522,411,410,566,402,618,420,417,634,2519,710,513,387,288,450,464,219,493,117,2079,195,117,207,117,335,211,379,293,1613,210,1847,229,334,120,210
446,595,657,345,465,522,411,406,571,402,574,421,409,634,2519,710,513,386,287,446,483,216,500,117,2042,195,120,207,117,369,210,381,293,1653,205,1851,228,336,120,244
439,535,652,345,464,522,427,394,571,404,561,416,412,533,2519,697,513,380,296,446,470,217,512,117,2041,193,115,207,118,370,211,378,278,1653,208,1851,232,336,119,231
433,535,654,345,479,519,428,393,563,410,563,416,409,529,2519,697,518,386,303,444,478,219,499,117,2053,191,118,210,117,380,211,382,205,1608,206,1850,225,334,120,1905
433,541,645,337,471,529,411,393,563,410,548,416,412,530,2495,700,518,387,301,447,479,219,505,117,2040,191,116,210,117,379,207,383,205,1641,204,1850,227,334,119,1905
431,534,672,338,474,526,426,393,562,404,547,420,411,538,2496,714,510,387,304,444,470,219,492,117,2040,198,116,208,117,365,207,385,290,220,207,1849,228,337,119,1270
446,508,647,338,468,524,397,412,562,403,547,417,411,530,2496,706,508,387,304,453,473,217,496,117,2094,198,115,208,117,369,331,378,290,220,205,1847,225,341,120,1540
446,527,658,338,465,521,417,394,564,403,547,415,411,530,2496,700,516,382,309,446,368,216,499,117,2056,197,117,208,117,357,208,379,257,218,205,1873,228,341,120,1415
432,491,658,340,459,528,424,394,564,402,544,421,414,534,2493,619,516,385,304,453,479,220,498,117,2100,197,117,208,117,371,331,379,288,218,204,1856,228,338,120,1297
438,502,642,340,466,518,390,421,558,402,545,424,406,528,2483,584,518,385,301,448,479,218,500,118,2100,197,117,207,117,358,213,375,262,220,207,1850,230,359,123,1462
442,501,661,342,468,524,411,421,560,406,555,426,414,532,2483,594,508,378,317,445,471,217,508,117,2048,196,117,207,118,361,208,377,206,220,205,1851,228,359,123,1462
432,500,646,340,469,528,415,405,563,406,555,427,410,532,2483,587,508,385,319,448,471,217,496,117,2087,194,120,211,118,333,213,382,278,121,205,1855,225,349,121,1462
432,621,635,340,469,523,394,411,560,401,555,1858,409,541,2518,580,510,382,321,444,478,217,496,118,2082,194,117,211,117,343,207,382,284,121,204,1873,227,349,121,1462
432,623,655,340,469,523,411,392,560,402,555,1821,409,541,2479,585,474,382,323,444,451,213,504,116,2042,194,118,208,120,332,208,375,275,121,202,1873,227,341,130,1335
442,625,654,342,469,523,415,392,560,403,551,1844,410,546,2518,585,474,381,323,444,470,218,500,117,2040,193,118,207,118,334,207,379,290,256,204,1893,227,341,130,1290
432,575,654,336,474,525,379,392,563,400,548,1825,409,538,2518,582,482,383,322,443,451,217,510,117,2100,193,116,210,117,357,206,379,309,123,202,1857,230,334,120,1381
439,601,640,340,458,523,390,399,563,400,542,1848,411,538,2483,582,492,379,317,443,420,218,498,117,2100,193,116,210,119,341,205,380,309,1622,200,1901,228,334,128,1282
436,601,640,340,459,522,390,399,564,403,545,1848,410,530,2498,581,481,378,321,445,434,217,504,117,2042,193,117,210,117,347,206,377,210,1622,202,1890,228,334,120,1424
439,627,643,340,470,522,377,398,564,403,544,1858,411,532,2498,595,484,379,320,445,472,217,492,117,2040,194,117,206,117,355,208,375,262,1675,200,1893,227,334,120,1319
442,602,660,340,459,517,377,394,566,403,541,426,411,532,2492,576,484,379,323,445,480,216,511,117,2100,193,117,207,118,342,208,374,293,1675,204,1873,227,337,120,1402
435,612,650,333,459,525,394,394,566,400,571,426,411,547,2492,583,492,385,317,444,467,218,524,117,2043,193,120,209,118,329,205,376,293,1658,202,1841,229,337,123,1269
442,603,639,333,467,526,379,398,566,400,541,430,411,547,2492,579,492,381,318,448,481,218,515,117,2043,193,120,205,119,338,209,375,194,1627,201,1841,229,337,123,1276
433,637,658,337,458,528,392,419,566,403,546,427,413,547,2549,583,483,383,318,442,480,217,517,117,2087,195,117,206,119,338,205,377,284,1627,202,1853,229,337,123,1468
435,636,642,337,470,517,390,404,566,401,551,425,413,538,2492,585,492,378,319,445,471,217,510,117,2042,195,118,209,119,356,206,380,307,1627,207,1890,228,333,119,1263
433,660,652,336,470,522,401,404,566,401,537,422,410,530,2549,595,492,380,320,445,364,216,502,118,2048,195,116,207,119,340,211,380,307,1617,201,1899,224,336,120,1493
430,609,639,336,453,528,401,404,562,406,535,422,413,498,2492,632,482,378,340,445,448,218,511,117,2099,197,117,207,117,355,211,377,239,1617,204,1899,224,337,120,1422
437,627,638,335,455,519,379,415,562,406,537,461,408,498,2511,596,482,381,327,445,462,218,504,118,2040,197,117,206,116,357,209,378,286,1620,202,1841,227,342,120,1292
431,637,649,338,464,527,377,415,567,406,542,461,408,500,2511,589,484,380,334,421,462,218,506,117,727,191,117,206,119,347,209,383,297,1620,205,1865,231,337,118,1292
431,634,637,338,472,523,398,400,569,406,541,459,406,494,2503,589,482,381,332,394,411,217,502,117,727,196,117,206,117,348,209,385,297,1656,201,1851,231,334,118,1292
434,642,635,338,472,523,398,408,585,404,540,448,408,495,2503,584,482,378,327,421,462,216,502,117,2041,196,120,207,117,343,206,379,197,1607,207,1865,228,334,121,1312
430,642,648,337,462,530,399,408,585,408,537,1902,415,495,2491,586,482,378,315,400,483,217,500,117,2042,196,119,210,117,349,205,379,195,1607,201,1899,229,334,122,1498
434,632,631,337,457,519,379,406,571,404,541,1872,415,495,2494,582,482,378,319,394,480,217,502,117,602,195,117,205,117,346,206,435,293,1633,201,473,223,338,120,1305
430,640,647,337,456,519,399,404,571,404,537,1872,415,487,2494,592,482,379,315,400,480,220,502,118,2055,195,116,205,117,338,206,442,195,1633,201,473,229,338,118,222
430,640,655,341,454,524,378,401,581,404,542,1889,415,490,2480,580,483,376,318,400,483,215,502,117,2043,194,117,208,118,359,206,434,307,1633,201,1878,227,331,118,222
428,652,649,341,461,524,422,401,580,405,535,1889,405,507,2494,581,483,379,317,397,498,215,502,117,2086,198,117,208,117,344,206,434,292,1737,201,1858,227,331,119,221
430,638,648,336,464,529,401,401,580,408,535,1867,405,507,2494,581,464,374,317,397,470,216,488,118,2048,198,118,205,117,360,206,438,287,1737,204,368,228,333,119,221
430,632,652,354,457,522,410,394,575,356,542,1871,409,918,2480,574,464,377,314,397,498,218,496,119,2039,198,117,205,117,360,206,445,292,1713,204,1870,224,335,119,221
428,632,655,351,467,522,423,394,575,353,553,1851,405,3595,2480,575,449,374,317,397,399,217,501,117,2039,193,116,206,117,382,209,438,197,1719,200,1870,225,336,120,222
435,643,642,351,466,521,398,393,571,353,548,1851,406,3595,2462,581,449,369,315,397,364,217,492,117,2039,193,118,207,118,366,206,437,194,1699,200,358,227,335,120,221
426,650,646,351,467,537,400,410,569,352,537,457,412,3595,2462,585,457,371,317,397,473,116,506,119,2042,193,118,205,117,368,206,440,289,1699,201,473,228,332,120,209
428,636,661,352,465,537,423,410,569,352,573,457,406,3595,2462,582,457,369,315,397,487,114,506,118,2039,194,117,205,117,352,209,440,404,1719,199,1905,230,332,120,210
423,635,642,352,454,532,374,413,571,352,542,453,412,3494,2462,582,455,371,302,404,487,115,491,118,2053,194,117,208,119,356,207,442,195,1719,199,1905,229,333,120,211
423,638,638,351,450,529,445,419,571,352,548,450,405,3474,2462,589,455,370,421,399,479,115,503,119,2036,194,117,206,117,355,206,442,440,1742,199,464,228,335,120,209
423,638,645,351,453,533,422,420,564,352,547,449,406,3500,2473,585,454,370,400,404,700,115,503,116,602,194,119,207,116,343,208,440,440,1748,199,1870,229,341,119,212
424,607,652,351,458,654,422,411,564,352,540,449,405,3483,2473,579,454,372,403,404,471,116,499,117,602,194,117,207,117,340,207,436,288,1714,199,1837,229,341,120,210
428,607,553,348,460,654,423,506,564,355,540,451,406,3515,2467,575,447,371,392,395,375,116,495,117,2097,196,116,376,117,369,207,432,292,1702,199,1837,227,336,120,209
425,602,548,352,454,646,585,506,575,355,535,451,409,3515,2510,583,446,374,393,395,375,116,502,117,2097,196,117,375,117,372,207,436,306,330,200,1902,224,340,120,215
428,573,558,351,466,655,422,506,575,351,538,449,410,3515,2510,575,448,371,389,400,451,116,495,117,2097,196,119,372,118,370,207,438,306,330,204,1905,223,340,120,213
438,598,552,353,466,652,422,412,573,351,538,449,413,3547,2471,575,448,372,388,395,471,115,506,117,2038,198,118,372,118,367,209,438,306,332,200,1846,228,335,121,208
428,640,527,353,453,651,420,412,563,351,540,449,409,3547,2532,575,449,372,391,397,420,115,489,117,2087,195,118,374,120,367,205,445,293,331,201,1846,228,335,120,213
431,640,527,355,461,648,561,416,563,356,538,449,406,3548,2532,580,447,372,386,397,488,116,496,117,2087,195,116,378,121,366,209,439,194,329,207,1851,228,338,119,211
434,715,524,355,464,649,424,416,578,356,540,449,406,3586,2469,574,447,372,385,403,466,116,492,116,2035,195,118,372,117,361,209,436,413,329,207,1873,223,342,119,211
435,713,518,353,458,648,422,416,578,358,535,456,413,3586,2522,580,446,379,401,393,472,115,501,117,2039,196,118,371,117,365,208,436,375,327,207,1856,223,336,120,213
434,704,517,349,453,652,541,419,579,357,544,445,406,488,2522,579,446,375,391,400,467,115,498,117,2061,194,115,371,117,359,209,442,440,210,206,1883,228,342,120,209
421,704,526,349,468,529,422,419,567,355,538,447,409,488,2515,579,446,377,387,393,494,115,493,117,2061,194,116,372,118,329,209,443,400,344,205,1883,230,338,118,211
421,706,526,357,459,528,459,427,563,355,538,447,409,484,2529,586,449,379,387,393,495,114,493,116,2053,194,116,367,115,325,208,437,409,344,199,1846,225,338,118,210
423,718,518,357,460,535,585,427,573,355,538,450,411,487,2529,575,447,372,394,393,480,115,494,116,2053,194,118,367,117,333,208,436,306,1766,200,1851,224,338,122,213
421,717,516,357,456,534,459,427,573,354,538,450,411,484,2469,575,448,372,394,393,405,115,493,116,2050,194,118,366,117,340,208,437,404,1766,199,1878,222,334,119,432
422,680,514,359,448,529,562,414,566,352,533,450,409,498,2465,579,448,372,394,401,364,115,498,116,2050,193,117,369,117,332,479,437,399,1766,200,1849,225,334,119,324
421,680,527,359,457,538,451,423,560,352,540,451,411,499,2494,584,448,372,394,400,462,115,505,117,2046,195,116,369,117,332,479,435,312,1766,204,1883,228,337,119,1524
422,697,519,354,455,538,561,423,560,351,585,449,411,491,2443,586,451,375,400,401,467,114,535,117,2097,195,118,367,117,331,479,433,413,1766,200,1842,225,337,119,1540
423,692,537,354,458,528,545,427,560,349,584,448,411,501,2443,578,451,375,386,393,462,114,506,116,2056,197,116,367,118,333,478,439,312,1766,117,1878,225,333,119,1502
426,691,518,351,456,536,451,427,560,348,603,450,411,488,2548,578,447,377,389,403,467,117,510,118,2089,195,117,369,118,333,478,439,317,1738,118,1851,223,334,120,1480
426,707,516,352,453,536,541,427,568,346,590,450,403,490,2492,583,447,374,395,403,491,115,500,117,2087,193,117,369,117,335,478,436,400,1738,117,1851,223,334,120,1465
436,707,516,352,454,527,550,421,563,345,597,447,406,490,2492,587,447,377,393,389,485,117,511,117,2042,193,116,366,117,335,478,433,314,1764,116,1856,223,348,117,1465
425,615,530,356,448,527,462,421,563,346,591,447,408,487,2469,587,445,374,390,387,467,117,511,117,2055,196,119,366,119,335,478,434,314,1764,116,1874,225,349,117,1602
436,613,519,356,453,527,458,421,562,347,610,447,403,487,2488,586,445,374,390,389,480,117,510,117,2061,194,117,365,117,327,478,435,404,1759,117,1860,224,347,121,1487
425,613,529,351,461,522,451,421,562,347,596,447,408,482,2488,590,446,374,388,387,358,115,511,118,2061,194,118,365,120,331,478,435,359,1759,118,1860,225,336,119,1465
424,606,527,340,449,522,454,424,566,351,593,447,406,482,2467,575,444,375,390,388,498,115,503,117,2061,197,116,364,117,340,478,433,413,1717,117,1842,224,336,119,1536
419,628,524,340,453,522,454,427,562,352,608,448,408,482,2472,575,444,375,391,387,458,115,496,116,2037,197,118,369,117,338,478,433,425,1762,116,1851,225,341,118,1549
424,597,524,340,449,530,454,431,562,349,595,447,411,488,2472,580,447,375,391,386,399,116,496,116,2050,197,117,365,117,329,478,431,312,1752,117,1860,222,334,119,1452
424,605,524,338,450,528,454,444,542,354,595,444,411,488,2472,574,447,375,394,390,466,115,503,116,2044,197,117,365,117,325,478,439,311,1752,117,1862,229,334,120,1761
421,617,522,338,455,522,454,444,542,354,594,444,406,488,2544,575,447,372,389,386,478,115,501,117,2056,195,116,365,117,332,478,435,311,1757,117,1860,227,338,120,1506
424,597,523,341,454,518,453,425,545,354,606,447,403,482,2463,574,440,372,389,386,491,114,507,117,2054,198,117,367,1032,337,484,432,311,1757,117,1852,227,337,118,1472
421,597,528,340,456,527,462,425,544,354,603,447,408,481,2493,574,444,378,385,386,492,114,382,117,2072,198,119,366,1029,341,481,432,314,1757,117,1852,225,337,118,1463
424,610,523,336,451,405,456,425,544,353,603,446,403,502,2511,574,466,374,385,389,461,115,382,117,2053,196,119,366,1031,346,484,437,360,1716,116,1852,224,337,118,1437
426,630,530,336,451,405,456,439,544,352,604,447,408,521,2511,575,466,377,385,389,492,115,377,117,2042,199,117,364,1025,364,481,421,403,1715,117,1852,224,337,118,1652
421,604,525,343,454,408,454,426,544,354,594,445,408,504,2490,575,456,377,387,387,700,115,378,117,2042,199,116,370,1036,376,484,435,360,1752,116,1841,228,333,120,1444
426,616,521,343,459,406,453,428,544,352,604,449,408,504,2479,575,456,377,392,387,401,116,383,117,2097,199,117,363,1023,380,476,431,398,1752,115,1852,225,333,120,1609
426,612,522,340,451,406,453,428,544,352,596,443,404,504,2490,572,462,370,387,388,375,115,377,117,2043,199,117,363,1044,404,484,428,359,1742,115,1853,228,332,119,1504
420,725,524,337,455,403,453,426,541,353,596,443,405,507,2483,572,455,370,382,387,401,115,377,117,2043,193,117,364,1040,422,479,431,311,1742,117,1876,223,333,118,1482
425,741,519,342,464,408,451,431,548,355,602,445,410,495,2479,579,455,372,386,391,472,115,377,117,2091,193,116,361,1047,415,480,436,311,1742,117,1852,223,333,119,1591
420,741,519,342,455,405,451,431,548,355,600,442,402,504,2483,575,455,374,395,386,488,114,371,117,2037,194,118,361,1034,408,479,434,425,331,116,1860,228,334,122,1591
427,720,522,344,460,408,451,420,546,352,593,442,405,492,2483,580,454,374,383,386,472,114,368,117,2044,191,118,367,1026,437,479,438,311,333,117,1853,225,334,119,1528
422,710,522,338,477,406,454,420,551,352,587,442,402,492,2481,574,454,375,411,388,474,115,361,116,2087,195,115,367,1049,426,206,431,312,327,117,1889,229,330,119,1542
424,676,526,344,552,401,456,432,544,358,606,442,402,494,2481,574,473,375,402,387,466,115,372,117,2087,195,116,361,1029,433,206,434,402,327,117,1871,227,337,121,1542
422,670,525,344,464,403,456,432,544,358,594,448,404,489,2481,576,507,375,397,387,461,116,366,117,2057,195,115,364,1029,468,211,433,414,327,117,1851,229,333,120,1542
421,670,523,340,470,410,457,423,542,358,606,448,404,489,2449,567,515,368,392,391,467,114,372,117,2042,195,117,363,1023,461,208,433,360,327,117,1855,228,332,117,1477
421,605,525,340,467,410,453,433,548,358,584,448,405,494,2449,579,515,368,403,392,356,115,369,116,458,197,117,363,1029,466,208,433,353,327,116,1855,228,333,117,1843
421,592,529,340,474,405,457,433,548,358,589,440,414,482,2464,581,508,369,387,391,456,115,369,117,458,195,117,363,1026,458,207,433,391,329,116,1855,229,333,119,1843
416,598,466,340,481,403,459,424,545,360,595,440,408,478,2440,584,508,368,391,394,471,115,367,117,2080,195,117,363,1037,462,208,436,311,325,116,1860,229,336,121,1576
415,598,467,340,478,410,451,425,546,360,600,443,412,483,2440,573,508,367,382,391,405,116,365,117,2042,195,117,360,1031,473,208,437,415,325,117,1871,232,336,119,1444
416,598,464,340,471,409,451,422,546,354,591,443,408,483,2485,605,508,367,388,397,327,115,372,117,605,195,118,363,1024,459,207,428,415,329,117,466,224,336,119,1572
416,598,468,338,471,402,451,422,546,354,597,446,402,483,2440,605,421,367,381,397,327,115,374,117,605,195,117,363,1039,460,209,440,402,327,116,466,227,335,121,1572
415,598,470,338,478,408,461,422,541,357,596,446,409,491,2439,607,421,368,383,395,462,116,371,117,2088,194,117,363,1030,428,209,431,391,332,119,1860,229,333,121,1448
416,607,467,336,473,404,451,421,552,358,604,444,402,491,2439,582,421,368,383,390,342,114,371,117,2091,194,118,364,1016,451,208,431,312,332,115,1855,225,335,119,1585
416,602,459,337,468,406,451,421,552,358,589,447,403,491,2439,593,413,368,381,395,485,114,368,117,2090,196,117,364,1016,451,209,435,391,326,115,368,230,335,119,1433
419,614,471,337,468,411,454,419,542,356,617,444,408,492,2472,574,422,368,381,395,342,115,369,117,2090,194,117,363,1016,470,209,435,404,326,117,368,228,333,119,1550
415,614,457,337,461,411,456,419,542,356,603,444,403,537,2472,583,424,374,381,387,342,116,371,117,2090,194,115,363,118,468,386,440,394,326,117,1858,225,333,118,1444
419,607,460,337,466,411,457,436,542,356,604,445,403,536,2491,573,424,374,381,391,467,116,361,117,2087,194,118,366,117,490,378,428,353,325,116,466,225,329,121,1526
414,610,460,337,462,411,454,436,550,361,590,444,403,628,2453,573,372,371,383,387,342,117,367,118,2096,193,117,366,118,498,386,438,394,330,119,1873,231,337,121,1482
414,602,460,337,470,404,457,424,550,357,590,448,403,541,2453,572,372,374,386,386,358,115,370,117,2086,195,117,366,119,468,386,433,415,330,119,1873,227,336,121,1468
415,618,459,340,465,405,451,408,550,357,595,446,403,538,2453,578,372,378,380,397,1856,115,371,118,2042,195,118,363,117,464,375,431,393,331,114,474,227,332,118,1579
417,621,462,345,467,415,451,408,547,356,595,446,410,530,2451,570,374,378,379,390,466,117,365,119,2062,195,115,365,122,483,378,432,393,331,118,368,227,332,119,1450
417,598,462,345,466,405,451,408,545,359,591,443,413,544,281,572,374,378,386,397,1861,117,371,117,605,196,117,365,120,473,375,432,393,329,117,1855,225,333,119,1506
417,617,480,336,466,405,450,392,541,358,592,444,410,538,281,572,375,374,380,397,1871,117,366,119,605,194,120,365,117,473,378,432,393,326,117,1875,222,333,118,1574
417,609,460,346,468,411,454,411,541,356,589,443,405,538,279,575,375,382,380,397,478,117,378,116,2047,194,117,365,117,469,376,431,395,323,116,1843,224,336,123,1465
416,576,469,346,469,406,456,387,551,352,587,444,408,545,274,564,421,382,378,392,1871,115,372,118,2047,193,117,368,117,431,372,431,395,323,116,1860,227,314,123,1487
410,576,465,346,470,404,456,387,551,352,596,444,405,538,274,576,426,375,378,397,472,116,367,117,2090,194,117,361,117,484,376,433,464,323,116,1887,224,329,120,1487
416,605,459,346,466,405,455,399,545,355,601,450,408,550,273,587,426,372,376,397,1883,115,372,116,2056,194,120,360,119,489,376,433,394,323,117,1860,224,327,118,1475
416,605,465,342,470,406,448,399,546,355,601,444,410,553,273,581,424,372,381,397,465,115,361,116,2049,194,118,360,117,434,370,438,389,323,117,1855,222,327,119,1475
412,576,458,342,477,404,451,399,544,355,604,443,409,552,273,567,428,372,377,389,1831,115,369,116,2096,191,116,360,118,454,370,435,389,319,116,1897,225,333,119,302
421,598,462,342,478,406,453,412,544,357,590,444,405,552,273,575,421,374,388,388,401,116,371,118,2096,194,117,363,118,450,374,434,311,326,116,1875,230,357,118,302
412,598,460,338,465,404,460,403,541,359,602,444,408,555,274,576,421,379,380,389,1709,114,370,116,2043,194,117,361,117,451,370,434,393,326,117,1860,225,346,118,302
412,632,477,338,472,409,450,403,547,359,585,446,406,555,275,571,440,377,380,391,1844,114,370,116,2043,196,117,364,118,449,379,438,405,326,115,1896,229,348,118,302
423,632,470,341,462,406,456,398,546,353,603,446,409,533,275,571,446,380,382,388,472,117,368,116,2086,197,117,364,117,457,379,434,405,326,117,1860,229,345,118,307
416,598,478,341,460,416,454,412,546,353,591,444,406,533,163,573,446,377,382,390,1844,117,368,117,2062,197,117,367,117,459,378,428,311,324,115,1897,223,345,121,302
423,604,477,340,465,408,454,406,546,355,608,444,402,536,163,575,431,374,381,382,474,115,374,117,2048,197,115,365,118,459,379,432,395,324,117,1884,224,332,121,301
411,600,464,340,464,409,456,406,542,356,593,446,412,530,163,581,442,374,378,382,1823,116,366,117,2048,197,118,360,746,456,372,438,397,324,117,1884,224,333,119,308
417,587,458,340,465,412,449,413,542,360,595,445,413,535,217,579,440,374,378,392,1823,116,366,117,2057,195,118,367,243,453,372,439,397,327,117,1866,228,334,119,303
415,631,495,340,469,406,450,413,542,360,590,443,409,535,217,579,440,368,422,391,461,116,368,118,2047,193,119,360,235,473,370,432,400,327,115,1896,224,331,120,296
417,592,461,340,473,408,448,413,542,212,587,442,409,551,236,583,440,371,433,392,1867,115,374,118,2090,195,117,360,230,438,370,434,444,327,117,1865,224,331,120,1520
416,566,472,341,469,409,450,404,542,216,585,449,412,551,259,576,432,368,433,382,356,115,377,118,2039,195,116,360,224,451,370,432,389,320,116,1865,224,332,117,1520
412,606,467,344,458,408,448,408,548,216,591,447,409,551,254,585,432,369,428,388,1830,115,375,117,2048,198,116,361,220,453,371,439,444,320,115,1848,222,333,120,1528
415,589,466,337,453,411,453,408,548,216,589,447,262,551,259,583,435,369,438,382,1876,117,378,117,2049,198,116,361,221,435,375,442,310,325,115,1884,228,333,121,1528
416,567,461,340,457,415,448,408,540,218,586,447,262,548,245,584,435,368,438,386,466,116,378,117,2053,191,119,363,220,494,366,461,357,325,118,1860,228,334,120,1465
415,564,457,340,458,411,448,408,540,216,605,444,267,555,254,584,435,369,438,386,327,118,378,117,2053,191,119,363,225,485,368,465,450,325,116,1860,227,333,120,1545
416,630,458,340,457,408,454,408,540,227,719,442,262,547,240,571,436,371,444,386,1932,115,365,116,2053,195,116,359,219,490,370,482,425,325,117,1860,228,333,118,1436
415,609,461,345,456,409,450,400,540,227,709,444,263,545,240,570,433,371,440,381,1932,116,361,116,2062,195,117,359,224,490,368,477,459,329,117,1865,227,333,118,1453
416,593,462,345,456,415,449,417,540,227,704,448,263,548,216,574,433,371,437,383,333,116,366,119,2053,196,120,361,223,488,366,478,397,324,117,1865,225,333,1234,1511
416,624,461,340,457,408,454,417,540,224,703,444,263,542,236,574,431,368,443,381,1734,116,371,116,2053,195,120,361,221,489,366,481,444,324,116,1860,223,333,232,1577
416,620,458,340,454,409,453,412,601,224,698,440,261,542,236,575,438,369,444,385,342,116,365,118,2043,194,120,358,221,500,366,484,476,324,114,1860,225,331,232,1481
416,614,458,340,462,409,446,412,601,224,706,445,262,542,236,581,440,375,434,385,1850,115,364,116,2053,194,117,361,221,493,366,484,442,335,116,1860,224,333,229,1570
416,629,458,347,445,405,446,412,591,220,700,440,267,546,238,581,435,375,432,385,1850,116,364,117,2071,194,117,359,224,490,366,479,442,352,117,1865,230,336,227,1570
412,598,460,338,455,406,450,401,596,223,705,440,262,546,238,581,435,368,436,388,1850,117,364,117,2033,194,121,359,219,498,366,361,471,213,117,1865,225,336,223,1523
419,635,460,340,455,434,450,401,541,219,702,440,266,570,240,571,434,375,436,388,1830,114,367,117,2078,194,876,365,223,498,366,363,471,325,117,1889,225,332,223,1466
412,1146,460,340,457,427,448,383,579,219,706,445,263,561,229,571,433,369,430,388,1856,116,367,115,2090,196,220,359,220,501,366,358,365,319,117,1889,224,319,223,1459
419,764,459,340,457,422,448,383,579,221,697,443,266,541,229,573,433,369,437,386,1840,116,369,117,2047,196,211,363,220,492,371,361,459,329,115,1889,224,330,227,1554
414,770,465,340,455,422,448,392,547,221,694,442,262,535,241,573,434,369,434,381,1840,115,372,117,2039,196,210,360,224,492,366,360,459,329,117,1849,227,333,230,1554
419,771,460,340,456,436,448,397,547,221,687,440,267,547,228,573,440,370,440,386,1871,115,369,120,2039,196,208,360,939,492,366,360,386,325,117,1860,224,333,228,1492
413,768,459,340,458,433,449,397,547,218,703,444,262,547,242,573,440,371,436,383,1865,114,369,117,2054,191,212,360,1648,495,365,358,471,334,116,1889,227,333,228,1470
419,776,458,340,450,431,448,399,541,218,691,444,266,550,242,584,437,372,436,383,1844,114,364,117,2053,195,206,361,1368,492,365,352,461,334,117,1867,225,246,230,1514
422,760,465,340,453,437,448,401,541,223,696,439,266,550,233,584,437,370,439,388,1835,115,365,117,2053,195,208,366,1368,409,366,353,476,323,118,1865,230,250,228,1588
419,770,456,342,453,428,453,401,542,224,692,449,263,553,227,572,434,370,447,390,1883,115,376,115,2063,195,209,366,266,412,365,360,472,323,117,1842,229,253,228,1542
422,749,458,342,453,420,446,387,552,224,694,449,264,553,233,570,437,371,439,390,1816,117,372,115,2040,194,208,358,270,405,368,356,472,329,116,1861,223,250,231,1540
415,754,458,357,449,422,446,387,541,218,691,438,266,536,225,581,443,369,438,387,1831,117,376,117,2033,194,207,358,278,419,365,356,388,329,117,1849,228,250,231,1560
415,738,467,370,451,423,453,408,541,218,697,448,268,536,227,576,443,374,443,389,374,116,371,116,2053,195,207,359,276,422,368,258,471,326,114,1861,229,249,225,1439
415,771,458,355,458,426,448,404,541,227,718,438,268,553,227,579,443,371,436,387,1709,116,368,116,2055,197,208,361,278,411,368,257,518,326,114,1861,224,250,228,1474
415,753,458,355,453,421,447,411,541,222,703,445,263,532,224,568,436,372,436,389,479,117,374,117,2047,195,206,361,278,417,368,255,683,327,114,1855,229,249,222,1579
413,729,468,352,454,422,444,402,551,222,703,444,268,533,224,532,436,372,443,383,472,116,369,117,2042,195,207,360,336,417,372,257,386,327,116,1882,224,249,225,1518
415,750,450,353,457,422,445,402,551,221,697,443,264,530,225,529,435,372,457,383,1843,116,369,116,2042,191,208,363,343,419,372,256,471,322,116,1914,223,250,225,1518
413,763,450,358,456,421,448,379,541,220,703,445,264,530,239,533,434,372,460,385,472,116,366,116,2043,191,206,363,341,415,365,257,541,322,116,1892,223,250,224,1455
413,750,457,358,448,421,448,379,541,222,703,445,270,539,239,534,434,376,451,385,1823,116,377,117,2054,193,206,364,337,415,372,254,464,326,117,1861,224,254,224,1593
414,752,461,357,451,454,449,377,539,222,694,446,262,535,234,536,444,372,447,385,464,114,365,117,605,196,206,364,345,411,366,257,465,326,117,358,224,254,225,1460
412,752,470,357,451,519,449,383,544,224,692,445,264,539,239,536,444,372,447,383,464,114,364,117,605,196,209,358,356,416,366,263,609,326,117,358,221,253,687,1556
414,762,459,346,455,524,453,383,540,221,698,445,262,551,239,529,434,372,447,387,1867,114,375,117,2056,196,206,360,355,413,366,256,609,326,117,1843,228,253,391,1439
412,762,462,351,453,519,447,377,540,221,703,445,262,551,239,529,435,372,434,383,353,116,443,116,2059,196,207,361,360,423,369,255,518,326,117,1882,223,252,391,1560
412,772,454,351,465,528,443,374,538,222,702,442,270,538,233,532,435,381,437,387,1876,115,374,116,2063,195,210,358,353,412,366,258,601,332,238,477,220,252,379,1560
415,751,459,351,458,524,450,372,549,222,693,442,262,538,238,541,443,381,434,387,467,117,370,116,2059,195,211,358,353,411,366,257,601,332,234,477,229,213,379,1472
410,745,465,351,453,516,447,380,549,235,705,436,268,537,234,530,443,380,438,392,469,115,370,118,2077,195,209,357,352,415,369,257,683,323,234,1856,225,217,374,1472
415,738,459,352,458,519,445,380,544,244,705,435,263,537,235,530,443,381,431,387,1932,116,370,119,2226,196,208,357,352,420,370,257,541,322,235,358,223,213,370,299
414,720,458,352,449,519,453,412,545,239,709,437,262,536,234,533,433,372,435,387,1932,116,370,119,2053,193,207,359,347,419,369,249,600,322,233,1863,223,210,370,302
415,736,464,354,458,519,444,412,545,239,707,434,268,536,234,539,433,372,437,382,459,116,374,116,2230,194,207,360,347,415,369,246,601,324,230,1863,225,210,368,300
414,734,461,368,451,512,449,380,507,275,699,435,259,536,235,535,445,377,437,390,356,116,367,119,2042,190,207,361,351,415,367,247,601,324,230,480,225,211,368,306
412,738,467,368,443,505,446,380,507,275,692,434,259,532,227,532,445,375,435,382,1734,116,367,117,2219,193,209,358,344,416,365,247,609,323,224,477,222,211,369,306
410,742,460,360,453,508,446,413,506,273,587,442,266,532,242,532,438,375,435,382,476,115,367,117,455,193,209,358,344,406,366,245,591,320,223,1864,230,213,370,303
417,749,456,365,451,513,443,404,477,273,581,438,259,536,242,536,435,377,433,387,476,116,361,117,2219,194,206,361,352,422,372,246,591,320,225,1864,230,217,370,303
417,731,465,365,459,502,454,404,477,272,584,433,265,532,241,536,435,375,435,379,1850,114,367,116,2219,194,207,361,347,522,366,246,591,322,225,1863,222,212,370,297
412,733,465,368,453,505,446,423,478,279,579,433,269,532,241,532,439,377,433,387,472,116,363,118,2259,194,207,358,358,501,370,244,601,322,224,1863,225,212,365,298
412,733,461,368,448,508,442,401,476,276,580,439,263,530,225,532,439,379,432,385,1830,116,365,117,605,194,208,359,346,492,368,242,376,322,224,1898,227,213,366,293
420,734,472,367,461,506,453,401,476,275,584,433,269,544,225,534,439,379,432,385,477,116,358,117,2259,178,205,359,349,504,372,244,376,321,227,1899,225,216,364,296
412,740,466,367,451,508,442,400,476,272,595,433,266,536,225,535,446,379,439,380,1840,116,371,118,2059,182,209,359,346,491,369,250,597,324,227,1859,222,211,366,296
410,737,473,367,449,411,447,400,476,272,579,431,262,536,225,540,445,379,435,385,477,116,369,117,2202,182,209,358,345,491,369,246,600,323,221,1864,230,211,368,296
420,742,460,364,450,410,446,400,473,279,580,433,266,552,224,540,438,374,438,388,494,115,361,117,2202,182,208,358,357,496,369,244,379,323,221,1898,229,211,370,296
413,730,460,364,450,410,444,410,480,283,593,433,270,552,222,537,438,374,444,385,1865,116,360,117,2206,180,210,366,344,491,376,246,593,320,227,1853,230,213,370,298
413,737,460,342,451,408,445,390,470,281,592,434,270,534,224,533,446,374,442,386,458,116,360,117,2206,180,207,392,345,493,369,246,591,320,225,1888,228,212,370,297
413,731,476,342,456,408,440,382,470,278,582,434,263,534,227,535,446,377,442,385,1729,116,364,117,2226,179,207,389,343,495,376,245,380,323,228,1859,223,212,374,209
413,710,476,338,462,408,443,382,461,283,596,434,264,540,227,528,445,377,442,382,351,116,366,117,2259,181,209,389,348,494,366,245,371,323,221,1867,227,213,367,211
414,732,465,338,455,409,454,424,461,277,575,430,265,540,222,527,437,377,442,382,1816,116,363,118,2230,180,207,399,348,489,370,243,376,323,224,1867,227,211,370,221
415,720,462,338,453,406,442,436,465,277,578,430,263,594,238,530,437,377,438,382,460,116,360,117,2219,180,206,401,346,498,366,250,369,212,227,1860,224,216,370,211
414,722,471,341,459,409,446,436,467,279,581,432,263,669,234,533,437,374,436,388,374,115,341,117,2274,180,207,400,351,496,369,245,377,215,224,1860,225,371,369,207
414,708,466,341,454,417,446,413,467,279,576,434,263,669,232,529,445,377,442,385,460,115,342,117,2210,181,208,400,337,502,369,247,377,201,229,1900,227,371,368,208
412,710,467,340,455,410,446,413,479,276,580,432,263,643,238,534,445,374,444,386,479,117,346,117,2259,179,208,404,334,502,369,252,379,201,223,1853,395,370,368,212
414,741,483,450,448,415,440,405,479,279,576,405,257,643,238,537,451,374,444,388,464,116,348,117,2212,181,204,399,336,495,366,250,412,205,224,1867,388,370,366,215
412,730,484,450,451,430,442,405,473,279,576,380,257,662,234,540,449,374,443,388,354,117,343,117,2218,180,204,403,331,501,366,249,425,204,224,1849,383,366,366,213
412,739,474,438,449,438,448,409,473,280,576,380,261,662,232,533,448,374,438,383,474,117,343,117,2260,181,205,403,338,483,366,245,381,204,223,1849,379,366,364,213
412,732,472,438,450,431,440,403,473,280,579,382,267,643,232,540,448,378,443,389,354,117,342,117,2202,178,207,399,338,499,372,245,379,199,227,1859,386,366,366,213
413,732,472,437,450,431,445,403,478,272,592,382,265,643,232,533,448,374,434,383,464,117,348,117,2202,178,207,399,338,506,368,249,380,199,223,1900,379,366,366,216
412,729,471,436,480,432,443,402,478,274,592,382,265,652,232,533,451,378,404,387,459,117,343,117,2225,181,202,401,333,499,372,242,421,200,223,1849,377,361,366,207
425,729,474,436,476,432,446,402,481,274,592,382,265,652,236,538,451,375,397,390,459,116,346,117,2259,1108,202,399,333,485,368,247,386,201,228,1849,379,361,365,2482
414,728,461,436,461,431,440,411,483,299,592,382,261,650,236,532,448,378,390,390,353,116,340,117,2212,1108,202,399,331,485,366,244,422,200,224,1872,378,359,365,2450
425,728,456,436,472,431,442,411,489,289,578,381,266,639,236,533,447,378,397,381,467,116,348,117,2212,1106,207,399,330,501,370,247,412,201,224,1849,383,359,365,2450
425,730,467,437,467,428,440,411,483,279,567,383,261,645,239,532,447,369,401,382,469,116,346,117,2274,1102,206,400,332,505,368,244,412,202,225,1872,375,365,365,2470
425,741,467,433,461,426,446,411,516,280,567,382,262,645,229,537,447,369,405,381,476,117,351,117,2262,1102,207,394,336,496,365,245,440,201,225,1872,381,359,368,2422
414,733,480,434,461,433,446,349,516,280,603,382,262,645,239,533,447,370,393,381,469,117,353,116,2250,1102,202,394,332,502,366,251,440,196,225,1846,375,361,367,2412
414,743,465,436,461,428,444,349,510,288,603,382,261,650,229,532,449,369,394,383,459,117,354,117,2262,1102,204,395,334,499,365,249,425,198,227,1849,380,361,367,2406
474,733,469,436,478,437,445,346,513,295,589,382,262,650,223,539,449,372,394,380,356,115,346,117,2218,1097,204,401,330,492,365,244,379,198,227,1876,378,361,366,2397
414,733,467,438,478,431,448,346,515,295,694,379,262,650,238,533,449,372,394,382,365,115,342,117,2207,1097,207,391,332,490,363,200,450,201,224,1853,377,363,361,2401
414,728,461,435,467,433,450,347,515,295,716,386,261,650,238,529,449,374,482,385,365,116,345,117,2207,1097,201,391,334,501,360,202,450,200,221,1862,377,363,367,2401
473,728,460,435,464,440,443,347,518,290,747,383,262,643,238,539,449,372,487,381,476,116,354,117,2212,1097,204,391,331,493,363,200,421,201,220,1918,379,365,367,2401
474,740,458,436,474,428,442,351,522,297,662,383,262,643,227,539,446,372,487,385,462,115,349,117,2244,1107,207,391,331,2789,364,199,422,201,223,1874,375,360,367,4439
484,723,470,436,456,428,440,344,522,297,671,402,262,659,225,539,444,372,495,385,472,115,346,117,2199,1102,204,391,330,2759,364,200,349,202,221,1902,375,361,363,3634
481,729,459,436,473,433,442,344,522,278,689,402,262,639,227,529,446,372,490,380,462,116,351,117,2199,1102,202,391,333,2738,364,198,440,202,223,1876,377,361,366,3682
481,730,468,435,466,433,449,344,524,276,689,400,261,539,225,537,446,376,493,385,447,116,345,118,2209,1102,199,391,333,2717,229,198,440,198,225,1902,381,361,366,3791
490,725,458,436,459,434,439,345,521,295,689,400,268,539,224,528,454,381,494,380,477,115,342,118,2212,1111,207,393,338,2694,229,198,437,197,222,1889,375,358,366,3819
488,737,458,442,467,434,439,344,513,286,672,400,267,519,223,534,454,381,643,386,352,115,348,117,2252,1111,199,394,337,2690,229,204,450,198,219,1905,375,359,366,3819
490,718,458,442,469,428,446,348,513,286,669,401,267,519,213,534,456,381,634,379,494,114,342,118,2252,1112,200,398,331,2697,229,196,450,198,219,1912,381,359,368,3887
495,706,458,439,474,438,450,348,529,276,680,399,267,522,213,534,453,381,637,386,352,116,338,118,2254,1112,197,398,330,2715,229,199,393,198,219,1906,376,365,363,3983
491,706,458,439,459,430,444,338,529,276,684,401,268,522,227,527,453,371,640,385,472,115,338,117,2225,1096,200,394,331,2757,228,200,448,200,224,1902,377,359,364,3852
491,699,465,438,469,430,448,338,527,278,674,401,267,523,227,530,453,371,624,380,458,115,338,117,2211,1103,200,394,334,2696,228,199,349,200,219,1902,379,356,365,3888
495,713,462,439,462,430,443,344,527,303,675,401,262,523,227,535,364,371,624,380,469,117,344,117,2207,1103,199,395,329,2709,229,199,448,208,217,1898,376,360,364,3875
495,704,465,437,458,427,439,349,525,277,685,410,264,522,227,537,366,374,627,381,450,115,347,117,2207,1103,202,394,334,2707,227,200,445,218,218,1905,377,360,363,3767
495,698,467,437,461,433,451,349,397,277,675,413,265,522,236,536,354,374,632,381,469,117,338,117,2207,1100,205,394,331,2712,228,198,343,206,220,1888,375,359,363,3874
495,727,458,438,461,430,451,349,525,275,673,409,262,524,239,533,354,375,643,381,460,116,345,117,2248,1100,205,383,335,2772,228,198,447,206,220,1912,372,359,358,3863
503,736,481,438,464,431,440,346,402,275,670,409,264,524,242,534,352,374,628,381,495,116,336,118,2199,1100,198,383,331,2769,232,201,447,210,218,1902,378,356,358,3786
499,726,464,436,461,428,439,342,402,277,676,402,264,519,242,532,352,372,629,385,466,115,345,116,731,1104,200,383,332,2691,227,198,453,207,217,523,377,356,360,3814
506,725,455,437,464,428,442,345,401,275,674,408,264,519,242,532,354,375,649,385,495,115,351,116,731,1105,198,386,331,2688,232,197,453,207,217,1931,375,1733,361,3917
502,741,455,442,466,426,442,345,401,288,674,408,264,523,239,529,349,372,637,385,358,116,343,117,2206,1104,199,385,335,2690,228,197,393,205,218,1888,371,1733,361,3790
506,720,484,442,466,428,442,342,397,286,676,408,264,516,239,535,351,377,635,385,354,117,349,117,2252,1105,202,383,330,2746,228,198,448,206,217,1885,376,1710,361,3846
513,722,466,437,454,430,444,342,395,277,675,404,264,516,240,527,351,378,635,388,448,117,363,117,731,1113,200,393,330,2691,229,197,442,206,215,1885,376,1710,361,3881
