1.0,1.0,1.0,1.0,1.0,2.0,2.0,2.0,2.0,2.0,3.0,3.0,3.0,3.0,3.0,4.0,4.0,4.0,4.0,4.0
13.0795,15.7033,14.111,11.714,3.1037,69.13,66.532,72.1806,45.824,80.953,28.7465,31.9126,20.376,5.4477,27.555,8.2903,19.862,10.933,7.2139,10.077
13.083,15.6403,14.441,11.936,3.4368,69.016,66.525,72.4459,46.03,81.053,28.6737,32.0199,20.476,5.4146,27.335,8.325,19.748,10.9892,7.2121,10.531
13.6777,15.5077,14.529,12.233,3.4189,68.842,66.368,72.7457,45.713,81.366,28.9193,31.9713,20.34,5.1448,27.497,8.2751,20.133,11.0222,7.2305,10.621
13.4523,15.5921,14.512,12.22,3.3985,68.782,66.951,72.8145,45.357,81.184,29.0219,32.2816,20.328,5.3964,27.584,8.3439,20.01,10.9655,7.1961,10.483
13.3003,15.5123,14.52,12.227,3.5107,68.782,67.27,72.9061,45.782,81.396,29.0416,32.252,20.435,5.2827,27.584,8.3439,19.798,11.1222,7.1942,10.867
13.6128,15.6186,14.597,12.004,3.48,68.708,67.316,73.1946,45.99,81.065,29.1367,32.3527,20.398,5.5429,27.631,8.4153,20.068,10.9918,7.2647,11.331
13.624,15.6814,14.614,12.118,3.6024,68.722,67.427,73.6005,45.958,81.427,29.2603,32.5719,20.529,5.6237,27.67,8.3468,20.206,11.2548,7.2653,11.619
13.471,15.7223,14.487,12.1,3.5714,68.608,67.64,73.8778,46.102,81.918,29.2678,32.6261,20.616,5.524,27.955,8.4526,20.286,11.2593,7.4053,11.461
13.4057,15.65,14.758,12.177,3.6326,68.548,68.007,73.9716,46.064,81.63,29.3918,32.646,20.816,5.5783,28.041,8.4176,20.269,11.3905,7.3677,11.899
13.6267,15.6017,14.758,12.177,3.8351,67.632,67.523,74.4408,45.848,81.404,29.4339,32.7919,20.567,5.5707,27.876,8.3837,20.326,11.3618,7.3348,12.352
13.5398,15.5943,14.758,12.278,3.6326,67.346,67.247,74.5945,45.627,81.174,29.5456,32.7058,20.42,5.6247,27.706,8.4884,20.166,11.3049,7.4038,12.296
13.359,15.4548,14.843,12.569,3.7138,67.561,67.778,74.7973,45.527,81.705,29.5917,32.7733,20.53,5.8532,27.922,8.456,20.171,11.5801,7.3411,12.694
13.4921,15.3522,14.887,12.401,3.9702,68.172,68.163,74.9687,45.605,82.189,29.6156,32.8021,20.803,5.8832,28.021,8.5597,20.359,11.4989,7.3388,12.588
13.6205,15.7515,14.896,12.408,3.9811,67.677,67.999,75.0249,45.958,82.136,29.7537,32.7955,20.961,5.5505,28.143,8.5239,20.707,11.4528,7.3349,12.89
13.4752,15.6331,14.86,12.381,4.1399,68.13,68.546,75.3277,46.324,82.658,29.8005,32.8408,21.125,6.1676,28.546,8.5242,20.993,11.6505,7.2333,13.301
13.5312,15.6883,15.081,12.293,4.0607,67.998,68.635,75.4844,46.279,82.247,30.1034,33.1373,21.177,5.9891,28.673,8.6308,21.028,11.6369,7.3073,13.551
13.4255,15.5488,15.268,12.484,3.94,67.736,68.266,76.0348,46.101,82.212,30.0959,32.7977,21.079,6.0112,28.373,8.6511,20.935,11.7193,7.3976,13.616
13.4896,15.4682,15.029,12.534,4.2218,67.636,68.166,76.1263,45.896,82.323,30.1485,32.9491,21.085,6.1513,28.379,8.6181,20.94,11.5839,7.3316,13.827
13.8871,15.5333,15.245,12.543,4.3373,67.885,68.721,76.2937,46.057,82.324,30.198,33.1004,21.361,5.7252,28.579,8.6221,21.339,11.5951,7.4395,13.992
13.664,15.5089,15.039,12.541,4.2332,67.806,69.057,76.2298,46.421,83.164,30.0787,33.1382,21.416,6.0317,28.664,8.5915,21.306,11.5123,7.378,14.459
14.2474,15.6064,15.191,12.784,4.4982,68.113,68.928,76.3605,46.62,83.563,30.2466,32.8411,21.599,6.2393,28.778,8.5233,21.618,11.6841,7.2417,14.715
13.9353,15.6551,15.171,12.667,4.577,67.581,68.836,76.4868,46.133,82.796,30.2927,33.0855,21.495,6.115,28.622,8.542,21.376,11.7979,7.329,14.599
13.6325,15.5964,15.276,12.772,4.5794,67.574,68.938,76.5186,46.38,82.753,30.4379,33.108,21.473,6.2127,28.797,8.5035,21.557,11.8331,7.3209,14.725
14.0181,15.6937,15.351,12.853,4.6475,67.994,69.362,76.4202,46.737,83.243,30.4055,33.2043,21.773,6.3015,28.976,8.5325,21.848,11.897,7.3108,15.239
14.0087,15.5168,15.319,12.828,4.5077,67.266,69.062,76.5024,46.324,82.634,30.6172,33.2376,21.585,6.3207,28.962,8.5306,21.848,12.0508,7.2389,15.881
14.2375,15.8556,15.63,13.139,4.9198,67.044,68.424,76.9416,46.249,82.481,30.7756,33.2835,21.557,6.0418,28.919,8.6364,21.705,11.9961,7.3114,16.082
13.9682,15.8857,15.443,12.846,4.7373,67.171,69.072,77.4132,46.544,82.645,30.8662,33.2205,21.805,6.0994,29.182,8.7775,22.172,12.1219,7.3511,16.039
14.0222,15.7544,15.483,12.876,4.7864,66.774,68.994,77.6626,46.458,82.47,30.9181,33.406,21.733,6.3588,29.176,8.8324,22.076,12.2244,7.5439,15.89
14.0789,15.7449,15.423,12.83,4.8146,67.184,69.818,77.5313,46.411,83.22,31.0416,33.4131,22.15,6.3969,29.226,8.7625,22.316,12.1832,7.4048,16.542
13.9911,15.8748,15.63,12.935,5.0216,67.361,69.994,77.4669,46.843,83.454,31.1907,33.4185,22.3,6.5531,29.503,8.7755,22.586,12.2045,7.4834,16.762
14.3278,15.7442,15.978,12.967,5.2769,67.084,69.929,77.8522,46.837,83.54,31.211,33.4899,22.365,6.6169,29.652,8.8302,22.427,12.3419,7.3687,16.899
14.0178,15.9062,16.071,13.268,5.368,66.861,70.231,78.0279,46.654,83.384,31.3638,33.4512,22.335,6.4833,29.502,8.7945,22.387,12.3134,7.3664,17.147
13.7982,15.9209,16.06,13.259,5.3548,66.686,69.741,78.3689,46.644,83.569,31.665,33.5048,22.289,6.9153,29.539,8.8318,22.538,12.2724,7.4723,17.335
14.3299,15.8142,16.016,13.124,5.3023,66.732,69.996,78.5055,46.605,83.596,31.6795,33.4313,22.483,6.8829,29.621,8.751,22.309,12.4121,7.394,17.681
14.4031,15.7871,16.038,13.141,5.4302,66.9,70.373,78.3712,46.648,83.888,31.7735,33.7764,22.608,6.9051,29.962,8.7968,22.752,12.5708,7.4369,18.046
14.2804,15.6547,16.277,13.372,5.4721,67.323,70.378,78.5163,46.444,83.997,31.838,33.4706,22.822,6.9267,30.176,8.7253,22.966,12.5999,7.432,18.347
14.2956,16.0361,16.131,13.337,5.4186,66.892,70.155,78.6067,46.68,83.84,32.017,33.6525,22.79,7.0943,30.129,8.8096,22.82,12.6291,7.4476,18.671
13.9733,15.987,16.029,13.134,5.2154,66.574,70.151,78.8205,46.363,83.731,32.1912,33.6237,22.577,7.0244,30.02,8.8756,22.712,12.7395,7.5121,18.771
14.3362,16.107,16.076,13.295,5.2523,67.159,70.423,78.8301,46.719,83.605,32.2106,33.7043,23.015,7.3061,30.257,8.8368,22.945,12.7918,7.4377,18.834
14.1491,16.0847,16.244,13.068,5.2128,67.133,70.396,79.1684,46.773,83.502,32.3178,33.7781,22.743,7.0292,30.164,8.9748,22.656,12.766,7.576,18.61
14.286,16.0951,16.357,13.279,5.2268,67.431,70.589,79.4282,47.007,83.243,32.3166,33.8238,22.919,7.4607,30.221,8.9825,22.72,12.9565,7.5861,18.993
14.2942,16.1647,16.267,13.287,5.2391,67.75,71.013,79.6811,47.222,83.77,32.3209,34.0516,23.238,7.1077,30.437,9.0028,22.935,13.0836,7.6071,19.1
14.5455,16.0508,16.44,13.418,5.6446,67.693,70.748,79.7033,46.73,83.94,32.4713,33.9438,23.035,7.2981,30.344,9.0512,22.632,12.8729,7.6205,19.245
14.5017,16.1453,16.347,13.347,5.5354,67.461,70.62,79.7428,46.58,83.84,32.5218,33.9023,22.871,7.419,30.462,8.9787,22.763,12.843,7.5806,19.385
14.3319,16.2206,16.335,13.339,5.5219,68.197,71.252,79.7321,47.212,83.644,32.7366,34.0932,23.4,7.5845,30.783,9.127,23.085,12.9451,7.6261,19.362
14.1109,16.2504,16.696,13.305,5.6716,68.297,71.248,79.8237,47.208,83.848,32.7851,34.1249,23.293,7.6828,30.78,9.1044,22.977,13.0782,7.6358,19.461
14.7729,16.2318,16.66,13.279,5.6305,68.404,71.459,79.9448,47.522,84.369,33.0358,34.0889,23.4,7.8508,30.99,9.0158,23.085,13.0596,7.5126,19.54
14.4665,16.3145,16.827,13.556,5.792,68.46,71.103,80.2275,47.392,84.212,32.8606,34.2773,23.509,7.5846,30.951,9.1057,23.067,13.1213,7.6374,20.063
14.4849,16.1863,16.715,13.648,5.7785,68.503,71.147,80.1002,47.661,84.031,32.7811,34.3734,23.492,7.564,31.029,9.0631,23.149,13.0681,7.559,20.168
14.2032,16.195,16.867,13.61,5.7224,68.892,71.329,80.5022,47.989,84.475,33.0993,34.4221,23.649,7.5744,31.518,9.1353,23.627,13.3375,7.6658,20.523
14.6932,16.1656,17.03,13.859,5.9944,68.711,71.252,80.3377,47.972,84.24,33.31,34.3022,23.803,7.5692,31.443,9.0606,23.563,13.167,7.4551,20.206
14.608,16.1729,16.891,13.729,5.8507,68.003,70.955,80.4772,47.671,83.749,33.3296,34.4689,23.717,7.6604,31.422,9.1218,23.457,13.067,7.4817,20.219
14.797,16.475,16.891,13.629,5.951,68.446,71.501,80.6618,47.829,84.059,33.4332,34.6563,23.888,7.7633,31.521,9.1054,23.644,13.0928,7.5322,20.336
14.6365,16.3836,16.842,13.592,5.8943,68.516,71.367,80.9623,47.877,84.058,33.3964,34.7344,24.026,7.891,31.629,9.2087,23.663,13.2906,7.5355,20.453
14.6303,16.3443,16.83,13.582,5.8802,68.754,71.603,80.9976,48.24,83.956,33.6105,34.8651,23.786,7.8389,31.624,9.1375,23.644,12.9693,7.5306,20.366
14.6699,16.306,16.942,13.691,5.9941,68.92,71.769,81.1641,48.078,84.14,33.4102,34.9414,23.909,7.859,31.754,9.0732,23.976,13.1896,7.5339,20.766
14.7735,16.2392,16.929,13.682,5.9798,69.102,72.569,81.4498,48.302,84.684,33.4491,35.1829,24.064,8.1252,31.934,9.2601,23.939,13.3768,7.721,20.908
14.6286,16.091,17.017,13.673,6.1649,69.803,72.858,81.1152,48.427,84.629,33.5049,35.2007,24.132,8.2084,32.294,9.2235,23.998,13.3675,7.6504,21.402
14.8319,16.0022,17.128,13.706,6.3613,69.927,72.879,81.2845,48.613,85.112,33.6298,35.2203,24.079,7.9456,32.524,9.3182,24.24,13.24,7.7107,21.586
14.6926,16.1274,17.04,13.837,6.2597,69.966,72.919,81.319,48.572,85.251,33.5887,35.3339,23.972,7.9281,32.469,9.3118,24.005,13.3509,7.7701,21.361
14.8387,16.0492,16.689,13.595,5.9004,68.312,70.458,81.0149,47.203,82.632,33.5829,35.045,23.414,8.3757,31.129,9.1607,23.409,13.3832,7.6888,22.479
15.1651,16.2854,16.87,13.779,6.0797,69.22,71.158,81.216,47.705,83.42,33.6103,35.1183,23.908,8.4339,31.559,9.1959,23.72,13.3322,7.6571,22.763
14.9014,16.089,16.87,13.681,5.9818,69.729,71.662,81.4844,48.212,84.011,33.6643,35.0802,24.1,8.4931,31.789,9.1975,23.831,13.4545,7.6589,22.779
15.0114,15.9966,16.908,13.809,6.0256,69.648,70.974,81.5519,48.396,82.863,33.6782,35.0159,23.843,8.511,31.611,9.2598,23.867,13.4142,7.6534,22.675
14.7834,15.9966,16.837,13.83,5.9582,70.298,71.423,81.5691,48.559,83.295,33.7214,35.2857,24.028,8.3605,31.687,9.2752,23.845,13.3823,7.7356,22.929
15.2447,15.9393,16.934,13.829,6.1533,70.537,71.168,81.9051,48.62,83.14,33.8132,35.0581,23.923,8.3683,31.738,9.2597,23.816,13.4656,7.6894,23.161
14.9542,15.888,16.921,13.917,6.0403,71.166,71.489,81.6867,49.207,83.495,34.0428,35.1669,23.755,8.2208,31.789,9.2654,24.163,13.5493,7.6933,23.281
15.0587,15.9356,17.116,13.915,6.2351,71.913,71.328,81.486,49.166,83.318,34.0697,35.3185,23.94,8.124,31.764,9.2169,23.939,13.5597,7.6091,22.968
15.2674,16.0609,17.075,14.079,6.1884,71.964,71.771,81.7541,49.738,83.626,34.1671,35.1711,23.911,8.4143,31.867,9.2893,24.333,13.4981,7.7157,23.377
15.0853,15.9173,17.005,14.101,6.2201,72.596,71.211,81.7869,49.892,83.267,34.1609,35.2994,24.209,8.5587,32.118,9.3123,24.199,13.5568,7.7038,23.687
15.0407,15.9926,17.005,14.003,6.3183,73.044,71.729,82.2235,50.39,83.805,34.2353,35.4582,24.233,8.6805,32.197,9.2593,24.355,13.5457,7.6526,24.083
15.0938,16.0074,17.103,14.003,6.5146,73.653,71.831,82.2564,50.593,83.805,34.2806,35.2875,24.233,8.9389,32.299,9.4873,24.355,13.5973,7.8463,23.959
15.0805,16.1262,17.103,14.003,6.4165,74.257,71.808,82.3907,50.926,84.241,34.2024,35.3692,24.389,8.8473,32.275,9.2911,24.728,13.4319,7.5837,24.012
15.116,16.228,17.129,14.122,6.4467,74.593,72.133,82.6934,51.115,84.091,34.2099,35.5137,24.426,8.8473,32.021,9.261,24.672,13.7009,7.5205,23.91
15.2149,16.2947,17.114,14.11,6.5281,75.343,71.95,82.8603,51.409,83.943,34.3324,35.5583,24.465,8.5533,32.28,9.3586,24.925,13.6472,7.5842,24.358
15.2344,15.9652,17.101,14.001,6.5128,75.45,71.587,82.8637,51.35,83.986,34.4215,35.7972,24.457,8.5461,32.53,9.4673,24.786,13.5602,7.8278,24.596
15.2057,16.0995,17.392,14.292,6.6074,75.992,72.116,82.7938,51.437,84.345,34.3974,35.7912,24.493,8.5402,32.685,9.4596,24.934,13.6723,7.7857,24.81
15.1927,16.0337,17.392,14.39,6.6074,76.026,72.28,82.7247,51.466,83.526,34.3961,35.6872,24.42,8.6074,32.579,9.3869,25.146,13.7334,7.7794,25.248
14.9618,16.0875,17.307,14.401,6.623,76.982,72.852,82.6913,52.26,84.999,34.6215,35.5924,24.726,8.8416,32.872,9.3535,25.508,13.7854,7.6455,25.241
14.963,15.6718,17.349,14.551,6.7545,76.059,72.769,83.0427,51.921,84.762,34.6824,35.6689,24.67,8.6015,32.791,9.3704,25.539,13.6867,7.6959,25.089
15.269,15.8621,17.267,14.467,6.6743,76.638,71.931,82.9717,52.036,84.604,34.6396,35.6902,24.53,8.5795,32.942,9.4276,25.491,13.7022,7.6187,25.023
15.0832,15.8806,17.349,14.454,7.0481,76.434,71.898,82.8867,52.046,84.31,34.4468,35.6449,24.57,8.7565,33.008,9.5071,25.686,13.7352,7.6312,25.565
14.6686,16.1099,17.433,14.54,7.0321,76.637,72.404,83.1534,52.451,84.512,34.6164,35.8015,24.772,8.7565,33.008,9.4404,25.787,13.7824,7.6979,25.902
15.2521,16.2243,17.699,14.498,7.1126,77.182,73.015,83.3211,52.778,84.294,34.778,35.7912,24.867,8.6864,33.245,9.4757,25.908,13.7943,7.7,25.824
15.122,15.8934,17.447,14.551,7.0481,76.57,72.932,83.131,52.642,84.263,34.9275,35.8972,24.81,8.9694,33.164,9.4784,25.937,13.9471,7.7349,26.025
15.2915,15.866,17.643,14.551,7.0481,76.77,72.219,82.7253,52.436,84.26,34.8751,35.9431,24.503,9.0288,33.161,9.4604,25.63,13.9108,7.7154,25.892
15.3087,15.952,17.699,14.793,7.1126,77.377,72.04,82.8746,52.204,84.03,34.9895,36.0408,24.652,9.0403,32.981,9.3449,25.966,13.9508,7.633,26.009
15.1793,16.0745,17.837,14.647,7.1439,77.443,72.021,83.5404,52.519,83.977,34.9137,36.1082,24.818,8.9451,33.332,9.4847,26.019,13.8786,7.7404,26.069
15.4047,16.0745,17.851,14.855,7.2581,77.857,72.79,83.6731,52.89,84.646,34.877,36.1928,25.134,8.5736,33.8,9.4515,26.164,13.9861,7.7404,26.207
15.3368,16.073,17.447,14.747,7.146,77.789,73.136,83.9106,52.745,84.873,35.1058,36.0371,25.42,8.8481,33.875,9.526,26.243,14.0106,7.7491,26.453
15.066,16.1931,17.753,14.952,6.9642,77.689,73.543,83.5975,53.05,85.179,35.1992,36.0961,25.421,9.0035,33.978,9.5136,26.346,14.032,7.737,26.239
15.3495,16.1661,17.806,15.013,7.0116,78.14,73.041,83.8189,53.28,85.882,35.3511,35.9528,25.521,9.0541,33.916,9.5384,26.675,14.0824,7.7957,26.455
15.313,16.2554,17.806,15.013,7.0116,77.79,72.529,83.544,52.949,84.875,35.3508,36.0786,25.726,8.9996,33.877,9.524,26.65,14.0505,7.7469,26.795
15.1315,16.2417,17.764,15.075,6.9632,77.545,72.729,83.7583,53.126,84.483,35.4551,36.0293,25.626,9.2051,33.939,9.5383,26.423,13.9617,7.7943,27.039
15.2129,16.1601,17.641,14.86,7.031,77.741,72.747,83.5212,52.889,84.35,35.6669,36.1139,25.164,9.2051,33.855,9.4969,26.148,13.9893,7.7853,26.971
15.2715,16.3807,17.822,14.929,7.2255,77.879,73.172,83.9724,53.08,84.707,35.6505,36.1751,25.304,9.2864,33.911,9.5858,26.499,14.1124,7.7752,27.136
15.3437,16.4434,17.918,15.025,7.2233,77.973,72.988,83.8814,53.045,84.272,35.7312,36.2239,25.547,9.2193,34.129,9.4907,26.525,14.1836,7.7786,27.369
15.5702,16.405,17.947,15.048,7.0602,78.554,73.536,84.1174,52.823,83.978,35.7824,36.471,25.626,9.2113,34.241,9.4969,26.928,14.192,7.7191,27.572
15.2154,16.5566,17.932,15.037,7.044,78.181,73.273,84.1959,53.282,84.405,35.7269,36.1887,25.707,9.2605,34.213,9.4469,26.701,14.2171,7.7368,27.612
14.9442,16.3347,18.088,15.084,7.1091,78.546,72.949,84.1081,53.694,84.25,35.8956,36.0355,25.768,9.3209,34.359,9.4904,26.953,14.3412,7.813,27.714
15.4681,16.3816,18.088,15.182,7.4039,79.252,73.975,84.2146,54.261,85.441,35.9047,36.3746,25.971,9.4876,34.747,9.5604,27.413,14.2886,7.8486,27.566
15.4434,16.4517,17.977,15.074,7.1928,79.081,74.116,84.1984,54.114,85.769,36.1907,36.4118,26.256,9.5954,34.923,9.511,27.389,14.2107,7.7993,27.658
15.4495,16.6039,18.114,15.22,7.3211,78.999,73.56,84.008,53.926,85.045,36.315,36.3048,26.071,9.5064,34.603,9.4495,27.384,14.3741,7.6376,27.792
15.172,16.5447,18.201,15.293,7.4206,79.586,73.91,84.2535,54.416,85.563,36.3499,36.533,26.355,9.6682,34.615,9.4964,27.487,14.3741,7.6845,27.854
15.3427,16.4766,18.216,15.502,7.4373,79.23,74.002,84.0594,54.182,85.268,36.3597,36.533,26.252,9.6045,34.775,9.5284,27.559,14.4259,7.7154,28.257
15.5324,16.6141,18.222,15.62,7.6271,78.685,73.978,84.2894,54.29,85.11,36.4982,36.6101,26.312,9.681,34.314,9.5284,27.306,14.3683,7.7811,28.533
15.8838,16.9347,18.088,15.477,7.4039,78.795,73.458,84.2878,54.329,85.246,36.459,36.7181,26.272,9.3661,34.399,9.5591,27.383,14.4211,7.7788,28.467
15.503,16.873,18.143,15.44,7.4521,79.373,73.825,84.4226,54.58,84.921,36.6402,36.6522,26.395,9.4199,34.733,9.4976,27.714,14.388,7.7834,28.621
15.4081,16.7655,18.099,15.404,7.4023,79.351,73.351,84.7511,54.298,84.954,36.9243,36.3198,26.372,9.8201,34.862,9.5657,27.557,14.4544,7.8201,28.913
15.4117,16.5811,18.403,15.607,7.5123,78.999,73.144,84.8949,53.866,84.564,36.9818,36.4733,26.169,9.8759,34.918,9.645,27.427,14.5467,7.8341,28.971
15.4793,16.6566,18.373,15.582,7.3811,79.34,73.568,84.9371,54.158,84.218,37.1663,36.5834,26.411,9.9879,34.976,9.587,27.579,14.4816,7.7094,28.939
15.364,16.7883,18.416,15.716,7.7229,79.259,73.422,84.9863,54.373,83.91,37.2224,36.6378,26.429,9.9098,34.86,9.6031,27.476,14.4164,7.8247,29.091
15.6113,16.7658,18.433,15.73,7.6441,79.629,73.883,84.9493,54.52,84.387,37.3459,36.5524,26.349,9.9863,35.189,9.5987,27.702,14.5648,7.721,29.43
15.6121,16.6281,18.613,15.718,7.5292,79.854,74.357,84.9021,54.499,85.055,37.2792,36.6893,26.473,9.9211,35.465,9.5518,27.959,14.7897,7.7733,29.445
15.6942,16.7043,18.583,15.692,7.4955,79.481,74.295,84.8406,54.352,84.876,37.2858,36.8069,26.553,9.9451,35.335,9.5549,27.933,14.7228,7.8085,29.267
15.7629,16.8653,18.463,15.756,7.7763,79.998,74.685,84.9006,54.695,85.616,37.4281,37.037,26.918,9.7729,35.626,9.5484,28.316,14.7763,7.8344,29.576
15.6188,16.8577,18.629,15.828,7.6441,80.185,73.692,85.135,54.755,85.278,37.4473,36.835,26.855,10.0694,35.637,9.5527,28.336,14.8438,7.7732,29.841
15.6309,16.8577,18.696,15.803,7.7079,80.156,74.056,85.1562,55.003,85.458,37.472,36.7424,26.876,10.1445,35.768,9.5082,28.463,14.9872,7.7619,29.924
15.6465,17.0971,18.792,15.996,7.8035,80.286,74.295,85.3413,54.956,85.58,37.8185,36.7162,27.056,10.0168,35.738,9.5284,28.235,14.9402,7.8154,29.727
15.7688,17.1504,18.889,15.996,7.5102,80.803,74.584,85.0342,55.299,85.414,37.8336,36.7716,27.018,10.0492,35.928,9.6164,28.416,14.9973,7.7709,29.736
15.8854,16.9422,18.828,15.945,7.54,81.078,75.052,84.831,55.146,85.292,37.9523,37.0047,27.242,10.3557,36.16,9.5441,28.544,14.8421,7.764,29.816
15.6121,17.118,18.83,15.85,7.3477,81.046,75.073,85.3007,55.162,85.423,38.0424,37.015,27.615,10.2468,36.381,9.6526,28.483,15.0112,7.9061,29.763
15.5489,17.0032,18.927,15.947,7.5426,81.32,75.237,85.2197,55.411,85.401,38.0485,36.905,27.637,10.568,36.612,9.6368,28.611,14.9973,7.8893,29.845
15.7965,16.9419,18.972,15.983,7.6886,80.745,74.672,85.1904,55.162,85.121,38.109,36.8473,27.414,10.4089,36.38,9.5091,28.482,14.9973,7.7289,30.082
15.652,16.8117,19.05,16.048,7.6764,80.861,74.559,85.2111,55.104,85.458,38.0203,36.9011,27.479,10.622,36.271,9.5951,28.564,15.0711,7.8141,30.337
15.5582,17.0343,18.886,16.076,7.5157,80.716,74.534,85.1473,55.31,85.2,38.0939,36.9168,27.536,10.6476,36.411,9.5312,28.509,15.0231,7.6519,30.254
15.6979,16.919,18.907,16.011,7.4313,80.716,74.634,85.2762,54.807,85.199,38.2466,37.0331,27.435,10.5909,36.31,9.5291,28.409,15.2041,7.5514,30.241
15.5963,16.9882,18.907,16.207,7.4313,81.118,74.735,85.0389,54.507,85.401,38.4346,37.0296,27.637,10.7229,36.411,9.5205,28.71,15.2327,7.6081,30.439
15.6665,17.0109,19.083,16.076,7.319,81.19,74.396,85.4951,54.956,85.077,38.6129,37.0498,27.96,10.6958,36.542,9.7152,28.738,15.2294,7.8028,30.483
15.8523,17.0409,19.393,16.088,7.6296,80.857,74.421,85.5342,54.673,84.21,38.6523,37.4383,27.827,10.6916,36.459,9.5907,28.575,15.1473,7.7439,30.568
15.9207,16.8276,19.083,16.076,7.5157,80.896,74.407,85.8764,54.737,84.222,38.8254,37.6436,27.915,10.8026,36.903,9.6368,28.638,15.2437,7.7579,30.775
15.8736,16.7972,19.067,16.26,7.597,81.051,74.481,86.0734,55.04,84.168,39.0382,37.7842,28.069,10.6856,36.94,9.6697,28.683,15.2834,7.7579,30.838
15.8268,17.0482,19.02,16.22,7.6441,81.123,74.543,86.1666,55.187,84.542,39.2176,37.8172,28.29,10.76,37.07,9.6324,28.81,15.3878,7.7533,30.967
15.7313,17.0783,19.36,16.356,7.7918,81.329,74.983,86.3729,55.62,85.087,39.2613,37.8094,28.449,10.8882,37.389,9.7714,28.902,15.2467,7.8927,31.091
15.6153,16.8352,19.164,16.454,7.7918,81.961,75.622,86.2387,56.004,85.979,39.296,37.7391,28.882,10.9289,37.607,9.7362,29.18,15.2072,7.8902,31.377
15.7295,16.9646,19.244,16.537,7.7727,81.915,75.796,85.7354,56.007,85.718,39.4399,37.7021,28.835,11.0902,37.845,9.6606,29.124,15.3791,7.7486,31.219
16.029,17.0106,19.36,16.469,7.6863,81.887,76.163,85.9052,56.056,85.899,39.5749,37.7515,28.96,11.0471,37.676,9.7643,29.152,15.3771,7.8853,31.077
15.783,17.0944,19.344,16.554,7.7668,81.787,75.962,85.8083,56.359,86.101,39.6152,37.6028,29.061,11.4127,38.08,9.6674,29.354,15.3482,7.7556,31.164
15.5473,16.896,19.539,16.537,7.9691,82.414,76.158,85.6027,56.609,86.242,39.6848,37.6688,29.335,11.3104,38.381,9.7245,29.642,15.3589,7.878,31.079
15.9816,17.0716,19.394,16.499,7.7229,82.44,76.193,85.4577,56.356,86.261,39.5358,37.6152,29.411,11.4082,38.347,9.7105,29.511,15.4629,7.896,30.898
15.7987,16.8808,19.346,16.361,7.6715,82.123,75.941,85.5534,56.315,86.004,39.7538,37.9019,29.345,11.5905,38.521,9.6756,29.615,15.4051,7.8936,30.862
15.8657,17.0181,19.604,16.608,7.7381,82.424,76.242,85.7167,56.315,86.104,39.8091,37.9314,29.445,11.6779,38.821,9.6756,29.314,15.4878,7.8283,30.832
15.7733,16.7667,19.46,16.472,7.6886,82.625,76.744,85.782,56.717,86.306,40.0643,38.1294,29.746,11.7013,39.123,9.6756,29.615,15.552,7.8283,31.081
15.684,17.0023,19.555,16.86,7.784,82.551,76.478,85.6969,56.467,85.925,40.0003,37.9846,30.023,11.7804,39.491,9.7538,29.587,15.606,7.9391,31.382
15.6181,17.0859,19.555,16.665,7.6863,81.91,75.692,85.9004,56.074,85.65,40.1393,38.0386,29.877,12.011,39.189,9.761,29.517,15.6353,7.9466,31.382
15.7928,16.8808,19.491,16.805,7.8125,82.303,76.048,85.7118,56.269,86.066,40.3192,38.025,30.274,12.1193,39.523,9.7688,29.63,15.7107,7.8887,31.302
15.7384,16.8732,19.507,16.819,7.8297,81.856,76.419,85.6021,56.071,85.708,40.5392,38.2337,30.225,12.0976,39.456,9.692,29.674,15.6958,7.909,31.314
15.7737,17.0171,19.491,16.805,7.7151,81.891,75.998,85.4719,55.93,85.216,40.5814,38.2497,30.202,12.1696,39.686,9.5619,29.434,15.7322,7.7463,31.544
15.8017,16.8052,19.59,16.89,7.7229,81.963,76.261,85.6274,55.978,85.294,40.5392,38.7413,30.525,12.5146,39.819,9.7176,29.461,15.6151,7.8692,31.337
15.571,16.896,19.493,16.808,7.6204,82.403,76.749,85.6672,56.669,85.966,40.6312,39.1667,31.075,12.6731,40.224,9.7246,29.63,15.7193,7.8765,31.254
15.687,16.9489,19.717,16.944,7.6468,81.865,76.56,85.6973,56.078,85.693,40.6918,38.8844,30.824,12.6773,40.218,9.7873,29.363,15.7836,7.874,31.417
15.6815,16.949,19.527,16.672,7.5487,81.845,76.962,85.6432,56.33,85.755,40.7252,38.931,31.244,12.7465,40.611,9.7985,29.378,15.8723,7.8846,31.419
15.7025,17.1532,19.495,16.741,7.5153,81.727,76.966,85.763,56.482,85.916,40.8898,38.9826,31.366,12.8731,40.706,9.7891,29.394,15.8061,7.9072,31.415
15.7171,17.0465,19.387,16.635,7.5985,81.904,77.166,85.6296,56.435,85.878,40.8997,39.1844,31.683,13.0362,41.095,9.7206,29.408,15.8258,7.8061,31.385
15.7907,16.9786,19.544,16.797,7.7531,82.201,77.069,85.5801,56.338,85.879,41.0144,39.3924,31.783,13.3543,41.293,9.8002,29.607,15.9489,7.8531,31.522
15.8253,17.0386,19.636,17.273,7.7492,82.45,77.137,85.5512,56.242,85.625,41.1503,39.5416,32.125,13.4555,41.617,9.707,29.551,15.9098,7.792,31.526
15.8983,16.6256,19.636,17.273,7.7492,82.793,77.266,85.5444,56.535,85.978,41.3595,39.4695,32.375,13.6637,42.181,9.6681,29.705,15.772,7.785,31.594
15.9325,16.8283,19.685,17.315,7.8002,83.037,77.592,85.4457,56.729,86.529,41.3164,39.6012,32.822,13.6943,42.449,9.6979,29.958,15.8261,7.8148,31.479
15.8987,16.8884,19.608,16.947,7.7246,82.494,77.528,85.5903,56.533,85.997,41.2766,39.8034,32.681,13.6842,42.327,9.6815,29.819,15.8707,7.8313,31.471
15.4331,17.0021,19.608,17.581,8.3277,82.494,77.528,87.205,56.533,85.997,42.2573,39.8119,33.804,14.1098,43.973,9.885,29.819,16.2799,7.973,31.793
15.5318,17.1384,19.674,17.652,8.2908,82.596,77.867,87.3489,56.738,86.071,42.3056,39.9617,34.304,14.3921,44.534,9.87,30.11,16.2013,7.9575,31.98
15.3654,17.0169,19.603,17.692,8.2176,82.487,77.585,87.3889,56.63,85.738,42.3888,39.9931,34.182,14.6164,44.676,9.8473,29.782,16.2489,7.9019,31.908
15.4541,16.9563,19.786,17.677,8.2999,82.588,77.687,87.5503,56.731,85.839,42.4823,40.2417,34.589,14.8919,44.981,9.9152,29.884,16.172,8.0346,31.998
15.4685,17.197,19.768,17.662,8.2816,82.97,78.061,87.626,56.885,86.125,42.5863,40.367,35.126,15.1162,45.529,9.8626,30.015,16.2195,8.0143,31.942
15.4556,16.8584,19.614,17.817,8.1268,82.661,77.885,87.5658,56.78,85.897,42.667,40.737,35.512,15.2713,45.671,9.9027,29.895,16.2885,8.0541,31.962
15.3963,17.0537,19.667,17.762,8.1808,82.815,78.023,87.4258,56.883,85.96,42.7706,40.8309,35.979,15.5698,45.955,9.8952,29.854,16.337,8.0138,32.071
15.4316,17.1589,19.768,17.963,8.1812,82.994,78.093,87.4583,56.934,85.839,42.855,41.1497,36.314,15.741,46.301,9.96,29.985,16.3762,8.0463,32.022
15.5101,16.7984,19.697,17.902,8.2088,82.814,78.022,87.5163,56.78,85.857,42.9469,41.303,36.687,15.9121,46.461,9.955,29.649,16.461,8.0734,31.796
15.5359,16.8359,19.591,17.811,8.1007,82.609,78.151,87.4285,57.081,85.733,43.0386,41.2335,37.168,16.1808,46.903,9.8654,29.936,16.337,7.9517,31.805
15.5322,16.9034,19.544,17.956,8.1546,82.406,78.15,87.5015,57.181,85.732,43.0386,41.4333,37.167,16.5052,47.205,9.8754,29.935,16.2762,7.9938,31.956
15.3933,16.7459,19.544,17.856,8.0549,82.787,78.524,87.3247,57.537,86.219,43.149,41.7569,37.605,16.7653,47.754,9.8282,29.966,16.1001,7.9466,32.135
15.6725,16.9634,19.562,17.971,7.973,83.502,78.905,87.5839,57.747,86.55,43.2333,41.9319,38.04,17.1783,48.229,9.893,30.087,16.244,7.9142,31.877
15.4332,17.023,19.961,17.971,7.973,83.191,78.524,87.814,57.234,85.815,43.4361,41.5085,37.908,17.4022,48.36,9.9227,29.865,16.4294,7.9442,32.113
15.4444,16.836,19.75,18.148,7.8621,82.77,78.338,87.7617,57.498,86.046,43.4726,41.9926,38.307,17.3589,48.649,9.8948,29.931,16.2972,7.9819,31.976
15.6728,16.8658,19.793,18.071,7.8037,82.83,78.456,87.7449,57.51,85.932,43.5577,42.1055,38.614,17.5957,48.813,9.8309,29.91,16.2486,7.9848,32.087
15.6301,16.6236,19.847,18.118,7.7562,82.884,78.598,87.7193,56.895,85.791,43.6219,42.3573,38.991,17.8423,49.108,9.9297,29.868,16.3117,8.0515,32.236
15.5906,16.7594,19.847,18.118,7.7562,82.703,78.63,87.9729,56.843,85.707,43.6272,42.3928,39.368,18.1805,49.268,9.9737,29.838,16.2876,7.9641,32.441
15.5015,16.7972,19.692,18.172,7.8037,82.703,78.63,87.9072,57.049,85.913,43.6707,42.4809,39.779,18.5167,49.371,9.9081,30.146,16.4555,7.9316,32.309
15.4134,16.835,19.674,18.056,7.7858,83.326,78.915,87.7572,57.466,86.248,43.651,42.6704,40.127,18.6075,50.068,9.8957,30.063,16.5441,7.8529,32.356
15.6732,17.079,19.692,18.071,7.9048,83.612,79.296,87.4135,57.312,86.332,43.9765,42.7445,40.369,18.8328,50.01,9.8858,30.094,16.4555,7.744,32.18
15.641,17.1017,19.573,18.056,7.7858,83.041,79.049,87.2519,57.103,86.267,43.9432,43.1944,40.709,19.2855,50.434,9.8553,29.826,16.5604,7.9114,32.226
15.6289,16.8123,19.746,18.118,7.959,82.597,78.935,87.3179,56.429,85.91,43.9552,43.61,40.803,19.402,50.601,9.8883,29.63,16.5279,7.8454,32.07
15.6274,16.7133,19.883,18.149,7.8937,82.572,79.006,87.7318,56.79,85.993,44.0798,44.0781,41.045,19.8047,50.853,9.9625,29.557,16.6573,7.9198,32.141
15.6697,16.7745,19.873,18.229,7.9846,82.781,79.421,87.202,56.998,85.996,44.2769,44.1171,41.563,19.9307,51.062,9.8676,29.766,16.5284,7.9901,31.912
15.7171,16.8275,19.938,18.299,7.8462,82.725,78.761,87.2318,56.788,84.903,44.2565,44.4309,41.486,20.3423,50.966,9.8651,29.6,16.5039,7.8553,32.024
15.9329,16.7968,19.643,18.117,7.6533,83.544,80.216,87.7149,57.474,86.296,44.3211,44.1221,42.492,20.5623,51.993,9.9457,29.995,16.5528,7.9693,32.063
15.8382,16.9648,19.696,18.163,7.7066,82.84,80.061,87.3735,57.211,85.983,44.3281,44.3358,42.718,20.9813,51.861,9.9093,29.949,16.4475,7.8995,31.906
15.6952,16.8043,19.938,18.299,7.8462,82.683,79.503,87.5463,57.002,85.402,44.3862,44.3475,42.848,21.3447,51.869,9.8443,29.784,16.5852,7.8678,31.928
15.4692,16.789,19.734,18.299,7.8462,82.84,79.44,87.5103,57.108,85.672,44.3807,44.6686,43.029,21.6216,52.482,9.8045,29.535,16.5526,7.8946,31.942
15.6896,16.7133,19.854,18.315,7.7623,82.526,79.255,87.5036,56.897,85.648,44.4065,44.9547,43.286,21.6968,52.392,9.928,29.517,16.6257,7.8854,31.633
15.8308,16.7662,19.734,18.299,7.8462,83.068,79.778,87.2844,57.052,85.482,44.4855,44.866,43.607,22.1906,52.637,9.8799,29.708,16.6257,7.8703,31.875
15.7295,16.7814,20.04,18.401,7.8462,83.278,79.575,87.4536,57.055,85.899,44.5446,45.1926,43.817,22.7505,52.951,9.8824,29.815,16.5847,7.8065,31.701
15.7228,16.4841,20.04,18.605,7.8462,82.944,80.061,87.6465,57.108,85.569,44.6134,45.1671,44.271,22.9487,53.31,9.8402,29.949,16.5689,7.8307,31.472
15.798,16.341,19.883,18.658,7.6905,82.994,80.307,87.9873,56.899,85.94,44.7353,45.4025,44.658,23.0084,53.405,9.9405,29.903,16.6751,7.898,31.576
15.7995,16.3177,20.003,18.572,7.5049,82.367,79.932,87.7862,56.79,85.376,44.6012,45.3652,44.645,23.1322,53.322,9.9778,29.763,16.5852,7.9019,31.475
15.5487,16.4856,20.188,18.759,7.6905,82.444,79.411,87.4401,56.944,85.337,44.8222,45.7536,44.63,23.1009,53.589,9.9344,29.675,16.6102,7.9249,31.493
15.557,16.5541,20.151,18.727,7.6548,83.25,80.058,87.3471,57.104,85.048,44.8308,45.6152,45.199,23.4413,53.928,9.9474,29.842,16.5852,7.9045,31.78
15.7504,16.7812,19.948,18.524,7.6548,82.91,80.356,87.6677,57.05,85.522,45.0539,45.7527,45.592,23.8125,53.985,10.0017,29.854,16.6425,7.9258,31.773
15.7712,16.9731,20.114,18.593,7.4168,82.006,80.301,88.1371,57.096,85.416,45.1016,45.7095,45.694,24.0498,54.046,9.9676,29.702,16.4798,7.8585,31.716
15.6645,16.6823,19.876,18.662,7.5838,82.572,79.726,88.0502,57.407,85.376,45.2526,45.8288,46.086,24.1697,53.733,10.0146,29.66,16.5279,7.9719,31.798
15.6707,16.4633,19.858,18.746,7.667,82.339,79.716,87.8044,57.146,85.436,45.3205,45.9706,46.063,24.3959,53.894,9.9056,29.672,16.5844,7.8297,31.543
15.7721,16.5852,19.969,18.967,7.5787,82.183,79.797,87.7958,56.936,85.658,45.2455,45.9056,46.224,24.6197,53.905,9.9703,29.595,16.6159,7.8944,31.258
15.4964,16.5548,19.969,18.967,7.4783,82.207,79.748,87.8004,57.187,85.554,45.2014,46.2307,46.627,24.8548,54.17,9.9172,29.854,16.631,7.9399,31.089
15.5332,16.2173,20.069,18.967,7.5787,82.281,79.737,87.6552,57.133,85.714,45.2614,46.2129,46.806,24.9451,54.225,9.912,29.663,16.503,7.967,31.156
15.6086,16.3617,20.151,18.75,7.5612,82.228,79.796,87.7103,57.029,85.55,45.3637,46.247,46.923,25.3255,54.429,9.9046,29.602,16.6062,7.9594,31.079
15.7564,16.2731,20.115,18.918,7.5262,82.43,79.998,87.8131,57.13,85.751,45.4128,46.2337,47.125,25.4221,54.631,9.9452,29.602,16.6694,7.9998,31.038
15.6694,16.1474,20.115,19.018,7.7264,82.607,80.169,87.8386,57.079,85.731,45.4281,46.2769,47.368,25.6855,54.881,9.9401,29.631,16.574,7.9946,30.993
15.5101,16.0567,20.097,19.002,7.6088,82.757,80.23,87.7839,57.28,85.972,45.4726,46.3489,47.688,25.7331,54.985,9.92,29.674,16.558,7.8767,30.985
15.4307,16.0942,20.015,19.018,7.6263,83.06,80.331,87.8246,57.583,85.973,45.5098,46.4322,47.891,26.0731,55.187,10.0278,29.674,16.5976,7.9844,31.175
15.4901,16.1172,20.069,19.067,7.6792,82.936,80.403,87.8536,57.635,86.156,45.6386,46.6758,48.337,26.1437,55.338,10.0252,29.704,16.605,7.9818,31.165
15.6514,15.9961,19.997,19.002,7.6088,83.114,80.575,88.295,57.687,86.137,45.6315,46.8733,48.481,26.3218,55.691,10.0053,29.835,16.589,7.8968,31.355
15.6113,16.0956,19.979,18.885,7.6912,83.292,80.748,88.4406,57.841,86.017,45.8498,46.8741,48.828,26.2717,56.348,10.0155,29.663,16.6518,7.9722,31.565
15.6174,16.0884,19.943,18.853,7.6561,83.137,81.008,88.3675,57.534,85.752,45.7995,46.9158,49.043,26.438,56.751,9.9398,29.704,16.5879,7.9293,31.428
15.7637,15.8873,20.043,18.953,7.5563,82.324,80.636,88.1567,57.021,85.004,45.8716,46.9553,49.195,26.5048,56.442,9.9299,29.468,16.7055,7.8866,31.301
15.69,16.1533,20.378,18.885,7.5913,82.629,81.022,88.295,56.925,85.427,45.9951,47.0643,49.371,26.6717,56.646,10.0053,29.586,16.6679,7.9946,31.326
15.6488,16.028,20.36,18.969,7.474,82.936,81.21,88.1457,57.03,86.257,45.9353,47.1747,49.75,26.9629,56.851,10.0202,29.805,16.7325,7.8791,31.354
15.9101,15.9354,20.397,19.002,7.5088,83.595,81.456,87.8025,57.133,86.523,45.9574,47.2196,49.94,26.9296,56.854,9.9426,29.865,16.8196,7.9317,31.126
15.7432,16.1302,20.215,19.018,7.5262,84.134,81.573,87.594,57.288,86.771,45.8976,47.5404,50.177,27.18,57.009,10.0301,29.752,16.6458,7.8569,30.892
15.8698,15.9746,20.252,19.051,7.6615,84.269,81.589,87.6089,57.14,86.818,45.835,47.541,50.415,27.495,57.268,10.0125,29.639,16.5661,8.0015,30.912
15.6684,15.7844,20.297,19.002,7.5088,83.876,81.225,87.8686,56.881,86.909,45.9231,47.322,50.289,27.7131,57.108,10.1053,29.692,16.7055,8.0619,30.853
15.5101,15.8429,20.378,19.085,7.5913,83.232,80.62,88.006,56.925,86.332,45.9136,47.3116,50.175,27.9041,56.947,10.078,29.284,16.6431,8.0346,30.843
15.5928,15.8287,20.378,19.185,7.4913,82.72,80.651,88.2112,56.717,85.88,45.8511,47.3438,50.317,28.2279,56.837,10.0252,29.152,16.6344,7.9818,30.882
15.4411,15.6865,20.197,19.102,7.5088,82.597,80.923,88.6,56.569,85.762,45.7763,47.3974,50.561,28.2993,56.789,10.0129,29.081,16.6112,8.0023,30.794
15.679,15.7682,20.179,19.085,7.4913,82.849,80.965,88.6692,56.67,85.924,45.8078,47.4962,50.752,28.7833,57.291,10.0155,29.339,16.6824,8.0049,30.718
15.6467,15.8873,20.36,19.069,7.5738,83.078,80.879,88.3927,56.722,86.269,45.9076,47.5204,50.988,28.5835,57.547,10.1079,29.226,16.7145,8.032,30.678
15.4284,15.8713,20.397,19.102,7.7088,83.155,80.85,88.0558,56.874,86.049,46.0453,47.6266,51.034,28.6161,57.699,10.0075,29.255,16.6185,7.964,30.969
15.2696,15.8731,20.197,19.202,7.7088,82.872,80.594,88.3526,56.719,85.543,46.0419,47.7958,50.806,28.6044,57.739,10.0702,29.01,16.5403,8.0268,30.752
15.3615,15.9105,20.36,19.268,7.5738,82.697,80.424,88.3965,56.769,85.862,46.2301,47.8945,50.861,28.8444,57.388,10.1431,28.882,16.5879,7.9695,30.608
15.5134,15.9443,20.405,19.219,7.6211,82.597,80.424,88.2575,56.968,85.663,46.2085,47.9779,50.961,29.1392,57.388,10.0076,28.982,16.634,7.9317,30.951
15.745,15.8055,20.26,19.169,7.4742,82.673,80.494,88.0228,56.919,85.643,46.1867,48.0375,51.206,29.3623,57.739,10.0351,29.31,16.6912,7.9267,30.884
15.706,15.914,20.386,19.202,7.5042,82.925,80.636,88.0986,56.621,86.206,46.3627,47.8097,51.598,29.3582,57.643,10.0427,29.168,16.7468,7.9343,30.665
15.5593,15.762,20.449,19.07,7.4697,83.255,81.553,88.1673,56.672,86.651,46.4389,47.4655,51.435,29.3318,57.598,10.0127,29.054,16.613,7.9693,30.651
15.8368,15.6562,20.386,19.103,7.5042,83.172,81.394,88.215,56.62,86.043,46.4389,47.9145,51.206,29.4873,57.34,10.0928,28.91,16.572,8.0494,30.727
15.9101,15.6702,20.368,19.087,7.3876,82.949,81.065,88.2398,56.67,86.024,46.438,48.3777,51.752,29.5229,57.491,10.0503,28.939,16.7056,8.0069,30.375
15.6434,15.6984,20.467,19.087,7.4869,82.925,81.037,88.5193,56.621,86.005,46.3051,48.2895,52.098,29.5627,58.044,10.1331,28.968,16.5879,8.0572,30.188
15.7523,15.7428,20.585,19.401,7.5042,82.449,81.065,88.3526,56.57,86.024,46.2925,48.0878,52.252,29.5319,57.891,10.1027,28.939,16.6258,8.1243,30.433
15.7082,15.4695,20.604,19.517,7.6211,82.023,80.752,88.1352,56.718,85.682,46.5371,48.1445,52.112,29.7586,57.636,10.0825,29.152,16.6344,8.0716,30.647
15.4956,15.6282,20.567,19.484,7.4869,82.349,80.665,88.5767,56.67,85.924,46.5552,48.1498,52.352,30.0757,57.891,10.0954,29.139,16.7056,8.052,30.362
15.705,15.5977,20.741,19.451,7.5563,82.93,81.223,88.6782,56.824,86.03,46.4857,47.9545,52.688,30.0661,58.153,10.098,29.284,16.7145,8.0221,30.317
15.7637,15.6305,20.56,19.468,7.474,83.566,81.845,88.5937,57.081,86.277,46.6805,48.1877,53.235,30.4245,58.515,10.1826,29.777,16.7306,8.0092,30.371
15.5786,15.4947,20.405,19.517,7.4221,83.821,81.383,88.5342,56.98,86.137,46.6768,48.1035,53.229,30.3888,58.519,10.0996,29.734,16.5965,7.9589,30.391
15.5258,15.5532,20.405,19.517,7.4221,83.078,80.979,88.3538,56.521,85.566,46.6805,48.1428,52.693,30.167,58.249,10.0499,29.125,16.4308,7.9416,30.3
15.6326,15.4947,20.413,19.533,7.4352,83.054,81.352,88.5385,56.673,86.35,46.7059,48.1962,52.941,30.1535,58.402,10.065,29.456,16.4248,7.9891,30.531
15.9785,15.6212,20.567,19.583,7.3876,83.642,82.017,88.6761,56.929,86.761,46.7914,48.3337,53.282,30.4343,58.668,10.0701,29.704,16.372,7.8968,30.574
15.6319,15.6469,20.685,19.6,7.3054,83.899,82.265,88.4187,57.133,86.867,46.987,48.5692,53.783,30.7929,58.775,10.0127,29.764,16.5107,7.8395,30.722
15.69,15.675,20.586,19.402,7.2065,84.302,82.466,88.2854,57.031,86.787,46.9551,48.6678,53.781,30.9275,58.976,10.0473,29.662,16.6185,7.9068,30.596
15.692,15.4114,20.585,19.6,7.4048,84.708,82.467,88.2891,57.133,86.798,46.8821,48.7828,54.288,31.0164,59.28,10.0499,29.46,16.5868,7.9416,30.515
15.7735,15.4417,20.666,19.583,7.2883,83.834,81.725,88.3214,56.723,86.431,46.7927,48.6779,53.491,31.2887,59.057,10.0451,29.082,16.6271,7.8719,30.414
15.5683,15.2485,20.567,19.385,7.289,82.991,80.838,88.3938,56.269,85.64,46.8715,48.575,53.167,31.1537,58.674,10.0176,29.066,16.6752,7.9093,30.241
15.3907,15.3368,20.803,19.816,7.323,82.793,80.541,88.2927,55.971,85.342,46.8271,48.693,52.968,31.3992,58.377,10.1449,28.968,16.5909,7.9068,30.163
15.6671,15.4903,20.959,19.768,7.474,83.219,80.752,88.5248,56.319,85.383,46.8577,48.2407,53.109,31.3357,58.633,10.1799,28.953,16.613,8.0066,30.047
15.7601,15.3546,20.897,19.702,7.5088,83.272,80.994,88.6722,56.42,85.643,46.9775,48.3299,53.504,31.5342,58.838,10.1325,28.91,16.6523,7.9267,30.106
15.7597,15.5227,20.542,19.552,7.3575,82.925,81.437,88.4984,56.12,86.005,46.9877,48.5475,54.0,31.691,58.944,10.06,28.867,16.6504,7.9841,29.977
15.4945,15.381,20.711,19.534,7.3372,82.925,81.637,88.5061,56.12,85.805,46.9863,48.3973,54.0,31.7192,59.145,10.065,29.068,16.6504,7.9891,29.812
15.5687,15.5675,20.865,19.683,7.4869,82.978,81.681,88.5573,56.02,86.168,47.0997,48.3143,53.997,32.0542,59.352,10.115,29.025,16.5422,8.0066,29.967
15.5491,15.4652,20.865,19.683,7.4869,83.332,81.625,88.5347,56.221,86.432,47.1167,48.4324,54.094,32.097,59.359,10.0625,28.982,16.3955,7.9217,29.937
15.5751,15.3754,20.711,19.534,7.3372,83.356,81.352,88.7934,56.372,86.049,47.0417,48.6399,54.548,32.0967,59.707,10.2131,29.155,16.503,7.9743,29.951
15.5001,15.3948,20.766,19.584,7.289,83.944,81.713,88.7861,56.625,86.357,46.9903,48.8392,54.895,32.3916,59.676,10.0401,29.3,16.5579,7.9316,29.981
15.7572,15.4877,20.865,19.584,7.1896,84.303,81.961,88.8013,56.829,86.826,47.1838,48.905,55.198,32.5568,59.786,10.2183,29.663,16.5345,8.012,30.014
15.6109,15.3103,20.766,19.882,7.289,84.404,81.961,88.7248,56.829,86.624,47.147,49.1131,55.198,32.5988,59.786,10.173,29.663,16.6364,7.9667,29.831
15.7654,15.2867,20.903,19.916,7.2235,83.811,81.899,88.7647,56.372,86.111,47.1409,49.0671,54.847,32.7869,59.514,10.2483,29.212,16.7148,8.0095,29.803
15.679,15.2936,21.002,19.916,7.4221,83.462,82.144,88.5825,56.271,86.173,47.1111,49.0082,54.845,32.8287,59.722,10.2026,29.068,16.6576,8.0292,29.803
15.5915,15.3379,21.002,19.716,7.5216,83.361,81.942,88.7204,56.17,86.173,47.2529,49.0902,55.147,32.8635,59.722,10.2404,29.068,16.7145,8.0018,29.819
15.6121,15.2592,21.04,19.95,7.5563,82.873,81.394,88.7586,55.82,85.144,47.5282,49.1556,54.803,32.5898,59.238,10.2175,28.711,16.7002,7.9467,29.89
15.567,15.3656,20.903,19.916,7.323,83.149,81.265,88.867,55.77,85.124,47.7003,49.2246,54.752,32.8046,59.291,10.2299,28.939,16.7629,8.0241,29.792
15.4746,15.4449,20.969,19.895,7.4009,83.378,81.581,88.6489,56.02,85.566,47.7763,49.2831,55.1,32.9475,59.051,10.2143,29.225,16.613,8.0412,29.783
15.5464,15.3754,21.007,19.83,7.3362,83.556,81.954,88.7058,56.17,85.948,47.8477,49.1458,55.552,33.0834,59.406,10.2091,29.455,16.5813,8.0038,30.018
15.6137,15.2936,20.946,19.766,7.3712,83.231,81.825,88.6187,56.12,86.23,47.8312,49.1328,55.802,33.2684,59.861,10.1569,29.384,16.5906,7.9517,30.244
15.785,15.4572,21.008,19.831,7.3372,83.633,81.725,88.9699,55.919,86.431,47.7466,49.2313,55.802,33.3837,60.163,10.1424,29.484,16.45,7.9692,30.288
15.6774,15.4808,21.342,20.063,7.4697,83.912,81.899,88.8038,56.171,86.614,47.7264,49.554,56.054,33.6806,60.419,10.2046,29.514,16.4871,7.9667,29.912
15.5468,15.6071,21.343,19.964,7.272,84.036,82.027,88.6665,56.221,86.633,47.5431,49.8569,56.306,33.5623,60.666,10.1347,29.485,16.5498,7.9617,29.894
15.4144,15.1938,21.263,20.081,7.1896,84.314,82.402,88.9239,56.372,86.815,47.5702,49.6856,56.356,33.4146,60.62,10.2571,29.212,16.6848,8.0515,29.903
15.7876,15.1435,21.461,20.08,7.2883,84.049,82.065,88.9535,55.97,86.324,47.6091,49.5434,56.052,33.7235,60.292,10.185,29.039,16.6298,7.9467,29.912
15.61,15.2249,21.539,20.05,7.3572,84.36,82.457,88.967,56.372,86.551,47.6825,49.5073,56.556,34.0682,60.812,10.1675,29.255,16.6756,7.8968,29.845
15.6092,15.0924,21.439,20.05,7.4566,84.159,82.155,88.8845,56.271,86.249,47.9092,49.5891,56.656,34.2744,60.711,10.1825,29.556,16.6532,7.9442,29.737
15.5831,15.1331,21.064,19.981,7.3883,84.058,82.155,88.8046,56.271,85.747,47.8969,49.7122,56.656,34.4517,60.711,10.135,29.556,16.614,7.8968,29.522
15.7293,15.2897,21.244,20.063,7.3712,83.325,81.537,88.8814,56.12,85.605,47.839,49.7922,56.503,34.4585,60.146,10.2076,29.268,16.5358,7.9041,29.513
15.5721,15.2926,21.206,20.029,7.3372,83.325,81.437,88.971,55.92,85.404,47.8986,49.8513,56.403,34.4383,60.346,10.17,29.067,16.5906,7.8992,29.561
15.8866,15.1808,21.228,20.058,7.3668,83.981,82.082,88.7968,56.521,85.767,48.0255,49.7846,56.605,34.4909,60.656,10.1949,29.426,16.6438,7.8919,29.517
15.9124,15.2454,21.228,20.058,7.3668,84.058,82.356,88.4823,56.17,86.45,47.9427,49.9483,56.957,34.5697,60.811,10.1473,29.455,16.5963,7.9096,29.499
15.6148,15.2485,21.364,20.093,7.4998,84.181,82.183,88.6269,56.02,86.168,48.115,50.2282,57.006,34.8144,60.756,10.1898,29.426,16.5201,7.9518,29.448
15.3671,15.0891,21.207,20.03,7.3381,84.049,82.065,88.9464,56.07,85.624,48.2872,50.2737,57.052,35.0724,60.692,10.2076,29.339,16.614,8.0342,29.187
15.6421,15.1092,21.463,20.192,7.4009,83.949,81.765,89.0765,55.97,85.824,48.1524,49.9668,57.252,35.4454,60.692,10.2402,29.139,16.614,8.0017,29.283
15.7014,14.961,21.188,19.914,7.3212,83.525,82.138,89.1334,55.92,86.005,48.0605,50.1768,57.704,35.486,60.646,10.2675,29.168,16.669,7.9967,29.366
15.7101,15.1703,21.089,20.013,7.3212,83.525,81.837,89.1171,55.92,86.005,48.327,50.2302,57.704,35.6397,60.746,10.2247,28.967,16.6438,8.0192,29.389
15.4873,15.5094,21.263,20.081,7.4883,84.081,81.982,89.2668,55.919,86.469,48.4036,50.3601,57.608,35.4699,60.856,10.2494,29.225,16.6848,7.9793,29.413
15.7353,15.3316,21.461,20.18,7.4876,84.026,82.138,89.2344,55.82,86.105,48.5862,50.5583,57.604,35.4679,60.746,10.2171,29.268,16.5545,7.9793,29.481
15.7458,15.4444,21.306,20.228,7.3381,83.926,82.038,88.887,55.82,86.005,48.4644,50.5626,57.804,35.6647,61.047,10.1695,29.368,16.468,7.9967,29.475
15.5754,15.2887,21.381,20.396,7.6042,84.026,82.238,88.7248,56.02,86.205,48.4247,50.2395,57.905,35.601,61.347,10.1378,29.568,16.7399,7.8683,29.366
15.8256,15.1907,21.404,20.326,7.4362,84.382,82.183,88.7686,56.221,86.77,48.6837,50.1327,58.009,35.713,61.358,10.1775,29.627,16.7081,7.94,29.483
15.8681,15.2916,21.404,20.128,7.4362,84.349,82.165,88.7763,56.17,86.524,48.6701,50.5046,57.952,35.9072,61.192,10.1825,29.539,16.7081,7.9772,29.534
15.7057,15.0486,21.305,20.128,7.4362,84.326,82.338,88.8487,56.02,86.406,48.4614,50.712,58.205,36.0284,61.347,10.1875,29.368,16.6532,7.9173,29.428
15.6912,15.2848,21.462,20.379,7.4883,83.618,81.849,88.5785,55.721,85.682,48.5276,50.6714,58.195,36.1451,60.927,10.18,29.252,16.724,7.8778,29.164
15.7243,15.2477,21.481,20.397,7.406,83.849,82.065,88.9431,56.07,85.924,48.4668,50.6355,58.652,36.268,61.192,10.2818,29.139,16.8273,8.0117,29.059
15.5444,15.1395,21.481,20.297,7.5054,83.826,82.238,88.7773,55.92,85.805,48.7011,50.501,58.505,36.4199,61.147,10.2792,29.168,16.53,8.0092,29.167
15.5707,15.2613,21.481,20.397,7.5054,83.926,82.338,88.6725,55.719,85.805,48.7981,50.9018,58.505,36.5556,61.247,10.2417,29.468,16.5218,7.9395,29.01
15.4054,15.3396,21.39,20.224,7.3358,83.872,81.893,88.7488,55.82,85.743,48.7108,50.916,58.6,36.6385,61.236,10.3142,29.41,16.4811,7.9793,28.892
15.7872,15.421,21.348,19.979,7.3863,83.981,82.082,88.7839,56.02,86.068,48.8515,50.6351,58.812,36.912,61.559,10.3052,29.527,16.4967,8.0342,29.369
15.9519,15.4921,21.363,19.982,7.2896,83.556,81.552,88.8751,55.668,85.647,48.8599,50.6439,58.463,36.9921,61.112,10.3494,29.355,16.5358,8.0446,29.386
15.7756,15.1947,21.42,20.085,7.5894,84.328,83.078,89.2501,55.971,84.686,49.0879,51.6174,59.522,36.9344,61.844,10.3734,29.307,16.4649,8.0447,29.045
15.5873,15.2238,21.629,20.303,7.6128,83.544,82.234,88.8361,55.531,85.457,48.985,51.7966,59.342,36.7507,61.055,10.3815,29.052,16.5413,8.0224,29.012
15.7478,15.3013,21.552,20.32,7.5329,82.975,81.783,88.7156,55.193,84.967,48.873,51.9069,58.984,37.0957,60.787,10.261,29.012,16.5795,7.9333,29.263
15.7286,15.5549,21.477,20.437,7.4559,83.46,81.681,88.4269,55.58,85.159,48.9707,51.885,59.371,37.2388,61.566,10.1646,29.301,16.4333,7.9002,28.971
15.68,15.3367,21.267,20.132,7.539,83.754,81.681,88.5026,55.58,85.55,48.9874,51.9951,59.371,37.2892,61.664,10.266,29.301,16.7108,8.0011,29.094
15.5598,15.205,21.271,19.952,7.3594,83.884,81.797,88.5026,55.532,85.691,49.0134,52.2602,59.433,37.3862,61.633,10.203,29.192,16.5261,8.0641,28.995
15.5901,15.0223,21.308,20.082,7.489,83.756,81.487,88.5786,55.485,85.748,49.2192,52.2846,59.373,37.533,61.47,10.2535,29.205,16.5947,8.0519,28.936
15.6982,15.4108,21.157,20.032,7.4392,83.583,81.808,88.6876,55.339,85.571,49.299,52.2236,59.321,37.7908,61.122,10.366,29.275,16.6023,8.1646,28.792
15.7296,15.5621,21.346,20.125,7.7246,83.433,81.765,88.4071,55.243,85.219,49.2085,52.234,59.411,38.1519,61.014,10.3376,29.219,16.4184,7.9167,28.692
15.9898,15.4284,21.05,20.023,7.2376,83.983,82.288,88.4807,55.63,85.593,49.3051,52.166,59.727,38.3348,61.535,10.2824,29.683,16.3759,7.9552,28.917
16.0344,15.2105,21.26,20.136,7.1575,84.027,82.537,88.6023,55.435,85.239,49.4449,52.3747,59.72,38.2385,61.426,10.2082,29.724,16.3528,7.9118,29.13
15.9229,15.3155,21.545,20.218,7.3351,84.058,82.752,88.8656,55.58,85.181,49.342,52.4346,60.37,38.2124,61.885,10.2786,29.81,16.435,8.0134,28.998
15.9957,15.6327,21.695,20.275,7.7787,83.756,82.368,88.964,55.289,85.259,49.1267,52.621,60.352,38.7165,62.742,10.3441,29.597,16.5568,7.9842,28.736
15.7887,15.3184,21.697,20.288,7.5985,84.287,82.127,88.7116,55.777,85.881,49.1104,52.5679,60.732,38.7924,62.629,10.3441,29.733,16.4657,7.9842,28.734
15.7514,15.3127,21.568,20.249,7.27,84.118,82.256,88.8567,55.538,85.904,49.1351,52.6525,60.487,38.8708,62.188,10.4199,29.514,16.3359,8.0277,28.526
15.715,15.5802,21.434,20.119,7.43,84.063,82.112,89.1353,55.439,85.842,49.5233,52.5402,60.768,39.0533,61.881,10.5811,29.65,16.4184,8.253,28.738
15.7783,15.3212,21.62,20.304,7.7113,83.576,81.82,89.0246,55.439,86.037,49.6593,52.5774,60.768,39.1655,61.979,10.3332,29.65,16.3803,8.0382,28.929
15.7253,15.4269,21.545,20.142,7.5486,83.929,82.146,89.0323,55.827,86.415,49.6896,52.6193,61.287,39.3314,62.994,10.3382,29.822,16.4184,8.0429,28.773
15.7123,15.7847,21.434,20.023,7.5262,84.233,82.234,89.0636,56.219,86.342,49.7496,52.8369,61.211,39.4222,63.022,10.3382,29.839,16.4565,8.0429,28.746
15.8282,15.5158,21.752,20.25,7.945,84.803,82.503,88.9875,56.073,85.833,49.7595,52.5996,61.168,39.4334,62.882,10.4527,29.771,16.3323,8.1264,28.741
15.8997,15.2313,21.641,20.333,7.8361,84.431,82.825,88.6343,55.827,85.753,49.7531,52.5211,61.212,39.188,62.63,10.292,29.742,16.4729,8.0286,29.032
15.5434,15.3401,21.601,20.191,7.9829,83.589,82.206,88.6729,55.541,85.382,49.8426,52.6823,60.99,39.3672,61.813,10.3267,29.477,16.4878,8.0021,28.877
15.8668,15.5854,21.657,20.338,8.2269,83.99,81.85,88.5441,55.88,85.377,49.7103,52.9203,61.009,39.6706,62.024,10.3258,29.624,16.6017,7.9998,29.095
16.008,15.5403,21.753,20.338,7.9377,83.785,81.374,88.7687,55.491,85.547,49.7765,52.7927,60.792,39.5082,61.998,10.294,29.702,16.5408,7.8734,28.827
15.5572,15.6643,21.791,20.468,7.9718,83.624,81.877,88.9919,55.443,85.59,49.7834,52.8005,60.761,39.6477,61.969,10.3278,29.693,16.5027,7.9384,28.75
15.5585,15.8336,21.735,20.321,7.9207,83.526,81.877,89.3336,55.443,85.59,49.7437,52.7268,60.567,39.859,61.969,10.362,29.693,16.4729,7.9732,28.619
15.7435,15.4891,21.568,20.152,7.8483,83.63,82.256,88.7555,55.733,85.807,49.7636,52.7531,60.975,40.1167,62.285,10.3833,29.709,16.5109,8.0263,28.736
15.8092,15.7137,21.888,20.468,8.0684,83.533,82.646,88.3576,55.44,85.514,49.8464,52.9731,61.268,39.9526,62.383,10.3632,30.099,16.3495,8.0066,28.63
15.9257,15.7858,21.981,20.658,8.1617,83.309,82.726,88.3008,55.296,85.279,50.1251,53.1727,61.301,39.5504,62.51,10.4331,30.013,16.4103,8.1079,28.73
15.8494,15.6057,21.831,20.514,8.017,83.871,83.089,88.6233,55.636,86.234,50.0519,52.9591,61.452,39.8652,62.371,10.4095,30.042,16.381,8.0527,28.672
15.7657,15.7205,21.608,20.295,7.702,84.132,82.584,88.7412,55.881,85.609,49.6754,53.0066,61.485,40.4282,62.498,10.3653,30.053,16.5418,8.0079,28.468
15.8043,15.6102,21.793,20.48,8.1751,83.588,82.066,88.9231,55.497,85.046,49.7612,52.924,61.259,40.3979,62.46,10.4534,29.882,16.5867,8.096,28.505
16.0677,15.5585,21.832,20.333,8.3153,84.098,82.176,88.9742,55.734,85.275,50.0449,52.7562,61.998,40.343,62.621,10.4145,30.061,16.4461,8.0575,28.453
15.5589,15.7069,21.63,20.229,8.0189,84.063,82.794,89.1342,55.829,86.037,50.1716,52.8735,62.034,40.4934,62.758,10.417,30.234,16.504,8.0911,28.694
15.5584,15.5699,21.726,20.325,8.0189,83.915,82.655,89.1801,55.54,85.785,50.2316,53.111,61.539,40.6187,62.553,10.3706,30.179,16.358,8.0761,28.564
15.772,15.6798,21.742,20.617,8.2167,83.801,82.342,89.2261,55.496,85.576,50.1984,53.56,61.404,40.4063,62.418,10.3867,29.921,16.4333,7.9986,28.608
15.6875,15.7674,21.838,20.425,8.2167,83.406,82.255,88.7633,55.306,85.071,50.2435,53.6586,61.286,40.2537,62.297,10.3695,29.808,16.4804,8.0135,28.865
15.4622,15.6798,21.984,20.661,8.3581,83.372,82.232,88.1006,55.351,84.833,50.2569,53.3568,61.603,40.2758,62.225,10.3092,29.91,16.6358,7.9548,28.407
15.7182,15.6079,21.76,20.249,8.2338,83.794,82.061,88.4591,55.597,84.683,50.2431,53.1723,61.577,40.3347,62.297,10.3744,29.808,16.6888,7.987,28.312
15.8339,15.5989,21.649,20.245,8.1316,84.19,81.855,88.8641,55.788,84.993,50.0986,53.4544,61.793,40.3264,62.418,10.493,30.018,16.3867,8.0425,28.517
15.6359,15.7205,21.812,20.497,8.2885,83.801,81.758,88.6185,55.496,85.187,50.1975,53.1968,61.696,40.3181,62.516,10.408,30.213,16.5531,7.9893,28.631
15.9317,15.8024,21.76,20.345,8.1375,84.269,82.691,88.8055,55.732,86.258,50.4625,53.016,62.159,40.4882,63.08,10.408,30.842,16.4363,7.9893,28.639
15.8737,15.9005,21.908,20.497,8.3847,84.463,83.471,88.7633,55.73,86.354,50.3705,53.1539,62.352,40.1084,63.273,10.3695,30.742,16.4627,7.9824,28.445
16.0484,15.9988,21.955,20.358,8.1486,83.446,82.302,88.6299,55.205,85.201,50.5089,53.1139,61.753,40.3483,62.376,10.3283,30.229,16.471,7.9722,28.305
16.0156,15.7137,22.216,20.803,8.4985,82.772,82.127,88.4272,54.927,84.61,50.6331,53.451,61.256,40.5524,61.877,10.3135,30.121,16.5021,7.9575,28.615
15.7018,15.6101,22.127,20.617,8.5056,83.811,82.663,88.4431,55.737,85.472,50.6197,53.388,61.904,40.8344,62.527,10.3906,30.548,16.5431,8.0034,28.467
15.5738,15.8062,22.108,20.6,8.4882,83.891,82.449,88.8076,55.694,85.75,50.5947,53.5773,62.061,40.7377,62.685,10.4053,30.292,16.6252,8.0484,28.6
15.6116,15.8411,22.032,20.341,8.515,84.033,82.406,88.8589,55.502,85.497,50.7146,53.2797,61.953,41.0896,62.673,10.4915,30.235,16.5119,8.0103,28.415
15.3244,15.7314,21.995,20.308,8.3848,84.182,82.934,88.5277,55.985,85.75,50.7402,53.189,62.061,40.7516,62.782,10.4193,30.389,16.4825,8.0019,28.305
15.6554,15.6372,22.109,20.325,8.4977,84.182,82.934,88.6172,55.985,85.362,50.8796,53.2336,61.674,40.3527,62.685,10.4789,30.68,16.2571,7.9375,28.334
15.7064,15.8199,22.331,20.542,9.0041,84.279,82.74,88.7414,55.791,85.168,50.887,53.4435,61.674,40.3812,62.491,10.4789,30.874,16.4793,8.0306,28.703
15.4281,15.7674,22.111,20.219,8.6843,83.884,82.362,88.6721,55.503,84.859,50.827,53.2592,62.328,40.7819,62.95,10.4739,30.564,16.648,8.088,28.651
15.6611,15.7341,22.089,20.391,8.6631,84.129,82.599,88.853,55.985,85.594,50.7072,53.1844,62.534,40.8823,63.253,10.4915,30.428,16.7121,8.0423,28.746
15.5367,15.732,22.031,20.617,8.6019,84.129,83.083,89.0783,55.889,85.594,50.6671,53.3993,62.437,40.5417,63.06,10.4965,30.622,16.5955,8.047,28.65
15.538,15.7484,22.185,20.583,8.567,84.055,82.432,88.8679,55.551,85.226,50.7722,53.3094,62.189,40.7602,62.811,10.4765,30.883,16.5955,8.0276,28.466
15.7164,15.9196,22.017,20.233,8.5017,84.455,82.991,88.8295,56.026,86.234,50.9761,53.3637,62.621,40.9372,63.247,10.5026,31.211,16.656,7.9919,28.496
15.6089,15.9541,22.415,20.533,8.8025,84.579,82.925,88.8034,56.275,85.674,50.9358,53.0746,61.987,40.4817,63.489,10.541,30.991,16.4878,8.0617,28.633
15.8218,15.7926,22.243,20.55,8.7241,83.891,82.74,88.5481,55.791,85.265,50.8638,53.2372,61.964,40.6652,63.17,10.5669,31.165,16.3843,8.119,28.464
15.5964,15.8734,22.319,20.617,8.8908,83.981,82.459,88.4808,55.89,85.342,50.8259,53.3344,61.749,40.6684,62.563,10.5597,31.144,16.3986,8.0494,28.445
15.5138,15.7048,22.485,20.785,9.0581,84.077,82.362,88.6742,55.986,85.439,50.8382,53.5292,61.749,40.7682,62.95,10.5648,31.144,16.4935,7.9919,28.36
15.4161,15.7662,22.243,20.646,8.7241,83.884,82.362,88.9537,55.89,85.632,50.915,53.3618,61.459,40.6626,62.757,10.5648,31.144,16.4935,8.054,28.401
15.4882,15.777,22.224,20.533,8.9941,83.914,82.669,89.1277,55.646,85.575,51.1094,53.3144,61.62,40.8105,62.921,10.5213,30.942,16.5337,7.9795,28.438
15.3657,15.8715,22.224,20.533,8.9941,84.229,82.972,88.6227,56.269,85.706,51.1399,53.1855,62.262,40.5574,63.275,10.4941,31.413,16.5447,7.9547,28.415
15.7649,15.7273,22.243,20.646,9.1078,83.797,83.034,88.8227,56.084,85.268,51.3404,53.4816,62.258,40.545,62.882,10.504,31.168,16.4129,8.0566,28.609
16.0607,15.7409,22.089,20.583,9.1437,84.137,83.658,88.8621,56.664,86.003,51.4064,53.1508,62.267,40.2826,63.086,10.6065,31.224,16.4839,8.0664,28.536
15.444,15.8423,22.408,20.717,9.3695,84.392,83.341,88.7334,56.705,85.956,51.1047,53.1158,62.292,40.3205,63.109,10.6304,31.516,16.5565,7.9969,28.47
15.4046,15.6304,22.205,20.516,8.9764,84.323,82.599,88.7334,56.276,85.304,51.0376,53.1627,61.953,40.3845,63.253,10.6304,31.396,16.5454,8.0898,28.568
15.5272,15.9368,22.281,20.679,9.2398,84.601,82.952,88.8719,56.421,85.887,51.0488,53.0354,62.225,40.2447,63.433,10.6405,31.545,16.5829,8.0681,28.447
15.551,15.8715,22.435,20.646,9.2038,84.504,83.341,88.9377,56.324,86.082,51.0756,53.2476,61.933,40.5013,63.336,10.581,31.642,16.6608,8.1325,28.316
15.2863,15.8374,22.493,20.696,9.2578,83.765,82.819,88.8956,55.937,85.613,51.1159,53.2749,61.416,40.3917,63.005,10.5424,31.463,16.5127,8.0945,28.459
15.2352,15.7994,22.666,20.679,9.2398,83.303,82.376,88.9576,55.51,84.653,51.1951,53.5189,61.153,40.1938,62.735,10.6354,31.415,16.5104,8.0945,28.393
15.4091,15.7457,22.531,20.646,9.2038,83.743,82.133,88.768,55.705,84.809,51.2608,53.3945,61.07,40.5328,62.655,10.5709,31.188,16.5766,8.0922,28.477
15.3115,15.6617,22.549,20.674,9.1321,84.058,82.435,88.6679,56.424,85.326,51.2532,53.3201,61.419,40.4125,63.008,10.6278,31.563,16.4816,8.0875,28.385
15.4975,15.779,22.473,20.691,9.2456,84.055,82.529,88.8834,56.421,85.516,51.3923,53.1644,61.512,40.3737,63.101,10.6542,31.753,16.4444,8.0202,28.485
15.3208,16.0419,22.286,20.599,9.1541,83.939,82.505,89.1652,56.182,85.694,51.5101,53.0337,61.472,40.1371,63.159,10.6209,31.786,16.3873,7.9859,28.363
15.4839,16.0196,22.458,20.583,9.3275,83.939,82.892,88.8306,56.182,85.597,51.6498,53.1463,61.376,40.106,63.159,10.5773,31.786,16.4875,8.0376,28.382
15.3794,15.8336,22.309,20.62,9.0803,83.746,82.892,88.5883,56.375,85.21,51.6657,53.1583,61.279,39.7371,62.966,10.6461,31.786,16.5766,8.076,28.576
15.2599,15.8248,22.385,20.508,9.254,84.091,82.843,88.5179,56.475,85.562,51.5023,53.0539,61.292,40.0104,62.691,10.6057,31.752,16.5368,8.0353,28.458
15.2461,15.6777,22.381,20.599,9.3454,84.41,83.149,88.709,56.423,85.987,51.413,52.9067,61.547,39.9098,63.241,10.606,31.937,16.5946,7.9725,28.484
15.2253,15.6755,22.404,20.524,9.2718,84.17,83.291,88.8943,56.521,85.949,51.413,52.8642,61.363,39.6105,63.158,10.6928,31.803,16.5946,8.027,28.316
15.4367,15.7838,22.439,20.65,9.3995,84.613,83.531,88.8719,56.813,85.911,51.5659,53.0344,61.373,39.5486,63.268,10.7336,31.863,16.5139,8.0681,28.286
15.5449,15.7955,22.669,20.683,9.628,84.193,83.123,88.5523,56.861,85.871,51.702,53.2372,61.017,39.4444,63.102,10.67,32.064,16.4479,8.0067,28.349
15.376,15.8248,22.669,20.779,9.628,83.723,82.769,88.7665,56.23,85.191,51.5578,53.2673,60.848,39.5781,62.73,10.6592,31.913,16.4511,8.0558,28.433
15.0108,15.8423,22.423,20.637,9.3855,83.629,82.869,88.6886,56.524,85.387,51.5387,52.8568,60.754,39.8098,63.024,10.6134,32.013,16.5681,8.0722,28.525
15.2213,15.7027,22.515,20.633,9.4773,84.777,83.512,88.7267,56.959,86.163,51.558,52.8414,61.601,40.0698,63.589,10.7426,32.259,16.6013,8.1078,28.54
15.192,15.8903,22.42,20.549,9.4824,84.679,83.317,88.8235,57.153,86.066,51.6487,53.0878,61.601,40.0388,63.491,10.6519,32.454,16.428,8.1101,28.463
15.1705,15.7838,22.649,20.678,9.9009,84.39,83.028,88.8834,57.059,86.068,51.8888,53.1265,61.214,39.6782,63.397,10.6852,32.262,16.6076,8.0822,28.378
15.2298,15.7409,22.519,20.541,9.5771,84.091,82.746,88.6553,56.96,85.077,51.8129,52.8491,60.807,39.6619,63.176,10.6483,32.237,16.5081,7.9847,28.352
14.904,15.7565,22.313,20.433,9.4673,84.218,83.152,88.619,57.009,85.212,51.8129,52.9761,61.064,39.1163,63.341,10.6171,32.426,16.4719,8.0474,28.272
15.3254,15.6712,22.404,20.62,9.559,83.949,82.887,88.6725,56.669,85.329,51.9478,52.8794,60.913,39.331,63.092,10.7911,32.298,16.4861,8.128,28.327
15.22,15.6394,22.366,20.491,9.5229,84.293,83.028,88.5746,56.864,85.776,51.9149,52.7757,60.728,39.4021,63.202,10.846,32.359,16.5574,8.0587,28.349
15.0951,15.7279,22.504,20.528,9.5631,84.17,82.902,88.8163,57.008,85.657,51.7641,52.6822,60.681,39.356,63.45,10.74,32.485,16.6342,8.0745,28.356
15.2135,15.8298,22.542,20.466,9.5033,84.021,82.76,89.0683,56.812,85.307,51.9224,52.7327,60.575,39.3237,62.95,10.8047,32.423,16.6197,8.0768,28.082
15.1605,15.6394,22.6,20.515,9.6536,83.903,82.833,88.7364,56.864,84.998,51.9525,52.8142,60.63,39.3745,62.91,10.7273,32.359,16.6425,8.1561,27.973
15.0568,15.732,22.787,20.62,9.6547,83.926,83.249,88.8135,56.815,85.504,51.8388,52.81,60.48,39.4069,63.147,10.6817,32.523,16.4491,8.1107,27.962
15.2445,15.7137,22.558,20.587,9.6184,84.193,83.707,88.91,57.251,85.871,51.7869,52.6569,60.53,39.2312,63.102,10.7152,32.843,16.4861,8.1129,28.239
14.8957,15.7897,22.462,20.491,9.6184,84.563,83.196,88.8552,57.302,86.049,51.7383,52.7104,60.976,39.2592,63.452,10.7512,32.584,16.5085,8.1485,28.049
14.9448,15.7829,22.275,20.496,9.7182,84.465,83.099,88.6897,57.205,85.855,52.0673,52.6513,60.781,39.3187,63.452,10.8067,32.487,16.5373,8.1416,28.002
14.8715,15.6798,22.296,20.335,9.6459,84.218,82.957,88.8065,57.204,85.407,52.4713,52.764,60.48,39.1297,63.244,10.8538,32.523,16.5431,8.1274,27.939
14.9508,15.6439,22.749,20.587,9.5229,84.293,82.833,88.4972,57.156,85.29,52.7,52.8134,60.241,39.183,63.202,10.7386,32.554,16.4473,8.0752,27.92
14.9566,15.6455,22.749,20.587,9.5229,84.293,82.833,88.4965,57.156,85.29,52.7017,52.8142,60.241,39.1825,63.202,10.7367,32.554,16.4433,8.0708,27.92
14.9557,15.6462,22.877,20.507,9.5233,85.018,82.833,88.4926,57.9,86.603,52.7017,51.911,60.533,39.1825,64.262,10.7404,33.616,16.5942,8.0685,27.92
14.8799,15.6922,22.976,20.507,9.5354,85.127,82.758,88.3009,57.9,86.541,52.3244,51.658,60.311,39.1475,64.319,10.7616,33.608,16.5078,8.2316,27.358
14.7525,15.5265,22.778,20.478,9.602,84.809,82.438,87.6249,57.988,86.048,52.175,51.364,60.132,38.9621,64.237,10.6321,33.392,16.4959,8.0331,26.88
14.6467,15.4471,22.811,20.419,9.6354,84.407,82.039,87.7346,57.54,85.911,52.2128,51.3296,59.771,38.6835,64.139,10.6239,33.248,16.5065,7.9879,26.695
14.7045,15.514,22.701,20.478,9.6145,84.285,82.271,88.2203,57.758,86.255,52.1817,51.395,59.728,38.4482,64.294,10.775,33.383,16.3616,8.2436,27.032
14.4971,15.4417,22.678,20.36,9.5933,85.146,82.85,88.2819,57.874,86.508,52.0236,51.0858,59.767,38.3817,64.368,10.7884,33.53,16.399,8.1488,27.188
14.5501,15.3712,22.517,20.197,9.4331,84.565,82.367,87.9058,57.791,85.91,52.7862,51.1368,59.403,38.5774,64.162,10.7389,33.366,16.2883,7.9933,26.967
14.403,15.2992,22.461,20.137,9.4665,84.673,82.199,87.9288,57.469,86.209,52.8903,51.3837,59.539,38.3456,63.856,10.7679,33.357,16.2263,7.9521,26.206
14.4488,15.2526,22.356,20.123,9.2726,84.467,82.174,87.8995,57.513,85.914,52.5295,51.1724,59.312,38.1927,63.996,10.7712,33.203,16.2144,8.0261,25.712
14.349,15.2378,22.332,20.181,9.3391,84.819,82.698,87.6272,57.683,86.563,52.4084,50.8973,59.768,38.1634,64.209,10.7778,33.422,16.0267,7.9606,26.262
14.3047,15.3013,22.122,19.974,9.3058,84.667,82.37,87.5225,57.644,86.214,52.7266,50.9274,59.448,38.2046,64.053,10.7142,33.193,15.9394,7.898,26.137
14.0468,15.2208,22.081,20.017,9.3557,84.484,82.37,87.3589,57.644,86.214,53.0745,50.8876,59.721,38.0432,63.87,10.7446,33.102,15.9143,7.8604,25.946
14.0714,15.1615,22.113,19.957,9.3001,84.766,82.47,87.5399,57.584,86.31,52.8303,50.9225,59.842,37.9092,64.26,10.8111,33.241,15.777,7.9963,25.594
13.9711,15.058,22.008,19.943,9.2834,84.649,82.628,87.3091,57.694,86.278,52.9473,50.8427,59.766,37.8453,64.268,10.7658,33.021,15.8396,7.9879,25.339
13.8486,15.1678,21.919,19.943,9.3725,84.673,82.563,87.1264,57.65,86.39,53.1349,50.9622,59.811,38.1362,64.401,10.743,32.994,15.7914,8.0037,25.242
13.9111,15.0859,21.845,19.957,9.3892,85.001,82.712,87.2502,57.955,86.799,53.3783,50.8877,60.11,38.1604,64.507,10.8038,33.258,15.7914,8.0306,25.109
13.689,15.0842,21.751,19.783,9.3779,84.885,82.508,87.1884,57.884,86.767,53.3946,50.7639,60.126,38.2299,64.515,10.7798,33.04,15.7921,7.9718,24.902
13.7427,15.179,21.543,19.755,9.4331,84.866,82.404,87.2472,57.752,86.649,53.2642,50.8433,60.35,38.5428,64.548,10.8438,33.14,15.544,7.9663,24.843
13.6021,15.0994,21.455,19.666,9.4331,85.18,82.985,87.1331,58.02,87.059,53.4684,50.9126,60.622,38.6359,65.008,10.8454,33.194,15.4838,7.8996,24.803
13.595,15.0094,21.439,19.652,9.4164,84.896,82.799,87.1977,57.893,86.843,53.5323,50.7406,60.75,38.6594,64.841,10.8422,33.095,15.4123,7.8969,24.744
13.7041,15.1395,21.351,19.652,9.5933,84.967,82.695,86.9585,57.852,86.725,53.6847,50.8596,60.881,38.9346,65.051,10.826,32.925,15.5603,7.8835,24.687
13.4102,14.9939,20.929,19.496,9.4368,84.887,82.704,86.8568,57.862,86.914,53.8139,50.8893,60.98,38.9803,65.15,10.8715,32.935,15.4493,7.9306,24.536
13.3856,15.0525,20.944,19.421,9.6305,85.113,82.843,86.9529,57.954,86.955,53.8083,50.9302,61.245,39.2034,65.319,10.9279,32.971,15.3526,7.9159,24.586
13.2525,15.0032,20.899,19.38,9.6687,85.137,82.6,86.8162,57.91,86.975,53.9255,50.9162,61.556,39.389,65.627,10.9732,32.944,15.1604,7.9978,24.45
13.2296,14.9602,20.723,19.203,9.6687,85.226,82.868,86.5295,58.089,87.243,54.0915,50.9604,61.735,39.5698,65.717,10.9399,33.034,15.2023,8.0017,24.524
13.1406,14.9955,20.591,19.163,9.7949,85.381,83.022,86.9677,58.132,87.313,53.9899,50.9761,62.14,39.8968,65.856,10.9428,33.15,15.1788,7.9307,24.396
13.2607,15.0016,20.44,19.01,9.8221,85.249,82.893,86.741,58.135,87.264,53.7775,51.0446,62.224,40.1685,65.935,10.968,33.096,15.0629,7.8877,24.594
13.1466,14.948,20.398,19.142,9.9676,85.381,83.38,86.75,58.222,87.491,53.8328,51.3435,62.587,40.341,66.392,11.0164,33.15,15.1018,7.9373,24.533
13.0152,14.9648,20.161,18.909,9.9815,85.517,83.16,86.5848,58.224,87.442,54.1928,51.3443,62.76,40.76,66.381,11.028,33.275,15.0888,7.9496,24.573
12.8855,14.9147,19.985,18.645,10.07,85.583,83.225,86.3859,58.357,87.422,54.3751,51.0415,63.165,40.9699,66.699,10.9997,33.123,15.0542,7.9899,24.603
13.0479,14.8627,19.985,18.645,10.246,85.122,83.031,86.0162,58.142,87.411,54.3087,51.5145,63.312,41.3552,66.76,10.9447,33.07,14.8603,7.9349,24.803
12.9195,14.8809,19.633,18.557,10.246,85.268,83.445,86.0511,58.445,87.561,54.2598,51.8029,63.708,41.748,66.891,10.9447,33.356,14.8911,7.9699,24.766
12.7564,14.8458,19.606,18.443,10.3,84.765,83.3,85.8563,58.321,87.411,54.3926,51.9302,64.027,42.054,66.939,10.9614,33.249,14.9441,8.0222,24.815
12.7836,14.7394,19.572,18.494,10.368,85.16,83.422,86.1269,58.585,87.649,54.576,51.9243,64.5,42.6312,67.245,11.0479,33.41,14.693,8.0358,24.783
12.7534,14.7575,19.524,18.444,10.509,84.734,83.087,85.4816,58.361,87.22,54.544,51.9771,64.72,42.9952,67.464,11.0379,33.383,14.7896,7.9227,24.96
12.7244,14.7174,19.32,18.33,10.474,84.686,83.217,85.7663,58.449,87.27,54.3926,51.9865,64.999,43.3632,67.297,10.9641,33.527,14.8107,8.021,24.979
12.6295,14.6522,19.105,18.29,10.536,84.818,83.438,85.9468,58.447,87.859,54.8818,52.2195,65.459,43.6524,67.58,11.0024,33.491,14.7818,7.9886,24.998
12.6728,14.6351,19.193,18.113,10.713,84.998,83.618,85.5665,58.537,87.499,54.7597,52.3906,65.639,44.1146,67.761,11.0528,33.491,14.8191,7.9376,24.846
12.5467,14.4535,19.105,18.113,10.802,85.268,83.078,85.4112,58.627,87.859,54.6802,52.2999,66.089,44.4289,68.121,10.966,33.491,14.6979,7.9201,25.267
12.6788,14.6239,19.118,18.037,10.819,85.559,83.816,85.0501,58.67,88.071,54.4672,52.5229,66.332,44.9501,68.278,11.0384,33.573,14.7295,7.9636,25.316
12.5746,14.5761,18.977,17.899,10.926,85.763,83.479,85.1931,58.807,87.639,55.0302,52.5911,66.733,45.3618,68.226,11.0364,33.726,14.6826,7.9592,25.129
12.5588,14.3771,18.839,17.936,10.979,85.669,83.562,85.0291,58.804,88.011,55.1924,52.9571,67.301,45.7229,68.436,11.1179,33.836,14.6826,7.9018,25.489
12.5918,14.4184,18.738,17.924,11.226,85.763,83.569,85.2316,58.626,87.639,55.0468,53.1112,67.545,46.508,68.406,11.2426,33.726,14.7137,7.9874,25.268
12.5603,14.4062,18.7,17.887,11.173,85.929,83.554,85.4764,58.679,87.718,54.9494,53.1376,67.877,46.848,68.468,11.2426,33.581,14.6358,7.9874,25.14
12.5841,14.3301,18.751,17.847,11.421,85.515,83.594,84.6235,58.491,87.749,54.9888,53.3402,68.215,47.1162,68.715,11.2755,33.699,14.5261,7.9931,25.409
12.5979,14.4472,18.596,17.781,11.361,86.242,84.132,84.5712,58.947,88.413,55.1414,53.5289,69.009,47.865,69.148,11.2273,33.927,14.5658,8.0867,25.439
12.5675,14.3827,18.584,17.769,11.52,86.036,83.847,84.6471,58.809,87.449,54.975,53.3599,68.957,48.3378,69.006,11.2012,33.617,14.4823,7.9577,25.432
12.4912,14.4228,18.622,17.544,11.713,86.293,84.377,84.7358,58.954,88.058,54.7721,53.2265,69.256,48.3625,69.306,11.1935,33.724,14.6092,7.9203,25.164
12.4925,14.3239,18.572,17.673,11.728,86.426,84.425,84.4069,59.02,87.907,55.7543,53.5891,69.369,49.0263,69.508,11.2066,33.608,14.5253,7.8959,25.659
12.4517,14.2485,18.611,17.799,11.702,85.696,83.414,84.3639,58.672,87.749,55.6103,53.9258,70.019,49.6643,68.895,11.2001,33.789,14.5023,7.8908,25.531
12.4116,14.2427,18.611,17.799,11.79,85.975,82.971,84.6994,58.861,87.848,55.6122,53.8756,70.388,49.9632,69.265,11.2144,33.707,14.5455,8.003,25.352
12.3227,14.1039,18.764,17.86,11.883,86.13,84.114,84.6646,58.903,87.838,55.8862,54.0108,70.661,50.3151,69.894,11.2492,33.844,14.4397,8.003,25.477
12.4116,14.1383,18.761,17.769,11.874,86.177,84.252,84.5236,58.814,87.788,55.7179,54.2145,70.913,50.5393,69.877,11.2858,34.061,14.5032,7.9036,25.382
12.5164,14.1325,18.748,17.757,11.679,85.908,83.537,84.1176,58.997,87.598,55.5993,54.2984,71.325,51.2167,69.842,11.3006,33.951,14.5801,7.9229,25.467
12.5378,14.1094,18.774,17.604,11.981,86.651,83.817,84.0283,59.492,88.453,55.7701,54.587,71.985,51.2302,70.13,11.353,34.144,14.4932,7.9445,25.269
12.4135,14.0517,18.938,17.769,12.14,86.493,83.751,84.0711,59.356,88.019,55.8897,54.4758,72.292,51.472,70.166,11.1519,34.207,14.5131,7.8103,25.281
12.2719,14.0521,19.118,17.943,12.36,86.312,83.933,83.9824,59.175,87.929,56.1152,54.0351,72.201,51.8797,70.528,11.3409,34.297,14.2483,7.9662,25.543
12.4704,14.0521,19.065,17.894,12.285,86.629,84.162,83.6408,59.085,87.788,56.3258,54.4326,72.27,51.8162,70.691,11.3829,34.332,14.2483,7.9453,25.67
12.4657,13.9999,19.115,17.946,12.405,86.901,84.61,83.7096,58.993,88.161,56.455,54.2535,72.767,52.0611,70.547,11.3485,34.081,14.3178,7.9797,25.871
12.4675,13.8915,19.151,17.897,12.418,86.81,84.791,83.5838,59.265,88.615,56.1197,54.2772,73.13,52.6611,70.91,11.3951,34.262,14.1795,7.9583,25.904
12.5002,13.8618,19.275,17.849,12.519,86.29,83.644,83.6713,59.221,88.712,56.024,54.6065,73.027,52.786,70.907,11.3451,34.575,14.3473,8.0115,25.879
12.5347,13.8385,19.429,17.998,12.79,86.404,83.406,83.0401,59.268,88.088,56.14,54.8458,73.015,53.3181,70.635,11.4025,34.526,14.3178,7.9719,25.986
12.5094,13.9078,19.544,18.199,13.094,86.222,82.78,83.1576,58.973,86.461,56.3667,54.8594,73.223,53.5288,69.863,11.4518,34.64,14.2983,8.0562,25.644
12.574,13.8569,19.646,18.212,12.937,86.139,82.44,83.237,58.733,86.637,56.5506,54.8393,73.728,53.9042,70.114,11.5649,34.929,14.1749,8.1327,25.89
12.5721,13.8151,19.694,18.174,13.055,86.182,82.837,83.3667,59.09,87.043,56.5484,54.7544,73.931,54.542,70.4,11.5579,35.254,14.0884,8.1274,25.976
12.4488,13.702,19.871,18.263,13.232,86.719,83.087,83.2945,59.447,87.778,56.837,54.5607,73.939,54.7035,70.653,11.5545,35.573,14.1612,7.9194,25.551
12.6316,13.6575,19.843,18.326,13.281,85.552,82.827,83.442,59.178,87.319,56.7295,54.7465,74.16,54.9148,70.526,11.5974,35.458,14.1516,7.9906,25.617
12.6251,13.6508,20.028,18.503,13.507,85.297,83.022,83.4995,58.407,87.69,56.5938,54.7136,74.632,55.1929,70.284,11.5513,35.869,13.9965,7.9427,25.207
12.6363,13.6697,20.177,18.566,13.645,85.838,83.554,83.2491,58.589,87.718,56.758,54.6282,74.834,55.6144,70.998,11.4744,36.292,14.1185,7.9403,25.505
12.75,13.5047,20.383,18.769,13.773,86.461,84.353,83.2224,58.94,88.172,56.9184,54.5923,75.422,55.6929,71.662,11.5168,36.674,14.1019,7.9852,25.61
12.8023,13.4937,20.486,18.87,13.793,86.168,84.244,83.0401,59.077,88.141,56.9773,54.5612,74.703,56.2001,71.406,11.5394,36.855,14.1958,7.9719,25.999
12.806,13.612,20.742,18.949,13.783,87.373,84.982,82.8909,59.392,88.925,56.7933,54.7742,75.988,56.4815,71.928,11.5956,37.555,13.9846,8.0616,26.334
12.8909,13.5529,20.801,18.923,13.92,87.233,84.033,82.6663,59.483,88.223,56.7756,54.6203,76.176,57.103,71.774,11.6791,37.552,13.9751,8.0432,26.333
12.8944,13.6429,21.097,19.127,14.227,87.028,83.924,82.5569,59.348,88.373,56.683,54.7728,76.269,57.6186,71.697,11.6378,37.731,13.9756,8.0378,26.316
12.88,13.7055,21.171,19.291,14.207,86.802,84.597,82.6595,59.62,88.528,56.9946,54.2666,76.629,58.1438,72.215,11.6378,38.282,13.7626,7.9694,26.22
12.9248,13.5626,21.304,19.42,14.268,86.747,84.006,82.8374,59.067,88.546,56.9668,54.3347,76.623,58.2295,71.689,11.5422,38.266,13.8411,7.9405,26.278
12.9104,13.5695,21.452,19.482,14.316,86.96,84.577,82.8384,59.574,89.132,56.9869,54.3415,77.084,58.6815,72.228,11.7481,38.551,13.8318,8.1164,26.448
12.9585,13.4963,21.614,19.557,14.473,87.69,84.755,82.8043,59.848,89.511,57.3464,54.239,77.509,58.584,72.636,11.7139,38.678,13.9328,8.0823,26.334
12.9844,13.4204,21.677,19.71,14.796,87.851,84.458,82.5551,59.803,89.127,57.3458,54.2643,77.753,58.7404,72.601,11.7032,38.983,13.8876,8.0741,26.546
13.0069,13.4729,21.781,19.902,14.995,87.164,84.42,82.4248,58.984,87.608,57.3274,54.2816,77.205,59.1052,71.627,11.7084,39.154,13.8782,7.9798,26.977
13.1478,13.4799,21.828,19.766,15.147,87.368,84.262,82.4984,59.212,87.9,57.4533,54.8041,77.507,59.7624,72.025,11.7482,39.303,13.8443,8.1209,27.184
13.1393,13.4758,21.886,19.916,15.105,87.541,83.619,82.5518,59.566,88.164,57.5277,54.9407,77.952,60.3073,72.379,11.7678,39.748,13.9105,8.0032,27.21
13.0675,13.5047,22.19,20.118,15.455,86.611,83.512,82.4962,59.43,87.952,57.6364,54.8298,77.498,60.2688,71.849,11.6779,39.922,13.8085,8.0505,27.296
13.1441,13.673,22.174,20.282,15.523,86.453,83.898,82.9408,59.113,88.152,57.7865,54.6445,77.347,59.9639,72.155,11.7822,40.341,13.8952,8.0823,27.346
13.0801,13.3821,22.359,20.369,15.564,86.657,84.55,83.108,59.43,88.636,57.6431,54.5483,77.982,60.1928,72.504,11.8127,40.531,13.7553,8.0113,27.467
13.184,13.3511,22.263,20.461,15.612,86.671,84.561,83.1421,59.648,88.842,57.5669,54.5158,78.43,60.581,72.03,11.7786,41.077,13.8333,7.9772,27.816
13.2152,13.5061,22.063,20.448,15.549,86.875,84.584,82.8926,59.603,88.589,57.7871,54.9621,78.731,60.7918,72.155,11.7337,41.315,13.8376,8.0032,28.121
13.2577,13.513,22.215,20.512,15.872,87.26,84.789,82.705,59.648,88.337,57.9724,54.8649,78.578,61.1482,72.28,11.7837,41.372,13.6409,7.9559,28.33
13.2621,13.5035,22.215,20.512,16.049,87.108,84.554,82.7736,59.43,88.262,57.6113,54.6795,78.821,61.2159,72.279,11.8514,41.571,13.6643,8.0961,28.418
13.3215,13.5077,22.272,20.66,16.27,86.647,83.379,82.9858,59.78,88.421,57.7027,54.5234,79.106,61.5932,72.407,12.0286,41.696,13.6591,8.0093,28.606
13.1908,13.5497,22.473,20.601,16.358,86.49,82.695,82.9501,59.913,88.338,57.7039,54.6672,79.335,61.8127,72.487,12.0249,41.525,13.7476,8.1169,28.754
13.2385,13.5577,22.529,20.66,16.489,86.566,82.6,83.0866,59.876,88.316,57.9265,54.6978,79.428,62.0493,72.597,12.06,41.791,13.7291,8.0552,29.04
13.221,13.5644,22.481,20.792,16.686,86.736,82.858,83.0252,60.135,88.574,58.051,54.5641,79.687,62.3344,72.856,11.9982,42.228,13.7363,7.9965,29.338
13.3449,13.5644,22.723,21.035,16.928,86.825,82.858,83.0722,60.135,88.574,58.0866,54.6394,79.776,62.5406,72.945,12.0451,42.496,13.7397,8.1449,29.522
13.3546,13.598,22.707,21.019,16.993,86.87,82.809,82.9346,60.226,88.626,58.2543,54.6826,79.9,62.811,73.057,12.0079,42.655,13.7595,8.1087,29.789
13.4098,13.5133,22.569,20.968,17.037,86.983,82.824,82.7876,60.183,88.658,58.1474,54.7985,80.087,62.9823,73.137,12.0956,43.029,13.7433,8.1619,30.033
13.3779,13.5793,22.74,21.138,17.303,86.782,82.889,82.7576,60.229,88.549,58.1477,54.8673,80.15,63.1988,73.193,12.0994,43.424,13.6885,8.1312,30.166
13.4419,13.613,22.684,21.168,17.437,86.849,82.864,82.7241,60.274,88.53,58.148,54.8928,80.212,63.4503,73.16,12.0994,43.639,13.7177,8.1312,30.482
13.2959,13.5739,22.717,21.198,17.572,86.989,83.091,82.7446,60.482,88.673,58.2554,54.8627,80.437,63.6684,73.379,12.1202,44.017,13.6278,8.1175,30.814
13.2691,13.5281,22.811,21.38,17.762,87.104,83.198,82.7722,60.531,88.887,58.3639,54.8987,80.627,63.8647,73.46,12.1489,44.397,13.6554,8.1766,31.153
13.4143,13.5375,22.861,21.426,18.01,87.253,83.345,82.9619,60.568,88.949,58.4589,55.001,80.772,63.8092,73.599,12.172,44.876,13.6351,8.1936,31.443
13.4254,13.6324,22.789,21.619,18.212,87.344,83.345,82.9318,60.478,88.949,58.456,54.8273,80.772,63.7755,73.418,12.2432,45.147,13.6186,8.1965,31.576
13.3803,13.6379,22.645,21.651,18.349,87.344,83.526,82.9179,60.207,88.949,58.5689,54.8197,80.953,63.4992,73.328,12.1622,45.508,13.6842,8.047,31.712
13.5086,13.6696,22.727,21.73,18.471,87.619,84.153,83.1048,60.573,89.146,58.3695,54.5538,81.028,63.6547,73.829,12.1476,46.113,13.7861,8.0945,32.119
13.5218,13.5839,23.091,21.906,18.653,87.827,84.536,82.8644,60.895,88.999,58.3643,54.4873,81.22,63.7229,73.73,12.1421,46.41,13.6202,8.129,32.319
13.3789,13.7071,23.04,21.948,18.848,87.326,84.855,82.7364,60.801,89.037,58.4909,54.5281,81.001,63.7133,73.705,12.2489,46.877,13.62,8.1379,32.728
13.5007,13.8041,23.069,22.069,19.122,87.304,85.104,82.6722,60.485,89.018,58.5148,54.4007,80.793,63.9213,73.945,12.284,47.279,13.5917,8.1438,32.982
13.4309,13.7588,22.84,22.109,19.135,87.672,85.558,82.557,60.854,89.398,58.4797,54.2427,81.05,64.0863,74.268,12.1,47.802,13.62,8.0312,33.303
13.2826,13.7874,22.956,22.046,19.438,87.576,85.467,82.6177,60.757,89.109,58.5148,54.4425,80.793,63.9763,74.217,12.3273,47.914,13.6988,8.1266,33.508
13.4625,13.8105,23.074,22.25,19.886,87.598,85.399,82.6512,60.801,89.037,58.6587,54.5267,80.82,64.1412,74.431,12.2268,48.328,13.5877,8.1266,33.603
13.3932,13.8794,23.155,22.51,20.147,87.619,85.24,82.7346,60.754,88.965,58.5851,54.393,80.756,64.6607,74.463,12.2098,48.65,13.7319,8.1097,33.684
13.5019,13.8912,23.086,22.444,20.132,87.792,85.413,82.7011,60.927,89.228,58.548,54.3485,81.019,65.0714,74.636,12.2768,49.094,13.8724,8.0427,33.983
13.4239,13.9029,23.052,22.5,20.17,88.119,86.096,83.0455,61.21,89.663,58.5117,54.3294,81.679,65.2367,74.898,12.3216,49.615,13.762,8.0794,34.408
13.4389,13.8579,22.985,22.344,20.333,87.733,86.256,83.3852,61.075,89.28,58.5089,54.3118,81.835,65.4585,74.592,12.5626,50.021,13.7425,8.3101,34.697
13.4144,13.8801,23.03,22.479,20.538,87.642,86.256,83.1401,61.258,89.462,58.674,54.1875,81.744,65.5459,74.41,12.4518,50.021,13.7892,8.2691,34.779
13.5849,13.8918,22.836,22.552,20.778,87.873,86.121,83.1325,61.444,89.882,58.7472,54.0382,82.057,65.5033,74.619,12.3763,50.562,13.7744,8.1284,35.018
13.4294,13.9825,22.852,22.568,20.894,87.781,85.116,83.4177,61.444,89.882,58.7464,54.0697,82.149,65.3929,74.71,12.46,51.019,13.6796,8.1738,35.282
13.3851,13.9698,22.971,22.597,21.171,87.269,85.246,83.3463,61.614,89.637,58.7621,53.8378,82.101,65.336,74.675,12.3884,51.198,13.7246,8.1371,35.401
13.3202,13.9357,22.966,22.681,21.127,86.607,85.314,83.2722,61.471,89.418,58.9631,53.5167,81.814,65.4438,74.772,12.55,51.341,13.6927,8.2673,35.786
13.3518,13.9363,22.792,22.686,21.171,86.698,85.314,83.0576,61.653,89.691,59.093,53.5878,82.086,65.3185,74.772,12.5028,51.432,13.6332,8.0889,35.887
13.4681,13.9663,22.954,22.759,21.502,86.56,84.907,83.1105,61.367,89.256,59.1406,53.4811,81.696,65.4973,74.148,12.6887,51.897,13.6506,8.179,36.154
13.5002,13.9683,23.064,22.958,21.66,86.984,84.796,83.0055,61.487,88.754,59.2293,53.3983,81.426,65.4591,74.283,12.6798,52.134,13.6473,8.2162,36.299
13.5041,13.9808,23.068,22.962,21.968,87.36,84.91,82.9679,61.611,88.847,59.2717,53.484,81.554,65.5404,74.353,12.7042,52.365,13.624,8.2862,36.65
13.5176,13.9927,23.106,23.0,22.151,87.671,84.955,82.9825,61.785,88.884,59.1755,53.346,81.605,65.7079,74.595,12.7163,52.814,13.5956,8.2711,36.927
13.453,14.0154,23.144,23.037,22.245,87.645,85.023,82.8975,61.822,88.761,59.1903,53.2491,81.592,65.7697,74.511,12.7283,53.129,13.602,8.2561,37.168
13.508,14.1815,23.127,23.197,22.482,87.823,85.023,83.0006,61.911,88.939,59.1891,53.1206,81.592,65.7344,74.6,12.8319,53.485,13.6713,8.3254,37.352
13.4404,14.2146,23.11,23.179,22.719,87.823,85.023,83.1,61.911,89.028,59.2959,53.0265,81.592,65.7667,74.69,12.7656,53.931,13.6618,8.2922,37.444
13.4694,14.2312,23.093,23.25,23.132,87.96,85.246,82.9607,62.095,89.26,59.2027,52.9765,81.72,65.9725,74.805,12.6916,54.288,13.6239,8.1876,37.592
13.484,14.165,23.043,23.199,23.398,87.96,85.246,83.2095,62.095,89.438,59.2548,52.8806,81.72,65.9946,74.805,12.7732,54.645,13.6264,8.2742,37.816
13.4485,14.2753,23.268,23.424,23.7,88.028,85.492,83.2018,62.142,89.867,59.2195,53.0226,81.873,66.0077,74.863,12.7318,55.048,13.6258,8.2682,37.886
13.3726,14.303,23.2,23.442,23.76,87.909,85.818,83.2018,62.27,90.019,59.2171,53.1588,82.106,66.0815,75.27,12.7648,55.442,13.608,8.1692,38.117
13.3986,14.375,23.099,23.513,23.675,87.671,85.849,83.3047,62.321,89.778,58.9308,53.1208,81.962,66.1462,75.489,12.769,55.763,13.6111,8.2382,38.405
13.4389,14.3527,23.065,23.565,23.705,87.682,85.772,83.2271,62.621,89.786,58.8791,53.177,81.889,65.9636,75.51,12.8552,56.064,13.6639,8.3282,38.66
13.3323,14.3416,23.256,23.757,23.821,87.724,85.726,82.9387,62.525,89.642,59.0186,53.175,81.85,65.7386,75.482,12.8596,56.417,13.6695,8.2098,38.708
13.4246,14.4298,23.29,23.879,23.965,87.05,85.768,83.1118,62.329,89.304,59.121,53.1608,81.379,65.2896,75.133,12.9965,56.758,13.5794,8.3218,39.03
13.5052,14.3794,23.239,24.0,24.14,86.119,85.368,83.2391,62.5,89.251,59.1847,52.9606,81.341,64.8818,75.194,13.025,57.107,13.5613,8.3516,39.098
13.5984,14.4016,23.4,24.252,24.448,85.83,85.969,83.1738,62.56,89.784,59.2554,52.9585,81.302,64.5965,75.485,13.0557,57.699,13.6294,8.4203,39.341
13.5003,14.5179,23.276,24.306,24.449,84.895,85.837,83.4789,62.389,89.571,59.066,52.6946,81.162,64.2888,75.869,13.104,57.795,13.7139,8.4543,39.484
13.4813,14.375,23.378,24.154,24.334,84.596,85.826,83.7168,62.587,90.058,59.0951,52.4182,81.283,64.324,76.024,13.0845,58.178,13.568,8.3116,39.606
13.4009,14.3653,23.372,24.34,24.335,84.42,85.768,83.5946,62.41,89.886,59.0301,52.499,81.165,64.5315,75.927,12.9696,58.374,13.6235,8.2652,39.617
13.5664,14.4437,23.194,24.34,24.693,84.098,86.18,83.0804,62.508,90.307,58.875,52.2938,81.204,64.0093,75.774,12.9899,58.564,13.6124,8.256,39.741
13.4917,14.4538,23.268,24.319,24.957,82.761,86.078,82.7275,62.197,90.062,58.7945,52.1431,80.521,63.331,75.871,13.0944,58.514,13.6297,8.2134,39.617
13.5352,14.3911,23.272,24.401,24.833,79.883,86.049,82.8836,61.503,90.183,58.8142,51.5431,79.807,62.7138,76.084,13.1325,58.619,13.549,8.2541,39.827
13.2625,14.2753,23.26,24.394,24.708,75.352,85.897,83.3038,60.029,89.61,58.8753,50.6442,79.075,62.0527,76.142,13.1974,58.785,13.5967,8.3363,39.672
13.0826,14.1475,23.309,24.547,24.744,71.314,86.155,83.0177,59.353,90.212,58.5444,49.8651,78.772,61.5963,76.344,13.1956,58.44,13.5879,8.3599,38.953
13.3898,14.2534,23.361,24.693,24.656,68.935,85.716,82.4531,58.118,89.295,58.0115,48.7379,77.818,60.4336,75.127,13.1591,57.187,13.5134,8.2681,37.793
13.1944,14.0384,23.291,24.886,24.445,68.747,85.075,82.3235,57.761,88.065,57.4721,47.5016,76.989,59.4108,75.14,13.1447,56.065,13.449,8.2133,36.306
13.1363,13.6748,23.435,24.938,24.653,71.061,85.053,82.109,58.529,88.498,57.1269,46.3965,76.778,58.5937,75.651,13.0732,55.751,13.2881,8.26,35.611
13.2724,13.412,23.382,24.97,24.652,74.303,85.008,81.7632,59.802,89.112,56.5625,45.6373,76.963,58.6543,75.829,13.1938,56.399,13.0994,8.2796,35.684
13.2886,13.0184,23.256,25.206,24.832,77.911,84.917,81.5109,61.174,89.495,56.2195,45.1957,77.209,58.6587,75.523,13.2393,57.503,13.0902,8.1604,36.676
13.1352,12.7678,23.219,24.995,24.744,80.402,84.94,81.489,61.764,89.24,55.6506,44.9873,76.327,58.4338,75.372,13.2638,58.912,13.0499,8.3045,37.691
13.0537,12.7527,23.115,24.97,24.741,81.578,85.296,80.8519,62.029,89.323,55.5707,44.5193,75.134,57.6134,75.455,13.2817,59.998,13.0514,8.2329,38.843
13.0963,12.8513,23.291,25.244,25.43,82.799,85.499,80.8575,62.423,89.504,55.1937,45.5092,75.925,57.6784,75.701,13.2138,60.741,13.0391,8.1711,39.754
13.0548,13.2507,23.435,25.384,25.993,83.253,85.481,81.1801,62.634,89.546,55.3673,48.152,77.679,60.7093,75.833,13.3655,61.473,13.2703,8.2942,39.964
12.9936,13.5952,23.383,25.407,26.188,83.556,85.591,81.9192,62.841,89.635,55.3958,50.3356,79.798,63.5219,75.985,13.3992,62.113,13.4301,8.2725,40.415
12.9021,13.8102,23.437,25.546,26.657,83.915,85.681,82.2025,62.931,89.724,55.3963,51.5253,81.055,64.3414,76.344,13.309,62.652,13.4797,8.2618,40.458
12.9661,14.1328,23.366,25.654,26.955,84.071,85.479,82.4558,62.979,89.707,55.6964,52.1499,81.389,64.4257,76.404,13.334,63.064,13.4645,8.2838,40.607
13.0807,14.3022,23.383,25.674,27.076,84.269,85.413,82.5397,63.036,89.834,55.8169,52.6375,81.583,64.4574,76.585,13.324,63.404,13.5179,8.3323,40.855
13.0045,14.2747,23.515,25.812,27.251,84.402,85.459,82.58,63.134,89.709,55.9214,52.7668,81.622,64.6969,76.615,13.3662,63.692,13.4837,8.3716,40.788
13.0012,14.2421,23.515,25.901,27.34,84.269,85.233,82.6571,63.036,89.474,56.026,52.9663,81.583,64.7888,76.405,13.4132,63.764,13.5716,8.2817,40.892
13.03,14.2966,23.462,25.841,27.509,84.227,85.097,82.7638,63.028,89.329,56.2362,52.8638,81.634,64.7888,76.284,13.3893,63.837,13.5084,8.3542,41.047
12.9995,14.3403,23.498,25.959,27.678,84.246,85.02,82.8849,63.045,89.32,56.2908,52.8668,81.75,64.9367,76.156,13.4085,64.008,13.5483,8.2786,41.018
12.9626,14.2202,23.516,25.88,27.724,84.162,85.019,82.6924,63.118,89.212,56.2723,52.8108,82.207,65.1357,76.097,13.436,64.24,13.5006,8.2587,41.188
13.0115,14.2639,23.499,26.037,27.78,84.628,85.311,82.5542,63.533,89.695,56.5406,52.779,83.387,65.3566,76.365,13.4509,65.028,13.5921,8.2253,41.263
12.8646,14.264,23.394,25.918,27.586,85.456,85.693,82.4608,64.129,89.912,56.6102,52.7033,83.495,65.6827,76.904,13.5505,65.372,13.5921,8.1989,41.382
12.7914,14.2039,23.342,25.86,27.402,85.972,85.672,82.7226,63.999,89.805,56.8881,52.8528,83.292,65.6601,77.054,13.6254,65.337,13.6502,8.2591,41.359
12.8305,14.1493,23.289,25.723,27.466,86.243,86.395,82.6095,64.198,90.276,56.8876,52.9674,83.647,65.6794,77.567,13.6162,65.558,13.5675,8.2416,41.35
12.8123,14.1273,23.306,25.743,27.586,86.062,86.121,82.5766,63.999,89.985,57.0825,53.1805,83.292,65.537,77.054,13.6162,65.607,13.6548,8.2745,41.402
12.787,14.2312,23.401,26.015,27.783,85.346,85.307,82.5644,63.588,88.945,57.0127,53.1484,82.508,65.7096,76.334,13.5722,65.039,13.6205,8.196,41.481
12.8487,14.2476,23.401,26.103,28.046,85.591,85.375,82.6753,63.637,88.927,56.9582,53.2203,82.572,65.9964,76.305,13.6491,65.271,13.5519,8.2745,41.624
12.7643,14.3079,23.324,26.026,28.057,85.992,85.42,82.6971,63.734,88.891,57.082,53.3397,82.702,66.0225,76.335,13.6349,65.648,13.5331,8.2981,41.832
12.7472,14.3571,23.383,26.171,28.102,86.351,85.512,82.8732,63.752,88.997,57.2746,53.2067,83.052,66.3638,76.573,13.7114,66.315,13.5862,8.2778,41.896
12.6269,14.4556,23.366,26.151,28.156,86.397,85.558,83.0989,63.761,88.872,57.3611,52.9505,83.094,66.6146,76.604,13.7101,66.516,13.5765,8.2386,42.008
12.6167,14.4342,23.401,26.191,28.134,86.579,85.65,83.2409,63.869,88.889,57.238,52.8905,83.268,66.5877,76.665,13.8548,66.741,13.5712,8.3124,41.769
12.6301,14.4513,23.242,26.123,27.464,87.747,86.908,83.216,64.806,90.026,57.2903,52.9307,83.03,66.5902,77.696,13.8316,67.794,13.5906,8.3187,41.87
12.6159,14.4513,23.541,26.452,28.298,86.878,86.676,83.4867,65.069,90.425,58.2371,53.0279,84.081,65.9446,77.026,13.9063,68.225,13.671,8.4558,41.553
12.6346,14.3509,23.576,26.379,28.563,87.003,86.705,83.5516,65.192,90.504,58.384,52.8862,84.223,66.1606,77.32,14.0238,68.549,13.7039,8.4366,41.584
12.5761,14.4312,23.594,26.562,28.782,87.22,86.65,83.7268,65.248,90.335,58.5346,53.1037,84.181,66.4723,77.404,14.0316,68.741,13.5729,8.4531,41.674
12.6108,14.5499,23.594,26.562,28.87,86.962,86.123,83.6878,64.794,89.683,58.603,53.2394,83.673,66.8321,76.949,13.9911,68.312,13.4955,8.416,41.579
12.4373,14.6424,23.559,26.711,28.97,86.759,86.453,83.7336,64.467,89.468,58.4264,53.3771,83.209,67.2354,76.769,13.971,68.229,13.6765,8.3976,41.585
12.4154,14.7687,23.576,26.82,29.004,86.805,86.946,83.7204,64.388,90.057,58.5098,53.4273,83.073,67.4898,76.711,14.0238,68.255,13.7902,8.3834,41.893
12.398,14.8181,23.594,26.84,29.302,86.988,86.954,83.1441,64.945,90.346,58.6674,53.5437,83.246,67.286,77.13,13.9922,68.931,13.6962,8.4668,42.006
12.3682,14.8226,23.594,26.84,29.567,87.373,87.071,83.2201,64.917,90.564,58.9789,53.6409,83.622,67.1663,77.49,14.0347,69.463,13.5921,8.4461,42.21
12.3769,14.889,23.523,26.846,29.695,87.304,86.913,83.1267,64.598,90.492,58.7852,53.5,84.362,67.2842,77.43,14.0721,69.405,13.5729,8.4493,42.289
12.4268,14.9499,23.523,27.022,29.695,86.92,86.349,82.9063,64.359,90.184,58.7852,53.3984,84.162,67.5142,77.248,14.0722,69.23,13.6018,8.4922,42.331
12.4005,15.1034,23.576,27.172,29.709,86.046,85.473,82.6206,64.003,89.537,58.4899,53.4468,83.657,67.5644,76.531,14.0083,68.711,13.587,8.2412,42.489
12.3769,14.9059,23.682,27.193,29.832,86.471,85.899,82.7969,64.783,89.985,58.633,52.9039,83.986,67.5791,76.74,14.023,68.998,13.5581,8.3528,42.407
12.4041,15.0464,23.859,27.193,29.92,87.429,86.056,82.7542,65.368,89.968,58.9779,52.8697,83.785,67.6215,76.978,14.2039,69.145,13.7622,8.4081,42.374
12.32,14.9459,23.611,27.11,29.783,87.689,85.785,82.6676,65.167,89.68,59.0977,52.9683,83.522,67.7324,77.271,14.0876,69.447,13.6184,8.3528,42.466
12.2634,15.0604,23.643,27.135,29.869,87.328,85.516,82.6676,64.967,89.307,59.2366,53.0135,83.438,67.8716,76.854,14.1199,69.393,13.5796,8.3205,42.35
12.1585,15.063,23.802,27.218,30.006,87.818,86.093,82.7795,64.978,89.094,59.2726,53.0,84.1,68.0834,76.974,14.1721,69.42,13.565,8.2682,42.402
12.0691,15.0321,23.664,27.172,29.886,88.25,86.433,83.1812,65.228,89.451,59.25,53.1431,84.253,68.3678,77.363,14.3192,69.71,13.5457,8.4078,42.424
12.0621,15.0986,23.766,27.265,30.025,88.378,86.913,83.2486,65.493,90.492,59.0559,53.359,84.541,68.4168,77.788,14.2245,70.21,13.6184,8.2807,42.637
12.2322,15.1385,23.766,27.352,30.377,88.477,87.638,83.2652,65.697,91.772,58.8987,53.2366,84.72,68.376,77.943,14.2369,71.076,13.7462,8.3006,42.716
12.1799,15.2076,23.732,27.416,30.394,88.527,87.958,83.4325,65.529,91.471,58.9147,53.0444,84.494,68.4534,78.426,14.4063,71.466,13.5457,8.369,42.7
12.1449,15.1597,23.555,27.398,29.956,88.65,88.622,83.5097,65.704,91.331,58.9495,53.0198,84.701,68.3646,78.802,14.4866,71.66,13.5457,8.5084,42.9
12.0886,15.1998,23.678,27.352,29.937,88.639,88.249,83.5546,65.499,90.586,59.1939,53.0493,84.522,68.3596,78.284,14.5671,71.417,13.467,8.3882,43.068
12.0246,15.2267,23.75,27.437,29.987,88.569,87.909,83.5629,65.358,90.423,59.2611,53.1059,84.454,68.3188,78.043,14.5125,71.267,13.5408,8.4597,43.075
11.9432,15.2651,23.84,27.632,30.515,88.639,87.71,83.6279,65.588,90.496,59.4728,53.0933,84.522,68.055,78.104,14.5125,71.327,13.5505,8.3946,43.364
12.0175,15.1958,23.858,27.654,30.551,88.429,87.142,83.6504,65.704,90.277,59.5958,53.303,84.41,67.9754,78.009,14.4019,71.236,13.5699,8.355,43.288
11.939,15.2152,23.912,27.629,30.657,88.729,87.351,84.1003,65.678,90.945,59.7735,53.3396,84.791,67.896,78.284,14.6244,71.776,13.5844,8.545,43.349
11.9698,15.1619,23.912,27.629,30.834,88.658,87.281,83.5891,65.807,91.5,59.836,53.2279,84.544,67.9938,78.222,14.3664,72.344,13.5844,8.3654,43.535
11.9096,15.0419,23.768,27.37,30.552,88.31,87.024,83.7186,65.819,91.489,59.4808,53.1452,84.209,68.1102,77.647,14.4312,72.129,13.5408,8.3654,43.887
11.8537,15.1181,23.644,27.416,31.099,87.806,87.234,83.8411,65.425,90.693,59.6359,52.9145,84.167,68.0788,77.016,14.5527,72.122,13.565,8.4565,43.645
11.8123,15.1011,23.591,27.458,31.082,88.142,87.214,83.6344,65.476,90.499,59.7381,52.9067,84.144,68.2976,77.076,14.5695,72.271,13.5953,8.4469,43.404
11.8336,15.1432,23.715,27.501,31.064,88.24,87.401,83.504,65.679,90.522,59.5779,52.965,84.143,68.5221,77.407,14.5673,72.514,13.6488,8.4143,43.53
11.8246,15.1181,23.793,27.491,30.877,88.29,87.361,83.5169,65.602,90.579,59.5061,53.1078,84.187,68.4507,77.887,14.6404,72.547,13.565,8.4953,43.551
11.8128,15.1011,23.715,27.501,30.976,88.339,87.321,83.3878,65.525,91.083,59.6328,53.215,84.41,68.4242,78.099,14.5988,72.67,13.5311,8.373,43.713
11.817,15.063,23.661,27.437,31.311,88.569,87.64,83.0111,65.627,90.782,59.9105,53.3022,84.454,68.4635,78.491,14.5664,73.151,13.6488,8.2905,43.792
11.755,15.1278,23.668,27.43,31.07,88.538,87.789,83.1187,65.474,90.473,59.9125,53.2256,84.254,68.3163,77.948,14.5818,73.235,13.594,8.2357,43.983
11.6962,14.9827,23.679,27.723,31.17,88.449,88.057,83.1268,65.653,90.473,59.8192,53.3352,84.074,68.1521,77.858,14.7221,73.235,13.4576,8.4341,44.267
11.628,15.179,23.733,27.788,31.189,88.549,87.8,83.027,66.038,90.945,60.0592,53.4227,84.522,68.3714,78.284,14.7507,73.573,13.6966,8.4948,44.219
11.474,15.1295,23.715,27.589,31.064,87.924,86.817,83.32,65.577,90.377,59.8962,53.1758,84.188,68.2695,77.91,14.8524,73.284,13.6966,8.5302,44.433
11.4806,15.0404,23.715,27.589,31.153,87.806,86.434,83.5566,65.514,90.337,59.9427,53.0637,84.345,68.1931,77.905,14.8343,73.011,13.594,8.4759,44.717
11.4936,15.1011,23.626,27.483,31.063,88.419,86.866,83.8504,66.036,90.522,59.713,52.8342,84.946,68.2727,78.121,14.8396,73.139,13.5506,8.4147,44.462
11.4549,15.0558,23.721,27.758,31.353,88.826,87.898,83.8383,66.228,90.668,59.5754,52.8769,84.634,68.4285,78.244,14.7673,73.531,13.5217,8.3663,44.726
11.4896,15.1432,23.739,27.603,31.389,88.488,87.649,83.8063,66.266,90.774,59.8508,53.0897,84.567,67.9487,78.183,14.922,73.916,13.5362,8.5978,44.379
11.5954,15.0841,23.757,27.625,31.248,88.865,87.58,83.7251,66.304,90.969,59.6933,52.9868,84.411,67.7254,78.657,14.9647,74.121,13.6572,8.5524,44.628
11.6825,15.0291,23.669,27.625,31.601,88.916,87.987,83.7245,66.317,90.936,59.6594,52.9707,84.992,67.7856,78.691,14.8989,74.694,13.6138,8.4565,44.746
11.4016,15.0333,23.651,27.603,31.565,89.175,88.157,83.9319,66.397,91.195,59.797,52.999,85.161,67.8827,78.861,14.9737,74.595,13.5414,8.4437,44.689
11.3884,14.9771,23.615,27.56,31.405,88.836,88.087,83.4515,66.256,90.943,59.9988,53.1009,84.736,68.1409,78.709,14.8442,74.532,13.6279,8.3483,44.652
11.4244,14.9771,23.633,27.758,31.441,88.113,87.274,83.0431,65.946,90.459,60.1166,53.0327,84.39,68.1121,77.961,14.9333,74.042,13.6712,8.3948,44.925
11.1971,14.9715,23.757,27.801,31.513,88.419,87.848,83.1408,66.572,90.969,59.9228,52.8645,84.5,68.1319,78.657,14.9949,74.657,13.541,8.4945,44.97
11.3532,14.9282,23.721,27.582,31.617,88.547,87.798,83.1004,66.201,90.733,59.9268,52.8696,84.545,68.154,78.534,15.0268,74.888,13.5314,8.5139,44.902
11.1882,15.0584,23.651,27.603,31.653,88.399,87.917,82.9253,66.355,91.31,59.719,52.7574,85.103,67.8715,78.63,15.2296,74.988,13.6558,8.6274,45.168
11.2689,15.1172,23.739,27.603,31.653,88.013,87.619,82.417,66.201,90.733,59.792,52.7937,84.812,67.7056,78.534,15.0363,74.799,13.498,8.3748,44.938
11.3143,15.0218,23.669,27.889,31.689,88.887,87.869,82.611,66.718,90.821,59.8292,52.5933,85.139,68.0552,78.834,15.1383,75.195,13.6558,8.4086,44.826
11.2102,14.9244,23.627,27.766,31.507,89.107,88.358,82.5479,66.524,90.782,59.8718,52.7497,85.262,68.568,78.76,15.0098,75.305,13.5457,8.3142,44.686
11.2407,14.9633,23.759,27.91,31.782,88.79,88.76,82.4737,66.619,91.549,59.9228,52.8512,84.76,68.5699,78.966,15.0735,75.693,13.7226,8.4286,44.917
11.0421,15.0065,23.725,27.975,31.714,88.181,88.509,82.1287,66.298,90.936,60.1712,53.0272,84.423,68.6524,79.083,15.2135,75.09,13.7226,8.4021,44.793
11.208,14.9869,23.85,28.108,31.519,88.08,88.233,81.8961,66.288,90.945,60.3198,52.9699,84.399,68.6924,79.397,15.3177,75.41,13.772,8.4882,44.907
11.0587,15.008,23.85,28.197,31.608,87.859,88.104,81.6879,66.03,90.913,60.3991,52.9869,84.444,68.6519,79.343,15.3133,75.448,13.6236,8.4725,44.834
11.1011,15.0038,23.85,28.286,31.608,87.768,88.104,81.5399,66.121,90.913,60.3062,52.8674,84.354,68.6162,79.252,15.248,75.448,13.6138,8.4529,44.699
11.07,15.0333,23.85,28.197,31.786,87.629,87.962,81.3203,66.288,91.035,60.1621,52.8193,84.309,68.5408,79.217,15.1972,75.41,13.6041,8.3926,44.684
11.0736,14.9604,23.832,28.086,31.839,87.781,87.751,81.3368,66.402,91.444,60.1959,52.8662,84.198,68.3188,79.388,15.2975,75.308,13.6376,8.3768,44.817
10.9545,14.959,23.671,27.91,31.782,87.159,87.035,81.5384,65.937,90.87,60.2317,52.963,83.955,68.1591,78.737,15.2488,75.183,13.6474,8.3554,45.348
11.1162,15.0345,23.457,27.689,32.064,86.844,86.986,81.491,66.191,90.635,59.9947,52.6011,84.268,68.154,78.524,15.1901,75.502,13.6084,8.3398,45.491
11.1197,15.0457,23.422,27.754,32.262,87.085,87.135,81.4727,65.949,90.061,59.9561,52.3381,83.713,68.3262,78.162,15.3557,75.312,13.6126,8.5122,45.706
11.0544,14.9127,23.316,27.732,32.226,87.222,87.451,81.4772,65.962,89.849,59.7993,52.2704,83.756,68.4725,78.106,15.2331,75.439,13.5836,8.3896,45.51
11.1167,14.8629,23.387,27.888,32.189,87.249,87.481,81.8245,66.116,89.888,59.8252,52.4182,83.687,68.3279,78.29,15.1863,75.719,13.6224,8.3544,45.518
11.1097,14.8697,23.493,27.91,32.226,87.049,87.551,82.3379,65.899,89.871,59.8092,52.2567,83.664,68.3279,78.263,15.3847,75.693,13.5889,8.4843,45.583
11.0555,14.939,23.387,27.888,32.1,87.04,87.72,82.6146,66.068,90.04,59.6647,52.2493,83.744,68.3378,78.432,15.2392,75.863,13.5266,8.4118,45.547
11.0322,15.0291,23.316,27.625,31.954,87.04,87.809,82.7553,66.068,90.129,59.6096,52.2234,83.833,68.3477,78.432,15.2757,76.041,13.6334,8.4277,45.553
10.9818,14.9897,23.316,27.625,31.954,87.028,87.799,82.9779,66.219,90.122,59.6076,52.1689,84.088,68.3674,78.593,15.2757,76.115,13.5266,8.4277,45.493
11.0048,15.0753,23.21,27.515,32.006,87.166,87.939,83.0695,66.501,90.357,59.5173,52.2546,84.221,68.3755,79.075,15.3021,76.154,13.6099,8.4245,45.304
10.9477,15.1511,23.14,27.43,32.037,87.393,88.438,83.1842,66.605,91.042,59.466,52.2472,84.355,68.318,79.379,15.5089,76.373,13.6294,8.4772,45.39
10.9324,15.0191,23.404,27.625,32.131,87.255,88.297,83.2279,66.411,90.805,59.6891,52.1899,84.311,68.1942,79.075,15.5761,76.602,13.5599,8.3976,45.295
10.8823,15.0753,23.21,27.515,32.006,87.076,88.208,83.01,66.322,90.895,59.9065,52.2783,84.221,67.7847,78.717,15.6768,76.423,13.6001,8.4642,45.209
10.9817,15.2195,23.174,27.667,32.116,87.097,88.138,83.2362,66.449,91.09,59.7863,52.325,84.244,67.7839,78.834,15.6947,76.627,13.6294,8.3991,45.458
11.0666,15.1551,23.429,27.746,32.282,86.781,87.64,83.5698,66.346,90.943,59.6756,52.3719,84.289,67.538,78.888,15.7357,76.498,13.5932,8.4182,45.271
10.8662,15.3334,23.298,27.603,32.183,86.944,88.528,83.3042,66.605,90.952,59.773,52.442,84.445,67.4174,79.11,15.6673,76.822,13.5406,8.3398,45.278
10.9783,15.2461,23.298,27.78,32.183,86.855,88.438,82.6318,66.695,91.221,59.7366,52.5668,84.176,67.589,79.11,15.758,77.091,13.7136,8.47,45.323
10.8017,15.1725,23.175,27.737,32.198,86.918,88.138,82.2894,66.449,90.642,59.7072,52.489,84.155,67.4336,79.192,15.6051,76.895,13.6374,8.3803,45.655
10.8517,14.9773,23.252,27.814,32.276,86.986,88.208,81.962,66.501,90.716,59.6568,52.2333,84.401,67.3434,79.523,15.7019,76.781,13.6082,8.3675,45.521
10.6876,14.9244,23.316,27.625,32.484,87.193,88.15,81.0753,66.657,90.846,59.7768,52.1403,84.512,67.2222,79.622,15.8041,76.887,13.6737,8.4919,45.296
10.6513,15.0078,23.28,27.689,32.418,87.082,88.131,80.8568,66.619,91.01,59.4983,52.1353,84.22,67.3684,79.415,15.709,77.042,13.6348,8.3992,45.033
10.6691,15.0676,23.422,27.931,32.351,87.205,88.446,80.5127,66.715,91.077,59.5993,52.1584,84.512,67.2284,79.768,15.7461,77.592,13.6737,8.3708,45.053
10.8105,15.0955,23.316,28.019,32.41,87.309,88.655,79.9454,66.956,90.856,59.9882,52.4575,84.694,67.1505,79.825,15.9217,78.035,13.6892,8.4772,45.162
10.7993,15.0819,23.298,27.997,32.373,87.329,88.974,79.0082,66.956,91.209,59.9089,52.3775,84.787,67.0335,80.049,15.8953,78.296,13.6629,8.5203,45.175
10.6842,15.1196,23.387,27.928,32.469,87.059,88.805,78.2754,66.802,91.051,59.9737,52.3036,84.695,67.0836,79.848,15.8806,78.107,13.7502,8.4659,45.243
10.8222,15.11,23.387,27.839,32.558,86.663,88.679,78.0698,66.734,90.824,59.7901,52.32,84.672,67.2129,79.746,15.9446,77.995,13.7402,8.5223,45.006
10.6464,15.0707,23.155,27.684,32.536,86.059,88.415,77.7188,66.568,90.442,59.6809,52.4024,84.534,67.3413,79.469,16.0002,77.597,13.7042,8.4432,44.781
10.6882,15.0162,23.039,27.653,32.578,85.963,87.935,76.8642,66.511,90.122,59.5721,52.4656,84.988,67.4658,79.415,15.9794,77.338,13.646,8.4739,44.915
10.5665,15.0218,22.861,27.475,32.4,85.977,87.674,75.5554,66.54,90.131,59.3107,52.4658,84.73,67.0948,79.887,15.8615,77.535,13.6348,8.4256,44.975
10.5442,14.9842,22.68,27.315,32.229,85.388,87.272,74.6098,66.283,89.28,58.8644,52.3807,84.14,67.157,79.742,15.8414,77.305,13.5728,8.432,44.893
10.7273,14.9786,22.801,27.485,32.317,85.206,87.117,73.5931,66.368,89.341,58.5365,52.341,84.228,66.7789,79.966,15.8494,77.65,13.5475,8.4902,44.904
10.6018,14.9196,22.899,27.699,32.535,84.627,87.023,72.7093,66.294,89.087,57.9162,52.2778,84.203,66.3312,79.906,15.8363,77.613,13.5791,8.4309,44.785
10.5334,14.9346,22.925,27.73,32.763,84.185,87.423,72.7609,66.177,89.588,57.1724,51.9978,84.41,65.9601,79.731,15.8648,77.539,13.4894,8.3208,44.706
10.6202,14.9321,23.035,27.913,32.882,83.586,87.649,73.5438,66.44,90.086,56.4513,52.0877,84.457,65.1681,79.879,15.9477,78.236,13.5039,8.4377,44.343
10.5506,14.7874,23.073,27.895,32.661,82.872,87.708,75.0879,66.262,90.292,55.2268,51.944,84.183,64.6692,79.745,15.8437,77.882,13.566,8.3915,44.005
10.6242,14.6949,22.683,27.742,32.578,81.758,87.362,77.1534,65.92,90.369,54.2941,51.8197,83.505,64.3589,79.47,15.9102,77.305,13.5023,8.4629,44.141
10.5116,14.6886,22.569,27.797,32.603,80.657,86.95,78.5947,65.347,89.755,53.0184,51.4331,82.842,63.9456,79.28,15.7933,76.738,13.4183,8.3271,44.225
10.5082,14.5139,22.683,27.92,32.667,80.097,87.23,79.9497,65.462,90.049,51.4754,50.9593,82.836,62.8836,79.533,15.716,76.729,13.5155,8.3364,44.324
10.5228,14.3003,22.522,27.853,32.437,79.19,87.342,80.4203,65.064,90.443,50.1268,50.6315,82.119,62.0133,79.443,15.816,76.554,13.5067,8.3686,43.929
10.3862,13.9081,22.623,27.916,32.49,77.955,87.149,81.0072,64.774,90.086,49.1524,50.4955,81.721,60.8921,79.306,15.7288,76.428,13.4906,8.3944,43.718
10.2728,13.8699,22.562,27.73,32.581,77.292,87.035,81.3013,64.648,90.097,48.4256,50.4061,81.375,59.9591,79.49,15.7236,76.724,13.439,8.3419,43.622
10.3177,13.7105,22.482,27.609,32.452,76.58,86.768,81.3707,64.317,89.859,47.7601,50.1006,81.068,59.3865,79.261,15.7218,76.605,13.4427,8.2196,43.658
10.4239,13.7156,22.379,27.806,32.545,75.997,86.719,81.0572,64.036,90.022,47.5138,49.8966,80.89,59.3107,79.071,15.6422,76.245,13.3942,8.2938,43.756
10.2259,13.7518,22.432,27.782,32.383,75.624,86.626,81.1841,63.849,89.835,47.3038,49.9101,80.61,59.1884,78.698,15.6181,75.965,13.3748,8.2271,43.728
10.1279,13.7717,22.432,27.875,32.383,75.064,86.159,81.2388,63.569,89.742,47.463,49.8602,80.331,59.0736,78.698,15.7915,75.499,13.438,8.4775,43.922
10.4028,13.8411,22.167,27.584,32.291,75.032,86.044,81.0167,63.621,89.817,47.7066,49.9148,79.93,59.1137,78.763,15.7208,75.566,13.37,8.3196,43.894
10.134,13.8777,22.202,27.721,32.368,75.218,85.951,80.846,63.807,89.817,48.1005,50.3446,79.93,59.2992,78.949,15.7857,75.752,13.3505,8.2794,43.857
10.1576,14.0493,22.272,27.719,32.521,75.408,86.017,80.2518,63.467,89.591,48.2289,50.3074,79.733,59.3188,78.569,15.8799,75.646,13.3069,8.2708,43.998
10.1717,14.0764,22.202,27.721,32.552,75.19,86.119,79.504,63.668,89.674,48.6375,50.0194,80.049,59.425,78.705,15.798,75.772,13.3942,8.226,43.933
10.3881,13.9755,22.453,28.06,32.69,75.417,86.213,79.1366,63.656,89.751,48.8838,49.87,80.256,59.512,78.825,15.7669,75.791,13.4713,8.3278,43.62
10.4117,13.955,22.535,28.137,32.843,75.36,86.391,78.3984,63.636,89.729,49.2919,49.9874,80.363,59.6637,79.03,15.8233,75.804,13.4705,8.3343,43.484
10.1953,13.9873,22.52,28.183,32.795,75.575,86.596,77.8207,63.769,89.747,49.7009,50.0857,80.573,59.8847,79.149,15.9265,75.922,13.3789,8.373,43.504
10.1199,13.9342,22.523,28.252,32.877,75.667,86.78,77.0854,63.953,89.747,49.9878,50.2733,80.849,59.9311,79.425,15.9551,75.922,13.5501,8.3854,43.578
10.1824,13.9342,22.471,28.184,32.945,75.82,86.667,76.4311,64.004,89.729,50.2332,50.2821,80.915,59.8806,79.582,16.0024,75.988,13.4076,8.414,43.556
10.3016,13.9243,22.401,28.094,32.792,76.157,86.646,75.744,63.871,89.804,50.5364,50.3661,80.981,60.1267,79.646,15.9503,75.962,13.4409,8.3279,43.597
10.3879,14.0513,22.349,28.027,32.768,76.188,86.391,75.2402,63.728,89.729,50.834,50.5808,81.099,60.335,79.582,15.9561,75.896,13.4409,8.331,43.529
10.3447,14.1994,22.349,28.027,32.768,75.914,86.179,74.9249,63.943,89.598,51.4201,50.5961,81.268,60.6933,79.48,16.1137,75.882,13.3886,8.3626,43.397
10.1961,14.3532,22.366,28.049,32.897,76.035,86.136,74.8307,64.045,89.747,51.7522,50.3231,81.584,60.8612,79.885,16.0622,76.014,13.3746,8.4636,43.489
10.2712,14.3636,22.311,28.185,32.882,76.096,86.207,74.263,64.004,89.545,51.9101,50.3818,82.111,61.0486,80.042,16.1021,76.356,13.4029,8.4192,43.348
10.2871,14.2839,22.431,28.38,32.85,76.341,86.738,72.825,64.148,89.343,52.1444,50.3566,82.086,61.1564,80.107,16.1092,76.606,13.384,8.4653,43.137
10.3661,14.3687,22.297,28.141,32.925,76.895,86.951,71.9792,64.394,89.566,52.6172,50.4505,82.195,61.4153,80.395,16.115,76.992,13.3981,8.4372,43.089
10.4181,14.3892,22.315,28.163,32.963,77.204,87.094,71.1282,64.59,89.531,52.9274,50.5765,82.329,62.1202,80.526,16.1382,76.941,13.475,8.3873,42.992
10.402,14.3574,22.345,28.321,33.231,77.481,87.002,71.0043,64.868,89.531,53.2593,50.5714,82.422,62.437,80.804,16.2578,76.941,13.3606,8.4468,42.857
10.1923,14.4042,22.471,28.366,33.308,77.792,87.423,71.3403,64.972,89.866,53.679,50.5169,82.65,62.5735,80.658,16.1003,76.89,13.4121,8.2588,42.676
10.2471,14.5402,22.562,28.366,33.308,78.099,87.536,72.4102,65.013,89.976,54.0331,50.8148,83.045,62.5268,80.499,16.0837,76.823,13.5525,8.2216,42.856
10.2688,14.6084,22.562,28.457,33.308,78.846,87.939,73.9061,65.263,90.48,54.2004,50.8501,83.25,62.7222,80.79,16.1682,76.932,13.5335,8.2006,43.408
10.2015,14.5871,22.436,28.412,33.322,79.281,88.29,76.1088,65.687,90.928,54.5296,50.8111,83.411,62.8319,81.135,16.2612,77.0,13.5856,8.2937,43.582
10.352,14.5586,22.597,28.412,34.023,79.596,88.437,77.6262,65.793,91.174,54.5849,50.8092,83.828,63.1391,81.361,16.2808,77.228,13.4711,8.2566,43.736
10.2974,14.6324,22.427,28.307,33.836,80.192,88.956,79.1096,66.087,91.607,54.9669,50.7347,83.967,63.3203,81.682,16.3731,77.271,13.4052,8.2842,44.172
10.3167,14.5845,22.87,28.503,33.75,80.482,89.459,79.654,66.435,91.932,55.2043,50.6854,84.269,63.6571,81.697,16.431,77.569,13.4375,8.3277,44.136
10.2024,14.7565,22.597,28.412,33.568,80.829,89.627,80.5872,66.583,92.197,55.2452,50.8176,84.245,63.6774,81.858,16.4736,77.731,13.5166,8.3648,43.93
10.2657,14.7911,22.612,28.55,33.802,80.884,89.852,80.9473,66.568,92.508,55.231,50.9058,84.293,63.3755,81.63,16.4811,77.5,13.6091,8.4142,44.075
10.2992,14.8855,22.556,28.687,33.789,81.097,90.057,81.1123,66.607,92.71,55.313,50.8342,84.036,63.1732,81.656,16.4711,77.432,13.6414,8.3924,44.449
10.3995,14.8329,22.52,28.916,33.619,81.484,90.095,81.2762,66.77,92.665,55.4613,50.8288,83.965,63.0833,82.045,16.5532,77.731,13.6186,8.4015,44.656
10.331,14.7581,22.556,28.871,33.698,82.007,90.472,81.6109,67.043,93.058,55.6729,51.0295,84.314,63.2748,82.386,16.5781,77.982,13.3991,8.4598,44.79
10.3695,14.7615,22.535,28.781,34.039,82.681,90.889,82.3922,67.303,93.578,55.9823,50.8097,84.714,63.4776,82.78,16.6323,78.095,13.53,8.4723,44.494
10.1978,14.7756,22.517,28.665,34.092,83.315,90.682,82.43,67.735,93.469,56.0652,50.6382,84.785,63.4762,82.566,16.6749,77.788,13.5153,8.4786,44.23
10.1132,14.8596,22.368,28.804,34.079,83.762,90.759,82.3239,67.885,93.455,56.3727,50.5152,84.856,63.5568,82.541,16.7434,77.668,13.4923,8.466,44.363
10.2476,14.9053,22.475,28.945,34.504,84.065,91.273,82.2012,68.054,93.505,56.5827,50.359,84.786,63.4551,82.748,16.6289,77.687,13.418,8.4074,44.575
10.2946,14.8489,22.546,28.947,34.666,84.04,91.444,82.0218,68.11,93.869,56.8426,50.657,84.762,63.2743,82.627,16.6,77.662,13.5522,8.2589,44.609
10.2525,14.9886,22.642,28.829,34.741,83.971,91.367,81.8898,68.243,93.978,56.6328,50.4935,84.313,63.2355,82.653,16.6437,77.498,13.5843,8.311,44.934
10.1029,14.8616,22.734,29.107,34.464,83.851,91.35,81.6424,68.11,94.059,56.6478,50.3067,84.194,63.164,82.438,16.6379,77.756,13.4549,8.3996,44.893
10.1284,14.8499,22.827,29.107,34.279,83.472,91.16,81.5886,67.92,93.774,56.7289,50.2582,84.194,63.0941,82.817,16.6923,77.567,13.4234,8.407,44.972
10.036,14.8086,22.863,28.969,34.267,83.067,91.237,81.4471,67.976,93.76,56.6966,50.2299,83.98,62.9532,82.981,16.6756,77.447,13.4826,8.3569,44.82
10.0141,14.7526,22.716,28.898,34.146,83.067,91.237,81.3006,67.882,93.665,56.5537,49.9219,83.98,62.9361,82.981,16.6567,77.162,13.4643,8.363,44.965
10.0259,14.8467,22.716,28.821,34.146,83.067,91.237,81.0536,67.882,93.665,56.5047,49.7451,83.98,62.8959,82.981,16.7424,77.162,13.3597,8.3295,45.111
10.0528,14.9244,22.76,28.812,34.178,82.99,91.314,81.2938,67.885,93.545,56.4853,49.666,84.078,62.7218,83.031,16.7126,77.207,13.363,8.3738,45.097
10.0528,14.8825,22.893,28.819,34.228,82.848,91.453,81.2003,67.853,93.521,56.6013,49.6252,84.023,62.9648,83.015,16.7182,77.176,13.4047,8.4638,45.141
10.0169,14.8256,22.803,28.816,34.145,82.655,91.603,80.9763,67.733,93.653,56.5796,49.6655,84.009,62.8979,83.08,16.7621,77.087,13.4282,8.3899,45.133
10.0064,14.82,22.65,28.827,34.175,82.531,91.424,80.8624,67.772,93.677,56.5026,49.6271,83.888,62.7347,83.073,16.7523,77.089,13.4069,8.3942,45.129
10.0352,14.8085,22.83,28.82,34.183,82.369,91.341,80.7074,67.746,93.732,56.4642,49.5329,83.779,62.638,83.05,16.7654,77.052,13.4,8.3617,45.121
10.0683,14.8007,22.864,28.742,34.146,82.213,91.61,80.6266,67.727,93.748,56.4209,49.4505,83.687,62.4962,83.014,16.7708,77.029,13.3844,8.321,45.104
10.0431,14.8117,22.819,28.694,34.152,82.061,91.81,80.5972,67.713,93.711,56.415,49.4571,83.602,62.4105,82.971,16.7706,77.014,13.3706,8.2968,45.09
10.0498,14.8418,22.796,28.791,34.161,81.902,91.457,80.5746,67.682,93.653,56.437,49.4377,83.539,62.3629,82.952,16.7744,76.987,13.3638,8.2684,45.074
10.0914,14.8589,22.696,28.87,34.141,81.75,91.17,80.529,67.662,93.592,56.4583,49.3761,83.479,62.327,82.962,16.7765,76.959,13.3566,8.25,45.058
10.1187,14.8431,22.699,28.826,34.164,81.602,91.443,80.4407,67.645,93.573,56.4678,49.3553,83.429,62.2985,82.976,16.7808,76.92,13.3517,8.2386,45.042
10.0821,14.879,22.809,28.877,34.161,81.459,91.72,80.3084,67.627,93.584,56.45,49.351,83.385,62.2552,83.012,16.7862,76.871,13.3476,8.2315,45.021
10.0776,14.8626,22.877,28.87,34.208,81.323,91.707,80.1528,67.607,93.596,56.4017,49.3036,83.35,62.1954,83.063,16.7898,76.818,13.3443,8.2301,44.994
10.0134,14.8288,22.815,28.863,34.192,81.192,91.45,80.0049,67.577,93.599,56.3333,49.2861,83.335,62.1332,83.098,16.7905,76.767,13.3424,8.232,44.965
9.9639,14.8209,22.825,28.91,34.102,81.067,91.153,79.8856,67.541,93.579,56.2655,49.3245,83.343,62.091,83.099,16.7879,76.729,13.3424,8.2367,44.938
10.0235,14.8301,22.833,28.905,34.137,80.95,91.045,79.8071,67.505,93.541,56.2213,49.3032,83.359,62.0842,83.083,16.7822,76.709,13.3436,8.2438,44.913
10.0813,14.812,22.783,28.929,34.173,80.844,91.254,79.754,67.479,93.48,56.2108,49.2511,83.37,62.1107,83.069,16.7748,76.705,13.3448,8.2528,44.891
10.0385,14.7956,22.713,28.825,34.168,80.753,91.464,79.692,67.465,93.424,56.2276,49.234,83.37,62.154,83.047,16.7696,76.709,13.3446,8.2632,44.873
9.9823,14.8153,22.592,28.777,34.269,80.68,91.342,79.6119,67.463,93.395,56.2603,49.2307,83.348,62.1896,83.022,16.7675,76.71,13.3422,8.2743,44.854
9.941,14.8504,22.607,28.82,34.307,80.627,91.4,79.5121,67.464,93.38,56.2959,49.1819,83.311,62.1944,83.034,16.7682,76.699,13.3382,8.285,44.828
9.9808,14.8568,22.683,28.827,34.242,80.594,91.461,79.392,67.459,93.35,56.3217,49.2009,83.272,62.1581,83.057,16.7708,76.673,13.333,8.2938,44.795
10.0356,14.7607,22.607,28.807,34.143,80.578,91.471,79.2583,67.442,93.296,56.3368,49.1992,83.25,62.0947,83.066,16.7763,76.635,13.3278,8.2994,44.761
9.9963,14.7517,22.606,28.858,34.201,80.575,91.386,79.1214,67.412,93.251,56.3503,49.1824,83.245,62.0284,83.06,16.7843,76.594,13.3242,8.3016,44.724
10.0141,14.8455,22.531,28.912,34.229,80.58,91.506,79.0056,67.378,93.245,56.3712,49.1189,83.248,61.9733,83.045,16.7928,76.558,13.323,8.3004,44.684
10.0423,14.8926,22.593,28.882,34.155,80.589,91.492,78.9079,67.348,93.239,56.4036,49.0526,83.257,61.932,83.046,16.7973,76.528,13.3237,8.2971,44.642
10.0075,14.883,22.805,28.816,34.149,80.596,91.382,78.8068,67.331,93.232,56.4403,49.046,83.262,61.9008,83.057,16.7988,76.505,13.3249,8.2928,44.596
10.0207,14.8729,22.781,28.82,34.241,80.6,91.466,78.7008,67.329,93.231,56.4744,49.1123,83.251,61.8769,83.069,16.7992,76.485,13.3254,8.2893,44.544
10.0329,14.8331,22.566,28.889,34.24,80.594,91.434,78.5804,67.34,93.218,56.5007,49.0554,83.22,61.8563,83.098,16.7976,76.464,13.3237,8.2878,44.484
10.0242,14.7808,22.589,28.904,34.185,80.577,91.223,78.4222,67.356,93.172,56.5175,48.9494,83.175,61.8396,83.13,16.7943,76.439,13.3199,8.2886,44.416
10.0073,14.7382,22.804,28.859,34.171,80.545,91.24,78.228,67.368,93.108,56.5282,48.8873,83.123,61.8314,83.14,16.7931,76.404,13.3145,8.2907,44.343
10.019,14.815,22.765,28.82,34.221,80.498,91.363,78.0007,67.366,93.078,56.5355,48.8575,83.065,61.8214,83.121,16.7959,76.353,13.309,8.2931,44.259
10.0306,14.8408,22.78,28.783,34.231,80.439,91.346,77.7722,67.346,93.088,56.5417,48.7935,82.996,61.7819,83.089,16.8002,76.279,13.305,8.2945,44.16
10.001,14.7776,22.685,28.729,34.205,80.373,91.188,77.5596,67.309,93.095,56.5459,48.7888,82.91,61.687,83.051,16.8026,76.18,13.3024,8.2938,44.044
10.0096,14.8041,22.621,28.85,34.143,80.306,91.137,77.3743,67.259,93.111,56.5412,48.7249,82.802,61.5248,83.029,16.8047,76.06,13.301,8.2909,43.911
9.981,14.8186,22.687,28.974,34.17,80.245,91.168,77.2337,67.205,93.146,56.5246,48.5719,82.666,61.3029,83.021,16.8097,75.932,13.2993,8.2869,43.77
9.9829,14.8223,22.719,28.963,34.252,80.196,91.094,77.1227,67.155,93.175,56.4995,48.5283,82.508,61.0453,83.03,16.8134,75.813,13.2965,8.2826,43.628
10.0036,14.7965,22.68,28.899,34.293,80.161,90.998,77.0143,67.116,93.164,56.4701,48.4672,82.352,60.7878,83.067,16.8134,75.716,13.292,8.2803,43.501
9.9813,14.7426,22.736,28.852,34.244,80.142,91.159,76.8994,67.091,93.128,56.4391,48.2886,82.221,60.5677,83.078,16.8118,75.644,13.2861,8.2803,43.397
10.0235,14.7281,22.859,28.795,34.277,80.142,91.327,76.7513,67.08,93.086,56.4086,48.192,82.126,60.4052,83.051,16.8101,75.591,13.2792,8.2836,43.312
10.0134,14.7649,22.756,28.761,34.249,80.162,91.22,76.5666,67.083,93.023,56.3825,48.1465,82.07,60.3019,83.032,16.8066,75.543,13.2721,8.289,43.236
9.9612,14.7857,22.65,28.81,34.157,80.202,91.045,76.3745,67.098,92.948,56.365,48.1456,82.05,60.257,83.03,16.7997,75.489,13.2652,8.2957,43.164
10.0179,14.7553,22.709,28.847,34.215,80.261,91.011,76.2056,67.122,92.921,56.3598,48.1487,82.063,60.2665,83.065,16.7928,75.422,13.2586,8.3018,43.084
10.0163,14.6887,22.726,28.833,34.338,80.334,91.057,76.0683,67.155,92.949,56.374,48.1392,82.095,60.3213,83.098,16.7902,75.347,13.2522,8.3054,42.999
9.9651,14.6135,22.767,28.836,34.297,80.412,91.06,75.956,67.192,92.989,56.4088,48.1357,82.138,60.4086,83.116,16.79,75.277,13.2465,8.3056,42.914
9.9778,14.5835,22.765,28.798,34.289,80.487,91.049,75.8527,67.229,93.004,56.4548,48.1101,82.197,60.5182,83.116,16.7914,75.223,13.2416,8.3018,42.846
9.9852,14.5812,22.798,28.778,34.29,80.549,90.984,75.7333,67.261,92.978,56.4967,48.0888,82.257,60.634,83.09,16.7959,75.19,13.2368,8.2945,42.803
9.9576,14.6266,22.622,28.809,34.325,80.59,90.951,75.5718,67.285,92.911,56.5194,48.1091,82.293,60.7278,83.057,16.8037,75.177,13.2326,8.2845,42.78
9.9522,14.7028,22.488,28.851,34.312,80.606,90.896,75.3851,67.298,92.821,56.513,48.1072,82.299,60.7714,83.034,16.8123,75.177,13.2285,8.2732,42.777
9.9447,14.7122,22.515,28.775,34.289,80.593,90.865,75.222,67.302,92.757,56.4794,48.0698,82.276,60.757,83.039,16.8182,75.179,13.2255,8.2618,42.787
9.9778,14.7293,22.537,28.792,34.321,80.553,91.015,75.0959,67.302,92.758,56.4327,48.0561,82.236,60.6924,83.062,16.8198,75.177,13.224,8.2516,42.799
9.9924,14.6545,22.565,28.799,34.278,80.487,91.083,75.0052,67.303,92.8,56.3903,48.0343,82.182,60.5909,83.059,16.8191,75.168,13.2257,8.244,42.807
9.952,14.5952,22.752,28.75,34.293,80.397,90.961,74.9612,67.306,92.852,56.3633,48.0532,82.13,60.4718,83.051,16.8165,75.153,13.2304,8.2398,42.815
9.922,14.6339,22.795,28.784,34.256,80.285,90.957,74.9344,67.31,92.889,56.3527,48.0371,82.094,60.3548,83.045,16.8137,75.136,13.2375,8.2393,42.825
9.9075,14.6095,22.685,28.796,34.203,80.155,90.94,74.8772,67.313,92.874,56.3565,47.9902,82.066,60.2454,83.036,16.8137,75.12,13.2444,8.2428,42.833
9.9335,14.6531,22.612,28.832,34.212,80.012,90.867,74.7827,67.305,92.802,56.3633,47.8595,82.029,60.1345,83.026,16.8184,75.106,13.2484,8.2502,42.835
9.9693,14.6904,22.644,28.89,34.193,79.864,90.991,74.6681,67.281,92.707,56.3638,47.824,81.977,60.015,83.012,16.8269,75.093,13.2468,8.2608,42.831
9.9475,14.6817,22.672,28.882,34.254,79.719,91.029,74.5528,67.237,92.618,56.3612,47.8169,81.908,59.9023,82.999,16.8343,75.08,13.2387,8.2741,42.821
9.9325,14.6566,22.61,28.806,34.208,79.588,90.927,74.442,67.171,92.542,56.3657,47.8006,81.821,59.8145,83.01,16.8367,75.065,13.2262,8.2888,42.809
9.9441,14.6803,22.614,28.867,34.249,79.482,90.97,74.3447,67.093,92.49,56.3828,47.7274,81.716,59.7602,83.039,16.8364,75.051,13.2127,8.3037,42.799
9.9473,14.6646,22.688,28.806,34.307,79.411,90.989,74.2688,67.015,92.476,56.4131,47.6428,81.609,59.7366,83.08,16.8333,75.039,13.2027,8.3177,42.794
9.9509,14.7114,22.612,28.75,34.318,79.382,90.929,74.1704,66.951,92.485,56.4517,47.5815,81.511,59.7275,83.103,16.8269,75.03,13.1994,8.3295,42.8
9.9677,14.7225,22.435,28.772,34.266,79.4,90.836,74.0104,66.916,92.482,56.4872,47.5559,81.418,59.7036,83.099,16.8198,75.028,13.203,8.338,42.815
9.942,14.6857,22.502,28.788,34.221,79.465,90.802,73.8013,66.918,92.465,56.4995,47.4884,81.321,59.632,83.078,16.8134,75.035,13.212,8.3421,42.838
9.9342,14.7171,22.678,28.824,34.283,79.574,90.855,73.5514,66.956,92.438,56.4765,47.4006,81.222,59.4961,83.059,16.8082,75.049,13.2226,8.3407,42.866
9.9429,14.6751,22.642,28.76,34.266,79.718,90.74,73.2873,67.016,92.39,56.4244,47.3539,81.119,59.3042,83.045,16.8018,75.067,13.2302,8.3338,42.898
9.9021,14.6163,22.559,28.676,34.2,79.885,90.701,73.0294,67.081,92.315,56.3536,47.3378,81.006,59.07,83.058,16.7957,75.088,13.2326,8.3215,42.933
9.9384,14.6262,22.602,28.739,34.292,80.062,90.595,72.7739,67.134,92.246,56.2774,47.2083,80.882,58.8089,83.088,16.7919,75.108,13.229,8.3049,42.964
9.9483,14.5668,22.838,28.833,34.305,80.233,90.49,72.5193,67.165,92.184,56.2113,47.0828,80.75,58.5343,83.108,16.7888,75.128,13.2214,8.2857,42.992
9.94,14.5875,22.949,28.861,34.243,80.389,90.68,72.2446,67.174,92.112,56.1682,46.9951,80.606,58.2582,83.098,16.7843,75.149,13.2117,8.2661,43.019
9.9206,14.6423,22.74,28.812,34.25,80.526,90.68,71.9267,67.17,92.046,56.1519,46.8422,80.438,57.9921,83.052,16.7801,75.175,13.2032,8.2483,43.046
9.9013,14.654,22.572,28.836,34.245,80.646,90.55,71.5664,67.169,91.992,56.1571,46.7233,80.239,57.7404,83.012,16.7758,75.204,13.1975,8.2343,43.074
9.9616,14.6174,22.52,28.881,34.214,80.756,90.388,71.1647,67.181,91.933,56.1777,46.6068,80.021,57.4999,82.996,16.7718,75.233,13.1954,8.2256,43.1
9.9332,14.579,22.454,28.824,34.234,80.863,90.31,70.7251,67.211,91.865,56.2089,46.495,79.795,57.2602,82.998,16.7685,75.257,13.1966,8.2225,43.121
9.8737,14.5716,22.664,28.731,34.282,80.974,90.374,70.2361,67.256,91.797,56.2421,46.3927,79.566,57.0052,82.999,16.7675,75.271,13.1994,8.2241,43.137
9.9016,14.5382,22.752,28.769,34.373,81.091,90.239,69.6963,67.309,91.741,56.2686,46.2719,79.34,56.7198,83.0,16.7682,75.272,13.2032,8.2301,43.146
9.9332,14.5184,22.662,28.855,34.304,81.212,89.964,69.1411,67.363,91.666,56.2826,46.1052,79.113,56.3881,82.996,16.767,75.26,13.2067,8.2379,43.146
9.9332,14.5371,22.735,28.885,34.287,81.335,89.988,68.6144,67.41,91.561,56.2807,45.9157,78.87,56.0075,82.983,16.763,75.245,13.2089,8.2466,43.139
9.942,14.5204,22.697,28.786,34.301,81.457,90.221,68.1402,67.45,91.444,56.2618,45.6936,78.592,55.5885,82.94,16.7573,75.229,13.2086,8.2547,43.129
9.9161,14.4229,22.595,28.702,34.301,81.576,90.117,67.7325,67.481,91.311,56.2262,45.4506,78.278,55.1397,82.892,16.7479,75.216,13.206,8.2613,43.117
9.9218,14.3943,22.642,28.78,34.36,81.694,89.822,67.4071,67.505,91.172,56.1786,45.2143,77.943,54.6653,82.843,16.737,75.207,13.2008,8.2661,43.103
9.9731,14.501,22.674,28.803,34.373,81.811,89.799,67.149,67.521,91.063,56.1279,44.9936,77.602,54.1778,82.796,16.7291,75.204,13.1925,8.2694,43.09
10.0033,14.493,22.71,28.815,34.284,81.929,89.784,66.9271,67.53,91.012,56.0832,44.7371,77.275,53.702,82.761,16.7263,75.206,13.1814,8.2713,43.084
9.9309,14.4961,22.585,28.841,34.286,82.047,89.579,66.7284,67.535,91.022,56.0515,44.4998,76.979,53.2642,82.742,16.7272,75.207,13.1689,8.2722,43.081
9.9096,14.5347,22.476,28.828,34.312,82.162,89.596,66.5618,67.539,91.048,56.0325,44.2587,76.716,52.8816,82.727,16.731,75.21,13.1575,8.2729,43.074
9.9332,14.4555,22.405,28.8,34.348,82.271,89.716,66.4393,67.548,91.073,56.024,44.0435,76.478,52.5682,82.717,16.736,75.212,13.1494,8.2741,43.062
9.9103,14.3849,22.529,28.837,34.3,82.369,89.772,66.3549,67.565,91.084,56.0181,43.8067,76.254,52.3202,82.709,16.7389,75.212,13.1456,8.276,43.044
9.9127,14.4363,22.544,28.884,34.312,82.454,89.695,66.2897,67.595,91.077,56.0065,43.6077,76.043,52.1059,82.694,16.736,75.209,13.1464,8.2798,43.019
9.96,14.4797,22.4,28.882,34.378,82.527,89.564,66.246,67.635,91.073,55.983,43.3728,75.839,51.8832,82.666,16.7299,75.202,13.149,8.2855,42.991
9.9098,14.3629,22.547,28.888,34.404,82.591,89.551,66.2175,67.68,91.076,55.948,43.1443,75.627,51.6234,82.637,16.7225,75.193,13.1499,8.2931,42.967
9.8817,14.2833,22.62,28.878,34.381,82.651,89.628,66.1946,67.723,91.092,55.9079,42.9383,75.405,51.3156,82.614,16.7152,75.182,13.1459,8.3016,42.95
9.9592,14.3062,22.52,28.84,34.427,82.711,89.657,66.178,67.759,91.118,55.8679,42.7036,75.171,50.9646,82.575,16.7092,75.169,13.1357,8.3099,42.935
9.974,14.3189,22.569,28.828,34.404,82.77,89.668,66.1924,67.785,91.123,55.8286,42.4355,74.923,50.5911,82.524,16.7085,75.157,13.1205,8.316,42.915
9.9618,14.2739,22.655,28.785,34.412,82.829,89.843,66.2515,67.8,91.106,55.7912,42.1508,74.668,50.2314,82.49,16.7142,75.148,13.103,8.3182,42.889
9.9449,14.2457,22.647,28.752,34.379,82.885,89.88,66.3443,67.806,91.067,55.7531,41.8832,74.422,49.9184,82.484,16.7225,75.145,13.0862,8.3153,42.858
9.8974,14.2478,22.554,28.825,34.306,82.933,89.748,66.4504,67.808,91.02,55.7083,41.6081,74.203,49.675,82.494,16.7299,75.145,13.0722,8.3068,42.824
9.9103,14.181,22.495,28.909,34.258,82.972,89.82,66.5664,67.807,90.999,55.6503,41.3897,74.018,49.5162,82.496,16.7362,75.147,13.062,8.2938,42.792
9.9499,14.0878,22.327,28.948,34.378,83.002,89.816,66.6934,67.806,90.999,55.5778,41.1418,73.864,49.4434,82.493,16.7379,75.149,13.0552,8.2786,42.767
9.9178,14.077,22.552,28.847,34.469,83.024,89.761,66.82,67.806,91.018,55.4961,40.837,73.743,49.4358,82.487,16.7344,75.15,13.0497,8.2635,42.746
9.896,14.1105,22.482,28.777,34.387,83.043,89.761,66.9507,67.807,91.048,55.4128,40.6016,73.643,49.4595,82.467,16.7299,75.149,13.0443,8.2514,42.722
9.9529,14.0772,22.406,28.867,34.26,83.06,89.827,67.1052,67.808,91.078,55.3351,40.4278,73.55,49.4741,82.457,16.7291,75.147,13.0379,8.2443,42.688
9.9543,14.013,22.569,28.928,34.327,83.079,89.869,67.3064,67.808,91.112,55.269,40.2267,73.466,49.4504,82.466,16.7353,75.145,13.0294,8.2426,42.646
9.9642,14.0275,22.551,28.832,34.336,83.1,89.778,67.555,67.806,91.152,55.2136,40.0759,73.395,49.3812,82.476,16.745,75.143,13.0182,8.2459,42.597
10.0195,13.9905,22.483,28.766,34.343,83.123,89.822,67.8397,67.804,91.211,55.1606,40.0531,73.342,49.2869,82.483,16.7573,75.14,13.005,8.2523,42.543
9.9919,13.9303,22.482,28.817,34.4,83.143,90.061,68.1513,67.801,91.314,55.0978,39.9935,73.304,49.2008,82.488,16.7703,75.134,12.9903,8.2592,42.491
9.966,13.942,22.605,28.867,34.379,83.16,90.171,68.4763,67.799,91.44,55.0168,39.9144,73.283,49.1506,82.492,16.7782,75.123,12.9749,8.2642,42.443
9.949,13.9054,22.56,28.889,34.346,83.168,90.094,68.7941,67.802,91.562,54.9202,39.9001,73.278,49.1518,82.499,16.7817,75.105,12.9595,8.2656,42.394
9.9018,13.878,22.432,28.948,34.347,83.168,90.157,69.0963,67.812,91.652,54.8203,39.9219,73.277,49.2011,82.494,16.7834,75.081,12.9444,8.2623,42.341
9.926,13.889,22.454,28.911,34.399,83.16,90.261,69.3669,67.829,91.701,54.7322,39.8883,73.269,49.2733,82.48,16.7853,75.055,12.9285,8.2552,42.28
9.9377,13.863,22.538,28.837,34.424,83.147,90.371,69.6224,67.85,91.715,54.6632,39.8049,73.251,49.3439,82.456,16.7895,75.03,12.9114,8.2447,42.21
9.915,13.7937,22.573,28.868,34.419,83.135,90.344,69.8663,67.872,91.713,54.6128,39.7692,73.222,49.4023,82.432,16.7966,75.009,12.8915,8.2334,42.132
9.8988,13.7294,22.602,28.863,34.361,83.127,90.297,70.0837,67.889,91.715,54.5714,39.7391,73.18,49.4544,82.433,16.8066,74.994,12.8683,8.2225,42.043
9.9384,13.695,22.49,28.803,34.346,83.124,90.313,70.2727,67.899,91.738,54.5212,39.6562,73.131,49.5073,82.451,16.8175,74.979,12.842,8.2135,41.952
9.9485,13.7005,22.52,28.848,34.331,83.126,90.386,70.4287,67.9,91.781,54.4449,39.5456,73.091,49.5653,82.458,16.8258,74.96,12.8129,8.2073,41.859
9.9145,13.6859,22.506,28.833,34.322,83.128,90.312,70.561,67.897,91.841,54.3383,39.4265,73.065,49.6351,82.46,16.8326,74.934,12.7826,8.205,41.763
9.9563,13.6545,22.417,28.825,34.369,83.126,90.206,70.6904,67.894,91.889,54.2083,39.2721,73.059,49.7135,82.441,16.8359,74.9,12.7521,8.2061,41.667
10.0043,13.5851,22.462,28.905,34.362,83.117,90.346,70.8154,67.893,91.916,54.0688,39.1172,73.079,49.7894,82.396,16.8352,74.861,12.722,8.2109,41.57
9.9764,13.5855,22.448,28.918,34.335,83.1,90.42,70.9517,67.894,91.939,53.9341,39.0239,73.132,49.8574,82.335,16.8331,74.822,12.6926,8.2187,41.471
9.9283,13.6117,22.357,28.83,34.297,83.075,90.429,71.0969,67.897,91.972,53.8176,38.9015,73.217,49.9143,82.294,16.8317,74.791,12.663,8.2286,41.368
9.9262,13.5348,22.409,28.842,34.331,83.044,90.568,71.2436,67.897,92.009,53.7247,38.7556,73.329,49.9612,82.278,16.831,74.769,12.631,8.2395,41.256
9.9647,13.4509,22.383,28.927,34.37,83.011,90.53,71.3857,67.894,92.044,53.6499,38.6391,73.471,49.995,82.257,16.8319,74.754,12.5943,8.25,41.141
9.963,13.4512,22.393,28.885,34.333,82.977,90.411,71.5006,67.89,92.075,53.5862,38.5309,73.634,50.0136,82.232,16.8355,74.742,12.5512,8.2585,41.024
9.9735,13.495,22.396,28.831,34.317,82.943,90.492,71.5886,67.887,92.089,53.5272,38.4238,73.789,50.0189,82.222,16.8419,74.731,12.501,8.263,40.901
10.0031,13.4098,22.299,28.858,34.359,82.914,90.509,71.664,67.887,92.062,53.4645,38.3175,73.917,50.0088,82.2,16.8485,74.718,12.4442,8.2627,40.774
9.9579,13.3561,22.324,28.883,34.397,82.889,90.441,71.7183,67.888,92.003,53.392,38.1449,74.007,49.9782,82.152,16.8539,74.7,12.384,8.2573,40.639
9.9171,13.3612,22.488,28.848,34.343,82.871,90.478,71.7345,67.889,91.956,53.3072,37.9692,74.056,49.921,82.107,16.8587,74.678,12.3232,8.2469,40.495
9.9086,13.3104,22.531,28.882,34.345,82.86,90.524,71.7121,67.884,91.939,53.2097,37.8664,74.066,49.8287,82.088,16.8622,74.655,12.2652,8.2329,40.341
9.9361,13.2693,22.45,28.89,34.436,82.856,90.422,71.6633,67.871,91.952,53.1003,37.7676,74.051,49.7042,82.06,16.8644,74.634,12.2119,8.2182,40.18
9.9637,13.1838,22.376,28.82,34.441,82.855,90.511,71.5829,67.85,91.984,52.9816,37.6537,74.029,49.5585,82.027,16.8665,74.613,12.1638,8.2052,40.012
9.9759,13.1862,22.522,28.825,34.426,82.854,90.564,71.4709,67.826,92.035,52.8665,37.5211,74.012,49.4145,82.021,16.8693,74.592,12.1209,8.1964,39.84
9.9449,13.1885,22.527,28.863,34.464,82.853,90.575,71.3504,67.802,92.084,52.7652,37.3923,73.999,49.3025,82.029,16.8717,74.57,12.0823,8.1941,39.663
9.9155,13.2012,22.506,28.845,34.397,82.848,90.566,71.235,67.784,92.115,52.6811,37.3567,73.99,49.2416,82.017,16.8734,74.545,12.0468,8.1986,39.48
9.9431,13.1742,22.575,28.891,34.367,82.84,90.438,71.1225,67.773,92.125,52.6136,37.338,73.985,49.2315,81.982,16.8745,74.516,12.0132,8.2097,39.293
9.9888,13.1182,22.433,28.957,34.367,82.829,90.34,70.9936,67.772,92.118,52.5558,37.3544,73.975,49.2484,81.957,16.8748,74.485,11.981,8.2253,39.102
9.9733,13.0919,22.363,28.897,34.275,82.815,90.483,70.8515,67.778,92.096,52.5006,37.3672,73.937,49.2525,81.947,16.8734,74.457,11.9502,8.2433,38.913
9.9241,13.0654,22.422,28.845,34.22,82.798,90.396,70.6969,67.788,92.052,52.441,37.3923,73.853,49.2049,81.932,16.871,74.438,11.9213,8.2604,38.73
9.9374,13.0753,22.55,28.824,34.307,82.777,90.312,70.5115,67.799,91.986,52.3744,37.4425,73.702,49.0652,81.901,16.8684,74.426,11.8955,8.2741,38.553
9.9654,13.1127,22.536,28.851,34.402,82.751,90.252,70.2962,67.807,91.915,52.306,37.4401,73.461,48.7982,81.869,16.8655,74.42,11.8739,8.2819,38.385
9.961,13.1002,22.439,28.815,34.406,82.719,90.129,70.0681,67.811,91.843,52.2397,37.3894,73.088,48.3708,81.84,16.8627,74.413,11.8574,8.2829,38.227
9.8988,13.0504,22.345,28.823,34.312,82.683,90.132,69.8459,67.806,91.784,52.1781,37.2514,72.538,47.7435,81.808,16.861,74.402,11.8469,8.2767,38.079
9.8646,13.0052,22.4,28.827,34.357,82.643,90.216,69.6351,67.793,91.751,52.121,37.0451,71.768,46.8724,81.763,16.862,74.385,11.8429,8.2644,37.938
9.8925,12.9925,22.44,28.839,34.405,82.601,90.202,69.4231,67.774,91.742,52.0635,36.7851,70.737,45.7336,81.712,16.8641,74.362,11.8453,8.2473,37.801
9.9335,12.9953,22.338,28.851,34.382,82.558,90.244,69.205,67.751,91.755,52.0062,36.4521,69.451,44.3544,81.643,16.8644,74.34,11.8531,8.2279,37.666
9.9368,12.9566,22.293,28.921,34.382,82.515,90.225,68.9847,67.728,91.787,51.9498,35.9531,68.008,42.8414,81.53,16.8613,74.324,11.8657,8.208,37.529
9.9496,12.9246,22.283,28.872,34.362,82.471,90.18,68.7527,67.707,91.828,51.8956,35.2986,66.598,41.3752,81.358,16.8573,74.315,11.8822,8.1903,37.392
9.9228,12.9693,22.249,28.875,34.391,82.426,90.164,68.4957,67.691,91.851,51.8468,34.7354,65.465,40.1919,81.195,16.8528,74.309,11.9026,8.1761,37.253
9.9093,12.9947,22.219,28.928,34.412,82.378,90.227,68.2192,67.681,91.831,51.8068,34.4299,64.85,39.5294,81.083,16.8475,74.305,11.9263,8.1666,37.109
9.888,12.9218,22.333,28.932,34.391,82.33,90.062,67.9407,67.675,91.77,51.775,34.5332,64.909,39.5521,81.043,16.8442,74.302,11.954,8.1621,36.956
9.9161,12.94,22.356,28.918,34.412,82.281,89.875,67.6526,67.671,91.685,51.7483,35.1129,65.666,40.2936,81.092,16.8449,74.301,11.9852,8.1623,36.788
9.9623,12.9994,22.323,28.858,34.458,82.231,89.812,67.3437,67.665,91.578,51.7232,36.086,66.983,41.6461,81.236,16.8464,74.302,12.0201,8.1666,36.604
9.9257,13.026,22.359,28.875,34.469,82.182,89.848,67.0159,67.654,91.458,51.7016,37.2175,68.619,43.392,81.433,16.844,74.307,12.0572,8.1737,36.403
9.8969,12.9982,22.38,28.909,34.404,82.13,89.801,66.7022,67.633,91.357,51.6843,38.322,70.315,45.2728,81.623,16.8348,74.312,12.0951,8.1827,36.193
9.9114,13.0288,22.337,28.879,34.416,82.074,89.725,66.4192,67.602,91.298,51.6694,39.3176,71.866,47.0562,81.798,16.8215,74.312,12.1318,8.1924,35.982
9.9467,13.1148,22.204,28.897,34.462,82.008,89.818,66.1579,67.559,91.271,51.6552,40.1355,73.157,48.5948,81.956,16.8054,74.305,12.1664,8.2024,35.773
9.9363,13.122,22.221,28.949,34.447,81.932,89.835,65.9156,67.507,91.261,51.6401,40.7707,74.176,49.8425,82.066,16.7891,74.29,12.1984,8.2118,35.565
9.9319,13.1088,22.364,28.946,34.46,81.84,89.657,65.688,67.449,91.255,51.6218,41.2964,74.963,50.8336,82.146,16.7775,74.271,12.2287,8.2204,35.36
9.9584,13.0924,22.39,28.914,34.444,81.733,89.598,65.4526,67.392,91.249,51.6005,41.7383,75.588,51.632,82.219,16.7725,74.253,12.2585,8.2277,35.157
9.9424,13.068,22.263,28.88,34.488,81.608,89.65,65.1794,67.342,91.213,51.5797,42.1587,76.115,52.3,82.281,16.7718,74.24,12.2893,8.2336,34.957
9.8943,13.0504,22.253,28.874,34.519,81.466,89.647,64.8679,67.303,91.129,51.5657,42.5039,76.58,52.8771,82.325,16.7715,74.231,12.3211,8.2379,34.762
9.9171,13.0059,22.344,28.88,34.442,81.308,89.575,64.5483,67.276,91.009,51.5584,42.75,77.002,53.3837,82.335,16.7687,74.224,12.3533,8.2407,34.575
9.9274,13.0556,22.496,28.846,34.453,81.136,89.577,64.2379,67.255,90.894,51.5546,42.9821,77.386,53.8252,82.348,16.7632,74.213,12.3838,8.2421,34.398
9.9274,13.0908,22.435,28.837,34.49,80.952,89.55,63.9456,67.234,90.799,51.5498,43.1684,77.736,54.1999,82.358,16.7547,74.195,12.4106,8.2426,34.224
9.9084,13.0267,22.259,28.824,34.548,80.757,89.288,63.6927,67.206,90.731,51.5411,43.3449,78.048,54.5064,82.364,16.7441,74.173,12.4319,8.2426,34.053
9.8587,13.0075,22.378,28.868,34.548,80.551,89.199,63.4876,67.162,90.676,51.5316,43.4922,78.31,54.7559,82.384,16.7317,74.148,12.4477,8.2426,33.885
9.9122,12.9883,22.537,28.911,34.5,80.333,89.187,63.3072,67.101,90.637,51.5259,43.6693,78.519,54.9593,82.418,16.7185,74.124,12.4584,8.2431,33.726
9.9529,12.9391,22.528,28.895,34.48,80.099,89.235,63.1103,67.023,90.598,51.529,43.7498,78.686,55.1273,82.446,16.7059,74.1,12.4669,8.2438,33.575
9.922,12.8986,22.462,28.907,34.536,79.845,89.252,62.9036,66.935,90.536,51.5399,43.7858,78.815,55.2703,82.475,16.6976,74.077,12.4752,8.2443,33.431
9.854,12.9013,22.372,28.949,34.566,79.57,89.196,62.6952,66.838,90.449,51.5491,43.8654,78.922,55.3993,82.486,16.6936,74.052,12.4847,8.2443,33.292
9.9023,12.9016,22.393,28.9,34.566,79.271,89.153,62.4713,66.737,90.352,51.5494,43.9547,79.017,55.519,82.492,16.6917,74.021,12.4946,8.2431,33.151
10.0306,12.8475,22.357,28.914,34.539,78.948,89.084,62.2286,66.628,90.247,51.533,43.9985,79.108,55.6196,82.502,16.6894,73.985,12.5041,8.2398,32.999
10.038,12.8236,22.406,28.932,34.466,78.601,89.077,61.9987,66.51,90.134,51.4982,44.0203,79.192,55.6871,82.504,16.6825,73.943,12.5107,8.2343,32.834
10.0116,12.8768,22.37,28.933,34.413,78.233,89.037,61.7884,66.377,90.012,51.4556,44.0875,79.257,55.7177,82.506,16.6683,73.893,12.5131,8.227,32.653
9.9748,12.9302,22.276,28.966,34.453,77.846,88.994,61.5774,66.229,89.914,51.4156,44.1515,79.29,55.713,82.507,16.6489,73.832,12.5112,8.2185,32.453
9.9431,12.8955,22.327,29.028,34.57,77.443,88.869,61.3539,66.068,89.857,51.3841,44.2069,79.292,55.6787,82.508,16.6299,73.757,12.5062,8.2095,32.226
9.9065,12.8343,22.378,29.003,34.64,77.029,88.842,61.1386,65.901,89.826,51.3582,44.2445,79.266,55.6209,82.525,16.6157,73.665,12.5003,8.2012,31.966
9.896,12.8013,22.439,28.931,34.568,76.615,88.756,60.9199,65.735,89.818,51.3312,44.2713,79.224,55.5431,82.534,16.6058,73.553,12.4953,8.1945,31.666
9.959,12.7582,22.469,28.969,34.55,76.212,88.638,60.6682,65.574,89.817,51.299,44.3054,79.175,55.4445,82.536,16.5968,73.422,12.4923,8.1903,31.323
9.9717,12.7205,22.544,29.003,34.492,75.836,88.469,60.3749,65.424,89.787,51.2555,44.3665,79.132,55.3266,82.537,16.5854,73.273,12.4916,8.1877,30.94
9.9098,12.783,22.491,28.995,34.49,75.503,88.317,60.0624,65.284,89.706,51.2027,44.4615,79.097,55.1986,82.521,16.5695,73.11,12.4927,8.1865,30.522
9.8716,12.8631,22.347,29.008,34.486,75.225,88.323,59.7464,65.155,89.57,51.1558,44.4944,79.067,55.0823,82.501,16.5494,72.936,12.4953,8.1855,30.076
9.8676,12.827,22.346,29.008,34.469,75.009,88.339,59.438,65.04,89.417,51.1278,44.5422,79.03,54.9959,82.484,16.5295,72.751,12.4984,8.1834,29.606
9.8711,12.754,22.396,29.049,34.508,74.85,88.213,59.1556,64.943,89.269,51.125,44.644,78.983,54.9483,82.487,16.5141,72.554,12.502,8.1791,29.119
9.8698,12.7436,22.334,29.005,34.594,74.735,88.221,58.9052,64.865,89.132,51.1423,44.7198,78.924,54.9279,82.513,16.5044,72.342,12.5067,8.1732,28.616
9.8909,12.7345,22.267,28.945,34.513,74.643,88.038,58.6565,64.807,89.026,51.1671,44.7274,78.856,54.9045,82.556,16.4975,72.111,12.5136,8.1656,28.103
9.9417,12.6394,22.272,28.963,34.423,74.553,87.926,58.3775,64.765,88.935,51.1823,44.7996,78.779,54.8466,82.601,16.4902,71.863,12.5231,8.1583,27.587
9.955,12.5899,22.429,29.038,34.517,74.448,87.891,58.0528,64.732,88.832,51.1707,44.8643,78.702,54.7404,82.616,16.48,71.606,12.5356,8.1531,27.084
9.8599,12.6438,22.432,29.035,34.519,74.321,87.851,57.6825,64.7,88.701,51.1297,44.915,78.633,54.5949,82.608,16.466,71.355,12.5503,8.1514,26.607
9.9082,12.6026,22.354,29.032,34.505,74.179,87.724,57.2844,64.664,88.53,51.0705,44.959,78.571,54.4411,82.593,16.4483,71.125,12.5657,8.155,26.173
9.9384,12.588,22.21,29.052,34.522,74.034,87.491,56.8836,64.62,88.352,51.0094,44.9931,78.513,54.3152,82.573,16.4277,70.933,12.5797,8.1635,25.79
9.8854,12.5901,22.2,29.029,34.505,73.903,87.461,56.5001,64.575,88.187,50.962,45.0087,78.464,54.2468,82.559,16.4045,70.789,12.591,8.1758,25.46
9.9075,12.5364,22.326,28.999,34.459,73.801,87.346,56.1328,64.534,88.048,50.9381,45.0121,78.423,54.2401,82.564,16.3791,70.695,12.5991,8.19,25.183
9.9618,12.5172,22.382,29.045,34.397,73.739,87.237,55.7685,64.504,87.936,50.9381,45.048,78.375,54.2702,82.578,16.3514,70.65,12.6045,8.2038,24.956
9.9776,12.4882,22.241,29.087,34.463,73.716,87.227,55.3938,64.49,87.84,50.9542,45.0732,78.308,54.2965,82.572,16.3228,70.646,12.6088,8.2144,24.777
9.9408,12.4406,22.19,29.127,34.532,73.726,87.188,55.0024,64.489,87.756,50.9753,45.0374,78.228,54.2832,82.548,16.2951,70.673,12.6133,8.2208,24.646
9.9278,12.4418,22.298,29.13,34.502,73.752,87.005,54.5966,64.495,87.666,50.9964,45.0225,78.137,54.2083,82.544,16.2685,70.722,12.6192,8.222,24.564
9.9398,12.3953,22.445,29.14,34.552,73.774,86.888,54.1934,64.498,87.553,51.0146,45.0604,78.035,54.0731,82.554,16.2446,70.782,12.628,8.2187,24.531
9.9063,12.4293,22.466,29.161,34.569,73.771,86.823,53.8065,64.492,87.437,51.0284,45.071,77.935,53.9003,82.561,16.2238,70.846,12.6398,8.2121,24.538
9.9218,12.4758,22.307,29.129,34.536,73.724,86.707,53.4269,64.47,87.326,51.0371,45.0611,77.856,53.726,82.578,16.2044,70.907,12.6543,8.2038,24.576
9.9963,12.3794,22.276,29.148,34.515,73.614,86.557,53.0421,64.429,87.21,51.0428,45.0428,77.802,53.5771,82.611,16.1845,70.963,12.6706,8.1952,24.644
9.981,12.3534,22.274,29.093,34.549,73.428,86.46,52.6409,64.37,87.083,51.0471,44.987,77.761,53.4622,82.612,16.1639,71.012,12.6872,8.1874,24.739
9.9691,12.3834,22.288,29.111,34.554,73.158,86.369,52.2105,64.289,86.955,51.0513,44.9225,77.728,53.3744,82.584,16.1433,71.053,12.7023,8.1813,24.861
9.9773,12.3391,22.304,29.13,34.532,72.801,86.237,51.7434,64.184,86.829,51.0594,44.9145,77.709,53.3022,82.574,16.1212,71.083,12.7146,8.177,25.013
9.9488,12.3457,22.271,29.145,34.528,72.359,86.165,51.2546,64.049,86.697,51.0774,44.9377,77.696,53.2316,82.579,16.0961,71.097,12.7234,8.1744,25.195
9.9145,12.4043,22.312,29.162,34.56,71.838,85.897,50.7732,63.88,86.555,51.1067,44.9633,77.676,53.1558,82.596,16.071,71.092,12.7296,8.1739,25.398
9.9016,12.4312,22.257,29.171,34.557,71.252,85.782,50.3122,63.673,86.403,51.1453,44.9502,77.653,53.0783,82.62,16.0462,71.064,12.7345,8.1754,25.611
9.9148,12.4423,22.324,29.121,34.575,70.62,85.775,49.8619,63.433,86.226,51.1849,44.945,77.628,53.0051,82.657,16.0199,71.009,12.7395,8.1789,25.819
9.903,12.4603,22.402,29.107,34.536,69.975,85.65,49.4207,63.17,86.027,51.2145,44.9296,77.594,52.9371,82.692,15.9934,70.928,12.7457,8.1844,26.019
9.9274,12.4026,22.32,29.106,34.595,69.35,85.56,48.9901,62.897,85.828,51.2263,44.9197,77.543,52.8685,82.688,15.969,70.822,12.7528,8.1912,26.207
9.9267,12.3672,22.372,29.127,34.679,68.787,85.419,48.5546,62.631,85.65,51.2166,44.8991,77.48,52.7918,82.681,15.9465,70.696,12.7596,8.1983,26.382
9.9082,12.378,22.384,29.184,34.617,68.319,85.294,48.0933,62.39,85.488,51.1892,44.8501,77.41,52.7033,82.679,15.9242,70.554,12.7644,8.2047,26.548
9.9108,12.4451,22.33,29.183,34.578,67.973,85.239,47.6048,62.188,85.342,51.1534,44.8034,77.33,52.5999,82.657,15.9012,70.4,12.7656,8.2092,26.701
9.8917,12.4667,22.356,29.109,34.609,67.759,85.114,47.1023,62.036,85.211,51.1221,44.7679,77.24,52.4839,82.645,15.8776,70.235,12.7627,8.2104,26.835
9.8901,12.4561,22.38,29.133,34.625,67.671,84.94,46.5896,61.938,85.061,51.1089,44.7106,77.151,52.3574,82.652,15.8503,70.057,12.7573,8.2083,26.943
9.9223,12.3738,22.302,29.226,34.664,67.687,84.707,46.0568,61.891,84.871,51.1176,44.6445,77.065,52.2148,82.671,15.8191,69.861,12.7509,8.2031,27.018
9.9089,12.3108,22.337,29.198,34.554,67.778,84.424,45.5082,61.885,84.668,51.1456,44.59,76.979,52.0495,82.684,15.7859,69.641,12.7459,8.1962,27.064
9.9417,12.3785,22.31,29.192,34.471,67.911,84.249,44.9624,61.905,84.476,51.1849,44.5349,76.891,51.8597,82.69,15.7523,69.395,12.7438,8.1886,27.081
9.94,12.4382,22.389,29.257,34.512,68.056,84.247,44.4186,61.934,84.289,51.2254,44.4889,76.798,51.6518,82.704,15.7163,69.121,12.7452,8.182,27.071
9.8864,12.4298,22.599,29.308,34.543,68.191,83.998,43.8695,61.959,84.103,51.2555,44.4011,76.695,51.4413,82.699,15.6782,68.823,12.7495,8.1772,27.036
9.8766,12.4572,22.539,29.277,34.511,68.304,83.543,43.3108,61.97,83.924,51.2664,44.3295,76.577,51.2465,82.672,15.6388,68.507,12.7549,8.1751,26.979
9.9581,12.4863,22.368,29.24,34.544,68.386,83.358,42.7464,61.966,83.749,51.2593,44.3004,76.455,51.0836,82.664,15.5981,68.18,12.7603,8.1754,26.902
9.9759,12.4769,22.424,29.278,34.62,68.437,83.235,42.1791,61.948,83.555,51.2441,44.2632,76.334,50.9534,82.685,15.5564,67.85,12.7641,8.1772,26.804
9.9295,12.3733,22.452,29.324,34.571,68.455,82.99,41.6066,61.918,83.344,51.2318,44.1801,76.214,50.8398,82.704,15.5166,67.523,12.7653,8.1801,26.689
9.9429,12.3436,22.479,29.323,34.416,68.442,82.798,41.0348,61.876,83.145,51.2297,44.0859,76.1,50.7221,82.702,15.4804,67.204,12.7641,8.1832,26.566
9.9517,12.39,22.424,29.235,34.337,68.398,82.54,40.479,61.821,82.955,51.2382,44.0539,75.993,50.5876,82.698,15.4477,66.897,12.7603,8.1858,26.435
9.9684,12.3808,22.372,29.197,34.413,68.323,82.42,39.9512,61.749,82.755,51.2543,43.9975,75.89,50.4332,82.697,15.4162,66.601,12.7554,8.1872,26.294
9.9806,12.2946,22.367,29.288,34.432,68.221,82.361,39.4588,61.657,82.552,51.2685,43.891,75.78,50.2641,82.683,15.3852,66.315,12.749,8.1881,26.137
9.9656,12.2667,22.438,29.317,34.339,68.093,82.113,38.9865,61.548,82.356,51.269,43.8247,75.666,50.089,82.671,15.3556,66.031,12.7421,8.1884,25.964
9.9714,12.2868,22.441,29.302,34.261,67.946,81.971,38.5338,61.425,82.16,51.2512,43.7574,75.551,49.9145,82.678,15.3258,65.737,12.7343,8.1884,25.768
9.9745,12.2779,22.314,29.281,34.261,67.782,81.7,38.1163,61.299,81.964,51.2204,43.6849,75.435,49.7414,82.696,15.295,65.417,12.726,8.1886,25.543
9.9665,12.2821,22.317,29.339,34.262,67.606,81.408,37.7412,61.176,81.79,51.1894,43.5992,75.318,49.5676,82.714,15.2635,65.057,12.717,8.1896,25.287
9.9298,12.2388,22.422,29.397,34.18,67.425,81.346,37.4016,61.063,81.647,51.1707,43.4775,75.206,49.3999,82.727,15.2322,64.647,12.7078,8.191,24.999
9.9156,12.209,22.374,29.375,34.134,67.244,81.315,37.091,60.961,81.513,51.1697,43.351,75.099,49.2519,82.726,15.201,64.181,12.6985,8.1931,24.68
9.9729,12.2008,22.343,29.321,34.134,67.065,81.304,36.8131,60.871,81.369,51.1868,43.2816,74.991,49.1341,82.715,15.1688,63.667,12.6895,8.1955,24.33
9.9616,12.2044,22.338,29.344,34.078,66.891,81.181,36.5511,60.791,81.218,51.2143,43.2066,74.883,49.0475,82.707,15.1363,63.121,12.6801,8.1979,23.961
9.9244,12.2078,22.304,29.375,34.093,66.721,80.886,36.2683,60.718,81.058,51.2382,43.1407,74.776,48.9777,82.699,15.1077,62.568,12.6701,8.199,23.586
9.955,12.2589,22.267,29.393,34.1,66.551,80.669,35.9726,60.645,80.883,51.2469,43.064,74.673,48.902,82.685,15.0833,62.036,12.6592,8.199,23.218
10.001,12.2566,22.323,29.392,33.98,66.373,80.554,35.6945,60.568,80.716,51.2403,42.9439,74.573,48.7967,82.681,15.062,61.554,12.6476,8.1969,22.869
9.9756,12.228,22.401,29.355,33.894,66.18,80.51,35.4356,60.481,80.588,51.2292,42.8506,74.479,48.6539,82.686,15.043,61.15,12.6355,8.1924,22.554
9.9449,12.1704,22.392,29.337,33.902,65.965,80.419,35.1921,60.382,80.511,51.2273,42.7829,74.394,48.4855,82.689,15.0262,60.842,12.6239,8.1855,22.281
9.9347,12.2004,22.362,29.392,33.93,65.724,80.336,34.9735,60.269,80.469,51.2453,42.6941,74.312,48.317,82.685,15.0084,60.638,12.6133,8.1772,22.053
9.9068,12.2655,22.287,29.407,33.946,65.453,80.257,34.7837,60.146,80.449,51.2872,42.5316,74.231,48.1696,82.68,14.9859,60.528,12.6038,8.168,21.868
9.8969,12.2046,22.137,29.397,33.991,65.155,80.198,34.6043,60.014,80.434,51.3466,42.3952,74.157,48.0546,82.686,14.9618,60.49,12.596,8.1597,21.716
9.9693,12.1615,22.346,29.408,33.995,64.834,80.196,34.4179,59.879,80.396,51.4113,42.3017,74.086,47.966,82.69,14.9407,60.492,12.5889,8.1536,21.578
9.9818,12.1626,22.439,29.442,33.979,64.494,80.021,34.2466,59.741,80.321,51.4686,42.269,74.016,47.884,82.685,14.9232,60.497,12.5813,8.1503,21.431
9.9708,12.2098,22.254,29.421,33.933,64.141,79.912,34.1095,59.598,80.212,51.51,42.1812,73.94,47.7892,82.679,14.9078,60.479,12.5723,8.151,21.261
9.9874,12.1638,22.136,29.403,33.926,63.777,79.873,33.9824,59.45,80.075,51.533,42.0376,73.856,47.6753,82.669,14.8943,60.425,12.5602,8.1548,21.068
9.9919,12.0958,22.17,29.461,33.941,63.405,79.764,33.8577,59.292,79.937,51.5446,41.8856,73.762,47.5467,82.666,14.8827,60.344,12.5446,8.1609,20.862
9.9829,12.022,22.329,29.51,33.946,63.023,79.758,33.7336,59.123,79.81,51.5572,41.7769,73.656,47.4131,82.674,14.8678,60.248,12.5252,8.1678,20.658
9.9621,12.0274,22.462,29.515,33.855,62.628,79.669,33.5969,58.942,79.705,51.5799,41.6523,73.545,47.2798,82.669,14.8481,60.149,12.5039,8.1739,20.473
9.9564,11.977,22.454,29.504,33.842,62.217,79.548,33.4419,58.749,79.622,51.6138,41.5148,73.442,47.1526,82.662,14.8285,60.051,12.4821,8.1782,20.312
10.0033,11.9465,22.416,29.529,33.933,61.786,79.531,33.2687,58.546,79.553,51.6562,41.3715,73.355,47.0323,82.657,14.8114,59.952,12.4617,8.1803,20.161
10.0129,11.9651,22.253,29.593,33.96,61.335,79.493,33.0928,58.337,79.501,51.6985,41.2076,73.285,46.9152,82.644,14.7979,59.84,12.4435,8.1806,20.003
9.9731,11.9198,22.182,29.614,33.891,60.867,79.402,32.912,58.122,79.452,51.7281,41.092,73.232,46.8032,82.616,14.7863,59.712,12.4269,8.1794,19.826
9.9766,11.9334,22.207,29.536,33.898,60.387,79.263,32.6926,57.902,79.379,51.7369,41.0184,73.198,46.7028,82.598,14.7764,59.57,12.411,8.178,19.626
9.9363,11.9184,22.209,29.495,33.884,59.898,79.194,32.439,57.674,79.289,51.7315,40.8881,73.175,46.614,82.606,14.7662,59.429,12.3942,8.1768,19.41
9.9244,11.8556,22.321,29.52,33.861,59.408,79.08,32.166,57.437,79.185,51.7289,40.7787,73.156,46.5336,82.609,14.7501,59.301,12.3758,8.1763,19.19
9.9276,11.8678,22.313,29.484,33.86,58.917,78.965,31.8776,57.185,79.057,51.7433,40.702,73.133,46.4532,82.595,14.7276,59.197,12.3556,8.1761,18.978
9.9262,11.8711,22.387,29.583,33.933,58.429,78.801,31.5908,56.916,78.904,51.7814,40.5876,73.102,46.371,82.597,14.7006,59.122,12.3341,8.1754,18.778
9.9612,11.8143,22.435,29.606,33.903,57.949,78.498,31.3178,56.635,78.737,51.8392,40.4967,73.06,46.2896,82.614,14.6712,59.074,12.3118,8.1735,18.588
9.9888,11.6958,22.398,29.615,33.868,57.487,78.276,31.057,56.349,78.56,51.9041,40.3861,73.007,46.2085,82.633,14.6395,59.056,12.2903,8.1701,18.4
9.982,11.58,22.342,29.64,33.848,57.059,78.191,30.7833,56.072,78.366,51.9602,40.3115,72.943,46.1255,82.634,14.6044,59.074,12.2697,8.1652,18.215
9.9724,11.5212,22.296,29.608,33.825,56.688,78.009,30.4594,55.823,78.146,51.9979,40.2895,72.872,46.0322,82.632,14.5682,59.14,12.2507,8.1593,18.034
9.975,11.5413,22.312,29.629,33.921,56.4,77.739,30.0933,55.618,77.917,52.0227,40.2189,72.799,45.9156,82.638,14.5294,59.271,12.233,8.1536,17.867
10.0389,11.5647,22.233,29.653,33.926,56.214,77.563,29.6962,55.473,77.687,52.0493,40.0943,72.73,45.7689,82.639,14.4848,59.476,12.2159,8.1488,17.722
10.067,11.5563,22.162,29.69,33.996,56.141,77.388,29.2504,55.393,77.453,52.0862,39.9987,72.663,45.5978,82.631,14.4342,59.752,12.1986,8.1465,17.599
10.0117,11.4857,22.192,29.74,34.011,56.171,77.101,28.7587,55.375,77.218,52.1305,39.9485,72.601,45.422,82.625,14.3797,60.087,12.1801,8.1462,17.496
10.0237,11.3444,22.413,29.692,33.907,56.279,76.812,28.2371,55.401,76.986,52.171,39.9286,72.553,45.2677,82.632,14.3229,60.461,12.1607,8.1484,17.407
9.9857,11.3015,22.495,29.679,33.848,56.423,76.649,27.6988,55.449,76.75,52.1951,39.9101,72.52,45.1562,82.64,14.2629,60.854,12.1408,8.1519,17.324
9.9621,11.3205,22.416,29.739,33.84,56.559,76.344,27.1572,55.49,76.51,52.1985,39.849,72.501,45.0942,82.632,14.2009,61.256,12.1219,8.1557,17.239
9.9459,11.2572,22.403,29.732,33.831,56.648,76.006,26.6277,55.503,76.283,52.1869,39.7604,72.491,45.0758,82.618,14.1405,61.663,12.1046,8.1585,17.153
9.9759,11.2017,22.369,29.704,33.903,56.666,75.736,26.148,55.477,76.074,52.176,39.7465,72.487,45.0847,82.608,14.0837,62.077,12.089,8.1593,17.068
10.038,11.1825,22.381,29.677,33.911,56.614,75.509,25.7381,55.418,75.882,52.1831,39.7578,72.489,45.105,82.619,14.0292,62.5,12.0743,8.1581,16.982
10.0452,11.1511,22.374,29.683,33.943,56.515,75.349,25.3771,55.345,75.703,52.2103,39.7495,72.495,45.1249,82.625,13.9781,62.93,12.0591,8.155,16.896
10.1041,11.175,22.181,29.752,33.924,56.408,75.16,25.0546,55.289,75.539,52.2437,39.7242,72.5,45.133,82.632,13.9321,63.356,12.0428,8.151,16.809
10.0914,11.1755,22.24,29.85,33.89,56.342,74.926,24.7811,55.279,75.396,52.2643,39.6991,72.507,45.1163,82.633,13.8921,63.767,12.0255,8.1465,16.721
10.0153,11.0768,22.48,29.833,33.907,56.361,74.773,24.5669,55.34,75.277,52.2586,39.6614,72.506,45.0679,82.635,13.8563,64.153,12.0085,8.1427,16.633
9.99,11.0002,22.532,29.788,33.976,56.502,74.724,24.4052,55.484,75.199,52.2252,39.6231,72.49,44.9921,82.639,13.8244,64.507,11.9926,8.1403,16.546
10.0078,11.02,22.419,29.796,34.044,56.789,74.716,24.2925,55.713,75.178,52.1748,39.5688,72.452,44.8993,82.641,13.7988,64.831,11.9784,8.1396,16.463
10.042,11.099,22.399,29.84,34.11,57.229,74.644,24.2562,56.016,75.209,52.1265,39.4777,72.393,44.8035,82.651,13.782,65.135,11.9654,8.1401,16.388
10.0514,11.1051,22.273,29.843,34.09,57.82,74.588,24.3062,56.379,75.281,52.1002,39.3666,72.323,44.7237,82.67,13.7749,65.424,11.9523,8.1417,16.325
9.9984,11.0681,22.181,29.783,33.978,58.549,74.72,24.4147,56.787,75.382,52.1002,39.3143,72.245,44.6765,82.679,13.7784,65.705,11.9388,8.1441,16.275
9.9998,11.0639,22.197,29.807,34.034,59.396,74.787,24.5662,57.225,75.501,52.1146,39.211,72.164,44.6643,82.684,13.7933,65.977,11.9249,8.1472,16.236
10.0338,11.0615,22.345,29.833,34.099,60.334,74.876,24.777,57.681,75.646,52.1281,39.0924,72.079,44.6734,82.665,13.8203,66.239,11.9118,8.1505,16.207
10.0366,11.0779,22.369,29.838,34.088,61.333,74.998,25.0574,58.145,75.827,52.13,38.9965,71.992,44.6928,82.655,13.8589,66.484,11.9014,8.1543,16.186
10.0612,11.1543,22.34,29.817,34.112,62.355,75.21,25.3929,58.605,76.05,52.1134,38.942,71.904,44.7184,82.656,13.9072,66.705,11.8955,8.1585,16.17
10.0605,11.1874,22.455,29.841,34.147,63.365,75.61,25.7938,59.047,76.321,52.0798,38.8873,71.821,44.7444,82.651,13.9641,66.899,11.8945,8.1633,16.16
10.1304,11.1733,22.452,29.873,34.162,64.327,75.936,26.3037,59.46,76.633,52.0391,38.7866,71.757,44.7634,82.641,14.0299,67.066,11.8974,8.1683,16.161
10.146,11.1553,22.427,29.907,34.231,65.213,76.249,26.9248,59.836,76.98,52.0059,38.7163,71.716,44.776,82.633,14.1047,67.208,11.9021,8.1732,16.175
10.0935,11.1651,22.496,29.934,34.258,66.005,76.697,27.6246,60.173,77.348,51.986,38.73,71.694,44.7887,82.622,14.1874,67.327,11.9064,8.178,16.205
10.0519,11.1637,22.578,29.924,34.136,66.692,77.132,28.3888,60.471,77.735,51.9749,38.7506,71.685,44.8042,82.607,14.276,67.43,11.9088,8.1817,16.255
10.0364,11.1865,22.555,29.917,34.128,67.277,77.484,29.2231,60.741,78.159,51.9706,38.7236,71.682,44.8222,82.595,14.3712,67.524,11.909,8.1844,16.329
10.0709,11.149,22.563,29.903,34.202,67.766,77.958,30.1279,60.988,78.634,51.974,38.6824,71.68,44.8517,82.595,14.4716,67.612,11.9078,8.1853,16.432
10.0909,11.1799,22.563,29.89,34.228,68.171,78.584,31.1013,61.217,79.147,51.9827,38.6813,71.681,44.9074,82.596,14.5736,67.698,11.9071,8.1844,16.563
10.0938,11.2387,22.48,29.85,34.34,68.501,79.159,32.1641,61.43,79.682,51.9931,38.6673,71.694,44.9991,82.588,14.6762,67.78,11.9083,8.1817,16.725
10.0678,11.2641,22.576,29.922,34.454,68.765,79.624,33.3383,61.621,80.24,52.0052,38.6204,71.735,45.1302,82.574,14.7799,67.857,11.9121,8.1777,16.918
10.0319,11.2495,22.531,29.935,34.423,68.969,80.145,34.6114,61.785,80.808,52.0194,38.6455,71.813,45.3053,82.573,14.886,67.922,11.9185,8.1725,17.142
10.0908,11.2329,22.361,29.849,34.375,69.114,80.681,35.9623,61.918,81.371,52.031,38.7104,71.925,45.5249,82.562,14.994,67.967,11.9263,8.1668,17.396
10.1325,11.2446,22.347,29.937,34.389,69.201,81.27,37.3782,62.017,81.925,52.0306,38.7379,72.065,45.7804,82.544,15.1029,67.985,11.9341,8.1619,17.681
10.1081,11.3145,22.372,29.927,34.393,69.228,81.924,38.8372,62.083,82.474,52.014,38.7573,72.22,46.0531,82.539,15.2138,67.975,11.9412,8.1583,17.996
10.06,11.377,22.4,29.931,34.486,69.195,82.47,40.3122,62.116,83.002,51.983,38.8188,72.37,46.3247,82.546,15.3222,67.937,11.9471,8.1569,18.341
10.1083,11.4182,22.463,30.009,34.504,69.1,83.035,41.782,62.119,83.474,51.9401,38.8762,72.497,46.5748,82.553,15.4245,67.872,11.9519,8.1576,18.713
10.1496,11.4272,22.366,30.047,34.448,68.946,83.599,43.2328,62.092,83.892,51.8906,38.9112,72.593,46.7834,82.566,15.5188,67.788,11.9556,8.1609,19.108
10.1151,11.4799,22.469,30.049,34.521,68.741,83.953,44.644,62.039,84.278,51.8418,38.914,72.652,46.9353,82.557,15.604,67.688,11.9587,8.1659,19.519
10.1529,11.5221,22.556,30.039,34.576,68.496,84.341,45.9893,61.965,84.638,51.8013,38.8953,72.671,47.0243,82.542,15.6784,67.576,11.9611,8.172,19.946
10.1252,11.4916,22.498,30.05,34.559,68.227,84.737,47.2552,61.879,84.979,51.7689,38.8274,72.647,47.0499,82.537,15.7411,67.45,11.9625,8.178,20.381
10.1166,11.5457,22.468,30.066,34.568,67.952,85.094,48.4271,61.791,85.317,51.7393,38.7703,72.584,47.0198,82.54,15.7947,67.308,11.963,8.1827,20.816
10.1119,11.654,22.472,30.158,34.506,67.689,85.437,49.5075,61.714,85.653,51.7068,38.7407,72.483,46.9415,82.539,15.8425,67.147,11.9623,8.1851,21.243
10.132,11.6247,22.366,30.19,34.471,67.451,85.669,50.5161,61.653,85.966,51.6713,38.6372,72.35,46.8255,82.541,15.8856,66.96,11.9604,8.1846,21.657
10.2054,11.6484,22.393,30.095,34.505,67.246,85.98,51.4685,61.614,86.239,51.6353,38.4984,72.193,46.6827,82.551,15.9263,66.742,11.9578,8.1813,22.048
10.2265,11.6906,22.512,30.062,34.556,67.075,86.299,52.378,61.596,86.488,51.6064,38.385,72.024,46.5252,82.558,15.9656,66.487,11.9547,8.1756,22.404
10.1681,11.7049,22.563,30.119,34.598,66.934,86.518,53.2556,61.596,86.722,51.5932,38.2661,71.852,46.3635,82.532,16.0028,66.194,11.9509,8.168,22.72
10.1508,11.7007,22.528,30.104,34.648,66.818,86.693,54.0958,61.61,86.936,51.5958,38.1527,71.687,46.2063,82.506,16.0353,65.864,11.9469,8.1602,22.993
10.1556,11.6821,22.508,30.143,34.604,66.72,86.913,54.8794,61.633,87.141,51.6052,38.0113,71.528,46.0634,82.502,16.0623,65.504,11.9424,8.1531,23.222
10.1482,11.6997,22.487,30.179,34.532,66.638,87.088,55.5852,61.657,87.343,51.6102,37.8678,71.376,45.9386,82.494,16.0843,65.123,11.9372,8.1476,23.41
10.1329,11.7202,22.407,30.185,34.496,66.568,87.123,56.2193,61.678,87.537,51.6031,37.7364,71.233,45.8275,82.479,16.1018,64.729,11.931,8.1446,23.563
10.1179,11.7647,22.418,30.189,34.57,66.512,87.186,56.7915,61.688,87.725,51.5827,37.6494,71.101,45.7273,82.464,16.117,64.328,11.9237,8.1436,23.684
10.1636,11.7846,22.614,30.199,34.556,66.467,87.352,57.299,61.685,87.905,51.5529,37.564,70.981,45.6385,82.453,16.1307,63.923,11.9152,8.1446,23.769
10.1761,11.7834,22.822,30.209,34.46,66.435,87.444,57.7464,61.671,88.082,51.5221,37.4638,70.882,45.5666,82.433,16.1437,63.519,11.9059,8.1465,23.819
10.1821,11.8181,22.681,30.206,34.473,66.41,87.624,58.1526,61.648,88.248,51.4968,37.3837,70.814,45.5182,82.422,16.1568,63.125,11.8972,8.1484,23.835
10.1413,11.842,22.591,30.211,34.52,66.39,87.791,58.5144,61.623,88.4,51.4724,37.3612,70.792,45.5058,82.427,16.17,62.755,11.8898,8.1495,23.828
10.1358,11.8064,22.538,30.295,34.469,66.364,87.833,58.8214,61.601,88.529,51.4397,37.3788,70.82,45.5397,82.437,16.1833,62.43,11.8853,8.15,23.814
10.1711,11.8418,22.602,30.363,34.403,66.327,87.765,59.0771,61.582,88.624,51.3952,37.4245,70.898,45.6177,82.449,16.1946,62.172,11.8839,8.1495,23.813
10.143,11.8404,22.696,30.287,34.404,66.268,87.764,59.2911,61.562,88.682,51.34,37.4742,71.02,45.7271,82.463,16.2025,61.992,11.8855,8.1486,23.839
10.2086,11.7649,22.578,30.265,34.359,66.184,87.91,59.4607,61.534,88.723,51.2801,37.5332,71.169,45.8522,82.456,16.2079,61.895,11.8891,8.1481,23.894
10.2851,11.8572,22.501,30.278,34.402,66.07,87.994,59.5872,61.492,88.755,51.2228,37.63,71.326,45.9791,82.437,16.2098,61.875,11.8929,8.1486,23.973
10.2307,11.9156,22.557,30.299,34.574,65.929,87.993,59.681,61.435,88.774,51.1728,37.6793,71.476,46.1019,82.414,16.2081,61.916,11.8964,8.1505,24.067
10.214,11.9069,22.565,30.386,34.585,65.765,87.982,59.7387,61.365,88.783,51.1283,37.6944,71.609,46.2216,82.401,16.2036,62.0,11.899,8.1538,24.169
10.1974,11.9669,22.501,30.455,34.458,65.589,87.908,59.7263,61.291,88.781,51.0816,37.7664,71.731,46.3429,82.399,16.198,62.118,11.9009,8.1588,24.273
10.1756,12.0288,22.511,30.423,34.457,65.411,87.831,59.6191,61.219,88.762,51.0246,37.838,71.852,46.475,82.404,16.1923,62.268,11.9024,8.1642,24.38
10.1651,12.0093,22.578,30.382,34.494,65.244,87.819,59.4207,61.157,88.727,50.9533,37.9154,71.983,46.6231,82.419,16.1852,62.451,11.9033,8.1701,24.5
10.2228,11.9913,22.575,30.384,34.508,65.1,87.765,59.1415,61.106,88.676,50.869,37.9597,72.128,46.7873,82.441,16.1764,62.671,11.9035,8.1754,24.642
10.2328,12.015,22.523,30.418,34.552,64.984,87.717,58.8013,61.065,88.629,50.7804,38.0317,72.283,46.9573,82.459,16.1674,62.93,11.9031,8.1796,24.81
10.2148,11.9709,22.48,30.413,34.56,64.901,87.697,58.455,61.033,88.602,50.6982,38.1259,72.443,47.1174,82.486,16.1584,63.223,11.9019,8.1829,25.003
10.2436,11.9587,22.449,30.442,34.52,64.85,87.548,58.1745,61.006,88.588,50.6286,38.1418,72.593,47.26,82.514,16.1501,63.539,11.9014,8.1851,25.218
10.2391,11.9958,22.537,30.463,34.518,64.825,87.513,57.999,60.983,88.582,50.5711,38.1508,72.718,47.3792,82.532,16.1435,63.859,11.9028,8.1867,25.444
10.2605,12.0159,22.643,30.503,34.588,64.817,87.564,57.927,60.964,88.582,50.5223,38.196,72.815,47.4691,82.544,16.1411,64.171,11.9064,8.1884,25.669
10.2656,12.0626,22.656,30.578,34.585,64.817,87.566,57.9512,60.95,88.592,50.4752,38.2417,72.884,47.5332,82.537,16.1435,64.465,11.9109,8.19,25.882
10.2257,12.101,22.619,30.584,34.54,64.816,87.603,58.0579,60.938,88.616,50.4219,38.2334,72.925,47.5822,82.517,16.1482,64.738,11.9144,8.1917,26.082
10.2511,12.0804,22.606,30.571,34.61,64.808,87.616,58.2032,60.926,88.643,50.3631,38.1979,72.942,47.6242,82.499,16.1534,64.991,11.9144,8.1934,26.273
10.2794,11.9946,22.546,30.567,34.643,64.789,87.668,58.3398,60.91,88.671,50.3058,38.1579,72.941,47.6514,82.481,16.1591,65.228,11.9099,8.1945,26.455
10.2511,11.9327,22.692,30.532,34.611,64.76,87.692,58.4448,60.885,88.702,50.2563,38.0577,72.931,47.6516,82.474,16.1641,65.455,11.9007,8.195,26.635
10.218,11.9278,22.702,30.543,34.678,64.723,87.552,58.5149,60.848,88.716,50.2168,37.9895,72.914,47.6227,82.462,16.1681,65.672,11.8893,8.1941,26.815
10.2844,11.94,22.624,30.587,34.752,64.683,87.527,58.536,60.799,88.695,50.1817,37.9462,72.89,47.5636,82.442,16.1705,65.876,11.878,8.1917,26.996
10.335,11.9268,22.691,30.566,34.796,64.643,87.656,58.4924,60.742,88.638,50.1415,37.873,72.859,47.4758,82.435,16.1733,66.065,11.8692,8.1886,27.169
10.3195,11.9904,22.736,30.552,34.816,64.604,87.694,58.3953,60.686,88.558,50.0846,37.8062,72.819,47.371,82.429,16.1771,66.235,11.8631,8.1844,27.326
10.2924,11.973,22.59,30.604,34.753,64.566,87.641,58.2543,60.637,88.474,50.0041,37.7636,72.772,47.2675,82.426,16.179,66.384,11.8586,8.1799,27.461
10.2714,11.9363,22.588,30.62,34.738,64.526,87.568,58.0631,60.605,88.387,49.9051,37.6959,72.721,47.1803,82.436,16.1783,66.509,11.8536,8.1751,27.572
10.266,11.9859,22.652,30.596,34.729,64.48,87.503,57.8168,60.591,88.308,49.7995,37.5874,72.666,47.1124,82.451,16.175,66.613,11.8469,8.1704,27.657
10.2961,11.9538,22.621,30.662,34.785,64.423,87.377,57.5248,60.594,88.242,49.6991,37.4884,72.612,47.0571,82.458,16.1669,66.7,11.8377,8.1656,27.724
10.3094,11.9412,22.733,30.695,34.838,64.354,87.287,57.1997,60.607,88.177,49.6108,37.3963,72.555,47.0076,82.441,16.1544,66.777,11.8256,8.1616,27.78
10.3286,11.9833,22.798,30.736,34.85,64.273,87.244,56.8403,60.622,88.096,49.5343,37.3196,72.493,46.948,82.413,16.138,66.853,11.8114,8.1578,27.836
10.3005,11.9932,22.726,30.784,34.857,64.188,87.14,56.4437,60.634,87.99,49.4637,37.2421,72.425,46.8643,82.405,16.1215,66.937,11.7958,8.1548,27.895
10.247,11.988,22.702,30.748,34.804,64.101,87.041,56.0196,60.639,87.863,49.3898,37.1453,72.347,46.7506,82.4,16.1068,67.034,11.779,8.1526,27.959
10.2937,11.9482,22.687,30.796,34.839,64.017,86.937,55.5754,60.636,87.728,49.3046,37.0321,72.262,46.6109,82.383,16.0926,67.146,11.7615,8.1514,28.025
10.3402,11.9602,22.652,30.767,34.893,63.934,86.799,55.1029,60.623,87.583,49.2084,36.9106,72.175,46.4578,82.371,16.0796,67.268,11.7439,8.151,28.09
10.3263,11.974,22.63,30.765,34.851,63.844,86.669,54.593,60.598,87.434,49.1092,36.8,72.087,46.3071,82.35,16.0656,67.396,11.7281,8.151,28.146
10.2727,11.9121,22.711,30.8,34.871,63.734,86.586,54.0683,60.556,87.282,49.0159,36.6998,71.995,46.1671,82.31,16.049,67.524,11.715,8.1514,28.19
10.3008,11.8809,22.757,30.835,34.971,63.593,86.39,53.5537,60.487,87.138,48.9375,36.6101,71.892,46.0365,82.262,16.0305,67.647,11.7056,8.1521,28.219
10.3584,11.8959,22.9,30.911,34.94,63.413,86.214,53.0552,60.386,86.995,48.879,36.5395,71.777,45.9041,82.227,16.0109,67.761,11.6994,8.1531,28.234
10.3052,11.9065,22.941,30.876,34.905,63.195,86.094,52.5687,60.25,86.845,48.8383,36.423,71.646,45.7589,82.212,15.9919,67.866,11.6951,8.154,28.238
10.315,11.876,22.75,30.874,34.983,62.953,85.885,52.0978,60.083,86.692,48.8025,36.2799,71.49,45.5923,82.201,15.9742,67.96,11.6914,8.1555,28.236
10.3729,11.8795,22.523,30.966,35.055,62.709,85.731,51.631,59.897,86.536,48.754,36.1502,71.315,45.3991,82.19,15.9562,68.043,11.6859,8.1569,28.228
10.3709,11.8976,22.511,31.033,35.069,62.489,85.596,51.1384,59.706,86.371,48.6799,36.0753,71.132,45.1815,82.18,15.9377,68.114,11.6783,8.1585,28.217
10.3649,11.9081,22.721,30.985,35.094,62.316,85.499,50.6062,59.528,86.193,48.5757,35.9903,70.941,44.9471,82.162,15.9154,68.17,11.6693,8.1607,28.202
10.3763,11.8577,22.834,30.935,35.088,62.204,85.368,50.0558,59.375,86.003,48.4449,35.8527,70.743,44.6973,82.139,15.8887,68.206,11.6599,8.1626,28.179
10.3521,11.8397,22.811,30.995,35.064,62.156,85.258,49.5047,59.259,85.817,48.3024,35.7293,70.541,44.4351,82.11,15.8596,68.218,11.6516,8.1647,28.141
10.3327,11.8579,22.771,31.032,35.06,62.163,85.143,48.9611,59.182,85.635,48.1667,35.6531,70.341,44.1686,82.074,15.8285,68.202,11.6452,8.1664,28.081
10.3446,11.7927,22.845,30.982,35.028,62.211,84.974,48.4326,59.144,85.457,48.0516,35.5475,70.15,43.913,82.033,15.7987,68.159,11.6404,8.1675,28.002
10.3397,11.8005,22.912,31.01,34.958,62.284,84.846,47.9275,59.143,85.291,47.9597,35.4568,69.971,43.6855,81.991,15.7712,68.097,11.6367,8.1678,27.906
10.3882,11.8784,22.845,31.084,34.97,62.369,84.697,47.4296,59.175,85.128,47.8853,35.4051,69.816,43.4941,81.963,15.7473,68.026,11.6329,8.1666,27.804
10.4083,11.8943,22.822,31.039,35.008,62.458,84.466,46.9202,59.232,84.965,47.8186,35.3786,69.689,43.341,81.943,15.7265,67.963,11.6286,8.1642,27.708
10.4215,11.86,22.746,31.027,35.06,62.549,84.33,46.4025,59.311,84.801,47.7468,35.3905,69.585,43.2202,81.934,15.7044,67.919,11.6236,8.1602,27.629
10.4482,11.8087,22.745,31.11,35.144,62.641,84.087,45.8818,59.405,84.623,47.6594,35.3692,69.495,43.1134,81.935,15.6791,67.9,11.6184,8.1552,27.57
10.4145,11.7919,22.734,31.178,35.146,62.735,83.838,45.3503,59.509,84.422,47.5557,35.3481,69.417,43.006,81.929,15.6488,67.903,11.6142,8.1503,27.524
10.3973,11.8155,22.901,31.212,35.146,62.832,83.712,44.809,59.617,84.198,47.4408,35.3348,69.346,42.8919,81.9,15.6133,67.919,11.6108,8.1458,27.48
10.4463,11.8303,22.986,31.19,35.115,62.934,83.582,44.2662,59.722,83.969,47.322,35.3232,69.274,42.7742,81.866,15.5754,67.938,11.6094,8.1429,27.429
10.4339,11.8394,22.856,31.166,35.152,63.04,83.365,43.7302,59.819,83.748,47.2045,35.3116,69.205,42.6588,81.85,15.5365,67.945,11.6106,8.1422,27.362
10.4114,11.846,22.781,31.208,35.171,63.155,83.206,43.1971,59.905,83.54,47.0932,35.3121,69.139,42.5474,81.853,15.4982,67.938,11.6139,8.1436,27.279
10.3788,11.8122,22.878,31.188,35.12,63.28,83.075,42.6596,59.975,83.349,46.9906,35.2917,69.074,42.4385,81.854,15.4615,67.916,11.6194,8.1465,27.185
10.3842,11.8052,22.918,31.192,35.16,63.416,82.841,42.1217,60.031,83.165,46.8943,35.3054,69.002,42.3255,81.849,15.4252,67.883,11.626,8.1503,27.086
10.4072,11.8272,22.898,31.231,35.183,63.562,82.53,41.575,60.074,82.969,46.7981,35.3471,68.92,42.197,81.836,15.3873,67.841,11.6336,8.1538,26.989
10.4245,11.8502,22.922,31.251,35.134,63.712,82.339,41.0001,60.105,82.744,46.7022,35.3336,68.834,42.0514,81.808,15.3459,67.792,11.6409,8.1562,26.893
10.4514,11.8415,22.96,31.29,35.197,63.857,82.186,40.3912,60.123,82.483,46.6077,35.2874,68.745,41.8968,81.77,15.3014,67.736,11.6478,8.1571,26.795
10.4606,11.7813,22.891,31.359,35.231,63.985,81.974,39.7538,60.126,82.201,46.5165,35.2811,68.661,41.749,81.744,15.2552,67.673,11.6542,8.1566,26.69
10.448,11.8,22.688,31.331,35.244,64.084,81.669,39.1056,60.111,81.913,46.4282,35.2896,68.589,41.6245,81.734,15.2074,67.604,11.6601,8.1557,26.577
10.4748,11.7808,22.757,31.31,35.24,64.144,81.325,38.4488,60.076,81.62,46.3413,35.2915,68.532,41.5346,81.724,15.1572,67.536,11.666,8.1545,26.462
10.4772,11.7276,23.003,31.308,35.205,64.159,80.974,37.7744,60.02,81.323,46.2565,35.2981,68.486,41.4738,81.708,15.1055,67.479,11.6722,8.154,26.35
10.4779,11.793,22.869,31.346,35.228,64.126,80.71,37.0832,59.946,81.018,46.1703,35.3514,68.443,41.4212,81.701,15.052,67.441,11.6788,8.1538,26.245
10.5016,11.8134,22.743,31.356,35.243,64.049,80.532,36.3754,59.855,80.707,46.078,35.3838,68.401,41.3533,81.688,14.9959,67.424,11.6852,8.1538,26.151
10.5363,11.7366,22.901,31.374,35.205,63.931,80.286,35.6446,59.751,80.389,45.9787,35.3597,68.359,41.2565,81.674,14.9364,67.426,11.6918,8.1536,26.069
10.5013,11.7688,23.043,31.432,35.17,63.776,80.005,34.893,59.633,80.057,45.8745,35.3727,68.309,41.1267,81.666,14.8744,67.444,11.6985,8.1526,25.995
10.5244,11.8158,23.029,31.471,35.168,63.587,79.531,34.1317,59.498,79.715,45.7682,35.4224,68.251,40.969,81.662,14.8105,67.47,11.7051,8.1503,25.924
10.5194,11.7902,22.994,31.433,35.215,63.362,79.211,33.3714,59.347,79.355,45.6623,35.4149,68.184,40.7991,81.646,14.7439,67.498,11.712,8.1469,25.854
10.5307,11.7813,22.902,31.462,35.207,63.099,78.939,32.61,59.177,78.968,45.5596,35.3935,68.102,40.634,81.624,14.6733,67.524,11.7188,8.1431,25.787
10.4867,11.7592,22.979,31.442,35.249,62.794,78.495,31.8416,58.99,78.562,45.4651,35.404,68.001,40.4754,81.605,14.5992,67.549,11.7252,8.1396,25.722
10.432,11.7584,23.006,31.442,35.236,62.448,78.103,31.0702,58.788,78.151,45.3815,35.3912,67.886,40.3198,81.597,14.523,67.573,11.7314,8.137,25.659
10.4631,11.8247,22.912,31.492,35.223,62.064,77.77,30.3067,58.575,77.757,45.3083,35.3763,67.766,40.1651,81.584,14.446,67.593,11.7378,8.1353,25.593
10.5028,11.8235,22.911,31.577,35.196,61.651,77.393,29.5672,58.352,77.391,45.2415,35.3462,67.645,40.0124,81.569,14.3681,67.608,11.7451,8.1346,25.525
10.4929,11.7956,23.013,31.595,35.283,61.223,76.95,28.8733,58.12,77.055,45.175,35.3208,67.526,39.86,81.555,14.2909,67.616,11.7534,8.1349,25.453
10.5197,11.7937,23.014,31.572,35.27,60.795,76.584,28.2348,57.881,76.73,45.1023,35.2893,67.412,39.7033,81.547,14.2149,67.614,11.7624,8.1353,25.377
10.5698,11.7792,23.092,31.611,35.221,60.381,76.253,27.649,57.638,76.391,45.0151,35.2308,67.302,39.5399,81.542,14.1398,67.605,11.7707,8.1351,25.301
10.5869,11.782,23.163,31.58,35.203,59.998,75.852,27.1062,57.398,76.038,44.9102,35.16,67.188,39.3652,81.535,14.0647,67.594,11.7766,8.1339,25.229
10.5609,11.7337,23.14,31.627,35.272,59.657,75.58,26.5932,57.172,75.691,44.7949,35.1129,67.062,39.1702,81.521,13.9899,67.588,11.7792,8.132,25.163
10.521,11.7206,23.127,31.715,35.326,59.368,75.277,26.097,56.973,75.365,44.6824,35.0836,66.916,38.9547,81.497,13.9177,67.593,11.779,8.1296,25.108
10.5182,11.7937,23.039,31.651,35.289,59.138,74.945,25.6075,56.815,75.082,44.586,34.9782,66.744,38.7288,81.463,13.849,67.613,11.7771,8.1273,25.063
10.5311,11.7743,23.039,31.601,35.199,58.967,74.726,25.1328,56.704,74.853,44.5138,34.8742,66.544,38.5051,81.414,13.7827,67.646,11.7757,8.1256,25.027
10.5537,11.7246,23.115,31.649,35.298,58.848,74.504,24.6928,56.641,74.67,44.4667,34.7823,66.322,38.2919,81.357,13.7202,67.688,11.7759,8.1252,24.998
10.586,11.7865,23.023,31.739,35.318,58.769,74.29,24.2997,56.618,74.511,44.4385,34.6703,66.094,38.0952,81.312,13.6633,67.732,11.7783,8.1261,24.973
10.5968,11.7766,22.979,31.84,35.306,58.708,74.091,23.9626,56.619,74.355,44.4155,34.577,65.881,37.9178,81.282,13.6122,67.774,11.7823,8.1282,24.948
10.5633,11.708,23.093,31.819,35.33,58.642,73.906,23.6736,56.623,74.198,44.3845,34.5176,65.703,37.7579,81.258,13.5667,67.81,11.7863,8.1308,24.921
10.5558,11.7208,23.123,31.742,35.299,58.549,73.672,23.4201,56.608,74.039,44.3421,34.4581,65.578,37.6124,81.247,13.5272,67.839,11.7894,8.1334,24.891
10.5541,11.7056,23.054,31.701,35.256,58.412,73.49,23.1902,56.558,73.874,44.2881,34.446,65.506,37.4837,81.246,13.4931,67.861,11.7913,8.1349,24.859
10.5637,11.7023,23.06,31.771,35.274,58.223,73.362,22.9706,56.467,73.711,44.2235,34.4659,65.477,37.3798,81.247,13.4623,67.878,11.7925,8.1351,24.826
10.5701,11.7042,23.118,31.802,35.358,57.985,73.236,22.7577,56.336,73.551,44.1484,34.4759,65.476,37.3033,81.244,13.4317,67.892,11.7941,8.1334,24.794
10.5176,11.7026,23.149,31.845,35.41,57.709,73.064,22.5621,56.173,73.399,44.0615,34.4576,65.487,37.2495,81.238,13.4005,67.905,11.7977,8.1306,24.764
10.5703,11.7316,23.159,31.894,35.32,57.409,72.988,22.3911,55.991,73.264,43.9637,34.4612,65.495,37.2155,81.229,13.3694,67.919,11.8036,8.1268,24.735
10.6521,11.692,23.19,31.911,35.218,57.101,72.853,22.2483,55.8,73.152,43.8569,34.4875,65.494,37.1937,81.217,13.3398,67.934,11.8117,8.123,24.706
10.6197,11.6594,23.14,31.93,35.289,56.794,72.784,22.1229,55.604,73.057,43.7486,34.5057,65.486,37.1705,81.204,13.3128,67.949,11.8207,8.1202,24.678
10.568,11.7356,23.029,31.967,35.359,56.494,72.742,22.0019,55.406,72.967,43.652,34.5114,65.473,37.1337,81.195,13.2894,67.965,11.8289,8.1188,24.65
10.56,11.6948,23.007,32.008,35.326,56.201,72.629,21.8834,55.202,72.885,43.5765,34.5202,65.446,37.081,81.172,13.2686,67.982,11.8351,8.119,24.625
10.5862,11.6308,23.035,32.004,35.346,55.916,72.52,21.7712,54.992,72.803,43.5239,34.5048,65.405,37.0181,81.15,13.2491,68.001,11.8375,8.1202,24.604
10.6054,11.6727,23.048,32.047,35.367,55.642,72.464,21.6611,54.777,72.708,43.4891,34.4797,65.352,36.9516,81.15,13.2283,68.022,11.8363,8.1218,24.594
10.6092,11.6676,23.159,32.085,35.36,55.387,72.357,21.5582,54.565,72.605,43.46,34.4903,65.289,36.8865,81.156,13.2053,68.047,11.8318,8.1225,24.591
10.6186,11.681,23.264,32.068,35.394,55.162,72.273,21.4633,54.367,72.508,43.4252,34.4664,65.217,36.8306,81.147,13.1814,68.077,11.8256,8.1216,24.591
10.5785,11.7072,23.32,32.042,35.402,54.978,72.246,21.3769,54.197,72.412,43.3749,34.455,65.139,36.7813,81.127,13.1575,68.112,11.819,8.1185,24.592
10.6125,11.6847,23.295,32.094,35.34,54.844,72.202,21.2923,54.067,72.297,43.307,34.4536,65.058,36.7286,81.11,13.1345,68.148,11.814,8.1135,24.588
10.6511,11.6454,23.293,32.129,35.332,54.764,72.056,21.186,53.982,72.165,43.2293,34.4586,64.977,36.6644,81.092,13.1137,68.186,11.8117,8.1072,24.575
10.6436,11.6135,23.261,32.142,35.366,54.735,71.929,21.0493,53.944,72.025,43.1528,34.4423,64.889,36.5915,81.065,13.0945,68.224,11.8126,8.1003,24.553
10.6603,11.5964,23.299,32.103,35.361,54.75,71.868,20.8929,53.946,71.877,43.0875,34.4141,64.796,36.5162,81.041,13.0744,68.259,11.8173,8.0939,24.526
10.6737,11.6109,23.256,32.109,35.34,54.802,71.692,20.7195,53.978,71.723,43.0413,34.4089,64.699,36.443,81.029,13.0509,68.294,11.8259,8.0889,24.5
10.6444,11.6339,23.157,32.12,35.402,54.883,71.516,20.5289,54.029,71.563,43.0171,34.416,64.604,36.3726,81.013,13.0232,68.329,11.837,8.0856,24.479
10.6233,11.6267,23.1,32.175,35.377,54.99,71.37,20.3244,54.092,71.405,43.0095,34.4245,64.513,36.3016,80.989,12.9891,68.366,11.8498,8.0839,24.464
10.6331,11.6676,23.142,32.24,35.301,55.119,71.163,20.107,54.161,71.22,43.0053,34.4484,64.424,36.2194,80.972,12.947,68.405,11.8631,8.0839,24.454
10.6771,11.6602,23.152,32.256,35.328,55.269,70.899,19.8633,54.234,70.994,42.9887,34.4629,64.332,36.1161,80.974,12.8968,68.448,11.8756,8.0851,24.446
10.7226,11.6358,23.104,32.28,35.348,55.438,70.73,19.5708,54.311,70.732,42.9529,34.4605,64.235,35.9912,80.982,12.8385,68.498,11.8863,8.087,24.438
10.7057,11.6207,23.112,32.291,35.373,55.62,70.43,19.2193,54.389,70.429,42.8975,34.4813,64.131,35.8539,80.993,12.7722,68.557,11.8943,8.0894,24.427
10.7057,11.6163,23.214,32.214,35.325,55.81,70.034,18.8233,54.466,70.086,42.8274,34.4929,64.019,35.712,80.988,12.6962,68.623,11.8993,8.0927,24.413
10.71,11.6233,23.279,32.237,35.33,56.002,69.666,18.3926,54.538,69.705,42.7561,34.51,63.901,35.5656,80.966,12.6116,68.699,11.9012,8.0972,24.398
10.7322,11.646,23.261,32.301,35.382,56.189,69.303,17.9199,54.601,69.289,42.6962,34.5237,63.779,35.4084,80.946,12.5188,68.779,11.9002,8.1036,24.385
10.7153,11.6496,23.196,32.298,35.434,56.368,68.904,17.4208,54.653,68.84,42.6519,34.5588,63.661,35.2342,80.933,12.4163,68.859,11.8974,8.1117,24.371
10.675,11.6311,23.193,32.331,35.483,56.535,68.425,16.9155,54.694,68.358,42.6169,34.5964,63.542,35.038,80.918,12.3061,68.933,11.8948,8.1207,24.355
10.653,11.5659,23.289,32.363,35.473,56.685,67.92,16.4077,54.721,67.869,42.5818,34.5713,63.411,34.8256,80.904,12.1906,68.998,11.8941,8.1301,24.334
10.6594,11.5514,23.395,32.411,35.4,56.816,67.412,15.9034,54.733,67.393,42.5425,34.5379,63.265,34.6121,80.891,12.071,69.053,11.896,8.1384,24.308
10.7046,11.6327,23.321,32.416,35.377,56.923,66.872,15.4098,54.729,66.938,42.4987,34.5202,63.109,34.4167,80.879,11.95,69.1,11.9005,8.1436,24.278
10.687,11.6561,23.2,32.399,35.454,57.002,66.366,14.9459,54.71,66.509,42.4511,34.5052,62.951,34.2489,80.854,11.8311,69.141,11.9062,8.145,24.246
10.657,11.6573,23.137,32.442,35.483,57.055,65.87,14.5246,54.675,66.122,42.4057,34.514,62.8,34.1068,80.82,11.7188,69.179,11.9118,8.1417,24.216
10.6994,11.6238,23.096,32.517,35.452,57.084,65.464,14.1463,54.632,65.793,42.364,34.5102,62.67,33.9824,80.799,11.6151,69.215,11.9159,8.1344,24.19
10.7031,11.5633,23.134,32.515,35.49,57.098,65.138,13.8442,54.589,65.532,42.3242,34.4676,62.576,33.8712,80.775,11.5225,69.25,11.9175,8.124,24.165
10.7376,11.6148,23.197,32.479,35.506,57.105,64.906,13.64,54.557,65.36,42.2835,34.4434,62.524,33.7735,80.75,11.4467,69.282,11.9173,8.1121,24.141
10.7849,11.6428,23.21,32.518,35.49,57.118,64.736,13.5276,54.547,65.306,42.2413,34.4349,62.497,33.6998,80.741,11.3925,69.313,11.9152,8.101,24.118
10.7906,11.5797,23.335,32.58,35.468,57.144,64.67,13.5046,54.567,65.377,42.2034,34.4117,62.486,33.662,80.75,11.3627,69.343,11.9114,8.0922,24.095
10.781,11.5849,23.414,32.61,35.516,57.192,64.779,13.5718,54.622,65.562,42.1764,34.3847,62.483,33.6714,80.76,11.3596,69.374,11.9062,8.0865,24.073
10.7753,11.6137,23.364,32.607,35.539,57.266,64.95,13.7353,54.713,65.848,42.1606,34.3542,62.486,33.7288,80.747,11.3866,69.404,11.8995,8.0847,24.052
10.7657,11.5891,23.38,32.631,35.494,57.369,65.254,13.9984,54.839,66.228,42.1544,34.3004,62.496,33.8278,80.71,11.4441,69.431,11.8919,8.0858,24.034
10.777,11.5722,23.345,32.644,35.472,57.498,65.695,14.3681,54.998,66.694,42.1506,34.2331,62.522,33.9596,80.665,11.531,69.454,11.8844,8.0892,24.017
10.7979,11.5914,23.25,32.67,35.449,57.648,66.252,14.8637,55.185,67.239,42.1385,34.1943,62.585,34.1195,80.628,11.6457,69.474,11.8775,8.0937,24.0
10.8075,11.5542,23.22,32.715,35.457,57.807,66.923,15.4833,55.391,67.864,42.1118,34.1514,62.702,34.3064,80.606,11.7887,69.49,11.8718,8.0984,23.981
10.8506,11.5631,23.302,32.783,35.511,57.963,67.597,16.2137,55.608,68.579,42.0701,34.1136,62.857,34.5227,80.601,11.9571,69.506,11.8671,8.1022,23.961
10.8571,11.5621,23.322,32.714,35.486,58.102,68.395,17.0526,55.825,69.365,42.0206,34.0937,63.019,34.7679,80.603,12.1446,69.52,11.8626,8.1048,23.941
10.792,11.5413,23.158,32.714,35.48,58.216,69.33,18.0036,56.032,70.197,41.9702,34.0726,63.168,35.0419,80.593,12.3469,69.528,11.8578,8.1062,23.919
10.7508,11.5387,23.301,32.789,35.514,58.305,70.277,19.0697,56.223,71.061,41.9235,34.0025,63.293,35.3378,80.546,12.5602,69.527,11.8536,8.106,23.893
10.7948,11.5331,23.409,32.841,35.497,58.374,71.198,20.2502,56.395,71.944,41.8877,33.9966,63.389,35.6441,80.483,12.7819,69.512,11.8512,8.1048,23.867
10.8295,11.5092,23.394,32.836,35.482,58.433,72.198,21.5441,56.547,72.838,41.8631,34.0136,63.468,35.9448,80.436,13.0095,69.484,11.851,8.1029,23.838
10.8724,11.538,23.365,32.821,35.487,58.489,73.132,22.9412,56.679,73.736,41.8423,34.0089,63.557,36.2269,80.435,13.2425,69.446,11.8524,8.1003,23.802
10.8276,11.4998,23.357,32.808,35.557,58.546,74.056,24.4155,56.793,74.626,41.8179,34.0153,63.66,36.4783,80.462,13.4779,69.403,11.8529,8.0977,23.76
10.7859,11.4686,23.439,32.84,35.579,58.603,75.018,25.935,56.889,75.498,41.784,33.9646,63.736,36.686,80.504,13.7067,69.362,11.8484,8.0955,23.715
10.799,11.5249,23.499,32.875,35.603,58.66,76.01,27.4719,56.974,76.329,41.7381,33.8921,63.725,36.8375,80.526,13.9179,69.325,11.8361,8.0939,23.671
10.8103,11.4618,23.417,32.87,35.618,58.719,76.883,29.0118,57.055,77.103,41.6782,33.7787,63.594,36.9303,80.486,14.104,69.292,11.8152,8.0932,23.628
10.837,11.4797,23.361,32.966,35.533,58.792,77.638,30.5462,57.147,77.83,41.6078,33.6439,63.348,36.9672,80.401,14.2637,69.262,11.7882,8.0934,23.589
10.8688,11.5628,23.216,33.013,35.446,58.897,78.459,32.0667,57.266,78.518,41.541,33.567,63.042,36.9582,80.293,14.4017,69.233,11.7603,8.0948,23.555
10.8501,11.5763,23.201,33.023,35.422,59.051,79.141,33.5606,57.423,79.17,41.4885,33.4926,62.754,36.9193,80.189,14.526,69.207,11.7368,8.097,23.524
10.8228,11.5235,23.306,32.994,35.441,59.265,79.731,35.0105,57.621,79.784,41.4546,33.3581,62.547,36.8762,80.137,14.6423,69.184,11.7207,8.0996,23.494
10.8251,11.4595,23.358,32.99,35.439,59.532,80.302,36.4008,57.85,80.355,41.4399,33.238,62.453,36.8528,80.15,14.7555,69.169,11.7131,8.1019,23.461
10.856,11.4984,23.436,33.013,35.454,59.833,80.782,37.7093,58.09,80.885,41.4378,33.1284,62.442,36.8556,80.178,14.8652,69.162,11.711,8.1041,23.424
10.8366,11.4942,23.478,33.042,35.545,60.138,81.288,38.9224,58.319,81.362,41.4364,33.019,62.436,36.8726,80.178,14.9639,69.165,11.7098,8.105,23.386
10.837,11.4213,23.363,33.054,35.613,60.423,81.758,40.0443,58.521,81.775,41.4243,32.9003,62.373,36.8848,80.177,15.0468,69.178,11.706,8.105,23.348
10.8966,11.4607,23.251,33.064,35.557,60.671,82.098,41.0852,58.689,82.144,41.3947,32.7691,62.235,36.8705,80.148,15.1157,69.202,11.6973,8.1034,23.313
10.9003,11.4571,23.389,33.123,35.537,60.882,82.422,42.0516,58.831,82.472,41.3525,32.6735,62.052,36.816,80.076,15.173,69.235,11.685,8.1005,23.284
10.8496,11.4178,23.433,33.214,35.578,61.071,82.721,42.9368,58.957,82.759,41.3109,32.6233,61.861,36.725,80.016,15.2211,69.279,11.6715,8.0967,23.262
10.8677,11.4405,23.259,33.235,35.524,61.254,82.905,43.7377,59.081,83.02,41.282,32.5598,61.68,36.6241,79.976,15.2602,69.332,11.6601,8.0927,23.249
10.9164,11.4384,23.335,33.249,35.536,61.442,83.244,44.4561,59.207,83.282,41.2718,32.503,61.573,36.5446,79.967,15.2974,69.392,11.6539,8.0889,23.239
10.8977,11.3779,23.393,33.21,35.52,61.634,83.477,45.0847,59.328,83.561,41.2758,32.4423,61.54,36.5037,79.991,15.3326,69.458,11.653,8.0861,23.23
10.875,11.3426,23.339,33.163,35.498,61.82,83.58,45.6151,59.43,83.837,41.2836,32.4198,61.512,36.4991,80.014,15.3603,69.523,11.6537,8.0847,23.22
10.9181,11.3859,23.393,33.204,35.544,61.987,83.71,46.0518,59.499,84.094,41.281,32.3907,61.459,36.5169,80.066,15.3793,69.586,11.6516,8.0849,23.207
10.9359,11.4131,23.535,33.254,35.604,62.128,83.818,46.4248,59.532,84.33,41.2538,32.328,61.355,36.5363,80.06,15.3899,69.637,11.6428,8.0865,23.191
10.949,11.4168,23.457,33.261,35.612,62.249,83.896,46.7805,59.539,84.53,41.2033,32.3012,61.188,36.5416,79.994,15.3928,69.675,11.6267,8.0892,23.175
10.9439,11.3702,23.412,33.305,35.573,62.373,84.054,47.1631,59.545,84.697,41.1453,32.2752,60.972,36.5262,79.955,15.3921,69.703,11.6063,8.092,23.163
10.9259,11.3779,23.342,33.34,35.486,62.526,84.142,47.622,59.576,84.854,41.097,32.1913,60.736,36.4975,79.896,15.3937,69.728,11.5876,8.0944,23.154
10.9259,11.4054,23.429,33.33,35.516,62.722,84.369,48.1955,59.654,85.039,41.0681,32.0634,60.589,36.4644,79.854,15.4117,69.757,11.576,8.0955,23.151
10.9024,11.3772,23.38,33.345,35.556,62.955,84.6,48.8867,59.779,85.273,41.0572,31.9235,60.588,36.4319,79.879,15.4501,69.794,11.5722,8.0951,23.15
10.9235,11.3974,23.288,33.369,35.476,63.194,84.641,49.6684,59.929,85.534,41.052,31.8479,60.647,36.3982,79.94,15.4953,69.836,11.5703,8.0932,23.151
10.9802,11.3867,23.364,33.433,35.538,63.397,84.869,50.4976,60.071,85.788,41.0345,31.8015,60.67,36.3633,80.056,15.5339,69.877,11.5609,8.0896,23.15
10.986,11.3665,23.46,33.468,35.654,63.532,85.258,51.3429,60.178,86.011,40.9874,31.7478,60.567,36.3308,80.105,15.5524,69.904,11.5362,8.0851,23.148
10.9615,11.3459,23.488,33.462,35.675,63.591,85.541,52.1803,60.239,86.18,40.9109,31.6675,60.307,36.3097,79.954,15.5467,69.912,11.4965,8.0804,23.143
10.9195,11.3576,23.407,33.487,35.623,63.606,85.694,52.9883,60.267,86.314,40.8266,31.6069,59.94,36.3077,79.735,15.5249,69.909,11.45,8.0768,23.136
10.9247,11.3561,23.114,33.46,35.398,63.629,85.667,53.7608,60.292,86.445,40.761,31.5405,59.581,36.3291,79.554,15.5034,69.909,11.4112,8.0747,23.128
10.9753,11.3857,23.036,33.446,35.219,63.708,85.731,54.4944,60.347,86.624,40.7316,31.4586,59.435,36.3711,79.48,15.5074,69.924,11.3942,8.0747,23.121
10.983,11.3803,23.317,33.502,35.441,63.866,86.117,55.183,60.445,86.89,40.7408,31.3565,59.637,36.4245,79.52,15.5524,69.961,11.4041,8.0768,23.117
10.9842,11.3166,23.472,33.515,35.646,64.084,86.374,55.8274,60.573,87.208,40.7719,31.3101,60.053,36.4745,79.668,15.6213,70.014,11.4337,8.0804,23.114
10.9741,11.2399,23.475,33.542,35.681,64.312,86.494,56.4296,60.697,87.514,40.7974,31.277,60.471,36.5092,79.91,15.6879,70.069,11.4661,8.0847,23.114
11.0055,11.2033,23.541,33.578,35.735,64.493,86.628,56.9961,60.784,87.75,40.7925,31.2282,60.735,36.5245,80.09,15.7333,70.107,11.4846,8.0884,23.114
11.0212,11.1764,23.566,33.618,35.695,64.589,86.789,57.5303,60.814,87.879,40.7484,31.1922,60.774,36.5233,80.015,15.7499,70.118,11.4794,8.0913,23.11
10.9847,11.2406,23.559,33.626,35.662,64.603,86.845,58.0362,60.796,87.917,40.6793,31.1593,60.608,36.5102,79.841,15.74,70.107,11.4522,8.0922,23.102
10.9708,11.2985,23.409,33.6,35.643,64.57,86.835,58.5125,60.755,87.905,40.608,31.1346,60.343,36.4913,79.727,15.7149,70.09,11.414,8.0918,23.092
10.9839,11.2626,23.271,33.615,35.545,64.544,86.82,58.9546,60.73,87.901,40.5554,31.1254,60.151,36.4709,79.681,15.6959,70.082,11.3811,8.0896,23.079
10.9626,11.2218,23.362,33.655,35.583,64.567,86.941,59.3542,60.746,87.975,40.531,31.0662,60.172,36.4494,79.679,15.7018,70.094,11.3657,8.087,23.065
10.9776,11.2101,23.507,33.659,35.713,64.654,87.142,59.7152,60.808,88.121,40.5268,31.0075,60.36,36.4229,79.726,15.7269,70.127,11.3707,8.0844,23.05
11.0294,11.1722,23.529,33.671,35.708,64.787,87.198,60.0469,60.898,88.298,40.5246,30.9757,60.58,36.3891,79.825,15.7551,70.173,11.3892,8.0823,23.035
11.0488,11.1581,23.619,33.72,35.721,64.928,87.266,60.3572,60.989,88.459,40.5081,30.9445,60.759,36.3462,79.943,15.779,70.217,11.41,8.0809,23.017
10.9805,11.2015,23.582,33.804,35.802,65.035,87.378,60.6572,61.059,88.567,40.4668,30.9535,60.836,36.2936,79.95,15.7932,70.247,11.423,8.0799,22.994
10.9722,11.1595,23.516,33.858,35.729,65.088,87.354,60.9589,61.093,88.608,40.4036,30.99,60.754,36.2322,79.87,15.7895,70.259,11.4216,8.0794,22.969
11.0184,11.1537,23.533,33.841,35.677,65.092,87.338,61.2659,61.095,88.583,40.3314,30.9461,60.525,36.1635,79.824,15.7665,70.258,11.4055,8.0792,22.945
11.043,11.1974,23.399,33.808,35.618,65.075,87.347,61.5753,61.085,88.528,40.2653,30.9144,60.218,36.0884,79.747,15.7348,70.247,11.3818,8.0785,22.922
11.0585,11.1855,23.329,33.797,35.564,65.071,87.43,61.8691,61.085,88.509,40.2175,30.9097,59.973,36.0053,79.617,15.712,70.234,11.3603,8.0776,22.901
11.0509,11.1532,23.518,33.849,35.624,65.107,87.452,62.138,61.111,88.539,40.1879,30.8853,59.838,35.9132,79.543,15.7037,70.229,11.348,8.0761,22.882
11.0296,11.1532,23.349,33.892,35.569,65.189,87.376,62.3724,61.162,88.61,40.1675,30.8488,59.778,35.8149,79.561,15.7054,70.234,11.347,8.0742,22.864
11.0182,11.1483,23.416,33.894,35.576,65.296,87.429,62.5653,61.231,88.72,40.1422,30.7927,59.822,35.7101,79.662,15.7217,70.248,11.3548,8.0723,22.846
11.0081,11.1042,23.62,33.907,35.706,65.391,87.564,62.7287,61.296,88.831,40.0977,30.7157,59.897,35.5991,79.698,15.7445,70.264,11.3638,8.07,22.827
11.0008,11.0854,23.631,33.929,35.804,65.441,87.601,62.884,61.335,88.894,40.0276,30.6416,59.861,35.4789,79.698,15.7542,70.277,11.3655,8.0678,22.809
10.975,11.1462,23.531,33.928,35.771,65.426,87.531,63.0509,61.339,88.896,39.9354,30.5618,59.669,35.3457,79.743,15.7445,70.285,11.3546,8.0657,22.792
11.0264,11.202,23.478,33.954,35.631,65.35,87.534,63.2385,61.309,88.862,39.8296,30.4678,59.347,35.1949,79.643,15.7191,70.284,11.3331,8.0641,22.774
11.0824,11.1286,23.652,34.035,35.672,65.24,87.588,63.442,61.262,88.831,39.7225,30.3799,58.992,35.0249,79.466,15.6895,70.276,11.308,8.0626,22.757
11.0695,11.1044,23.559,34.007,35.682,65.133,87.553,63.6536,61.219,88.816,39.6245,30.2897,58.648,34.8352,79.36,15.6625,70.27,11.2883,8.0614,22.738
11.0824,11.1602,23.405,34.007,35.577,65.062,87.536,63.8568,61.198,88.833,39.5376,30.1374,58.367,34.6308,79.313,15.6455,70.271,11.2819,8.0605,22.715
11.0824,11.1563,23.541,34.076,35.701,65.039,87.544,64.0357,61.208,88.898,39.4578,30.0249,58.241,34.4186,79.327,15.6495,70.279,11.2916,8.0591,22.689
11.0491,11.1192,23.625,34.078,35.818,65.054,87.519,64.1855,61.242,88.98,39.3799,29.9075,58.215,34.2061,79.345,15.6668,70.293,11.3141,8.0569,22.663
11.0447,11.1122,23.784,34.085,35.873,65.077,87.528,64.3174,61.281,89.044,39.3022,29.7436,58.192,33.9978,79.411,15.6838,70.31,11.3413,8.0541,22.638
11.0644,11.0702,23.764,34.126,35.826,65.068,87.622,64.4394,61.303,89.088,39.2212,29.5764,58.143,33.7934,79.489,15.6969,70.323,11.3648,8.0501,22.613
11.0482,11.0459,23.666,34.153,35.764,64.988,87.652,64.5521,61.289,89.114,39.1322,29.4665,58.04,33.591,79.465,15.703,70.326,11.3781,8.0458,22.591
11.0437,10.9802,23.777,34.144,35.829,64.809,87.636,64.6585,61.225,89.131,39.0343,29.3467,57.872,33.3853,79.423,15.6997,70.318,11.3785,8.0418,22.573
11.0463,10.9764,23.854,34.167,35.832,64.521,87.65,64.7641,61.107,89.136,38.9264,29.2115,57.623,33.1649,79.378,15.6867,70.304,11.3679,8.0385,22.555
11.0772,10.9863,23.725,34.199,35.817,64.128,87.591,64.8657,60.938,89.141,38.807,29.0585,57.329,32.9237,79.282,15.6684,70.289,11.3496,8.0368,22.534
11.092,10.9469,23.723,34.176,35.785,63.647,87.528,64.9552,60.726,89.158,38.6775,28.8967,57.043,32.6634,79.173,15.6502,70.276,11.3283,8.0363,22.511
11.0709,10.9041,23.771,34.205,35.804,63.103,87.569,65.0255,60.477,89.179,38.5427,28.7608,56.767,32.3915,79.074,15.6306,70.269,11.3072,8.0375,22.486
11.0779,10.9005,23.653,34.204,35.784,62.528,87.532,65.0785,60.201,89.187,38.4061,28.6568,56.492,32.1167,79.002,15.6083,70.269,11.2874,8.0394,22.457
11.0812,10.9164,23.658,34.204,35.812,61.956,87.421,65.1042,59.912,89.178,38.2666,28.496,56.235,31.8451,78.948,15.5877,70.272,11.2679,8.0411,22.424
11.0798,10.9015,23.705,34.229,35.84,61.419,87.346,65.0909,59.628,89.146,38.1212,28.3206,55.973,31.5808,78.883,15.5668,70.27,11.2476,8.0416,22.388
11.0843,10.8382,23.709,34.282,35.776,60.949,87.409,65.0459,59.367,89.095,37.9661,28.1576,55.686,31.3214,78.805,15.5446,70.262,11.2251,8.0404,22.351
11.08,10.8686,23.598,34.317,35.716,60.568,87.393,64.9894,59.15,89.026,37.7991,27.9713,55.364,31.0575,78.702,15.5202,70.249,11.2007,8.0368,22.314
11.0943,10.9057,23.47,34.252,35.686,60.29,87.321,64.927,58.988,88.951,37.6255,27.7915,55.011,30.7843,78.548,15.4949,70.231,11.176,8.0311,22.274
11.1,10.8684,23.601,34.224,35.656,60.11,87.271,64.8592,58.884,88.884,37.4546,27.5976,54.645,30.4971,78.399,15.47,70.215,11.1528,8.024,22.229
11.0592,10.8394,23.577,34.283,35.65,60.006,87.174,64.7777,58.826,88.827,37.2919,27.3612,54.28,30.1902,78.276,15.4477,70.204,11.1325,8.0162,22.18
11.0451,10.7657,23.473,34.339,35.668,59.941,87.122,64.6643,58.795,88.779,37.1363,27.1062,53.916,29.8581,78.174,15.4274,70.196,11.1133,8.0084,22.125
11.0493,10.6973,23.549,34.345,35.692,59.867,87.168,64.4992,58.764,88.737,36.9826,26.862,53.531,29.4978,78.083,15.4063,70.189,11.0913,8.0011,22.062
11.0693,10.6989,23.569,34.316,35.633,59.735,87.114,64.2726,58.702,88.679,36.8201,26.6051,53.049,29.1061,78.005,15.3743,70.176,11.0586,7.9947,21.994
11.1016,10.641,23.556,34.336,35.638,59.508,86.999,64.0073,58.59,88.601,36.6311,26.3147,52.458,28.6823,77.863,15.3307,70.151,11.01,7.9887,21.922
11.0794,10.6188,23.603,34.392,35.658,59.163,86.97,63.7383,58.417,88.5,36.4036,26.0178,51.768,28.2297,77.587,15.2768,70.109,10.9428,7.9831,21.845
11.0501,10.6122,23.475,34.363,35.648,58.699,86.877,63.4862,58.185,88.362,36.1381,25.6926,50.95,27.7558,77.187,15.2078,70.048,10.8587,7.9776,21.761
11.0268,10.5841,23.155,34.332,35.376,58.126,86.691,63.2654,57.904,88.188,35.8437,25.3495,50.026,27.2624,76.783,15.1276,69.97,10.7659,7.9717,21.666
11.002,10.5511,23.025,34.388,35.189,57.457,86.504,63.0651,57.593,88.007,35.5311,24.9734,49.097,26.748,76.26,15.0499,69.874,10.6761,7.9653,21.556
11.0325,10.5316,23.08,34.425,35.217,56.691,86.381,62.8569,57.264,87.864,35.215,24.5943,48.259,26.213,75.556,14.9885,69.75,10.6011,7.9587,21.429
11.0311,10.4849,23.288,34.446,35.295,55.811,86.358,62.6213,56.913,87.772,34.9133,24.2343,47.52,25.6596,74.885,14.9445,69.584,10.5461,7.9516,21.288
11.0132,10.5026,23.077,34.359,35.131,54.785,86.254,62.3471,56.516,87.717,34.6334,23.8312,46.83,25.0904,74.388,14.9125,69.347,10.5111,7.9447,21.133
11.0384,10.4273,22.995,34.284,35.076,53.574,86.165,62.0384,56.034,87.7,34.3684,23.4095,46.193,24.509,74.014,14.8929,69.003,10.4898,7.9374,20.966
11.0343,10.3083,23.256,34.345,35.185,52.153,86.154,61.7087,55.421,87.709,34.1074,22.9541,45.563,23.9197,73.694,14.8801,68.512,10.4729,7.9303,20.792
11.0029,10.2789,23.333,34.392,35.111,50.523,86.037,61.3731,54.637,87.689,33.8429,22.4632,44.814,23.3233,73.466,14.8557,67.844,10.4502,7.9229,20.611
11.0121,10.2785,23.196,34.379,35.011,48.713,85.885,61.0529,53.664,87.616,33.566,21.9957,43.915,22.7132,73.335,14.814,66.984,10.4149,7.9151,20.424
10.987,10.2351,23.091,34.382,34.863,46.776,85.739,60.747,52.512,87.51,33.2688,21.4806,42.921,22.0777,73.159,14.7645,65.932,10.365,7.9063,20.226
10.9589,10.154,23.023,34.371,34.739,44.769,85.615,60.4338,51.216,87.392,32.9515,20.9407,41.883,21.4045,72.885,14.7162,64.704,10.2996,7.8966,20.017
10.9545,10.0764,23.02,34.428,34.583,42.742,85.453,60.1005,49.821,87.263,32.6181,20.3901,40.792,20.6864,72.617,14.6693,63.326,10.2184,7.8853,19.796
10.9049,10.0525,23.106,34.45,34.46,40.723,85.314,59.7315,48.371,87.118,32.2702,19.7997,39.63,19.9212,72.336,14.6234,61.826,10.1198,7.8718,19.562
10.8708,10.0361,22.969,34.42,34.226,38.717,85.16,59.3037,46.899,86.97,31.9043,19.1766,38.383,19.1097,71.986,14.576,60.221,10.0014,7.8554,19.316
10.866,9.956,22.892,34.382,33.922,36.708,84.94,58.8079,45.423,86.825,31.5164,18.4771,37.021,18.2544,71.505,14.5246,58.527,9.861,7.8355,19.06
10.8468,9.8766,22.777,34.324,33.556,34.668,84.795,58.2529,43.942,86.667,31.1036,17.7444,35.495,17.3582,70.893,14.4614,56.758,9.6957,7.8109,18.796
10.8072,9.7935,22.828,34.278,33.09,32.56,84.632,57.6579,42.431,86.492,30.662,16.9522,33.8,16.4224,70.143,14.3828,54.934,9.5055,7.7808,18.526
10.7369,9.7169,22.865,34.317,32.593,30.338,84.379,57.0253,40.84,86.296,30.1883,16.0592,31.965,15.4505,69.286,14.2902,53.09,9.2919,7.7446,18.253
10.6746,9.6293,22.763,34.34,32.039,27.958,84.062,56.346,39.089,86.073,29.6813,15.16,30.05,14.4533,68.245,14.1865,51.276,9.0599,7.7024,17.979
10.6615,9.5395,22.672,34.352,31.381,25.388,83.741,55.6249,37.076,85.807,29.1411,14.288,28.129,13.4553,66.967,14.0725,49.547,8.8152,7.6546,17.71
10.6259,9.4737,22.502,34.303,30.636,22.626,83.418,54.8703,34.708,85.504,28.5687,13.4459,26.293,12.489,65.518,13.9534,47.953,8.5673,7.602,17.448
10.5656,9.3613,22.282,34.238,29.872,19.715,83.019,54.0838,31.948,85.177,27.9613,12.6988,24.608,11.5839,63.964,13.8341,46.521,8.3264,7.5464,17.193
10.5093,9.213,22.257,34.249,29.226,16.755,82.744,53.2756,28.844,84.852,27.311,12.0596,23.124,10.7556,62.311,13.7223,45.251,8.1027,7.4895,16.942
10.4724,9.1141,22.219,34.24,28.64,13.886,82.381,52.4631,25.548,84.55,26.6103,11.5741,21.817,10.0007,60.518,13.6209,44.122,7.9049,7.4341,16.69
10.4228,9.0363,22.107,34.192,28.075,11.265,81.969,51.6559,22.283,84.271,25.8574,11.0955,20.592,9.3019,58.534,13.526,43.101,7.7372,7.382,16.428
10.3903,8.8854,22.014,34.169,27.505,9.0303,81.582,50.8422,19.292,83.996,25.0589,10.548,19.351,8.6355,56.347,13.4336,42.164,7.6004,7.3358,16.138
10.3563,8.7581,21.88,34.142,26.964,7.261,81.159,50.0048,16.76,83.705,24.2331,10.0528,18.053,7.9849,53.974,13.3417,41.296,7.4905,7.2972,15.792
10.3226,8.6156,21.715,34.12,26.494,5.9656,80.663,49.136,14.762,83.382,23.4102,9.5825,16.722,7.3543,51.64,13.2456,40.5,7.4005,7.2672,15.358
10.222,8.4325,21.596,34.061,26.11,5.0849,80.261,48.2342,13.255,83.012,22.628,9.1409,15.436,6.7645,49.691,13.1371,39.784,7.3221,7.2461,14.803
10.1376,8.26,21.488,34.027,25.748,4.5189,79.869,47.2971,12.124,82.576,21.9182,8.796,14.304,6.2475,48.39,13.0099,39.15,7.2456,7.2338,14.11
10.0654,8.0992,21.2,33.986,25.541,4.1599,79.326,46.3269,11.232,82.086,21.2954,8.5933,13.44,5.8322,47.838,12.8622,38.62,7.1639,7.2288,13.292
9.9963,7.9223,20.768,33.958,25.302,3.9245,78.786,45.3349,10.484,81.564,20.7545,8.5123,12.901,5.5376,47.983,12.6952,38.237,7.0711,7.2295,12.389
9.9295,7.6859,20.416,33.874,25.04,3.7689,78.27,44.332,9.8463,81.035,20.2788,8.5093,12.681,5.3691,48.699,12.5138,38.024,6.9629,7.2331,11.472
9.8784,7.454,20.148,33.716,24.818,3.687,77.661,43.3231,9.3431,80.544,19.8385,8.5086,12.752,5.3206,49.764,12.3298,37.921,6.8366,7.2369,10.613
9.7914,7.2337,19.895,33.676,24.729,3.6969,77.065,42.322,9.0227,80.106,19.4014,8.5062,13.069,5.3711,50.936,12.1539,37.736,6.6896,7.238,9.8556
9.7026,6.9792,19.617,33.69,24.719,3.8213,76.647,41.3446,8.9201,79.68,18.9401,8.5031,13.571,5.4924,52.056,11.9845,37.144,6.5188,7.2347,9.1849
9.5925,6.7514,19.346,33.6,24.657,4.0718,76.159,40.4007,9.0376,79.182,18.4406,8.5334,14.173,5.6501,53.015,11.8126,35.748,6.3227,7.2253,8.5521
9.4319,6.5372,18.821,33.476,24.488,4.4408,75.66,39.5012,9.341,78.539,17.9021,8.5588,14.771,5.8048,53.655,11.6303,33.263,6.1016,7.2094,7.9106
9.2081,6.3832,18.159,33.396,24.158,4.9028,75.147,38.6472,9.7734,77.749,17.3302,8.5787,15.24,5.9154,53.895,11.4349,29.759,5.8598,7.1876,7.2461
8.935,6.2102,17.634,33.321,23.562,5.421,74.443,37.8295,10.269,76.873,16.7372,8.5453,15.467,5.9515,53.725,11.2281,25.74,5.6064,7.1613,6.5991
8.8163,6.027,17.184,33.247,22.532,5.955,73.638,37.0367,10.767,76.062,16.1411,8.4174,15.404,5.907,53.158,11.0183,21.98,5.353,7.1327,6.0649
8.8324,5.8428,17.009,33.128,21.68,6.47,72.974,36.2575,11.228,75.513,15.556,8.204,15.114,5.806,52.33,10.8196,19.222,5.1119,7.1038,5.734
8.8272,5.7031,16.794,32.952,21.427,6.9392,72.485,35.4866,11.628,75.319,14.989,8.0093,14.747,5.6941,51.479,10.6366,17.874,4.8921,7.0758,5.6218
8.8418,5.5821,16.509,32.883,21.508,7.3463,71.964,34.7179,11.963,75.441,14.442,7.8656,14.492,5.6214,50.84,10.4675,17.817,4.6982,7.0507,5.654
8.8511,5.4232,16.372,32.889,21.803,7.683,71.51,33.9475,12.241,75.749,13.9148,7.8362,14.501,5.6194,50.538,10.3095,18.453,4.5298,7.028,5.7113
8.7855,5.3334,16.241,32.745,22.06,7.9456,71.013,33.1814,12.479,76.071,13.4076,7.8694,14.772,5.6812,50.518,10.1554,19.034,4.3842,7.0081,5.6923
8.6158,5.2889,15.984,32.61,21.907,8.1327,70.424,32.4174,12.688,76.271,12.9183,7.9312,15.153,5.7572,50.661,10.0,19.079,4.2565,6.9899,5.5588
8.4613,5.1916,15.611,32.517,21.217,8.2445,69.842,31.6562,12.874,76.284,12.4468,7.9866,15.41,5.7791,50.691,9.8411,18.569,4.144,6.973,5.3532
8.4231,5.0714,15.362,32.413,20.435,8.2836,69.278,30.9082,13.034,76.141,11.9947,7.975,15.33,5.6913,50.337,9.6782,17.857,4.0446,6.9567,5.1725
8.4124,5.0034,15.098,32.272,19.982,8.2587,68.749,30.1857,13.158,75.919,11.564,7.8381,14.835,5.4816,49.612,9.5117,17.421,3.9577,6.9411,5.0949
8.4133,4.9797,14.921,32.119,19.802,8.1881,68.312,29.497,13.241,75.676,11.1538,7.6499,14.032,5.1912,48.67,9.3412,17.58,3.8824,6.9262,5.1316
8.46,4.9521,14.867,32.032,19.799,8.1015,67.855,28.8494,13.285,75.448,10.7652,7.5004,13.193,4.9035,47.761,9.1705,18.318,3.8184,6.9127,5.2289
8.4371,4.9132,14.697,31.889,19.815,8.038,67.395,28.2462,13.307,75.24,10.4012,7.4242,12.641,4.7153,47.184,9.004,19.303,3.7651,6.9008,5.307
8.4007,4.8886,14.468,31.702,19.63,8.0418,66.845,27.6826,13.332,75.042,10.0649,7.4438,12.615,4.7015,47.129,8.8434,20.123,3.7218,6.8904,5.3087
8.3777,4.8623,14.334,31.611,19.334,8.1552,66.28,27.1473,13.391,74.858,9.7587,7.5606,13.218,4.888,47.597,8.6949,20.531,3.6879,6.8809,5.2261
8.2571,4.814,14.23,31.504,19.039,8.4112,65.859,26.6425,13.511,74.687,9.4807,7.7159,14.376,5.2505,48.403,8.5623,20.537,3.6631,6.871,5.0975
8.1499,4.7341,14.094,31.396,18.761,8.8287,65.382,26.1734,13.706,74.522,9.2273,7.8978,15.871,5.7242,49.309,8.442,20.364,3.6451,6.8594,4.9854
8.1501,4.6571,14.094,31.288,18.608,9.4092,64.902,25.7388,13.98,74.352,8.9919,8.1285,17.44,6.2304,50.123,8.3283,20.293,3.6304,6.8447,4.936
8.1516,4.6502,14.057,31.152,18.501,10.136,64.595,25.3352,14.321,74.175,8.7667,8.3504,18.851,6.697,50.694,8.2173,20.522,3.6148,6.8257,4.9606
8.0943,4.6692,13.922,31.001,18.42,10.98,64.263,24.9672,14.711,73.979,8.5469,8.4842,19.937,7.0751,50.963,8.105,21.072,3.5942,6.8025,5.0352
8.0937,4.6429,13.758,30.93,18.307,11.898,63.828,24.6382,15.127,73.756,8.3312,8.5611,20.615,7.3394,50.973,7.9878,21.809,3.566,6.776,5.1188
8.1086,4.5778,13.575,30.854,18.135,12.841,63.383,24.3349,15.547,73.52,8.1192,8.6101,20.872,7.4747,50.74,7.8654,22.537,3.5319,6.7476,5.1754
8.0649,4.5558,13.451,30.686,17.918,13.756,62.932,24.0406,15.956,73.293,7.9106,8.5869,20.72,7.4594,50.288,7.7427,23.107,3.4963,6.7189,5.1872
8.0006,4.5467,13.357,30.544,17.755,14.596,62.492,23.7587,16.342,73.075,7.7053,8.4887,20.117,7.2679,49.669,7.6231,23.473,3.466,6.6924,5.1567
7.9306,4.5176,13.188,30.431,17.701,15.32,62.074,23.489,16.697,72.854,7.504,8.3264,18.99,6.8856,48.801,7.508,23.684,3.4476,6.6694,5.102
7.9254,4.4775,13.12,30.318,17.756,15.905,61.802,23.2125,17.018,72.632,7.3088,8.0629,17.366,6.331,47.487,7.4003,23.843,3.4447,6.6514,5.0463
7.8998,4.4782,13.192,30.174,17.821,16.345,61.62,22.9127,17.296,72.393,7.1218,7.7031,15.428,5.6767,45.607,7.3027,24.054,3.4585,6.6389,5.0042
7.8475,4.5156,13.156,30.066,17.872,16.657,61.299,22.5854,17.525,72.097,6.9475,7.3046,13.522,5.0531,43.475,7.2129,24.383,3.4871,6.632,4.9817
7.8475,4.5379,13.203,30.049,17.933,16.872,60.94,22.216,17.698,71.731,6.7909,6.8511,12.117,4.62,41.768,7.126,24.848,3.5269,6.6301,4.9781
7.8471,4.5244,13.258,29.992,17.88,17.032,60.576,21.7777,17.811,71.289,6.6536,6.6057,11.668,4.5076,40.992,7.0384,25.43,3.5743,6.6325,4.9833
7.7892,4.5267,13.144,29.893,18.012,17.178,60.282,21.2551,17.867,70.771,6.5335,6.8286,12.425,4.7651,41.359,6.9491,26.097,3.6271,6.6377,4.9859
7.7585,4.5735,13.046,29.797,18.401,17.344,59.932,20.661,17.877,70.18,6.4305,7.3908,14.274,5.3469,42.782,6.8577,26.823,3.6834,6.6453,4.9788
7.7606,4.608,13.097,29.668,18.983,17.554,59.521,20.0112,17.858,69.53,6.341,7.9852,16.801,6.1298,44.783,6.7635,27.592,3.7422,6.6541,4.9594
7.7794,4.6148,13.114,29.619,19.615,17.815,59.141,19.316,17.832,68.86,6.2624,8.5102,19.515,6.9578,46.686,6.6692,28.399,3.8018,6.663,4.9279
7.7489,4.6387,13.039,29.567,20.218,18.126,58.752,18.6036,17.817,68.196,6.192,8.9829,22.007,7.6959,47.966,6.5795,29.243,3.861,6.6718,4.8862
7.7161,4.6626,12.972,29.477,20.766,18.473,58.317,17.9055,17.826,67.551,6.13,9.4028,24.042,8.2731,48.618,6.4947,30.123,3.9186,6.6799,4.8386
7.7194,4.6493,13.108,29.433,21.176,18.84,57.899,17.2325,17.862,66.933,6.0791,9.7729,25.583,8.6843,48.928,6.4127,31.031,3.9733,6.687,4.7913
7.7262,4.6584,13.166,29.339,21.37,19.206,57.479,16.5865,17.921,66.323,6.0379,10.0874,26.729,8.9659,49.072,6.3325,31.963,4.0244,6.6929,4.746
7.7125,4.6933,13.132,29.205,21.453,19.553,57.082,15.9601,17.993,65.695,6.0047,10.3185,27.625,9.1645,49.106,6.2545,32.915,4.073,6.6979,4.7025
7.6826,4.74,13.179,29.159,21.667,19.865,56.678,15.3393,18.068,65.026,5.977,10.4886,28.377,9.3191,49.061,6.1769,33.886,4.1204,6.7019,4.6629
7.6863,4.7777,13.267,29.135,22.121,20.13,56.229,14.7128,18.134,64.311,5.9479,10.6444,29.028,9.4531,48.984,6.098,34.874,4.1682,6.705,4.6288
7.6792,4.8132,13.246,29.035,22.754,20.346,55.776,14.0855,18.187,63.577,5.9086,10.7964,29.603,9.5753,48.928,6.0175,35.878,4.2186,6.7073,4.5968
7.6617,4.8452,13.245,28.947,23.507,20.511,55.346,13.4828,18.224,62.865,5.852,10.9513,30.12,9.687,48.896,5.9389,36.882,4.2736,6.709,4.5642
7.661,4.848,13.231,28.945,24.239,20.629,54.838,12.9452,18.248,62.237,5.7781,11.1784,30.589,9.7878,48.859,5.8638,37.86,4.334,6.7099,4.5279
7.6306,4.8396,13.259,28.882,24.783,20.706,54.416,12.5186,18.263,61.752,5.6954,11.3766,31.009,9.8772,48.805,5.7942,38.78,4.4012,6.7097,4.4879
7.6317,4.8548,13.267,28.784,25.134,20.746,54.132,12.2464,18.275,61.454,5.6144,11.5114,31.375,9.9543,48.745,5.7326,39.612,4.4756,6.7085,4.4457
7.6146,4.9047,13.3,28.692,25.398,20.753,53.907,12.1667,18.289,61.367,5.5491,11.6727,31.708,10.0151,48.684,5.6824,40.331,4.558,6.7061,4.4038
7.5618,4.9397,13.241,28.717,25.645,20.729,53.901,12.3048,18.303,61.49,5.5126,11.8226,32.032,10.0572,48.651,5.644,40.928,4.6487,6.7028,4.3669
7.5309,4.9528,13.167,28.739,25.813,20.672,54.08,12.6733,18.315,61.796,5.5102,11.9365,32.354,10.0827,48.674,5.6158,41.405,4.7467,6.6988,4.3368
7.5417,4.9547,13.233,28.668,25.979,20.586,54.361,13.2716,18.317,62.23,5.5398,12.0845,32.672,10.1005,48.748,5.5952,41.776,4.8507,6.6948,4.3115
7.5511,4.9385,13.342,28.581,26.093,20.472,54.733,14.0714,18.302,62.732,5.5903,12.2391,32.978,10.1196,48.839,5.5817,42.057,4.9577,6.6908,4.2904
7.4984,4.9376,13.425,28.576,26.164,20.34,55.241,15.0127,18.268,63.255,5.6495,12.3968,33.252,10.1457,48.912,5.572,42.262,5.065,6.6872,4.2717
7.4719,4.938,13.48,28.529,26.181,20.201,55.712,16.0209,18.217,63.763,5.7075,12.56,33.481,10.1799,48.968,5.5626,42.403,5.1695,6.6846,4.2527
7.4831,4.9781,13.442,28.465,26.15,20.072,56.086,17.0217,18.157,64.231,5.7549,12.6668,33.663,10.2211,48.995,5.5495,42.49,5.2699,6.6829,4.2333
7.4939,4.9875,13.392,28.484,26.1,19.97,56.324,17.9682,18.101,64.655,5.7864,12.7975,33.805,10.2631,48.988,5.5325,42.53,5.3665,6.6822,4.2146
7.4782,4.9558,13.344,28.465,26.101,19.913,56.528,18.8518,18.061,65.036,5.8036,12.9292,33.915,10.2988,48.97,5.5112,42.534,5.4614,6.6827,4.1987
7.4268,4.9284,13.354,28.415,26.048,19.911,56.734,19.6907,18.046,65.385,5.81,13.0642,34.009,10.3252,48.944,5.4877,42.511,5.5574,6.6839,4.1862
7.422,4.9062,13.334,28.323,26.049,19.968,56.935,20.513,18.06,65.706,5.8098,13.2063,34.106,10.3433,48.91,5.4671,42.47,5.6568,6.6858,4.1765
7.4203,4.9116,13.309,28.36,26.096,20.08,57.076,21.3376,18.099,66.001,5.8048,13.3036,34.206,10.3543,48.876,5.4536,42.418,5.7601,6.6884,4.1689
7.3837,4.9003,13.374,28.42,26.103,20.239,57.191,22.1593,18.159,66.283,5.7965,13.3671,34.301,10.3582,48.853,5.4468,42.357,5.8662,6.6912,4.1618
7.3329,4.893,13.471,28.387,26.101,20.433,57.301,22.9646,18.234,66.559,5.7866,13.4559,34.39,10.3546,48.82,5.4427,42.287,5.9725,6.6945,4.1542
7.3223,4.8998,13.502,28.299,26.097,20.649,57.359,23.7388,18.32,66.823,5.7729,13.5778,34.471,10.3443,48.757,5.4373,42.209,6.0762,6.6979,4.1464
7.3148,4.8886,13.433,28.291,26.091,20.879,57.43,24.4808,18.413,67.062,5.7544,13.6996,34.536,10.3252,48.671,5.4285,42.124,6.1745,6.7012,4.1376
7.3041,4.8607,13.407,28.351,26.09,21.116,57.497,25.2098,18.514,67.269,5.7309,13.7635,34.584,10.2972,48.588,5.4146,42.04,6.2652,6.7047,4.1294
7.278,4.859,13.375,28.307,26.022,21.357,57.585,25.9393,18.624,67.453,5.7016,13.8142,34.622,10.2615,48.505,5.3966,41.96,6.3486,6.7085,4.1225
7.2366,4.8441,13.34,28.251,25.979,21.601,57.662,26.6657,18.74,67.613,5.6651,13.8779,34.659,10.2201,48.419,5.3793,41.889,6.4246,6.713,4.1182
7.2525,4.8457,13.369,28.274,26.027,21.848,57.69,27.3873,18.865,67.735,5.6203,13.9212,34.691,10.1751,48.322,5.3646,41.829,6.494,6.7182,4.117
7.3045,4.8593,13.473,28.291,26.055,22.098,57.732,28.0833,18.994,67.834,5.5697,13.9828,34.72,10.1297,48.22,5.3523,41.779,6.5584,6.7244,4.117
7.3151,4.8321,13.403,28.242,26.097,22.347,57.742,28.7273,19.128,67.919,5.5188,14.0576,34.752,10.0857,48.1,5.3407,41.733,6.619,6.732,4.1187
7.2579,4.7946,13.337,28.213,26.123,22.592,57.669,29.3147,19.265,67.984,5.4709,14.0834,34.785,10.0474,47.968,5.3293,41.691,6.677,6.7405,4.1215
7.2166,4.7725,13.328,28.215,26.043,22.829,57.684,29.8645,19.404,68.027,5.4323,14.091,34.814,10.0173,47.846,5.3172,41.653,6.7329,6.7497,4.122
7.2387,4.7914,13.324,28.245,26.003,23.055,57.733,30.4093,19.545,68.068,5.4058,14.1424,34.831,9.9967,47.736,5.304,41.622,6.7871,6.759,4.1185
7.2675,4.773,13.356,28.212,26.008,23.267,57.683,30.9728,19.687,68.136,5.388,14.2042,34.839,9.9842,47.636,5.2893,41.6,6.8392,6.768,4.1111
7.2537,4.7561,13.398,28.175,26.057,23.462,57.681,31.5654,19.828,68.236,5.3715,14.208,34.841,9.9748,47.557,5.2739,41.59,6.8878,6.7758,4.1061
7.2351,4.782,13.378,28.267,26.073,23.64,57.735,32.1942,19.968,68.353,5.349,14.2447,34.84,9.9632,47.486,5.2585,41.588,6.9318,6.7822,4.1069
7.2056,4.7841,13.391,28.289,26.003,23.801,57.717,32.838,20.104,68.474,5.3191,14.2897,34.839,9.9428,47.414,5.245,41.59,6.9719,6.7874,4.1118
7.2314,4.7845,13.493,28.235,25.967,23.945,57.682,33.4598,20.232,68.584,5.2836,14.303,34.839,9.9089,47.341,5.2341,41.59,7.0079,6.7914,4.1206
7.2433,4.7747,13.5,28.26,25.975,24.074,57.612,34.0393,20.352,68.665,5.2443,14.2852,34.84,9.8653,47.277,5.2249,41.586,7.0405,6.795,4.1313
7.1751,4.7535,13.36,28.259,25.954,24.19,57.571,34.5667,20.461,68.708,5.2062,14.2755,34.843,9.8198,47.217,5.2166,41.576,7.0706,6.798,4.14
7.1532,4.7062,13.288,28.271,25.937,24.295,57.535,35.0416,20.56,68.717,5.1742,14.2663,34.849,9.7818,47.153,5.209,41.562,7.0981,6.8013,4.1433
7.1845,4.6932,13.356,28.299,25.932,24.391,57.492,35.4685,20.651,68.701,5.1472,14.2703,34.861,9.756,47.089,5.2002,41.546,7.1229,6.8047,4.1412
7.1896,4.7264,13.451,28.294,25.955,24.479,57.45,35.8517,20.735,68.678,5.1221,14.2774,34.879,9.7394,47.031,5.1886,41.528,7.145,6.808,4.1386
7.2028,4.7095,13.373,28.236,25.912,24.561,57.399,36.1934,20.815,68.652,5.0977,14.2232,34.902,9.7255,46.98,5.1756,41.508,7.1656,6.8108,4.1379
7.2148,4.6774,13.324,28.222,25.789,24.636,57.263,36.4893,20.892,68.616,5.0747,14.1791,34.922,9.7036,46.915,5.1635,41.486,7.1859,6.813,4.1376
7.192,4.6533,13.342,28.276,25.658,24.705,57.206,36.7365,20.965,68.568,5.0522,14.1765,34.935,9.6651,46.835,5.1531,41.461,7.2077,6.8146,4.1362
7.2026,4.6319,13.357,28.291,25.605,24.769,57.13,36.937,21.035,68.529,5.0295,14.1872,34.944,9.6114,46.759,5.1417,41.435,7.2312,6.8158,4.1331
7.1885,4.6214,13.484,28.32,25.578,24.83,57.03,37.0961,21.098,68.502,5.0051,14.1843,34.957,9.5519,46.677,5.1299,41.408,7.2549,6.8172,4.1282
7.1506,4.6286,13.458,28.311,25.512,24.891,56.99,37.2243,21.156,68.475,4.9774,14.1611,34.978,9.4992,46.58,5.12,41.378,7.2762,6.8196,4.1215
7.1262,4.6322,13.283,28.298,25.455,24.956,56.95,37.3344,21.208,68.446,4.9426,14.1365,35.006,9.4629,46.476,5.1102,41.345,7.293,6.8229,4.1149
7.1388,4.6525,13.237,28.394,25.413,25.029,56.897,37.4349,21.256,68.421,4.9002,14.1374,35.039,9.4456,46.378,5.101,41.305,7.3034,6.8279,4.1085
7.0924,4.6932,13.225,28.423,25.295,25.112,56.782,37.5234,21.3,68.399,4.855,14.1209,35.072,9.4451,46.281,5.0918,41.26,7.3081,6.834,4.1028
7.0943,4.6868,13.236,28.382,25.207,25.208,56.637,37.5945,21.342,68.361,4.8135,14.1251,35.103,9.4536,46.172,5.0818,41.209,7.3098,6.8411,4.0955
7.1238,4.6451,13.264,28.451,25.122,25.316,56.508,37.6565,21.383,68.3,4.7806,14.154,35.132,9.4597,46.056,5.07,41.155,7.3117,6.8485,4.0844
7.1142,4.6382,13.276,28.428,24.955,25.434,56.479,37.7141,21.422,68.235,4.7579,14.1583,35.158,9.4557,45.949,5.0555,41.103,7.316,6.8558,4.0692
7.1137,4.6353,13.42,28.42,24.854,25.557,56.426,37.7704,21.461,68.176,4.7418,14.1739,35.187,9.4401,45.842,5.0399,41.057,7.3238,6.862,4.0524
7.0854,4.6428,13.377,28.438,24.817,25.681,56.347,37.8308,21.498,68.121,4.7252,14.1782,35.213,9.4167,45.716,5.0259,41.017,7.3339,6.8665,4.0384
7.0748,4.6831,13.287,28.486,24.831,25.802,56.313,37.8919,21.532,68.069,4.7013,14.1481,35.227,9.3902,45.576,5.0148,40.984,7.3437,6.8696,4.0285
7.1203,4.6797,13.359,28.518,24.821,25.917,56.193,37.9485,21.564,68.019,4.6679,14.1481,35.225,9.365,45.421,5.0072,40.958,7.3501,6.8707,4.0195
7.1114,4.6524,13.357,28.504,24.753,26.024,56.096,37.9921,21.594,67.972,4.6316,14.1474,35.202,9.3425,45.242,5.0023,40.941,7.3529,6.8705,4.0114
7.0821,4.6078,13.351,28.503,24.669,26.121,55.963,38.0076,21.623,67.925,4.6006,14.1074,35.161,9.3208,45.045,4.9966,40.933,7.3522,6.8691,4.0022
7.0561,4.6117,13.398,28.538,24.708,26.21,55.837,37.9998,21.65,67.873,4.58,14.1294,35.109,9.2932,44.841,4.9909,40.936,7.3493,6.8672,3.9918
7.0837,4.6205,13.298,28.542,24.74,26.292,55.796,37.9711,21.678,67.818,4.5689,14.1725,35.051,9.2559,44.632,4.9862,40.949,7.346,6.8655,3.9832
7.1102,4.6395,13.289,28.565,24.787,26.368,55.744,37.9357,21.704,67.757,4.5618,14.1675,34.998,9.2107,44.423,4.9819,40.974,7.3425,6.8641,3.9797
7.1145,4.6502,13.353,28.617,24.978,26.437,55.658,37.9062,21.726,67.685,4.5509,14.1332,34.957,9.1631,44.224,4.9788,41.006,7.338,6.8636,3.9811
7.0908,4.6507,13.374,28.636,25.071,26.498,55.538,37.8801,21.743,67.595,4.5329,14.1232,34.93,9.1195,44.048,4.976,41.04,7.3316,6.8634,3.9851
7.0898,4.6026,13.204,28.627,25.09,26.551,55.503,37.8706,21.753,67.48,4.5097,14.114,34.916,9.087,43.911,4.9724,41.072,7.3221,6.8634,3.9875
7.1028,4.594,13.161,28.63,25.188,26.595,55.421,37.8766,21.756,67.366,4.4869,14.0697,34.913,9.066,43.833,4.9658,41.099,7.31,6.8629,3.9858
7.128,4.5452,13.208,28.629,25.248,26.63,55.339,37.8753,21.753,67.274,4.4706,14.0789,34.916,9.0523,43.818,4.9554,41.118,7.297,6.8617,3.978
7.0935,4.5215,13.273,28.632,25.298,26.657,55.235,37.8524,21.746,67.216,4.4609,14.1232,34.919,9.0401,43.855,4.9435,41.13,7.2847,6.8594,3.9664
7.0408,4.5229,13.339,28.625,25.344,26.678,55.153,37.8084,21.738,67.183,4.4531,14.1715,34.917,9.024,43.924,4.9319,41.137,7.2743,6.8561,3.9558
7.0474,4.5026,13.283,28.692,25.364,26.696,55.077,37.7613,21.73,67.16,4.4408,14.1909,34.905,9.0021,44.0,4.9217,41.141,7.2657,6.8518,3.9475
7.0498,4.5153,13.193,28.75,25.45,26.711,55.017,37.7151,21.726,67.13,4.4171,14.1881,34.883,8.976,44.078,4.9149,41.141,7.2577,6.8473,3.9401
7.0774,4.5569,13.182,28.787,25.475,26.725,54.953,37.671,21.724,67.083,4.382,14.2442,34.854,8.9497,44.132,4.9125,41.135,7.2482,6.8428,3.934
7.0872,4.5436,13.135,28.784,25.524,26.738,54.837,37.6436,21.726,67.016,4.3399,14.2975,34.822,8.9274,44.14,4.9137,41.122,7.2352,6.839,3.929
7.0755,4.5232,13.18,28.76,25.622,26.75,54.752,37.6179,21.729,66.942,4.2956,14.2899,34.794,8.9085,44.104,4.9149,41.1,7.2191,6.8355,3.9214
7.0734,4.4943,13.149,28.757,25.621,26.761,54.748,37.5725,21.734,66.87,4.2539,14.2352,34.78,8.8912,44.041,4.9142,41.068,7.2025,6.8326,3.9098
7.0701,4.4875,13.121,28.775,25.606,26.771,54.675,37.5028,21.739,66.802,4.2184,14.2407,34.782,8.8728,43.955,4.9104,41.03,7.1881,6.83,3.8942
7.0277,4.4964,13.128,28.831,25.578,26.781,54.565,37.4238,21.743,66.731,4.1912,14.2565,34.799,8.8514,43.856,4.9014,40.991,7.1784,6.8276,3.8757
7.0071,4.4852,13.076,28.841,25.569,26.79,54.502,37.3485,21.749,66.655,4.1725,14.3127,34.822,8.8276,43.742,4.8893,40.953,7.1746,6.8255,3.8573
6.9992,4.4662,13.127,28.86,25.56,26.797,54.468,37.2796,21.756,66.583,4.1609,14.3506,34.846,8.8059,43.63,4.8782,40.918,7.1753,6.8231,3.8402
7.0078,4.4364,13.188,28.874,25.555,26.803,54.374,37.2196,21.765,66.522,4.1571,14.3364,34.866,8.7893,43.519,4.8711,40.886,7.1774,6.8208,3.8298
7.0263,4.4091,13.113,28.86,25.598,26.804,54.302,37.17,21.777,66.474,4.1616,14.3262,34.878,8.7782,43.401,4.8677,40.854,7.1784,6.8182,3.8279
7.0143,4.4057,13.104,28.9,25.653,26.801,54.261,37.1224,21.791,66.431,4.1713,14.3226,34.884,8.77,43.281,4.8661,40.818,7.1769,6.8151,3.83
6.9792,4.4065,13.048,28.934,25.626,26.794,54.234,37.0782,21.807,66.384,4.1834,14.3411,34.887,8.7614,43.168,4.8644,40.78,7.1736,6.8113,3.8303
6.9782,4.3763,13.135,28.983,25.63,26.784,54.256,37.0422,21.822,66.325,4.1947,14.3501,34.885,8.7477,43.064,4.8611,40.742,7.1703,6.8068,3.8234
6.994,4.3927,13.159,29.007,25.624,26.774,54.171,37.0188,21.835,66.251,4.2025,14.3368,34.875,8.7254,42.966,4.854,40.706,7.1684,6.8011,3.8101
6.9851,4.4243,13.124,28.937,25.598,26.767,54.034,37.0032,21.845,66.173,4.2056,14.3418,34.853,8.696,42.874,4.846,40.672,7.1684,6.7942,3.7947
6.9516,4.4177,13.146,28.956,25.622,26.765,53.954,36.9851,21.853,66.109,4.204,14.3792,34.816,8.6618,42.796,4.8396,40.638,7.1698,6.7864,3.7796
6.9251,4.3976,13.102,29.0,25.663,26.771,53.998,36.9509,21.861,66.066,4.1999,14.3738,34.766,8.6252,42.727,4.8353,40.602,7.1708,6.7779,3.7684
6.9145,4.3338,13.102,28.998,25.67,26.783,53.994,36.8971,21.871,66.041,4.1954,14.4176,34.708,8.5896,42.667,4.8327,40.56,7.1698,6.7691,3.7644
6.9457,4.2647,13.156,28.976,25.63,26.801,53.891,36.8294,21.886,66.025,4.1916,14.473,34.653,8.5599,42.625,4.8306,40.512,7.167,6.7606,3.7625
6.9467,4.2849,13.155,29.019,25.638,26.824,53.859,36.7655,21.908,66.015,4.1895,14.5102,34.609,8.5417,42.586,4.8273,40.461,7.1644,6.7528,3.7571
6.9543,4.3338,13.193,29.059,25.642,26.852,53.829,36.714,21.939,66.01,4.1883,14.5412,34.574,8.5374,42.545,4.8232,40.413,7.1639,6.7457,3.7467
6.9698,4.3481,13.24,29.053,25.645,26.882,53.84,36.6767,21.977,66.009,4.1871,14.5594,34.547,8.5475,42.501,4.8183,40.374,7.1672,6.7398,3.7353
6.9382,4.3374,13.238,29.057,25.669,26.917,53.855,36.6501,22.019,66.016,4.185,14.617,34.524,8.5676,42.467,4.8114,40.346,7.1746,6.7348,3.7261
6.9298,4.2982,13.173,29.12,25.615,26.954,53.847,36.6186,22.063,66.04,4.1819,14.6935,34.5,8.5896,42.437,4.8033,40.33,7.1843,6.731,3.7201
6.9735,4.2872,13.184,29.148,25.597,26.993,53.757,36.5707,22.107,66.073,4.1781,14.7145,34.47,8.602,42.398,4.7967,40.327,7.1945,6.7286,3.7194
6.941,4.3068,13.181,29.171,25.667,27.034,53.758,36.5021,22.151,66.094,4.1739,14.737,34.437,8.5979,42.357,4.7924,40.334,7.203,6.7279,3.7237
6.9016,4.3263,13.092,29.167,25.665,27.077,53.778,36.4126,22.197,66.084,4.171,14.7809,34.408,8.576,42.322,4.792,40.35,7.2091,6.7291,3.728
6.9148,4.3221,13.092,29.167,25.627,27.12,53.779,36.3152,22.247,66.052,4.1699,14.8178,34.385,8.5403,42.284,4.7946,40.372,7.2136,6.7327,3.7289
6.948,4.3312,13.147,29.237,25.623,27.166,53.77,36.2185,22.303,66.013,4.1694,14.8443,34.369,8.4985,42.224,4.8007,40.401,7.2179,6.7384,3.7261
6.9517,4.2888,13.195,29.277,25.637,27.213,53.832,36.1161,22.365,65.966,4.168,14.8441,34.359,8.4597,42.146,4.8083,40.433,7.2231,6.7462,3.7211
6.9654,4.2478,13.211,29.274,25.599,27.265,53.92,36.0075,22.433,65.925,4.1642,14.8304,34.353,8.4295,42.057,4.8138,40.467,7.23,6.7552,3.7133
6.9527,4.2408,13.228,29.271,25.564,27.32,53.824,35.8984,22.505,65.908,4.1568,14.8462,34.347,8.408,41.944,4.8161,40.5,7.2385,6.7646,3.7033
6.9054,4.2579,13.185,29.261,25.588,27.381,53.728,35.7979,22.577,65.908,4.1459,14.8412,34.339,8.3886,41.811,4.8168,40.532,7.2475,6.7734,3.6936
6.8913,4.2896,13.181,29.301,25.661,27.445,53.772,35.7048,22.65,65.912,4.1334,14.8012,34.331,8.3657,41.667,4.8173,40.567,7.2565,6.7805,3.6846
6.9035,4.3163,13.267,29.324,25.663,27.513,53.839,35.6232,22.722,65.908,4.1225,14.7487,34.327,8.3338,41.512,4.818,40.605,7.2648,6.7852,3.6754
6.9077,4.3195,13.385,29.333,25.625,27.584,53.88,35.5646,22.794,65.908,4.1149,14.7157,34.33,8.2895,41.348,4.8192,40.648,7.2714,6.7879,3.6669
6.9551,4.2855,13.33,29.365,25.637,27.655,53.916,35.5342,22.867,65.914,4.1099,14.6452,34.341,8.2341,41.161,4.8209,40.697,7.2762,6.7888,3.6609
6.9639,4.2574,13.18,29.368,25.637,27.726,53.966,35.5182,22.945,65.91,4.1083,14.6203,34.356,8.1742,40.956,4.8225,40.751,7.2788,6.789,3.6579
6.9424,4.2804,13.184,29.424,25.593,27.796,53.965,35.5125,23.028,65.891,4.1097,14.5706,34.374,8.1192,40.761,4.8239,40.806,7.2795,6.79,3.6545
6.9546,4.2942,13.293,29.46,25.569,27.865,53.951,35.523,23.116,65.866,4.1149,14.4493,34.39,8.0752,40.583,4.8249,40.858,7.28,6.7931,3.6493
6.9654,4.2732,13.333,29.493,25.537,27.933,54.015,35.545,23.209,65.842,4.1251,14.3203,34.409,8.0465,40.441,4.8263,40.909,7.2818,6.7992,3.6434
6.9654,4.2933,13.322,29.502,25.558,27.998,54.116,35.567,23.306,65.827,4.1405,14.2475,34.436,8.0362,40.369,4.828,40.957,7.2873,6.8087,3.6375
6.9647,4.3139,13.375,29.535,25.603,28.062,54.111,35.5873,23.404,65.826,4.1599,14.2132,34.477,8.0457,40.378,4.8301,41.007,7.2975,6.8215,3.6325
6.9525,4.3451,13.343,29.63,25.608,28.124,54.083,35.6036,23.503,65.85,4.18,14.2461,34.532,8.0732,40.459,4.8325,41.059,7.3122,6.8364,3.6301
6.9612,4.3797,13.352,29.654,25.652,28.183,54.154,35.6101,23.603,65.893,4.1968,14.351,34.6,8.1175,40.603,4.8365,41.116,7.3299,6.853,3.6335
6.9886,4.3615,13.366,29.654,25.694,28.241,54.238,35.6036,23.704,65.924,4.2073,14.4799,34.681,8.1783,40.809,4.8424,41.177,7.3477,6.8693,3.6427
6.9834,4.346,13.449,29.683,25.697,28.297,54.33,35.5823,23.806,65.931,4.2094,14.6651,34.771,8.2537,41.069,4.8495,41.24,7.3631,6.8847,3.6526
6.9712,4.338,13.444,29.7,25.612,28.353,54.445,35.551,23.91,65.921,4.2061,14.8806,34.866,8.3393,41.356,4.8573,41.304,7.3749,6.8982,3.659
6.9743,4.3265,13.483,29.673,25.631,28.409,54.457,35.5182,24.014,65.908,4.2018,15.0627,34.97,8.4278,41.654,4.8661,41.366,7.3827,6.9093,3.6643
6.9543,4.3399,13.575,29.707,25.738,28.468,54.542,35.4892,24.118,65.902,4.1995,15.2502,35.081,8.5135,41.964,4.873,41.428,7.3882,6.9181,3.6723
6.9684,4.3425,13.554,29.777,25.805,28.529,54.556,35.4593,24.22,65.912,4.204,15.4174,35.192,8.5903,42.276,4.8779,41.49,7.3929,6.9254,3.6832
6.9977,4.3701,13.473,29.814,25.836,28.591,54.585,35.4201,24.319,65.94,4.2205,15.5444,35.291,8.6539,42.562,4.8817,41.555,7.3986,6.9323,3.6962
7.0184,4.4189,13.472,29.83,25.838,28.652,54.675,35.3672,24.415,65.98,4.2497,15.672,35.369,8.7032,42.82,4.8862,41.626,7.4062,6.9397,3.7114
7.0478,4.4229,13.594,29.827,25.825,28.71,54.751,35.3036,24.51,66.019,4.2878,15.77,35.429,8.7405,43.061,4.8926,41.702,7.4159,6.9491,3.7258
7.0117,4.3886,13.708,29.803,25.828,28.765,54.882,35.2251,24.605,66.055,4.3295,15.8804,35.477,8.7683,43.277,4.9002,41.782,7.4275,6.9607,3.7329
7.0029,4.3932,13.664,29.831,25.875,28.816,54.977,35.1358,24.702,66.095,4.3702,16.0024,35.515,8.7903,43.459,4.9097,41.864,7.4403,6.9752,3.7327
7.0289,4.4028,13.669,29.846,25.927,28.864,55.0,35.0531,24.804,66.13,4.4015,16.1021,35.549,8.8107,43.625,4.9189,41.948,7.4538,6.9913,3.7334
7.0525,4.4062,13.717,29.863,25.988,28.911,55.041,34.9713,24.907,66.154,4.4176,16.152,35.588,8.8329,43.779,4.9262,42.031,7.4673,7.0079,3.7398
7.0699,4.3976,13.758,29.892,26.067,28.959,55.084,34.8715,25.011,66.157,4.4204,16.2063,35.631,8.8604,43.912,4.9307,42.111,7.4801,7.0235,3.7507
7.0512,4.4018,13.721,29.926,26.089,29.009,55.151,34.7481,25.115,66.134,4.4169,16.2939,35.673,8.8937,44.024,4.9341,42.188,7.4914,7.0365,3.764
7.028,4.4496,13.612,29.98,26.149,29.062,55.247,34.6023,25.216,66.087,4.4133,16.3791,35.715,8.9305,44.121,4.9388,42.265,7.5009,7.0455,3.7772
7.021,4.462,13.777,30.035,26.215,29.117,55.258,34.436,25.316,66.025,4.4157,16.4208,35.761,8.9669,44.203,4.9452,42.34,7.509,7.0502,3.7874
7.0472,4.4512,13.943,30.046,26.257,29.174,55.321,34.2516,25.415,65.969,4.4273,16.4319,35.809,8.9978,44.267,4.953,42.414,7.5158,7.051,3.7943
7.0521,4.4611,13.903,30.025,26.26,29.232,55.41,34.0585,25.517,65.942,4.4472,16.4838,35.856,9.0202,44.322,4.9608,42.489,7.5225,7.0486,3.803
7.0488,4.5127,13.995,30.094,26.322,29.292,55.476,33.8697,25.622,65.945,4.4685,16.5056,35.898,9.0343,44.378,4.9672,42.565,7.53,7.045,3.8191
7.0758,4.5159,13.954,30.145,26.4,29.351,55.581,33.6783,25.729,65.97,4.486,16.5224,35.94,9.0436,44.417,4.9722,42.641,7.539,7.0415,3.8426
7.1109,4.4867,13.881,30.153,26.465,29.409,55.609,33.474,25.838,66.007,4.5007,16.5951,35.978,9.0518,44.444,4.976,42.716,7.5487,7.0391,3.871
7.1325,4.4766,13.983,30.155,26.535,29.465,55.639,33.2603,25.948,66.04,4.5139,16.6451,36.003,9.0619,44.474,4.98,42.788,7.5584,7.0382,3.902
7.1088,4.4574,14.009,30.142,26.606,29.518,55.713,33.0362,26.055,66.048,4.5274,16.673,36.021,9.0738,44.504,4.9859,42.86,7.5677,7.0384,3.9316
7.1158,4.4599,13.928,30.173,26.657,29.569,55.764,32.7981,26.159,66.013,4.5417,16.6929,36.035,9.0848,44.522,4.9942,42.93,7.576,7.0391,3.9584
7.1212,4.5166,13.993,30.227,26.691,29.618,55.802,32.5454,26.26,65.953,4.554,16.6941,36.046,9.0925,44.546,5.0032,42.998,7.5833,7.0391,3.984
7.0908,4.5309,14.143,30.299,26.763,29.668,55.882,32.2773,26.36,65.894,4.5594,16.7265,36.054,9.097,44.585,5.0115,43.063,7.5914,7.0379,4.0081
7.0784,4.5108,14.24,30.327,26.85,29.721,55.976,31.9978,26.46,65.845,4.554,16.7656,36.063,9.0989,44.629,5.0174,43.128,7.6006,7.0353,4.0294
7.1337,4.5732,14.23,30.312,26.89,29.778,56.001,31.705,26.562,65.815,4.5405,16.7666,36.076,9.1004,44.675,5.0217,43.19,7.6117,7.0315,4.0472
7.14,4.5945,14.247,30.285,26.971,29.838,56.07,31.4004,26.669,65.802,4.5265,16.7694,36.092,9.104,44.735,5.0245,43.247,7.624,7.027,4.0645
7.1351,4.4963,14.289,30.333,27.062,29.901,56.153,31.0977,26.778,65.807,4.5187,16.8054,36.107,9.1105,44.798,5.0255,43.3,7.6361,7.0225,4.0822
7.1447,4.4641,14.313,30.378,27.105,29.965,56.192,30.8058,26.887,65.805,4.5203,16.858,36.128,9.12,44.868,5.0255,43.35,7.6458,7.0187,4.0995
7.1288,4.5408,14.264,30.417,27.186,30.027,56.24,30.5354,26.994,65.769,4.5305,16.8909,36.156,9.1324,44.942,5.0257,43.397,7.6518,7.0161,4.1189
7.1273,4.5924,14.189,30.459,27.263,30.085,56.289,30.2826,27.096,65.712,4.5445,16.929,36.19,9.1477,45.034,5.0264,43.442,7.6536,7.0152,4.1426
7.1665,4.5956,14.294,30.505,27.323,30.138,56.343,30.0383,27.193,65.645,4.5568,16.9953,36.226,9.1657,45.134,5.0283,43.485,7.6518,7.0154,4.1675
7.1934,4.5708,14.37,30.552,27.404,30.185,56.402,29.7933,27.287,65.577,4.5663,17.0548,36.261,9.1846,45.22,5.0321,43.522,7.6482,7.0169,4.1921
7.173,4.559,14.368,30.575,27.414,30.229,56.451,29.5332,27.38,65.517,4.5731,17.1045,36.291,9.204,45.308,5.0387,43.555,7.6451,7.0185,4.2165
7.1337,4.6036,14.425,30.555,27.483,30.27,56.519,29.2485,27.474,65.475,4.5824,17.1644,36.317,9.2229,45.398,5.0477,43.581,7.6447,7.0199,4.243
7.1484,4.602,14.368,30.582,27.599,30.31,56.541,28.9419,27.57,65.46,4.5997,17.2146,36.338,9.2416,45.487,5.0555,43.603,7.6475,7.0204,4.27
7.1615,4.567,14.352,30.628,27.681,30.353,56.468,28.6247,27.667,65.456,4.6281,17.261,36.359,9.2624,45.584,5.0617,43.62,7.6529,7.0197,4.2947
7.1452,4.5857,14.447,30.654,27.659,30.396,56.474,28.3123,27.762,65.439,4.6667,17.364,36.383,9.2878,45.698,5.0679,43.635,7.66,7.0176,4.3174
7.1407,4.6104,14.464,30.702,27.701,30.442,56.595,28.0051,27.854,65.409,4.7122,17.4526,36.413,9.3172,45.827,5.0738,43.649,7.6674,7.014,4.3368
7.1948,4.6355,14.395,30.728,27.738,30.488,56.624,27.6981,27.943,65.359,4.7607,17.5232,36.444,9.3495,45.952,5.078,43.662,7.6733,7.0097,4.351
7.2225,4.6322,14.488,30.748,27.723,30.533,56.586,27.3889,28.032,65.282,4.8043,17.5916,36.476,9.3827,46.073,5.0816,43.674,7.6773,7.0057,4.3605
7.222,4.6059,14.641,30.771,27.721,30.578,56.625,27.0792,28.122,65.191,4.831,17.6669,36.506,9.4153,46.201,5.0842,43.685,7.6804,7.0024,4.3669
7.2068,4.6312,14.709,30.813,27.794,30.622,56.652,26.7635,28.215,65.099,4.8353,17.746,36.534,9.4449,46.323,5.0844,43.695,7.6835,7.0007,4.3723
7.1698,4.6418,14.678,30.845,27.839,30.665,56.63,26.4428,28.312,65.016,4.8185,17.8422,36.56,9.471,46.441,5.0816,43.705,7.688,7.0012,4.3775
7.2037,4.6242,14.601,30.841,27.919,30.71,56.644,26.1226,28.41,64.947,4.7894,17.936,36.582,9.4947,46.557,5.0797,43.718,7.6946,7.0034,4.3846
7.2499,4.6631,14.648,30.86,27.998,30.755,56.69,25.8037,28.507,64.886,4.7581,18.0563,36.604,9.5183,46.667,5.0821,43.736,7.7036,7.0067,4.3941
7.2539,4.6797,14.682,30.9,28.014,30.803,56.688,25.4752,28.603,64.826,4.7373,18.1607,36.632,9.5427,46.754,5.0873,43.761,7.714,7.0102,4.406
7.2588,4.6239,14.619,30.931,28.051,30.852,56.626,25.1253,28.695,64.754,4.7361,18.2514,36.664,9.5715,46.833,5.0934,43.792,7.7237,7.0131,4.4197
7.2429,4.6158,14.614,30.97,28.069,30.903,56.635,24.7576,28.784,64.66,4.7548,18.3909,36.696,9.6069,46.926,5.0986,43.829,7.7323,7.0145,4.4353
7.2234,4.6395,14.717,30.997,28.04,30.954,56.702,24.3858,28.873,64.547,4.7844,18.4901,36.726,9.6483,47.021,5.1008,43.869,7.7391,7.0142,4.4524
7.2412,4.642,14.777,31.012,28.092,31.007,56.648,24.019,28.963,64.423,4.8166,18.5581,36.754,9.6913,47.113,5.0994,43.91,7.7446,7.0128,4.4708
7.2881,4.6535,14.767,31.027,28.167,31.058,56.586,23.6685,29.055,64.301,4.8462,18.6848,36.781,9.7303,47.212,5.0951,43.952,7.7493,7.0102,4.49
7.293,4.6605,14.766,31.083,28.136,31.108,56.558,23.3424,29.148,64.19,4.8722,18.7847,36.803,9.7605,47.308,5.0913,43.993,7.7545,7.0074,4.5092
7.3197,4.6444,14.774,31.166,28.146,31.156,56.607,23.044,29.241,64.089,4.8943,18.8683,36.828,9.7801,47.394,5.0906,44.035,7.76,7.0052,4.527
7.3099,4.6275,14.842,31.2,28.207,31.2,56.571,22.7686,29.333,63.996,4.9142,18.9474,36.863,9.7909,47.472,5.093,44.075,7.765,7.0038,4.5419
7.2682,4.6457,14.918,31.148,28.264,31.242,56.531,22.5131,29.422,63.914,4.9329,19.0258,36.903,9.799,47.544,5.0967,44.115,7.7685,7.0034,4.553
7.2818,4.6667,14.878,31.198,28.259,31.281,56.506,22.277,29.506,63.844,4.9513,19.112,36.938,9.8095,47.621,5.1005,44.156,7.7709,7.0034,4.5611
7.2916,4.6571,14.911,31.23,28.261,31.318,56.5,22.055,29.587,63.787,4.9708,19.1783,36.969,9.8232,47.698,5.1029,44.2,7.7721,7.0041,4.5684
7.2846,4.6732,14.951,31.249,28.323,31.355,56.49,21.8384,29.663,63.745,4.9921,19.2702,36.993,9.8387,47.778,5.1039,44.249,7.773,7.0045,4.5772
7.3059,4.6999,14.872,31.25,28.308,31.389,56.507,21.6095,29.736,63.708,5.0169,19.3533,37.01,9.8536,47.861,5.1027,44.302,7.7749,7.005,4.5902
7.3036,4.6898,14.865,31.306,28.324,31.422,56.554,21.3532,29.806,63.647,5.0465,19.4286,37.019,9.8669,47.955,5.1003,44.359,7.778,7.0048,4.608
7.3026,4.688,14.992,31.38,28.377,31.452,56.529,21.0568,29.874,63.54,5.078,19.5193,37.033,9.8808,48.05,5.0986,44.419,7.7815,7.0041,4.6283
7.3277,4.7055,15.07,31.416,28.459,31.479,56.487,20.6991,29.94,63.379,5.1065,19.6065,37.056,9.8986,48.142,5.0975,44.48,7.7844,7.0031,4.6504
7.327,4.669,15.044,31.423,28.522,31.502,56.391,20.2723,30.006,63.157,5.1282,19.6557,37.085,9.9253,48.228,5.096,44.54,7.7865,7.0019,4.6721
7.3272,4.6598,15.0,31.421,28.515,31.521,56.289,19.7803,30.072,62.885,5.1472,19.7305,37.113,9.961,48.323,5.0934,44.6,7.7884,7.001,4.693
7.3753,4.6929,15.018,31.392,28.511,31.535,56.135,19.2397,30.139,62.585,5.1666,19.8044,37.144,10.0005,48.431,5.0894,44.662,7.7915,7.0,4.7133
7.3882,4.673,15.089,31.403,28.515,31.545,56.008,18.6745,30.204,62.286,5.1886,19.8835,37.173,10.0377,48.529,5.0837,44.728,7.7974,7.0,4.7328
7.3502,4.68,15.04,31.473,28.565,31.554,55.882,18.1073,30.266,61.999,5.2149,19.9804,37.199,10.0679,48.615,5.0771,44.797,7.8069,7.001,4.7548
7.3524,4.6903,15.035,31.503,28.619,31.562,55.702,17.5607,30.321,61.721,5.244,20.0495,37.219,10.0914,48.708,5.0714,44.867,7.8187,7.0031,4.7808
7.379,4.6533,15.1,31.538,28.632,31.573,55.533,17.0418,30.372,61.454,5.2696,20.0815,37.239,10.1108,48.801,5.0679,44.937,7.8313,7.0062,4.8081
7.4004,4.6516,15.154,31.567,28.669,31.587,55.351,16.5408,30.421,61.195,5.2862,20.1225,37.262,10.1313,48.893,5.0638,45.004,7.8424,7.0102,4.8372
7.4339,4.6805,15.1,31.592,28.713,31.606,55.202,16.0558,30.474,60.934,5.2957,20.2058,37.287,10.1594,48.988,5.0591,45.066,7.8512,7.0142,4.8682
7.439,4.7198,15.198,31.652,28.782,31.63,55.058,15.5874,30.539,60.67,5.3068,20.2657,37.316,10.1957,49.092,5.0541,45.126,7.8573,7.018,4.9002
7.4241,4.6932,15.334,31.692,28.815,31.657,54.869,15.1455,30.616,60.415,5.3253,20.2946,37.353,10.2359,49.207,5.048,45.185,7.862,7.0211,4.9333
7.3999,4.7028,15.309,31.711,28.84,31.689,54.727,14.7418,30.705,60.185,5.3537,20.3602,37.401,10.2751,49.315,5.0416,45.245,7.8668,7.0225,4.9665
7.4137,4.7494,15.304,31.726,28.867,31.725,54.617,14.3856,30.802,59.989,5.3916,20.4218,37.456,10.3103,49.415,5.0378,45.306,7.8722,7.023,4.9992
7.4388,4.7533,15.373,31.767,28.928,31.768,54.485,14.0834,30.9,59.835,5.4342,20.4829,37.514,10.3419,49.524,5.0385,45.369,7.8782,7.0221,5.0309
7.4402,4.7402,15.349,31.782,28.989,31.82,54.386,13.8515,30.996,59.733,5.4721,20.5284,37.572,10.3723,49.645,5.0432,45.435,7.8843,7.0206,5.0586
7.4522,4.7538,15.328,31.81,29.024,31.882,54.359,13.7154,31.088,59.691,5.501,20.5904,37.635,10.4052,49.755,5.0489,45.503,7.8902,7.0187,5.0844
7.4761,4.7559,15.401,31.825,29.047,31.955,54.422,13.7032,31.18,59.726,5.523,20.6406,37.699,10.4462,49.855,5.0553,45.573,7.8966,7.0169,5.1098
7.4709,4.7416,15.606,31.885,29.101,32.038,54.595,13.8336,31.274,59.858,5.541,20.6792,37.765,10.4952,49.958,5.0631,45.643,7.9037,7.0157,5.1361
7.4735,4.7595,15.673,31.871,29.131,32.129,54.818,14.1104,31.376,60.089,5.5557,20.738,37.837,10.5493,50.066,5.0728,45.715,7.9127,7.015,5.1645
7.4761,4.7475,15.667,31.829,29.16,32.223,55.122,14.5176,31.489,60.403,5.5678,20.7813,37.915,10.6044,50.174,5.0851,45.788,7.9229,7.015,5.1938
7.5039,4.7306,15.682,31.893,29.199,32.317,55.444,15.0081,31.615,60.769,5.5775,20.8194,37.997,10.657,50.286,5.1005,45.86,7.9338,7.0154,5.2237
7.5241,4.7484,15.688,31.981,29.222,32.407,55.798,15.5199,31.754,61.134,5.5858,20.8831,38.077,10.7043,50.405,5.1183,45.933,7.9445,7.0169,5.2526
7.5324,4.7341,15.71,32.032,29.293,32.493,56.199,15.9994,31.901,61.435,5.5955,20.9478,38.157,10.7481,50.523,5.1372,46.006,7.9542,7.019,5.2798
7.5387,4.7381,15.756,32.044,29.354,32.573,56.52,16.4047,32.05,61.639,5.6111,21.0022,38.238,10.7912,50.628,5.1548,46.081,7.9627,7.0216,5.3078
7.5488,4.7611,15.793,32.044,29.385,32.649,56.749,16.7009,32.195,61.751,5.6369,21.0558,38.317,10.8376,50.733,5.1709,46.156,7.9705,7.0247,5.3383
7.5626,4.7615,15.797,32.104,29.411,32.722,56.887,16.866,32.331,61.79,5.6717,21.1512,38.394,10.8896,50.841,5.1879,46.232,7.9786,7.0282,5.3715
7.5659,4.7355,15.839,32.159,29.456,32.793,56.967,16.9014,32.454,61.775,5.7103,21.2568,38.47,10.948,50.954,5.205,46.307,7.9876,7.0313,5.4079
7.5532,4.7208,15.903,32.166,29.549,32.866,56.995,16.8291,32.566,61.723,5.7489,21.3539,38.546,11.0101,51.075,5.2199,46.381,7.9975,7.0344,5.4449
7.5398,4.7299,16.042,32.17,29.625,32.94,56.969,16.6753,32.67,61.651,5.784,21.4297,38.619,11.0728,51.201,5.2301,46.455,8.0086,7.0367,5.4811
7.556,4.7559,16.186,32.208,29.646,33.017,56.966,16.4716,32.771,61.555,5.8145,21.5457,38.687,11.1329,51.337,5.2343,46.528,8.02,7.0384,5.5145
7.5642,4.7756,16.137,32.221,29.674,33.097,56.931,16.2432,32.876,61.424,5.8422,21.6755,38.751,11.1898,51.474,5.2334,46.601,8.0316,7.0396,5.545
7.5818,4.7712,16.133,32.275,29.732,33.182,56.865,16.0042,32.987,61.269,5.8683,21.8152,38.812,11.243,51.617,5.2282,46.674,8.0434,7.0403,5.5758
7.6415,4.7676,16.166,32.322,29.754,33.27,56.868,15.7532,33.106,61.103,5.8955,21.9592,38.872,11.2922,51.755,5.2225,46.748,8.056,7.041,5.609
7.634,4.7719,16.258,32.334,29.774,33.361,56.862,15.4881,33.23,60.937,5.9251,22.1023,38.932,11.3396,51.879,5.2201,46.821,8.069,7.0415,5.6438
7.6005,4.7794,16.3,32.339,29.809,33.454,56.736,15.2268,33.358,60.785,5.9592,22.2858,38.996,11.387,52.002,5.2201,46.894,8.0825,7.0424,5.6803
7.6446,4.7845,16.361,32.406,29.925,33.551,56.622,14.9952,33.486,60.661,6.0002,22.461,39.068,11.4358,52.125,5.2218,46.966,8.0958,7.0438,5.7158
7.6868,4.7984,16.486,32.478,30.021,33.65,56.593,14.8172,33.614,60.59,6.0469,22.6169,39.147,11.4886,52.246,5.2249,47.038,8.1083,7.0457,5.7489
7.6771,4.8153,16.554,32.492,29.989,33.753,56.633,14.722,33.743,60.584,6.0971,22.7447,39.231,11.5484,52.373,5.2294,47.109,8.1195,7.0479,5.7802
7.6831,4.8124,16.621,32.476,30.068,33.861,56.675,14.7263,33.873,60.653,6.147,22.8757,39.321,11.6183,52.501,5.2365,47.179,8.1294,7.0507,5.811
7.6978,4.8328,16.657,32.527,30.119,33.974,56.79,14.838,34.01,60.806,6.1918,23.0192,39.419,11.698,52.639,5.2457,47.247,8.1389,7.0536,5.8451
7.7145,4.8514,16.679,32.575,30.13,34.094,57.031,15.0601,34.154,61.038,6.2306,23.1334,39.521,11.7861,52.776,5.2592,47.312,8.1491,7.0564,5.8816
7.7215,4.8443,16.728,32.607,30.184,34.218,57.318,15.4041,34.306,61.331,6.2647,23.2489,39.628,11.8801,52.908,5.2774,47.375,8.1604,7.0595,5.9185
7.7208,4.8387,16.768,32.618,30.257,34.344,57.69,15.8845,34.467,61.674,6.2979,23.3706,39.738,11.976,53.048,5.2995,47.435,8.1732,7.0626,5.9538
7.7371,4.8564,16.775,32.617,30.351,34.47,58.156,16.4846,34.634,62.051,6.3334,23.4701,39.849,12.0701,53.185,5.3246,47.493,8.1874,7.0659,5.985
7.7493,4.8574,16.795,32.662,30.389,34.592,58.626,17.1679,34.807,62.449,6.3711,23.5845,39.957,12.1602,53.313,5.3525,47.553,8.2026,7.069,6.0132
7.7639,4.8504,16.878,32.723,30.413,34.711,59.024,17.8905,34.98,62.844,6.4108,23.7093,40.063,12.2474,53.437,5.3821,47.616,8.218,7.072,6.0421
7.7964,4.861,16.97,32.745,30.461,34.826,59.396,18.5941,35.152,63.22,6.4523,23.8125,40.17,12.3325,53.558,5.4112,47.686,8.2338,7.0749,6.075
7.801,4.8584,17.005,32.754,30.503,34.938,59.765,19.2248,35.317,63.574,6.4933,23.9293,40.275,12.4155,53.681,5.4378,47.764,8.25,7.0775,6.1125
7.8056,4.8782,17.021,32.769,30.54,35.048,60.102,19.7488,35.473,63.89,6.5333,24.0188,40.375,12.498,53.806,5.4619,47.85,8.2665,7.0796,6.1506
7.7967,4.89,17.085,32.817,30.596,35.159,60.355,20.1636,35.617,64.153,6.5733,24.1386,40.476,12.5802,53.942,5.4832,47.943,8.2824,7.0813,6.1859
7.78,4.887,17.063,32.867,30.721,35.269,60.576,20.4778,35.751,64.367,6.6166,24.2518,40.579,12.6605,54.088,5.5017,48.041,8.2973,7.0825,6.2152
7.8152,4.939,17.111,32.89,30.804,35.379,60.81,20.6951,35.876,64.535,6.6647,24.3328,40.679,12.7378,54.222,5.518,48.142,8.3106,7.0836,6.2368
7.8684,4.9884,17.156,32.944,30.845,35.486,60.93,20.8367,35.998,64.666,6.7168,24.4347,40.777,12.8124,54.343,5.5325,48.246,8.3224,7.0851,6.2536
7.8579,4.9828,17.253,32.968,30.917,35.588,61.016,20.9254,36.119,64.766,6.7722,24.5462,40.881,12.8856,54.462,5.5441,48.354,8.3338,7.0872,6.2733
7.84,4.9886,17.317,32.983,30.984,35.686,61.21,20.9769,36.242,64.848,6.8281,24.6468,40.989,12.9584,54.581,5.5524,48.468,8.3461,7.0905,6.3005
7.8782,5.0217,17.357,33.043,31.003,35.778,61.351,20.9989,36.366,64.924,6.8802,24.7425,41.091,13.0318,54.696,5.5593,48.587,8.3605,7.095,6.3353
7.9067,5.036,17.475,33.138,31.037,35.865,61.35,21.0003,36.489,64.982,6.924,24.8434,41.188,13.1082,54.811,5.5666,48.712,8.3771,7.1004,6.3744
7.9228,5.0168,17.548,33.166,31.125,35.948,61.368,20.9881,36.61,65.014,6.9584,24.962,41.286,13.1867,54.941,5.5758,48.842,8.3954,7.1061,6.4139
7.8996,5.0192,17.615,33.175,31.208,36.028,61.456,20.9548,36.727,65.022,6.9884,25.1041,41.386,13.2659,55.066,5.5874,48.975,8.4138,7.1118,6.452
7.8782,5.04,17.588,33.19,31.264,36.109,61.588,20.8939,36.84,65.007,7.0218,25.2102,41.484,13.3449,55.183,5.6012,49.111,8.4321,7.1166,6.4878
7.901,5.0442,17.544,33.219,31.285,36.19,61.606,20.8068,36.949,64.97,7.0635,25.299,41.586,13.424,55.297,5.614,49.249,8.4496,7.1203,6.5224
7.9345,5.0587,17.593,33.246,31.328,36.274,61.573,20.6939,37.055,64.918,7.1156,25.3985,41.697,13.5037,55.41,5.6225,49.388,8.4666,7.1227,6.5598
7.9685,5.0843,17.681,33.234,31.405,36.358,61.631,20.5589,37.158,64.857,7.1774,25.5202,41.812,13.5857,55.537,5.6263,49.528,8.4844,7.1239,6.6003
7.965,5.1377,17.778,33.273,31.483,36.441,61.682,20.4056,37.259,64.793,7.2428,25.6531,41.926,13.6724,55.677,5.6275,49.668,8.5033,7.1244,6.6424
7.9638,5.1541,17.877,33.323,31.561,36.52,61.686,20.2376,37.355,64.726,7.3032,25.7592,42.04,13.7642,55.821,5.6282,49.808,8.5237,7.1248,6.6848
7.9985,5.133,17.848,33.375,31.65,36.592,61.646,20.054,37.449,64.659,7.3517,25.8752,42.157,13.8573,55.972,5.6301,49.947,8.5446,7.1256,6.7258
7.9889,5.1647,17.902,33.423,31.702,36.655,61.669,19.8495,37.54,64.601,7.3903,25.9908,42.279,13.9484,56.124,5.6341,50.086,8.5649,7.127,6.7656
8.0018,5.1972,18.007,33.438,31.736,36.709,61.678,19.6308,37.63,64.548,7.4246,26.1011,42.401,14.036,56.266,5.6398,50.223,8.5839,7.1296,6.8075
8.0121,5.193,18.04,33.443,31.808,36.754,61.64,19.409,37.717,64.486,7.4604,26.189,42.526,14.1212,56.383,5.6462,50.36,8.6009,7.1336,6.8546
8.0182,5.2226,18.098,33.481,31.882,36.791,61.629,19.1913,37.799,64.401,7.5009,26.3145,42.65,14.2049,56.489,5.6514,50.495,8.6161,7.1393,6.9067
8.0444,5.2558,18.119,33.532,31.944,36.82,61.613,18.9814,37.875,64.294,7.5485,26.4509,42.768,14.2899,56.605,5.654,50.628,8.63,7.1462,6.9614
8.0592,5.2521,18.113,33.529,32.027,36.844,61.575,18.7767,37.942,64.166,7.6018,26.5561,42.879,14.3777,56.734,5.6545,50.761,8.644,7.1544,7.0161
8.0826,5.2554,18.186,33.549,32.111,36.862,61.521,18.5639,38.0,64.025,7.6546,26.7005,42.982,14.4665,56.864,5.6554,50.896,8.6592,7.1637,7.0711
8.0556,5.2696,18.303,33.61,32.157,36.876,61.435,18.3307,38.05,63.89,7.7041,26.7929,43.084,14.5516,56.997,5.6563,51.032,8.6765,7.1732,7.1248
8.0615,5.2802,18.332,33.686,32.213,36.886,61.363,18.0728,38.095,63.781,7.7519,26.8968,43.188,14.6313,57.129,5.6559,51.17,8.6961,7.1821,7.1784
8.1143,5.3011,18.273,33.71,32.268,36.895,61.306,17.8029,38.139,63.694,7.8012,27.0015,43.296,14.709,57.253,5.6547,51.309,8.7184,7.1904,7.235
8.1208,5.3154,18.316,33.7,32.28,36.904,61.234,17.5378,38.185,63.617,7.8549,27.0915,43.409,14.7887,57.369,5.6552,51.448,8.7421,7.1978,7.2963
8.1176,5.3314,18.494,33.722,32.34,36.917,61.204,17.2856,38.235,63.535,7.9137,27.203,43.527,14.8735,57.493,5.6566,51.583,8.7655,7.2035,7.36
8.1441,5.351,18.555,33.776,32.427,36.934,61.143,17.0461,38.289,63.434,7.979,27.3314,43.648,14.9636,57.618,5.6561,51.714,8.7873,7.2084,7.4223
8.1639,5.3655,18.413,33.809,32.521,36.956,61.044,16.8104,38.348,63.299,8.0491,27.4353,43.769,15.0564,57.744,5.6549,51.839,8.806,7.2127,7.4791
8.1764,5.3943,18.383,33.83,32.594,36.983,60.959,16.5657,38.413,63.128,8.1183,27.5258,43.884,15.1455,57.873,5.6552,51.96,8.8221,7.2167,7.5307
8.1733,5.4063,18.569,33.868,32.574,37.016,60.836,16.3075,38.48,62.937,8.1829,27.6004,43.995,15.2247,58.004,5.6556,52.08,8.8365,7.2217,7.5783
8.1675,5.4005,18.727,33.892,32.647,37.053,60.706,16.0424,38.548,62.737,8.2414,27.7077,44.1,15.2957,58.13,5.6545,52.2,8.8508,7.2274,7.6245
8.159,5.4208,18.766,33.907,32.79,37.096,60.611,15.7862,38.616,62.55,8.2928,27.8057,44.196,15.3648,58.253,5.6516,52.325,8.8654,7.2342,7.6709
8.1635,5.4276,18.773,33.951,32.862,37.143,60.513,15.5479,38.681,62.385,8.3376,27.9248,44.289,15.4397,58.37,5.649,52.453,8.882,7.2421,7.719
8.174,5.4335,18.802,34.019,32.876,37.195,60.442,15.3356,38.743,62.233,8.3766,28.0212,44.384,15.525,58.484,5.6455,52.583,8.8993,7.2501,7.7676
8.2127,5.4595,18.835,34.047,32.903,37.25,60.35,15.15,38.799,62.079,8.415,28.1103,44.484,15.6213,58.597,5.64,52.713,8.9171,7.2582,7.8154
8.2306,5.4971,18.861,34.06,32.957,37.306,60.252,14.9756,38.849,61.917,8.4565,28.2081,44.591,15.7252,58.714,5.6341,52.838,8.9339,7.2653,7.8604
8.216,5.5172,18.928,34.074,33.023,37.361,60.179,14.7938,38.89,61.745,8.5024,28.2808,44.699,15.8266,58.833,5.6289,52.957,8.9497,7.2714,7.9025
8.2216,5.5114,18.925,34.124,33.112,37.413,60.006,14.5933,38.921,61.565,8.555,28.3691,44.807,15.9197,58.956,5.6251,53.069,8.9651,7.2766,7.9459
8.246,5.4996,18.905,34.168,33.189,37.459,59.834,14.3732,38.94,61.378,8.6165,28.466,44.911,16.0032,59.08,5.622,53.175,8.9808,7.2811,7.9916
8.2521,5.519,19.013,34.225,33.226,37.497,59.734,14.1355,38.951,61.193,8.6864,28.5373,45.008,16.0786,59.197,5.6182,53.279,8.9978,7.2852,8.0378
8.2657,5.534,19.039,34.276,33.265,37.527,59.638,13.8791,38.958,61.002,8.7617,28.632,45.1,16.1489,59.301,5.6135,53.382,9.0165,7.2892,8.083
8.2568,5.5415,19.144,34.293,33.318,37.552,59.524,13.6181,38.962,60.791,8.8375,28.7504,45.186,16.2166,59.398,5.608,53.484,9.0359,7.2935,8.1263
8.2572,5.5636,19.228,34.311,33.331,37.571,59.305,13.3615,38.967,60.555,8.9102,28.8427,45.27,16.2844,59.506,5.6009,53.584,9.0554,7.2984,8.1668
8.295,5.5748,19.198,34.303,33.383,37.588,59.082,13.1075,38.972,60.302,8.9758,28.9098,45.353,16.3508,59.625,5.5924,53.683,9.0734,7.3039,8.2026
8.2964,5.5734,19.203,34.338,33.459,37.602,58.854,12.8531,38.974,60.033,9.0314,28.9732,45.433,16.4142,59.744,5.5834,53.78,9.0899,7.3098,8.2343
8.3041,5.6149,19.232,34.394,33.524,37.613,58.604,12.5996,38.971,59.754,9.0788,29.0668,45.513,16.4764,59.866,5.5758,53.874,9.1051,7.3155,8.2663
8.3486,5.6226,19.271,34.414,33.582,37.621,58.389,12.3447,38.96,59.468,9.1231,29.1674,45.595,16.5399,59.994,5.5687,53.964,9.1205,7.3205,8.3006
8.3634,5.6008,19.366,34.468,33.596,37.624,58.128,12.0815,38.941,59.173,9.1719,29.2827,45.678,16.6042,60.122,5.56,54.048,9.1375,7.3249,8.3352
8.3426,5.6078,19.466,34.498,33.613,37.62,57.889,11.8004,38.913,58.857,9.2318,29.3808,45.758,16.6695,60.247,5.55,54.124,9.1567,7.328,8.3695
8.3421,5.6267,19.456,34.533,33.681,37.607,57.67,11.5059,38.877,58.519,9.3062,29.4514,45.835,16.7339,60.361,5.5394,54.188,9.1773,7.3302,8.4044
8.3576,5.6517,19.473,34.569,33.716,37.581,57.393,11.2039,38.828,58.156,9.3933,29.5347,45.91,16.7956,60.478,5.5278,54.24,9.1984,7.3311,8.4387
8.3623,5.6613,19.527,34.59,33.724,37.538,56.999,10.8989,38.759,57.779,9.4852,29.6278,45.981,16.8519,60.602,5.5152,54.28,9.2178,7.3316,8.4721
8.3634,5.6592,19.541,34.632,33.777,37.469,56.615,10.5979,38.654,57.397,9.5723,29.7282,46.048,16.9025,60.715,5.5029,54.311,9.2342,7.3321,8.5057
8.3512,5.6686,19.613,34.661,33.874,37.36,56.343,10.307,38.493,57.017,9.6493,29.8255,46.111,16.9518,60.831,5.4913,54.337,9.2472,7.333,8.5415
8.3418,5.6632,19.657,34.639,33.918,37.197,56.009,10.0232,38.245,56.645,9.713,29.8989,46.168,17.0011,60.951,5.4783,54.361,9.2576,7.3351,8.5796
8.3683,5.6787,19.677,34.71,33.918,36.963,55.619,9.7409,37.885,56.267,9.767,29.9705,46.215,17.0478,61.072,5.4629,54.384,9.2668,7.3387,8.6194
8.4082,5.6953,19.727,34.788,33.978,36.65,55.285,9.4552,37.392,55.866,9.8179,30.0766,46.247,17.088,61.191,5.4453,54.407,9.2765,7.3437,8.6615
8.4103,5.7164,19.747,34.786,34.04,36.258,54.924,9.1683,36.765,55.428,9.8729,30.1966,46.261,17.1162,61.302,5.4259,54.428,9.2877,7.3496,8.7056
8.4255,5.7356,19.712,34.801,34.075,35.801,54.474,8.8862,36.023,54.941,9.9354,30.293,46.255,17.1278,61.414,5.4039,54.448,9.3007,7.3562,8.7513
8.4379,5.7229,19.803,34.835,34.137,35.307,53.969,8.6104,35.211,54.41,10.005,30.383,46.228,17.1205,61.527,5.3814,54.468,9.3161,7.3626,8.7982
8.4363,5.7119,19.871,34.853,34.202,34.81,53.447,8.3465,34.389,53.847,10.082,30.4777,46.184,17.0983,61.627,5.3587,54.489,9.3339,7.3678,8.8455
8.4454,5.7345,19.938,34.9,34.253,34.349,52.882,8.0998,33.621,53.266,10.1658,30.5691,46.134,17.0703,61.738,5.3357,54.513,9.3538,7.3721,8.891
8.427,5.7605,19.983,34.919,34.282,33.954,52.325,7.8666,32.965,52.673,10.2541,30.6811,46.09,17.0446,61.864,5.3106,54.54,9.376,7.3747,8.9346
8.4239,5.7886,19.941,34.931,34.298,33.647,51.824,7.634,32.459,52.058,10.3413,30.782,46.053,17.0246,61.995,5.2827,54.571,9.3997,7.3763,8.9779
8.4602,5.7759,19.952,34.974,34.33,33.433,51.282,7.39,32.115,51.42,10.4213,30.8734,46.019,17.0112,62.125,5.2521,54.605,9.4234,7.3773,9.0241
8.4808,5.7675,20.047,35.0,34.339,33.305,50.689,7.1322,31.923,50.756,10.4886,30.962,45.986,17.0016,62.251,5.2178,54.642,9.4459,7.3785,9.0729
8.4862,5.7813,20.085,35.012,34.379,33.244,50.075,6.8612,31.851,50.045,10.5411,31.0612,45.945,16.9904,62.378,5.178,54.683,9.4653,7.3801,9.1264
8.4764,5.7862,20.056,35.085,34.425,33.226,49.364,6.5765,31.86,49.27,10.5826,31.1313,45.885,16.9698,62.493,5.1356,54.727,9.4814,7.383,9.1858
8.4374,5.8026,20.116,35.118,34.442,33.223,48.541,6.2877,31.907,48.416,10.6226,31.1867,45.803,16.9346,62.591,5.0906,54.778,9.4944,7.387,9.2491
8.4546,5.8134,20.208,35.117,34.498,33.207,47.658,6.0058,31.953,47.463,10.6728,31.2578,45.7,16.881,62.693,5.0423,54.834,9.5053,7.3917,9.3116
8.4797,5.813,20.257,35.184,34.54,33.151,46.728,5.735,31.965,46.383,10.7386,31.3355,45.564,16.8021,62.805,4.9881,54.892,9.5153,7.3972,9.3717
8.4731,5.8186,20.286,35.241,34.594,33.025,45.638,5.468,31.913,45.139,10.818,31.415,45.38,16.6879,62.916,4.9267,54.947,9.5257,7.4029,9.4283
8.4727,5.8338,20.298,35.239,34.649,32.796,44.385,5.1943,31.769,43.695,10.9028,31.4731,45.128,16.5257,63.023,4.8571,54.997,9.5363,7.4081,9.4812
8.493,5.8335,20.289,35.239,34.668,32.427,42.953,4.9141,31.498,41.987,10.9842,31.5268,44.779,16.2992,63.123,4.7752,55.037,9.5468,7.4126,9.5285
8.49,5.8359,20.274,35.259,34.658,31.879,41.215,4.6208,31.059,39.926,11.0576,31.5597,44.289,15.9924,63.219,4.6757,55.067,9.5565,7.4166,9.5728
8.4778,5.842,20.357,35.249,34.71,31.128,39.146,4.3086,30.415,37.452,11.123,31.6163,43.604,15.595,63.309,4.5563,55.087,9.5655,7.4194,9.615
8.4916,5.868,20.462,35.265,34.781,30.167,36.708,3.9872,29.54,34.565,11.186,31.6862,42.678,15.1095,63.4,4.4142,55.103,9.5745,7.4218,9.6543
8.5057,5.8701,20.508,35.329,34.814,29.022,33.787,3.6717,28.436,31.357,11.2535,31.7118,41.492,14.5556,63.502,4.2494,55.117,9.5842,7.4237,9.6884
8.5099,5.8542,20.468,35.354,34.837,27.755,30.304,3.3831,27.147,28.022,11.3262,31.7291,40.08,13.9693,63.606,4.0664,55.134,9.5955,7.4254,9.7161
8.5188,5.8413,20.444,35.332,34.89,26.459,26.501,3.1377,25.76,24.817,11.4005,31.7835,38.54,13.3977,63.709,3.875,55.158,9.609,7.4273,9.7398
8.5251,5.8413,20.559,35.383,34.943,25.243,22.9,2.9445,24.395,22.014,11.4706,31.8588,37.023,12.8904,63.816,3.6905,55.19,9.6242,7.4296,9.7606
8.5122,5.8301,20.665,35.427,34.997,24.212,19.954,2.8137,23.182,19.829,11.5317,31.8709,35.694,12.4871,63.914,3.5283,55.234,9.6394,7.4325,9.78
8.5202,5.8034,20.638,35.451,35.039,23.445,17.975,2.7405,22.234,18.361,11.581,31.8917,34.686,12.2102,64.001,3.4014,55.292,9.6536,7.4363,9.8028
8.5134,5.8057,20.665,35.459,35.078,22.982,16.971,2.7096,21.622,17.586,11.6187,31.9654,34.067,12.0619,64.088,3.3157,55.364,9.6656,7.4408,9.8333
8.4956,5.8088,20.693,35.495,35.098,22.817,16.651,2.706,21.361,17.394,11.6525,31.9938,33.826,12.0256,64.176,3.2709,55.452,9.6765,7.4457,9.8738
8.4748,5.7874,20.685,35.545,35.135,22.909,16.714,2.7127,21.414,17.627,11.6899,32.0308,33.893,12.0739,64.267,3.2617,55.552,9.6867,7.4512,9.9231
8.4925,5.7888,20.813,35.577,35.176,23.188,17.098,2.7232,21.707,18.12,11.7356,32.0705,34.167,12.1765,64.357,3.2775,55.661,9.6981,7.4566,9.9804
8.466,5.8096,20.895,35.594,35.222,23.579,17.718,2.734,22.149,18.724,11.7918,32.071,34.547,12.306,64.449,3.3069,55.772,9.7111,7.4623,10.046
8.4454,5.7963,20.9,35.599,35.267,24.011,18.45,2.7415,22.653,19.333,11.8578,32.0488,34.946,12.4399,64.537,3.3393,55.879,9.7256,7.468,10.114
8.4438,5.7682,20.881,35.628,35.331,24.43,19.094,2.7531,23.151,19.883,11.9301,32.0514,35.307,12.5619,64.615,3.3692,55.977,9.7405,7.4739,10.181
8.4398,5.7888,20.927,35.644,35.382,24.8,19.593,2.778,23.597,20.329,12.0006,32.0781,35.602,12.6641,64.681,3.3924,56.063,9.754,7.4805,10.245
8.442,5.7947,20.998,35.653,35.398,25.105,19.986,2.8108,23.969,20.65,12.0632,32.0504,35.82,12.7435,64.742,3.4066,56.137,9.7651,7.4881,10.307
8.4173,5.7675,21.015,35.692,35.414,25.34,20.278,2.8391,24.258,20.859,12.1164,32.0369,35.971,12.8026,64.798,3.4135,56.205,9.7739,7.4966,10.365
8.3749,5.7467,21.045,35.74,35.498,25.515,20.492,2.8524,24.47,20.99,12.1614,32.0398,36.073,12.8462,64.849,3.4158,56.273,9.781,7.5059,10.418
8.3678,5.719,21.104,35.734,35.53,25.642,20.6,2.8512,24.615,21.079,12.2008,32.0478,36.151,12.8806,64.901,3.4163,56.347,9.7876,7.5156,10.471
8.3857,5.6993,21.092,35.751,35.533,25.735,20.618,2.8359,24.709,21.158,12.2408,32.0798,36.227,12.9122,64.965,3.4163,56.431,9.7954,7.5253,10.523
8.3868,5.726,21.108,35.768,35.566,25.807,20.69,2.8134,24.769,21.257,12.2912,32.1245,36.314,12.9433,65.05,3.4175,56.529,9.8056,7.5345,10.576
8.3477,5.7295,21.163,35.808,35.605,25.869,20.822,2.7964,24.811,21.384,12.3587,32.1477,36.417,12.9756,65.153,3.4218,56.641,9.8179,7.5423,10.633
8.3184,5.6808,21.232,35.847,35.666,25.93,20.979,2.7974,24.849,21.53,12.4435,32.2105,36.538,13.0122,65.26,3.4281,56.763,9.8319,7.5487,10.694
8.3285,5.6871,21.204,35.88,35.733,25.992,21.157,2.816,24.893,21.689,12.5422,32.295,36.669,13.0558,65.36,3.4362,56.89,9.8468,7.5532,10.758
8.3397,5.7368,21.139,35.923,35.766,26.059,21.346,2.8426,24.945,21.851,12.6481,32.3374,36.806,13.1087,65.45,3.4469,57.017,9.8617,7.5563,10.823
8.3463,5.7647,21.192,35.947,35.804,26.129,21.478,2.8699,25.003,22.009,12.7499,32.3846,36.941,13.1714,65.524,3.4596,57.138,9.8752,7.5582,10.888
8.3571,5.7581,21.281,35.926,35.849,26.202,21.622,2.8864,25.061,22.148,12.8368,32.4613,37.065,13.2415,65.583,3.4731,57.25,9.8871,7.5596,10.95
8.3545,5.7496,21.281,35.91,35.856,26.276,21.792,2.884,25.115,22.267,12.9053,32.5001,37.178,13.314,65.637,3.4852,57.348,9.897,7.5615,11.008
8.3384,5.7382,21.296,35.966,35.9,26.349,21.901,2.8733,25.162,22.372,12.9602,32.511,37.278,13.3824,65.691,3.4949,57.433,9.9055,7.5644,11.063
8.3384,5.7616,21.34,36.046,35.916,26.42,22.033,2.862,25.203,22.463,13.0104,32.5293,37.367,13.4431,65.743,3.5016,57.509,9.9133,7.5693,11.117
8.3194,5.7574,21.364,36.074,35.937,26.489,22.189,2.8502,25.244,22.551,13.0654,32.5458,37.448,13.4953,65.788,3.5044,57.579,9.9212,7.576,11.171
8.2992,5.7171,21.363,36.072,35.986,26.555,22.301,2.8434,25.288,22.651,13.1321,32.5323,37.527,13.541,65.815,3.5042,57.643,9.9292,7.5845,11.226
8.281,5.7031,21.329,36.05,35.99,26.619,22.412,2.8459,25.337,22.769,13.2122,32.5544,37.609,13.5851,65.826,3.503,57.704,9.9382,7.5942,11.28
8.2582,5.681,21.347,36.046,36.004,26.681,22.542,2.862,25.389,22.891,13.2993,32.5321,37.691,13.6322,65.837,3.5025,57.763,9.9474,7.6042,11.333
8.2382,5.6247,21.396,36.066,36.058,26.74,22.658,2.8799,25.441,23.006,13.3844,32.5072,37.769,13.6836,65.851,3.5042,57.82,9.9579,7.6136,11.382
8.2319,5.6072,21.388,36.101,36.11,26.794,22.782,2.89,25.486,23.114,13.4608,32.5506,37.844,13.7376,65.871,3.5072,57.882,9.9692,7.6217,11.423
8.2073,5.6083,21.42,36.153,36.155,26.842,22.862,2.8979,25.52,23.205,13.5267,32.5785,37.914,13.7915,65.907,3.512,57.956,9.9823,7.6283,11.46
8.1743,5.588,21.524,36.168,36.195,26.881,22.94,2.8983,25.538,23.272,13.5852,32.6451,37.983,13.8415,65.982,3.5181,58.049,9.9969,7.633,11.496
8.182,5.5636,21.551,36.218,36.24,26.905,22.969,2.8847,25.539,23.319,13.6458,32.7047,38.054,13.8834,66.104,3.5248,58.168,10.013,7.6364,11.534
8.1849,5.5476,21.586,36.272,36.336,26.912,22.993,2.8658,25.523,23.349,13.7178,32.7954,38.127,13.9152,66.248,3.5295,58.313,10.0296,7.6387,11.576
8.1787,5.5617,21.618,36.275,36.398,26.896,22.997,2.8515,25.487,23.367,13.8047,32.9307,38.195,13.9401,66.406,3.5328,58.481,10.0445,7.6409,11.625
8.1836,5.5922,21.638,36.289,36.453,26.854,22.999,2.8505,25.428,23.364,13.9035,33.0455,38.25,13.9607,66.592,3.5361,58.666,10.0569,7.6432,11.677
8.2071,5.6473,21.706,36.341,36.472,26.783,23.034,2.8589,25.34,23.343,14.0072,33.1687,38.284,13.9776,66.786,3.5399,58.859,10.0651,7.6456,11.73
8.2413,5.7077,21.754,36.393,36.488,26.681,23.024,2.8668,25.217,23.311,14.1092,33.2783,38.292,13.9918,66.96,3.5432,59.051,10.0692,7.648,11.778
8.2813,5.7883,21.767,36.455,36.532,26.549,22.988,2.8739,25.054,23.263,14.2037,33.3583,38.279,14.0037,67.104,3.5468,59.237,10.0701,7.6506,11.824
8.322,5.888,21.809,36.448,36.592,26.39,22.969,2.8716,24.85,23.202,14.2899,33.4166,38.252,14.0112,67.239,3.5511,59.412,10.0694,7.6527,11.866
8.3498,5.9576,21.854,36.453,36.629,26.212,22.925,2.8615,24.611,23.132,14.3719,33.4822,38.218,14.0109,67.375,3.5551,59.574,10.0696,7.6548,11.906
8.3737,6.0143,21.897,36.497,36.65,26.022,22.861,2.851,24.347,23.059,14.4545,33.5478,38.176,14.0022,67.493,3.5572,59.725,10.0715,7.6572,11.945
8.4131,6.0454,21.895,36.571,36.707,25.831,22.8,2.8397,24.073,22.99,14.5374,33.6252,38.123,13.9865,67.611,3.5584,59.867,10.0758,7.6598,11.984
8.4114,6.0876,21.893,36.631,36.772,25.648,22.706,2.8328,23.806,22.913,14.6172,33.6771,38.058,13.964,67.743,3.5589,60.001,10.082,7.6634,12.026
8.4281,6.1322,21.962,36.623,36.762,25.48,22.572,2.8263,23.562,22.808,14.693,33.7297,37.98,13.9358,67.876,3.5579,60.131,10.0893,7.6679,12.066
8.4316,6.1779,22.007,36.65,36.784,25.327,22.45,2.8177,23.351,22.66,14.7657,33.7768,37.89,13.9049,67.992,3.5548,60.261,10.0974,7.6738,12.108
8.426,6.2288,22.031,36.681,36.837,25.177,22.31,2.8087,23.171,22.45,14.8382,33.8535,37.791,13.8736,68.094,3.5501,60.39,10.1056,7.6802,12.151
8.4462,6.2634,22.079,36.731,36.876,25.01,22.111,2.7936,23.009,22.154,14.9163,33.9447,37.672,13.8384,68.199,3.5442,60.52,10.1144,7.687,12.195
8.4499,6.2792,22.133,36.797,36.936,24.793,21.82,2.7787,22.834,21.735,15.0054,34.011,37.508,13.7912,68.306,3.5352,60.646,10.1243,7.6934,12.24
8.4618,6.3229,22.122,36.804,36.975,24.493,21.452,2.7684,22.604,21.158,15.1072,34.052,37.254,13.7183,68.404,3.521,60.767,10.1352,7.6986,12.284
8.4849,6.3613,22.105,36.755,36.964,24.081,20.918,2.7622,22.274,20.393,15.2159,34.0939,36.863,13.6049,68.498,3.4985,60.88,10.1464,7.7027,12.323
8.4958,6.3977,22.124,36.754,36.978,23.545,20.145,2.7574,21.814,19.417,15.3227,34.1443,36.294,13.4405,68.579,3.4637,60.985,10.157,7.7053,12.356
8.5036,6.4361,22.148,36.772,37.0,22.896,19.081,2.7431,21.214,18.24,15.4207,34.1943,35.537,13.2262,68.646,3.4139,61.081,10.1665,7.7065,12.379
8.5141,6.4577,22.156,36.827,37.112,22.174,17.656,2.7199,20.503,16.944,15.5076,34.1976,34.627,12.9769,68.711,3.35,61.169,10.1743,7.7069,12.392
8.5345,6.4664,22.213,36.871,37.15,21.441,15.958,2.6907,19.741,15.659,15.5839,34.1832,33.647,12.7203,68.777,3.2766,61.25,10.1802,7.7067,12.397
8.5451,6.442,22.2,36.863,37.13,20.771,14.341,2.6565,19.012,14.512,15.6542,34.1974,32.71,12.4869,68.843,3.2017,61.324,10.1852,7.7065,12.399
8.5385,6.4533,22.156,36.923,37.171,20.231,13.143,2.6271,18.401,13.623,15.7234,34.2,31.928,12.3036,68.906,3.1345,61.392,10.1904,7.706,12.406
8.5247,6.4533,22.17,36.955,37.218,19.872,12.4,2.6143,17.977,13.057,15.794,34.2073,31.382,12.1866,68.965,3.0826,61.453,10.1959,7.7057,12.424
8.508,6.4322,22.204,36.98,37.236,19.717,12.055,2.6193,17.777,12.821,15.8655,34.1889,31.112,12.1395,69.023,3.0516,61.51,10.2008,7.7057,12.453
8.5092,6.4188,22.302,37.025,37.264,19.762,12.038,2.6306,17.805,12.873,15.9356,34.1432,31.105,12.1564,69.07,3.0419,61.564,10.2042,7.7062,12.495
8.5233,6.4205,22.329,37.015,37.294,19.983,12.303,2.6369,18.033,13.135,16.0019,34.1159,31.31,12.2241,69.114,3.0514,61.615,10.2051,7.7074,12.546
8.5127,6.4249,22.337,37.015,37.328,20.344,12.691,2.6378,18.42,13.538,16.0644,34.0913,31.66,12.3272,69.156,3.0748,61.663,10.2027,7.7093,12.599
8.5062,6.4455,22.386,37.019,37.368,20.805,13.111,2.6361,18.92,14.021,16.1257,34.043,32.096,12.45,69.185,3.107,61.705,10.1985,7.7126,12.655
8.5116,6.4621,22.336,37.061,37.41,21.335,13.606,2.6376,19.495,14.545,16.1887,33.9833,32.571,12.5799,69.198,3.1425,61.739,10.194,7.7169,12.712
8.5122,6.4683,22.296,37.076,37.44,21.909,14.172,2.6485,20.118,15.095,16.2529,33.8952,33.058,12.7083,69.201,3.1788,61.763,10.1918,7.7221,12.772
8.5029,6.4865,22.351,37.102,37.472,22.51,14.763,2.6708,20.772,15.66,16.3152,33.8047,33.544,12.8306,69.205,3.2145,61.781,10.1942,7.7282,12.834
8.4947,6.4873,22.404,37.133,37.492,23.125,15.376,2.6976,21.443,16.24,16.3725,33.7041,34.025,12.9469,69.214,3.2486,61.801,10.2013,7.7342,12.897
8.4731,6.4329,22.407,37.144,37.494,23.75,16.005,2.722,22.124,16.837,16.4215,33.63,34.503,13.0604,69.224,3.2823,61.832,10.2122,7.7399,12.963
8.4639,6.3956,22.436,37.184,37.534,24.382,16.633,2.7357,22.81,17.443,16.462,33.5492,34.981,13.1752,69.253,3.3164,61.888,10.2252,7.7444,13.031
8.4391,6.3921,22.506,37.248,37.636,25.026,17.218,2.7383,23.504,18.054,16.5009,33.4462,35.461,13.296,69.319,3.3517,61.975,10.2383,7.7474,13.101
8.4351,6.3933,22.455,37.291,37.683,25.695,17.793,2.7388,24.217,18.68,16.5511,33.3984,35.954,13.4287,69.419,3.3877,62.095,10.2494,7.7493,13.173
8.4488,6.4218,22.481,37.281,37.724,26.409,18.477,2.745,24.972,19.356,16.6221,33.3856,36.479,13.5826,69.55,3.4255,62.241,10.2577,7.75,13.249
8.4891,6.4797,22.531,37.294,37.73,27.192,19.293,2.7606,25.804,20.141,16.7159,33.3884,37.065,13.7707,69.703,3.4675,62.404,10.2634,7.75,13.328
8.5231,6.5803,22.554,37.313,37.736,28.068,20.176,2.7843,26.747,21.096,16.8284,33.3718,37.748,14.009,69.857,3.517,62.573,10.2662,7.7496,13.408
8.5483,6.7242,22.597,37.336,37.747,29.055,21.242,2.8242,27.834,22.277,16.9491,33.3742,38.559,14.3138,70.008,3.5788,62.739,10.2669,7.7491,13.49
8.5898,6.8772,22.609,37.399,37.749,30.154,22.648,2.8884,29.076,23.719,17.0652,33.4031,39.518,14.698,70.146,3.6612,62.898,10.2657,7.7486,13.576
8.5966,6.9849,22.594,37.429,37.746,31.356,24.453,2.9727,30.465,25.416,17.1673,33.4221,40.614,15.1653,70.261,3.7692,63.044,10.2636,7.7484,13.668
8.607,7.0329,22.603,37.444,37.775,32.632,26.675,3.0795,31.961,27.325,17.2537,33.4194,41.812,15.7072,70.365,3.9049,63.178,10.2617,7.7484,13.764
8.6496,7.0976,22.65,37.464,37.841,33.944,29.223,3.2132,33.511,29.377,17.3295,33.4164,43.058,16.3047,70.456,4.0671,63.301,10.261,7.7486,13.862
8.6721,7.1724,22.674,37.53,37.883,35.245,31.849,3.3762,35.048,31.49,17.3972,33.4273,44.294,16.9316,70.539,4.2497,63.414,10.2622,7.7488,13.962
8.6674,7.2155,22.665,37.589,37.901,36.494,34.362,3.5651,36.511,33.588,17.4597,33.4052,45.466,17.5615,70.61,4.4427,63.519,10.2655,7.7496,14.062
8.6698,7.2546,22.66,37.613,37.925,37.658,36.76,3.7748,37.852,35.609,17.5206,33.3569,46.54,18.1723,70.668,4.6354,63.618,10.2705,7.7507,14.159
8.6878,7.2553,22.657,37.634,37.961,38.714,38.961,4.0057,39.042,37.513,17.581,33.3527,47.502,18.7497,70.734,4.8209,63.714,10.2757,7.7524,14.253
8.6885,7.2652,22.744,37.623,38.016,39.655,40.908,4.2578,40.074,39.282,17.6428,33.3176,48.353,19.2865,70.803,4.9956,63.808,10.2806,7.7552,14.345
8.6824,7.3221,22.812,37.658,38.026,40.485,42.654,4.5217,40.954,40.909,17.7107,33.2281,49.101,19.783,70.87,5.156,63.9,10.2847,7.7586,14.435
8.6571,7.3641,22.765,37.75,38.042,41.217,44.205,4.7895,41.704,42.399,17.7889,33.1646,49.759,20.2421,70.927,5.3023,63.989,10.2878,7.7626,14.52
8.6564,7.3987,22.747,37.747,38.1,41.87,45.572,5.0591,42.35,43.771,17.8786,33.1149,50.347,20.6675,70.981,5.4363,64.077,10.2899,7.7668,14.598
8.689,7.4268,22.803,37.731,38.136,42.46,46.805,5.3321,42.92,45.039,17.9746,33.0439,50.878,21.0627,71.039,5.5576,64.163,10.2911,7.7711,14.671
8.6909,7.4527,22.843,37.791,38.155,43.001,47.9,5.602,43.437,46.21,18.0712,32.9515,51.363,21.4307,71.09,5.6651,64.247,10.2908,7.7749,14.742
8.6707,7.481,22.816,37.845,38.161,43.499,48.83,5.8591,43.916,47.283,18.1619,32.8831,51.812,21.7717,71.131,5.7591,64.328,10.2892,7.7777,14.811
8.6885,7.4967,22.843,37.846,38.193,43.952,49.581,6.093,44.362,48.246,18.24,32.839,52.22,22.0813,71.168,5.8399,64.405,10.2863,7.7794,14.877
8.6911,7.5274,22.874,37.86,38.224,44.357,50.199,6.2937,44.769,49.072,18.3044,32.7381,52.581,22.3514,71.208,5.9062,64.478,10.283,7.7801,14.944
8.6875,7.5513,22.851,37.897,38.22,44.708,50.707,6.4406,45.125,49.723,18.357,32.6311,52.885,22.5744,71.257,5.9543,64.547,10.2809,7.7799,15.013
8.6888,7.5712,22.899,37.933,38.251,45.002,51.048,6.5143,45.425,50.187,18.4006,32.5444,53.125,22.7452,71.296,5.9822,64.613,10.2809,7.7789,15.08
8.6784,7.6038,22.955,37.974,38.286,45.249,51.174,6.52,45.668,50.498,18.4397,32.475,53.312,22.8682,71.332,5.9905,64.676,10.284,7.7777,15.143
8.6782,7.6052,22.948,37.967,38.331,45.465,51.155,6.4853,45.872,50.724,18.4799,32.4002,53.468,22.9608,71.366,5.9848,64.738,10.2899,7.7763,15.206
8.6864,7.601,22.96,37.972,38.364,45.674,51.037,6.453,46.066,50.963,18.5256,32.3135,53.624,23.051,71.393,5.9765,64.798,10.2977,7.7756,15.267
8.6833,7.6348,22.957,38.023,38.364,45.899,51.028,6.4812,46.283,51.331,18.5789,32.2001,53.809,23.1696,71.417,5.9813,64.855,10.3057,7.7751,15.33
8.6906,7.6451,22.969,38.052,38.393,46.159,51.313,6.6198,46.549,51.916,18.6402,32.0959,54.044,23.3403,71.449,6.0139,64.91,10.3124,7.7754,15.393
8.692,7.6662,23.03,38.066,38.41,46.463,52.048,6.8939,46.88,52.747,18.7111,32.0255,54.333,23.5728,71.487,6.0826,64.964,10.3174,7.7761,15.455
8.6812,7.698,23.077,38.086,38.413,46.806,53.224,7.2947,47.269,53.778,18.788,31.9583,54.665,23.8613,71.529,6.1856,65.016,10.3202,7.7777,15.519
8.6838,7.728,23.079,38.136,38.461,47.174,54.539,7.7952,47.699,54.925,18.8655,31.8941,55.017,24.1843,71.571,6.3137,65.066,10.3216,7.7801,15.582
8.6838,7.751,23.058,38.164,38.514,47.547,55.8,8.363,48.139,56.092,18.9408,31.811,55.367,24.5162,71.612,6.453,65.114,10.3226,7.783,15.644
8.6885,7.7714,23.07,38.18,38.514,47.906,56.984,8.9616,48.564,57.195,19.0139,31.7182,55.7,24.8349,71.65,6.5908,65.162,10.3235,7.7865,15.705
8.6974,7.7925,23.107,38.188,38.516,48.236,58.053,9.5615,48.954,58.185,19.0829,31.663,56.001,25.1275,71.687,6.7185,65.212,10.3247,7.7901,15.768
8.6724,7.811,23.085,38.226,38.577,48.528,58.989,10.1491,49.3,59.059,19.1466,31.6071,56.27,25.3886,71.725,6.8324,65.264,10.3261,7.7936,15.831
8.661,7.8215,23.038,38.233,38.59,48.785,59.815,10.7118,49.601,59.833,19.2074,31.545,56.51,25.6196,71.762,6.9323,65.319,10.328,7.7969,15.893
8.6789,7.8459,23.07,38.244,38.606,49.009,60.525,11.237,49.864,60.53,19.268,31.506,56.724,25.8263,71.799,7.0209,65.376,10.3304,7.7995,15.952
8.6979,7.8733,23.146,38.292,38.635,49.209,61.142,11.7202,50.097,61.157,19.3287,31.4671,56.92,26.0142,71.833,7.1002,65.432,10.3335,7.8014,16.009
8.7218,7.8924,23.172,38.324,38.651,49.393,61.736,12.1698,50.304,61.723,19.3895,31.4098,57.1,26.1862,71.871,7.1724,65.486,10.337,7.8028,16.061
8.7051,7.9073,23.133,38.359,38.68,49.57,62.235,12.5926,50.491,62.231,19.4528,31.3606,57.268,26.3439,71.911,7.2378,65.536,10.3408,7.8038,16.111
8.6798,7.9179,23.145,38.373,38.689,49.743,62.684,12.9852,50.661,62.681,19.5195,31.3163,57.426,26.4889,71.949,7.2975,65.584,10.3441,7.805,16.158
8.6913,7.935,23.249,38.386,38.71,49.917,63.064,13.3412,50.814,63.075,19.5882,31.2926,57.572,26.6229,71.991,7.3529,65.631,10.3458,7.8062,16.205
8.687,7.9483,23.295,38.384,38.744,50.09,63.479,13.6683,50.955,63.422,19.6588,31.2777,57.71,26.7456,72.04,7.4036,65.677,10.3455,7.8078,16.252
8.673,7.9722,23.266,38.394,38.751,50.261,63.89,13.963,51.086,63.737,19.731,31.2417,57.841,26.8569,72.092,7.4498,65.722,10.3439,7.8102,16.299
8.662,8.0013,23.262,38.439,38.785,50.428,64.166,14.2281,51.208,64.031,19.8032,31.2152,57.967,26.9578,72.141,7.4924,65.765,10.3415,7.8126,16.346
8.6787,8.0067,23.235,38.489,38.806,50.589,64.404,14.4705,51.323,64.306,19.8745,31.1924,58.087,27.0521,72.182,7.5324,65.805,10.3384,7.8152,16.394
8.6979,8.0386,23.242,38.495,38.839,50.741,64.656,14.6985,51.433,64.566,19.9437,31.1699,58.203,27.1435,72.221,7.5701,65.843,10.3354,7.8175,16.441
8.6829,8.0519,23.246,38.505,38.842,50.883,64.921,14.9186,51.536,64.811,20.0105,31.15,58.317,27.2356,72.261,7.6049,65.881,10.3325,7.8199,16.491
8.6704,8.0629,23.24,38.522,38.882,51.016,65.154,15.1261,51.631,65.039,20.0723,31.1209,58.425,27.3323,72.301,7.6366,65.921,10.3297,7.822,16.542
8.6569,8.0906,23.204,38.542,38.902,51.14,65.403,15.3192,51.719,65.249,20.1296,31.0861,58.529,27.4364,72.349,7.6662,65.963,10.3271,7.8242,16.594
8.6582,8.1161,23.214,38.583,38.914,51.255,65.618,15.5079,51.8,65.446,20.1852,31.0747,58.628,27.5445,72.402,7.6946,66.007,10.3249,7.8268,16.646
8.6691,8.1278,23.309,38.631,38.922,51.363,65.785,15.6878,51.878,65.639,20.2418,31.0444,58.724,27.6505,72.452,7.7226,66.052,10.323,7.8296,16.695
8.655,8.119,23.383,38.654,38.946,51.465,65.893,15.8594,51.956,65.836,20.2989,31.0165,58.818,27.7486,72.487,7.7505,66.097,10.3214,7.8327,16.742
8.6493,8.1293,23.39,38.622,38.992,51.563,66.043,16.0248,52.035,66.033,20.3588,30.9776,58.908,27.8344,72.514,7.7785,66.142,10.3192,7.8358,16.789
8.6662,8.1769,23.381,38.633,39.055,51.658,66.228,16.1853,52.116,66.22,20.4213,30.9397,58.995,27.9058,72.542,7.8057,66.186,10.3164,7.8384,16.836
8.6582,8.1924,23.39,38.682,39.06,51.75,66.402,16.3441,52.197,66.388,20.4815,30.8817,59.082,27.9632,72.571,7.8303,66.23,10.3138,7.84,16.886
8.6559,8.1898,23.383,38.711,39.07,51.84,66.593,16.4975,52.273,66.531,20.535,30.8078,59.168,28.0091,72.602,7.8523,66.275,10.3114,7.8407,16.937
8.6644,8.2005,23.394,38.726,39.074,51.927,66.734,16.6487,52.342,66.648,20.5802,30.7332,59.253,28.0496,72.633,7.8722,66.317,10.3107,7.8403,16.988
8.6604,8.2235,23.374,38.758,39.088,52.01,66.867,16.8064,52.403,66.753,20.6179,30.6648,59.337,28.0866,72.655,7.8916,66.357,10.311,7.8388,17.037
8.6602,8.2553,23.415,38.774,39.114,52.089,67.018,16.9666,52.454,66.854,20.6477,30.5675,59.418,28.1199,72.674,7.912,66.392,10.3121,7.8372,17.083
8.6594,8.2847,23.471,38.828,39.14,52.162,67.136,17.1234,52.499,66.961,20.6707,30.4285,59.497,28.1457,72.686,7.9336,66.424,10.3129,7.8355,17.129
8.6484,8.2842,23.429,38.841,39.186,52.23,67.225,17.27,52.541,67.076,20.6911,30.2719,59.57,28.1608,72.691,7.9556,66.454,10.3121,7.8346,17.174
8.6397,8.3074,23.422,38.831,39.194,52.293,67.333,17.4002,52.582,67.191,20.7095,30.1469,59.637,28.162,72.688,7.9779,66.485,10.3088,7.8346,17.219
8.6602,8.3363,23.425,38.846,39.201,52.351,67.445,17.5096,52.625,67.295,20.7221,29.9913,59.702,28.1448,72.681,7.9996,66.518,10.3034,7.8358,17.266
8.673,8.341,23.458,38.858,39.233,52.405,67.543,17.5916,52.671,67.378,20.7254,29.7831,59.764,28.1063,72.669,8.0202,66.553,10.296,7.8381,17.314
8.6548,8.3604,23.476,38.878,39.228,52.454,67.636,17.6507,52.717,67.445,20.7171,29.5781,59.819,28.0462,72.645,8.0401,66.593,10.2882,7.8417,17.361
8.648,8.3803,23.49,38.912,39.231,52.496,67.696,17.6955,52.76,67.497,20.6941,29.3877,59.86,27.9658,72.607,8.0588,66.636,10.2802,7.8459,17.408
8.6407,8.3833,23.496,38.959,39.234,52.53,67.761,17.7347,52.796,67.534,20.6537,29.166,59.884,27.8651,72.57,8.0764,66.679,10.2728,7.8509,17.453
8.6475,8.3749,23.504,38.975,39.253,52.552,67.837,17.7747,52.818,67.561,20.5966,28.8951,59.885,27.7445,72.536,8.0922,66.719,10.2664,7.8559,17.496
8.6486,8.3939,23.525,38.982,39.295,52.56,67.859,17.8125,52.819,67.586,20.5298,28.6007,59.862,27.6067,72.49,8.1069,66.752,10.2605,7.8604,17.533
8.647,8.4349,23.548,38.973,39.335,52.554,67.844,17.8409,52.799,67.603,20.4599,28.3336,59.821,27.4567,72.436,8.1199,66.774,10.2548,7.8642,17.563
8.6543,8.4691,23.557,39.013,39.345,52.537,67.845,17.855,52.759,67.602,20.3901,28.061,59.774,27.2983,72.384,8.1313,66.787,10.2492,7.8668,17.59
8.6392,8.4924,23.572,39.056,39.362,52.515,67.821,17.8467,52.704,67.582,20.3247,27.7662,59.731,27.1363,72.326,8.142,66.798,10.2432,7.868,17.614
8.6086,8.5213,23.594,39.062,39.391,52.494,67.812,17.811,52.646,67.543,20.2667,27.4654,59.699,26.9769,72.257,8.1519,66.814,10.2368,7.8677,17.636
8.6067,8.5298,23.623,39.069,39.421,52.48,67.773,17.7517,52.594,67.484,20.2141,27.2028,59.681,26.8272,72.187,8.1614,66.836,10.2295,7.8661,17.662
8.6226,8.538,23.631,39.096,39.447,52.477,67.689,17.6772,52.556,67.404,20.1646,26.97,59.677,26.6913,72.117,8.1701,66.868,10.2217,7.8632,17.69
8.6036,8.5478,23.59,39.122,39.442,52.482,67.653,17.5899,52.534,67.317,20.1154,26.7275,59.684,26.5693,72.043,8.1775,66.906,10.2146,7.8599,17.72
8.61,8.5716,23.597,39.16,39.433,52.493,67.601,17.4885,52.526,67.235,20.0649,26.4762,59.705,26.4594,71.97,8.1829,66.948,10.2082,7.8564,17.75
8.6428,8.6008,23.594,39.167,39.473,52.504,67.516,17.3744,52.523,67.151,20.0112,26.2285,59.742,26.3599,71.901,8.1851,66.99,10.2037,7.8528,17.781
8.6322,8.5966,23.619,39.151,39.487,52.512,67.429,17.2495,52.519,67.061,19.9503,26.019,59.796,26.2662,71.842,8.1836,67.031,10.2008,7.85,17.813
8.5952,8.6013,23.694,39.166,39.474,52.516,67.298,17.1112,52.505,66.961,19.8804,25.8376,59.86,26.1754,71.782,8.1782,67.07,10.1999,7.8478,17.843
8.6137,8.6125,23.676,39.224,39.485,52.517,67.165,16.9628,52.479,66.848,19.8025,25.6604,59.929,26.0874,71.724,8.1699,67.11,10.2001,7.8467,17.873
8.629,8.6454,23.669,39.253,39.538,52.519,67.049,16.8114,52.44,66.719,19.7189,25.4875,59.993,26.0024,71.678,8.1597,67.148,10.2013,7.8464,17.905
8.6114,8.6719,23.66,39.254,39.588,52.522,66.896,16.6537,52.389,66.567,19.6368,25.3118,60.04,25.9206,71.63,8.1488,67.185,10.2027,7.8469,17.938
8.6031,8.6843,23.682,39.27,39.583,52.527,66.709,16.4764,52.327,66.393,19.5652,25.1302,60.065,25.8384,71.58,8.1372,67.221,10.2039,7.8483,17.97
8.5753,8.6896,23.729,39.288,39.566,52.53,66.52,16.2753,52.257,66.193,19.5113,24.9758,60.07,25.7522,71.535,8.1242,67.257,10.2037,7.8497,18.001
8.5935,8.6939,23.67,39.282,39.572,52.525,66.327,16.0508,52.174,65.957,19.4779,24.8541,60.063,25.6603,71.49,8.109,67.293,10.202,7.8516,18.032
8.607,8.714,23.599,39.3,39.61,52.505,66.095,15.7922,52.074,65.678,19.4648,24.7349,60.044,25.5604,71.46,8.0908,67.329,10.1987,7.8533,18.063
8.5763,8.7169,23.651,39.292,39.633,52.46,65.807,15.4883,51.95,65.356,19.4663,24.6426,60.01,25.4536,71.441,8.0671,67.364,10.1949,7.8545,18.092
8.565,8.7262,23.628,39.331,39.625,52.383,65.459,15.1429,51.794,64.996,19.4743,24.5798,59.964,25.3431,71.432,8.0368,67.397,10.1914,7.8557,18.122
8.5792,8.7618,23.613,39.363,39.635,52.269,65.1,14.7631,51.597,64.613,19.4831,24.5178,59.914,25.2347,71.442,8.0003,67.429,10.1892,7.8566,18.153
8.5865,8.807,23.651,39.378,39.652,52.113,64.682,14.3574,51.35,64.218,19.4911,24.4638,59.865,25.1349,71.463,7.9584,67.458,10.189,7.858,18.186
8.5807,8.82,23.684,39.424,39.685,51.913,64.259,13.9504,51.05,63.828,19.5006,24.437,59.825,25.0505,71.483,7.9134,67.487,10.1911,7.8602,18.218
8.5662,8.8192,23.743,39.457,39.685,51.671,63.826,13.5796,50.695,63.456,19.5174,24.438,59.804,24.988,71.506,7.8677,67.515,10.1952,7.8632,18.249
8.5737,8.8355,23.732,39.478,39.702,51.389,63.465,13.2707,50.285,63.109,19.5496,24.5012,59.804,24.9507,71.533,7.8253,67.543,10.2013,7.8673,18.278
8.5788,8.8399,23.736,39.486,39.736,51.07,63.157,13.0216,49.825,62.787,19.6053,24.5898,59.815,24.9363,71.577,7.7889,67.57,10.2087,7.872,18.307
8.5582,8.8488,23.763,39.477,39.763,50.718,62.836,12.8187,49.321,62.486,19.6879,24.6935,59.819,24.9385,71.625,7.7581,67.595,10.2174,7.8772,18.335
8.5563,8.8914,23.732,39.471,39.79,50.339,62.565,12.6364,48.777,62.194,19.7957,24.7904,59.81,24.9474,71.677,7.7306,67.618,10.2269,7.8822,18.363
8.5553,8.9002,23.746,39.485,39.821,49.935,62.324,12.4386,48.201,61.897,19.9226,24.8725,59.783,24.9526,71.738,7.7024,67.639,10.2359,7.8864,18.392
8.5423,8.8964,23.777,39.532,39.818,49.509,62.026,12.1971,47.599,61.572,20.0569,24.9796,59.741,24.9449,71.806,7.6695,67.659,10.2439,7.8898,18.421
8.5399,8.9168,23.764,39.527,39.807,49.063,61.598,11.9047,46.977,61.198,20.1852,25.0977,59.68,24.9198,71.879,7.6278,67.678,10.2501,7.8919,18.45
8.5579,8.9184,23.79,39.5,39.827,48.596,61.105,11.5683,46.34,60.751,20.2989,25.228,59.604,24.876,71.949,7.5755,67.696,10.2548,7.8928,18.475
8.5568,8.9348,23.834,39.544,39.843,48.108,60.564,11.1965,45.69,60.214,20.3958,25.3625,59.51,24.8138,72.016,7.513,67.713,10.2584,7.8931,18.497
8.5331,8.9524,23.809,39.585,39.857,47.594,59.922,10.7936,45.027,59.583,20.4803,25.5171,59.394,24.7339,72.092,7.4419,67.728,10.2617,7.8931,18.517
8.5139,8.967,23.822,39.594,39.867,47.045,59.213,10.3677,44.34,58.855,20.5608,25.6633,59.244,24.6348,72.164,7.3636,67.743,10.2657,7.8933,18.535
8.5231,8.9888,23.85,39.606,39.871,46.449,58.419,9.9127,43.62,58.013,20.648,25.7708,59.053,24.5072,72.233,7.2755,67.758,10.2702,7.8938,18.55
8.5428,8.9927,23.809,39.6,39.913,45.79,57.526,9.4098,42.847,57.022,20.7493,25.8868,58.807,24.3322,72.307,7.1734,67.775,10.2757,7.895,18.563
8.5519,8.9859,23.767,39.631,39.924,45.049,56.502,8.8449,42.004,55.824,20.8628,26.0277,58.485,24.0853,72.385,7.0495,67.793,10.2814,7.8966,18.574
8.5507,8.995,23.834,39.675,39.923,44.212,55.246,8.2092,41.075,54.353,20.979,26.149,58.057,23.742,72.454,6.8956,67.81,10.2863,7.8985,18.58
8.5498,9.0026,23.887,39.686,39.931,43.273,53.704,7.5117,40.053,52.563,21.0877,26.2174,57.496,23.2847,72.51,6.7054,67.826,10.2904,7.9004,18.58
8.5186,9.0199,23.867,39.696,39.944,42.236,51.757,6.7782,38.943,50.454,21.1801,26.2854,56.79,22.7117,72.552,6.4776,67.839,10.293,7.9025,18.573
8.4914,9.0391,23.852,39.712,39.951,41.122,49.404,6.0443,37.765,48.087,21.2521,26.3427,55.94,22.0416,72.591,6.2167,67.847,10.2939,7.9044,18.559
8.5052,9.0236,23.843,39.697,39.966,39.966,46.781,5.3608,36.555,45.571,21.3049,26.3948,54.969,21.3099,72.624,5.9351,67.853,10.2937,7.9063,18.536
8.505,9.0138,23.869,39.718,39.994,38.816,44.112,4.7651,35.362,43.037,21.3459,26.4433,53.919,20.5589,72.653,5.65,67.858,10.292,7.9085,18.504
8.4738,9.0091,23.869,39.745,40.012,37.718,41.548,4.2765,34.242,40.604,21.3852,26.4552,52.843,19.8299,72.677,5.3776,67.866,10.2896,7.9106,18.465
8.4951,8.9922,23.861,39.759,40.017,36.716,39.175,3.9042,33.244,38.352,21.4264,26.4455,51.783,19.1537,72.691,5.1299,67.875,10.2875,7.913,18.422
8.5085,8.9995,23.916,39.793,40.012,35.836,37.06,3.6362,32.404,36.314,21.4674,26.4118,50.768,18.5448,72.693,4.9139,67.887,10.2859,7.9158,18.377
8.4888,8.999,23.915,39.814,40.017,35.083,35.148,3.4522,31.731,34.485,21.5036,26.3735,49.813,18.0039,72.692,4.7304,67.9,10.2849,7.9186,18.334
8.4883,8.9937,23.879,39.835,40.042,34.444,33.411,3.3291,31.211,32.834,21.5294,26.3216,48.916,17.5197,72.68,4.5741,67.912,10.2849,7.9215,18.292
8.4898,8.9782,23.903,39.829,40.038,33.886,31.845,3.24,30.804,31.32,21.5401,26.2309,48.062,17.0775,72.666,4.4386,67.921,10.2849,7.9239,18.253
8.4637,8.9555,23.904,39.836,40.046,33.37,30.394,3.1699,30.458,29.902,21.5322,26.1265,47.229,16.6625,72.652,4.3198,67.929,10.284,7.9255,18.215
8.4633,8.954,23.876,39.89,40.052,32.861,29.009,3.105,30.122,28.548,21.5069,26.0611,46.398,16.263,72.631,4.2132,67.936,10.2814,7.9262,18.177
8.4691,8.962,23.882,39.89,40.075,32.335,27.685,3.0378,29.756,27.24,21.4695,25.9886,45.557,15.8752,72.604,4.1137,67.942,10.2764,7.9258,18.139
8.4642,8.961,23.908,39.845,40.097,31.78,26.391,2.9723,29.34,25.98,21.4266,25.901,44.704,15.5008,72.57,4.0192,67.947,10.2695,7.9243,18.1
8.4417,8.9751,24.0,39.879,40.116,31.205,25.111,2.9081,28.875,24.786,21.3838,25.7748,43.854,15.1462,72.535,3.93,67.953,10.2617,7.9222,18.061
8.4494,8.9652,23.993,39.91,40.091,30.625,23.871,2.8489,28.375,23.69,21.3473,25.6744,43.037,14.8222,72.505,3.8461,67.957,10.2546,7.9198,18.022
8.4605,8.9262,23.917,39.903,40.075,30.062,22.747,2.8027,27.865,22.722,21.3241,25.5889,42.292,14.5385,72.479,3.7706,67.961,10.2494,7.9175,17.987
8.4433,8.9031,23.905,39.911,40.098,29.533,21.806,2.7684,27.364,21.907,21.3167,25.52,41.648,14.3025,72.459,3.7071,67.964,10.2468,7.9158,17.957
8.4257,8.9051,23.891,39.934,40.117,29.046,21.101,2.744,26.884,21.252,21.3212,25.4667,41.119,14.1157,72.438,3.6588,67.968,10.2468,7.9149,17.934
8.4218,8.9044,23.922,39.932,40.118,28.601,20.603,2.729,26.429,20.744,21.3317,25.3914,40.703,13.9748,72.424,3.6247,67.971,10.2484,7.9151,17.917
8.4319,8.9217,23.962,39.933,40.127,28.193,20.232,2.7244,25.992,20.358,21.3433,25.3291,40.382,13.8724,72.419,3.6013,67.975,10.2503,7.9163,17.907
8.4307,8.9196,23.933,39.924,40.156,27.811,19.941,2.7287,25.566,20.062,21.3544,25.3009,40.128,13.7977,72.417,3.5852,67.979,10.251,7.9182,17.901
8.4202,8.8948,23.899,39.933,40.151,27.451,19.72,2.7335,25.148,19.832,21.3655,25.2969,39.915,13.742,72.423,3.5738,67.982,10.2501,7.9208,17.899
8.4192,8.9083,23.931,39.956,40.129,27.108,19.533,2.7359,24.739,19.647,21.3802,25.3147,39.729,13.6979,72.433,3.5629,67.985,10.247,7.9236,17.899
8.4283,8.9205,23.985,39.972,40.151,26.785,19.341,2.7347,24.349,19.491,21.4048,25.3457,39.568,13.6618,72.442,3.552,67.987,10.2425,7.9265,17.901
8.3984,8.9093,23.97,40.022,40.173,26.49,19.166,2.722,23.99,19.354,21.4446,25.3748,39.43,13.6331,72.455,3.5411,67.989,10.2378,7.9293,17.906
8.3724,8.9208,23.936,40.056,40.156,26.226,19.033,2.6952,23.672,19.234,21.5024,25.4077,39.315,13.6106,72.476,3.5304,67.991,10.2342,7.9321,17.911
8.4164,8.9257,23.975,40.033,40.155,25.995,18.932,2.6622,23.4,19.129,21.5777,25.4816,39.222,13.5949,72.509,3.5203,67.993,10.2323,7.9345,17.918
8.4223,8.9163,23.982,40.034,40.185,25.798,18.837,2.6369,23.173,19.035,21.6713,25.578,39.147,13.5852,72.554,3.5106,67.996,10.2328,7.9366,17.925
8.3976,8.9339,23.979,40.058,40.182,25.63,18.76,2.6273,22.983,18.945,21.7821,25.6765,39.081,13.5807,72.61,3.5027,67.999,10.2357,7.9381,17.932
8.3958,8.9524,23.998,40.046,40.19,25.485,18.69,2.6314,22.822,18.861,21.9052,25.7845,39.015,13.5793,72.676,3.4968,67.999,10.2402,7.9392,17.938
8.389,8.9545,24.0,40.063,40.194,25.356,18.649,2.6493,22.681,18.785,22.0341,25.9121,38.945,13.5783,72.744,3.4914,67.997,10.2456,7.9397,17.943
8.3735,8.947,23.997,40.067,40.194,25.237,18.589,2.6716,22.554,18.707,22.1634,26.0564,38.869,13.5754,72.813,3.4862,67.992,10.251,7.9392,17.945
8.3693,8.9548,23.999,40.085,40.232,25.122,18.446,2.6852,22.435,18.618,22.2891,26.2013,38.785,13.5688,72.886,3.4807,67.986,10.2555,7.9385,17.946
8.3657,8.9768,23.967,40.099,40.23,25.003,18.309,2.6862,22.317,18.522,22.4106,26.3616,38.694,13.5577,72.959,3.475,67.979,10.2584,7.9374,17.943
8.3628,8.9676,23.964,40.111,40.216,24.871,18.213,2.6754,22.19,18.419,22.5271,26.5085,38.597,13.5439,73.025,3.4684,67.972,10.2591,7.9362,17.939
8.3512,8.9559,23.97,40.104,40.229,24.715,18.1,2.6596,22.039,18.305,22.6384,26.6337,38.494,13.5288,73.089,3.4615,67.964,10.2579,7.9352,17.933
8.3442,8.9735,23.992,40.102,40.262,24.527,17.97,2.6431,21.852,18.175,22.7426,26.7618,38.386,13.5142,73.155,3.4544,67.954,10.2555,7.9345,17.927
8.355,8.9724,24.013,40.127,40.256,24.299,17.848,2.6271,21.616,18.037,22.8352,26.8954,38.269,13.4991,73.217,3.4464,67.943,10.2529,7.9343,17.92
8.3435,8.9676,23.983,40.123,40.231,24.027,17.699,2.6206,21.325,17.898,22.9138,27.0112,38.139,13.4822,73.271,3.4369,67.929,10.2513,7.9348,17.911
8.3147,8.9681,23.99,40.11,40.22,23.715,17.547,2.6235,20.984,17.756,22.9794,27.1149,37.996,13.4594,73.323,3.427,67.913,10.2513,7.9359,17.9
8.2999,8.9761,23.999,40.13,40.222,23.371,17.408,2.628,20.603,17.604,23.0344,27.2042,37.835,13.4281,73.364,3.4168,67.896,10.2525,7.9376,17.886
8.3163,8.9854,23.992,40.145,40.242,23.007,17.252,2.6366,20.202,17.432,23.081,27.2551,37.65,13.3879,73.391,3.4068,67.879,10.2541,7.94,17.868
8.332,8.9862,23.975,40.178,40.256,22.64,17.089,2.6467,19.799,17.221,23.1206,27.2899,37.43,13.3393,73.406,3.3959,67.862,10.2553,7.9426,17.848
8.3351,8.9808,23.969,40.201,40.299,22.282,16.878,2.6434,19.414,16.965,23.1509,27.3368,37.176,13.2845,73.414,3.3832,67.844,10.2555,7.9454,17.825
8.3327,8.9631,23.984,40.202,40.281,21.942,16.603,2.6213,19.061,16.676,23.166,27.3281,36.898,13.2254,73.412,3.368,67.825,10.2539,7.948,17.801
8.299,8.9486,23.988,40.182,40.258,21.616,16.273,2.5856,18.742,16.376,23.1625,27.2902,36.618,13.162,73.392,3.3514,67.804,10.251,7.9501,17.778
8.2763,8.9381,23.962,40.188,40.297,21.288,15.892,2.5486,18.446,16.076,23.1426,27.2521,36.338,13.09,73.362,3.3346,67.78,10.2473,7.952,17.757
8.2896,8.9384,23.928,40.179,40.308,20.927,15.536,2.5161,18.147,15.753,23.1101,27.2182,36.038,13.0,73.333,3.3176,67.755,10.2428,7.953,17.735
8.2943,8.9465,23.989,40.178,40.296,20.497,15.293,2.4905,17.804,15.356,23.0682,27.1263,35.662,12.8785,73.302,3.2984,67.73,10.238,7.9535,17.709
8.2737,8.9592,24.018,40.2,40.279,19.963,15.123,2.4868,17.376,14.811,23.0192,26.9961,35.134,12.711,73.263,3.273,67.706,10.2328,7.9532,17.672
8.2709,8.9667,23.991,40.223,40.283,19.304,14.707,2.5005,16.83,14.054,22.9636,26.8701,34.376,12.4885,73.218,3.2361,67.68,10.2271,7.9527,17.618
8.2657,8.9243,24.008,40.249,40.286,18.517,13.702,2.5089,16.155,13.088,22.9003,26.737,33.357,12.2127,73.162,3.1833,67.654,10.2207,7.952,17.538
8.2678,8.8574,23.958,40.26,40.279,17.628,12.283,2.5067,15.368,11.977,22.8262,26.5774,32.116,11.8968,73.088,3.1151,67.625,10.2129,7.9513,17.431
8.2629,8.7972,23.968,40.238,40.268,16.68,10.916,2.4933,14.506,10.811,22.7402,26.3962,30.741,11.563,73.0,3.0369,67.592,10.2037,7.9509,17.303
8.2418,8.747,23.968,40.207,40.258,15.726,9.7568,2.4626,13.627,9.6862,22.6424,26.207,29.345,11.2365,72.903,2.9571,67.556,10.1935,7.9509,17.163
8.2436,8.7101,23.947,40.238,40.263,14.823,8.6966,2.4177,12.787,8.6788,22.5318,26.0367,28.023,10.9389,72.806,2.8828,67.517,10.1826,7.9511,17.02
8.2511,8.6548,23.975,40.247,40.268,14.014,7.7979,2.3701,12.032,7.8343,22.4061,25.8537,26.848,10.6831,72.709,2.8195,67.478,10.1715,7.9516,16.882
8.2369,8.5741,23.971,40.225,40.271,13.327,7.0905,2.3342,11.392,7.1623,22.2642,25.6576,25.855,10.4718,72.607,2.7703,67.44,10.1615,7.9523,16.758
8.2319,8.5184,23.932,40.223,40.269,12.775,6.5394,2.3141,10.881,6.651,22.1098,25.4428,25.046,10.3022,72.508,2.7333,67.404,10.153,7.953,16.649
8.2268,8.5117,23.96,40.219,40.263,12.357,6.1432,2.3081,10.496,6.2841,21.9516,25.2339,24.4,10.1685,72.404,2.7056,67.371,10.1459,7.9535,16.551
8.2169,8.5012,23.954,40.232,40.264,12.065,5.8453,2.3174,10.23,6.0329,21.8003,25.0473,23.897,10.0634,72.296,2.6843,67.341,10.1395,7.9539,16.463
8.2062,8.4733,23.934,40.261,40.247,11.892,5.6156,2.3333,10.074,5.8647,21.6665,24.8837,23.518,9.9808,72.197,2.6682,67.314,10.1329,7.9539,16.384
8.1994,8.4452,23.939,40.249,40.21,11.834,5.4522,2.3378,10.023,5.7558,21.555,24.7105,23.249,9.9167,72.102,2.6573,67.289,10.1253,7.9535,16.314
8.1945,8.4382,23.941,40.258,40.188,11.892,5.3603,2.3303,10.08,5.7049,21.4647,24.5344,23.092,9.8729,72.01,2.6523,67.266,10.1168,7.9525,16.255
8.1708,8.4251,23.94,40.282,40.202,12.079,5.3347,2.3191,10.253,5.7305,21.3883,24.3655,23.072,9.8523,71.928,2.6545,67.246,10.1073,7.9509,16.21
8.1855,8.4159,23.922,40.264,40.224,12.408,5.3807,2.3103,10.559,5.8633,21.3167,24.203,23.23,9.8598,71.855,2.6651,67.229,10.0976,7.9487,16.185
8.1836,8.4541,23.93,40.265,40.24,12.896,5.5633,2.3167,11.015,6.138,21.2452,24.0524,23.604,9.9029,71.788,2.6857,67.215,10.0884,7.9459,16.185
8.1597,8.4994,23.944,40.286,40.229,13.552,5.9422,2.3436,11.639,6.5764,21.1739,23.9201,24.219,9.9883,71.725,2.7165,67.204,10.0798,7.9428,16.212
8.1829,8.5335,23.929,40.282,40.212,14.379,6.4892,2.3859,12.443,7.1838,21.1062,23.8038,25.079,10.1199,71.666,2.758,67.196,10.0715,7.9397,16.264
8.201,8.5769,23.914,40.258,40.208,15.368,7.1959,2.4354,13.43,7.953,21.0444,23.7019,26.164,10.2978,71.613,2.8098,67.189,10.063,7.9371,16.34
8.1836,8.6556,23.897,40.26,40.226,16.498,8.1015,2.4782,14.59,8.8661,20.9904,23.6094,27.441,10.5189,71.561,2.8733,67.183,10.054,7.9352,16.438
8.1574,8.7468,23.896,40.269,40.212,17.742,9.2117,2.5106,15.897,9.8972,20.9452,23.5374,28.86,10.7778,71.516,2.9498,67.176,10.0448,7.9338,16.552
8.1504,8.8169,23.917,40.256,40.231,19.069,10.522,2.5358,17.316,11.015,20.9082,23.4883,30.366,11.0664,71.486,3.0391,67.17,10.0358,7.9333,16.677
8.1532,8.8924,23.931,40.266,40.246,20.453,12.011,2.5627,18.8,12.191,20.8815,23.4287,31.906,11.3757,71.465,3.1399,67.164,10.0282,7.9333,16.807
8.1483,8.982,23.952,40.274,40.245,21.873,13.707,2.5957,20.308,13.408,20.8682,23.4126,33.435,11.6994,71.453,3.2498,67.158,10.023,7.9336,16.935
8.1295,9.047,23.959,40.291,40.224,23.319,15.458,2.6333,21.802,14.67,20.8718,23.4343,34.924,12.0334,71.451,3.3635,67.152,10.0204,7.934,17.054
8.1063,9.0924,23.931,40.291,40.211,24.788,17.066,2.6701,23.267,15.991,20.8938,23.4225,36.365,12.3787,71.456,3.4746,67.145,10.0199,7.9343,17.163
8.0871,9.1394,23.884,40.265,40.23,26.287,18.504,2.7072,24.703,17.396,20.931,23.4232,37.767,12.7397,71.462,3.5773,67.137,10.0206,7.9348,17.262
8.0873,9.1378,23.909,40.298,40.223,27.824,19.886,2.741,26.129,18.914,20.9767,23.4436,39.154,13.124,71.471,3.6709,67.128,10.0211,7.9352,17.358
8.0829,9.1659,23.931,40.34,40.208,29.407,21.347,2.7727,27.574,20.565,21.025,23.485,40.556,13.5419,71.485,3.7578,67.118,10.0206,7.9359,17.455
8.0812,9.2309,23.923,40.324,40.25,31.036,22.883,2.8134,29.062,22.362,21.0704,23.5267,41.993,14.0054,71.501,3.8457,67.107,10.0187,7.9374,17.558
8.0946,9.2745,23.907,40.296,40.248,32.703,24.511,2.8742,30.61,24.304,21.1102,23.5546,43.473,14.5231,71.512,3.943,67.093,10.0152,7.9392,17.667
8.0766,9.2932,23.871,40.292,40.23,34.387,26.279,2.9591,32.213,26.379,21.1436,23.6032,44.986,15.0971,71.524,4.0593,67.076,10.0104,7.9416,17.78
8.0543,9.3236,23.827,40.292,40.243,36.056,28.306,3.073,33.847,28.549,21.1713,23.6558,46.51,15.7209,71.544,4.2002,67.058,10.005,7.944,17.896
8.0514,9.3516,23.844,40.277,40.251,37.672,30.566,3.2132,35.471,30.749,21.195,23.6792,48.006,16.3788,71.567,4.3662,67.037,9.9991,7.9464,18.009
8.0573,9.3581,23.892,40.266,40.258,39.195,32.896,3.3757,37.034,32.899,21.2142,23.7301,49.426,17.0454,71.582,4.5499,67.014,9.9934,7.948,18.115
8.0548,9.393,23.899,40.262,40.232,40.592,35.132,3.5484,38.488,34.92,21.2272,23.7848,50.721,17.6895,71.593,4.7408,66.99,9.9882,7.9487,18.21
8.0683,9.4439,23.899,40.27,40.248,41.842,37.14,3.7255,39.795,36.746,21.2329,23.79,51.86,18.2841,71.597,4.9262,66.964,9.9842,7.949,18.292
8.0623,9.438,23.908,40.285,40.254,42.939,38.858,3.9049,40.937,38.352,21.2296,23.7836,52.83,18.8109,71.589,5.097,66.937,9.9811,7.9485,18.361
8.0475,9.4457,23.895,40.291,40.239,43.895,40.284,4.0817,41.918,39.751,21.2144,23.7675,53.64,19.2638,71.569,5.2481,66.906,9.9792,7.9478,18.415
8.0433,9.4709,23.883,40.299,40.239,44.729,41.5,4.259,42.759,40.99,21.1853,23.7289,54.32,19.6485,71.545,5.3805,66.872,9.9778,7.9471,18.456
8.0301,9.4767,23.871,40.29,40.203,45.471,42.601,4.4399,43.491,42.125,21.1432,23.688,54.907,19.9801,71.516,5.5,66.837,9.9756,7.9468,18.488
8.0224,9.4732,23.831,40.271,40.187,46.146,43.618,4.622,44.148,43.201,21.0882,23.6283,55.432,20.2746,71.472,5.613,66.8,9.9721,7.9468,18.513
8.0212,9.4837,23.833,40.248,40.218,46.773,44.594,4.8045,44.758,44.253,21.0205,23.5224,55.92,20.5435,71.414,5.7238,66.763,9.9666,7.9473,18.533
8.0098,9.4842,23.858,40.244,40.21,47.366,45.588,4.9895,45.337,45.288,20.9395,23.3804,56.379,20.7917,71.351,5.8351,66.726,9.9591,7.9478,18.551
7.9903,9.4886,23.859,40.269,40.2,47.928,46.554,5.1845,45.892,46.294,20.8443,23.2293,56.81,21.0168,71.27,5.9469,66.689,9.9498,7.9485,18.567
7.9734,9.5029,23.841,40.287,40.188,48.459,47.473,5.3957,46.42,47.258,20.733,23.0606,57.208,21.214,71.17,6.058,66.652,9.9394,7.9485,18.582
7.9859,9.5125,23.856,40.276,40.206,48.957,48.335,5.6223,46.917,48.169,20.6039,22.8714,57.572,21.381,71.062,6.1655,66.614,9.9278,7.9482,18.595
8.0055,9.5065,23.855,40.251,40.218,49.418,49.151,5.8634,47.378,49.022,20.459,22.6744,57.897,21.5169,70.946,6.268,66.574,9.9157,7.9471,18.604
7.999,9.5285,23.788,40.235,40.187,49.843,49.929,6.1121,47.8,49.816,20.3008,22.4437,58.189,21.6238,70.815,6.3647,66.533,9.9027,7.9456,18.608
7.9643,9.5316,23.752,40.243,40.156,50.232,50.667,6.3523,48.185,50.56,20.1324,22.201,58.45,21.7035,70.68,6.4563,66.489,9.8887,7.9433,18.606
7.9556,9.5285,23.804,40.247,40.142,50.592,51.338,6.5817,48.539,51.264,19.955,21.9514,58.686,21.7571,70.543,6.5444,66.445,9.874,7.9407,18.6
7.9709,9.5217,23.789,40.229,40.147,50.925,51.97,6.8054,48.867,51.937,19.7689,21.7072,58.902,21.7856,70.402,6.6304,66.4,9.8594,7.9376,18.59
7.9645,9.5072,23.754,40.208,40.16,51.236,52.621,7.0285,49.178,52.589,19.5719,21.4524,59.102,21.7921,70.249,6.7159,66.356,9.8451,7.9343,18.579
7.9511,9.5149,23.795,40.2,40.142,51.531,53.236,7.2586,49.475,53.227,19.3644,21.1851,59.291,21.7825,70.084,6.8032,66.312,9.8314,7.9307,18.567
7.9355,9.5268,23.81,40.211,40.123,51.813,53.851,7.5047,49.761,53.854,19.1525,20.9352,59.468,21.7664,69.915,6.8925,66.269,9.8177,7.9272,18.555
7.9197,9.5353,23.786,40.234,40.122,52.084,54.476,7.773,50.038,54.474,18.9438,20.6885,59.636,21.7516,69.752,6.9835,66.227,9.8032,7.9236,18.542
7.9125,9.5325,23.81,40.231,40.132,52.345,55.072,8.0649,50.304,55.088,18.7447,20.4265,59.794,21.7423,69.594,7.0753,66.185,9.7883,7.9203,18.528
7.8992,9.5252,23.768,40.197,40.151,52.599,55.705,8.3733,50.559,55.699,18.5576,20.1703,59.942,21.7377,69.447,7.1696,66.142,9.7727,7.9172,18.513
7.8846,9.5369,23.723,40.194,40.143,52.844,56.344,8.6992,50.802,56.305,18.3824,19.9498,60.079,21.7334,69.297,7.2648,66.099,9.757,7.9146,18.496
7.8924,9.5294,23.76,40.218,40.119,53.08,56.959,9.0423,51.033,56.907,18.214,19.7485,60.21,21.7243,69.143,7.3588,66.055,9.7426,7.9125,18.476
7.8935,9.5125,23.746,40.189,40.104,53.306,57.55,9.3935,51.253,57.508,18.0461,19.5387,60.338,21.7064,68.999,7.4519,66.012,9.7298,7.9108,18.453
7.8752,9.5212,23.698,40.152,40.119,53.519,58.119,9.7492,51.462,58.102,17.8772,19.3081,60.461,21.6796,68.86,7.5438,65.967,9.718,7.9096,18.429
7.8452,9.5363,23.667,40.168,40.124,53.718,58.725,10.1076,51.659,58.682,17.7126,19.1056,60.579,21.646,68.723,7.634,65.92,9.7064,7.9089,18.401
7.8452,9.5081,23.663,40.195,40.094,53.903,59.299,10.468,51.844,59.243,17.557,18.932,60.691,21.6083,68.586,7.7204,65.871,9.6941,7.908,18.37
7.8563,9.4943,23.688,40.146,40.092,54.074,59.824,10.8285,52.017,59.779,17.41,18.7475,60.794,21.5685,68.45,7.8028,65.819,9.6801,7.9068,18.336
7.8443,9.5039,23.732,40.133,40.075,54.233,60.343,11.1836,52.179,60.289,17.2712,18.5775,60.886,21.5283,68.318,7.8812,65.767,9.6652,7.9049,18.3
7.8337,9.5067,23.721,40.159,40.07,54.382,60.833,11.5305,52.333,60.765,17.14,18.4101,60.966,21.4887,68.185,7.9539,65.714,9.6502,7.9021,18.263
7.8178,9.4959,23.711,40.139,40.06,54.523,61.303,11.8714,52.482,61.209,17.0121,18.2594,61.038,21.4482,68.054,8.02,65.661,9.6365,7.8985,18.224
7.7986,9.4933,23.69,40.103,40.049,54.658,61.744,12.2035,52.629,61.624,16.8838,18.1211,61.105,21.4052,67.94,8.0794,65.61,9.6247,7.894,18.185
7.8106,9.4908,23.674,40.083,40.018,54.788,62.156,12.5196,52.777,62.012,16.7559,17.9651,61.164,21.3573,67.837,8.1325,65.56,9.6142,7.8893,18.146
7.8192,9.4933,23.681,40.062,40.007,54.912,62.514,12.8122,52.922,62.376,16.6294,17.8055,61.213,21.3025,67.736,8.1787,65.51,9.6041,7.8845,18.104
7.7976,9.487,23.646,40.074,39.998,55.03,62.837,13.0888,53.064,62.715,16.5004,17.6513,61.252,21.2379,67.621,8.2177,65.462,9.5927,7.8805,18.06
7.7592,9.4711,23.617,40.076,40.004,55.141,63.148,13.357,53.198,63.035,16.364,17.472,61.279,21.1608,67.499,8.2504,65.416,9.5794,7.8774,18.014
7.7482,9.4589,23.673,40.082,40.007,55.245,63.452,13.6197,53.32,63.338,16.2188,17.2906,61.294,21.0699,67.365,8.2762,65.372,9.5638,7.8755,17.965
7.7628,9.467,23.66,40.088,39.994,55.343,63.773,13.8797,53.428,63.623,16.0682,17.131,61.297,20.9654,67.216,8.2949,65.329,9.5463,7.8751,17.914
7.7732,9.4649,23.65,40.067,39.971,55.433,64.053,14.1461,53.523,63.895,15.9135,16.9534,61.29,20.8479,67.054,8.3061,65.286,9.5278,7.8758,17.864
7.7524,9.4251,23.652,40.052,39.951,55.517,64.314,14.42,53.607,64.163,15.7587,16.7486,61.278,20.7216,66.889,8.3089,65.243,9.5096,7.877,17.816
7.7447,9.4092,23.592,40.0,39.954,55.594,64.599,14.6861,53.682,64.428,15.6102,16.5314,61.262,20.5941,66.73,8.3028,65.198,9.4925,7.8786,17.769
7.7535,9.402,23.583,40.009,39.958,55.661,64.857,14.9296,53.75,64.691,15.4731,16.3315,61.246,20.4766,66.592,8.2867,65.149,9.4774,7.88,17.721
7.729,9.3727,23.584,40.043,39.91,55.717,65.099,15.1596,53.809,64.948,15.3502,16.1712,61.238,20.3807,66.479,8.2597,65.1,9.4641,7.8808,17.672
7.6859,9.3576,23.57,40.019,39.878,55.759,65.361,15.3864,53.859,65.196,15.2453,16.0348,61.242,20.3158,66.396,8.2208,65.049,9.4525,7.881,17.622
7.6737,9.3672,23.542,39.993,39.846,55.786,65.598,15.6132,53.895,65.433,15.1636,15.9512,61.261,20.2869,66.342,8.1687,64.998,9.4423,7.8808,17.569
7.6893,9.3571,23.594,39.977,39.817,55.796,65.808,15.8384,53.916,65.647,15.1074,15.9259,61.29,20.2909,66.313,8.1024,64.947,9.4324,7.88,17.515
7.6893,9.3328,23.656,39.98,39.798,55.791,66.038,16.0659,53.921,65.841,15.0731,15.9019,61.327,20.3178,66.299,8.0219,64.899,9.4217,7.8789,17.461
7.6786,9.3169,23.627,39.98,39.756,55.773,66.217,16.2905,53.911,66.017,15.0541,15.8823,61.366,20.351,66.289,7.9267,64.852,9.4096,7.8777,17.409
7.6633,9.301,23.614,39.982,39.734,55.747,66.317,16.4927,53.89,66.177,15.0425,15.8688,61.396,20.3744,66.274,7.8182,64.806,9.3952,7.8765,17.357
7.6436,9.2688,23.574,39.967,39.695,55.715,66.434,16.6575,53.864,66.326,15.0288,15.8243,61.414,20.3766,66.248,7.6977,64.76,9.3784,7.8751,17.303
7.6439,9.2475,23.538,39.952,39.624,55.683,66.567,16.7966,53.838,66.469,15.0061,15.7411,61.42,20.3526,66.203,7.5641,64.71,9.359,7.8739,17.246
7.6413,9.261,23.575,39.943,39.611,55.656,66.685,16.9313,53.815,66.617,14.9732,15.6443,61.419,20.308,66.141,7.4185,64.657,9.3365,7.8722,17.187
7.6457,9.2416,23.617,39.916,39.58,55.636,66.807,17.0801,53.798,66.772,14.9341,15.5133,61.414,20.255,66.078,7.2643,64.601,9.3118,7.8706,17.127
7.6127,9.1982,23.66,39.891,39.49,55.627,66.939,17.2533,53.788,66.932,14.8964,15.3805,61.411,20.212,66.022,7.108,64.541,9.2846,7.8687,17.067
7.5844,9.1657,23.731,39.879,39.443,55.632,67.114,17.4576,53.786,67.097,14.869,15.2734,61.419,20.1943,65.983,6.9572,64.481,9.2557,7.8668,17.01
7.5811,9.1563,23.711,39.882,39.438,55.652,67.285,17.6845,53.792,67.262,14.8592,15.2213,61.437,20.21,65.976,6.8189,64.421,9.2256,7.8649,16.955
7.5733,9.1415,23.604,39.869,39.462,55.686,67.419,17.9127,53.805,67.416,14.8692,15.1974,61.462,20.255,65.997,6.6995,64.364,9.1953,7.8632,16.901
7.5735,9.1163,23.623,39.852,39.49,55.731,67.566,18.1204,53.821,67.555,14.8929,15.1671,61.487,20.3134,66.035,6.6012,64.306,9.166,7.8618,16.847
7.5642,9.0956,23.595,39.816,39.469,55.78,67.689,18.2991,53.835,67.675,14.9177,15.1373,61.506,20.3596,66.07,6.5184,64.249,9.1382,7.8609,16.791
7.5467,9.0829,23.489,39.793,39.499,55.826,67.779,18.4604,53.841,67.778,14.926,15.0849,61.508,20.3677,66.083,6.4454,64.191,9.112,7.8602,16.735
7.5468,9.0496,23.432,39.78,39.566,55.861,67.837,18.619,53.834,67.874,14.9007,14.9578,61.481,20.3173,66.051,6.3815,64.13,9.0876,7.8597,16.679
7.5332,9.0155,23.407,39.758,39.573,55.876,67.938,18.7855,53.81,67.975,14.8299,14.7801,61.425,20.2019,65.963,6.3291,64.065,9.0639,7.8592,16.625
7.5194,8.992,23.448,39.736,39.493,55.868,68.036,18.9669,53.773,68.094,14.7108,14.5871,61.348,20.0316,65.818,6.2948,63.995,9.0412,7.8585,16.57
7.4951,8.9838,23.468,39.72,39.422,55.839,68.111,19.16,53.727,68.233,14.5519,14.3596,61.257,19.8279,65.634,6.2865,63.921,9.0196,7.8578,16.516
7.4742,8.9496,23.462,39.702,39.352,55.794,68.22,19.3552,53.681,68.377,14.3695,14.0993,61.162,19.6167,65.433,6.3137,63.843,8.9999,7.8566,16.46
7.4644,8.9343,23.512,39.695,39.311,55.741,68.382,19.5318,53.643,68.514,14.1827,13.8689,61.071,19.4205,65.24,6.3812,63.762,8.9843,7.8552,16.4
7.4332,8.909,23.561,39.71,39.281,55.689,68.574,19.6708,53.616,68.623,14.0091,13.6972,60.995,19.2554,65.074,6.4871,63.678,8.9737,7.8535,16.338
7.4317,8.8528,23.507,39.713,39.234,55.645,68.69,19.7725,53.601,68.689,13.8611,13.5508,60.933,19.1265,64.941,6.628,63.594,8.9689,7.8519,16.274
7.4353,8.8324,23.474,39.666,39.228,55.612,68.739,19.8409,53.594,68.716,13.7434,13.4428,60.88,19.0307,64.841,6.8006,63.509,8.9706,7.8502,16.21
7.4212,8.8132,23.507,39.618,39.215,55.589,68.767,19.8708,53.591,68.712,13.6562,13.3867,60.835,18.9611,64.782,6.9989,63.424,8.9772,7.849,16.146
7.3929,8.7839,23.476,39.614,39.166,55.571,68.77,19.8526,53.587,68.682,13.5968,13.3495,60.797,18.9135,64.757,7.2148,63.337,8.9879,7.8481,16.082
7.3737,8.7693,23.419,39.612,39.15,55.553,68.755,19.7753,53.579,68.626,13.5643,13.3514,60.764,18.8865,64.763,7.4367,63.249,9.0007,7.8476,16.017
7.362,8.7415,23.447,39.556,39.148,55.533,68.713,19.6339,53.564,68.537,13.5587,13.4066,60.734,18.882,64.798,7.652,63.159,9.0146,7.8474,15.95
7.3512,8.7068,23.42,39.522,39.116,55.507,68.572,19.4296,53.544,68.411,13.5785,13.5075,60.709,18.9039,64.856,7.8483,63.069,9.0284,7.8471,15.882
7.3483,8.6784,23.387,39.519,39.135,55.479,68.364,19.1834,53.52,68.255,13.6219,13.6394,60.694,18.9557,64.927,8.0188,62.979,9.0421,7.8471,15.814
7.3514,8.659,23.365,39.512,39.154,55.453,68.149,18.9442,53.497,68.094,13.6825,13.7746,60.69,19.0334,65.007,8.164,62.89,9.0549,7.8469,15.746
7.3277,8.6212,23.301,39.472,39.11,55.433,67.959,18.763,53.479,67.959,13.7495,13.9013,60.696,19.1258,65.088,8.2895,62.804,9.0667,7.8469,15.678
7.3005,8.5924,23.273,39.419,39.075,55.422,67.9,18.6597,53.469,67.866,13.8099,14.0583,60.704,19.2166,65.165,8.4025,62.719,9.0771,7.8469,15.609
7.2841,8.5577,23.293,39.404,39.07,55.422,67.951,18.6331,53.47,67.819,13.8497,14.186,60.71,19.2891,65.228,8.5069,62.636,9.0857,7.8471,15.538
7.2785,8.521,23.29,39.39,39.067,55.432,67.987,18.6623,53.482,67.808,13.8599,14.2843,60.71,19.328,65.261,8.6033,62.553,9.0918,7.8474,15.463
7.2509,8.5059,23.247,39.364,39.036,55.45,68.042,18.7142,53.505,67.814,13.836,14.352,60.694,19.3253,65.257,8.6895,62.471,9.0954,7.8478,15.387
7.2286,8.4635,23.219,39.335,39.008,55.475,68.031,18.7585,53.538,67.821,13.7768,14.3695,60.656,19.2793,65.212,8.7634,62.389,9.0954,7.8481,15.31
7.2232,8.4255,23.186,39.307,38.982,55.506,67.974,18.7862,53.583,67.83,13.6846,14.3326,60.598,19.193,65.127,8.8245,62.307,9.0921,7.8476,15.233
7.2016,8.389,23.203,39.276,38.922,55.545,68.002,18.8166,53.641,67.855,13.5627,14.2397,60.52,19.0692,65.005,8.8759,62.227,9.085,7.8462,15.157
7.1878,8.3608,23.17,39.251,38.871,55.593,68.112,18.8773,53.715,67.917,13.413,14.1251,60.423,18.9109,64.847,8.9213,62.149,9.0741,7.8433,15.082
7.1894,8.32,23.14,39.269,38.86,55.653,68.226,18.9932,53.805,68.033,13.2363,13.9541,60.309,18.719,64.652,8.9661,62.073,9.0596,7.8393,15.006
7.2012,8.2667,23.132,39.262,38.833,55.723,68.331,19.203,53.908,68.219,13.0332,13.7313,60.183,18.4944,64.422,9.0149,61.999,9.0421,7.8336,14.931
7.181,8.2392,23.159,39.196,38.786,55.8,68.478,19.5378,54.019,68.48,12.8051,13.5009,60.051,18.2374,64.157,9.0715,61.927,9.022,7.8268,14.856
7.1529,8.2231,23.166,39.137,38.736,55.88,68.784,19.9991,54.128,68.805,12.555,13.2238,59.909,17.9501,63.85,9.1368,61.854,8.9997,7.8187,14.783
7.1317,8.1689,23.118,39.119,38.698,55.955,69.243,20.5649,54.224,69.172,12.2862,12.91,59.755,17.6337,63.509,9.2098,61.781,8.9753,7.8099,14.711
7.1156,8.0904,23.111,39.127,38.646,56.02,69.695,21.1907,54.298,69.543,11.9999,12.5605,59.582,17.2901,63.139,9.2853,61.706,8.9495,7.8007,14.639
7.0955,8.0695,23.128,39.092,38.603,56.067,70.118,21.8133,54.342,69.88,11.698,12.1901,59.386,16.92,62.739,9.3568,61.63,8.922,7.7915,14.568
7.0903,8.0489,23.121,39.062,38.573,56.095,70.486,22.3612,54.357,70.154,11.3816,11.8247,59.162,16.5262,62.312,9.4175,61.553,8.8936,7.7822,14.494
7.0748,8.0102,23.09,39.062,38.522,56.1,70.726,22.7784,54.343,70.35,11.0541,11.4278,58.91,16.1128,61.858,9.4632,61.476,8.8643,7.773,14.417
7.0568,7.9449,23.091,39.035,38.477,56.086,70.845,23.0462,54.307,70.468,10.7192,11.0117,58.632,15.686,61.384,9.4921,61.4,8.8337,7.7635,14.336
7.0645,7.8839,23.072,38.99,38.422,56.054,70.879,23.1673,54.254,70.518,10.3818,10.6207,58.334,15.2534,60.897,9.5051,61.325,8.802,7.7543,14.253
7.0537,7.8492,23.039,38.942,38.378,56.009,70.863,23.1555,54.188,70.52,10.0483,10.2544,58.021,14.822,60.397,9.5046,61.25,8.7683,7.7446,14.167
7.0296,7.7913,23.031,38.925,38.334,55.953,70.798,23.0467,54.113,70.488,9.7256,9.8949,57.696,14.3992,59.89,9.4956,61.177,8.7331,7.7349,14.079
7.0197,7.747,23.011,38.904,38.26,55.891,70.669,22.8813,54.03,70.431,9.4182,9.5439,57.362,13.9913,59.387,9.4828,61.104,8.6966,7.7245,13.99
7.0064,7.6938,23.007,38.894,38.204,55.824,70.512,22.6893,53.94,70.358,9.1319,9.2001,57.026,13.6035,58.898,9.4696,61.03,8.6592,7.7136,13.902
6.9844,7.6332,22.99,38.875,38.151,55.753,70.371,22.4897,53.841,70.275,8.8711,8.8903,56.693,13.241,58.427,9.4577,60.954,8.6215,7.7022,13.812
6.9729,7.5825,22.963,38.81,38.093,55.676,70.255,22.2937,53.734,70.18,8.6381,8.6116,56.37,12.9072,57.975,9.4468,60.876,8.5846,7.6899,13.721
6.9394,7.522,22.955,38.8,38.05,55.593,70.133,22.1012,53.617,70.069,8.429,8.3402,56.061,12.6036,57.548,9.435,60.794,8.5488,7.6771,13.628
6.9031,7.4535,22.974,38.791,38.009,55.502,69.979,21.8965,53.492,69.938,8.2369,8.1199,55.765,12.3262,57.149,9.4186,60.708,8.5149,7.6638,13.532
6.9145,7.399,22.972,38.748,37.932,55.403,69.814,21.6653,53.359,69.783,8.0553,7.9208,55.483,12.0696,56.768,9.3959,60.62,8.483,7.6503,13.433
6.9232,7.3301,22.959,38.719,37.857,55.295,69.623,21.4058,53.22,69.595,7.8774,7.7091,55.208,11.8267,56.395,9.367,60.53,8.4527,7.6371,13.33
6.8958,7.2595,22.945,38.684,37.806,55.18,69.384,21.1145,53.077,69.365,7.7012,7.5108,54.938,11.593,56.031,9.3329,60.438,8.4235,7.624,13.226
6.8768,7.2086,22.896,38.652,37.777,55.06,69.129,20.7802,52.932,69.09,7.5298,7.3278,54.676,11.3678,55.684,9.2948,60.346,8.3951,7.6113,13.12
6.8674,7.1241,22.877,38.618,37.713,54.937,68.85,20.3945,52.787,68.77,7.3683,7.1582,54.424,11.1549,55.355,9.2517,60.254,8.3669,7.5987,13.014
6.8473,7.0322,22.858,38.577,37.653,54.814,68.561,19.9507,52.646,68.399,7.2198,7.001,54.183,10.957,55.053,9.2024,60.16,8.3388,7.5862,12.905
6.8397,6.9738,22.816,38.55,37.606,54.693,68.206,19.4492,52.511,67.99,7.0825,6.8795,53.947,10.7735,54.78,9.1456,60.063,8.3111,7.5734,12.793
6.8039,6.9223,22.82,38.522,37.546,54.579,67.812,18.9047,52.386,67.563,6.9524,6.7575,53.709,10.5979,54.524,9.0812,59.963,8.2836,7.5603,12.677
6.7955,6.8623,22.836,38.481,37.488,54.473,67.352,18.3539,52.277,67.136,6.8238,6.6365,53.454,10.4197,54.25,9.0113,59.86,8.2561,7.5471,12.556
6.7891,6.773,22.831,38.447,37.456,54.378,66.881,17.8349,52.185,66.716,6.6912,6.5307,53.17,10.2288,53.932,8.9403,59.755,8.2279,7.5341,12.432
6.7774,6.7024,22.829,38.427,37.407,54.294,66.491,17.3677,52.112,66.305,6.5536,6.3888,52.857,10.022,53.563,8.8711,59.649,8.199,7.522,12.304
6.7748,6.6675,22.833,38.38,37.347,54.217,66.134,16.9514,52.055,65.903,6.417,6.1958,52.527,9.8083,53.16,8.8053,59.545,8.1694,7.5116,12.175
6.7753,6.6392,22.804,38.335,37.292,54.144,65.803,16.5664,52.008,65.499,6.2922,6.0106,52.204,9.605,52.76,8.7423,59.445,8.1398,7.5035,12.044
6.7444,6.5995,22.744,38.305,37.263,54.069,65.499,16.1776,51.964,65.079,6.1915,5.8541,51.92,9.4335,52.432,8.6795,59.349,8.1121,7.4983,11.915
6.7237,6.5292,22.729,38.26,37.242,53.987,65.099,15.7539,51.914,64.64,6.1255,5.762,51.703,9.3126,52.239,8.6135,59.257,8.0884,7.4964,11.789
6.7127,6.4924,22.727,38.217,37.218,53.895,64.637,15.283,51.851,64.188,6.1006,5.7577,51.569,9.2516,52.195,8.5412,59.17,8.07,7.4974,11.667
6.6916,6.5023,22.694,38.176,37.179,53.788,64.14,14.7775,51.769,63.721,6.1172,5.8105,51.514,9.2473,52.284,8.461,59.085,8.0574,7.5007,11.545
6.694,6.4734,22.706,38.164,37.15,53.667,63.642,14.2578,51.666,63.242,6.17,5.9022,51.521,9.2884,52.467,8.3738,59.001,8.0508,7.5059,11.425
6.6862,6.4335,22.706,38.167,37.089,53.534,63.127,13.7474,51.542,62.762,6.251,5.9978,51.569,9.3628,52.707,8.2819,58.915,8.0482,7.5127,11.304
6.6776,6.4252,22.656,38.137,37.069,53.39,62.595,13.2694,51.399,62.296,6.3554,6.0971,51.644,9.4641,52.973,8.1884,58.826,8.0489,7.5208,11.181
6.6592,6.4078,22.634,38.063,37.074,53.238,62.081,12.8403,51.241,61.857,6.4845,6.1927,51.748,9.5952,53.254,8.0986,58.732,8.0517,7.5303,11.058
6.6379,6.4109,22.67,38.012,37.033,53.081,61.663,12.4718,51.075,61.458,6.6443,6.3244,51.899,9.7703,53.595,8.0174,58.634,8.0572,7.5414,10.937
6.6293,6.393,22.626,37.958,36.981,52.922,61.306,12.1687,50.904,61.11,6.8454,6.502,52.113,10.0083,54.047,7.9487,58.533,8.0659,7.5544,10.816
6.6156,6.3855,22.613,37.927,36.954,52.764,61.009,11.932,50.736,60.822,7.0978,6.7571,52.406,10.3249,54.628,7.894,58.428,8.0794,7.5693,10.695
6.6086,6.3834,22.612,37.898,36.93,52.611,60.78,11.76,50.573,60.593,7.4074,7.095,52.78,10.7242,55.338,7.853,58.319,8.0982,7.5866,10.572
6.581,6.3876,22.576,37.844,36.906,52.465,60.595,11.6423,50.418,60.421,7.773,7.5329,53.218,11.198,56.155,7.8237,58.204,8.1223,7.6051,10.446
6.5522,6.3759,22.583,37.775,36.875,52.328,60.451,11.5609,50.272,60.297,8.186,8.0442,53.694,11.7275,57.041,7.8033,58.079,8.1505,7.6248,10.318
6.5379,6.3647,22.552,37.731,36.851,52.202,60.367,11.4973,50.135,60.213,8.6322,8.5848,54.18,12.2882,57.939,7.7893,57.943,8.1808,7.6442,10.187
6.5435,6.3574,22.476,37.678,36.824,52.085,60.292,11.4408,50.007,60.155,9.0961,9.1472,54.651,12.8579,58.805,7.7796,57.792,8.2109,7.6631,10.054
6.5189,6.3551,22.479,37.62,36.785,51.977,60.244,11.3944,49.888,60.112,9.5631,9.7033,55.094,13.4219,59.621,7.7725,57.626,8.2395,7.6806,9.9242
6.5034,6.345,22.508,37.557,36.752,51.876,60.206,11.3595,49.775,60.075,10.0228,10.2354,55.5,13.9724,60.375,7.7668,57.448,8.2658,7.6968,9.798
6.4976,6.327,22.515,37.521,36.711,51.779,60.165,11.3377,49.669,60.041,10.4689,10.7685,55.869,14.5064,61.065,7.7621,57.26,8.29,7.7112,9.6751
6.4753,6.3075,22.472,37.455,36.671,51.685,60.138,11.3314,49.567,60.011,10.8973,11.2831,56.203,15.0222,61.696,7.7569,57.066,8.312,7.7242,9.5541
6.4659,6.281,22.434,37.383,36.635,51.591,60.129,11.3343,49.466,59.987,11.3063,11.7813,56.498,15.516,62.281,7.751,56.867,8.3319,7.7358,9.4352
6.4577,6.2545,22.419,37.322,36.583,51.495,60.109,11.3346,49.362,59.965,11.693,12.2547,56.753,15.9793,62.816,7.7448,56.664,8.3487,7.746,9.318
6.4231,6.2376,22.41,37.23,36.526,51.396,60.091,11.3258,49.251,59.943,12.0513,12.7056,56.965,16.4006,63.298,7.7382,56.453,8.3615,7.755,9.1989
6.3891,6.2285,22.409,37.15,36.454,51.292,60.069,11.3077,49.134,59.917,12.3724,13.1068,57.132,16.7691,63.721,7.7306,56.233,8.3688,7.7626,9.0767
6.3597,6.2067,22.382,37.133,36.392,51.183,60.037,11.2841,49.008,59.889,12.6483,13.4327,57.259,17.0758,64.071,7.7214,55.999,8.3703,7.7687,8.9516
6.3467,6.1675,22.302,37.052,36.308,51.07,59.976,11.2573,48.874,59.855,12.8754,13.7017,57.349,17.3162,64.35,7.7114,55.751,8.3662,7.7732,8.8245
6.3156,6.1213,22.244,36.959,36.246,50.951,59.906,11.2298,48.735,59.819,13.0531,13.9023,57.408,17.4913,64.561,7.7003,55.489,8.3575,7.7761,8.6947
6.3169,6.0989,22.281,36.919,36.195,50.827,59.854,11.2056,48.589,59.784,13.1828,14.0328,57.437,17.607,64.715,7.6882,55.217,8.3447,7.7775,8.5637
6.3215,6.0844,22.265,36.854,36.094,50.695,59.795,11.1829,48.435,59.742,13.2709,14.1012,57.439,17.6691,64.822,7.6757,54.937,8.3298,7.778,8.4347
6.2892,6.0668,22.236,36.769,36.014,50.553,59.715,11.152,48.269,59.676,13.324,14.1557,57.413,17.685,64.884,7.6624,54.653,8.3132,7.7773,8.3106
6.2613,6.0408,22.219,36.704,35.945,50.398,59.643,11.1092,48.087,59.57,13.3436,14.1651,57.356,17.6608,64.906,7.6463,54.368,8.2954,7.7763,8.1919
6.2423,5.9899,22.187,36.622,35.855,50.229,59.554,11.0458,47.888,59.419,13.3304,14.1272,57.267,17.6007,64.893,7.6252,54.086,8.2765,7.7749,8.079
6.2243,5.9493,22.131,36.558,35.761,50.044,59.4,10.9518,47.669,59.223,13.2866,14.0557,57.149,17.5084,64.849,7.5994,53.807,8.2561,7.7732,7.9731
6.2501,5.8865,22.117,36.467,35.66,49.843,59.191,10.8298,47.434,58.981,13.2172,13.9593,57.004,17.3851,64.78,7.5693,53.531,8.2338,7.7711,7.8748
6.2433,5.8432,22.105,36.371,35.56,49.627,58.924,10.6795,47.185,58.695,13.1274,13.8523,56.83,17.2325,64.684,7.5364,53.255,8.2092,7.7683,7.7825
6.1751,5.8615,22.063,36.277,35.52,49.397,58.611,10.501,46.926,58.354,13.0237,13.7078,56.623,17.0499,64.561,7.5,52.979,8.1817,7.765,7.6953
6.1474,5.8436,22.02,36.219,35.451,49.154,58.346,10.2859,46.659,57.939,12.9117,13.5305,56.38,16.8351,64.409,7.4571,52.699,8.1514,7.7609,7.6141
6.12,5.8174,21.98,36.128,35.347,48.898,58.051,10.0177,46.387,57.423,12.7899,13.3301,56.092,16.5846,64.224,7.4019,52.414,8.119,7.756,7.54
6.0987,5.778,21.981,36.043,35.26,48.626,57.556,9.684,46.105,56.783,12.6509,13.0969,55.754,16.2953,64.004,7.3271,52.124,8.0854,7.7503,7.473
6.0867,5.734,21.935,35.963,35.175,48.331,56.791,9.2685,45.809,56.011,12.4845,12.8413,55.363,15.9604,63.748,7.2267,51.828,8.0513,7.7434,7.4135
6.0597,5.692,21.876,35.874,35.097,48.004,55.804,8.7652,45.489,55.102,12.2798,12.5427,54.915,15.5738,63.447,7.0962,51.527,8.0165,7.7356,7.3609
6.03,5.6569,21.88,35.784,34.997,47.636,54.729,8.1901,45.131,54.051,12.0307,12.2067,54.405,15.1316,63.096,6.9352,51.222,7.9805,7.7268,7.3133
6.0039,5.6259,21.904,35.716,34.868,47.219,53.619,7.5651,44.725,52.853,11.7371,11.8228,53.822,14.6339,62.687,6.7445,50.911,7.9416,7.7169,7.2684
5.9803,5.5748,21.835,35.628,34.767,46.756,52.308,6.9191,44.265,51.509,11.4065,11.3852,53.164,14.0882,62.22,6.5271,50.597,7.8992,7.706,7.2248
5.9604,5.5397,21.738,35.569,34.697,46.253,50.712,6.2857,43.757,50.048,11.0505,10.9362,52.439,13.5087,61.701,6.2901,50.281,7.8521,7.6941,7.1826
5.9433,5.5254,21.713,35.502,34.603,45.733,48.992,5.6986,43.222,48.537,10.6797,10.4879,51.669,12.918,61.152,6.0447,49.965,7.8007,7.6821,7.1412
5.94,5.5155,21.731,35.402,34.516,45.224,47.316,5.1868,42.692,47.067,10.3015,10.041,50.889,12.3395,60.583,5.8067,49.654,7.7462,7.6693,7.1
5.9187,5.4994,21.66,35.293,34.424,44.757,45.775,4.7646,42.206,45.737,9.9193,9.587,50.14,11.7914,59.998,5.5922,49.353,7.6904,7.6567,7.0602
5.8903,5.4712,21.604,35.206,34.334,44.363,44.48,4.4387,41.801,44.632,9.5318,9.1681,49.457,11.2838,59.392,5.4138,49.066,7.6347,7.6447,7.0204
5.8605,5.4354,21.591,35.122,34.213,44.064,43.521,4.208,41.505,43.802,9.1385,8.7714,48.859,10.8212,58.754,5.2791,48.794,7.5805,7.633,6.9785
5.8364,5.4002,21.576,35.035,34.125,43.872,42.911,4.0619,41.332,43.254,8.7454,8.3582,48.352,10.4032,58.076,5.1882,48.535,7.5286,7.6222,6.934
5.8223,5.3768,21.556,34.944,34.032,43.79,42.587,3.9853,41.282,42.958,8.3676,7.9369,47.936,10.0347,57.375,5.1351,48.285,7.4801,7.6127,6.8871
5.8153,5.362,21.511,34.841,33.928,43.813,42.487,3.964,41.343,42.886,8.0304,7.5516,47.621,9.7291,56.704,5.1124,48.038,7.4358,7.6049,6.8385
5.8,5.3247,21.482,34.731,33.851,43.931,42.568,3.9808,41.505,43.02,7.7673,7.2612,47.43,9.5105,56.14,5.1136,47.787,7.3977,7.5987,6.7869
5.7628,5.2948,21.414,34.652,33.78,44.138,42.826,4.0264,41.756,43.35,7.611,7.0727,47.392,9.4076,55.778,5.1361,47.527,7.3676,7.5949,6.7334
5.7262,5.2732,21.325,34.573,33.674,44.425,43.298,4.1028,42.091,43.887,7.5843,7.0277,47.536,9.4449,55.695,5.1822,47.257,7.3472,7.594,6.6789
5.7138,5.2605,21.322,34.482,33.596,44.788,44.013,4.2264,42.507,44.651,7.6896,7.1421,47.871,9.6325,55.912,5.2568,46.978,7.337,7.5956,6.6237
5.7042,5.239,21.294,34.396,33.545,45.223,45.002,4.4238,43.004,45.664,7.9099,7.4126,48.386,9.9605,56.379,5.367,46.69,7.3361,7.6001,6.5662
5.6873,5.1971,21.253,34.304,33.491,45.719,46.226,4.733,43.576,46.932,8.2085,7.7841,49.039,10.4005,56.995,5.5209,46.399,7.342,7.6065,6.5068
5.662,5.1802,21.256,34.194,33.395,46.261,47.743,5.2026,44.207,48.44,8.5396,8.1685,49.774,10.9068,57.656,5.7274,46.107,7.3515,7.6143,6.4459
5.6412,5.1792,21.185,34.124,33.293,46.828,49.593,5.8716,44.875,50.159,8.8593,8.5228,50.53,11.4284,58.26,5.9891,45.816,7.3605,7.6229,6.3824
5.6119,5.1579,21.115,34.013,33.23,47.394,51.703,6.7559,45.551,52.025,9.134,8.8114,51.256,11.9184,58.741,6.3,45.528,7.3662,7.6312,6.3154
5.6095,5.1384,21.172,33.861,33.113,47.928,53.931,7.8412,46.2,53.951,9.345,9.0104,51.91,12.3405,59.083,6.6462,45.243,7.3662,7.6385,6.2453
5.614,5.142,21.163,33.828,33.032,48.404,56.166,9.0791,46.79,55.844,9.4876,9.1328,52.465,12.6749,59.301,7.0043,44.958,7.3598,7.6449,6.1728
5.5542,5.1202,21.067,33.801,32.98,48.803,58.271,10.3974,47.296,57.629,9.5669,9.1908,52.913,12.9185,59.421,7.3472,44.674,7.3477,7.6496,6.0963
5.501,5.0774,21.014,33.697,32.894,49.111,60.065,11.7109,47.706,59.249,9.5936,9.1873,53.259,13.0797,59.456,7.6487,44.388,7.3309,7.6525,6.0149
5.5167,5.0477,21.017,33.595,32.809,49.327,61.431,12.9433,48.018,60.677,9.5792,9.1619,53.51,13.1733,59.426,7.8933,44.1,7.311,7.6541,5.9287
5.5233,5.0522,20.958,33.506,32.704,49.456,62.485,14.049,48.239,61.913,9.5366,9.1098,53.683,13.2125,59.353,8.0804,43.809,7.289,7.6539,5.838
5.5017,5.0351,20.87,33.419,32.612,49.508,63.382,15.0177,48.386,62.978,9.4748,9.0246,53.795,13.2094,59.236,8.2182,43.516,7.2653,7.6522,5.7447
5.4808,5.0198,20.844,33.32,32.553,49.498,64.164,15.8668,48.475,63.9,9.3976,8.9329,53.858,13.1721,59.087,8.3205,43.221,7.2399,7.6494,5.6502
5.4509,5.0011,20.783,33.215,32.473,49.437,64.843,16.6233,48.52,64.699,9.304,8.8178,53.882,13.1049,58.91,8.4034,42.924,7.2122,7.6454,5.5574
5.4382,4.9735,20.733,33.16,32.379,49.339,65.418,17.3198,48.53,65.392,9.1939,8.6933,53.874,13.0124,58.703,8.4778,42.629,7.1824,7.6402,5.4676
5.4337,4.9685,20.704,33.097,32.294,49.215,65.929,17.9861,48.514,66.002,9.067,8.5557,53.837,12.9007,58.475,8.5495,42.335,7.1507,7.6342,5.3816
5.4241,4.9521,20.686,32.995,32.197,49.071,66.409,18.6312,48.472,66.54,8.9242,8.3942,53.772,12.7734,58.229,8.6184,42.046,7.1182,7.6276,5.2995
5.4026,4.9324,20.668,32.879,32.111,48.916,66.897,19.2442,48.407,67.008,8.77,8.2234,53.676,12.6299,57.965,8.6821,41.759,7.0867,7.6207,5.2218
5.3888,4.9167,20.628,32.802,32.05,48.754,67.3,19.8031,48.319,67.4,8.6137,8.0555,53.548,12.4677,57.688,8.7387,41.477,7.0569,7.6136,5.1503
5.3721,4.9005,20.611,32.727,31.968,48.589,67.599,20.2818,48.209,67.709,8.4617,7.8964,53.387,12.2852,57.389,8.7861,41.197,7.0294,7.6068,5.0866
5.3639,4.8951,20.59,32.641,31.86,48.425,67.82,20.6572,48.081,67.937,8.3141,7.7219,53.192,12.0806,57.07,8.8219,40.918,7.0036,7.6004,5.0314
5.3489,4.8865,20.54,32.557,31.775,48.267,67.98,20.9187,47.938,68.09,8.168,7.5409,52.97,11.8543,56.73,8.847,40.64,6.9787,7.5944,4.9854
5.3192,4.8755,20.463,32.492,31.721,48.119,68.091,21.0802,47.785,68.18,8.0186,7.3444,52.726,11.61,56.369,8.8643,40.363,6.9541,7.5885,4.9468
5.3078,4.8766,20.406,32.413,31.655,47.987,68.165,21.1661,47.631,68.237,7.8613,7.1353,52.465,11.3554,55.994,8.8754,40.09,6.9288,7.5826,4.912
5.286,4.8694,20.413,32.307,31.58,47.879,68.169,21.203,47.482,68.28,7.6908,6.9325,52.188,11.0962,55.602,8.8811,39.823,6.9029,7.5764,4.8784
5.2643,4.8426,20.381,32.211,31.486,47.802,68.145,21.2197,47.349,68.317,7.5052,6.7497,51.895,10.8362,55.19,8.8837,39.566,6.8769,7.5701,4.8441
5.2626,4.8192,20.351,32.123,31.392,47.759,68.143,21.2355,47.238,68.352,7.307,6.5465,51.588,10.577,54.764,8.8851,39.325,6.8506,7.5632,4.8083
5.2727,4.818,20.346,32.069,31.308,47.753,68.193,21.2508,47.159,68.383,7.1009,6.3419,51.268,10.3204,54.32,8.8849,39.102,6.8243,7.5556,4.7702
5.2624,4.818,20.324,31.993,31.236,47.783,68.239,21.2589,47.115,68.412,6.8902,6.1688,50.936,10.0639,53.855,8.883,38.9,6.7973,7.5478,4.7318
5.2275,4.7984,20.226,31.871,31.134,47.843,68.233,21.2626,47.106,68.429,6.6782,5.9848,50.594,9.8045,53.365,8.8811,38.72,6.7691,7.5395,4.6939
5.2062,4.7847,20.158,31.784,31.059,47.925,68.238,21.2601,47.13,68.427,6.4684,5.7856,50.241,9.5399,52.851,8.8794,38.561,6.7388,7.531,4.6572
5.2021,4.782,20.188,31.732,30.999,48.018,68.22,21.2403,47.177,68.413,6.2616,5.5799,49.873,9.2707,52.314,8.877,38.421,6.7066,7.5217,4.6205
5.1652,4.7768,20.162,31.62,30.915,48.111,68.199,21.1997,47.237,68.385,6.0547,5.3776,49.484,8.9963,51.749,8.8725,38.296,6.6728,7.5123,4.584
5.1654,4.7798,20.143,31.487,30.868,48.193,68.182,21.1494,47.302,68.343,5.8415,5.1597,49.069,8.7161,51.144,8.8657,38.181,6.6382,7.5016,4.5478
5.1682,4.7431,20.094,31.417,30.731,48.255,68.15,21.0918,47.361,68.293,5.6194,4.9426,48.626,8.4291,50.492,8.8574,38.072,6.6031,7.4898,4.5121
5.126,4.7128,20.028,31.315,30.604,48.29,68.137,21.0202,47.408,68.25,5.3873,4.7373,48.153,8.1331,49.797,8.8479,37.965,6.5688,7.4767,4.477
5.0963,4.7032,20.001,31.208,30.541,48.293,68.081,20.9376,47.439,68.22,5.1451,4.5438,47.645,7.8242,49.046,8.8377,37.854,6.5345,7.4621,4.4448
5.092,4.7004,19.968,31.141,30.452,48.262,68.024,20.8568,47.451,68.195,4.895,4.3392,47.093,7.4988,48.22,8.828,37.737,6.4999,7.446,4.4166
5.0789,4.687,19.914,31.02,30.366,48.195,67.967,20.7824,47.444,68.168,4.6418,4.1149,46.486,7.1562,47.314,8.8183,37.612,6.4634,7.4287,4.3927
5.0639,4.6613,19.905,30.892,30.279,48.096,67.902,20.7084,47.415,68.134,4.3903,3.8885,45.811,6.798,46.326,8.8077,37.48,6.4241,7.41,4.3728
5.0532,4.6512,19.889,30.809,30.169,47.965,67.88,20.64,47.367,68.092,4.1403,3.655,45.055,6.4258,45.24,8.796,37.342,6.381,7.3901,4.356
5.062,4.6286,19.826,30.731,30.069,47.806,67.834,20.5862,47.299,68.039,3.8895,3.4173,44.203,6.0429,44.027,8.7842,37.202,6.3341,7.3688,4.342
5.0402,4.587,19.769,30.649,29.98,47.62,67.757,20.5367,47.213,67.978,3.638,3.2067,43.24,5.6534,42.671,8.7728,37.062,6.2841,7.3465,4.3288
4.9935,4.5572,19.762,30.522,29.873,47.413,67.732,20.4799,47.111,67.914,3.3869,3.0021,42.159,5.2632,41.166,8.7629,36.924,6.2325,7.3228,4.3141
4.9748,4.5535,19.748,30.396,29.761,47.188,67.715,20.4151,46.992,67.85,3.1395,2.7985,40.955,4.8804,39.5,8.7544,36.79,6.1802,7.2977,4.2977
4.9741,4.5675,19.679,30.295,29.621,46.951,67.665,20.3452,46.857,67.782,2.9019,2.6147,39.634,4.5164,37.683,8.7466,36.659,6.1278,7.2714,4.2802
4.9617,4.5417,19.609,30.198,29.5,46.709,67.588,20.2723,46.709,67.704,2.6843,2.4501,38.223,4.1846,35.765,8.738,36.527,6.0765,7.2444,4.2617
4.9317,4.5255,19.609,30.098,29.359,46.471,67.529,20.1916,46.55,67.615,2.4951,2.3206,36.771,3.8951,33.813,8.729,36.393,6.0263,7.2172,4.2433
4.913,4.5153,19.59,29.989,29.188,46.247,67.483,20.1124,46.386,67.518,2.3367,2.2029,35.34,3.6532,31.905,8.7203,36.252,5.9782,7.1904,4.2269
4.913,4.5047,19.521,29.881,29.024,46.046,67.435,20.0421,46.224,67.42,2.2066,2.107,33.997,3.4597,30.136,8.7115,36.102,5.9337,7.1653,4.2132
4.9024,4.4867,19.486,29.789,28.879,45.878,67.378,19.9787,46.072,67.325,2.1013,2.0449,32.797,3.3094,28.584,8.7025,35.941,5.8943,7.1424,4.2016
4.8769,4.4686,19.421,29.68,28.753,45.747,67.305,19.9246,45.936,67.239,2.0167,1.9897,31.782,3.1941,27.295,8.6937,35.769,5.8619,7.1222,4.1916
4.8665,4.4535,19.364,29.566,28.627,45.657,67.256,19.8868,45.819,67.167,1.949,1.9357,30.966,3.1048,26.287,8.685,35.589,5.837,7.1049,4.1834
4.861,4.4407,19.333,29.467,28.543,45.605,67.239,19.8696,45.722,67.117,1.8955,1.9116,30.331,3.0343,25.53,8.6765,35.403,5.8186,7.0903,4.1774
4.8366,4.4224,19.311,29.365,28.45,45.585,67.231,19.8672,45.642,67.085,1.854,1.891,29.839,2.9754,24.969,8.6686,35.215,5.8051,7.0775,4.1741
4.8324,4.4135,19.254,29.24,28.331,45.583,67.215,19.8696,45.575,67.067,1.8223,1.8618,29.433,2.923,24.525,8.6627,35.028,5.7939,7.0661,4.1727
4.8211,4.42,19.199,29.118,28.225,45.586,67.2,19.877,45.512,67.061,1.7951,1.846,29.05,2.8713,24.105,8.6592,34.847,5.7826,7.0552,4.1727
4.789,4.3985,19.174,29.018,28.155,45.578,67.211,19.8933,45.448,67.062,1.7671,1.8273,28.627,2.818,23.641,8.658,34.675,5.7695,7.0443,4.1725
4.7761,4.3741,19.135,28.892,28.054,45.546,67.218,19.9208,45.375,67.063,1.7366,1.8187,28.111,2.7632,23.071,8.6582,34.51,5.7546,7.0325,4.171
4.7592,4.3655,19.106,28.729,27.916,45.478,67.224,19.9689,45.289,67.058,1.7044,1.8154,27.478,2.7084,22.364,8.6606,34.355,5.738,7.0199,4.1672
4.7294,4.3308,19.069,28.586,27.793,45.368,67.238,20.0447,45.187,67.046,1.6741,1.8097,26.736,2.6562,21.527,8.6646,34.207,5.7205,7.0064,4.162
4.7076,4.3092,19.032,28.451,27.645,45.216,67.24,20.1466,45.067,67.034,1.6501,1.783,25.922,2.6095,20.607,8.6701,34.064,5.7025,6.9922,4.1566
4.7171,4.326,18.969,28.36,27.481,45.026,67.275,20.2653,44.933,67.021,1.6336,1.746,25.09,2.5703,19.671,8.6781,33.924,5.685,6.9778,4.1526
4.7062,4.3088,18.865,28.267,27.361,44.807,67.318,20.39,44.789,67.015,1.6236,1.7259,24.301,2.5383,18.794,8.6883,33.783,5.6677,6.9631,4.15
4.688,4.2862,18.787,28.118,27.235,44.571,67.381,20.5123,44.642,67.018,1.6165,1.7176,23.601,2.5114,18.029,8.6978,33.64,5.6509,6.9491,4.149
4.669,4.267,18.736,27.973,27.101,44.331,67.455,20.6218,44.499,67.027,1.6077,1.7029,23.021,2.487,17.412,8.7042,33.491,5.6353,6.9361,4.1478
4.6537,4.2281,18.75,27.851,26.981,44.099,67.511,20.7108,44.366,67.038,1.5938,1.7041,22.561,2.4643,16.941,8.7058,33.335,5.6211,6.9245,4.1443
4.6402,4.2215,18.715,27.726,26.874,43.885,67.546,20.7809,44.246,67.044,1.5751,1.7138,22.204,2.4424,16.588,8.7023,33.168,5.6092,6.9145,4.1379
4.6317,4.2265,18.641,27.592,26.789,43.697,67.582,20.8357,44.142,67.041,1.5564,1.6892,21.931,2.4196,16.329,8.694,32.99,5.5995,6.9067,4.1289
4.6277,4.2023,18.608,27.461,26.677,43.538,67.605,20.8742,44.055,67.033,1.544,1.6847,21.727,2.3969,16.146,8.685,32.8,5.5924,6.9008,4.1173
4.6073,4.1813,18.518,27.304,26.572,43.411,67.615,20.9022,43.985,67.031,1.5407,1.6965,21.583,2.3751,16.032,8.6798,32.596,5.5877,6.8968,4.1031
4.5876,4.1564,18.437,27.164,26.492,43.315,67.645,20.9311,43.929,67.045,1.5476,1.6816,21.492,2.3562,15.978,8.6819,32.377,5.5844,6.8944,4.0886
4.5724,4.1292,18.405,27.021,26.41,43.248,67.696,20.9688,43.887,67.081,1.5623,1.6622,21.444,2.3406,15.98,8.6892,32.145,5.582,6.893,4.0749
4.5563,4.1057,18.335,26.895,26.308,43.205,67.809,21.0135,43.854,67.132,1.5793,1.6601,21.433,2.329,16.027,8.699,31.899,5.5796,6.8918,4.0619
4.5394,4.0912,18.275,26.754,26.208,43.179,67.928,21.0618,43.822,67.196,1.5916,1.6814,21.439,2.3217,16.095,8.7077,31.641,5.5765,6.8911,4.0505
4.5335,4.0561,18.252,26.608,26.142,43.161,67.983,21.1116,43.781,67.257,1.5959,1.6963,21.444,2.317,16.16,8.7127,31.376,5.5727,6.8897,4.0415
4.5005,4.0286,18.199,26.476,26.064,43.147,68.024,21.1544,43.724,67.298,1.5928,1.675,21.434,2.3124,16.213,8.7122,31.109,5.5682,6.888,4.0349
4.4724,4.0096,18.144,26.332,25.957,43.134,68.076,21.1757,43.651,67.309,1.5864,1.6752,21.408,2.3071,16.25,8.707,30.845,5.5633,6.8857,4.0282
4.4672,4.0029,18.116,26.174,25.85,43.125,68.068,21.1702,43.571,67.293,1.5793,1.6731,21.372,2.3005,16.278,8.699,30.592,5.5581,6.8833,4.0207
4.4512,3.9729,18.087,26.052,25.789,43.121,68.039,21.146,43.496,67.261,1.5751,1.6629,21.333,2.2925,16.306,8.6904,30.355,5.5521,6.8814,4.0126
4.4337,3.9459,17.993,25.928,25.689,43.121,67.954,21.1049,43.437,67.227,1.5753,1.6724,21.306,2.2844,16.349,8.6833,30.139,5.546,6.8804,4.0031
4.4255,3.9293,17.948,25.796,25.58,43.111,67.814,20.9915,43.393,67.144,1.577,1.6833,21.306,2.2777,16.429,8.6776,29.948,5.5391,6.8804,3.992
4.4182,3.8798,17.914,25.674,25.499,43.074,67.598,20.6373,43.342,66.83,1.5772,1.6724,21.346,2.2734,16.568,8.6497,29.784,5.5325,6.8823,3.9799
4.3898,3.8484,17.863,25.565,25.421,42.992,67.211,19.8112,43.253,66.031,1.5732,1.6584,21.426,2.2717,16.771,8.5533,29.648,5.5263,6.8854,3.9671
4.3714,3.8309,17.789,25.469,25.326,42.855,66.474,18.3443,43.1,64.582,1.5651,1.6752,21.546,2.2722,17.054,8.3506,29.539,5.5211,6.8897,3.9541
4.3769,3.8075,17.765,25.39,25.246,42.676,65.089,16.2784,42.884,62.545,1.5559,1.6833,21.7,2.2746,17.412,8.0401,29.457,5.5166,6.8944,3.9409
4.3889,3.7821,17.71,25.289,25.176,42.49,62.539,13.9277,42.637,60.253,1.549,1.6722,21.875,2.2777,17.809,7.6669,29.399,5.5126,6.8996,3.9281
4.3678,3.7556,17.682,25.19,25.099,42.346,58.575,11.8289,42.422,58.262,1.5481,1.662,22.054,2.281,18.206,7.3148,29.36,5.5079,6.9046,3.916
4.3493,3.7303,17.721,25.111,25.053,42.288,55.287,10.5727,42.304,57.178,1.5556,1.6582,22.223,2.2854,18.567,7.0872,29.337,5.5015,6.9086,3.9027
4.3345,3.7197,17.666,25.063,25.01,42.344,55.921,10.5309,42.329,57.345,1.5703,1.6823,22.364,2.2902,18.858,7.0647,29.323,5.4932,6.9117,3.8888
4.3291,3.7207,17.584,24.986,24.91,42.508,59.208,11.6317,42.496,58.616,1.5895,1.6807,22.465,2.2943,19.059,7.2402,29.315,5.4828,6.9136,3.8729
4.3117,3.6764,17.579,24.875,24.782,42.746,62.408,13.4226,42.76,60.489,1.6073,1.6722,22.516,2.2966,19.164,7.53,29.31,5.4709,6.9141,3.8544
4.2982,3.6467,17.553,24.783,24.655,43.007,64.329,15.3048,43.052,62.37,1.6186,1.6762,22.518,2.2964,19.21,7.8294,29.306,5.4579,6.9131,3.834
4.3078,3.6265,17.492,24.717,24.549,43.24,65.137,16.7932,43.303,63.81,1.6217,1.6733,22.487,2.2933,19.226,8.0574,29.306,5.4434,6.9112,3.8132
4.2979,3.596,17.463,24.648,24.474,43.412,65.429,17.6629,43.472,64.619,1.6177,1.6714,22.442,2.2875,19.233,8.1772,29.314,5.4276,6.9082,3.7928
4.2636,3.5756,17.413,24.578,24.374,43.514,65.53,17.9517,43.547,64.87,1.6096,1.6688,22.407,2.2825,19.261,8.1964,29.337,5.4103,6.9046,3.7732
4.245,3.54,17.276,24.497,24.268,43.557,65.495,17.8699,43.548,64.799,1.603,1.6563,22.399,2.2797,19.334,8.1559,29.38,5.3913,6.9013,3.7547
4.2405,3.5171,17.261,24.39,24.158,43.564,65.345,17.6476,43.506,64.624,1.6028,1.6572,22.42,2.2794,19.44,8.1019,29.449,5.371,6.8984,3.7388
4.2304,3.5062,17.253,24.309,24.051,43.557,65.192,17.406,43.448,64.438,1.6106,1.67,22.466,2.2806,19.565,8.0541,29.547,5.3499,6.8968,3.7253
4.2171,3.4896,17.21,24.241,23.98,43.552,65.024,17.1748,43.392,64.252,1.6231,1.6627,22.526,2.2825,19.7,8.0112,29.673,5.3286,6.8968,3.7126
4.1964,3.462,17.227,24.176,23.918,43.554,64.842,16.9473,43.34,64.055,1.6343,1.6508,22.591,2.2835,19.838,7.9698,29.824,5.3078,6.8984,3.6988
4.1758,3.4516,17.222,24.118,23.828,43.56,64.59,16.7213,43.29,63.848,1.6404,1.6511,22.657,2.283,19.967,7.9291,29.996,5.2874,6.9018,3.6844
4.1742,3.4263,17.155,24.043,23.745,43.561,64.346,16.5085,43.235,63.64,1.6383,1.6478,22.721,2.282,20.085,7.8909,30.181,5.2675,6.906,3.6699
4.1803,3.4013,17.075,23.967,23.674,43.549,64.211,16.3111,43.169,63.438,1.6274,1.6319,22.79,2.2818,20.199,7.8554,30.372,5.2478,6.9108,3.6564
4.1611,3.3928,17.101,23.89,23.569,43.515,64.058,16.1176,43.091,63.241,1.6094,1.6272,22.863,2.2837,20.308,7.8208,30.563,5.2279,6.915,3.6458
4.148,3.378,17.156,23.828,23.476,43.454,63.854,15.9123,42.997,63.039,1.5888,1.6345,22.924,2.287,20.392,7.7839,30.747,5.2066,6.9179,3.6399
4.1465,3.3579,17.063,23.759,23.419,43.363,63.593,15.6776,42.888,62.819,1.5689,1.6373,22.951,2.2897,20.433,7.7415,30.918,5.183,6.9183,3.6384
4.1346,3.3356,16.99,23.674,23.333,43.243,63.325,15.4081,42.764,62.575,1.5511,1.6414,22.918,2.289,20.393,7.6927,31.069,5.1564,6.9155,3.6375
4.1304,3.3143,16.961,23.632,23.213,43.096,63.057,15.1137,42.629,62.302,1.5369,1.6189,22.801,2.2815,20.225,7.6399,31.193,5.1268,6.9091,3.6325
4.1163,3.2976,16.923,23.579,23.089,42.925,62.763,14.8098,42.483,62.003,1.527,1.6255,22.574,2.2658,19.895,7.5866,31.284,5.0949,6.8987,3.6235
4.1205,3.2768,16.845,23.489,22.966,42.734,62.451,14.5148,42.328,61.687,1.5211,1.617,22.219,2.2412,19.385,7.5367,31.332,5.0612,6.8842,3.611
4.0943,3.2675,16.779,23.4,22.813,42.526,62.166,14.2416,42.165,61.362,1.5168,1.5831,21.733,2.2093,18.699,7.4921,31.329,5.0276,6.8665,3.5956
4.0814,3.2442,16.785,23.336,22.674,42.3,61.89,13.9916,41.992,61.034,1.5104,1.5758,21.124,2.1734,17.85,7.4526,31.267,4.9944,6.8459,3.5785
4.081,3.2187,16.748,23.269,22.537,42.057,61.577,13.7556,41.807,60.697,1.4988,1.5772,20.409,2.1363,16.878,7.4154,31.14,4.9625,6.8234,3.5617
4.0667,3.2168,16.686,23.206,22.365,41.795,61.279,13.5166,41.607,60.347,1.4794,1.5535,19.617,2.1002,15.84,7.378,30.951,4.9315,6.8002,3.5451
4.05,3.2008,16.65,23.17,22.185,41.513,60.964,13.2579,41.391,59.983,1.4533,1.5353,18.789,2.0648,14.784,7.3384,30.706,4.9007,6.7767,3.5274
4.0411,3.1769,16.624,23.122,22.029,41.212,60.64,12.9689,41.16,59.604,1.4242,1.5156,17.971,2.0296,13.761,7.2956,30.423,4.8694,6.7542,3.5082
4.0244,3.1584,16.588,23.018,21.858,40.893,60.309,12.6464,40.915,59.211,1.3977,1.5014,17.193,1.9942,12.813,7.2485,30.123,4.837,6.7329,3.4897
4.0047,3.1355,16.553,22.939,21.681,40.559,59.926,12.3036,40.659,58.809,1.3792,1.4841,16.472,1.9593,11.962,7.198,29.833,4.8029,6.7133,3.4741
4.0031,3.1374,16.538,22.865,21.513,40.213,59.502,11.9609,40.394,58.402,1.3721,1.4687,15.815,1.9268,11.206,7.145,29.572,4.7673,6.6953,3.4615
3.9958,3.1338,16.525,22.806,21.365,39.859,59.1,11.6332,40.123,57.992,1.3759,1.4678,15.213,1.8987,10.532,7.0903,29.356,4.7302,6.6789,3.4521
3.978,3.1263,16.445,22.75,21.214,39.499,58.724,11.3271,39.844,57.576,1.3863,1.4773,14.66,1.8775,9.9347,7.0353,29.189,4.6923,6.6638,3.4442
3.9652,3.1088,16.414,22.704,21.068,39.137,58.339,11.0436,39.559,57.152,1.3975,1.4803,14.151,1.8629,9.4049,6.982,29.065,4.6551,6.6498,3.4364
3.9564,3.0759,16.394,22.668,20.934,38.775,57.938,10.7759,39.267,56.719,1.4036,1.4654,13.689,1.8531,8.9379,6.9302,28.973,4.6198,6.6372,3.4279
3.9579,3.0701,16.364,22.608,20.795,38.413,57.535,10.5096,38.968,56.277,1.4001,1.4375,13.28,1.8458,8.5363,6.8769,28.898,4.5878,6.6261,3.4187
3.9626,3.0548,16.331,22.544,20.652,38.054,57.092,10.2271,38.663,55.822,1.3847,1.4349,12.931,1.8392,8.2014,6.8212,28.826,4.5608,6.6162,3.4087
3.9637,3.0372,16.364,22.497,20.56,37.697,56.644,9.9242,38.351,55.348,1.3593,1.4334,12.64,1.8305,7.926,6.762,28.743,4.5386,6.6076,3.399
3.9607,3.0539,16.393,22.456,20.463,37.34,56.145,9.5992,38.032,54.851,1.3295,1.4216,12.401,1.8203,7.6986,6.6986,28.644,4.5201,6.6003,3.3895
3.9464,3.0647,16.334,22.405,20.337,36.981,55.595,9.2518,37.705,54.322,1.3034,1.4292,12.201,1.8083,7.5116,6.6292,28.524,4.5031,6.5937,3.3796
3.9276,3.0392,16.3,22.358,20.242,36.617,54.992,8.8894,37.369,53.764,1.288,1.4415,12.03,1.797,7.3598,6.5546,28.384,4.4853,6.5877,3.3689
3.9169,3.0244,16.305,22.355,20.153,36.244,54.409,8.5259,37.021,53.175,1.2861,1.4316,11.876,1.7877,7.2354,6.4755,28.232,4.4649,6.5821,3.3571
3.908,3.0302,16.317,22.325,20.064,35.859,53.787,8.1752,36.659,52.559,1.2975,1.4237,11.73,1.7829,7.1298,6.3909,28.077,4.442,6.5766,3.345
3.9166,3.0265,16.3,22.274,19.962,35.461,53.117,7.8405,36.284,51.922,1.3167,1.4211,11.589,1.7824,7.0363,6.3012,27.931,4.4166,6.5716,3.3334
3.9115,3.0171,16.262,22.224,19.874,35.053,52.46,7.5203,35.895,51.273,1.3356,1.4266,11.46,1.7854,6.952,6.2095,27.805,4.3913,6.5671,3.3228
3.8995,2.9993,16.239,22.19,19.797,34.639,51.804,7.2101,35.497,50.62,1.3465,1.4311,11.357,1.7884,6.8928,6.1196,27.71,4.3671,6.5638,3.3142
3.8821,2.9712,16.219,22.166,19.701,34.226,51.15,6.9023,35.091,49.962,1.3461,1.4064,11.298,1.7892,6.8755,6.0326,27.65,4.346,6.5624,3.3078
3.8838,2.955,16.209,22.117,19.648,33.821,50.489,6.5946,34.681,49.296,1.3373,1.4027,11.306,1.7859,6.9193,5.9493,27.625,4.3283,6.5636,3.3031
3.8838,2.9597,16.201,22.083,19.628,33.43,49.833,6.2925,34.268,48.622,1.3271,1.4247,11.402,1.7794,7.0455,5.8685,27.633,4.3138,6.5678,3.2998
3.8979,2.9377,16.255,22.054,19.628,33.053,49.167,5.9975,33.852,47.932,1.3219,1.4318,11.599,1.7726,7.2766,5.7875,27.665,4.3025,6.5752,3.2965
3.8796,2.922,16.281,22.023,19.637,32.692,48.512,5.7149,33.432,47.219,1.3276,1.45,11.908,1.7679,7.6264,5.7028,27.713,4.2935,6.5854,3.2913
3.8728,2.9236,16.279,21.971,19.642,32.341,47.801,5.451,33.008,46.482,1.3458,1.455,12.334,1.7671,8.1076,5.6123,27.766,4.2868,6.5984,3.2832
3.8766,2.9128,16.312,21.929,19.654,31.996,47.012,5.2014,32.576,45.726,1.3721,1.4524,12.885,1.77,8.7321,5.5171,27.816,4.2821,6.6136,3.2728
3.8641,2.9037,16.298,21.892,19.695,31.651,46.23,4.9521,32.136,44.956,1.4005,1.4524,13.559,1.7753,9.5143,5.4183,27.857,4.2778,6.6301,3.2614
3.8335,2.8797,16.262,21.848,19.755,31.298,45.424,4.6983,31.683,44.166,1.4261,1.4495,14.334,1.7817,10.452,5.3156,27.885,4.2733,6.6481,3.2498
3.8379,2.8521,16.283,21.795,19.794,30.929,44.567,4.448,31.211,43.354,1.4465,1.4635,15.176,1.7892,11.517,5.2095,27.899,4.2677,6.6668,3.2387
3.8512,2.8502,16.314,21.756,19.813,30.539,43.702,4.2095,30.711,42.516,1.4621,1.4739,16.043,1.7985,12.664,5.0979,27.902,4.2606,6.6858,3.2295
3.8465,2.8563,16.299,21.717,19.848,30.121,42.841,3.9784,30.175,41.651,1.4737,1.4801,16.889,1.8119,13.847,4.9764,27.896,4.2523,6.7045,3.2214
3.829,2.8356,16.273,21.65,19.878,29.673,41.947,3.7587,29.592,40.761,1.4837,1.4969,17.677,1.8301,15.027,4.8431,27.885,4.2442,6.723,3.2112
3.8353,2.8286,16.179,21.616,19.829,29.189,40.973,3.5613,28.952,39.846,1.4926,1.5024,18.382,1.8531,16.155,4.6998,27.869,4.2376,6.7405,3.197
3.8412,2.808,16.152,21.581,19.756,28.66,39.952,3.3787,28.245,38.911,1.5012,1.5,18.991,1.8803,17.189,4.5535,27.848,4.2331,6.7564,3.1793
3.8262,2.7823,16.232,21.54,19.78,28.071,38.945,3.2029,27.456,37.961,1.5099,1.499,19.492,1.9084,18.098,4.4121,27.818,4.2295,6.7706,3.1586
3.8098,2.7701,16.279,21.476,19.752,27.405,37.91,3.0361,26.566,36.987,1.5196,1.5279,19.856,1.9328,18.863,4.2838,27.777,4.2255,6.7826,3.1359
3.8196,2.7584,16.298,21.454,19.676,26.644,36.827,2.8802,25.559,35.984,1.5296,1.5504,20.065,1.9487,19.458,4.1736,27.722,4.2191,6.7919,3.1134
3.8151,2.7417,16.27,21.449,19.617,25.778,35.708,2.7368,24.43,34.951,1.5384,1.5336,20.107,1.9528,19.847,4.0806,27.653,4.2089,6.7983,3.0931
3.8006,2.7426,16.267,21.406,19.537,24.81,34.589,2.6012,23.184,33.892,1.5438,1.5199,19.984,1.9437,20.031,3.996,27.577,4.195,6.8016,3.0753
3.7831,2.734,16.28,21.36,19.46,23.763,33.481,2.4739,21.852,32.811,1.5429,1.5218,19.718,1.9222,20.039,3.9127,27.503,4.1784,6.8021,3.0589
3.7594,2.7117,16.224,21.33,19.381,22.672,32.321,2.3624,20.484,31.702,1.5362,1.5301,19.35,1.8906,19.888,3.8253,27.441,4.1609,6.7999,3.0426
3.7519,2.7047,16.156,21.299,19.309,21.589,31.166,2.2641,19.143,30.564,1.5253,1.523,18.931,1.8538,19.606,3.7315,27.403,4.1436,6.7954,3.0275
3.7524,2.7052,16.163,21.265,19.212,20.564,30.007,2.177,17.896,29.392,1.5111,1.5054,18.497,1.815,19.233,3.6316,27.395,4.1272,6.789,3.013
3.7624,2.6782,16.167,21.22,19.122,19.638,28.792,2.1006,16.795,28.171,1.495,1.4784,18.071,1.7774,18.806,3.5271,27.419,4.1121,6.781,2.9981
3.7645,2.6559,16.163,21.184,19.066,18.835,27.526,2.0334,15.875,26.889,1.4777,1.4526,17.667,1.743,18.349,3.4208,27.472,4.0979,6.7715,2.9836
3.7504,2.6381,16.152,21.148,18.985,18.149,26.201,1.9739,15.141,25.527,1.4602,1.4529,17.277,1.7135,17.86,3.3128,27.546,4.0841,6.7611,2.9699
3.7392,2.6468,16.125,21.129,18.882,17.545,24.793,1.9162,14.566,24.054,1.4427,1.4739,16.886,1.6899,17.344,3.2015,27.629,4.0711,6.7493,2.9564
3.7496,2.6475,16.063,21.088,18.782,16.959,23.243,1.8591,14.093,22.407,1.4249,1.4607,16.476,1.671,16.813,3.0862,27.713,4.0583,6.7365,2.9424
3.734,2.6285,16.079,21.047,18.693,16.309,21.543,1.8064,13.639,20.496,1.4107,1.4396,16.023,1.6533,16.273,2.9654,27.787,4.0458,6.722,2.927
3.7195,2.614,16.066,21.004,18.614,15.509,19.651,1.7555,13.111,18.236,1.4003,1.4356,15.483,1.6339,15.731,2.8342,27.842,4.033,6.7066,2.9109
3.7143,2.5901,16.044,20.968,18.535,14.496,17.412,1.6978,12.418,15.61,1.3915,1.4275,14.794,1.6095,15.194,2.6871,27.874,4.0202,6.69,2.8932
3.6956,2.5842,15.996,20.937,18.439,13.246,14.762,1.6373,11.502,12.708,1.3821,1.4157,13.913,1.5786,14.684,2.5211,27.877,4.0072,6.6732,2.8723
3.6998,2.5727,15.967,20.889,18.322,11.791,11.696,1.5805,10.356,9.736,1.3723,1.4154,12.838,1.5422,14.22,2.3405,27.85,3.9944,6.6569,2.8494
3.6928,2.5366,15.96,20.845,18.231,10.222,8.3409,1.5284,9.0338,6.9716,1.3636,1.4031,11.615,1.5032,13.804,2.1553,27.792,3.9823,6.642,2.8252
3.6834,2.5197,15.882,20.814,18.146,8.6741,5.2573,1.4868,7.651,4.6802,1.3548,1.3759,10.343,1.4667,13.439,1.9798,27.705,3.9712,6.6289,2.7996
3.679,2.5117,15.829,20.782,18.032,7.3065,3.1061,1.4669,6.363,3.0277,1.3456,1.3889,9.1643,1.4358,13.137,1.8318,27.592,3.9607,6.619,2.7741
3.6567,2.4828,15.818,20.736,17.92,6.2721,2.0963,1.4765,5.3383,2.038,1.3382,1.4088,8.2343,1.4126,12.891,1.7266,27.458,3.9508,6.6119,2.7513
3.6436,2.4572,15.809,20.698,17.832,5.6921,1.86,1.5075,4.7252,1.6314,1.3309,1.4119,7.6709,1.3987,12.687,1.6719,27.309,3.9409,6.6074,2.7336
3.6321,2.4206,15.866,20.664,17.792,5.6372,1.9144,1.5463,4.6245,1.6994,1.3224,1.4005,7.5258,1.3946,12.536,1.6653,27.151,3.9314,6.6053,2.7213
3.6291,2.4028,15.721,20.606,17.677,6.1181,2.038,1.5858,5.0733,2.1673,1.3146,1.3958,7.7967,1.4006,12.454,1.6999,26.989,3.9236,6.6048,2.7137
3.6366,2.4317,15.559,20.528,17.544,7.0853,2.5515,1.6149,6.0383,3.0201,1.3124,1.3932,8.4394,1.4154,12.443,1.7676,26.827,3.9186,6.605,2.7104
3.6218,2.4595,15.583,20.488,17.502,8.4351,3.9266,1.6257,7.4204,4.2691,1.3195,1.3726,9.3568,1.4365,12.497,1.8581,26.667,3.9172,6.6057,2.7096
3.6007,2.4663,15.586,20.452,17.449,10.027,6.1293,1.627,9.0691,5.8934,1.3335,1.3761,10.41,1.4617,12.622,1.9585,26.511,3.9195,6.6067,2.7085
3.5803,2.4586,15.572,20.414,17.386,11.702,8.5997,1.6287,10.808,7.8031,1.3496,1.3877,11.468,1.4882,12.816,2.0589,26.356,3.924,6.6083,2.7054
3.5721,2.4631,15.519,20.351,17.331,13.306,10.912,1.6339,12.467,9.8399,1.3624,1.3911,12.438,1.5138,13.069,2.1517,26.202,3.929,6.6107,2.7016
3.5667,2.4586,15.505,20.295,17.266,14.713,12.968,1.6415,13.911,11.813,1.366,1.3764,13.268,1.5379,13.386,2.2301,26.046,3.9321,6.615,2.6969
3.5501,2.4556,15.482,20.243,17.203,15.842,14.668,1.6499,15.056,13.542,1.3588,1.3681,13.947,1.5607,13.783,2.2902,25.888,3.9319,6.6218,2.6909
3.5407,2.4356,15.444,20.168,17.164,16.66,15.882,1.6578,15.877,14.902,1.3461,1.3778,14.508,1.5829,14.278,2.3305,25.73,3.9283,6.6316,2.6831
3.5412,2.4267,15.396,20.094,17.102,17.18,16.672,1.6607,16.397,15.84,1.3378,1.3882,15.014,1.6043,14.896,2.3535,25.576,3.9226,6.6443,2.6746
3.5449,2.4358,15.324,20.056,17.032,17.446,17.14,1.6569,16.668,16.368,1.3427,1.4043,15.515,1.6234,15.656,2.3613,25.431,3.9172,6.6604,2.6658
3.5431,2.422,15.222,20.039,16.986,17.515,17.326,1.6514,16.749,16.535,1.3655,1.4233,16.032,1.6401,16.571,2.3568,25.301,3.9143,6.6789,2.6559
3.5029,2.415,15.249,19.981,17.007,17.447,17.219,1.6473,16.693,16.408,1.4043,1.4228,16.569,1.6556,17.623,2.3419,25.187,3.9157,6.6993,2.6457
3.5013,2.414,15.261,19.915,16.994,17.289,16.808,1.6437,16.541,16.058,1.4519,1.4261,17.101,1.6715,18.765,2.3182,25.092,3.9224,6.7206,2.636
3.5075,2.3946,15.25,19.885,16.983,17.08,16.175,1.638,16.326,15.567,1.4983,1.4507,17.598,1.6901,19.942,2.2867,25.013,3.933,6.7419,2.6277
3.4945,2.3803,15.251,19.843,16.972,16.843,15.572,1.625,16.073,15.012,1.5362,1.4742,18.033,1.7126,21.087,2.2505,24.949,3.9454,6.7625,2.6204
3.4964,2.3813,15.151,19.794,16.914,16.595,15.033,1.6076,15.801,14.455,1.5639,1.4867,18.386,1.7389,22.135,2.2121,24.896,3.9562,6.7817,2.6137
3.4919,2.3698,15.102,19.775,16.887,16.345,14.416,1.5889,15.528,13.938,1.5836,1.508,18.653,1.7669,23.053,2.1747,24.851,3.9629,6.7987,2.6099
3.4732,2.3533,15.114,19.756,16.884,16.102,13.868,1.5653,15.265,13.487,1.6006,1.541,18.84,1.7937,23.817,2.1394,24.814,3.9641,6.8137,2.6081
3.4671,2.3416,15.052,19.733,16.82,15.867,13.533,1.5362,15.018,13.104,1.6198,1.5388,18.953,1.8164,24.407,2.1077,24.782,3.9603,6.826,2.6059
3.4608,2.3386,15.055,19.727,16.772,15.644,13.219,1.5123,14.785,12.766,1.6399,1.5424,19.007,1.8332,24.833,2.0802,24.754,3.9536,6.8357,2.6017
3.4533,2.3192,15.012,19.7,16.708,15.432,12.863,1.5006,14.563,12.446,1.6551,1.5528,19.007,1.843,25.101,2.0558,24.727,3.9477,6.8426,2.5955
3.4457,2.3138,14.844,19.66,16.642,15.229,12.515,1.4984,14.346,12.135,1.6594,1.5402,18.959,1.8458,25.235,2.0316,24.698,3.9446,6.8468,2.5879
3.4106,2.3102,14.808,19.613,16.639,15.033,12.213,1.4939,14.129,11.835,1.6504,1.5249,18.879,1.8413,25.261,2.0075,24.663,3.9456,6.8485,2.5796
3.3966,2.3096,14.832,19.586,16.588,14.841,11.938,1.4865,13.91,11.546,1.6295,1.5234,18.774,1.8301,25.184,1.9848,24.615,3.9496,6.8475,2.5718
3.4207,2.3086,14.787,19.554,16.527,14.654,11.611,1.4774,13.689,11.271,1.6002,1.5315,18.637,1.8143,25.019,1.963,24.549,3.9532,6.8449,2.5664
3.4088,2.2833,14.73,19.497,16.5,14.473,11.263,1.4599,13.473,11.019,1.5701,1.5298,18.455,1.7968,24.793,1.9409,24.464,3.9527,6.8409,2.5623
3.3761,2.2579,14.668,19.472,16.423,14.304,10.988,1.4381,13.27,10.797,1.5447,1.5005,18.23,1.7796,24.502,1.9192,24.356,3.9461,6.8364,2.5586
3.3799,2.2706,14.558,19.459,16.353,14.154,10.756,1.4222,13.092,10.613,1.5232,1.4867,17.978,1.7633,24.142,1.9,24.227,3.9337,6.8319,2.5548
3.3689,2.2732,14.515,19.394,16.33,14.035,10.568,1.4181,12.95,10.481,1.5031,1.4844,17.724,1.7482,23.754,1.8841,24.082,3.9191,6.8279,2.5517
3.3522,2.2735,14.363,19.333,16.227,13.953,10.473,1.4248,12.848,10.41,1.4841,1.4718,17.486,1.7334,23.361,1.8713,23.929,3.9068,6.8248,2.5477
3.3405,2.2746,14.159,19.263,16.115,13.909,10.474,1.4312,12.789,10.397,1.4685,1.4363,17.293,1.7167,22.972,1.863,23.773,3.9013,6.8224,2.5434
3.3213,2.2613,14.201,19.199,16.119,13.899,10.527,1.4322,12.763,10.431,1.4576,1.4216,17.166,1.6971,22.581,1.8611,23.62,3.9044,6.8198,2.5382
3.2964,2.239,14.25,19.145,16.096,13.907,10.613,1.4262,12.757,10.488,1.4533,1.4199,17.074,1.6738,22.174,1.8637,23.47,3.9136,6.8167,2.5301
3.2805,2.2392,14.197,19.077,16.026,13.918,10.688,1.4128,12.755,10.545,1.4574,1.4159,16.971,1.6478,21.757,1.8659,23.32,3.9238,6.8118,2.5209
3.2662,2.2491,14.097,19.004,15.932,13.915,10.741,1.4011,12.743,10.578,1.4661,1.4166,16.825,1.6202,21.317,1.8654,23.168,3.9281,6.8049,2.5138
3.2789,2.2406,13.997,18.91,15.846,13.892,10.779,1.3941,12.716,10.585,1.4702,1.4024,16.618,1.5937,20.81,1.8614,23.006,3.9229,6.7957,2.5095
3.2662,2.2244,13.93,18.799,15.774,13.848,10.811,1.3943,12.675,10.573,1.4612,1.3678,16.356,1.5703,20.262,1.8531,22.834,3.9077,6.7838,2.5062
3.2364,2.2127,13.788,18.734,15.648,13.791,10.835,1.3999,12.626,10.552,1.4361,1.3612,16.056,1.5515,19.704,1.8424,22.655,3.8861,6.7703,2.5036
3.2241,2.2286,13.585,18.69,15.471,13.734,10.84,1.403,12.577,10.539,1.3975,1.3555,15.757,1.537,19.158,1.8334,22.472,3.8648,6.7559,2.5012
3.2194,2.221,13.493,18.609,15.398,13.684,10.864,1.4013,12.534,10.543,1.3517,1.3454,15.497,1.5246,18.62,1.8301,22.287,3.8494,6.7417,2.4965
3.2083,2.1909,13.489,18.55,15.384,13.64,10.923,1.3937,12.496,10.563,1.307,1.3321,15.28,1.5121,18.078,1.833,22.104,3.8421,6.7277,2.4863
3.1948,2.1733,13.479,18.482,15.31,13.593,10.978,1.3815,12.454,10.589,1.2705,1.2937,15.08,1.4975,17.533,1.8389,21.92,3.8402,6.7147,2.474
3.1714,2.1631,13.407,18.39,15.218,13.53,10.992,1.3724,12.399,10.602,1.2433,1.2636,14.858,1.481,16.979,1.8448,21.732,3.8383,6.7026,2.4636
3.147,2.1567,13.272,18.33,15.116,13.437,11.001,1.3695,12.323,10.591,1.221,1.2731,14.587,1.463,16.399,1.8474,21.534,3.8293,6.6908,2.4532
3.1537,2.141,13.102,18.306,14.988,13.309,10.999,1.3674,12.22,10.544,1.1983,1.2928,14.249,1.4449,15.776,1.845,21.323,3.8094,6.6789,2.4411
3.1418,2.1178,12.932,18.235,14.861,13.148,10.927,1.3595,12.094,10.459,1.1734,1.2895,13.847,1.4257,15.136,1.8382,21.1,3.7791,6.6664,2.4283
3.1148,2.1063,12.799,18.123,14.757,12.966,10.846,1.3437,11.949,10.347,1.1493,1.2726,13.405,1.4049,14.504,1.8299,20.867,3.7431,6.6531,2.4172
3.0968,2.1057,12.558,18.035,14.59,12.778,10.747,1.3209,11.796,10.208,1.1301,1.2504,12.954,1.3817,13.858,1.8221,20.628,3.7092,6.6394,2.406
3.0811,2.0998,12.48,17.963,14.474,12.599,10.623,1.2937,11.641,10.047,1.119,1.234,12.539,1.3573,13.215,1.8164,20.387,3.6839,6.6252,2.3949
3.0722,2.0871,12.404,17.876,14.367,12.432,10.462,1.2678,11.488,9.8743,1.1171,1.2144,12.167,1.3341,12.591,1.8126,20.146,3.6697,6.6114,2.3864
3.0637,2.0698,12.238,17.786,14.24,12.276,10.294,1.247,11.333,9.691,1.1208,1.2061,11.818,1.3155,11.993,1.8081,19.906,3.6652,6.5984,2.3812
3.0159,2.0196,12.224,17.748,14.225,12.12,10.116,1.2358,11.17,9.4963,1.1239,1.204,11.48,1.3032,11.438,1.8012,19.669,3.665,6.5866,2.3764
2.999,2.01,12.153,17.662,14.155,11.955,9.9169,1.2315,10.995,9.2896,1.1204,1.1912,11.134,1.297,10.914,1.7906,19.433,3.6635,6.5759,2.3696
2.992,2.036,11.968,17.534,14.066,11.773,9.6531,1.231,10.804,9.0727,1.1078,1.1964,10.789,1.2951,10.448,1.7785,19.206,3.6576,6.5669,2.3613
2.9784,2.0374,11.728,17.418,13.965,11.576,9.3575,1.2331,10.6,8.8481,1.0901,1.185,10.473,1.2934,10.088,1.7674,18.994,3.647,6.5596,2.3547
2.9717,2.0437,11.422,17.332,13.784,11.371,9.0838,1.2343,10.389,8.6175,1.0709,1.1625,10.219,1.2903,9.835,1.7579,18.807,3.6337,6.5539,2.3504
2.9454,2.0421,11.235,17.275,13.677,11.167,8.8136,1.2353,10.181,8.3859,1.0531,1.176,10.078,1.2846,9.7237,1.7513,18.651,3.6219,6.5501,2.3487
2.9096,2.0133,11.277,17.183,13.718,10.971,8.5746,1.2376,9.9804,8.1619,1.041,1.1746,10.06,1.2783,9.7568,1.7484,18.533,3.614,6.5487,2.3497
2.9049,1.9915,11.221,17.087,13.7,10.786,8.3558,1.2333,9.7919,7.9459,1.0363,1.1521,10.134,1.2731,9.9214,1.7465,18.453,3.61,6.5496,2.3525
2.9034,1.9964,11.064,17.007,13.664,10.611,8.1403,1.2212,9.6152,7.7382,1.038,1.1533,10.267,1.2698,10.2,1.743,18.41,3.6086,6.5529,2.3561
2.8877,1.9978,10.832,16.919,13.587,10.443,7.944,1.2059,9.448,7.5355,1.0425,1.167,10.43,1.2698,10.543,1.7368,18.397,3.6079,6.5584,2.358
2.8938,1.9751,10.681,16.819,13.566,10.278,7.7652,1.1901,9.287,7.3342,1.0491,1.1561,10.609,1.2731,10.922,1.7295,18.407,3.6069,6.5657,2.3577
2.8836,1.9683,10.556,16.75,13.559,10.115,7.5809,1.1731,9.1295,7.1372,1.0581,1.1616,10.787,1.2796,11.336,1.7217,18.433,3.6072,6.574,2.3577
2.8558,1.968,10.4,16.68,13.497,9.9541,7.3773,1.1554,8.9732,6.9418,1.0657,1.1642,10.949,1.2881,11.757,1.7143,18.466,3.6093,6.5825,2.358
2.8561,1.9634,10.231,16.624,13.458,9.7935,7.1897,1.1422,8.8164,6.7412,1.0676,1.1602,11.103,1.297,12.155,1.7091,18.497,3.6155,6.5903,2.3577
2.8504,1.9779,10.101,16.585,13.474,9.6296,6.9704,1.1348,8.6575,6.5319,1.0635,1.1696,11.246,1.3054,12.504,1.7079,18.516,3.624,6.5967,2.3558
2.8385,1.9833,9.963,16.472,13.42,9.4568,6.7244,1.1262,8.4939,6.3069,1.0536,1.167,11.337,1.3113,12.804,1.7082,18.517,3.6318,6.601,2.3532
2.8216,1.9878,9.8285,16.362,13.367,9.2685,6.4594,1.1156,8.3236,6.0667,1.0382,1.1661,11.354,1.3118,13.052,1.707,18.495,3.6335,6.6029,2.3513
2.8083,1.9786,9.7309,16.304,13.359,9.0613,6.22,1.1095,8.1467,5.8122,1.0197,1.1696,11.302,1.3061,13.207,1.7027,18.446,3.6254,6.6027,2.3485
2.8188,1.9743,9.6229,16.263,13.337,8.8365,5.9668,1.1047,7.9653,5.554,1.0034,1.1616,11.191,1.2949,13.248,1.6947,18.368,3.6069,6.6001,2.3435
2.8413,1.9664,9.4884,16.203,13.276,8.6014,5.7089,1.0987,7.7832,5.3066,0.9942,1.14,11.033,1.2791,13.238,1.6823,18.266,3.5811,6.596,2.3374
2.8455,1.9802,9.209,16.123,13.13,8.3669,5.4702,1.0949,7.6051,5.0719,0.992,1.1253,10.855,1.2604,13.221,1.6679,18.143,3.5539,6.5903,2.3319
2.819,1.9908,8.9974,16.07,13.014,8.145,5.2618,1.0955,7.4355,4.8559,0.9946,1.1348,10.703,1.2413,13.185,1.6553,18.003,3.5331,6.584,2.326
2.8137,1.9709,9.0564,16.077,13.084,7.9435,5.0541,1.0949,7.2766,4.6667,0.9996,1.1346,10.605,1.2267,13.133,1.6482,17.848,3.5236,6.5771,2.3194
2.8158,1.9746,8.9623,16.038,13.091,7.7659,4.8685,1.0891,7.1291,4.4995,1.0039,1.1265,10.535,1.2185,13.073,1.6471,17.684,3.5262,6.5695,2.312
2.7998,1.9982,8.7867,15.962,12.999,7.6098,4.7141,1.0783,6.9915,4.3508,1.0041,1.1381,10.459,1.2174,12.98,1.6499,17.512,3.5371,6.5615,2.3047
2.7837,2.0124,8.7569,15.918,12.944,7.4696,4.6136,1.068,6.8639,4.2179,0.9998,1.1379,10.354,1.2222,12.794,1.6563,17.331,3.5503,6.5525,2.2964
2.771,1.9884,8.7564,15.94,12.969,7.3401,4.5061,1.0563,6.7462,4.0964,0.9942,1.11,10.195,1.2286,12.486,1.6653,17.146,3.5605,6.5427,2.2865
2.7691,1.9769,8.7096,15.892,12.971,7.2186,4.3901,1.0462,6.6401,3.9802,0.9904,1.1,9.9666,1.231,12.094,1.6741,16.961,3.5646,6.5314,2.2763
2.759,1.9732,8.6028,15.818,12.912,7.1059,4.2778,1.0462,6.5475,3.871,0.9899,1.0969,9.6808,1.2243,11.648,1.6819,16.787,3.5619,6.5188,2.2689
2.7647,1.9812,8.5116,15.788,12.794,7.0043,4.1812,1.0539,6.4696,3.7779,0.9915,1.0806,9.3637,1.2076,11.149,1.6899,16.629,3.5567,6.5044,2.2647
2.7525,1.9945,8.43,15.777,12.708,6.9179,4.1149,1.0595,6.4063,3.7021,0.9927,1.0685,9.0414,1.1853,10.609,1.6996,16.494,3.5522,6.4883,2.2618
2.7103,1.9671,8.4525,15.761,12.732,6.8478,4.0429,1.0607,6.3564,3.6337,0.9889,1.05,8.717,1.1631,10.049,1.7108,16.387,3.5508,6.4703,2.2587
2.7298,1.9465,8.4928,15.761,12.71,6.7938,3.952,1.0563,6.3166,3.5698,0.9766,1.0311,8.3828,1.1458,9.4655,1.7219,16.307,3.5522,6.4513,2.2542
2.7574,1.9823,8.5068,15.707,12.658,6.7523,3.8509,1.0544,6.2841,3.5075,0.9567,1.0077,8.0333,1.1362,8.8481,1.7349,16.249,3.5551,6.4314,2.2471
2.7241,1.9857,8.5556,15.613,12.59,6.7196,3.7777,1.0575,6.2564,3.4409,0.9323,1.0055,7.6624,1.1331,8.2064,1.7498,16.206,3.5574,6.4113,2.2372
2.7119,1.9668,8.6102,15.569,12.529,6.6922,3.7403,1.0657,6.232,3.3744,0.9072,0.9996,7.2769,1.1317,7.5544,1.7664,16.175,3.5577,6.3921,2.2261
2.718,1.9589,8.6913,15.548,12.444,6.6687,3.7071,1.0819,6.21,3.3261,0.8838,1.0022,6.8923,1.1291,6.9283,1.7863,16.149,3.556,6.3746,2.2168
2.7197,1.9547,8.7951,15.512,12.419,6.6486,3.6929,1.1032,6.1908,3.3067,0.8637,1.0103,6.5259,1.1247,6.3566,1.8126,16.123,3.5544,6.3592,2.21
2.706,1.9528,8.8961,15.492,12.396,6.633,3.6725,1.1245,6.1757,3.3121,0.8473,0.9842,6.2024,1.1207,5.86,1.8465,16.096,3.5553,6.3469,2.205
2.6964,1.9818,8.9124,15.445,12.289,6.6226,3.6541,1.1463,6.166,3.3374,0.8338,0.9454,5.941,1.1171,5.4669,1.8874,16.067,3.5608,6.3377,2.2012
2.6876,1.9894,8.9519,15.362,12.264,6.6176,3.6732,1.1666,6.1619,3.3827,0.8246,0.9574,5.7511,1.1151,5.1747,1.9343,16.036,3.5714,6.3313,2.1984
2.6761,1.9836,9.2254,15.325,12.296,6.6176,3.7076,1.1931,6.1643,3.4381,0.8225,0.9669,5.6336,1.1161,4.9689,1.9869,16.005,3.5873,6.3277,2.1958
2.6779,1.9945,9.4603,15.274,12.253,6.6211,3.7441,1.2267,6.1731,3.489,0.8293,0.9897,5.5789,1.1197,4.8426,2.043,15.977,3.6062,6.3263,2.1924
2.6683,1.9997,9.5753,15.211,12.245,6.6275,3.8059,1.2577,6.1897,3.534,0.8431,0.997,5.5765,1.1264,4.7882,2.1027,15.955,3.6259,6.3268,2.1884
2.6496,1.9917,9.6654,15.182,12.285,6.6365,3.8906,1.2894,6.2155,3.5792,0.8585,0.9565,5.6123,1.1389,4.7955,2.168,15.94,3.6444,6.3291,2.1849
2.6576,2.0006,9.7886,15.189,12.3,6.6479,3.9501,1.3331,6.2524,3.6328,0.8703,0.9525,5.6717,1.1588,4.8448,2.2408,15.934,3.6609,6.3334,2.1806
2.6515,2.013,9.9719,15.141,12.3,6.6607,4.0117,1.394,6.3012,3.6984,0.8755,0.9804,5.7487,1.1838,4.9319,2.3217,15.939,3.6751,6.3403,2.1763
2.6763,2.0114,10.097,15.081,12.35,6.6735,4.0614,1.4796,6.3604,3.7772,0.8729,0.9759,5.8427,1.2089,5.0688,2.4103,15.958,3.6872,6.35,2.174
2.6859,2.0198,10.169,15.036,12.395,6.6837,4.159,1.5942,6.4248,3.8698,0.8649,0.9617,5.9571,1.2308,5.2478,2.5062,15.992,3.6979,6.3632,2.1747
2.6574,2.0218,10.244,15.003,12.402,6.6886,4.2679,1.7396,6.489,3.9612,0.8568,0.9735,6.0921,1.2474,5.4643,2.6066,16.042,3.7078,6.3798,2.1787
2.6316,2.0096,10.29,14.97,12.425,6.6872,4.3584,1.9062,6.5477,4.0273,0.8535,0.9688,6.2413,1.2602,5.7182,2.7068,16.108,3.7171,6.399,2.1842
2.6377,2.0231,10.369,14.955,12.467,6.6825,4.4048,2.0797,6.6022,4.0578,0.8568,0.996,6.3981,1.2715,6.0113,2.8056,16.192,3.7258,6.4203,2.1903
2.6465,2.046,10.424,14.951,12.51,6.6813,4.3764,2.2581,6.6595,4.0623,0.8641,1.0058,6.5579,1.2864,6.3405,2.9048,16.292,3.7339,6.4426,2.1974
2.6473,2.0364,10.478,14.937,12.541,6.6936,4.2726,2.4483,6.7334,4.068,0.8722,1.0001,6.7251,1.309,6.6882,3.0104,16.405,3.7419,6.4641,2.2043
2.6168,2.0238,10.512,14.931,12.604,6.7315,4.1897,2.6536,6.8416,4.1038,0.8788,1.0013,6.9096,1.3405,7.0474,3.1298,16.532,3.7495,6.4843,2.2114
2.598,2.0278,10.543,14.913,12.675,6.8051,4.2106,2.8849,7.0017,4.198,0.8821,0.9885,7.1187,1.3827,7.4313,3.2726,16.669,3.7557,6.502,2.2192
2.6189,2.0327,10.628,14.898,12.74,6.9202,4.4102,3.158,7.2267,4.3794,0.8805,0.9558,7.3576,1.4368,7.8462,3.4516,16.816,3.7597,6.5179,2.2287
2.6172,2.041,10.726,14.872,12.797,7.0768,4.7088,3.4924,7.5208,4.6608,0.8743,0.9638,7.6333,1.5047,8.2774,3.6782,16.972,3.7611,6.5321,2.2396
2.6032,2.0522,10.736,14.856,12.857,7.2681,5.0158,3.9026,7.8784,5.0333,0.8663,0.9963,7.943,1.5858,8.7063,3.96,17.133,3.7606,6.5451,2.2512
2.6013,2.0599,10.694,14.816,12.884,7.482,5.4105,4.4021,8.2836,5.4828,0.8585,1.02,8.2743,1.6775,9.1359,4.3013,17.298,3.7597,6.5581,2.263
2.598,2.1075,10.577,14.786,12.893,7.7024,6.0042,5.0041,8.7108,5.9924,0.8504,1.0107,8.6161,1.7751,9.56,4.702,17.465,3.7606,6.5721,2.2756
2.6168,2.1616,10.546,14.762,12.901,7.9127,6.655,5.7132,9.1304,6.5361,0.8416,0.9816,8.9682,1.8755,9.9619,5.1581,17.629,3.7654,6.587,2.2895
2.6215,2.1682,10.724,14.736,12.982,8.0965,7.229,6.5188,9.5129,7.0825,0.8345,0.9728,9.3346,1.9784,10.356,5.6634,17.788,3.7737,6.6029,2.3063
2.5945,2.1778,10.758,14.72,13.047,8.2417,7.7048,7.4113,9.8354,7.6105,0.8317,0.9695,9.7023,2.0861,10.774,6.2091,17.934,3.7841,6.6195,2.3255
2.5999,2.1919,10.701,14.671,13.066,8.3425,8.1162,8.3855,10.086,8.1112,0.8352,0.9899,10.05,2.2024,11.232,6.7845,18.062,3.7921,6.6361,2.3464
2.5976,2.221,10.748,14.655,13.113,8.401,8.5377,9.4403,10.265,8.5855,0.8461,1.0095,10.361,2.3313,11.715,7.3863,18.164,3.7945,6.6514,2.3679
2.569,2.2504,10.745,14.624,13.165,8.4264,8.9467,10.5704,10.387,9.044,0.8653,1.0055,10.62,2.4737,12.163,8.0169,18.237,3.7893,6.6652,2.389
2.5608,2.2694,10.741,14.615,13.192,8.4332,9.3358,11.7889,10.467,9.5108,0.89,1.0069,10.817,2.6273,12.54,8.6914,18.282,3.7779,6.6768,2.4091
2.5636,2.2898,10.735,14.563,13.184,8.4356,9.7765,13.1414,10.527,10.003,0.9132,1.0271,10.96,2.7906,12.836,9.4362,18.306,3.764,6.686,2.4281
2.5671,2.3267,10.571,14.458,13.095,8.4437,10.214,14.6887,10.576,10.52,0.9286,1.0361,11.07,2.9629,13.033,10.2861,18.318,3.7535,6.6931,2.4482
2.5767,2.3367,10.453,14.419,13.077,8.4574,10.702,16.492,10.613,11.042,0.9321,1.0067,11.176,3.1436,13.135,11.2753,18.329,3.7514,6.6979,2.4707
2.5688,2.3428,10.603,14.443,13.163,8.4676,11.222,18.5927,10.628,11.524,0.9257,0.9958,11.276,3.3297,13.149,12.4051,18.346,3.759,6.7007,2.4949
2.5428,2.3569,10.714,14.413,13.2,8.4569,11.672,20.9661,10.603,11.909,0.9127,1.0214,11.329,3.5152,13.077,13.6304,18.37,3.7734,6.7019,2.519
2.5252,2.3756,10.741,14.376,13.226,8.4072,11.904,23.4903,10.518,12.142,0.8982,1.0169,11.295,3.6876,12.921,14.8727,18.399,3.7886,6.7014,2.5417
2.5355,2.3932,10.737,14.34,13.211,8.3044,11.873,25.9579,10.364,12.194,0.8862,0.9932,11.132,3.8329,12.648,16.022,18.428,3.7978,6.6986,2.5628
2.5411,2.3967,10.755,14.311,13.196,8.1453,11.685,28.1479,10.142,12.076,0.8788,0.9818,10.83,3.9389,12.261,16.9776,18.454,3.7964,6.6938,2.5813
2.5322,2.3883,10.767,14.282,13.165,7.9385,11.428,29.8937,9.8655,11.826,0.8746,0.9653,10.413,4.0015,11.781,17.6802,18.476,3.7829,6.6865,2.5974
2.5249,2.4112,10.693,14.253,13.08,7.702,11.153,31.1204,9.5581,11.505,0.8679,0.9596,9.9278,4.0243,11.21,18.1254,18.499,3.7609,6.6765,2.6104
2.5122,2.4302,10.576,14.223,13.029,7.4573,10.879,31.8633,9.2443,11.169,0.8549,0.9447,9.4369,4.0169,10.578,18.3601,18.527,3.736,6.6642,2.6197
2.5177,2.434,10.459,14.167,12.965,7.2229,10.617,32.2342,8.9448,10.86,0.8345,0.9421,8.9864,3.9925,9.8994,18.4536,18.566,3.714,6.6498,2.6242
2.5247,2.4541,10.49,14.16,12.917,7.0105,10.414,32.3658,8.6708,10.593,0.8075,0.9515,8.594,3.963,9.1733,18.4742,18.617,3.6986,6.6339,2.6242
2.5104,2.456,10.675,14.17,12.912,6.8227,10.244,32.3621,8.4247,10.365,0.7758,0.9141,8.2559,3.9348,8.4354,18.4641,18.678,3.6905,6.6171,2.6211
2.4917,2.4748,10.674,14.129,12.874,6.6545,10.083,32.2823,8.2012,10.161,0.745,0.9174,7.9492,3.9087,7.7219,18.4269,18.743,3.6875,6.6003,2.6178
2.4841,2.4875,10.588,14.143,12.819,6.4975,9.9119,32.1502,7.9916,9.9666,0.7228,0.9098,7.6579,3.8822,7.0751,18.3535,18.805,3.6851,6.5844,2.6171
2.4898,2.4846,10.667,14.154,12.796,6.3441,9.7668,31.9731,7.7879,9.7713,0.7133,0.8753,7.3763,3.853,6.5252,18.2317,18.858,3.6799,6.5705,2.6206
2.5094,2.4886,10.751,14.108,12.738,6.1894,9.6344,31.7576,7.5854,9.5681,0.7176,0.8757,7.1023,3.8188,6.1049,18.0513,18.899,3.6702,6.5589,2.6275
2.4984,2.4954,10.695,14.1,12.659,6.0331,9.4627,31.5109,7.3825,9.3578,0.7346,0.875,6.8435,3.7812,5.8273,17.8161,18.926,3.656,6.5501,2.6346
2.4696,2.5141,10.622,14.108,12.608,5.8787,9.2704,31.2379,7.1814,9.1432,0.7604,0.8637,6.6126,3.7439,5.6841,17.545,18.941,3.6403,6.5449,2.6393
2.4497,2.5101,10.6,14.112,12.531,5.7298,9.0682,30.9408,6.9856,8.9265,0.786,0.871,6.4175,3.7118,5.6421,17.2584,18.948,3.6254,6.5427,2.6393
2.4564,2.4907,10.494,14.073,12.495,5.5896,8.8579,30.6171,6.7978,8.7046,0.8035,0.8653,6.2574,3.6879,5.6703,16.9709,18.946,3.6136,6.5437,2.6348
2.4675,2.4919,10.491,14.057,12.539,5.4588,8.6343,30.26,6.6197,8.4813,0.8104,0.8698,6.1271,3.6724,5.7359,16.6934,18.934,3.6046,6.5472,2.6275
2.4403,2.4782,10.546,14.051,12.554,5.3352,8.3811,29.8675,6.4506,8.2587,0.8061,0.8499,6.0113,3.6609,5.815,16.4203,18.908,3.597,6.5527,2.6201
2.4192,2.4517,10.575,14.044,12.539,5.2161,8.1209,29.4487,6.2891,8.0347,0.7924,0.8665,5.8953,3.6499,5.896,16.1376,18.863,3.5878,6.5593,2.6142
2.4387,2.452,10.592,14.06,12.51,5.0989,7.8661,29.0211,6.134,7.8078,0.7734,0.8641,5.7712,3.636,5.9699,15.8385,18.795,3.5754,6.5662,2.6083
2.4298,2.4717,10.58,14.063,12.451,4.9831,7.5876,28.5941,5.9853,7.5798,0.7552,0.8298,5.6376,3.6174,6.0116,15.5285,18.704,3.5601,6.5731,2.6007
2.4293,2.4614,10.553,14.018,12.413,4.8701,7.3631,28.1792,5.8446,7.3612,0.7405,0.8303,5.5003,3.5941,6.0348,15.2225,18.597,3.5442,6.5787,2.5912
2.4431,2.4494,10.414,13.982,12.299,4.7633,7.2011,27.7871,5.7139,7.157,0.7277,0.8487,5.3674,3.5666,6.0424,14.9338,18.479,3.5312,6.5825,2.5803
2.4192,2.4564,10.325,13.95,12.208,4.6653,7.0311,27.415,5.5943,6.9683,0.7166,0.8454,5.2512,3.5351,6.0203,14.6767,18.359,3.5229,6.5844,2.5697
2.4063,2.4431,10.455,13.929,12.237,4.5779,6.889,27.0535,5.4847,6.8044,0.7083,0.8201,5.1578,3.4996,5.9566,14.46,18.24,3.5198,6.584,2.5619
2.401,2.4278,10.531,13.938,12.253,4.5004,6.7715,26.7023,5.3833,6.6657,0.7041,0.8101,5.0752,3.4599,5.8425,14.2655,18.123,3.5196,6.5816,2.5581
2.37,2.4206,10.509,13.928,12.201,4.4311,6.6635,26.3609,5.2871,6.5406,0.7041,0.8274,4.9937,3.419,5.6878,14.0711,18.011,3.5184,6.5773,2.5562
2.3696,2.4028,10.462,13.929,12.115,4.3676,6.5695,26.0233,5.1943,6.4165,0.7102,0.8191,4.9099,3.3797,5.5043,13.8679,17.904,3.5134,6.5719,2.5538
2.3775,2.3871,10.462,13.918,12.018,4.3086,6.4288,25.6809,5.105,6.2851,0.7225,0.8004,4.8237,3.3448,5.3087,13.6541,17.806,3.5032,6.5662,2.547
2.3901,2.3725,10.523,13.923,11.986,4.2534,6.2993,25.328,5.0203,6.1499,0.7372,0.7938,4.7396,3.3149,5.1408,13.4341,17.722,3.489,6.5605,2.5361
2.3932,2.3639,10.519,13.941,11.948,4.2018,6.2169,24.9605,4.9419,6.0154,0.7479,0.7803,4.6617,3.2893,5.0222,13.2089,17.655,3.4736,6.556,2.5211
2.3821,2.341,10.485,13.946,11.861,4.154,6.1087,24.5777,4.8706,5.8832,0.7495,0.7656,4.5954,3.2661,4.9608,12.9825,17.604,3.4594,6.5529,2.5043
2.3646,2.3428,10.448,13.938,11.816,4.1097,6.0232,24.1841,4.8064,5.7648,0.7429,0.7562,4.5421,3.2439,4.949,12.7618,17.566,3.4485,6.552,2.4885
2.3503,2.3473,10.446,13.941,11.785,4.0675,5.9578,23.7901,4.7477,5.6668,0.7311,0.7488,4.4981,3.2228,4.9719,12.5465,17.534,3.4402,6.5532,2.4745
2.3496,2.3083,10.471,13.944,11.751,4.0263,5.8482,23.4,4.6925,5.5841,0.7176,0.75,4.4592,3.2049,5.0219,12.3355,17.502,3.4331,6.5562,2.4638
2.3533,2.2857,10.49,13.927,11.719,3.9851,5.7596,23.0226,4.6402,5.5102,0.7057,0.7464,4.4218,3.1912,5.0873,12.1295,17.462,3.4248,6.5615,2.4551
2.3374,2.2743,10.437,13.896,11.694,3.9435,5.6959,22.6653,4.5902,5.4411,0.6967,0.7479,4.3825,3.18,5.1633,11.9284,17.411,3.4132,6.5681,2.4458
2.3093,2.247,10.401,13.888,11.68,3.9023,5.6253,22.3272,4.5438,5.3767,0.6891,0.7521,4.3437,3.1682,5.2488,11.7352,17.347,3.3981,6.5754,2.4364
2.2936,2.2177,10.375,13.876,11.627,3.8629,5.5912,22.0129,4.5014,5.3175,0.679,0.7573,4.3055,3.1531,5.3324,11.549,17.272,3.3801,6.5832,2.4255
2.3006,2.2226,10.298,13.826,11.551,3.8274,5.5765,21.7284,4.464,5.2604,0.665,0.7609,4.2696,3.1334,5.411,11.3717,17.191,3.3611,6.5908,2.4146
2.2959,2.2382,10.19,13.792,11.478,3.7973,5.5486,21.464,4.4311,5.2073,0.6501,0.7415,4.239,3.1103,5.4813,11.2087,17.108,3.3431,6.5982,2.403
2.2774,2.235,10.248,13.774,11.438,3.7732,5.479,21.2047,4.4024,5.159,0.6396,0.7045,4.2205,3.0867,5.5368,11.0676,17.027,3.3284,6.6053,2.3911
2.2647,2.2158,10.321,13.735,11.414,3.7538,5.4318,20.9396,4.3766,5.1088,0.6356,0.6799,4.2137,3.0653,5.5732,10.9456,16.952,3.3171,6.6124,2.3795
2.2638,2.2005,10.229,13.652,11.389,3.7377,5.42,20.6675,4.352,5.0518,0.6373,0.6853,4.2099,3.0481,5.5943,10.8293,16.885,3.3081,6.6197,2.3686
2.2467,2.1938,10.127,13.632,11.346,3.7232,5.38,20.3948,4.3269,4.9909,0.6408,0.6832,4.2016,3.0355,5.6069,10.709,16.823,3.2991,6.628,2.3584
2.226,2.1837,10.129,13.6,11.307,3.709,5.3089,20.1277,4.3008,4.9312,0.6408,0.6716,4.1876,3.0263,5.6028,10.5835,16.765,3.2889,6.6368,2.3497
2.226,2.159,10.14,13.497,11.276,3.695,5.2583,19.8825,4.2738,4.8775,0.6342,0.6839,4.1689,3.0202,5.5775,10.4542,16.708,3.2766,6.6462,2.3423
2.2278,2.1616,10.033,13.411,11.207,3.6827,5.2317,19.6621,4.2473,4.831,0.6207,0.6929,4.1481,3.017,5.5488,10.324,16.653,3.2626,6.6559,2.3374
2.2106,2.1753,9.8273,13.372,11.077,3.6728,5.1908,19.4505,4.2236,4.7941,0.6039,0.6782,4.131,3.0175,5.5278,10.2006,16.598,3.2486,6.6654,2.3322
2.2005,2.1829,9.7256,13.324,11.005,3.6664,5.1853,19.2387,4.2056,4.7657,0.588,0.665,4.1265,3.019,5.5164,10.0955,16.545,3.2363,6.6739,2.3267
2.1829,2.179,9.7776,13.249,11.036,3.6628,5.173,19.0207,4.1947,4.7375,0.5748,0.655,4.1372,3.0168,5.51,10.0078,16.496,3.2271,6.681,2.3215
2.1621,2.178,9.7973,13.163,11.038,3.6612,5.1185,18.7973,4.1905,4.7043,0.5639,0.6697,4.1542,3.0084,5.496,9.9261,16.452,3.22,6.6867,2.3158
2.1665,2.1712,9.7667,13.125,10.993,3.6605,5.0636,18.5774,4.1905,4.6681,0.5551,0.6707,4.1725,2.9928,5.4619,9.8477,16.413,3.2138,6.6908,2.309
2.1636,2.1452,9.6509,13.068,10.906,3.6605,5.0001,18.3666,4.1914,4.6309,0.5487,0.6662,4.1879,2.9702,5.402,9.7698,16.376,3.2067,6.6934,2.3014
2.1275,2.148,9.5625,12.965,10.843,3.6624,4.9511,18.1711,4.1912,4.5949,0.5459,0.679,4.1976,2.944,5.3141,9.6898,16.339,3.1975,6.6948,2.2931
2.1384,2.1755,9.5527,12.881,10.818,3.668,4.9066,17.9883,4.1897,4.5618,0.5489,0.6763,4.2035,2.9218,5.2002,9.6069,16.295,3.1856,6.6953,2.2836
2.1431,2.168,9.5381,12.82,10.763,3.6801,4.8722,17.8175,4.19,4.5369,0.5594,0.664,4.2092,2.9091,5.0586,9.5262,16.238,3.171,6.6953,2.2727
2.115,2.1539,9.5102,12.738,10.676,3.7007,4.8661,17.6687,4.1966,4.5187,0.5738,0.6541,4.2196,2.907,4.9009,9.4561,16.164,3.1551,6.695,2.263
2.1047,2.1631,9.3949,12.671,10.577,3.731,4.8618,17.5431,4.2137,4.5023,0.5852,0.6624,4.2402,2.9141,4.7311,9.4006,16.07,3.1388,6.6945,2.2554
2.0892,2.1823,9.2548,12.577,10.477,3.7718,4.8945,17.4412,4.2433,4.4919,0.5892,0.6664,4.2748,2.9269,4.5483,9.3637,15.957,3.1236,6.6943,2.2495
2.0709,2.1907,9.2728,12.461,10.443,3.8217,4.9106,17.3588,4.2838,4.4926,0.5847,0.6266,4.3273,2.9393,4.3593,9.3507,15.83,3.1096,6.6943,2.2448
2.0634,2.1872,9.2646,12.378,10.391,3.879,4.9059,17.2825,4.3318,4.5035,0.5714,0.6077,4.3936,2.9453,4.177,9.3568,15.693,3.0973,6.6945,2.2408
2.0484,2.1883,9.1598,12.301,10.294,3.9406,4.93,17.2035,4.382,4.5229,0.5534,0.6136,4.4645,2.9422,4.0012,9.3713,15.548,3.0862,6.6948,2.2351
2.0506,2.2073,9.0839,12.203,10.211,4.0024,4.9584,17.116,4.4306,4.5499,0.5366,0.6186,4.535,2.9307,3.8307,9.3848,15.399,3.0751,6.6948,2.2258
2.0325,2.2083,9.081,12.098,10.17,4.0619,4.9608,17.0212,4.4739,4.5817,0.5262,0.6062,4.603,2.9134,3.6607,9.3914,15.245,3.063,6.6941,2.2147
2.0023,2.1717,9.0265,12.002,10.088,4.1166,4.9746,16.9339,4.5111,4.6094,0.5224,0.61,4.666,2.894,3.4959,9.3902,15.09,3.0502,6.6927,2.2038
2.006,2.1736,8.8999,11.909,9.9724,4.1658,4.9764,16.8554,4.5428,4.6316,0.5212,0.6077,4.7254,2.8761,3.3386,9.386,14.933,3.0367,6.6905,2.1939
2.0161,2.1945,8.8352,11.802,9.8798,4.2101,4.9921,16.7817,4.5698,4.6544,0.5215,0.6046,4.7901,2.8622,3.198,9.3867,14.777,3.0232,6.6879,2.1858
1.9889,2.213,8.7782,11.665,9.7912,4.2501,5.029,16.7066,4.593,4.6759,0.5217,0.5987,4.8677,2.8515,3.0729,9.4009,14.624,3.0109,6.6855,2.1792
1.9592,2.1989,8.7764,11.558,9.747,4.2849,5.057,16.6142,4.6115,4.6901,0.5182,0.5769,4.9582,2.8386,2.9609,9.4279,14.476,3.0007,6.6839,2.1718
1.9444,2.1532,8.771,11.474,9.7137,4.3119,5.0702,16.4798,4.6224,4.6935,0.5106,0.5712,5.0499,2.8187,2.8607,9.449,14.335,2.9929,6.6832,2.1614
1.9327,2.1382,8.794,11.389,9.621,4.3259,5.0425,16.252,4.6215,4.6807,0.5004,0.5684,5.1273,2.7859,2.7667,9.4293,14.2,2.986,6.6839,2.1463
1.9247,2.14,8.7218,11.307,9.5667,4.3224,4.984,15.8812,4.6028,4.6409,0.4904,0.5662,5.1761,2.7357,2.6741,9.3324,14.072,2.9789,6.6853,2.1266
1.9116,2.1044,8.5992,11.2,9.4999,4.2975,4.9063,15.3527,4.5637,4.5677,0.4836,0.5643,5.1789,2.6673,2.5756,9.1349,13.952,2.9704,6.6874,2.1046
1.8992,2.0486,8.5317,11.091,9.3888,4.2523,4.7463,14.6839,4.5049,4.4661,0.4807,0.5376,5.1292,2.584,2.4648,8.8394,13.841,2.959,6.6889,2.0797
1.8914,2.0023,8.4851,10.976,9.3098,4.1924,4.5222,13.9358,4.4337,4.347,0.4843,0.5655,5.0364,2.4923,2.3473,8.4756,13.738,2.945,6.6893,2.0522
1.8804,1.9512,8.4361,10.861,9.2412,4.1272,4.2845,13.1998,4.3607,4.2229,0.4935,0.5927,4.9225,2.4009,2.2201,8.0958,13.641,2.9285,6.6877,2.0229
1.8636,1.9094,8.3901,10.738,9.1308,4.0687,4.0931,12.5543,4.2994,4.1099,0.5037,0.5575,4.8142,2.316,2.0847,7.7557,13.548,2.9107,6.6841,1.9933
1.8384,1.8862,8.3011,10.653,9.0415,4.0273,3.9866,12.0406,4.2615,4.0199,0.5092,0.5333,4.733,2.2414,1.953,7.4836,13.455,2.8925,6.6784,1.9646
1.8363,1.8628,8.2413,10.571,8.9369,4.0117,3.9596,11.6342,4.2542,3.9565,0.5044,0.5347,4.6923,2.178,1.8318,7.2759,13.359,2.8749,6.6718,1.9374
1.8392,1.8476,8.1773,10.438,8.8312,4.0261,3.9368,11.2745,4.2795,3.9165,0.4876,0.5357,4.6965,2.1248,1.7271,7.1094,13.257,2.8581,6.6645,1.9121
1.8317,1.8218,8.1192,10.305,8.7504,4.0725,3.8852,10.9111,4.3356,3.8982,0.4627,0.5186,4.7396,2.0787,1.6409,6.9579,13.147,2.8427,6.6576,1.8893
1.8086,1.8028,8.1031,10.222,8.6676,4.1497,3.8445,10.5235,4.419,3.903,0.4355,0.5108,4.813,2.0359,1.568,6.8063,13.028,2.8288,6.6514,1.8687
1.7644,1.7852,8.0439,10.151,8.5696,4.2556,3.825,10.1204,4.5263,3.9321,0.4125,0.5262,4.9082,1.992,1.5019,6.651,12.899,2.816,6.6465,1.8498
1.7613,1.7665,7.9233,10.057,8.4675,4.3868,3.8876,9.7232,4.6553,3.9913,0.3976,0.5155,5.0181,1.9469,1.4285,6.5011,12.76,2.8044,6.642,1.8327
1.7628,1.758,7.8755,9.9319,8.3371,4.5402,3.9726,9.3517,4.8048,4.0844,0.39,0.4919,5.1377,1.9002,1.348,6.3677,12.612,2.7935,6.6379,1.8185
1.7346,1.7571,7.8211,9.7982,8.2418,4.7124,4.0574,9.0265,4.9741,4.2058,0.3841,0.4926,5.2639,1.8545,1.2724,6.2531,12.457,2.7823,6.6334,1.8069
1.7224,1.7402,7.7187,9.693,8.1717,4.9004,4.1414,8.7491,5.1621,4.347,0.3744,0.4845,5.3944,1.8153,1.1921,6.1534,12.296,2.77,6.628,1.7962
1.7013,1.725,7.6404,9.5984,8.0555,5.1017,4.2265,8.508,5.3667,4.4997,0.3592,0.4859,5.5266,1.7877,1.1031,6.0632,12.133,2.7563,6.6214,1.7842
1.6932,1.7351,7.5677,9.476,7.9556,5.3165,4.324,8.2977,5.5877,4.661,0.342,0.4796,5.6601,1.7719,1.0216,5.9791,11.969,2.7409,6.6136,1.7711
1.6924,1.7337,7.5086,9.3563,7.8618,5.5465,4.4318,8.123,5.825,4.8308,0.3282,0.4518,5.7982,1.7648,0.9456,5.9029,11.804,2.7243,6.605,1.7574
1.6699,1.7025,7.4283,9.2493,7.7102,5.7954,4.5715,7.9823,6.0805,5.0136,0.3233,0.449,5.9441,1.7593,0.8741,5.8375,11.639,2.7073,6.5963,1.7444
1.6743,1.6886,7.3352,9.1306,7.5971,6.0665,4.698,7.8598,6.3573,5.2237,0.3301,0.4568,6.0997,1.7502,0.8111,5.7852,11.475,2.6902,6.588,1.7323
1.6636,1.7102,7.2642,9.0208,7.5112,6.3632,4.8884,7.7409,6.6578,5.4678,0.3476,0.4554,6.2661,1.7336,0.7659,5.7456,11.312,2.6739,6.5806,1.7221
1.6453,1.732,7.1742,8.9107,7.4153,6.6855,5.1417,7.6196,6.9828,5.7468,0.3704,0.4618,6.4475,1.7119,0.7412,5.7153,11.151,2.6587,6.5747,1.7143
1.634,1.7318,7.0987,8.8057,7.3361,7.0301,5.4046,7.4964,7.3304,6.0563,0.3898,0.4547,6.646,1.6896,0.7133,5.6907,10.991,2.6445,6.5705,1.7082
1.6076,1.7179,7.0509,8.674,7.2517,7.3908,5.6836,7.3722,7.6953,6.3876,0.3983,0.4473,6.861,1.6743,0.6818,5.6684,10.831,2.6317,6.5683,1.7025
1.5684,1.7285,7.0125,8.5571,7.1128,7.7586,6.0042,7.2512,8.069,6.7315,0.3924,0.4447,7.0919,1.6693,0.6598,5.6438,10.671,2.6204,6.5683,1.6965
1.5413,1.7428,6.9117,8.4537,7.0188,8.1244,6.3381,7.1416,8.4411,7.0768,0.3746,0.4346,7.337,1.675,0.6413,5.6154,10.512,2.6104,6.57,1.6902
1.5612,1.7548,6.7973,8.3245,6.9511,8.4792,6.6706,7.0454,8.8017,7.4123,0.3521,0.4237,7.5883,1.6884,0.6264,5.5836,10.356,2.6014,6.5733,1.6838
1.5738,1.7449,6.7495,8.1756,6.8317,8.8155,7.0187,6.9578,9.1416,7.7309,0.3351,0.4341,7.831,1.7057,0.615,5.5481,10.204,2.5934,6.5776,1.6767
1.5588,1.7346,6.674,8.0433,6.712,9.1288,7.347,6.8705,9.4553,8.0252,0.3325,0.4263,8.0532,1.722,0.6086,5.5098,10.059,2.5851,6.5823,1.6698
1.5307,1.7297,6.5407,7.9312,6.6065,9.4172,7.6174,6.7775,9.7417,8.2954,0.3462,0.431,8.2481,1.7349,0.6044,5.4686,9.9223,2.5766,6.587,1.6636
1.5084,1.7067,6.4449,7.8132,6.4985,9.6815,7.85,6.6822,10.003,8.5467,0.3694,0.4485,8.4138,1.7439,0.5972,5.425,9.7928,2.5676,6.5915,1.6584
1.5007,1.6901,6.4064,7.673,6.3883,9.9247,8.0664,6.587,10.245,8.7887,0.3912,0.4523,8.5512,1.7512,0.5942,5.3797,9.6692,2.5578,6.5958,1.6532
1.4675,1.694,6.3304,7.5321,6.2859,10.151,8.2933,6.497,10.474,9.0324,0.4028,0.4445,8.6679,1.7585,0.597,5.3343,9.5491,2.5481,6.5993,1.6463
1.4405,1.7154,6.2418,7.3932,6.2062,10.366,8.5391,6.4178,10.696,9.2832,0.4009,0.45,8.7764,1.7674,0.6022,5.2902,9.4312,2.5384,6.6031,1.6385
1.4332,1.72,6.1324,7.2517,6.1228,10.573,8.7998,6.3511,10.914,9.5389,0.39,0.4542,8.883,1.7779,0.6089,5.2493,9.3142,2.5294,6.6074,1.6305
1.4267,1.6924,5.9896,7.1271,6.0176,10.776,9.0497,6.2932,11.131,9.7933,0.3784,0.4625,8.9909,1.7884,0.6162,5.2114,9.1984,2.5211,6.6126,1.6238
1.4288,1.6908,5.9119,6.9916,5.906,10.977,9.3047,6.2314,11.344,10.037,0.3732,0.4836,9.1034,1.7975,0.6247,5.1777,9.0843,2.515,6.6192,1.6189
1.4062,1.673,5.8837,6.8168,5.7712,11.175,9.5593,6.1572,11.551,10.266,0.3768,0.5047,9.2195,1.8061,0.6368,5.1455,8.9718,2.5112,6.6275,1.6156
1.3868,1.6584,5.8153,6.6808,5.6909,11.37,9.7959,6.0716,11.75,10.481,0.386,0.5186,9.3346,1.8157,0.6602,5.1131,8.8616,2.51,6.6375,1.6132
1.3912,1.6664,5.682,6.5698,5.6444,11.559,10.001,5.9853,11.938,10.682,0.3981,0.53,9.4392,1.8301,0.6953,5.0792,8.7534,2.5112,6.6491,1.6096
1.3758,1.6683,5.5671,6.4068,5.5828,11.739,10.166,5.912,12.115,10.868,0.4099,0.5466,9.5259,1.8516,0.7377,5.0442,8.6469,2.5138,6.6612,1.6032
1.3621,1.646,5.4797,6.2719,5.4977,11.908,10.32,5.8621,12.28,11.033,0.4211,0.548,9.5896,1.8808,0.785,5.0075,8.5424,2.5171,6.6739,1.595
1.346,1.6205,5.3981,6.1493,5.3771,12.066,10.472,5.8369,12.435,11.182,0.4334,0.5781,9.6263,1.9162,0.8336,4.9698,8.4399,2.5197,6.6863,1.5871
1.3094,1.5928,5.3023,6.0274,5.2746,12.212,10.6,5.8274,12.58,11.317,0.4502,0.5946,9.6384,1.9535,0.8779,4.9322,8.3388,2.5202,6.6983,1.5803
1.3067,1.5996,5.2226,5.8852,5.1794,12.35,10.691,5.8128,12.72,11.444,0.472,0.5975,9.6339,1.9894,0.9174,4.8957,8.2376,2.5185,6.7102,1.5746
1.3062,1.6052,5.1483,5.7371,5.0964,12.484,10.794,5.7761,12.857,11.573,0.4966,0.6197,9.6235,2.0236,0.9574,4.8602,8.1351,2.514,6.7215,1.571
1.2867,1.6104,5.0512,5.5706,5.0163,12.621,10.904,5.7163,12.997,11.719,0.5248,0.6425,9.6171,2.0566,1.001,4.8268,8.029,2.5076,6.7331,1.568
1.2738,1.587,4.8954,5.4129,4.9071,12.767,11.047,5.6465,13.146,11.891,0.5605,0.6645,9.6244,2.0906,1.051,4.7967,7.9175,2.5003,6.7457,1.5632
1.2572,1.5506,4.7641,5.2668,4.8187,12.93,11.266,5.5792,13.31,12.099,0.6048,0.7145,9.6552,2.1272,1.1126,4.7707,7.7986,2.4937,6.7597,1.5571
1.2384,1.553,4.714,5.1408,4.7477,13.113,11.522,5.5278,13.494,12.349,0.6579,0.7685,9.7168,2.1703,1.1824,4.7489,7.6719,2.4894,6.7751,1.5511
1.2185,1.5753,4.6898,5.04,4.6397,13.32,11.806,5.4905,13.702,12.65,0.7202,0.8222,9.8132,2.2218,1.257,4.7332,7.5381,2.4885,6.7926,1.5464
1.1867,1.5753,4.5621,4.8909,4.5452,13.552,12.137,5.4627,13.936,13.006,0.7917,0.875,9.9432,2.2835,1.3378,4.724,7.3977,2.4913,6.812,1.5424
1.1897,1.5499,4.4039,4.7529,4.4379,13.807,12.556,5.439,14.194,13.416,0.8686,0.9295,10.099,2.3572,1.4254,4.7202,7.2515,2.4977,6.8333,1.5386
1.1914,1.5155,4.2291,4.7192,4.3277,14.082,13.037,5.4146,14.474,13.867,0.9468,0.997,10.265,2.443,1.518,4.7202,7.1004,2.5065,6.8561,1.5362
1.139,1.5445,4.0739,4.6997,4.2424,14.369,13.533,5.3875,14.767,14.343,1.0283,1.1017,10.423,2.5388,1.6144,4.7238,6.9451,2.5155,6.8797,1.5339
1.1506,1.587,4.1196,4.4125,4.1916,14.663,14.048,5.357,15.067,14.83,1.1187,1.1838,10.561,2.6407,1.707,4.7299,6.786,2.5242,6.9044,1.5308
1.1771,1.5616,4.0725,4.1909,4.0795,14.953,14.593,5.3281,15.366,15.319,1.2217,1.2788,10.668,2.7443,1.7953,4.7361,6.6237,2.5318,6.9295,1.527
1.1414,1.5628,3.9691,4.0535,3.9595,15.231,15.099,5.3057,15.656,15.792,1.3413,1.4294,10.743,2.8477,1.8791,4.7415,6.4594,2.5387,6.9548,1.5227
1.1337,1.5501,3.8956,3.9052,3.8686,15.488,15.582,5.2799,15.927,16.232,1.4837,1.5672,10.792,2.9476,1.9625,4.7465,6.2936,2.5458,6.9799,1.518
1.125,1.5537,3.8317,3.7982,3.7961,15.715,16.036,5.2464,16.171,16.632,1.6508,1.6802,10.814,3.0436,2.0494,4.7505,6.1276,2.555,7.005,1.5121
1.1276,1.5623,3.7286,3.6914,3.7172,15.908,16.412,5.2117,16.385,16.981,1.8377,1.8244,10.804,3.1352,2.1387,4.7503,5.9628,2.5676,7.0301,1.5052
1.1292,1.5485,3.5794,3.5247,3.619,16.067,16.706,5.1818,16.566,17.258,2.035,1.993,10.758,3.2214,2.2223,4.7427,5.8006,2.5834,7.0557,1.4993
1.11,1.5354,3.5124,3.3994,3.5245,16.199,16.921,5.1558,16.719,17.459,2.2367,2.1773,10.674,3.302,2.2943,4.7271,5.6417,2.6019,7.0815,1.4955
1.0924,1.5143,3.4338,3.3094,3.4626,16.311,17.069,5.1301,16.857,17.611,2.4383,2.3627,10.56,3.3795,2.3528,4.7041,5.4877,2.6208,7.1087,1.4936
1.0948,1.5031,3.3197,3.1823,3.3956,16.416,17.213,5.1088,16.993,17.751,2.6367,2.5202,10.43,3.4587,2.4008,4.6769,5.3385,2.6388,7.1383,1.4926
1.0868,1.4941,3.2724,3.0546,3.2892,16.522,17.293,5.0916,17.139,17.908,2.8368,2.6658,10.309,3.5462,2.4432,4.6504,5.1936,2.6554,7.171,1.4922
1.0854,1.4747,3.199,2.9576,3.1779,16.633,17.381,5.0687,17.302,18.108,3.05,2.8456,10.219,3.6478,2.4925,4.63,5.0513,2.6718,7.2082,1.4936
1.0933,1.4794,3.048,2.8647,3.1265,16.746,17.623,5.0354,17.478,18.363,3.2853,3.0516,10.174,3.7698,2.5583,4.6179,4.9108,2.6907,7.2511,1.496
1.0886,1.4883,2.94,2.7729,3.0792,16.853,18.022,5.0009,17.652,18.65,3.5492,3.2695,10.171,3.9145,2.6448,4.6115,4.7711,2.7153,7.301,1.4988
1.0741,1.4821,2.8668,2.6372,2.9964,16.941,18.403,4.9749,17.804,18.916,3.8483,3.5151,10.203,4.082,2.7551,4.6056,4.6326,2.748,7.3588,1.5031
1.0645,1.4749,2.8319,2.5239,2.9179,17.004,18.684,4.9596,17.918,19.116,4.1888,3.8082,10.26,4.2701,2.8934,4.5947,4.495,2.7902,7.4254,1.509
1.0692,1.4704,2.741,2.4275,2.8566,17.039,18.838,4.9471,17.986,19.247,4.5767,4.1367,10.332,4.4779,3.0625,4.5762,4.3593,2.8418,7.5014,1.5154
1.0739,1.4637,2.62,2.3288,2.7912,17.052,18.843,4.932,18.015,19.328,5.0165,4.5177,10.418,4.7078,3.2557,4.5521,4.2246,2.9022,7.5878,1.5227
1.0751,1.4618,2.5556,2.2395,2.7382,17.055,18.787,4.91,18.027,19.398,5.5128,4.9843,10.526,4.9656,3.4653,4.5258,4.0896,2.9709,7.6851,1.5329
1.0793,1.4548,2.4736,2.1436,2.6964,17.065,18.788,4.877,18.044,19.512,6.0712,5.4946,10.661,5.2567,3.6984,4.5026,3.9529,3.0481,7.7936,1.5464
1.0873,1.4756,2.4337,2.0402,2.6397,17.094,18.934,4.8363,18.09,19.709,6.6912,6.045,10.832,5.5893,3.9544,4.4872,3.8139,3.1345,7.9134,1.5623
1.1285,1.5007,2.3742,1.9423,2.6004,17.148,19.211,4.7995,18.173,19.993,7.3725,6.6581,11.038,5.9661,4.2269,4.482,3.6721,3.2304,8.0451,1.5805
1.1379,1.5345,2.2953,1.8816,2.5816,17.223,19.573,4.7729,18.291,20.335,8.115,7.3299,11.268,6.3856,4.5163,4.4843,3.5288,3.336,8.1879,1.5995
1.1379,1.5244,2.2184,1.8258,2.5308,17.308,20.004,4.7533,18.426,20.694,8.9149,8.105,11.502,6.8394,4.8194,4.49,3.3855,3.4509,8.3411,1.6179
1.1859,1.5129,2.1314,1.7163,2.4764,17.385,20.392,4.7294,18.554,21.033,9.7639,8.9275,11.717,7.318,5.1245,4.4957,3.2434,3.5736,8.5043,1.6359
1.2335,1.5179,2.047,1.635,2.4494,17.435,20.717,4.6959,18.653,21.305,10.6479,9.78,11.895,7.8101,5.4143,4.499,3.1035,3.7029,8.6762,1.6546
1.2525,1.5278,2.0177,1.56,2.4202,17.445,20.964,4.6583,18.707,21.484,11.5533,10.6588,12.025,8.3079,5.6746,4.4962,2.9666,3.8381,8.8562,1.675
1.2712,1.5572,1.9924,1.5197,2.4275,17.409,21.076,4.6253,18.706,21.56,12.47,11.5424,12.11,8.8071,5.9067,4.4855,2.833,3.9785,9.0445,1.6961
1.3099,1.5761,1.9416,1.4688,2.4178,17.328,21.092,4.6029,18.654,21.534,13.3957,12.4354,12.164,9.3097,6.1193,4.4654,2.7035,4.1246,9.2415,1.7176
1.3626,1.593,1.8719,1.3927,2.3667,17.214,21.038,4.5933,18.563,21.428,14.3404,13.3389,12.21,9.8222,6.3284,4.4346,2.578,4.2774,9.4497,1.7415
1.4154,1.6137,1.8164,1.3514,2.3339,17.085,20.899,4.5883,18.453,21.289,15.3239,14.2923,12.265,10.3556,6.5446,4.3934,2.4577,4.4386,9.6708,1.7695
1.4574,1.6408,1.7756,1.3216,2.3032,16.959,20.669,4.5772,18.343,21.177,16.3678,15.3646,12.346,10.9226,6.7803,4.3449,2.3431,4.6118,9.9084,1.8024
1.5204,1.6697,1.7138,1.267,2.2812,16.85,20.475,4.5576,18.253,21.142,17.4907,16.5217,12.456,11.5384,7.041,4.2965,2.2341,4.7991,10.1653,1.8424
1.6029,1.7124,1.6605,1.1981,2.2863,16.767,20.458,4.534,18.194,21.211,18.7054,17.7387,12.602,12.2153,7.3231,4.2568,2.1306,5.0037,10.4433,1.8903
1.7011,1.7524,1.6031,1.1571,2.3096,16.711,20.664,4.5172,18.17,21.387,20.0143,19.0594,12.787,12.9593,7.6169,4.2319,2.0321,5.2256,10.7431,1.9447
1.8119,1.8351,1.6146,1.1124,2.3292,16.676,21.033,4.5138,18.179,21.643,21.4108,20.4903,13.006,13.7685,7.9115,4.225,1.9379,5.4636,11.0633,2.0035
1.8994,1.9268,1.6106,1.1051,2.3412,16.655,21.412,4.5189,18.215,21.935,22.8738,21.9739,13.248,14.6298,8.2106,4.2331,1.8476,5.7127,11.3989,2.066
2.0006,1.9987,1.5278,1.1364,2.3578,16.641,21.702,4.5239,18.274,22.221,24.3681,23.5428,13.495,15.5192,8.5131,4.2478,1.7619,5.9659,11.7437,2.1347
2.1349,2.0993,1.5349,1.1104,2.3925,16.628,21.918,4.5239,18.357,22.489,25.8449,25.1558,13.725,16.4026,8.7885,4.262,1.6814,6.2138,12.0885,2.2095
2.2704,2.2197,1.5898,1.0483,2.4249,16.615,22.121,4.5169,18.467,22.736,27.2431,26.8125,13.902,17.2387,9.0087,4.2707,1.6058,6.4473,12.4234,2.2912
2.4078,2.3149,1.5499,1.054,2.4642,16.598,22.323,4.5066,18.604,22.966,28.4984,28.344,13.99,17.9871,9.147,4.2743,1.5358,6.6567,12.7381,2.3795
2.5743,2.419,1.5138,1.1011,2.5045,16.574,22.55,4.4899,18.764,23.181,29.5546,29.5809,13.967,18.6127,9.1825,4.2738,1.4709,6.8352,13.0237,2.4726
2.7372,2.5797,1.4571,1.1091,2.4971,16.535,22.826,4.4641,18.935,23.373,30.3723,30.4832,13.825,19.0913,9.1051,4.2707,1.4119,6.979,13.2731,2.5666
2.9433,2.7574,1.4719,1.1151,2.5015,16.472,23.064,4.4318,19.098,23.521,30.936,31.0842,13.572,19.4138,8.927,4.2665,1.3596,7.0877,13.4819,2.6587
3.1647,2.9625,1.5764,1.1337,2.5223,16.375,23.152,4.3959,19.234,23.607,31.2557,31.4432,13.227,19.5876,8.6821,4.2587,1.315,7.1644,13.6498,2.7473
3.3881,3.2039,1.5753,1.1314,2.5568,16.239,23.161,4.3665,19.327,23.619,31.3655,31.6336,12.825,19.6318,8.3999,4.2454,1.279,7.2139,13.7784,2.8326
3.6166,3.4338,1.507,1.1436,2.5915,16.064,23.134,4.3519,19.373,23.57,31.3184,31.6762,12.395,19.5725,8.0982,4.2253,1.252,7.243,13.8722,2.9133
3.8454,3.6424,1.5159,1.1506,2.6018,15.857,23.034,4.3524,19.373,23.471,31.1716,31.6206,11.962,19.437,7.7964,4.2006,1.2336,7.2584,13.9378,2.9903
4.095,3.8636,1.5623,1.1374,2.6166,15.629,22.9,4.36,19.337,23.335,30.9798,31.523,11.546,19.2521,7.5099,4.1746,1.2222,7.2655,13.9821,3.0658
4.388,4.1124,1.5642,1.1637,2.6245,15.393,22.812,4.3574,19.271,23.177,30.7856,31.3719,11.156,19.0413,7.2485,4.1492,1.2177,7.2688,14.0114,3.1407
4.6753,4.3535,1.5779,1.2443,2.6078,15.16,22.663,4.3348,19.181,23.005,30.6158,31.1754,10.802,18.8231,7.0183,4.1246,1.2189,7.2714,14.0323,3.2145
4.9406,4.5509,1.6397,1.294,2.5716,14.937,22.464,4.3001,19.063,22.817,30.4794,31.0584,10.492,18.6089,6.8231,4.1014,1.2255,7.2759,14.0484,3.288
5.2038,4.7456,1.6322,1.3104,2.5348,14.727,22.276,4.2638,18.911,22.603,30.3757,31.0046,10.225,18.4036,6.6581,4.0784,1.2374,7.284,14.0631,3.3604
5.4431,4.9329,1.6122,1.308,2.4684,14.531,22.084,4.2341,18.72,22.344,30.3044,30.9727,9.9958,18.2054,6.5207,4.055,1.2535,7.2972,14.0775,3.4322
5.6221,5.0927,1.6369,1.3026,2.4166,14.346,21.833,4.2126,18.489,22.029,30.2667,30.9336,9.7964,18.0103,6.4049,4.0289,1.2729,7.3174,14.092,3.4985
5.8273,5.2429,1.6156,1.3312,2.3704,14.171,21.518,4.1972,18.226,21.655,30.2641,30.948,9.6242,17.8151,6.3085,4.001,1.2949,7.3451,14.1059,3.5558
6.0379,5.3407,1.5975,1.3727,2.329,14.005,21.145,4.1851,17.945,21.231,30.2975,31.0141,9.4703,17.6194,6.2363,3.9723,1.3188,7.3794,14.1185,3.6036
6.1587,5.4215,1.5684,1.3701,2.3179,13.849,20.662,4.1768,17.665,20.787,30.3681,31.1088,9.3303,17.4292,6.1892,3.942,1.3451,7.419,14.1291,3.6413
6.2573,5.5036,1.6286,1.3568,2.2509,13.704,20.104,4.1676,17.404,20.363,30.4697,31.1995,9.2079,17.2519,6.1636,3.9101,1.375,7.4614,14.1377,3.6669
6.3309,5.5605,1.6831,1.3577,2.1921,13.574,19.64,4.1605,17.179,19.991,30.5874,31.3201,9.1075,17.093,6.1589,3.8783,1.4107,7.5049,14.145,3.6818
6.4244,5.6348,1.6643,1.3465,2.1766,13.462,19.334,4.154,16.997,19.693,30.7062,31.447,9.0286,16.954,6.1636,3.8475,1.455,7.5483,14.1523,3.6898
6.5262,5.6854,1.5851,1.3596,2.1441,13.376,19.132,4.1468,16.865,19.475,30.8121,31.6054,8.9682,16.832,6.1743,3.8177,1.5099,7.5914,14.1604,3.6976
6.606,5.7091,1.5394,1.3844,2.0845,13.318,18.854,4.1406,16.788,19.339,30.8924,31.7648,8.9249,16.7216,6.1965,3.7891,1.5774,7.6359,14.1692,3.7081
6.7024,5.7426,1.5626,1.369,2.0873,13.293,18.525,4.137,16.765,19.286,30.9345,31.8617,8.896,16.6157,6.2365,3.7647,1.6577,7.6847,14.1763,3.7239
6.7516,5.8143,1.5971,1.3265,2.0758,13.301,18.322,4.1408,16.795,19.311,30.9343,31.9313,8.8711,16.5075,6.2863,3.7478,1.751,7.7403,14.1758,3.7493
6.7823,5.8587,1.6371,1.3109,2.0205,13.335,18.311,4.1559,16.866,19.404,30.8936,32.0118,8.8455,16.3925,6.3353,3.7396,1.8573,7.8031,14.1583,3.7862
6.8337,5.8816,1.575,1.328,2.0039,13.385,18.512,4.1667,16.961,19.538,30.8003,31.9732,8.8136,16.2607,6.3729,3.7393,1.9774,7.8694,14.1114,3.8348
6.8709,5.9121,1.4984,1.3618,1.9906,13.441,18.845,4.1667,17.059,19.67,30.6013,31.852,8.7669,16.0862,6.3945,3.7462,2.1122,7.9284,14.0226,3.8966
6.9342,5.9787,1.594,1.372,1.9886,13.495,19.117,4.1519,17.143,19.765,30.1988,31.6265,8.6902,15.8273,6.3843,3.7559,2.2647,7.9629,13.8817,3.9735
7.0054,6.027,1.6551,1.3664,1.9985,13.544,19.253,4.1339,17.212,19.82,29.4691,31.1642,8.5519,15.4321,6.3265,3.7604,2.4385,7.9546,13.6861,4.0675
7.008,6.0753,1.6237,1.3509,1.9488,13.598,19.174,4.125,17.279,19.869,28.313,30.418,8.3193,14.8632,6.1937,3.7566,2.6379,7.8912,13.4426,4.18
7.0127,6.1256,1.5717,1.3823,1.9369,13.671,19.038,4.1222,17.375,19.982,26.728,29.2719,7.9868,14.1243,5.9479,3.749,2.8671,7.7775,13.17,4.3115
6.9971,6.1694,1.5717,1.3999,1.9475,13.778,19.072,4.1253,17.531,20.251,24.8725,27.387,7.5885,13.2893,5.577,3.7443,3.1279,7.6416,12.8958,4.4628
6.9433,6.2217,1.5912,1.4245,1.9664,13.927,19.406,4.1334,17.768,20.756,23.068,24.6551,7.1964,12.5,5.1588,3.7476,3.4189,7.5315,12.6535,4.6354
6.8875,6.2254,1.5455,1.4463,1.9786,14.119,20.149,4.1429,18.089,21.526,21.7091,21.7631,6.9039,11.9258,4.8223,3.7649,3.7317,7.5045,12.4747,4.8296
6.9033,6.254,1.5476,1.4439,1.9336,14.342,21.297,4.1544,18.477,22.522,21.1214,20.3441,6.7978,11.7018,4.6736,3.7985,4.0514,7.6087,12.3831,5.0394
7.0139,6.3155,1.586,1.4634,1.9047,14.575,22.622,4.1635,18.898,23.667,21.4378,21.5126,6.916,11.8777,4.7591,3.8452,4.3579,7.8677,12.3895,5.2512
7.1779,6.36,1.5956,1.4402,1.8979,14.795,23.847,4.1836,19.315,24.876,22.5517,24.2845,7.2155,12.3947,5.0548,3.8956,4.6297,8.2722,12.4887,5.452
7.3713,6.4382,1.556,1.4503,1.9361,14.984,24.852,4.2164,19.7,26.069,24.1583,26.9577,7.602,13.1094,5.4539,3.9446,4.8498,8.7844,12.6611,5.6298
7.5558,6.502,1.6184,1.4883,1.9638,15.127,25.758,4.243,20.037,27.194,25.8726,28.829,7.9819,13.847,5.8347,3.9915,5.0075,9.3523,12.8783,5.774
7.6755,6.5454,1.6727,1.4986,1.9483,15.222,26.642,4.26,20.322,28.248,27.3724,30.0477,8.29,14.4693,6.1236,4.0339,5.1034,9.9268,13.1075,5.8818
7.822,6.5629,1.6458,1.5049,1.9055,15.269,27.556,4.2787,20.564,29.245,28.4889,30.8952,8.4996,14.9103,6.3175,4.0711,5.1453,10.4739,13.3207,5.959
7.991,6.554,1.6816,1.5169,1.8921,15.273,28.484,4.3116,20.77,30.196,29.2198,31.4941,8.6258,15.1782,6.4547,4.1047,5.1446,10.9785,13.4966,6.0137
8.178,6.5749,1.6999,1.5075,1.9231,15.233,29.391,4.3595,20.945,31.103,29.6638,31.9644,8.708,15.3268,6.5721,4.1353,5.1121,11.4415,13.6257,6.0497
8.4438,6.6199,1.6668,1.4909,1.9205,15.152,30.183,4.4078,21.087,31.956,29.948,32.3336,8.7816,15.4184,6.6846,4.1601,5.0551,11.8706,13.7078,6.067
8.6371,6.5883,1.799,1.5631,1.8719,15.025,30.885,4.4646,21.186,32.729,30.1741,32.6372,8.8574,15.4955,6.7924,4.1779,4.9757,12.2735,13.7502,6.0658
8.8231,6.5772,1.8881,1.6467,1.8424,14.851,31.428,4.5205,21.234,33.399,30.3937,32.9624,8.9301,15.5725,6.8845,4.1907,4.8737,12.6533,13.7642,6.0424
9.1059,6.5665,1.9395,1.6584,1.8483,14.632,31.82,4.5545,21.22,33.957,30.6141,33.2909,8.9933,15.6383,6.9742,4.2006,4.7491,13.0114,13.7611,5.9898
9.3663,6.5644,1.8764,1.6976,1.8429,14.374,32.134,4.5695,21.142,34.415,30.823,33.5511,9.0407,15.6726,7.0637,4.2056,4.6061,13.346,13.7505,5.9045
9.5974,6.5821,1.8795,1.7646,1.8228,14.086,32.347,4.5828,21.004,34.792,31.0084,33.7498,9.0644,15.6479,7.1419,4.2056,4.4536,13.6569,13.7386,5.7911
9.7896,6.5348,1.9769,1.8112,1.7475,13.779,32.45,4.5983,20.816,35.108,31.1671,33.8621,9.0547,15.5407,7.2139,4.2023,4.3046,13.9447,13.7292,5.6575
10.0329,6.4839,2.0897,1.8314,1.7628,13.462,32.519,4.6085,20.592,35.387,31.2997,33.8552,9.0056,15.3345,7.2871,4.195,4.1744,14.2099,13.723,5.518
10.3188,6.5112,2.1314,1.8483,1.7979,13.14,32.545,4.6102,20.343,35.648,31.4079,33.7877,8.9133,15.0275,7.3567,4.1845,4.0744,14.4541,13.7199,5.3878
10.5852,6.5532,2.1886,1.9345,1.7841,12.814,32.607,4.6179,20.075,35.899,31.4946,33.6342,8.7766,14.6396,7.4178,4.1744,4.0098,14.6771,13.7197,5.2784
10.8813,6.5231,2.1808,2.0278,1.7676,12.477,32.706,4.6241,19.786,36.141,31.5623,33.3399,8.6085,14.2181,7.4632,4.1672,3.9757,14.8798,13.7216,5.1946
11.2113,6.4919,2.2252,2.0124,1.7381,12.118,32.8,4.6236,19.465,36.377,31.6114,32.97,8.4359,13.8322,7.508,4.1642,3.9605,15.0648,13.7256,5.1325
11.4382,6.4933,2.2955,1.986,1.7449,11.722,32.783,4.6296,19.092,36.607,31.6436,32.5688,8.2952,13.5602,7.5483,4.163,3.9503,15.2365,13.7322,5.0821
11.5898,6.4528,2.2751,2.1012,1.7075,11.277,32.718,4.65,18.643,36.824,31.6587,32.233,8.2213,13.4599,7.5862,4.1625,3.9333,15.4023,13.7419,5.0347
11.7244,6.465,2.3358,2.2064,1.6727,10.77,32.598,4.6806,18.096,37.01,31.6552,32.0083,8.2324,13.552,7.6295,4.1611,3.9039,15.5699,13.7552,4.9864
11.8572,6.4563,2.4225,2.1958,1.7075,10.195,32.449,4.7126,17.434,37.152,31.6303,31.9019,8.325,13.8113,7.6757,4.1561,3.8651,15.7466,13.7727,4.9405
11.9475,6.4141,2.3845,2.1774,1.7369,9.5558,32.28,4.7468,16.651,37.25,31.5813,31.9884,8.4756,14.1779,7.7237,4.1478,3.8253,15.937,13.7945,4.9026
12.0452,6.359,2.4351,2.1618,1.7058,8.8652,32.077,4.7825,15.757,37.312,31.5086,32.1392,8.6485,14.5729,7.7761,4.1367,3.7936,16.143,13.821,4.8794
12.0963,6.2733,2.4893,2.1686,1.6985,8.1458,31.803,4.8107,14.781,37.347,31.4195,32.3419,8.8126,14.9278,7.8171,4.1215,3.7777,16.3633,13.8518,4.8779
12.128,6.2252,2.5413,2.2088,1.7341,7.427,31.525,4.8373,13.766,37.364,31.3253,32.5802,8.9493,15.1993,7.8547,4.1028,3.7819,16.5932,13.8869,4.9037
12.1184,6.2116,2.5139,2.2062,1.7735,6.7391,31.229,4.8641,12.765,37.399,31.2415,32.7336,9.0544,15.3797,7.8943,4.0815,3.8082,16.8269,13.9252,4.9573
12.0893,6.1741,2.468,2.2233,1.7194,6.108,30.897,4.8871,11.827,37.49,31.1782,32.8284,9.1371,15.4814,7.9366,4.0585,3.8561,17.0569,13.9674,5.0373
12.0686,6.134,2.4652,2.2568,1.6257,5.5507,30.572,4.9103,10.99,37.619,31.1377,32.9427,9.2083,15.5283,7.9767,4.0339,3.9238,17.2738,14.0126,5.1406
12.0539,6.1216,2.4896,2.2896,1.6446,5.074,30.336,4.9304,10.272,37.667,31.1155,33.018,9.2751,15.5448,8.0138,4.0081,4.0095,17.4673,14.0609,5.262
11.9986,6.1047,2.4623,2.3041,1.7051,4.6752,30.112,4.937,9.6701,37.386,31.0998,33.0562,9.3414,15.5484,8.0539,3.9825,4.1116,17.6269,14.1123,5.394
11.9325,6.0732,2.4675,2.2538,1.7262,4.347,29.962,4.9213,9.1726,36.521,31.078,33.1286,9.408,15.5462,8.1055,3.9574,4.2255,17.7427,14.167,5.5273
11.8486,6.0468,2.5252,2.2296,1.7294,4.0808,29.863,4.8775,8.7624,35.007,31.0449,33.1428,9.4729,15.5412,8.1538,3.9326,4.346,17.8085,14.2243,5.6547
11.7756,5.9794,2.6363,2.2704,1.6587,3.8698,29.524,4.811,8.4271,33.066,31.0025,33.117,9.5361,15.5359,8.2009,3.9101,4.4673,17.8218,14.2826,5.7714
11.7101,5.899,2.5408,2.3672,1.6428,3.7102,28.649,4.7287,8.1609,31.195,30.9639,33.1182,9.6026,15.5343,8.2592,3.893,4.5838,17.7846,14.339,5.8754
11.629,5.9304,2.4143,2.3977,1.7147,3.5996,27.739,4.6502,7.962,29.987,30.9397,33.1061,9.6758,15.5353,8.3272,3.8805,4.6908,17.7032,14.3892,5.9663
11.5872,5.9556,2.4607,2.2903,1.7395,3.5347,27.125,4.6055,7.8282,29.86,30.9315,33.0334,9.754,15.535,8.398,3.8698,4.7853,17.5836,14.4268,6.0464
11.5509,5.9245,2.4828,2.2439,1.7247,3.5094,27.465,4.6064,7.751,30.849,30.9253,32.9269,9.8338,15.5199,8.474,3.8589,4.864,17.4306,14.4432,6.1212
11.5036,5.9229,2.4626,2.3076,1.6943,3.5153,28.431,4.6411,7.7155,32.506,30.8822,32.7699,9.8994,15.4632,8.5571,3.8447,4.9253,17.2433,14.4292,6.1963
11.4405,5.946,2.4239,2.3892,1.7247,3.5432,28.755,4.694,7.7034,34.17,30.7344,32.5257,9.9238,15.3278,8.6371,3.8246,4.9667,17.0164,14.3752,6.2773
11.4171,5.9646,2.4541,2.4031,1.7686,3.5844,28.491,4.7413,7.6986,35.356,30.396,32.1501,9.8733,15.077,8.6765,3.7973,4.9862,16.7403,14.2724,6.3673
11.4553,6.0049,2.526,2.3909,1.7709,3.6323,28.02,4.766,7.6904,35.893,29.7843,31.4858,9.7203,14.6844,8.64,3.7689,4.9821,16.4057,14.1152,6.4681
11.4109,6.0316,2.5156,2.4103,1.7826,3.6839,27.537,4.7641,7.6752,35.907,28.8465,30.3944,9.4513,14.1403,8.501,3.7445,4.9551,16.0085,13.9023,6.5792
11.3337,6.0987,2.4504,2.3988,1.7696,3.7384,27.203,4.7433,7.6555,35.692,27.572,28.9216,9.0648,13.4582,8.2256,3.7265,4.9068,15.5536,13.6373,6.6941
11.2431,6.1956,2.4298,2.3517,1.7789,3.7959,27.0,4.7215,7.6352,35.545,26.0019,27.1635,8.5836,12.6751,7.8083,3.7161,4.8403,15.0591,13.3287,6.8042
11.1633,6.2707,2.4136,2.2863,1.7969,3.8561,27.03,4.7088,7.6165,35.64,24.2324,25.2083,8.0517,11.8415,7.2897,3.7128,4.7591,14.5542,12.9898,6.9008
11.107,6.2899,2.3712,2.276,1.7909,3.9179,27.392,4.7048,7.598,35.932,22.3895,23.1338,7.5139,11.0109,6.7289,3.7137,4.6669,14.0782,12.6367,6.9771
11.0538,6.3659,2.3397,2.2966,1.799,3.9778,27.766,4.7198,7.5767,36.281,20.5987,21.1775,7.0107,10.2299,6.187,3.7154,4.5689,13.6749,12.2855,7.0296
10.9919,6.5135,2.2919,2.273,1.7667,4.0318,27.953,4.7579,7.5485,36.583,18.9588,19.5574,6.5735,9.5328,5.7148,3.7145,4.469,13.3851,11.9516,7.0611
10.9753,6.6429,2.3006,2.2507,1.71,4.0749,28.059,4.8155,7.5111,36.783,17.5322,18.1962,6.2195,8.9332,5.3454,3.7126,4.3719,13.2399,11.6466,7.0858
10.9612,6.7717,2.2807,2.2411,1.7465,4.1028,28.156,4.8791,7.4635,36.858,16.3422,17.0889,5.9483,8.4293,5.0873,3.7085,4.2816,13.2555,11.3773,7.1199
10.9729,6.9839,2.2772,2.2212,1.7998,4.1125,28.223,4.9299,7.4069,36.806,15.3703,16.1603,5.7433,8.0075,4.9113,3.7012,4.2011,13.4294,11.1462,7.1743
10.9989,7.2166,2.3049,2.2746,1.7974,4.1033,28.246,4.9563,7.3444,36.642,14.5715,15.3613,5.587,7.6498,4.7986,3.6905,4.1317,13.7379,10.9518,7.2539
11.0337,7.4672,2.2425,2.2906,1.8251,4.0758,28.253,4.944,7.279,36.398,13.898,14.7127,5.4638,7.3371,4.7266,3.6766,4.0732,14.1412,10.7886,7.3541
11.0958,7.7171,2.1774,2.3194,1.8016,4.0332,28.152,4.8864,7.2127,36.108,13.3105,14.1576,5.3565,7.0562,4.6714,3.659,4.0259,14.5862,10.6506,7.4647
11.1534,7.9212,2.2643,2.2917,1.842,3.979,27.935,4.8072,7.1478,35.807,12.7866,13.6299,5.2571,6.8016,4.6141,3.6399,3.9899,15.0155,10.53,7.5717
11.1626,8.1372,2.2568,2.2554,1.878,3.9169,27.731,4.7327,7.0851,35.523,12.3147,13.1551,5.1683,6.5727,4.5587,3.6202,3.9657,15.3731,10.4208,7.6669
11.1987,8.3116,2.2634,2.2423,1.8626,3.8506,27.588,4.6741,7.024,35.26,11.8912,12.776,5.0965,6.3685,4.5284,3.602,3.9534,15.6149,10.3176,7.7503
11.2096,8.4332,2.3418,2.254,1.8579,3.7817,27.554,4.6256,6.9626,34.993,11.5187,12.4558,5.0449,6.1872,4.5364,3.5837,3.9503,15.712,10.2158,7.8192
11.1977,8.5711,2.3081,2.2657,1.9092,3.7111,27.544,4.576,6.8984,34.669,11.194,12.1711,5.0132,6.0231,4.5795,3.5648,3.9517,15.6561,10.113,7.867
11.2174,8.6535,2.209,2.2697,1.9584,3.6394,27.36,4.5124,6.8281,34.225,10.9037,11.8818,4.998,5.8661,4.6674,3.5447,3.9508,15.4582,10.0081,7.8829
11.2867,8.667,2.2608,2.2894,1.9594,3.5669,27.055,4.4238,6.7485,33.623,10.6337,11.5651,4.9928,5.7059,4.7934,3.5219,3.9427,15.1453,9.9006,7.8521
11.2359,8.6002,2.2961,2.4075,1.9282,3.4949,26.595,4.3107,6.6585,32.87,10.3773,11.2165,4.9895,5.5391,4.9329,3.4952,3.9255,14.7548,9.7921,7.7621
11.1977,8.6074,2.2301,2.3737,1.9153,3.4244,26.003,4.1952,6.5584,32.046,10.1341,10.853,4.9866,5.3696,5.0823,3.4663,3.9023,14.3274,9.6848,7.6101
11.3226,8.7054,2.2416,2.2912,1.9247,3.3571,25.414,4.0999,6.4497,31.251,9.8998,10.5338,4.9881,5.2063,5.2362,3.4371,3.8814,13.899,9.582,7.4142
11.3435,8.7525,2.2641,2.2857,1.9592,3.2941,24.944,4.0307,6.3355,30.574,9.669,10.1814,4.9973,5.06,5.3902,3.409,3.8748,13.498,9.488,7.2099
11.3339,8.8188,2.2207,2.2837,2.0262,3.2359,24.66,3.9793,6.2185,30.057,9.4418,9.8333,5.0179,4.9402,5.5443,3.3841,3.8944,13.1414,9.4063,7.0386
11.4039,8.907,2.1891,2.3121,2.0114,3.1823,24.555,3.9391,6.1001,29.702,9.2204,9.5524,5.0527,4.8466,5.6871,3.3647,3.9484,12.8366,9.3398,6.9413
11.4143,9.0114,2.1182,2.3395,2.0078,3.1324,24.471,3.8966,5.981,29.473,9.0049,9.3298,5.0979,4.7701,5.8261,3.3509,4.041,12.582,9.2893,6.9477
11.3899,9.1524,2.1673,2.3639,2.0268,3.0852,24.35,3.8458,5.861,29.319,8.7968,9.1354,5.1455,4.698,5.967,3.3408,4.1706,12.3715,9.2545,7.0635
11.3669,9.2805,2.2589,2.4007,2.0667,3.04,24.217,3.7917,5.7414,29.21,8.6019,8.9973,5.1905,4.622,6.0987,3.3322,4.3297,12.1951,9.2323,7.2693
11.32,9.3942,2.2788,2.407,2.0867,2.9967,24.055,3.7456,5.6239,29.153,8.4257,8.883,5.2336,4.5375,6.2257,3.3251,4.5083,12.0418,9.2185,7.5307
11.2746,9.5177,2.2732,2.3494,2.1049,2.9545,23.962,3.7164,5.5121,29.17,8.2656,8.7188,5.2774,4.4475,6.3405,3.3183,4.6961,11.9012,9.2076,7.8123
11.2312,9.6112,2.3096,2.3247,2.152,2.914,24.012,3.7054,5.4093,29.28,8.1152,8.5547,5.3248,4.3617,6.4449,3.3116,4.8846,11.7626,9.1948,8.082
11.1464,9.6745,2.3818,2.32,2.1654,2.8752,24.183,3.7082,5.3184,29.481,7.9715,8.4669,5.384,4.2913,6.5378,3.3067,5.0679,11.6179,9.1759,8.3179
11.0618,9.7099,2.3843,2.3475,2.1703,2.8385,24.461,3.7278,5.2395,29.753,7.8329,8.3658,5.4645,4.241,6.6086,3.3045,5.2422,11.4624,9.1484,8.5123
11.0119,9.7111,2.3208,2.3457,2.1878,2.8032,24.751,3.76,5.1709,30.054,7.697,8.2135,5.5694,4.2095,6.6678,3.3033,5.4072,11.2942,9.1115,8.6675
10.9561,9.7169,2.2465,2.3096,2.2249,2.7693,24.988,3.7975,5.1086,30.345,7.562,8.0416,5.6983,4.1909,6.7244,3.3022,5.5628,11.1157,9.0658,8.7861
10.9005,9.7052,2.2589,2.3301,2.2556,2.7366,25.185,3.8353,5.0491,30.603,7.4284,7.8632,5.8508,4.1793,6.7793,3.3014,5.7094,10.9309,9.0134,8.8721
10.8872,9.6569,2.3128,2.3714,2.2493,2.7047,25.423,3.8684,4.9902,30.833,7.3003,7.7095,6.0272,4.1669,6.8407,3.3003,5.8463,10.7458,8.9566,8.9325
10.9298,9.6028,2.2847,2.3847,2.2449,2.6734,25.645,3.8886,4.9307,31.066,7.1812,7.5092,6.2245,4.1502,6.929,3.2981,5.9739,10.566,8.8974,8.9732
10.9683,9.555,2.2167,2.3346,2.2478,2.6426,25.85,3.886,4.8715,31.351,7.0711,7.3212,6.4357,4.1291,7.0585,3.2962,6.0923,10.395,8.837,8.9978
10.9171,9.4784,2.3124,2.3478,2.2859,2.6128,26.128,3.8671,4.8138,31.718,6.9671,7.1888,6.6574,4.1054,7.22,3.2965,6.2005,10.234,8.7762,9.0078
10.8659,9.4036,2.4202,2.3749,2.2716,2.5839,26.525,3.8487,4.7586,32.169,6.8651,7.0645,6.8849,4.0793,7.4074,3.2991,6.2976,10.0817,8.7153,9.0018
10.8626,9.3262,2.3751,2.3719,2.2592,2.5564,27.025,3.8389,4.7062,32.671,6.7606,6.9314,7.1142,4.0506,7.6205,3.3031,6.3827,9.9356,8.654,8.9748
10.866,9.2531,2.2512,2.3735,2.2699,2.5299,27.644,3.835,4.6575,33.152,6.6503,6.8013,7.3411,4.0196,7.8542,3.3083,6.4523,9.7919,8.5917,8.919
10.8117,9.1624,2.2603,2.3257,2.2912,2.5046,28.188,3.8355,4.6125,33.528,6.5314,6.6661,7.5625,3.9862,8.091,3.3133,6.503,9.6467,8.5284,8.8306
10.7535,9.0776,2.3317,2.3041,2.2826,2.4809,28.568,3.8372,4.5727,33.761,6.4071,6.5458,7.7756,3.9497,8.3352,3.3149,6.5309,9.4968,8.464,8.7115
10.7847,8.9779,2.325,2.3377,2.2629,2.4591,28.768,3.8348,4.54,33.885,6.283,6.4376,7.9755,3.9099,8.5862,3.3116,6.5356,9.3398,8.3987,8.5668
10.8996,8.899,2.2068,2.3533,2.2896,2.4402,28.835,3.8294,4.5158,33.977,6.1627,6.3502,8.154,3.8644,8.8261,3.3064,6.5188,9.1731,8.3331,8.4081
11.017,8.7766,2.2047,2.4956,2.2641,2.425,28.925,3.843,4.4993,34.135,6.0504,6.2408,8.3035,3.8118,9.0471,3.3022,6.4852,8.995,8.2677,8.25
11.0784,8.6592,2.414,2.5685,2.2753,2.4143,29.354,3.8836,4.4877,34.427,5.9502,6.1174,8.4193,3.7506,9.2453,3.3007,6.4423,8.805,8.2028,8.1041
11.2094,8.6018,2.4169,2.4992,2.3025,2.4089,30.179,3.9449,4.4775,34.87,5.8673,6.0009,8.501,3.682,9.4222,3.3036,6.3976,8.6047,8.1389,7.9762
11.4223,8.5041,2.2891,2.4452,2.2685,2.4087,31.026,4.0109,4.4654,35.409,5.8055,5.9083,8.5535,3.6073,9.5861,3.3109,6.3557,8.3961,8.0766,7.8675
11.6672,8.4431,2.2859,2.3997,2.2528,2.4127,31.65,4.0657,4.451,35.935,5.761,5.8212,8.5822,3.5298,9.7327,3.3206,6.3171,8.1829,8.016,7.777
11.8566,8.4044,2.3353,2.4033,2.2891,2.4205,32.093,4.091,4.4365,36.368,5.7272,5.7497,8.5969,3.4527,9.883,3.3289,6.2792,7.9698,7.9575,7.7017
11.9796,8.3172,2.3517,2.4434,2.2336,2.4312,32.305,4.0858,4.4277,36.667,5.6938,5.6523,8.6042,3.3771,10.045,3.3325,6.2389,7.7595,7.9014,7.6368
12.0752,8.2428,2.3756,2.4696,2.2205,2.4446,32.44,4.0643,4.4299,36.819,5.6537,5.5661,8.6052,3.301,10.213,3.3306,6.1915,7.5544,7.8478,7.5812
12.1769,8.2096,2.3756,2.5167,2.2823,2.4612,32.674,4.0387,4.4465,36.826,5.6045,5.5067,8.5967,3.2245,10.382,3.3235,6.1345,7.3548,7.7979,7.5343
12.2547,8.1517,2.4841,2.5284,2.2932,2.4821,32.92,4.0105,4.4772,36.695,5.5431,5.4276,8.5739,3.1488,10.535,3.31,6.0658,7.1611,7.7515,7.4912
12.2756,8.114,2.5078,2.5064,2.2999,2.5091,33.025,3.9819,4.5201,36.431,5.4728,5.353,8.5294,3.0783,10.666,3.2917,5.985,6.9721,7.7088,7.4436
12.2873,8.1127,2.4872,2.5041,2.3421,2.5436,32.918,3.9482,4.571,36.045,5.3989,5.2988,8.4512,3.0144,10.782,3.2723,5.892,6.7876,7.6702,7.3837
12.3197,8.1431,2.493,2.5451,2.3203,2.5879,32.641,3.9056,4.6276,35.556,5.322,5.2516,8.3272,2.9608,10.881,3.2529,5.7866,6.6076,7.6352,7.3046
12.355,8.1314,2.5315,2.5615,2.2239,2.6431,32.294,3.8501,4.6892,35.02,5.241,5.2021,8.1498,2.9182,10.964,3.2344,5.6696,6.4317,7.6034,7.202
12.386,8.1013,2.5629,2.5746,2.2444,2.7096,31.882,3.7887,4.7572,34.511,5.1569,5.1562,7.9196,2.8809,11.033,3.2171,5.5427,6.2607,7.5743,7.0708
12.4111,8.0988,2.5685,2.546,2.3172,2.7887,31.534,3.7298,4.8336,34.093,5.075,5.1022,7.6442,2.8421,11.102,3.2032,5.4075,6.0952,7.5471,6.9105
12.4041,8.1155,2.5839,2.5577,2.2859,2.8813,31.356,3.6743,4.9206,33.801,4.9999,5.0378,7.3465,2.7993,11.163,3.1944,5.2661,5.9372,7.5215,6.7213
12.3729,8.0613,2.5769,2.6128,2.2533,2.9891,31.388,3.631,5.0191,33.628,4.9324,4.9992,7.0597,2.7517,11.217,3.1887,5.1197,5.7894,7.4971,6.5053
12.3351,8.028,2.5709,2.6171,2.2683,3.1148,31.5,3.6104,5.1294,33.527,4.8746,4.984,6.817,2.7024,11.286,3.1873,4.9696,5.6554,7.4741,6.2683
12.3426,7.9932,2.6322,2.64,2.2683,3.2624,31.62,3.6075,5.2516,33.452,4.8251,4.9646,6.6436,2.655,11.393,3.1892,4.8156,5.5379,7.4528,6.0194
12.2904,7.916,2.5382,2.6557,2.2722,3.4362,31.622,3.6194,5.3876,33.381,4.7773,4.949,6.551,2.6155,11.541,3.1909,4.6589,5.4397,7.4334,5.7693
12.2224,7.8928,2.5291,2.667,2.2676,3.6425,31.497,3.6386,5.5401,33.333,4.728,4.9144,6.5352,2.5871,11.714,3.1913,4.5021,5.361,7.4166,5.527
12.1828,7.8904,2.5704,2.6641,2.2496,3.8857,31.4,3.6546,5.7141,33.352,4.6776,4.8576,6.575,2.5667,11.901,3.1906,4.3491,5.3014,7.4019,5.2938
12.1818,7.8799,2.5667,2.6883,2.2865,4.1706,31.462,3.6687,5.9147,33.494,4.6276,4.7827,6.6375,2.5505,12.091,3.193,4.2073,5.258,7.3898,5.07
12.157,7.8564,2.6341,2.699,2.2915,4.4983,31.754,3.6908,6.1466,33.808,4.5803,4.7621,6.6931,2.5363,12.266,3.2006,4.0844,5.2284,7.3797,4.8595
12.1143,7.7753,2.6688,2.6847,2.2514,4.8668,32.334,3.7298,6.412,34.307,4.539,4.7202,6.7168,2.5215,12.411,3.2145,3.9894,5.2097,7.3709,4.6724
12.0782,7.7939,2.7298,2.7161,2.2498,5.2694,33.016,3.7872,6.7097,34.953,4.5059,4.6252,6.695,2.5055,12.525,3.234,3.9292,5.1995,7.3631,4.5244
12.0382,7.7737,2.7715,2.7251,2.2739,5.6959,33.752,3.8511,7.0351,35.689,4.4775,4.6044,6.6304,2.4885,12.611,3.2574,3.9065,5.1967,7.3557,4.4308
11.9901,7.6865,2.7068,2.7551,2.2507,6.1338,34.492,3.9195,7.3799,36.464,4.4502,4.644,6.5361,2.4768,12.675,3.2816,3.9198,5.1993,7.3477,4.3991
11.9564,7.6922,2.6993,2.74,2.2062,6.5697,35.131,3.9925,7.7346,37.225,4.4242,4.6051,6.4293,2.4756,12.725,3.3045,3.9617,5.2066,7.3389,4.4247
11.8218,7.6596,2.6789,2.7202,2.2631,6.992,35.622,4.0647,8.0908,37.911,4.3984,4.5727,6.3249,2.484,12.763,3.3249,4.0214,5.2173,7.3283,4.4874
11.6288,7.5831,2.639,2.7132,2.2774,7.392,36.011,4.1353,8.4411,38.466,4.3688,4.6136,6.2415,2.4995,12.794,3.3429,4.0863,5.2301,7.3152,4.5613
11.4688,7.4841,2.6529,2.7298,2.2376,7.7647,36.188,4.2057,8.7809,38.844,4.3342,4.6186,6.2008,2.5174,12.82,3.3573,4.145,5.2443,7.2994,4.6241
11.3498,7.4212,2.6524,2.7898,2.2491,8.1093,36.199,4.2666,9.1098,39.016,4.2968,4.576,6.2261,2.529,12.839,3.3673,4.1895,5.259,7.2804,4.6636
11.1569,7.3668,2.6724,2.7813,2.2613,8.4269,36.053,4.2995,9.4302,38.959,4.2551,4.5272,6.3346,2.5302,12.866,3.372,4.2165,5.2727,7.2582,4.6792
10.9566,7.253,2.6075,2.7904,2.2772,8.7217,35.751,4.2966,9.7478,38.692,4.2058,4.4971,6.5368,2.522,12.909,3.3732,4.2257,5.2831,7.2335,4.6783
10.8035,7.1628,2.6698,2.8228,2.3457,8.9992,35.291,4.2679,10.071,38.256,4.1483,4.4488,6.8288,2.5158,12.983,3.3723,4.2222,5.2881,7.2073,4.6705
10.6099,7.0542,2.7417,2.7356,2.3911,9.2657,34.848,4.2337,10.408,37.684,4.0872,4.3536,7.1871,2.5222,13.091,3.373,4.2115,5.2838,7.1803,4.6643
10.4111,6.9686,2.793,2.6951,2.3995,9.5243,34.389,4.2023,10.762,37.001,4.0237,4.3006,7.5769,2.5459,13.214,3.3784,4.2002,5.2677,7.1537,4.6634
10.3272,6.8452,2.7614,2.7896,2.453,9.7722,33.899,4.1667,11.123,36.197,3.9562,4.2494,7.9665,2.5847,13.325,3.3895,4.1919,5.2388,7.1289,4.6679
10.3579,6.6823,2.6901,2.8181,2.4546,9.9939,33.33,4.0901,11.459,35.241,3.8883,4.1907,8.3314,2.6306,13.403,3.39,4.1897,5.1976,7.1059,4.6762
10.4198,6.5468,2.6981,2.7701,2.4335,10.157,32.596,3.9741,11.713,34.149,3.8248,4.1121,8.6682,2.6737,13.439,3.3725,4.1942,5.1467,7.0851,4.6856
10.5761,6.4345,2.8837,2.7234,2.4684,10.213,31.508,3.9806,11.809,32.892,3.7715,4.0311,8.9931,2.7136,13.448,3.3983,4.2047,5.0899,7.0659,4.6923
10.7545,6.2628,2.9779,2.6993,2.5621,10.107,30.068,4.3896,11.668,31.312,3.7325,3.9757,9.3118,2.7596,13.437,3.5878,4.2196,5.0302,7.0479,4.6944
10.8218,6.1317,2.9901,2.7324,2.5886,9.7871,28.24,5.4292,11.228,29.153,3.7107,3.9506,9.5948,2.8295,13.426,4.0451,4.2395,4.9708,7.0301,4.6878
10.8527,6.074,2.9646,2.7764,2.6506,9.2297,26.091,7.189,10.475,26.213,3.7078,3.8951,9.7866,2.9372,13.43,4.8156,4.2643,4.9139,7.0121,4.6695
10.8898,6.0065,2.9267,2.7825,2.7724,8.4467,23.538,9.5485,9.4511,22.455,3.7164,3.8066,9.8245,3.0826,13.452,5.8586,4.2951,4.8611,6.9936,4.6361
10.8161,5.8865,3.0049,2.7696,2.8366,7.4931,19.743,12.1373,8.2497,18.06,3.7206,3.7642,9.6526,3.2499,13.475,7.0221,4.3323,4.813,6.9749,4.5885
10.7273,5.787,3.0639,2.8437,2.7956,6.4573,13.65,14.3397,6.9951,13.472,3.7081,3.7265,9.2427,3.4111,13.484,8.0411,4.3768,4.7699,6.9558,4.5277
10.6488,5.7114,3.0896,2.8995,2.9109,5.443,7.9921,15.6043,5.8134,9.3594,3.6723,3.6716,8.6376,3.5338,13.481,8.6587,4.4282,4.7318,6.9373,4.4538
10.5252,5.6051,3.2192,2.869,3.0787,4.5504,5.3921,15.7768,4.8071,6.2548,3.6202,3.6238,7.9499,3.5968,13.455,8.7816,4.4843,4.6975,6.9193,4.3674
10.3218,5.5286,3.3492,2.8439,3.1514,3.8627,4.7403,14.9988,4.046,4.2871,3.5619,3.5601,7.2965,3.5932,13.393,8.4621,4.5433,4.6657,6.9025,4.2707
10.1423,5.4527,3.3319,2.827,3.1971,3.4397,4.4607,13.5403,3.5736,3.2896,3.5072,3.5184,6.7777,3.5304,13.292,7.814,4.6023,4.6347,6.8873,4.1661
9.9534,5.367,3.2587,2.9182,3.2348,3.3213,4.1817,11.7552,3.4251,2.9971,3.4627,3.4947,6.4914,3.4221,13.165,6.9906,4.6579,4.6042,6.8738,4.0574
9.7263,5.2971,3.1472,2.9676,3.2721,3.53,3.9927,9.9976,3.6339,3.1928,3.426,3.444,6.5058,3.2824,13.022,6.1546,4.7079,4.5734,6.862,3.9515
9.5465,5.2491,3.2465,2.9316,3.352,4.0737,3.9866,8.5063,4.2262,3.7954,3.3881,3.3559,6.8307,3.1261,12.862,5.4181,4.7503,4.5424,6.8518,3.8584
9.4706,5.2382,3.282,2.8008,3.4392,4.9374,4.2864,7.309,5.2052,4.8718,3.3401,3.2856,7.4223,2.9663,12.686,4.8104,4.7846,4.5104,6.8423,3.7841
9.2927,5.1275,3.416,2.7715,3.4566,6.0743,5.5081,6.3664,6.5323,6.5823,3.2797,3.2595,8.2014,2.8115,12.513,4.3271,4.8097,4.4768,6.8338,3.7296
8.9623,4.9704,3.367,2.8545,3.4714,7.3991,7.967,5.6936,8.1098,8.9516,3.2129,3.2574,9.0577,2.6739,12.364,3.9761,4.8263,4.4405,6.8253,3.6917
8.7353,4.8949,3.3288,2.9004,3.5156,8.7906,11.095,5.2665,9.7814,11.805,3.1475,3.1989,9.8603,2.5624,12.24,3.75,4.8348,4.4007,6.816,3.6621
8.4949,4.8637,3.4127,2.8374,3.6117,10.104,14.249,5.0132,11.355,14.999,3.0871,3.1224,10.517,2.4794,12.123,3.6124,4.8363,4.3574,6.8056,3.6311
8.246,4.841,3.4052,2.7782,3.6309,11.197,17.282,4.8632,12.644,18.461,3.0357,3.0845,11.006,2.4172,12.009,3.5297,4.831,4.3108,6.7938,3.5913
8.0867,4.6917,3.3733,2.8137,3.5775,11.961,20.083,4.7717,13.502,21.762,2.9926,3.0502,11.309,2.365,11.876,3.4734,4.8204,4.2615,6.7807,3.5409
7.9029,4.5375,3.4169,2.7971,3.6182,12.35,22.73,4.7189,13.864,24.166,2.9519,2.9808,11.404,2.3112,11.708,3.4187,4.8052,4.2106,6.7663,3.4814
7.6771,4.4761,3.4847,2.7342,3.6891,12.403,24.991,4.6603,13.782,25.15,2.9064,2.9249,11.307,2.2495,11.479,3.3535,4.7875,4.159,6.7511,3.4154
7.4847,4.5164,3.4556,2.6873,3.6787,12.233,26.549,4.5655,13.42,24.677,2.851,2.8707,11.059,2.1789,11.187,3.278,4.7697,4.1066,6.7358,3.3479
7.312,4.5054,3.4003,2.6751,3.7406,12.002,26.317,4.4452,13.011,23.181,2.785,2.7985,10.715,2.1069,10.849,3.2017,4.7562,4.0536,6.7201,3.2851
7.0943,4.4133,3.4263,2.7314,3.9044,11.881,21.149,4.3239,12.788,21.537,2.7125,2.7587,10.349,2.042,10.477,3.1402,4.7512,3.9991,6.7043,3.2316
6.8695,4.3631,3.4891,2.8353,3.9947,11.99,13.962,4.2409,12.914,21.045,2.6398,2.7213,10.06,1.9919,10.064,3.1115,4.7593,3.9425,6.6882,3.1878
6.7472,4.2916,3.5231,2.8212,4.0045,12.369,17.299,4.2286,13.431,22.792,2.5737,2.6675,9.9337,1.9583,9.6259,3.1248,4.7825,3.8835,6.6713,3.1532
6.608,4.2265,3.5829,2.8223,4.0608,12.971,27.128,4.2894,14.242,26.567,2.5169,2.5979,9.933,1.9392,9.1875,3.1631,4.8211,3.822,6.6531,3.1248
6.4404,4.1868,3.6832,2.8945,4.1006,13.68,33.331,4.4042,15.158,31.211,2.4645,2.5309,9.9531,1.927,8.7638,3.2044,4.8725,3.759,6.6332,3.0976
6.3096,4.2082,3.769,2.9337,4.1452,14.362,36.241,4.5265,15.979,35.609,2.407,2.4608,9.9205,1.9131,8.3468,3.2351,4.9322,3.6955,6.6112,3.0661
6.2233,4.1796,3.8503,2.9296,4.2684,14.907,37.738,4.6205,16.561,38.995,2.3378,2.4105,9.785,1.8887,7.9179,3.2484,4.9954,3.6323,6.587,3.0275
6.1572,4.0837,3.9455,2.9468,4.4545,15.26,38.751,4.6768,16.852,41.027,2.2571,2.3175,9.5262,1.8451,7.4642,3.243,5.0581,3.5698,6.5605,2.9808
5.9771,4.038,3.9764,2.9993,4.4252,15.426,39.406,4.6971,16.885,41.853,2.1711,2.2431,9.161,1.7767,6.9709,3.2261,5.1176,3.5082,6.5309,2.9275
5.8306,4.0449,4.0411,3.0377,4.3017,15.449,39.949,4.6954,16.746,42.054,2.0852,2.195,8.734,1.6889,6.4198,3.2096,5.1711,3.4473,6.4978,2.8697
5.7989,3.9434,4.166,3.0563,4.3284,15.388,40.342,4.6962,16.53,42.201,1.9973,2.0612,8.285,1.5901,5.8171,3.1994,5.218,3.3865,6.4592,2.8115
5.749,3.8436,4.249,3.1052,4.4574,15.291,40.606,4.7055,16.298,42.378,1.9038,1.9367,7.8107,1.4911,5.1782,3.1913,5.2578,3.3254,6.4142,2.7561
5.6641,3.8091,4.3317,3.1743,4.5103,15.187,40.679,4.7208,16.075,42.45,1.7967,1.8576,7.2987,1.3965,4.5293,3.1807,5.2888,3.2633,6.3623,2.7047
5.4759,3.7101,4.3582,3.1664,4.5473,15.082,40.757,4.7277,15.863,42.388,1.6632,1.7775,6.7606,1.3073,3.8843,3.1681,5.3106,3.1984,6.3045,2.659
5.2603,3.6441,4.2867,3.2728,4.5047,14.974,40.748,4.7136,15.653,42.207,1.4976,1.6352,6.2081,1.2154,3.2579,3.1532,5.3229,3.1293,6.2451,2.6159
5.2193,3.606,4.2052,3.2102,4.4226,14.857,40.671,4.6772,15.44,41.926,1.3086,1.5078,5.6492,1.1126,2.6729,3.1343,5.3274,3.0566,6.1918,2.5697
5.1974,3.5072,4.3816,3.1617,4.3378,14.727,40.393,4.6205,15.225,41.57,1.1249,1.3804,5.0949,1.0039,2.151,3.1122,5.3262,2.9839,6.1553,2.5195
5.1075,3.4997,4.4283,3.1312,4.2361,14.587,39.983,4.5421,15.013,41.182,0.9998,1.2518,4.566,0.9226,1.7051,3.09,5.3217,2.9211,6.1477,2.4676
4.96,3.653,4.2239,3.0337,4.1213,14.438,39.523,4.4686,14.817,40.827,1.0105,1.1412,4.09,0.9154,1.3619,3.0706,5.3156,2.8813,6.1797,2.4184
4.808,3.5273,3.9886,3.1406,3.8468,14.283,39.217,4.4248,14.642,40.55,1.2551,1.1424,3.696,1.0329,1.1478,3.0535,5.3082,2.8799,6.2588,2.3748
4.722,3.341,3.9255,3.0457,3.5896,14.123,39.038,4.4157,14.49,40.348,1.8152,1.392,3.4071,1.304,1.092,3.0381,5.2966,2.9278,6.3843,2.3395
4.5382,3.2964,3.9525,2.8753,3.4319,13.96,39.028,4.4263,14.361,40.195,2.7096,2.1088,3.2354,1.7255,1.1801,3.0237,5.276,3.0265,6.5489,2.3116
4.4688,3.2426,3.78,2.9259,3.2906,13.794,39.013,4.4427,14.25,40.043,3.8698,3.5117,3.1736,2.25,1.3851,3.0087,5.2414,3.1669,6.7365,2.2848
4.5417,3.1966,3.3876,2.8697,3.1348,13.63,38.866,4.4626,14.153,39.844,5.1391,5.2568,3.1892,2.7941,1.6551,2.9934,5.1875,3.3275,6.9266,2.2519
4.4829,3.0696,3.3328,2.7722,2.8312,13.468,38.572,4.4753,14.066,39.57,6.3109,6.5963,3.2389,3.2632,1.9265,2.9789,5.1105,3.4814,7.0986,2.2121
4.3359,2.9325,3.3229,2.6763,2.6611,13.312,38.206,4.4696,13.986,39.235,7.1871,7.3472,3.292,3.5839,2.151,2.9664,5.0087,3.6029,7.2357,2.1695
4.3303,2.8537,3.0517,2.6356,2.654,13.161,37.786,4.4674,13.912,38.882,7.6416,7.5824,3.3275,3.7207,2.3026,2.9557,4.8831,3.6754,7.3294,2.128
4.3052,2.8849,3.075,2.4312,2.4075,13.011,37.49,4.4767,13.841,38.546,7.6743,7.4616,3.3391,3.6863,2.3693,2.9439,4.738,3.6965,7.3811,2.0944
4.0933,2.8743,3.28,2.3798,2.0532,12.856,37.261,4.4703,13.767,38.233,7.4116,7.0116,3.3379,3.5362,2.3809,2.9287,4.5767,3.6787,7.401,2.0764
3.9829,2.8242,3.1753,2.4753,1.8665,12.691,37.058,4.4274,13.682,37.93,7.0555,6.3616,3.3438,3.3628,2.3625,2.9095,4.4048,3.6448,7.4052,2.074
3.8941,2.7447,2.7644,2.4159,1.9774,12.51,36.814,4.3626,13.582,37.604,6.8115,5.8768,3.3796,3.2602,2.362,2.8884,4.2267,3.6193,7.4104,2.0811
3.8002,2.9367,2.2964,2.3772,2.0478,12.311,36.416,4.2951,13.464,37.228,6.8253,5.829,3.4599,3.2939,2.3997,2.8704,4.0455,3.6197,7.4294,2.0906
3.7882,3.0712,2.5767,2.2903,1.8497,12.098,35.858,4.2315,13.33,36.807,7.1362,6.3926,3.5875,3.4768,2.4944,2.8593,3.8634,3.6512,7.4673,2.0958
3.8709,2.9914,2.8205,2.2181,1.5984,11.877,35.317,4.1798,13.187,36.383,7.6662,7.3437,3.7505,3.7741,2.6476,2.856,3.6815,3.7045,7.5198,2.0892
3.8681,2.8995,2.8462,2.3194,1.6146,11.66,34.928,4.1509,13.045,36.004,8.2476,8.2469,3.9236,4.1081,2.8134,2.8565,3.5008,3.7595,7.5767,2.0679
3.7439,2.8828,2.8758,2.1708,1.6964,11.456,34.744,4.131,12.91,35.709,8.6982,8.8503,4.0839,4.3866,2.9434,2.8546,3.3237,3.7924,7.6233,2.0369
3.7332,2.9599,2.594,1.9788,1.6502,11.276,34.664,4.0937,12.785,35.512,8.8863,9.03,4.2193,4.5315,3.0303,2.847,3.152,3.7843,7.6463,2.0001
3.6535,2.9184,2.4917,1.8059,1.7437,11.124,34.687,4.0341,12.672,35.411,8.7627,8.7541,4.3264,4.5143,3.072,2.8347,2.9886,3.7256,7.6366,1.9601
3.585,2.8317,2.6925,2.0133,1.6756,11.001,34.717,3.9728,12.565,35.401,8.3674,8.1552,4.4154,4.3497,3.1023,2.8214,2.8382,3.6197,7.5921,1.9255
3.7141,2.939,2.6133,2.1722,1.2977,10.903,34.759,3.9353,12.465,35.49,7.8021,7.4185,4.5099,4.0825,3.1731,2.8124,2.7063,3.4805,7.5172,1.9097
3.8564,2.8641,2.5621,2.0935,1.2745,10.821,34.849,3.9484,12.367,35.722,7.1874,6.6557,4.6404,3.7655,3.3268,2.811,2.5986,3.3275,7.4223,1.9246
3.7457,2.7639,2.8353,1.9936,1.4034,10.745,35.188,4.0153,12.272,36.134,6.6152,6.0225,4.8232,3.4468,3.5695,2.8162,2.5202,3.1809,7.3193,1.9791
3.6774,2.8257,2.9437,1.8665,1.5811,10.666,35.823,4.1277,12.179,36.729,6.1241,5.5768,5.0586,3.1496,3.9068,2.8254,2.4754,3.0561,7.2198,2.0835
3.514,2.9709,2.7499,2.1129,1.5525,10.573,36.605,4.2815,12.086,37.478,5.7122,5.263,5.3414,2.8799,4.3432,2.8352,2.4662,2.9614,7.1324,2.2344
3.3586,3.0834,2.1,2.0096,1.208,10.46,37.473,4.4851,11.989,38.327,5.361,5.0167,5.659,2.6331,4.8595,2.8463,2.4887,2.8974,7.0609,2.4108
3.4613,3.2154,1.6068,1.736,0.7917,10.325,38.356,4.728,11.881,39.209,5.0555,4.8067,5.9855,2.4115,5.4214,2.8598,2.5339,2.8591,7.0055,2.5837
3.4956,2.8399,1.9987,1.7283,0.0319,10.166,39.089,4.9921,11.758,40.063,4.7934,4.6243,6.2939,2.2213,5.999,2.8754,2.5905,2.8397,6.9636,2.7257
3.4455,2.7712,2.4347,1.9621,0.6657,9.9846,39.663,5.2751,11.614,40.862,4.5814,4.3953,6.5662,2.0762,6.5866,2.891,2.6467,2.833,6.9316,2.8143
3.4948,3.2226,2.3871,1.9024,1.3922,9.7826,40.189,5.5744,11.447,41.599,4.4282,4.2236,6.8037,1.9894,7.1585,2.9029,2.6928,2.8359,6.9051,2.8392
3.3907,3.3086,2.1839,1.8483,1.1587,9.5629,40.643,5.848,11.256,42.25,4.3352,4.1533,7.0121,1.9655,7.6972,2.9062,2.725,2.8465,6.8819,2.8053
3.1833,3.348,2.2387,1.6868,0.7912,9.3279,40.931,6.0649,11.041,42.794,4.2854,4.0815,7.2013,1.9937,8.2154,2.9,2.7454,2.8655,6.8598,2.7345
2.8978,3.7024,3.0811,1.6756,0.6849,9.0802,41.2,6.2147,10.804,43.222,4.2485,4.0022,7.3877,2.06,8.699,2.8858,2.761,2.892,6.8388,2.6497
3.1706,3.4446,3.2691,1.8122,1.0542,8.82,41.373,6.3111,10.542,43.506,4.1987,3.9231,7.5864,2.1371,9.1397,2.8704,2.7767,2.9235,6.8179,2.5678
3.2475,3.0253,3.1055,1.9727,1.0172,8.5431,41.316,6.3451,10.248,43.613,4.1275,3.8319,7.8009,2.1962,9.5219,2.8584,2.7947,2.9548,6.7978,2.4986
3.1164,3.3293,3.2465,1.8237,1.0425,8.2398,41.11,6.2948,9.9091,43.522,4.0342,3.7744,8.0257,2.2074,9.8075,2.8506,2.8134,2.9801,6.7774,2.443
2.8214,3.4315,2.6625,2.1031,1.7587,7.8957,40.858,6.1673,9.4994,43.225,3.9264,3.6948,8.2466,2.1542,10.024,2.8437,2.829,2.9943,6.7571,2.3926
2.8857,3.1088,1.3875,1.9767,1.6481,7.4959,40.464,5.9838,8.9905,42.696,3.8203,3.629,8.4557,2.0292,10.203,2.8333,2.8371,2.9943,6.7362,2.3383
3.3558,3.1982,1.5717,1.5293,0.24,7.0341,39.817,5.7479,8.3622,41.891,3.736,3.5447,8.6447,1.8454,10.343,2.8148,2.8354,2.9803,6.7156,2.2732
3.1355,3.4186,3.5943,1.5996,0.0,6.5186,38.919,5.4687,7.6179,40.795,3.6813,3.5233,8.7982,1.6393,10.459,2.7859,2.8257,2.9557,6.6964,2.2005
2.7872,3.262,3.0216,1.8033,0.4697,5.9753,37.779,5.1624,6.7978,39.416,3.6477,3.4992,8.9031,1.4645,10.568,2.7468,2.812,2.9251,6.6806,2.1254
2.5903,3.0021,1.3332,1.6111,1.1194,5.4442,36.3,4.8531,5.977,37.737,3.6292,3.4357,8.9606,1.3554,10.69,2.7006,2.797,2.8934,6.6694,2.0586
2.3787,2.9772,1.4437,1.8328,1.5197,4.9641,34.54,4.5466,5.2481,35.728,3.6214,3.3566,8.9756,1.3293,10.791,2.6478,2.7821,2.8636,6.6649,2.0087
3.1106,3.3694,2.8584,1.5328,1.3135,4.5575,32.495,4.2208,4.6866,33.29,3.611,3.2449,8.9481,1.3688,10.854,2.5901,2.7667,2.8373,6.6673,1.9812
3.4116,3.1444,3.9037,1.3575,2.9147,4.217,30.127,3.8727,4.3176,30.256,3.587,3.1605,8.8749,1.4333,10.893,2.5266,2.7506,2.8146,6.6758,1.9769
3.0478,2.1304,2.8594,1.5384,4.2356,3.9077,27.399,3.502,4.1009,26.474,3.5489,3.1721,8.7435,1.4672,10.897,2.4371,2.7321,2.794,6.6882,1.9904
3.1725,2.7089,0.0,1.4221,2.8987,3.5821,24.041,3.1115,3.9442,21.935,3.4982,3.111,8.5036,1.4461,10.82,2.3018,2.7099,2.7752,6.7019,2.0096
3.606,3.5878,0.315,1.0753,1.3743,3.2046,19.747,2.7524,3.745,16.871,3.4319,3.0559,8.0839,1.3793,10.675,2.1403,2.6836,2.7582,6.713,2.0241
3.0694,3.6408,1.3575,1.499,0.885,2.7764,14.464,2.4983,3.444,11.738,3.3455,3.0258,7.4642,1.2755,10.451,1.9952,2.6557,2.7426,6.7189,2.0226
3.4716,3.0208,0.0,1.605,1.7475,2.344,8.765,2.4125,3.062,7.1381,3.2489,2.9749,6.7026,1.1289,10.135,1.9106,2.6263,2.7272,6.7166,2.0032
3.4359,3.3958,0.0,1.0294,1.5787,1.9911,4.0486,2.5287,2.7014,3.6569,3.1544,2.9067,5.9005,0.9367,9.7244,1.922,2.5941,2.7094,6.705,1.9696
2.5912,2.3676,1.515,0.9,1.4625,1.8107,1.4891,2.819,2.5076,1.6501,3.0668,2.8932,5.1901,0.6934,9.2323,2.0522,2.5564,2.686,6.6841,1.9334
1.733,2.0937,3.2175,1.08,0.0,1.8706,1.131,3.2089,2.6071,1.2108,2.9926,2.8742,4.6932,0.4062,8.6748,2.282,2.5098,2.653,6.6552,1.9073
