1.0,1.0,1.0,1.0,1.0,1.0,1.0,1.0,1.0,1.0,1.0,1.0,1.0,2.0,2.0,2.0,2.0,2.0,2.0,2.0,2.0,2.0,2.0,2.0,2.0,3.0,3.0,3.0,3.0,3.0,3.0,3.0,3.0,3.0,3.0,4.0,4.0,4.0,4.0,4.0,4.0,4.0,4.0,4.0,4.0,4.0,4.0,4.0,4.0,4.0,4.0,4.0,4.0,4.0,4.0,4.0,4.0,5.0,5.0,5.0,5.0,5.0,5.0,5.0,5.0,5.0,5.0,5.0,5.0,5.0,5.0,5.0,6.0,6.0,6.0,6.0,6.0,6.0,6.0,6.0,6.0,6.0,6.0,6.0,6.0,7.0,7.0,7.0,7.0,7.0,7.0,7.0,7.0,7.0,7.0,7.0,7.0,7.0,7.0,8.0,8.0,8.0,8.0,8.0,8.0,8.0,8.0,8.0,8.0,8.0,8.0,8.0,8.0,8.0,8.0,8.0,8.0,8.0,8.0,8.0,8.0,8.0,8.0,8.0,8.0,8.0,9.0,9.0,9.0,9.0,9.0,9.0,9.0,9.0,9.0,9.0,9.0,9.0,10.0,10.0,10.0,10.0,10.0,10.0,10.0,10.0,11.0,11.0,11.0,11.0,12.0,12.0,12.0,12.0,12.0,12.0,12.0,12.0,12.0,12.0,12.0,13.0,13.0,13.0,13.0,13.0,13.0,13.0,13.0,13.0,13.0,13.0,13.0,13.0,13.0,13.0,13.0,13.0,13.0,13.0,13.0,13.0,13.0,13.0,13.0,13.0,13.0,13.0,13.0,13.0,13.0,13.0,13.0,13.0,14.0,14.0,14.0,14.0,14.0,14.0
-0.7069253,-0.65766065,-0.12790704,-0.63497077,-0.29864,-0.17999099,-0.52138044,-0.60864011,-0.22245908,-0.36187165,-0.12601154,-0.3308964,0.12627197,-0.60246843,-0.61893457,-1.2217517,-1.0866744,-1.9803672,0.34233259,0.11187728,-1.4583242,-0.87177637,-0.90260388,-2.1039859,-0.72261691,-1.1420613,-0.8268608,-0.94434175,-0.7137893,-1.0815578,-1.1284056,-0.58255616,-1.0122442,-0.42881787,-0.82277895,0.86707656,-0.020083168,-0.067395308,0.91701203,-0.065238967,-0.60971137,-1.974965,-1.9273341,0.05691047,-0.21590956,-0.33263462,-0.67896665,0.50958566,0.43127741,2.0181899,-0.88907542,-0.89072217,-0.69498546,0.61375667,-0.25476291,-0.67565859,-0.50992226,-0.28499579,-0.99641431,0.070957758,-0.14720028,-0.32882163,-0.60069054,-0.91881317,-0.89282179,-0.89695483,-0.2872904,-0.60833688,-0.12358883,-0.50140973,-0.097372063,-0.62390084,-0.6061131,-1.6144393,-0.71333089,0.17703788,-2.2280553,-0.011768243,-1.9681743,-2.3884808,-0.87503726,-2.2509772,-1.3268419,-2.2535033,-1.8616246,-0.69151632,-0.76875383,-0.075796077,0.14223716,-0.51984889,-0.083978682,-0.71322791,-0.4875337,-0.15577471,-0.3639996,-1.3171461,-0.26414202,-0.25112816,-0.76974454,-0.30280591,-0.35156555,-0.75498976,0.035599954,-0.62625815,-0.1829343,-0.9366989,-0.79962434,-0.56764255,-0.44192385,0.10263897,-0.70413,-0.51879391,-0.28772321,0.13884372,-1.2474903,-0.030266296,-1.1219709,-0.35163628,-1.3393315,-0.32589338,0.32810044,-1.1148491,-0.20436016,-0.23912851,-0.57151605,-0.98686512,-0.30407476,-0.28352346,-0.27572969,-0.17819638,-0.66106301,-0.4083542,-0.39865384,-1.2512886,-1.4292417,-0.49219813,-0.55418175,-0.98607218,-0.60383148,-0.66157297,-1.9863663,-0.75117162,-0.65482577,-0.67204959,-1.6739562,-1.8514368,-1.2525437,-0.50425055,-1.4053299,-0.94510055,-0.73458481,-0.42800846,0.066651964,-0.33911409,0.47612073,0.20404962,0.24637791,-0.3073822,-0.39198723,-0.35382437,-0.05617478,-0.99476159,-0.9416426,-0.68931252,-0.45717459,-0.66962166,-0.8237873,-0.66881581,-0.81162542,-0.99620201,-0.35843235,-1.1139171,-1.0780454,-2.2700551,-1.0640377,-1.045072,-1.1719312,-0.67891252,0.92974715,-1.5302369,0.24220525,-1.0804413,-0.42503968,-0.61915734,-1.063096,-1.0573295,-0.43403056,-1.2030487,-0.71396428,-1.000112,-1.7098201,-0.8483909,-2.2931061,-0.96959858,-0.50827552,1.5278683,-2.5401637,-1.7631461,-0.79124713,-1.7647431
-0.7069253,-0.22623052,-0.12790704,-0.46108699,-0.41223473,-0.38574408,-0.52138044,-0.30341663,-0.36486403,-0.36187165,-0.35167718,-0.43016051,-0.23699366,0.30119727,-0.61893457,-1.2217517,-1.0866744,-0.90625978,0.34233259,0.11187728,-1.4583242,0.044250458,-0.90260388,-2.1039859,-0.72261691,-1.1420613,-0.86281142,-0.94434175,-0.69410492,-0.85722946,-1.1284056,-0.48524188,-0.75977486,-0.42881787,-0.82277895,0.95531185,-0.36478963,0.1390437,1.0551989,-0.11658583,-0.36358364,-1.974965,-1.9273341,-0.43187316,0.12554627,-0.29595031,-0.68961159,0.47540818,0.63750407,2.0181899,-0.88907542,-0.89072217,-0.14297579,0.90815214,-1.2220766,-0.39803576,-0.17837565,-0.21212808,-0.99641431,-0.078466454,-0.64661441,-0.81428193,-0.69236113,-0.91881317,-0.89282179,-0.89695483,-0.79479061,-0.60833688,-0.12358883,-0.75683243,-0.63924216,-0.59398917,-0.6061131,-0.52190011,-0.066487606,0.17703788,-1.6543038,-0.011768243,-2.0585223,-1.776833,-0.87503726,-1.98652,-1.3268419,-1.4659109,-1.5945732,-0.69151632,-0.76875383,0.039561565,0.14223716,-0.51984889,-0.083978682,-0.71322791,-0.4875337,-0.15577471,-0.3639996,-1.3171461,0.049389378,-0.096893838,-0.76974454,-0.42926213,-0.41958331,-0.79304409,0.20172123,-0.42196744,-0.30265848,-0.9366989,-0.71956829,-0.61708166,-0.77824661,0.20202222,-0.99742765,-0.51879391,-0.038091459,-0.53739295,-1.2474903,0.0046109329,-1.1219709,-0.35163628,-1.3393315,-0.47092906,0.38985762,-1.0283466,0.075677952,-0.54870889,-0.57151605,-0.99676418,-0.52516625,-0.64145504,-0.21989629,-0.24096959,-0.70941516,-0.6439986,-0.58895236,-1.2512886,-1.4176943,-0.93020132,-0.55418175,-1.3159453,-0.037662819,0.00068562019,-1.5625279,-0.19855347,-0.88790344,-0.67204959,-1.8741584,-0.93579704,-0.77456044,-0.50425055,-1.0101809,-0.94510055,-0.73458481,-0.42800846,0.066651964,-0.33911409,0.47612073,0.20404962,0.24637791,-0.3073822,-0.39198723,-0.35382437,-0.05617478,-0.99476159,-0.9416426,-0.68931252,-0.45717459,-0.66962166,-0.8237873,-0.66881581,-0.6850039,-0.99620201,0.47197936,-1.1139171,-1.0780454,-2.31902,-1.0674293,-1.1302707,-1.1719312,-0.67891252,0.55257815,-1.5302369,0.52644812,-1.0804413,-0.56827324,-0.75927963,-1.063096,-1.0573295,-0.43403056,-1.2030487,-0.71396428,-1.000112,-1.4437208,-0.8483909,-1.4610107,-0.96959858,-0.50827552,1.5278683,-2.5401637,-0.13706243,-1.3452654,-1.7647431
-0.7069253,0.09160514,-0.34194537,-0.14233216,-0.20004911,-0.32727809,-0.52976354,-0.14094306,-0.20529718,-0.22267006,-0.42604146,-0.32852473,-0.39571902,0.62765266,-0.88163266,-1.9767744,-1.4567115,0.26980544,0.34233259,0.11187728,-1.4583242,0.56188658,0.07078894,-0.99805348,-0.94295584,-0.9294527,-0.76413537,-0.79541739,-0.59063613,-0.59963315,-0.93195343,-0.65126267,-0.58778947,-0.61014086,-0.7549826,0.9202776,-0.66699397,0.26546588,0.76844848,-0.11281435,-0.19367132,-1.3721506,-0.72966387,-0.32705085,0.28940382,-0.42019181,-0.21872496,0.18131641,0.6062178,1.4967967,-0.14217,-1.5571295,0.20326965,1.0862728,-1.2936807,0.07853075,0.40751646,-0.39788573,-0.95837282,-0.66637314,-0.71488665,-0.74660684,-0.82375635,-0.74093925,-0.44035057,-0.9903142,-0.7700151,-0.50329268,-0.48594944,-1.1232421,-0.87857916,-0.51791485,-0.23974024,0.032751858,0.22674156,0.28033024,-0.98555474,-0.13258704,-1.4657341,-1.1521598,-0.30244149,-1.4107635,-0.96849416,-0.76971046,-1.1949003,-0.76320194,-0.82729802,0.061030817,0.23928787,-0.41706651,0.059237264,-0.47065958,-0.32017499,-0.20509749,-0.25526486,-0.93245601,0.13119075,0.048592442,-0.45757569,-0.5660868,-0.53842149,-0.94884152,-0.19876,-0.34851092,-0.46533274,-0.84345053,-0.58032932,-0.6555318,-0.89988445,-0.10105746,-1.0945807,-0.68632792,-0.42775084,-1.1312503,-1.0524202,-0.35769038,-1.1219709,-0.62373227,-1.3393315,-0.52052751,-0.083808885,-0.88179948,-0.0011529362,-0.80621143,-0.85861777,-0.9406842,-0.68261595,-1.1772709,-0.29295559,-0.35884991,-1.0784051,-0.91924733,-0.76870755,-1.2877058,-1.0741467,-1.2172495,0.040455689,-1.4718561,-0.20346768,0.055037876,-0.49071298,-0.22220339,-0.86412272,-0.53251261,-1.180474,-0.23046165,-0.37284357,-0.56476461,-0.62109463,-1.3106798,-0.73458481,-0.22254568,-0.16724815,-0.12105304,0.47612073,-0.2254403,0.24637791,-0.44199217,-0.23853953,-0.26967304,-0.05617478,-0.99476159,-0.74894131,-0.80778117,-1.2969838,-0.81253169,-0.91337785,-0.75692992,-0.74292931,-0.85687351,0.75022227,-1.0017349,-0.97503992,-1.4445978,-1.1483443,-1.2793422,-1.2116075,-0.84584862,-0.088442371,-1.0090476,0.20179473,-0.93392886,-0.78267739,-0.83105986,-1.0022816,-0.91061314,-0.43403056,-1.1364874,-0.70614935,-0.99313866,-1.1436994,-0.52053941,-0.14745233,-0.85602359,-0.9760131,1.5037746,-0.92067118,2.6901137,-1.2251962,-1.7647431
-0.61096131,0.0074317297,-0.52723228,-0.0081273107,-0.075280884,-0.12290767,-0.57006458,-0.11859591,-0.083471384,-0.23444704,-0.18285186,-0.041478981,-0.45383722,0.46467274,-1.6746158,-1.5974551,-1.9003286,1.0154324,-0.047512725,0.22930961,-1.0606263,0.46976602,0.73107959,0.66155723,-1.7058386,-0.74227458,-0.75384213,-0.65591537,-0.34443598,-0.65700124,-0.66526059,-0.80709649,-0.58299244,-0.78504775,-0.83473504,0.25151202,-0.54530843,0.21093658,-0.054205207,0.11036485,0.20748563,0.13344994,1.2447143,0.062859358,0.28309013,-0.53657614,0.16801362,0.0058191333,0.33368658,-0.23362929,0.81193754,-1.1049425,0.24318007,0.67478579,-0.14854372,0.28818695,0.60808507,-0.69260443,-0.43420831,-0.5858936,-0.6356409,-0.67338519,-0.62369477,-0.54564064,0.092619588,-0.72672386,-0.70851005,-0.38076275,-0.64097549,-0.95076514,-0.85277201,-0.38313917,-0.10773488,0.37532219,0.2949112,0.22592868,-0.40312415,-0.26811025,-0.88183176,-0.30181403,-0.165201,-0.72363751,-0.32387512,0.060140372,-0.6657509,-0.7295406,-0.67829091,-0.074692889,0.12404882,-0.18318068,0.072325294,-0.25637948,-0.11772845,-0.2631755,-0.29660114,-0.58646106,0.24906079,0.0028714842,-0.29388111,-0.74267955,-0.47958096,-1.0123286,-0.92819148,-0.10516849,-0.53709683,-0.75825906,-0.14105409,-0.6196741,-0.85939032,-0.58341204,-0.92626823,-1.2126283,-0.80098029,-1.2594473,-0.7186471,-0.85251138,-0.84830043,-0.84371645,-1.1933908,-0.57210375,-0.59551465,-0.69372972,-0.1417862,-0.73674663,-1.1005392,-0.8357768,-0.77994566,-1.3922105,-0.5250436,-0.74442517,-1.3536474,-1.1950016,-0.86585848,-0.9694752,-0.49038514,-1.1572064,0.13130397,-1.0864698,-0.53996206,-0.0089874862,0.11671041,-0.6811037,-0.6561948,-0.71884868,-0.042713414,0.067641291,-0.16714175,-0.74975011,-0.36584819,-1.3322973,-0.55035505,0.044344571,-0.36547447,0.021728422,0.44760822,-0.49512098,0.38726297,0.079313739,-0.20300418,-0.24452391,-0.17121348,-0.91085773,-0.56079066,-0.95809365,-1.9371954,-0.90597697,-0.99964344,-0.60545404,-0.69185187,-0.91523664,0.29916323,-0.89341918,-0.78824177,0.011015401,-1.2246053,-1.1973127,-1.1974772,-0.86444128,-0.19964242,-0.51267955,-0.24378105,-0.78263305,-0.78223385,-0.96018247,-1.1038334,-0.77147597,-0.2851539,-1.009645,-0.58631136,-0.99174914,-1.0481925,-0.93974287,0.5745767,-0.92683754,-1.1394844,1.0205769,1.2228957,3.3863467,-0.53275852,-1.3535505
-0.39992889,-0.022519105,-0.42021312,-0.13735949,-0.2048583,-0.025802212,-0.66081464,-0.16847793,0.0022430007,-0.39402313,0.040038284,-0.064350255,-0.090465728,0.086485438,-2.0065904,-0.10061257,-0.43533164,0.81089337,-0.16254905,0.26162512,-0.78315346,0.038497933,0.16443746,0.46705997,-1.6831445,-0.64425981,-0.77202646,-0.53261265,-0.16855899,-0.77976965,-0.32584052,-0.89534081,-0.55712859,-0.77646166,-0.73693682,-0.34890562,-0.46542414,0.23141209,-0.66455326,0.14400276,0.52352733,0.80524167,0.90389346,0.23286441,0.32136374,-0.26718159,0.13974536,0.049167596,-0.26018685,-2.1533977,1.1943476,-0.23020151,0.36017837,-0.08786404,0.69386761,0.1635961,0.5789287,-0.85465408,-0.12365749,-0.8881847,-0.22850086,-0.47898949,-0.48052293,-0.52160006,-0.025305354,-0.47540661,-0.47193776,-0.16541088,-0.93223542,-0.47984251,-0.8171966,-0.22323553,-0.071863865,0.32636066,0.18699517,0.13851997,0.082841293,-0.40898432,-0.14484113,0.20151157,-0.27184292,0.071158103,0.021629798,0.076374195,-0.11129309,-0.85314232,-0.40940032,-0.28221459,-0.026842409,0.028767172,0.039972834,-0.2182873,-0.036616379,-0.11458597,-0.17004499,-0.49322114,0.19411564,-0.11111839,-0.19409569,-0.88790084,-0.593155,-0.94006134,-1.1215287,-0.046045767,-0.60870339,-0.65639451,0.24371261,-0.51366731,-0.68169609,-0.8428812,-0.50183043,-1.3740802,-0.9203829,-0.88670763,-0.3072002,-0.87778408,-0.929646,-0.77433386,-1.1316059,-0.70734641,-0.79347686,-0.39707695,-0.41886713,-0.70582589,-1.1692111,-0.70173655,-0.95172896,-1.3355569,-0.65933245,-0.97009131,-1.2052683,-1.3709524,-0.80425308,-0.59300756,0.047664136,-0.92093064,0.14425953,-0.55468356,-1.0109758,-0.16776959,0.44419983,-1.2107917,-0.69289482,-1.0366708,0.13369269,-0.055325536,0.075992043,-1.1236899,-0.17797656,-0.12967515,-0.36149483,0.19114835,-0.40790492,-0.11360115,0.35376312,-0.60095045,0.13397909,0.62152139,-0.39169272,-0.13430094,-0.25155979,-0.82726212,-0.42122214,-1.0153933,-2.2391617,-0.86873948,-1.0575534,-0.37991882,-0.75218043,-0.65064158,-0.022116168,-0.76365069,-0.61382938,0.83693901,-1.2136009,-1.1638984,-1.0296868,-0.81026406,-0.12852907,-0.23338549,-0.38946451,-0.6297562,-0.85164927,-0.81910665,-1.0540786,-0.50783658,-0.13627723,-0.78791021,-0.37578804,-0.90644704,-1.4504323,-1.175568,0.75923168,-1.1234203,-1.3319685,0.21366078,2.6744484,1.6101289,0.17571936,0.7045837
-0.42566605,-0.24595276,-0.31270997,-0.36985803,-0.39482844,-0.18709129,-0.70364058,-0.11566075,-0.22974563,-0.55640619,-0.063392358,-0.35278702,0.19382424,-0.10626236,-0.58524738,0.55216827,0.53060513,-0.032541958,-0.16254905,-0.19548108,-0.6834045,-0.20079711,0.00552126,0.28691458,-1.0724947,-0.58532806,-0.76348275,-0.33968478,-0.26956928,-0.78938344,-0.083892503,-0.8609568,-0.49037441,-0.56545728,-0.5878727,-1.1003278,-0.43151632,0.32455595,-1.3471861,0.24899716,0.56167048,0.73407438,0.31638639,0.43175049,-0.063721186,0.20919988,0.064127518,0.13876536,-0.46497145,-0.89538198,1.2508296,0.44420086,0.45210239,-0.85482313,0.88299079,-0.0038910549,0.49646895,-0.26790331,-0.026904842,-0.53615727,-0.25553499,-0.10983045,-0.34588991,-0.30800829,-0.33178382,-0.24573252,-0.11212885,-0.16729616,-0.59167858,-0.2804776,-0.43504712,-0.25529789,-0.19374308,0.20899304,0.009011104,-0.036812847,0.37622528,-0.55471524,0.21864097,0.29808065,-0.26085366,0.27820343,0.079829292,0.083148666,0.095040041,-0.84150351,-0.43060832,-0.10253246,-0.0086585425,0.011843622,0.048483419,-0.17948042,-0.026938722,0.31951719,-0.037581782,-0.39945147,0.091228314,-0.065053754,-0.18687205,-1.1584565,-1.1173576,-0.75634308,-0.96002495,0.26862249,-0.67741066,-0.55042088,0.44648853,-0.3592496,-0.34693091,-0.90906401,-0.16963096,-1.2376283,-0.84304167,-0.60048678,0.24806707,-0.85682547,-1.0222619,-0.39556467,-1.2474834,-0.97799629,-0.89531515,-0.13393317,-0.70171304,-0.55341726,-1.2352566,-0.41468943,-0.96267447,-0.79196067,-0.94777638,-1.1179434,-0.91120656,-1.2894158,-0.87194084,-0.10889335,0.38422436,-0.50971721,0.19602078,0.048038421,-1.0049281,-0.38202175,0.28747703,-1.2434739,-1.0127236,-1.1001149,-0.050170861,-0.46431172,0.013131038,-1.1744968,0.0086370155,0.52125102,-0.095460344,-0.061622644,-0.29808,-0.48368503,0.20844386,-0.4978883,-0.13181809,0.4619968,-0.44287364,-0.1300616,-0.13242485,-0.74880386,-0.31242449,-0.89635559,-2.364322,-0.83184625,-1.0581584,-0.093295398,-0.76766839,-0.4444501,-0.336069,-0.7040296,-0.49959819,0.91481562,-1.0421427,-0.83879377,-0.78578454,-0.6447817,0.0017322085,-0.29160196,-0.49854177,-0.4793127,-0.84981815,-0.75473228,-0.77819348,-0.43424946,-0.2015032,-0.52066475,-0.16526472,-0.74845336,-1.7961818,-0.99663226,0.45957151,-1.193713,-1.9269552,-0.99343131,3.2952599,-2.4510933,0.4394283,3.0734616
-0.61010646,-0.20485676,-0.2020878,-0.59511573,-0.5845188,-0.44951556,-0.69978798,-0.097146776,-0.44572665,-0.64426227,-0.40055659,-0.56716371,0.030206061,-0.23174504,0.36772042,0.40089358,0.88246326,-0.60235333,-0.31030743,-0.65258728,-0.54450967,-0.18283514,-0.042818673,0.10206493,-0.13054238,-0.46735838,-0.5405273,-0.21736978,-0.31288183,-0.56118708,0.004099574,-0.6761244,-0.29133792,-0.35022285,-0.49826482,-1.4508559,-0.31787798,0.50628934,-1.4224828,0.25052384,0.70700816,1.1923841,0.15086285,0.53641362,-0.30549021,0.10107458,0.19147519,0.38944008,-0.18005601,0.10335858,1.3306899,0.97674024,0.18834791,-1.7142543,0.49561214,0.093263522,0.0045686276,0.42507323,-0.50669276,-0.31231577,-0.29345898,-0.50737262,-0.21449469,-0.14782635,-0.68260972,-0.24573252,-0.420021,-0.12994418,-0.1657755,0.01783127,-0.34399953,-0.39938817,-0.59420335,0.044025666,-0.08952533,-0.41920453,0.35937571,-0.306349,0.241387,0.25560562,-0.15233471,0.30374574,-0.45031751,0.020648935,0.24525063,-0.64821257,-0.67306825,-0.0014647855,0.05207351,-0.016524825,0.078547852,0.096215111,0.01033731,0.50575236,-0.034808547,-0.18069847,-0.047766055,-0.24634361,-0.043217639,-1.1793162,-1.3059204,-0.42999872,-0.67764581,-0.0059838511,-0.37199871,-0.41886147,0.30896313,-0.016773811,-0.045864536,-0.84994147,0.18767073,-0.84479242,-0.40166201,-0.71987246,0.53480159,-0.44107748,-0.60824933,-0.27674322,-1.3633609,-0.91733443,-0.60438799,0.030151002,-0.77091109,-0.49042046,-1.4282378,-0.22875067,-0.80194726,-0.16929278,-1.2008519,-1.0806225,-0.36934283,-0.89269442,-0.84622896,0.1764457,0.36389342,0.04677209,-0.073061119,0.31073552,-0.63677248,-0.62579123,-0.38698864,-0.87254325,-0.85374048,-0.84875008,-0.68314086,-0.65923413,-0.061003519,-1.0404687,0.063214174,0.37497122,0.17057415,-0.27775812,0.16225393,-0.52928205,0.098387323,-0.027940218,-0.40208973,0.59854975,-0.49466492,-0.1295874,-0.013289916,-0.67034561,-0.2212969,-0.77014379,-2.257828,-0.82979964,-0.91101578,0.024851825,-0.80194268,-0.37035603,-0.15212583,-0.74405274,-0.38614874,0.4905113,-0.95583666,-0.54245551,-0.63815959,-0.72819738,0.095866753,-0.48315078,-0.53779876,-0.39656878,-0.84748666,-0.80119818,-0.57983764,-0.30655008,-0.27529326,-0.35114268,0.023920881,-0.56971639,-1.8643027,-0.82210973,-0.10600833,-1.1321118,-1.5743839,-2.3211953,3.1780358,-3.9590575,0.17945099,3.6274738
-0.79171137,-0.13521263,-0.1509044,-0.7315523,-0.61840429,-0.58844427,-0.60582955,-0.0015647669,-0.56466038,-0.53402496,-0.64484697,-0.75347521,-0.32903598,-0.069328587,0.42177403,-0.34550686,0.73256179,-0.65043634,-0.57540335,-0.4431048,-0.072874849,0.021501769,-0.20261937,-0.33254082,0.35862677,-0.35387624,-0.26219007,-0.21276401,-0.13176092,-0.097881564,0.071095664,-0.37280658,-0.025799683,-0.51572359,-0.37799092,-0.91812858,-0.15872829,0.67257677,-0.76023958,0.36067084,0.42090886,0.89283652,0.28106618,0.25367428,-0.40375281,0.02824084,-0.031937589,0.40729834,0.29488898,0.31369733,0.94074362,1.0285524,-0.011090148,-1.3120366,-0.33250903,0.43055379,-0.30983919,1.0223478,-0.70956369,-0.60072472,-0.36677303,-0.54706521,-0.21449469,-0.049320457,-0.5420582,-0.37970907,-0.63762341,0.07183208,-0.040351089,-0.043628742,-0.44903717,-0.32953938,-0.16937037,-0.060598223,-0.049155813,-0.64693776,0.099348869,0.29028915,0.24039455,-0.026385909,-0.15233471,0.10508962,-0.37910024,-0.1826443,0.12784198,-0.409066,-0.44454285,-0.058436069,0.15040629,0.043323631,0.13495587,0.18781681,0.0049718725,0.53705639,0.010534827,-0.12786255,-0.30767089,-0.21505531,0.10797781,-0.92394466,-1.1889604,-0.026088906,-0.52674277,-0.37337563,-0.11199973,-0.32706648,-0.32796017,0.10209084,0.12838383,-0.5709262,0.30507455,-0.33416462,-0.10557486,-0.87166218,0.12335469,-0.37425497,-0.16972246,-0.21715205,-0.86054984,-0.68442516,-0.4964958,0.18685931,-0.39334397,-0.2786982,-1.3995165,0.091329827,-0.59550254,0.3304754,-1.1266,-0.88650617,0.1089019,-0.3669024,-0.62465746,0.29010769,-0.07836804,0.35178565,0.11400928,0.34891489,-0.32774768,-0.93034821,-0.85322603,-0.48142476,-0.60559314,-0.81484607,-0.81957737,-0.57663894,-0.20567183,-1.026128,-0.1240504,-0.84636153,0.32487361,-0.37687917,0.53756459,-0.38734701,0.057093093,0.19399089,-0.67257788,0.19610005,-0.27296718,-0.080903639,0.10434645,-0.45572632,-0.22055223,-0.5939919,-1.9353972,-0.70493035,-0.66464265,0.032613508,-0.68474513,-0.11028935,0.076037989,-0.75934545,-0.28338243,-0.27586512,-1.0180989,-0.4343461,-0.34956678,-0.82357436,-0.30719378,-0.62096835,-0.51235185,-0.39656878,-0.70505345,-0.53839441,-0.35452174,-0.17241089,-0.31644542,-0.23629175,0.031735811,-0.39254853,-1.5871655,-0.61115586,-0.25111659,-0.87598744,1.8601995,-3.1432736,1.6975803,-3.0431603,-1.0016583,3.6143405
-1.0174779,-0.35018117,-0.37214874,-0.46333301,-0.27190964,-0.55643258,-0.3882748,-0.18524205,-0.4701824,-0.26395954,-0.73453415,-0.34076108,-0.63991972,0.014673691,-0.36382987,-0.14245865,0.46748857,0.015054374,-0.55002012,0.022757942,0.39875997,0.14362631,-0.63850146,-0.50081018,0.63877993,-0.22522421,-0.13418629,-0.1421017,0.33313287,0.26434551,0.14503991,0.083007128,0.079668328,-0.22747147,-0.26844362,-0.41592493,-0.036548407,0.33745187,-0.10872773,0.38031751,0.20542945,-0.33248103,-0.14809653,0.5936478,0.0016731177,-0.21977518,-0.20876365,0.27265634,0.86351454,0.35120213,0.27969357,0.31882724,-0.79806938,-0.52690395,-0.80997411,0.66658805,-0.23764546,0.94859797,-0.62984705,-0.64700676,-0.48512466,-0.47537684,-0.25745711,0.17528469,-0.20210513,-0.55313208,-0.61554243,0.15671781,-0.18307542,-0.29491867,-0.43138524,0.058204077,0.19109938,-0.074745612,0.19691885,-0.71542284,-0.16972306,0.49731586,0.0051977111,-0.093962486,-0.15233471,-0.01482991,0.0095542145,-0.15336663,0.077427093,-0.11747513,-0.27226655,-0.051603519,0.1218821,-0.15199209,0.14856802,0.16476196,-0.082741086,0.46716125,0.017765804,-0.24543202,-0.30777835,-0.43204631,0.12086328,-0.3811333,-0.84262341,0.17121246,-0.62990382,-0.62249504,-0.17867628,-0.14200667,-0.56871058,0.24558725,0.090472349,-0.47292217,0.16100568,-0.084819881,-0.05405093,-0.90379237,-0.13029651,-0.65771057,-0.034428063,-0.21715205,-0.3464899,-0.35973446,-0.54248687,0.12416555,0.2447746,0.16406359,-1.3241437,0.44498373,-0.1939277,0.33194041,-0.87504505,-0.50816634,0.4102033,0.10536374,0.13008643,0.42556318,-0.14906359,0.3403489,0.45151827,0.15257051,-0.16318174,-1.2211026,-0.90202241,-0.091737201,-0.35917017,-0.63779467,-0.72675628,-0.13405515,-0.40154164,0.2935927,-0.19127838,-0.35684738,0.39987726,-0.30706769,0.67099168,-0.077808394,0.015623209,0.16702615,-0.18265285,-0.23441677,0.13512861,0.017509252,0.22140643,-0.14447662,-0.27467573,-0.47433678,-1.5716639,-0.55752425,-0.48113364,-0.1670473,-0.48857616,-0.1558588,-0.021857289,-0.81917656,-0.28213288,-0.37658333,-1.0672137,-0.16018915,-0.17396845,-0.65954575,-0.35846578,-0.63264091,-0.41968586,-0.39656878,-0.56402125,-0.47467432,-0.2641252,-0.16083142,-0.31644542,-0.11787457,-0.0043982955,-0.26396296,-0.79828276,-0.31067828,-0.2492418,-0.54981615,4.1206555,-3.1963766,0.2190289,-1.1999119,-2.9944903,2.0790829
-1.0717753,-0.44763603,-0.54305413,-0.18356932,-0.02735032,-0.17008103,-0.2266461,-0.32725716,-0.20002502,0.035147225,-0.45122459,-0.019329438,-0.73046262,0.072530224,-0.081486965,0.085940425,0.31012098,0.32397033,-0.10634691,0.31667102,0.80986264,0.02974653,-0.21485849,-0.17535889,0.61063083,-0.029862342,-0.1278145,0.028102425,0.9701792,0.20769759,0.22445974,0.16636203,-0.024862585,-0.073059759,-0.22283689,0.2137737,0.084269727,-0.20188637,0.5663362,0.17493045,0.047212615,-1.6760886,0.099601857,0.34207199,0.63504637,-0.33857966,-0.46648118,-0.044449219,0.70988032,0.94500635,-0.62998095,-0.91991837,-1.1986625,0.3015364,-0.90815453,0.50619844,0.088333622,0.67724149,0.29972133,-0.71866267,-0.16999749,-0.17877201,-0.25745711,0.29276777,0.11307334,0.19168016,-0.17335597,0.28490585,-0.11531741,-0.28745406,-0.25858616,0.42654073,0.33228829,-0.3243735,0.3075355,-0.58809043,-0.22950837,0.52705656,-0.0012496504,0.070445311,-0.023605072,-0.072891354,0.29869973,-0.03713925,0.030461422,0.17229212,-0.32373752,0.056990166,0.10692222,-0.19528988,0.16747745,0.30063765,-0.10549528,0.14165413,-0.024129112,-0.13597079,-0.0057818996,-0.70107442,0.099847203,0.12637853,-0.27343577,0.3320308,-0.53517507,-0.66094751,-0.44567679,-0.10546776,-0.73335865,0.29972981,-0.15058196,-0.18883882,-0.3197909,-0.12154718,-0.11846321,-0.72281363,-0.27986969,-0.94905579,0.080982234,-0.1083334,0.010347735,-0.13876609,-0.63348746,0.18933812,1.0329207,0.30383463,-1.0974915,0.22156761,0.06873664,0.15915044,-0.474909,-0.097591792,0.33930716,0.29713092,0.5491478,0.47061927,0.04327186,0.025814925,0.35154527,0.091599745,-0.4625816,-0.84408827,-0.82284775,-0.16825007,0.050276244,-0.4598829,-0.78658224,0.0088503814,-0.52806724,1.0619565,-0.32885158,0.28018202,0.44938674,-0.043180734,0.50039084,0.35122643,-0.027151526,-0.029075777,0.35713534,-0.21189753,0.54349118,0.067593312,0.19911386,0.11399739,-0.37872379,-0.49849244,-1.1110557,-0.55644069,-0.24455752,-0.3667081,-0.31507261,-0.15815229,-0.20551697,-0.87687137,-0.22629541,-0.10970506,-0.90417393,-0.15701581,-0.15192409,-0.39371171,-0.34101207,-0.3162024,-0.25954753,-0.39656878,-0.49423559,-0.46954338,-0.34299125,-0.09624062,-0.31644542,-0.038392498,-0.11176015,-0.20447617,0.017734622,-0.12106467,-0.29878249,-0.34477738,1.7132588,-2.45963,-0.60450229,-0.042155167,-3.7785947,-0.16413962
-0.62156068,-0.59068443,-0.53945112,0.29832435,0.13504238,0.034910351,-0.21870596,-0.4566542,0.027656213,0.15911446,-0.14624954,0.14262799,-0.39859064,-0.045337811,0.10024499,0.18283076,-0.14134078,0.32257111,0.15062901,0.20220365,1.2064902,-0.14566278,0.27461724,0.37023529,0.19811646,-0.00032681999,-0.24808006,0.12440283,1.1256675,-0.018820127,0.30862822,0.15671816,0.15356744,0.0057611245,-0.090747349,0.77038899,0.31415314,-0.79065142,0.97570111,0.045705808,0.027020567,-1.4997767,-0.158944,-0.40810612,0.6102294,0.14476032,-0.4389293,-0.380519,0.090092609,0.83488588,-0.71920773,-1.5149764,-0.97291971,0.84479575,-0.43121465,0.25575178,0.56317635,-0.0024586707,0.56340337,-0.2350087,0.065010331,0.41255442,-0.12358403,0.15706845,0.0029654809,0.36539487,0.45073326,0.46441932,-0.090809187,-0.17595236,0.11227249,0.59990174,0.19956076,-0.61320239,-0.16400458,-0.13556648,0.019685677,0.22327397,0.031715819,0.40655053,0.25281135,-0.009523908,0.294598,0.18197155,0.028826865,0.34164161,-0.1029341,0.41713604,0.1526775,-0.13114789,0.25791794,0.29070556,-0.071153387,-0.36443946,0.026782325,0.094812564,0.4150517,-0.56414693,0.075388676,0.21699479,0.022272089,0.23419764,-0.45260426,-0.38445699,-0.75257023,-0.063766604,-0.529936,0.13173914,-0.38886076,-0.055223584,-0.60189269,-0.20979126,-0.25170712,-0.27610418,-0.29137532,-1.1163909,-0.11790786,-0.047446776,0.27983964,-0.094602118,-0.77261689,0.32432129,0.74843557,0.47417019,-0.63713381,0.26703745,0.23565913,-0.035627387,0.014916169,0.18598059,0.16457196,0.3284507,0.55315381,0.49072533,0.60555084,-0.052621633,0.50259283,-0.10889805,-0.74836326,-0.60318354,-0.66143186,-0.28115846,0.31821928,-0.33864838,-0.77779042,-0.072482369,-0.59494202,0.9236869,-0.52873904,0.49802029,0.29919187,0.41068286,-0.19331702,0.76956489,-0.069926261,-0.27222813,0.75347781,-0.4438994,0.73874722,0.26161408,-0.15414105,-0.040938184,-0.40621452,-0.48020019,-0.5042968,-0.50057123,-0.18319362,-0.5663689,-0.15447746,-0.22057966,-0.38559362,-0.70412901,-0.2642697,0.16127396,-0.58113337,-0.12735018,-0.061329743,-0.11161817,-0.33524427,0.029048146,-0.13853843,-0.39656878,-0.42503968,-0.4185616,-0.32560101,-0.087254852,-0.38575612,-0.10985473,-0.22149999,-0.17581667,0.51009787,0.00081414043,-0.17788484,-0.27014804,0.19977479,-0.52184618,-1.0194448,0.36376869,-2.7043996,-1.1229536
-0.097481577,-0.38094062,-0.47931325,0.35688446,0.094505695,0.15741673,-0.17555272,-0.49417327,0.18591721,-0.058204002,0.20196629,0.11019205,-0.17820252,-0.23235328,0.1177033,0.025381296,-0.71260609,-0.058470402,-0.1174812,0.087736277,1.1531475,-0.3654018,0.34318091,0.24123817,-0.91638017,-0.16564022,-0.23081616,0.27617674,0.70803004,-0.074305245,0.46554585,0.033783435,0.2116409,0.40816248,0.049889713,1.032402,0.53964802,-1.2182961,1.1248706,-0.13860788,0.087191538,-0.72772374,-0.51546029,-0.46843426,0.32835062,-0.073477804,0.12985718,-0.24877416,-0.40735873,-0.36419767,-0.61705487,-1.5191734,-0.64033946,1.0705097,0.31328982,-0.00093469645,0.64002732,-0.37998067,0.33010995,0.34308643,0.43765357,0.36441842,0.11493016,0.10248706,-0.0082513565,0.097842592,0.39609977,0.42225122,-0.15123219,0.084040149,0.27236046,0.50720046,0.060919161,-0.72568653,-0.57748637,0.34119156,0.20069786,0.01803949,0.096096596,0.14262613,0.40844808,0.084146729,0.15950755,-0.28417166,0.07064646,0.43982388,0.065350493,0.65534084,0.074185283,-0.25396055,0.32055266,0.0013283939,-0.15738507,-0.67509543,0.18982593,0.046187987,0.61282201,-0.44041867,0.2202393,0.0032532963,0.10964246,0.39804825,-0.16869513,-0.18793199,-0.72150653,0.082214033,-0.27141222,0.24120569,-0.40765801,-0.056758481,-0.65451025,-0.010808293,-0.4755923,0.090809713,-0.29137532,-0.8357393,-0.34298966,-0.047446776,0.30521667,0.11498341,-0.72802348,0.33933655,0.29098822,-0.1865922,-0.214042,0.21765501,0.55400188,0.077123475,0.35591777,0.34128892,0.25609125,0.23298214,0.068892242,0.47474153,0.65732469,0.16074148,0.33441929,0.084797659,-0.75393368,-0.34478739,-0.37797357,-0.34898711,0.557989,-0.0034744255,-0.74893632,-0.38487102,-0.66989418,-0.5460775,-0.12134295,-0.37518459,0.14899699,0.66308315,-0.79782509,0.76952306,-0.018233746,-0.43079697,1.1378665,-0.32791732,0.73808285,0.36033323,-0.50739596,-0.19587376,-0.43993773,-0.51043822,-0.014099392,-0.5436329,-0.25721794,-0.27661725,-0.14531155,-0.3522444,-0.42782615,-0.63469029,-0.28029448,0.12530988,-0.059612633,-0.0062660128,-0.048290066,-0.27281448,-0.13540947,0.26211775,-0.15106602,-0.31498873,-0.42503968,-0.54562479,-0.26611762,-0.27378113,-0.46084272,-0.2131099,-0.33247639,-0.22319675,0.71907882,0.0059731345,-0.18328028,-0.14428098,-0.44976054,2.2026478,-1.299912,0.29575972,-0.83856424,-1.2367619
0.30704244,-0.089701906,-0.26527492,0.022911585,-0.10295818,-0.034535692,-0.22672023,-0.17185763,0.038784804,-0.27042988,0.25115463,-0.1937711,0.26984514,-0.46296636,-0.0023601815,-0.13324782,-1.1003875,-0.35343727,-0.38440081,-0.43916131,0.66535073,-0.45556022,-0.39801835,-0.29143172,-0.82855987,-0.026392626,-0.0038098623,0.43018148,0.15177892,0.25400632,0.51430245,-0.018678427,0.65080856,0.49003577,0.20355191,1.2505053,0.50604059,-0.73182223,1.4704262,-0.23160387,-0.10981832,0.47218778,-0.32989823,-1.1216088,0.10501864,-0.057202508,0.27749315,0.1375763,-0.8349378,-1.0506178,-0.51432841,-0.82425224,0.10851692,1.0607244,0.93989134,-0.16347981,0.055841301,0.06427216,-0.041997867,0.34194297,0.57925081,0.046558203,0.5694669,0.093561074,0.4280834,-0.43912293,-0.10904899,0.27584355,0.61135815,0.38837242,-0.090158226,0.37870579,-0.028882172,-0.50321668,-1.0289869,0.48473116,0.026734445,-0.1601948,0.44717794,-0.1840167,0.13379085,0.36186662,0.013086358,-0.60521285,0.22281238,0.1626112,0.089194464,0.41818153,-0.071473853,-0.036168663,0.35926151,-0.2140798,0.10395454,-0.61689508,0.39658936,0.11793278,0.53412443,0.1173739,0.35859528,-0.13408377,0.056320132,0.49014183,-0.044450803,0.028741815,-0.38913351,0.21556989,-0.13676169,0.2003921,-0.43551413,-0.11526657,-0.355102,0.34839345,-0.42526527,0.15916659,-0.29137532,-0.2123086,-0.13994942,0.079568827,-0.22943452,0.50646737,-0.4738009,0.42865602,-0.22156668,-0.38688605,0.057627916,-0.05328322,0.65815946,0.50803876,0.44211422,0.32762633,0.34229499,0.12221769,-0.29124492,0.28319542,0.32949518,0.53758026,0.014149968,0.30600378,-0.78863612,-0.27376854,-0.48689234,-0.48501296,0.75614707,0.086016786,-0.58276343,-0.77255677,-0.80493492,-1.0893455,-0.22442634,-0.40191535,0.026165114,0.62422321,-0.93559393,0.40817264,0.044153175,-0.02294868,0.45724028,-0.15210528,0.31385363,0.2806928,-0.45306199,-0.19929281,-0.41662375,-0.56365321,0.17240288,-0.5985762,-0.32114143,0.061706877,-0.28872098,-0.3649427,-0.099789287,-0.48513107,-0.34664776,-0.4412299,0.30671181,-0.067899617,-0.1335134,-0.34957463,-0.19695858,0.36183568,-0.12636907,-0.16321188,-0.49357369,-0.59812933,-0.1627886,-0.35470736,-0.4750137,-0.24094724,-0.23341673,-0.23610561,0.70905589,0.010423849,-0.13057485,-0.070138266,-0.63255482,3.6094584,-1.6477796,0.33200368,0.18645554,-0.94220869
0.5008477,0.1471828,-0.048079893,-0.38267962,-0.23230614,-0.14845762,-0.28017286,-0.005569677,-0.073007127,-0.40197689,-0.070214346,-0.22237563,0.2761694,-0.43386173,-0.0023601815,-0.2914022,0.25312852,-0.61326048,-0.64213565,-1.0274847,0.1995038,-0.3965463,-0.34162795,-0.44613988,-0.2710071,0.18786865,0.2484085,0.45256232,-0.4446948,0.59542454,0.4055409,0.10332906,0.84177019,0.30983526,0.41500416,1.3839648,0.3261236,0.15593843,1.4824867,-0.47255438,-0.36713534,1.1751267,1.2399303,-0.94999779,-0.21407648,0.17314282,0.28212208,0.33159757,-0.81462963,-1.1518063,-0.18423783,0.70674678,0.88585541,1.4129164,1.0128404,-0.34696794,-0.4076134,0.44019384,0.12569469,-0.02969436,0.66633561,0.090090741,0.5794681,0.04885617,1.3008042,-0.062043555,-0.23296974,0.17629378,0.20310271,0.53033186,-0.46520728,0.20452884,0.11356132,0.47925534,-0.92727245,0.23266212,-0.12873713,-0.63613911,0.59399818,-0.77563223,-0.35948469,0.46702796,-0.46510686,-0.89295599,0.38550812,0.051510927,0.11644324,-0.010056192,-0.34529529,0.12444259,0.19276822,0.092674323,0.43032178,-0.61107505,0.4782125,0.28659755,0.051866098,0.74292058,0.49104702,0.1239122,0.18717389,0.42804086,0.24573429,0.24102424,-0.24311775,0.22777964,0.29670501,0.22307983,-0.15856185,-0.45048767,0.026500348,0.68978153,-0.47464274,0.090357714,-0.2070007,0.26083639,0.10662866,0.40703576,-0.76408572,0.75150694,-0.25751772,0.27084158,-0.21027945,-0.66225439,0.18120259,0.44129818,0.67222182,0.69063316,0.43998908,0.37363521,0.52927245,0.19367347,-0.0042022186,0.06254948,-0.0099134153,0.59503931,0.033922279,0.55609751,-0.41194212,-0.29434671,-0.69598721,-0.003304895,0.76469151,0.21393971,-0.23847268,-0.74007591,-0.93027964,-1.007404,-0.6167665,-0.29181851,-0.081375677,0.31742456,-0.71892931,-0.040618534,0.057881582,0.26516589,-0.33169249,0.02783498,-0.19244463,-0.019932419,-0.33802329,-0.11804086,-0.28527111,-0.49391938,0.26557065,-0.54216746,-0.36094331,0.18315107,-0.43363544,-0.36455629,0.022548361,-0.27144838,-0.43627899,-0.36039811,0.47694309,-0.065980286,-0.21249361,-0.34957463,-0.043555676,0.32715231,-0.0060618007,-0.1480342,-0.42503968,-0.50400745,0.084766775,-0.42376627,-0.39926163,-0.36000791,-0.11914466,-0.35295561,0.47972017,0.035394354,0.016654263,-0.061845632,-0.47101559,3.8981772,-1.9978878,0.65758541,0.53801495,-0.27641774
-0.16058844,0.2005533,0.1760298,-0.70039907,-0.40553211,-0.29056326,0.08419014,0.19077787,-0.39568358,-0.63945617,-0.37753026,-0.34853748,-0.05245357,-0.22627994,-0.0034613958,-0.44905306,0.86268774,-0.68977439,-0.8998705,-1.3455389,-0.18403121,-0.14601538,-0.10974007,-0.18386952,0.28519739,0.33825354,0.36524026,0.33028227,-0.53754022,0.84606551,0.089474023,0.27319112,0.36511958,0.0091721985,0.42857141,0.54631549,-0.25520611,0.97097852,0.39441486,-0.76050175,-0.57841698,0.040168157,0.867035,-0.33900477,-0.5308719,0.43736338,0.23486517,0.11820547,-0.48057326,-0.84598444,0.19201988,1.0311913,1.0065733,0.8874567,0.2808667,-0.50913358,-0.69972272,0.77191029,0.5621585,-0.3096604,0.58303787,0.11453399,0.55185298,0.2446517,1.0895804,0.79277204,0.022051225,-0.020356836,-0.3618004,0.37700272,-0.41356263,0.0049529249,-0.17943997,0.59881939,-0.0012263295,-0.042514826,-0.53991334,-0.61851154,0.079400722,-0.90210451,-0.94437877,0.0068693238,-0.76424219,0.17420538,0.049519376,-0.008277109,0.21874157,-0.54201561,-0.5180073,0.428445,-0.030917785,0.27086176,0.57129486,-0.36509595,0.49342716,0.19268767,-0.55520822,1.0210564,0.35379601,0.53534278,0.48950119,0.18470286,0.042342508,0.49763237,-0.15076853,0.38593099,0.48200319,0.3134533,-0.034626842,-0.51092299,0.208681,0.86657937,-0.39751701,-0.073174012,-0.057427521,0.29319313,0.38141875,0.97367818,-0.65158554,0.93883892,-0.66534199,0.14656233,0.19453901,-0.53895626,0.15675519,0.55397273,0.48144079,0.61800318,0.43803781,0.51025821,0.59234963,0.41863286,0.35256893,-0.083019047,-0.23444686,0.35967678,-0.063845888,0.54885731,0.0063607139,0.018462827,-0.57082587,0.29025284,0.48319479,0.36033418,-0.16515906,-0.36918513,-0.77849834,-0.4850253,-0.59331982,-0.42679954,-0.18915396,-0.13538576,-0.32052065,-0.43085256,0.048497194,0.54073397,-0.75964743,0.44648849,-0.54000965,-0.54623038,-0.32524121,-0.077941099,-0.13707619,-0.374371,0.21410528,-0.33830091,-0.44846947,0.24400995,-0.54771356,-0.36451005,-0.073195462,-0.20402933,-0.43858596,-0.14232267,0.5656667,-0.1207135,-0.23490562,-0.34957463,-0.10523014,0.13128793,-0.022227852,-0.18787562,-0.35584377,-0.18262246,0.2702097,-0.43121131,-0.32350956,-0.48092137,-0.0032933194,-0.41263801,0.10423738,0.20074768,0.020631654,0.057532141,-0.36688235,3.3908807,-2.2690986,1.1168347,2.0385781,-0.15556605
-0.81993524,-0.045709281,0.24190032,-0.48246587,-0.45400261,-0.37378029,0.34389686,-0.0082746601,-0.45685363,-0.18295728,-0.60612026,-0.26790831,-0.35378281,-0.07510649,-0.00398107,-0.60789797,0.30835873,-0.64885485,-0.73456195,-1.3257566,-0.56756622,0.0049386091,-0.032545103,-0.18386952,0.68212784,0.86241193,0.36748331,0.19059388,-0.30105957,0.48890496,-0.19489039,0.28884254,0.12303491,0.22557778,0.3040375,-0.49975655,-0.56866892,1.3241486,-0.79322604,-0.79156466,-0.38762694,1.0582161,-0.25751224,0.0068018692,-0.91337168,1.1965263,0.1220871,-0.52542889,-0.22776303,-0.080871169,0.59440815,1.0644893,0.82259184,-0.21253397,-0.44089046,-0.56230025,-0.59910502,0.22662734,0.31455675,-0.15067226,0.07537815,0.2879273,0.26017664,0.29406386,0.44497461,0.66573665,0.39132356,-0.10915707,-0.5062222,0.17660978,0.062230009,-0.25938347,-0.41603011,0.44730615,0.39048519,-0.037114254,-0.44610832,0.016080872,-0.61597355,-0.26207347,-0.077271246,-0.58080979,-0.3261028,1.0973872,-0.38793082,-0.21928159,0.2459194,-0.76049749,-0.56433252,0.65663872,-0.35123027,0.53407976,0.69429492,-0.13823479,0.4096179,-0.11375933,-0.57508067,0.96403918,0.20655601,0.83601314,0.73825471,-0.080820525,0.26039038,0.56980119,-0.015551061,0.29172168,0.57775556,0.24962466,0.091265661,-0.28275163,0.10971977,0.82758541,-0.24596756,0.011416217,0.10459754,0.19864339,0.65961375,0.51807253,-0.51511679,0.80222274,-0.62434407,0.14293343,0.22205433,-0.46160695,0.00088049236,0.42744973,0.0079594914,0.13087789,0.38486078,0.44592603,0.23792191,0.61510849,0.60433373,-0.26815321,0.17208183,0.023621565,-0.12904532,0.098263352,0.15701253,0.1239118,-0.49854262,0.51095915,0.06713043,0.51459408,0.085796366,-0.14447638,-0.30102169,-0.1095893,-0.84417317,-1.2969995,-0.29809333,-0.4360154,0.24600625,-0.71436357,0.0073175971,0.63137284,-1.1440361,0.45685689,-0.6189881,-0.78920154,-0.44027991,-0.23902985,-0.072641339,-0.19830444,0.072164032,-0.086919479,-0.37298494,0.26197411,-0.5651991,-0.30226912,-0.14393073,-0.18286292,-0.34442281,-0.005047306,0.53105312,-0.34890048,-0.35209025,-0.28259367,-0.27823028,-0.22762937,-0.14629837,-0.33965246,-0.28605811,0.039260014,0.27879279,-0.24446153,-0.18133473,-0.31935674,0.00072928691,-0.35665364,-0.11151503,-0.021286132,-0.083867212,0.015601194,-1.1836806,1.156937,-2.3011565,1.3935028,4.4610515,-0.71588846
-1.1625043,-0.24281997,0.024258989,0.061099374,-0.39910662,-0.26174342,0.31377904,-0.12642019,-0.29125219,0.18027434,-0.3074482,-0.14511764,-0.69080615,-0.2763476,0.036729191,0.093795876,-1.238013,-0.33674517,-0.55491295,-1.3020818,-0.60343651,-0.28251617,-0.47985128,-0.5244166,0.10964642,0.87492295,0.43390973,0.046067168,-0.11567354,0.19955883,-0.38965159,0.27601718,-0.28606056,-0.070408018,0.2325821,-1.1842347,-0.13527905,0.74109802,-1.6557797,-0.3465161,-0.14207334,1.8883636,-1.2258973,0.45277267,-0.66175276,0.69697434,0.57088623,-0.87373425,0.18999308,0.55794284,0.54075598,1.2794409,0.98943263,-1.0690665,-0.55317628,-0.23548333,-0.28340305,-0.55839063,0.31193523,0.11925641,-0.23037774,0.21971589,-0.36272978,0.14069343,-0.3747354,-0.018162342,0.43989574,0.059273692,0.60630503,0.0095084881,0.65706362,-0.40727322,-0.27232418,-0.040477135,0.79106047,-0.42943741,-0.090580293,0.50826791,-1.0558351,0.13234872,0.61918446,-0.74531855,0.3603139,1.2874658,-0.74161976,0.041248874,0.12230924,-0.52010391,-0.61018631,0.44169467,-0.52908302,0.67539435,0.29034595,-0.13623227,0.17202432,0.13895145,-0.41843288,0.4659645,0.059316004,0.82547752,0.90439923,-0.035117822,0.12656582,0.7093163,0.11736591,0.089338645,0.67159143,0.067640251,0.47735781,0.24112199,0.0029226822,0.63224086,-0.3229985,0.59736069,0.17042694,-0.067062374,0.4727056,0.097707932,-0.20202777,0.68368953,-0.47662807,-0.085226126,-0.21551328,-0.36098496,0.014913963,0.20523426,-0.25922341,-0.10027025,0.36993422,0.21546473,-0.065710462,0.57858783,0.46937575,-0.30041466,0.25290441,-0.004102118,-0.18753013,0.033226558,0.38678651,0.25977914,-0.13064429,0.61926179,-0.337276,0.77276828,0.24354754,0.048564182,0.23709513,-0.18119308,-0.54486819,-0.82879607,-0.40703271,-0.50024257,0.39058045,-0.70920473,-0.071545211,0.30363206,-1.0824031,0.1078061,-0.52062126,-0.96194165,-0.55111171,-0.40011861,0.098573955,-0.022270751,-0.055635576,0.097247709,-0.058115136,0.037203684,-0.30724343,-0.10743245,-0.45485179,-0.12790214,-0.33019597,-0.036768418,0.62602329,-0.472429,-0.41250749,-0.11711132,-0.17918079,-0.47517213,-0.3389365,-0.39656878,0.065941304,0.35114487,0.25962546,-0.029916131,-0.030496059,-0.22899957,-0.11312164,-0.40379221,-0.30128237,-0.4912813,-0.16155855,-0.10887027,-1.8892856,-0.20238892,-1.835072,1.3129939,4.4574192,-0.94946728
-0.92776178,-0.41095756,-0.1971437,0.099296405,-0.26439049,-0.25031753,0.31899191,-0.21683106,-0.19152266,0.14719546,0.15619375,-0.10166518,-0.33612687,-0.56261081,0.16263397,0.53906428,-1.7647537,0.0536626,-0.39450764,-1.0721033,-0.60587749,-0.69279704,-0.56712548,-0.69237498,-0.84016041,0.43126739,0.50476576,-0.10149904,0.10046285,0.015408123,-0.39086495,0.21312263,-0.38766288,-0.11570902,0.047050236,-1.354386,0.35679291,-0.063729576,-1.4199345,0.3470478,-0.066378419,0.60741941,-0.87912923,0.6805043,0.032443853,-0.15305392,0.49166019,-0.51720608,0.5009855,0.31927922,0.40084585,1.2910137,0.45114171,-1.4942096,0.26345649,0.12269706,0.16294427,-0.52275852,0.34083733,0.49805481,-0.30672847,0.040766144,-0.31042074,0.18388306,-1.094676,-0.77849388,0.09058817,0.081166153,0.831058,-0.15293566,0.61930032,-0.13751105,0.73199958,-0.11975329,0.15243883,-0.34336434,0.18690122,0.70999887,-0.19848668,0.49122578,0.74713003,0.13623932,0.50174346,0.72101713,-0.20515845,0.36594128,-0.059546038,-0.30892952,-0.64641812,-0.032756255,-0.62145993,0.48786526,-0.19962971,-0.31213059,-0.22921477,0.37416094,-0.38917352,-0.097834547,-0.24343479,0.58815761,0.74354364,0.15826603,0.22990017,0.49490892,0.31985995,0.043106751,0.36873063,-0.092135505,0.61578498,0.81672347,0.16584486,0.49822321,-0.101391,0.77376869,-0.14279546,-0.043864087,0.22051981,-0.19683851,0.21703343,0.42178622,0.086361499,0.074428824,-0.70579909,-0.068372719,0.14410259,-0.21784598,-0.34485803,-0.04538748,0.26023388,0.079290032,-0.24916126,0.3960392,0.16427361,-0.20357803,0.33114305,0.1811226,-0.34705696,-0.095496268,0.28916595,0.49683541,0.53664327,0.53693302,-0.63740673,0.64157263,0.16051852,0.3454006,0.55347458,-0.45139523,0.022758117,-0.51951381,-0.50136109,-0.3534352,0.20236504,-0.45048844,-0.13397137,-0.41395635,-0.95817068,-0.25089911,-0.26068161,-0.98358206,-0.43897753,-0.44874918,0.11403412,0.11163001,-0.093331483,0.22273183,0.029547546,-0.14300434,-0.13345398,-0.078908807,-0.51353986,-0.1862642,-0.097822413,-0.1747196,0.70518094,-0.472429,-0.30736509,-0.23137295,-0.1404171,-0.70605504,-0.41956236,-0.39656878,0.14055149,0.39945105,0.076225972,0.18650999,0.064511595,-0.091416535,0.038306567,-0.26698014,-0.33662292,-0.4912813,-0.27277522,-0.18422958,-0.66720779,-0.77946475,-0.58908656,0.88663642,2.590413,-0.6147964
-0.14870099,-0.32940214,-0.42411875,0.32415513,0.042317362,-0.1297719,0.13975717,-0.28035413,-0.0022105026,0.46859143,0.23280349,-0.018041582,0.11929551,-0.40441395,-0.1137168,0.25430332,0.10568329,0.10563647,-0.23833596,-0.84212473,-0.66722734,-0.68954979,-0.28604111,-0.45627431,-1.2125505,0.041345069,0.52746579,-0.16215871,0.15069401,-0.045908265,-0.34483049,-0.092356062,-0.29521407,0.26016758,-0.060806545,-0.58005211,1.314832,-0.97864104,-0.46224062,0.85376234,0.06428273,-1.5558402,0.016289245,0.75569989,0.54877086,-0.78763589,0.2110381,-0.15725071,0.42915526,0.59792796,0.17946801,-0.89708501,0.03111803,-0.89073149,0.59230282,0.30017409,0.44148903,-0.43587117,-0.36153578,0.28108874,-0.0089826869,0.051305621,0.0070371456,0.092901393,-1.0453215,0.093183478,-0.13047896,0.00029118541,0.60143045,0.077305353,0.064482811,0.31549723,0.94148337,-0.0025825579,-0.70130571,-0.21045664,0.8287513,-0.069728036,0.9118483,0.26297878,-0.42265811,0.9706033,-0.54392303,-0.4797276,0.68242402,0.37484333,0.14063528,0.0089369168,-0.64679686,-0.37357948,-0.66688638,0.045421433,-0.53278165,-0.14039294,-0.55199563,0.43158528,-0.21414908,-0.48665237,-0.54568165,0.34521996,0.41531964,0.43374669,0.28841477,-0.12542621,0.017795648,-0.025334354,-0.13509706,-0.23438793,0.77823319,0.80738878,0.55432766,0.43019119,-0.078514979,0.90424122,-0.12094599,0.3192854,0.068697611,-0.21715205,0.55333273,0.15003295,1.2320829,-0.014630087,-0.75748776,0.29634246,0.33194624,-0.18621681,-0.21837687,0.15198559,0.12584334,-0.10929199,-0.36934283,0.10307546,-0.068140443,-0.23016295,-0.31271587,0.21990452,-0.52178479,0.088766322,0.076841646,0.47350627,0.74108035,0.42042285,-0.58444178,0.33010704,0.36469534,0.27464241,0.58445867,-0.77323675,0.13030157,-0.39212669,-0.58937122,-0.080513028,-0.091496249,-0.21415746,-0.14356543,-0.62629992,-0.49270014,-0.61405579,-0.063762659,-0.74420137,-0.32684335,-0.44874918,0.11272502,0.26717263,-0.057398147,0.35515009,0.14338443,-0.26337143,0.095069228,0.16398671,-0.43597484,-0.23052066,0.07874906,-0.23771253,0.73350996,-0.40115856,-0.233736,-0.34957463,0.12127932,-0.67264199,-0.21775116,-0.24668915,0.28584909,0.29999752,-0.16068172,0.28053904,0.062549592,0.093331895,0.25822195,-0.086890253,-0.18857535,-0.32398264,-0.39757893,-0.3660333,2.7523503,-1.1578231,0.93534066,0.45422717,0.16084097,-0.28550859
0.39484313,-0.12892762,-0.3961244,0.30121911,0.49349206,0.21053675,-0.1774084,-0.14194332,0.29408781,0.40944225,0.28108352,0.35936565,0.24694633,0.12290921,-0.39006756,-1.2752811,1.2886869,-0.62924853,0.42267632,-0.56491823,-0.76560561,-0.087215236,0.21327339,0.5252672,-1.0494592,-0.44154148,0.18947825,-0.16325622,0.22007768,-0.096371059,-0.13882192,-0.14478393,-0.19400409,0.041844045,-0.085405983,0.12567702,0.71711426,-1.1369971,0.25662521,0.96884844,0.21999207,-1.3760621,0.7431219,0.63335271,0.7402038,-1.1493732,-0.2353083,0.24647239,0.20764256,1.5348644,-0.16611966,-1.5007275,-0.33872641,-0.068425779,0.50485421,0.16971869,0.45888453,-0.5373088,-0.3355145,0.086894784,0.25227373,0.13713406,0.46405402,0.029312699,-0.20074909,0.30546336,0.0025410398,0.028177449,0.096774822,0.28229433,-0.38482597,0.471164,0.19686541,0.34190195,-0.12660743,-0.46362682,0.24428338,-0.76018843,1.2919414,0.36637858,-1.0775277,1.1380226,-0.42481722,-1.2218642,0.94319647,0.3451147,0.39000301,-0.087108206,-0.3939691,-0.67199347,-0.66604414,-0.30255498,-0.71852814,-0.13595896,-0.75590716,0.71560074,-0.19140704,-0.70692794,-0.77548419,0.16618086,0.23387853,0.32385783,0.3274066,-0.72060928,0.1273884,-0.11425599,-0.7452488,-0.18488391,0.29567726,0.31987709,0.49755875,0.12690628,0.080081703,0.40859212,0.20328541,0.46101014,-0.066994725,-0.28082238,0.68272732,-0.10324569,1.5865841,-0.098737545,-0.11224461,0.52999984,0.6105043,0.03306,-0.059401503,0.14420629,0.0053855096,-0.032442807,-0.19100275,-0.11330612,0.005599846,-0.1464469,-0.3875598,-0.11190907,-0.39813125,-0.05491414,0.041211916,0.66759573,0.70742525,0.22628512,-0.39251291,-0.12041372,0.42300087,0.19633365,0.33979815,-0.58716784,0.12825926,-0.39212669,-0.61451063,0.17406704,-0.34051168,-0.075074348,-0.15483149,-0.66305238,0.02761225,-0.90086342,-0.019114385,-0.22361194,-0.15510297,-0.43067292,0.10929699,0.33385562,0.010529993,0.24393705,0.3111658,-0.28392191,0.22728941,0.26348735,-0.28256321,-0.17674471,0.15506803,-0.2636113,0.51836506,-0.12728274,-0.09885284,-0.34957463,-0.012726876,-0.46357066,0.17977222,-0.14850087,0.4281795,0.33857842,-0.24366416,0.29289358,0.06058759,0.24059809,0.14134385,0.051593781,-0.063525363,0.0067240109,-0.30369947,-0.45226924,3.0916144,-1.2967744,2.1618958,0.16956418,-0.26954148,0.03032155
0.57285492,-0.13256355,-0.05366779,0.14633526,0.50333049,0.50641406,-0.29387257,-0.16719054,0.47547738,0.052740542,0.32312605,0.22813369,0.41400748,0.71504856,-0.48138078,-1.5821583,1.1527151,-1.1317861,1.3299523,-0.2552425,-0.80238668,0.76203922,0.21714652,0.35936583,-0.56645539,-0.66200257,-0.14979045,-0.1646768,0.25816621,-0.25150495,0.20655082,-0.019132758,0.049989666,-0.015848542,-0.088262687,0.50802515,-0.14066558,-0.81271999,0.5972129,0.5663862,0.28332758,-0.032189784,0.82971001,0.46142568,0.17867837,-0.61105719,-0.75944763,0.065096698,-0.30322917,1.1721269,-0.32968558,-0.99437141,-0.97978014,0.45352516,-0.34470328,-0.18005808,0.095420505,-0.74160532,0.085874588,0.068717714,0.051612044,0.10763936,0.95022033,0.05444195,1.284511,0.091865668,0.039223392,-0.18623394,-0.52532433,0.12587143,-0.48916948,0.3689216,-1.0971366,-0.14254509,-0.20926391,-0.7293367,0.059448229,-1.3892781,0.65902343,0.53343827,-0.96703262,0.10108309,0.15458806,-1.1326175,0.53488576,0.23023886,0.53203755,-0.37859751,0.032938128,-0.5703336,-0.58037807,-0.58360454,-0.62773906,-0.098090863,-0.66389108,0.50692523,-0.38163693,-0.73867816,-0.70927925,-0.17770535,0.031525685,0.14316343,0.50176294,-0.80383355,0.34568492,-0.17338059,-0.88083144,-0.058767659,-0.37118592,-0.15212482,0.10774535,-0.10369681,0.28769814,-0.044370158,0.25437755,0.91927764,0.13978017,-0.43053367,0.81212192,-0.44373437,1.4952367,-0.23886344,0.30546348,0.54162176,0.73749696,0.19016804,-0.0100274,-0.070203469,-0.095223955,0.22371021,-0.13260102,-0.20270695,0.14195215,-0.0039705185,-0.61709511,-0.47348317,-0.27379689,-0.1498127,-0.1035059,0.50696764,0.4532432,-0.046266747,-0.2067694,-0.59053716,0.72659801,-0.049205418,0.18532505,-0.39987487,0.10886091,0.5849222,-0.42484178,-0.0016083977,-0.53710279,-0.043191466,-0.26307376,-0.44747199,-0.11247185,-0.82445032,-0.12761683,-0.058519787,0.057616681,-0.35083612,0.022254047,0.30817177,0.065685345,0.18265003,0.34344657,-0.28392191,0.18503329,0.20970295,-0.034088801,-0.2919476,0.20682865,-0.38658749,0.091048747,0.12411411,0.10506252,0.0098848019,-0.10805531,-0.29761122,0.1911717,-0.14983422,0.28369567,0.20574384,-0.27681035,0.17121921,-0.067346975,0.29035025,0.023834028,0.20331601,0.048137438,0.3402582,-0.23618053,-0.34977695,0.74919406,-1.0429004,2.8703132,-0.088248366,-0.27429088,0.1948972
0.47902744,0.23041046,0.1216024,0.15541731,0.20109675,0.43830371,-0.23782836,-0.064097484,0.29841864,-0.11128419,0.15224459,0.027874909,0.31107784,0.10676467,-0.34602239,-0.81308789,-0.097829981,-0.97030716,1.8208763,0.099935473,-0.70570711,0.37694703,-0.15268442,-0.6226396,0.14801928,-0.48239453,-0.25032362,-0.19127417,0.3683942,-0.10593319,0.35329427,0.10310079,0.1971422,0.066298453,-0.055918817,0.68643366,-0.78027418,-0.43687121,0.71485202,0.20030462,0.10042604,0.25286803,-0.33882583,0.14175021,-0.48059283,-0.38376939,-0.74027949,-0.092481343,-0.37832688,-0.71518371,-0.36005463,-0.29417816,-1.1411389,0.67534784,-0.71678546,-0.14466359,-0.37768794,-1.0008899,0.50315922,0.023489954,-0.10913819,0.29782382,0.75651486,-0.039298022,1.9885533,-0.47723807,0.36937367,-0.64353473,-0.37451241,0.025472059,0.050982829,-0.06629663,-1.335922,-0.83429755,0.047573496,-0.29918884,-0.11153064,-0.63652372,-0.65933804,0.41202365,-0.20788776,-0.94964271,1.1641057,-0.72460585,-0.51053664,-0.17615074,0.5974818,-0.42947094,0.21900123,-0.080243475,-0.31694103,-0.81299183,-0.38356023,0.078583026,-0.5751518,-0.0034001596,-0.1260813,-0.98790174,-0.56834395,-0.35543595,-0.14588803,0.071269896,0.2582269,-0.64624705,0.56684307,-0.22278086,-0.35672846,-0.11862979,-0.4978909,-0.31383618,-0.49283642,-0.2463103,0.20835915,-0.12176974,0.20129262,0.75278393,0.40882183,-0.70373233,0.7764869,-0.41792318,0.64011279,-0.21943055,0.57214396,0.63572556,0.61802515,0.061543568,-0.0010515395,-0.15341844,-0.12666778,0.055428941,-0.25090872,-0.14853487,0.38419206,-0.086379707,-0.59503574,-0.35427845,-0.35175941,-0.21780154,-0.37898766,-0.023439238,-0.023660305,-0.28374826,-0.092251739,-0.60984266,0.62926204,-0.41621484,0.1640393,-0.065724885,-0.10321711,0.88208451,-0.23517293,-0.15136917,-0.49136167,-0.099571176,-0.37131603,-0.10661192,-0.37262805,-0.56202133,-0.27314505,0.18053215,0.18074075,-0.27099932,-0.12827844,0.32944393,0.10446283,0.21624827,0.2366877,-0.28392191,0.28250727,0.24987899,0.13376812,-0.25171649,0.1648121,-0.028692353,-0.38153558,0.20280489,0.23001583,0.3940845,0.082728423,-0.078065868,-0.19303202,0.049948162,0.34390142,0.13186094,-0.21454509,0.025321374,-0.21818564,0.28470667,-0.095044496,0.28247905,0.066209211,0.53259048,-0.17222646,-0.2173492,-1.6047276,-0.57784459,2.9872507,-0.79336102,-0.245145,-0.22227518
0.18471306,0.38934734,0.12461992,-0.12571778,-0.37654199,0.052493451,-0.29644004,0.37571853,-0.12688152,-0.40090163,0.096060332,-0.39557976,0.12699815,-1.3521978,-0.20362151,0.9096403,-1.3483751,-0.048752675,1.9344814,0.6826247,-0.60899774,-1.1150935,-0.59422085,-2.1085381,0.8831686,-0.17405927,-0.15993739,-0.24581668,0.020214792,-0.0059397185,0.24492139,0.45701649,0.34309033,0.26105212,0.037381192,0.63343116,-0.97235419,0.093820643,0.62579457,0.097699315,-0.29999198,0.34727628,-0.71812391,-0.4580331,-0.976449,0.036321566,-0.52522359,0.090346222,-0.13421079,-0.96843072,-0.27700539,-0.12033893,-0.96984914,0.73330978,-0.50678651,-0.37672089,-0.6270866,0.047156855,0.44804304,0.33560951,-0.19243485,0.25453239,-0.051231241,-0.42044332,0.77035962,-0.38047769,0.32086452,-0.69869693,0.16458805,-0.082329035,0.60148198,-0.92260547,-0.78759906,-0.74143863,-0.30592377,-0.17925288,-0.25701008,-0.017714626,-1.2286467,-0.12189242,0.68204814,-1.0565697,0.05467392,-0.07862155,-0.8523705,-0.42360293,0.44094037,-0.33389892,0.37837866,-0.067943898,-0.0018326316,-0.64482608,-0.38316631,0.20510168,-0.44160652,-0.38972462,0.0026563071,-0.77143813,-0.61180373,-0.30031667,-0.14704519,-0.052994758,0.23842493,-0.31537075,0.3596393,-0.21843796,0.050170747,-0.082600782,-0.68601386,0.0806894,-0.38046052,-0.45616881,0.31565025,-0.043102697,-0.12436924,0.33866118,0.22789483,-0.56886772,0.73151059,-0.37179254,-0.24945374,-0.062527797,0.69761888,0.10626392,0.42580613,-0.28374046,0.064166196,-0.34301733,-0.28303105,-0.26069313,-0.021243346,-0.095845197,-0.099989065,-0.07064988,-0.19257168,-0.378938,-0.27431736,-0.48391913,-0.63042729,-0.36956464,-0.26153108,-0.63121037,-0.20845348,-0.43159313,0.069255022,-0.43930267,-0.020285166,0.47977476,-0.30518261,0.56950759,-0.11355522,-0.29116778,-0.47957606,-0.15817299,-0.35418728,0.14241904,-0.51986298,-0.33216295,-0.28301784,0.41471252,-0.14411308,-0.19473838,-0.22941448,0.20317116,0.1370698,0.047991028,0.18293783,-0.20691506,0.17485227,0.026361339,0.012415606,-0.24142618,0.044721854,0.35432218,-0.7368948,0.24969089,0.17676253,0.2243161,0.11516821,-0.036427338,-0.37187176,0.29796286,0.1955686,0.034072859,-0.09130212,-0.11916136,-0.34383535,0.10410847,-0.14523645,0.2224934,0.083189404,0.53259048,0.074227127,0.022613798,-2.6889832,0.041865329,2.3295493,-1.2267528,-0.1854617,-0.61370984
-0.025221852,0.33943802,0.0013665659,-0.38853295,-0.86910307,-0.68432565,-0.30184864,0.34566248,-0.817172,-0.5535648,-0.33388754,-0.81693028,0.09342793,-2.0642237,0.30937969,1.2903595,-1.2623626,0.75105641,1.6543076,1.2653139,-0.51061946,-2.0819296,-0.76378708,-0.23202064,-0.41289493,0.18868432,-0.01699492,-0.26034919,-0.20725935,0.19174799,0.076878927,0.47035672,0.33208632,0.039277033,0.1384276,0.33116298,-0.5356718,0.23216767,0.37785685,-0.17019172,-0.75272838,0.46592374,-0.61719699,-0.89117603,-0.77188489,0.52567237,-0.12683931,0.12419708,0.0042626244,-0.6618951,-0.16871071,0.19267715,-0.33325849,0.50563177,0.17491197,-0.36700248,-0.42129162,0.80527631,0.089173647,0.41347037,-0.046615935,0.083638745,-0.55732484,-0.78876783,-0.94341443,-0.11173777,0.16639095,-0.29316708,0.75553095,-0.42849725,0.64212508,-0.92514268,0.46957209,-0.42354845,-0.70930628,-0.11918815,0.1395453,0.29818787,-1.0821862,-1.1416343,0.93039033,-0.46330437,-0.91568217,0.36825186,-0.82865718,-0.31897035,-0.01246427,0.15737622,0.50083904,-0.2854407,0.065859509,-0.60349422,-0.33816619,0.037848685,-0.14016161,-0.59024565,0.080537554,-0.22923043,-0.4711927,-0.28732312,-0.222393,-0.054077547,0.03716778,-0.076616109,-0.099896778,0.016607531,0.22912478,0.080451069,0.11078308,-0.041986908,-0.32896559,-0.30968374,0.23911662,0.14332037,-0.060148789,0.0030362403,-0.044692455,0.15939382,0.47986705,-0.037581536,-0.925858,-0.039207114,0.69151636,-0.3753721,0.26468828,-0.3897502,0.16376056,-0.42284223,-0.33085434,-0.43384237,0.024680002,-0.12252582,-0.44003481,-0.10990094,-0.11660658,0.024706136,-0.15200999,-0.33372052,-0.63932338,-0.4470635,-0.29916228,-0.5989099,-0.27298172,-0.17631112,-0.30102363,-0.22923576,-0.15969022,0.65315206,-0.042630986,-0.12666836,-0.014054116,-0.42527877,-0.47957606,-0.24525844,-0.30504892,0.18547175,-0.64409544,0.13047542,-0.3505011,0.42768747,-0.4689669,-0.11963961,-0.28701343,-0.087035364,0.13801866,-0.096520564,0.156277,-0.08992389,0.087815745,-0.083719192,0.11227311,-0.16872106,-0.10378583,0.58462349,-0.85177052,0.18188533,0.15280516,0.15343074,-0.15896188,0.031260857,-0.34780725,0.13996869,0.04870931,-0.17459212,-0.087376624,-0.26240586,-0.41762542,-0.033048999,-0.14811098,0.077760361,0.0092067062,0.23820433,0.25189387,0.22505323,-2.756818,0.61963509,1.1897229,-1.1760204,-0.2348232,-0.82819775
0.084655601,-0.10248963,-0.23062004,-0.43307543,-0.52780339,-0.88805971,-0.064474638,0.25253874,-0.69191161,-0.28732493,-0.65992391,-0.29924975,-0.49225269,-1.3435944,0.19910232,0.4819001,-0.21352776,0.47049676,0.72354264,1.0084704,-0.41224119,-1.5691322,0.265068,1.0276827,-1.392996,0.54384719,0.033239823,-0.32602992,-0.38025933,0.18393591,0.017681426,0.27135924,0.38198979,0.10920934,0.15508009,-0.0014916108,0.036526995,-0.053629301,0.03240051,-0.32293656,-0.47309373,0.45328278,-0.10179079,-0.90351018,-0.043855969,0.76825529,0.40791041,0.2357576,0.15008978,-0.28314494,-0.046652349,0.35603244,0.51760322,0.19269245,0.52910256,-0.23836178,-0.0047174055,1.8203441,-0.5916986,0.29322537,-0.4573934,-0.15676139,-1.2538025,-0.68662479,-1.9401407,-0.54189108,0.0651895,0.17394681,0.5740604,-0.74692659,0.43968711,-0.38288888,0.87671957,0.21097093,-0.45643866,0.20564869,-0.60217698,0.37111081,-0.014468605,-0.71413319,0.7304613,0.54378922,-1.4940853,0.55351461,-0.0018813218,-0.4501161,-0.43608514,0.46206333,0.58903226,-0.43762755,0.081153717,-0.61809722,-0.10439922,-0.3398877,0.19599744,-0.76142797,0.43117017,0.25832979,-0.21068863,0.26771305,0.047621716,0.035717356,-0.019309961,0.673397,-0.24681659,0.29301697,0.49273497,0.28261092,0.48291697,-0.20346981,0.026805625,-0.015517919,0.12758548,0.019957696,0.41447409,-0.17295824,-0.097761524,1.0754739,0.094497651,0.36148339,-0.90210517,0.14270164,0.71914837,-1.0289726,-0.064477039,-0.29870755,0.20413998,-0.25272612,-0.21114635,-0.62148854,-0.087672242,-0.060935395,-0.73149549,-0.31675275,0.15049286,-0.11138063,0.13611391,-0.25140305,-0.3981128,-0.26786229,-0.20992379,-0.44077146,-0.11841223,0.14266683,-0.43051509,-0.042069375,-0.24711722,0.32228857,-0.25897192,-0.49320948,0.067565269,-0.53794709,-0.42653754,-0.29247168,-0.24206382,-0.0037248395,-0.56573343,0.51235444,-0.39412732,0.30165247,-0.63040139,-0.088705343,-0.34346296,-0.22540271,0.064042726,-0.20431141,-0.096811991,-0.08992389,-0.051757018,-0.20838577,-0.042987335,-0.03327534,-0.29989928,0.16744563,-0.75999199,0.014159242,-0.025266928,0.13893749,-0.76764052,0.047985314,-0.10912804,-0.068508385,-0.090272265,-0.35307104,-0.14876446,-0.34663757,-0.49141548,-0.19488326,-0.14848921,-0.099161966,-0.017756732,0.073836558,0.35221005,0.25135244,-1.1063359,0.70311686,0.27269383,-0.41896193,-0.31959424,-1.0174324
0.25932142,-0.78430466,-0.19253268,-0.14517299,0.12769839,-0.42259916,0.21237843,-0.54146799,-0.05150701,0.13437036,-0.39425773,0.17103472,-0.5000784,0.80894697,-0.44978404,-0.55642723,1.1419565,0.62691006,-0.032207872,0.45779041,-0.38462623,0.57869106,-0.2171399,1.2079334,-1.1988312,0.48246058,-0.12107513,-0.32614402,-0.55000527,0.17626399,-0.18051357,0.0038869978,0.019705928,0.17100485,0.064791333,-0.26621126,0.4807838,-0.39676655,-0.24655673,-0.41938664,-0.067815786,0.27598609,0.67082994,-0.46776775,0.60190369,0.60175513,0.76554738,0.089637204,-0.24185981,0.19035901,0.085624117,0.32233052,0.99989073,-0.090652122,0.51433226,0.024946949,0.50011904,2.192981,-0.70391368,0.099618213,-0.78076833,-0.5882494,-1.1653697,-0.19102587,-0.81088116,-0.57505718,-0.21981626,1.1220148,-0.19012988,-0.52702728,0.19308411,0.35938787,0.66852177,0.20594351,-0.13243123,0.0014086953,-0.35244161,0.32138845,0.7495843,-0.29421087,0.17150901,0.72781722,-0.52154217,0.17252194,0.55363861,-0.28926206,-0.57813134,0.46162381,0.61773215,-0.43781949,0.029079157,-0.36056344,0.0066129855,-0.34604816,0.38845116,-0.38590796,0.70859096,0.49011153,0.065583299,0.58014818,0.32539257,0.051359672,-0.19727855,1.277294,-0.25162524,0.5255344,0.85094696,0.47185466,0.32881199,-0.42449035,0.1150741,0.098869497,0.085876314,0.075315138,0.12239847,-0.05808162,-0.10112836,1.3245907,-0.13395047,0.41016204,-0.76283022,0.16142471,0.28994748,-0.61213504,-0.09484611,-0.058622072,0.15548272,-0.23084719,-0.094704654,-0.36004515,0.024680002,-0.14562941,-0.82800786,-0.19998018,-0.46226693,-0.1564008,1.0515633,-0.0014887085,0.066645225,-0.10088013,0.038252854,-0.28351102,0.17527264,0.25452415,-0.028148311,0.17611921,-0.038012821,0.063251989,0.18970389,-0.94668842,0.10388431,-0.36894107,-0.23591533,-0.3062076,-0.1688973,-0.19512316,-0.44150097,0.4200897,-0.35651661,0.22843783,-0.73463911,-0.16965449,-0.24838287,-0.37919538,0.075645777,-0.33391835,-0.22875239,-0.037079801,-0.26146407,-0.29021204,0.03425314,0.13795338,-0.35502338,-0.38029382,-0.63458804,-0.147481,-0.25230522,-0.027376484,-1.4646247,-0.077825769,-0.29602269,-0.34189205,-0.35887897,-0.407459,-0.23483422,-0.41713229,-0.447511,-0.31602098,-0.16455158,-0.24680945,0.027381184,0.23633471,0.32526331,0.23859912,2.9584148,0.29303535,-0.36730059,0.57680063,-0.43459027,-0.70160227
0.23007121,-0.49538251,0.039453919,0.19863042,0.85403506,0.37119373,0.36585095,-0.63484248,0.64623618,0.57467176,0.049147029,0.6638209,-0.19851037,1.5206176,-1.2469444,-1.0078938,0.090187227,0.24954985,-0.20040979,-0.070670208,-0.38462623,1.4335339,-0.78039111,-0.16966745,0.56704292,0.29637652,-0.21370651,-0.25595756,-0.3245266,0.0336883,-0.31083006,-0.29513098,-0.16319797,-0.036294526,-0.081053726,-0.22516823,0.49314434,-0.44478212,-0.21061523,-0.36896336,0.44858782,0.35314615,0.3240619,0.51989858,0.85808101,0.063659721,0.55130506,-0.0467737,-0.39877777,0.020939944,-0.12556982,0.16248365,0.88815665,-0.23810205,0.15678112,0.37277254,0.77626619,1.5285927,-0.26271881,-0.40598268,-0.5864028,-0.20947962,-0.33048559,0.59297057,-0.1756029,-0.23566089,-0.14873158,1.7488155,-0.67853772,-0.25710514,-0.00058591464,1.3929816,-0.21197493,-0.033768213,0.30743296,-0.35469643,-0.19189111,0.0046886816,0.74547815,0.2361479,-0.21227626,0.49507852,0.25998531,-0.39809374,0.5986144,-0.18177498,-0.52615096,0.12758394,0.30918335,-0.24800764,0.050416713,0.2268731,0.23619284,-0.19607436,0.3203475,-0.3286182,0.64171742,0.21537699,0.17248101,0.71100281,0.37536599,-0.1732743,-0.33826311,1.1748491,-0.12938194,0.63476505,1.1749445,0.51898006,0.38022354,-0.29146546,-0.072460462,0.24157336,-0.095084785,-0.036747627,-0.25377346,0.05697828,-0.20578772,0.55453276,0.066519561,0.56833164,-1.0133457,0.36629113,0.0057256142,-0.050892268,-0.016457946,0.2336619,-0.049088457,-0.0095247715,0.092509222,-0.035784257,-0.31373382,-0.16878468,-0.1861672,0.12960693,-0.15371193,-0.50098971,1.5531372,-0.46407183,0.40247963,-0.095795605,0.20740519,0.23032208,0.43822131,0.25815371,-0.0016609539,0.094601262,0.43383618,0.38139141,1.1186204,-1.1016485,0.14020335,-0.30200587,0.019739598,-0.35362116,-0.088915443,-0.32667367,-0.061245195,0.15982671,-0.23562502,0.045920859,-0.65111739,-0.25060364,-0.10613913,-0.4208613,0.093008707,-0.39851781,-0.20865417,0.08328729,-0.26483367,-0.25306245,0.10215641,0.28736104,-0.35653198,-0.31128341,-0.60279817,-0.30608117,-0.3002736,-0.11541617,-1.0537074,-0.10860327,-0.90930903,-0.39656878,-0.42503968,-0.38053941,-0.33210733,-0.32006513,-0.37558399,-0.31861787,-0.27552798,-0.2963589,0.039044263,0.13655168,0.12946716,0.1262667,3.1170258,-0.19808035,-0.73631895,0.50347012,-0.6735169,-0.38577213
0.13436721,0.14625496,0.26055639,0.74119504,1.0074916,0.83432831,0.78727978,-0.22101475,0.90773999,0.97855719,0.48439587,0.89677989,0.2577604,1.7390154,-0.69496483,-0.89314732,-0.40316241,0.73933337,-0.36156007,-0.55077101,-0.26070707,1.1536012,-0.87254383,0.12483304,1.2798204,0.18693132,-0.30288907,-0.12638822,-0.22156281,-0.061077328,-0.34864087,-0.45292269,-0.3143947,-0.038431633,-0.27346317,-0.17004112,0.086642561,-0.20433868,-0.086295213,0.28023787,0.81925556,0.2405332,0.5616561,0.97879249,0.69167512,-0.4458821,0.013372197,-0.0024465074,0.049294953,0.23534146,-0.44261318,0.014658452,0.59037198,-0.1894608,0.23554926,0.0094259265,0.93978524,0.39104681,1.3517897,-0.35225478,0.12177575,0.40285154,0.092704592,1.6022804,-0.15799653,0.86925048,0.29596198,1.4914925,-0.71477664,0.37184677,0.27945873,1.3057816,-0.36869908,-0.31192117,0.39168002,-0.45480875,0.033454391,-0.15459223,0.30170425,0.51303169,-0.73408612,-0.053892151,0.78623866,-1.1196562,0.22635536,-0.22846323,-0.35003981,-0.3235745,0.068496357,0.088396267,0.082778724,0.2245503,0.39860905,-0.0034119278,0.33571132,-0.32269167,0.31603918,-0.35851412,0.10174234,0.64094713,0.38648372,-0.2186069,-0.15335115,0.56556359,-0.0060531039,0.60753063,0.79189772,0.39282636,0.24308457,0.16331721,0.065156467,0.24605058,-0.12260956,-0.098628583,0.039521055,-0.025955113,-0.33577021,0.062826978,0.26698959,0.19358834,-0.54908109,0.57354895,-0.52705376,0.26949494,0.0068758058,0.31565738,-0.11953541,-0.0096123072,0.068499514,-0.092733231,-0.42329335,-0.029903112,0.13655815,0.4461266,0.7709876,-0.4024111,1.2565925,-0.29882175,0.31775639,0.0052516766,0.23222081,0.29921756,0.4623004,0.24595991,-0.036212726,-0.068506697,0.67732858,-0.10659017,1.0902738,-0.23144852,0.37741064,-0.28485113,0.31095082,-0.40107026,0.0033989357,-0.4127726,0.38301641,-0.20944824,-0.2422485,-0.13405199,-0.15894276,-0.26822553,-0.026494037,-0.2786182,0.079129031,-0.28765308,-0.19386235,-0.0015611759,-0.25802636,-0.19323726,-0.47253528,0.32842651,-0.31271514,0.13931353,-0.4576498,-0.39718047,-0.33864873,-0.12136331,0.1187758,-0.17111075,-1.1329208,-0.3540066,-0.3607347,-0.22220406,-0.34822509,-0.23701882,-0.24911748,-0.21763156,-0.29457248,-0.28914621,0.16964828,-0.028062659,-0.24326383,-0.098497707,1.2135528,-0.56203459,-0.86623829,0.72870854,-0.54634668,0.023782393
0.3233232,0.82687754,0.47518021,1.0389195,0.89507718,0.9879326,0.77773977,0.39855023,0.8899662,0.92727912,0.87173766,0.84511945,0.6779843,1.3554855,0.083340528,-0.34638064,-0.20402134,1.0350982,-0.44373193,-1.0308718,0.033600958,0.88757915,0.24403632,0.65137078,1.2370924,-0.19096864,-0.29410904,0.060836388,-0.10542475,-0.19622014,-0.26144425,-0.51910625,-0.33663515,-0.038431633,-0.39989994,-0.090510095,-0.12016886,0.46882795,0.0096695565,0.52789158,0.90715264,-0.11972499,0.56866311,0.80545845,0.50649893,-0.65357005,-0.53772294,-0.056583722,0.48689889,0.50714615,-0.79768649,0.008068504,0.44850727,-0.16431317,0.2318956,-0.47793047,0.59415005,-0.94983648,1.3875092,0.10813484,1.7041168,1.2682994,1.1643863,1.9051818,-0.020079981,1.63566,0.64718238,1.0534615,-0.26998039,1.3962848,0.46966937,1.0401615,-0.56195361,-0.50860036,0.16821596,-0.35668264,0.20320313,-0.16029375,-0.30424958,0.033436782,-1.3209056,-0.4340496,0.34809927,-0.75963107,-0.20799367,0.078332847,-0.30273611,-0.36770677,-0.10598401,0.30907159,0.077370389,0.53513618,0.12278744,0.39293086,0.33050166,0.064877245,-0.12828932,-0.56727101,0.314818,0.1164196,0.01310272,-0.39820286,0.008110034,0.0064225823,0.19613541,0.51029099,0.18906603,0.40960404,0.32453945,0.63210044,0.16983159,0.15611669,0.009031324,0.016270345,0.42895674,0.1268414,-0.26896202,-0.11081569,0.26453379,0.062348741,-0.35683597,0.58657304,-1.741391,0.37850901,-0.0053392742,0.46321597,0.016328383,0.38388393,-0.10979717,-0.15196354,0.041311214,0.081490453,0.35286939,0.92241774,1.5482482,0.59483809,0.48176838,0.631219,0.096174913,0.21262522,0.028703116,0.37227313,0.20065037,0.13566564,-0.19993214,0.058773463,0.6935653,-0.60296884,1.2493647,1.0630377,0.66133612,-0.23971572,0.53551843,-0.2996372,0.10924032,-0.47215238,0.57242646,-0.45013444,-0.015526725,-0.056851732,0.33323186,-0.27112015,0.01471337,-0.046928611,0.064351769,-0.13882107,-0.13941038,-0.03961952,-0.12222858,-0.086335232,-0.85111983,0.2456385,-0.14811139,-0.047263895,-0.37705586,-0.36520063,-0.28635128,-0.25741672,0.78270151,-0.18836889,-0.62695539,-0.092085468,-0.23514554,0.018677341,-0.2891283,-0.11688573,0.011879824,-0.16521044,-0.18721062,-0.18332405,0.21271224,-0.19056081,-0.46411535,-0.24802725,-0.10471492,-0.64947689,-0.81088369,0.27750806,-0.22043489,0.43640985
0.39566459,0.93027164,0.64890983,0.929677,0.4775798,0.751833,0.43179378,0.73618088,0.56375103,0.73841368,0.84778677,0.5528055,0.90930005,1.6366373,-0.2968409,0.076517774,0.4576937,1.4891898,-0.52590378,0.048886543,0.32338053,1.4168112,0.12867453,1.1022961,0.57987093,-0.31013124,-0.16496709,0.14833264,-0.0096665343,-0.22221157,-0.15277619,-0.50566704,-0.29535344,-0.038431633,-0.40096302,-0.035317119,0.052567847,0.98561106,-0.037915025,0.37754705,0.83382558,-0.55106065,0.039201017,-0.0095715532,0.28208933,-0.30938595,-0.66720383,0.12815224,0.81000467,0.5126121,-0.89483366,-0.087742379,0.28980271,-0.10865321,0.32923779,-0.91893742,0.024503778,-1.3449974,0.72550418,0.84164391,2.0399462,1.4957379,1.7152733,1.2723106,0.72398568,1.8591098,1.0176982,0.61157474,1.1890734,1.6116217,0.55150814,0.96126698,-0.7637391,-0.2151955,-0.16557204,-0.40193603,-0.22415832,-0.40986841,-0.76072451,-0.049840296,-1.9233336,-0.8284276,-0.22828946,-0.072913017,-0.20799367,0.27105314,-0.14687289,-0.077163866,-0.16110769,0.16946847,0.17278006,0.69233098,-0.098969505,0.96690456,0.28608731,0.24728064,-0.51069355,-0.17948759,0.47224551,-0.19029509,-0.25524598,0.13024692,0.20277423,-0.1808319,0.58132924,0.44586047,-0.35926981,0.31968475,0.41071806,0.75449266,0.86447677,0.12762272,0.16363317,-0.10136928,0.93650871,0.11495165,-0.14813286,0.1612803,0.2464683,0.051157215,0.4771498,0.48062814,-2.434081,0.61118827,-0.01703467,0.45091759,0.32529766,1.2860228,-0.014095469,-0.21174203,0.26301011,0.47666718,-0.20602953,0.90344609,1.4355748,1.6047032,-0.52482338,1.995403,0.21002889,0.2946323,-0.49195915,0.40129286,-0.15047459,0.051106065,-0.048748208,0.13062853,0.51021575,-0.66372576,0.78472193,1.5271328,0.79494781,-0.084201296,0.67038871,-0.054947665,0.30131633,-0.38689926,0.69187726,-0.43078134,0.22088205,0.12156643,0.65146339,-0.25219966,0.050073795,0.1043758,0.18047846,0.039519359,-0.010870016,0.18722929,0.045461846,-0.019841458,-1.0397457,0.12706123,-0.021406151,-0.96306085,-0.26119391,-0.25839769,-0.13730288,-0.29808838,1.952068,-0.1272495,0.92248315,0.025832495,0.01045681,0.16991792,-0.21232465,0.064236923,0.27287713,-0.0095461905,-0.088933588,-0.031904958,0.20017708,-0.23644265,-0.68904294,-0.32271339,-0.31923041,-0.42356027,-0.56396732,0.17497864,0.26290694,0.59228704
0.33690526,0.82357461,0.80264674,0.7251859,0.37224516,0.48608814,0.21256848,0.85716695,0.30887233,0.60469759,0.76398976,0.46464838,0.8116679,1.8761707,-1.6784498,-0.3986215,0.46184689,1.4069275,-0.37772503,1.3236273,0.58081406,2.5780157,0.35062937,1.0683275,0.98263184,-0.26576042,0.023543033,0.28009035,0.13994043,-0.20114893,-0.031871645,-0.39408203,-0.19215449,-0.038431633,-0.34491526,0.068586915,0.13028897,1.055871,-0.24801695,-0.31895066,0.44748651,-0.56244075,-0.79796399,-0.83744449,-0.098829063,0.22708627,-0.1745149,0.31801373,0.36149564,0.027869283,-0.76748648,-0.33341685,-0.061815112,-0.057678619,0.017003673,0.16843177,-0.75926602,-0.37842394,-0.17865162,1.4000711,1.5368559,0.77482618,1.3868528,0.71472224,1.2393941,0.69320507,0.63520952,0.2714405,1.6580102,1.3507755,0.41148516,0.44590445,-0.38374057,-0.26342535,-0.59523941,0.076318908,-0.42348126,-0.53950216,-1.1248074,-0.50540168,0.48480803,-0.85956678,-0.82667244,0.77209048,-0.27322447,0.4305234,0.059371489,0.37111398,-0.18098145,-0.10611311,0.35940603,0.38213715,-0.048763189,1.1768975,0.094592922,0.36203268,-0.4793823,0.47083089,0.49720716,-0.3177764,-0.255218,0.67126046,0.28591154,-0.34122871,0.71357824,0.42200618,-1.0219306,0.24640915,0.066149015,0.74256064,1.1487559,0.22790883,0.37909043,-0.077819709,0.24230481,0.2798108,0.27877172,0.18118167,0.2183331,0.14890444,1.3552356,0.32557404,-1.9627739,0.87681569,-0.046934729,0.45024558,0.68187474,1.5044568,0.19886274,0.18472159,0.78108406,0.78136047,-0.46570045,0.5174936,0.18728301,1.7573766,-0.93635177,1.8922517,0.30067654,0.34652609,-0.73536668,0.2130992,-0.17466521,0.026152183,0.034937848,0.29794267,0.17452809,0.34901379,-0.094072544,1.2502642,0.63628271,0.099297008,0.73203473,0.26811588,0.49339234,-0.34518772,0.69731803,-0.24541833,0.41015755,0.3005847,0.94795203,-0.19086092,0.064858424,0.2869632,0.14789547,0.16479551,0.11636451,0.044379627,0.10558674,0.069929342,-0.80354462,-0.11704607,0.081034324,-1.3300851,-0.08005759,-0.082876774,0.001755568,-0.15857726,1.843035,-0.10982879,2.1554912,0.013461883,0.18063904,0.21481661,-0.081729473,0.14473961,0.29781354,0.089567339,0.0054009769,0.06034334,0.18124504,-0.18144881,-0.72662639,-0.33753947,-0.44209239,-0.17685613,-0.39954344,0.012114793,-0.0071095638,0.71607045
0.55622691,0.44597042,0.66205079,0.28322017,0.28173544,0.50812757,0.026762512,0.75774485,0.3960897,0.28241455,0.59455765,0.20688532,0.65235774,0.74491315,-0.98406941,-0.577031,0.82114885,0.39049934,-0.21338132,2.0289745,0.83824758,1.9319173,1.1868068,-0.4259204,0.16800365,-0.30980074,0.20257048,0.32220934,0.28457461,-0.05182122,0.097668307,-0.13464882,-0.15759858,0.1423501,-0.18729075,0.11822764,0.31516486,0.84774741,-0.2573407,-1.2540111,-0.32934516,-0.049841957,-1.2422582,-1.0799149,-0.80628223,0.67247795,0.41814703,0.58291192,-0.92113198,-0.612544,-0.38873077,-0.48006911,-0.66894002,0.041255681,-0.3278965,1.3657441,-1.1931233,0.86146679,-0.076732594,0.97733349,0.70809744,0.13626081,1.2549679,0.070598375,0.88626675,0.14645232,0.33245992,0.22192755,1.0733347,1.0595205,-0.077446227,0.47311262,0.14725808,-0.04005661,-0.71293094,0.84707299,-0.33621159,-0.26572331,-0.96608945,-0.62693512,1.3973717,-0.64043484,-0.55592299,0.50587496,-0.58457342,0.5923999,0.1904877,0.85930793,-0.14633292,-0.061590206,0.58229328,0.010837004,0.090046154,0.9068898,0.12581933,0.54695299,-0.30836372,0.95690693,0.35143654,-0.052016091,-0.058332348,1.1090883,0.42868575,-0.098644089,0.66056958,0.43772526,-0.87146003,0.32444496,-0.20212988,0.68174431,0.59075682,0.32198581,0.43838989,-0.020806662,-0.71010141,0.10483341,0.79749892,-0.54266902,0.18317961,0.28683674,1.3047728,0.24971602,1.1069986,0.90447659,-0.091768083,0.54844809,0.72769273,0.95352364,0.55284483,0.84754555,0.92928859,0.75048243,0.15670728,0.34380746,-0.46214335,0.72721201,-0.63692344,0.52412703,0.19026081,-0.0005923312,-0.75394181,-0.0083444985,0.01810189,0.093101058,0.13250682,0.14833978,0.13846589,-0.90328944,-0.23997043,0.54774227,0.47761761,0.29720273,0.739537,0.59587936,0.58291139,-0.10854173,0.6685558,0.16651076,0.56894515,0.50693503,1.0545787,-0.12952218,0.042871421,0.26881938,0.02180858,0.19101621,0.14726533,-0.28392191,0.19214406,0.07884048,0.29897369,-0.15318575,0.16117166,-0.67621169,-0.049497417,0.11485554,0.12471518,-0.024681979,2.0571965,-0.052219933,2.3552816,0.096905202,0.21083346,0.20648353,0.066785776,0.23706006,0.25193168,0.1348029,-0.097333956,0.1415931,-0.056430789,0.13018293,-0.31285529,-0.16782013,-0.65359438,-0.021806791,-0.26157857,-0.32476975,-0.24880977,0.59577702
0.4779288,0.4099104,0.40494809,0.18990572,0.2087695,0.22267177,0.049613312,0.46694581,0.17813038,0.24385083,0.31576292,0.1599802,0.41524778,-0.84827028,0.81331972,0.095429908,1.210503,-0.018379607,0.12768932,2.0738252,0.97926017,0.54498486,2.7635067,-1.1862378,-0.78627727,-0.23911846,0.20424414,0.30677996,0.44670357,0.037678005,0.25942564,0.1304941,0.11108236,0.43275348,0.018919771,-0.048019211,-0.23055702,0.15863916,-0.29570039,-0.86732477,-1.1409017,0.37958537,-1.3438657,-0.60261454,-1.331885,0.8553139,0.92543605,0.50102957,-1.2984913,-0.59108864,0.18569191,0.27519004,-0.88448067,0.006019345,-0.43126415,1.5705483,-0.79156773,1.2250616,0.39254371,0.30126424,-0.096832547,-0.22153129,0.86008371,-0.051552857,0.44245003,-0.040696895,0.13244041,0.22372367,-0.12381889,0.6805402,-0.055079561,0.18059343,0.35850939,0.23311374,-0.32559552,1.0943342,0.039603034,0.20023232,0.31376045,-0.40869751,0.8808541,0.28440767,-0.27608977,0.34095966,-0.52816128,0.50220874,0.32384679,0.83105621,-0.11926133,0.09607427,0.75901285,-0.036124771,0.40164984,0.59922427,0.27181619,0.45832843,-0.092507735,1.229061,0.24864427,0.31656079,0.28693975,1.0074922,0.76533881,0.25733495,0.51402829,0.38720604,-0.078559963,0.16049065,0.0085862185,0.36181673,-0.12602135,0.33691891,0.39450311,0.03149425,-0.62464559,-0.25947845,1.0116125,-2.4299734,0.1681735,0.37988838,0.92919191,0.24347101,3.2248699,0.34002512,0.078569346,0.44393287,0.53860564,-0.32873667,0.8960452,1.2352887,0.51863454,0.46389259,1.2185735,-0.0073732598,-0.36624562,-0.46998657,0.04956902,-1.1472237,0.12288828,-0.13533192,-0.41349796,-0.25973579,0.37575042,0.28636696,0.14848118,0.063157193,0.35065963,-0.85633005,-0.1269648,-0.14877393,0.46845155,0.5420993,0.66174147,0.89445536,0.66293441,0.20111259,0.63340559,0.30922424,0.77418381,0.66960059,0.94096538,0.013694215,0.062507524,0.092819366,-0.026338646,0.10841409,0.17285312,-0.28392191,0.1914861,0.094814558,0.97533859,-0.16540219,0.17331553,-0.10213643,0.089630021,0.2897926,0.23456911,0.10080356,1.4453025,0.078545653,1.7331928,0.18130546,0.18595948,0.070504036,0.17640389,0.2861988,0.24693474,0.18000875,-0.15875249,0.20576529,-0.27153063,0.23675069,0.26301004,0.0043343101,-0.83923464,0.035064358,-0.066050591,-0.28736663,-0.41573117,0.41805374
0.28752689,0.21732389,0.39456618,0.2484289,0.32430495,0.22175607,0.36507011,0.44524061,0.25959256,0.24739074,0.21278812,0.26468778,0.23828203,-1.6337709,1.2760553,1.1368112,1.541012,0.069283839,0.5166235,2.0770318,1.0955024,-1.5839903,2.3458608,-0.69300543,0.17325566,-0.10113668,0.29643538,0.38910214,0.7089169,0.21327479,0.42586397,0.3297168,0.29296316,0.72440268,0.2103051,-0.4750379,-0.054317096,-0.50926335,-0.45554488,-0.034054571,-1.1608589,0.53696635,-0.76422275,0.50715824,-0.91692313,0.63858367,0.8272262,0.063123937,-0.92332953,-0.040941642,0.69394662,0.085619087,-0.62359441,-0.39298884,-0.25870067,1.1094857,0.13137722,0.78890554,0.89590469,-0.036516655,0.12496997,0.30452707,0.44786364,0.30894701,0.49164871,0.19371091,0.46970594,0.026402577,0.21734541,0.42536221,0.46281748,-0.027745622,-0.60867504,0.78753599,0.50688785,1.4563512,0.26571712,0.74791712,1.3342449,-0.39690949,-0.98868287,0.95689589,0.0022960232,0.58637784,0.15019143,0.2153624,0.58022643,0.54496834,-0.09255863,0.51688827,0.7834399,-0.032967552,0.76439496,0.072020853,0.43882002,-0.18129944,0.15515905,0.60518308,0.39530394,0.39755073,0.58769975,0.34104771,0.68245923,0.97948008,0.39251072,0.28869977,1.3828298,0.15606494,0.45740826,-0.13517301,-0.286438,0.40882462,0.48047787,0.27456524,-0.15452689,-0.17639821,1.1262603,-1.7532745,0.21360956,0.43302013,0.38932871,0.09524237,3.0691977,-0.21624434,0.29829107,0.4100193,0.2978158,-0.91302927,0.79160569,1.001971,0.38644676,-0.18226919,1.5861489,-0.17030763,0.2161173,-0.64322184,0.41658775,-1.3545332,0.059464102,-0.32029219,0.46458259,-0.081832868,0.83386549,0.53689287,0.25223632,0.16877834,0.48420233,0.51776395,0.15422294,-0.69797834,0.48203535,0.78631249,0.51714212,1.0954629,0.7709545,0.45299202,0.5961695,0.38870452,0.81836616,0.62282957,0.82330532,0.16937025,0.13859094,-0.046157988,0.024597192,-0.023757232,0.19308468,-0.185227,0.12254617,0.11834037,1.5067127,-0.080939341,0.17497511,-0.12251692,0.21412927,0.40723136,0.23383718,0.20502401,0.22452089,0.22155457,0.59038882,0.23214026,0.10176807,-0.042783956,0.29963301,0.26374112,0.36459258,0.21517979,-0.080243227,0.19632797,-0.37810829,0.2241809,1.0145841,0.14386334,-0.20254374,0.028569572,0.20738228,-0.27875008,-0.14685641,0.29096701
0.37261204,0.20598949,0.46158686,0.11802279,0.16930187,0.27728965,0.71277712,0.18678509,0.31487265,0.099916615,0.20794937,0.2148852,0.34666271,-1.0058149,1.3041534,1.4882162,1.7614245,0.39578098,1.1827099,0.99749073,1.1461311,-1.9923845,0.74414883,1.9589176,1.3500712,0.064143127,0.24836726,0.50774087,0.71258644,0.26548533,0.5796015,0.49699978,0.41122257,0.79946686,0.42198654,-1.0710725,0.44141336,-1.2427298,-0.94554437,0.89217141,-0.38089549,0.4318601,1.041344,0.9133079,0.2007984,0.053963597,0.27817978,-0.092204803,0.25546294,0.45855948,1.1097222,0.054346751,0.14149041,-1.1000874,0.16817155,-0.025295643,1.1161001,-0.035590143,0.64284205,0.083851564,0.26232741,0.55668432,0.32543025,0.25434983,0.88011374,0.46462708,0.59226102,-0.2155213,0.44247127,0.19531259,0.89926368,-0.30285549,-0.5720171,1.6304766,1.2156518,1.5217428,-0.090082048,0.78084929,1.3125509,0.18913732,-0.35601559,0.89447515,0.23939136,1.0103647,0.82439891,-0.010266385,0.23655815,0.16092822,0.028628062,0.96552816,0.60762049,0.10881937,0.8320467,-0.37385037,0.41042409,-0.33871175,0.22015963,0.28465514,0.46911173,0.53555534,0.69236785,-0.10046206,0.503159,0.94754987,0.42074575,0.22966239,1.8267274,0.21945017,1.4976947,-1.1817952,0.37253572,0.41933017,0.53034498,0.50918039,0.86854471,-0.16202723,0.82355987,0.38658522,0.25904561,0.35091684,0.3615336,0.089869594,0.9175368,-1.1688449,0.48681786,0.34710659,0.061066615,-0.51173057,0.65495599,0.42857484,0.098597259,-0.4513142,0.95948555,-0.065236575,0.40149455,-0.27767737,0.43159842,-0.47274148,0.11861327,-0.61769012,0.9192658,0.22178815,1.1040318,0.74396686,0.16938969,0.3851438,0.65758763,2.8910797,0.56666796,-0.74723621,0.53238524,0.94017374,0.27668136,0.95434691,0.89126598,0.59304081,0.29459677,0.77158909,0.73500757,0.53420023,0.60042923,0.27802829,0.19932526,-0.13000309,0.12537807,-0.099221244,0.13364552,0.03350227,0.10720578,0.12310326,1.7403663,0.063197198,0.19636456,-0.19272964,0.35002389,0.45750319,0.24936453,0.2080102,-0.5091023,0.45521484,-0.1569449,0.27061798,-0.022017117,-0.12132087,0.36096218,0.2563233,0.48225042,0.21523732,-0.053503226,0.17865876,-0.23189674,0.19798575,1.5101671,0.29660428,0.39567901,0.024296629,0.23976129,-0.20804019,-0.079050219,0.18259378
0.42493986,0.27784806,0.66125637,0.051743506,0.17870048,0.16604196,0.85694811,0.3325695,0.28077707,0.029070365,0.10438326,0.27032177,0.18210696,-0.10259333,2.3556753,1.3970135,0.60424045,-1.1784168,2.0051387,-0.082050333,1.1377077,-1.0353777,-1.0719349,0.70217779,1.5765999,0.26227314,0.35944747,0.53929694,0.69168189,0.40972779,0.6542353,0.53963505,0.59630074,0.67921168,0.57949565,-0.81974001,0.6511808,-1.3289553,-0.91368999,1.3805244,0.7791929,0.04483174,1.6719843,1.2290787,1.5109026,-0.85502109,-0.41603824,0.29893704,1.734231,0.47918391,1.1352621,0.13557833,0.80801773,-1.3744249,0.23346205,-0.24354813,1.7189038,-0.12775313,0.086025567,0.56768348,0.38959727,0.49177696,0.089367626,0.073674639,0.936497,0.43334107,0.25268134,-0.34842498,0.5017053,-0.11816957,0.70938035,-0.41035534,0.11031226,1.9714791,1.4079741,1.0376575,-0.018667983,0.65222557,0.00960989,0.68843622,0.5470933,-0.069447958,0.93484303,1.3708811,0.77034345,-0.18548483,-0.00086025526,-0.4368629,0.1308035,1.0023788,0.30511457,0.49546571,0.61548234,-0.48681796,0.2608486,-0.12702744,0.26925837,0.2815549,0.47430773,0.44513388,0.59159103,-0.31457917,0.13595897,0.038065661,0.24250914,0.25395711,0.95020489,0.2053798,1.2969794,-2.0332919,1.2820378,0.3653542,0.58499342,0.72602763,1.0288066,0.25628733,0.3730486,4.4034144,0.44959609,0.20462525,0.69919316,0.097054388,-1.258103,-1.3911022,0.75349997,0.11332896,-0.021419955,0.31391613,0.41892548,-0.011196925,-0.01858006,-0.07015879,-0.24877926,-0.2103473,0.16797491,0.39828267,0.15230141,0.70157126,0.65547586,0.097127465,1.0472475,0.5764348,1.1688593,0.84614239,0.28466991,0.90020329,0.61370575,2.3051788,0.82971288,0.41947826,0.63875967,0.888341,-0.043359032,0.57592405,0.96001925,0.78265657,-0.10059518,0.94533235,0.46837166,0.45092054,0.37755315,0.31503985,0.29034956,-0.13805914,0.38326472,-0.094795349,0.13159733,0.21931286,0.11004021,0.2166571,1.2830226,0.15009559,0.21730174,1.7863117,0.51914252,0.403509,0.26917079,0.16346366,-1.1950764,0.68626057,-0.63870013,0.30127796,-0.13647639,-0.17188159,0.40206551,0.30905582,0.49465554,0.24749191,-0.073355563,0.21017272,0.29981078,0.30637133,1.5513116,0.35688814,0.50756573,-0.10213021,0.20962956,-0.13230247,0.0053346775,-0.098195824
0.42451216,0.32170681,0.89285985,-0.21657609,0.19144036,0.17184379,0.68296997,0.33619248,0.23623309,0.032910628,0.021372965,0.29424836,0.070598415,-1.0008628,2.2297015,1.4940489,-1.1112615,-2.2152392,2.1504123,-0.3710794,1.0686534,0.36820383,-1.6359674,-0.54013979,1.0066584,0.45375807,0.43893782,0.61715611,0.53119507,0.58425275,0.71139176,0.66296934,0.66214172,0.63531546,0.64765559,-0.06216279,0.48173996,-0.45192452,-0.33497737,0.90559114,1.5067414,-0.73506017,1.1767815,0.77783077,1.698615,-1.2616861,-1.0204509,1.400543,1.7683653,0.38414425,0.93306949,0.11074703,0.45108562,-0.60016349,0.12656748,-0.027157348,1.139513,-0.083527151,-0.64856648,0.45395341,0.075018892,0.012614406,-0.25745711,-0.32030485,0.33120979,-0.43433191,-0.41547294,-0.40559933,0.57284395,-0.46525254,0.063176544,0.035446512,1.4382765,1.1821427,1.3260892,0.36382542,0.1743592,0.30027461,-0.80512118,1.6158848,1.2378293,-0.57159568,1.6663748,0.73227572,-0.12883253,-0.26720791,0.058466072,-0.80559367,0.20669867,0.72798189,-0.026954321,0.58697774,0.26774118,-0.30222725,-0.007709418,0.089245755,0.19032112,0.22603792,0.24089957,0.33204044,0.42646446,-0.29429275,0.05174148,-0.48191353,0.20880871,0.31820106,-0.66363136,0.33790187,0.63340623,-1.5766009,1.1663681,0.23530865,0.62405051,0.94396848,0.84352914,0.78950475,0.15767652,2.3007964,0.65437347,0.090545803,0.81160638,0.18440322,-1.9616507,-0.44255459,0.79948556,0.10269227,0.024552271,0.55940997,0.10923296,-0.22331756,0.025808831,0.53662149,-0.52395797,-0.21832322,0.019642136,0.27622653,-0.34512517,0.89736622,1.2490992,0.47870071,1.2725979,0.89662206,1.0427896,0.79682511,0.27882291,1.2435696,0.30195424,1.1638359,0.76524648,1.529971,0.7451341,0.68016807,-0.26521876,0.11666417,0.97169024,0.80301406,-0.037060413,1.1248036,0.094066304,0.32089693,0.13606999,0.3520514,0.43217806,-0.011596133,0.9005578,-0.00064658508,0.16702413,0.37191081,0.17185933,0.3506161,0.80217061,0.17798994,0.32392004,2.7159882,0.57666708,0.33934252,0.308065,0.10463657,-1.0181083,0.87548457,-0.62981726,0.30204446,-0.071860586,-0.028518315,0.44669767,0.38121233,0.46828333,0.35215764,0.06418516,0.26243235,0.92908975,0.52003296,1.1822266,0.37913067,0.43805077,-0.25096073,0.10538529,-0.035398097,-0.06282473,-0.47150153
0.54636022,0.31699362,0.51883321,-0.12706304,0.16243544,0.068636405,0.47687406,0.3608181,0.09662708,0.15675691,-0.13256578,0.13252359,-0.15682868,-1.9644227,1.0051652,1.6403158,-2.1989392,-1.5702372,1.595959,-0.15705539,0.79438691,-0.46844512,-0.93024818,-0.91730722,0.99649835,0.60738644,0.60790617,0.63159733,0.34253984,0.69227062,0.6984467,0.60140624,0.7439153,0.63390261,0.66638765,0.8093791,-0.80928833,0.52714238,0.8975283,0.30671792,1.4862109,-0.99609646,0.22880261,-0.033407117,1.1865633,-0.80784942,-0.91597219,1.8494975,1.0854444,0.096432715,0.61774869,-0.66544309,-0.39658757,0.69955124,-0.38310446,0.58199019,0.4523605,-0.41548263,-0.56096443,0.0051414037,-0.32514841,-0.55670432,-0.44075397,-0.60611624,-0.43065959,-0.62167039,-0.78573311,-0.38108951,0.15032895,-0.44053056,-0.75477253,0.085535559,1.4581176,0.29885563,0.70766032,0.065005189,1.0481296,0.1115483,-0.75871798,2.1715099,1.0469088,-0.26525414,1.6663748,0.89670952,-0.50210958,-0.085117986,0.058934019,-0.7141418,0.28117817,0.24314225,-0.26429299,0.51135805,-0.31538881,-0.03951761,-0.14891461,0.60390467,-0.24082032,0.26480619,0.067450951,0.19200956,0.24792348,-0.0090589479,0.062131209,-0.64901766,0.088024091,0.33447061,-1.4277197,0.19330781,-0.23106064,0.33827177,0.27133904,0.082247144,0.4312796,0.87326321,0.1465012,0.99877458,0.03235774,-0.23247399,0.75087072,0.051584824,0.43280872,0.29774605,-0.77240568,1.7751406,0.58927813,0.031825554,-0.071512018,0.24299717,0.00951549,-0.11095327,0.021454564,0.96713642,-0.25398669,0.19354656,-0.3021023,0.21836012,-0.37107217,0.05546623,1.2523285,0.87500955,1.1066859,0.96365701,0.51066415,0.69188516,0.57568681,1.3820404,0.23263451,0.027363343,0.43804662,1.3156523,0.62517164,0.31835949,-0.18384302,-0.2535473,0.93272097,0.73677755,0.20215693,1.1219453,-0.18429895,0.16244871,-0.11725403,0.3283058,0.57086565,0.2565226,1.2145346,0.20282772,0.24424089,0.44442614,0.34962956,0.4839755,0.076777852,0.19887974,0.4294389,2.4934694,0.6695931,0.37528363,0.38437309,0.12838898,-0.6466957,1.0668631,-0.79933039,0.33052772,0.027930443,0.17767126,0.46032326,0.50012233,0.44627163,0.41528088,0.23271751,0.35366591,1.4103024,0.43684625,0.48015065,0.38027062,0.36577697,-0.21892748,-0.1391956,0.26300439,0.0098857476,-0.67768758
0.64643889,0.18599532,0.038555673,0.27535922,0.13206729,0.041733112,0.60727209,0.32223092,-0.0075691014,0.40130105,0.065391276,0.037483967,-0.050417932,-1.1672642,-0.39198542,1.0726915,-1.768737,1.0439999,0.8801388,0.16333888,0.5201204,-1.4620105,-0.87380641,0.5489662,-0.14762937,0.70338761,0.66588044,0.5410255,0.25442011,0.68966895,0.57633271,0.44319406,0.53367161,0.43404105,0.64109302,1.1439307,-1.5208591,1.6386187,1.5378257,-0.17605604,0.72628335,-0.34881696,-0.60050779,-0.053546311,0.27733411,0.46066921,-0.036996657,1.0737422,0.31113246,-0.45080772,0.47501634,-0.61163793,-1.1680127,1.9021752,-0.52829264,0.98459567,-0.41640581,-0.89324327,-0.22083128,-0.64002197,-0.24257087,-0.6653977,-0.11216955,-0.53993243,-1.115669,-0.54705677,-0.62008454,-0.30711381,-0.40136943,-0.14959083,-0.98644816,0.016857778,1.9061263,-0.8149296,0.050108547,-0.36218613,2.2966072,0.017814086,0.16911339,1.6087614,1.9217811,0.67159669,1.1807236,0.027177981,-0.10821486,0.11618398,0.31094916,-0.10371821,0.40357004,-0.28249926,-0.31419176,0.30148201,-0.60898863,0.44915405,-0.17030915,0.90677868,-0.15866576,0.13715937,-0.061128404,0.12887725,0.11462212,0.10213853,0.12033401,0.099472925,0.14094924,0.38148407,-0.61696882,0.071184152,-0.63451056,2.5456939,-0.57370309,-0.040216858,0.23748663,0.40683155,-0.16151511,0.86508762,0.15491635,-1.7749798,0.76615788,0.20354262,-0.39066548,0.19752914,0.64126442,2.827643,0.34585022,-0.011523312,-0.18689795,0.087645075,-0.096158724,-0.26602362,-0.14738036,0.69550738,0.43552332,0.34988061,-0.077787619,-0.081652532,-0.13142644,-0.43770309,1.3979831,0.99852238,1.2503949,1.2927421,0.029135095,0.44688257,0.97217537,1.239348,0.21020741,-0.41571215,0.15695181,0.12229723,0.48673271,-0.1047598,-0.11420869,-0.31268239,0.74520692,0.60238151,0.030235602,0.35738185,-0.27419366,0.1024877,-0.28592533,0.29960043,0.65259803,0.53019324,1.2552389,0.43832603,0.42050904,0.57925602,0.50674368,0.63308602,-0.39337058,0.11352192,0.54136943,0.8771205,0.69491077,0.43103488,0.48349816,0.21539407,-0.41232571,1.1043124,-0.92141306,0.41492259,0.30757799,0.42850546,0.52606437,0.61699516,0.4405127,0.54065854,0.31128142,0.50555449,1.5378451,0.41525776,-0.14624507,0.3432325,0.19375664,-0.065092644,-0.49703315,0.51686522,0.22181751,-0.75853388
0.66105645,-0.038513428,-0.077241351,0.57085551,0.2465472,0.18458773,0.42847242,0.038139334,0.10131218,0.64610152,0.39922951,0.10117522,0.32382018,1.0982527,-1.2577999,-0.5710341,-0.023073366,1.8909256,-0.1430469,0.95176228,0.21257504,-1.3995399,-0.53122761,0.25523131,-0.63483323,0.68539021,0.59034286,0.46663261,0.24548384,0.50338193,0.50709873,0.34243078,0.35099387,0.21471511,0.55963943,0.63391793,-0.88590483,1.5006085,1.0425211,-0.23142714,-0.10970181,1.1269725,-1.1649283,-0.32005128,-0.12219698,1.5100347,0.96252768,-0.09435123,-0.23761401,-0.5993385,0.46138441,0.40438395,-1.200934,1.3244756,-0.23801016,0.60655931,-0.90980663,-0.97693552,0.18161141,-0.64731694,-0.071748979,-0.4748306,0.18894431,-0.37338116,-0.58528568,-0.29451835,-0.24622202,-0.2197722,-0.73443908,-0.017591402,-0.37040648,-0.43754376,2.4448688,-0.89178851,-0.51331306,-0.061968515,2.0348444,0.16526019,1.0908592,0.49393882,1.4137748,1.7100716,0.39047776,-0.29155592,0.85280985,0.17103184,0.57635087,0.6689532,0.73830959,-0.61057098,-0.29492658,-0.088991824,-0.47509993,0.67416437,-0.093951482,0.7216303,0.22749866,-0.07864047,-0.19804139,0.027504229,-0.052348325,0.30420231,0.20881822,0.47853809,0.30628319,0.26394703,0.57371455,0.086164538,-0.35757131,2.9093243,-0.67190969,0.0090237661,0.22131352,-0.039047666,0.18776407,0.56075598,0.3798591,-0.9206916,0.71078468,0.31443157,-0.82051263,0.1420029,1.4272894,1.6817298,0.14022359,0.14148964,0.11574753,-0.32910134,-0.098760333,-0.18549274,-0.18584658,0.0057570516,0.27807204,0.54721003,-0.25081535,-0.062256764,0.24459964,-0.37028115,0.95364673,0.71814994,1.3960334,1.53333,-0.24741864,0.23615319,1.1837861,0.65296148,0.17115047,-0.10548104,-0.044400252,-1.037444,0.46391057,-0.43104207,0.13758048,-0.11516736,0.56107627,0.38217517,-0.31150387,-0.17611942,-0.1299291,-0.15668422,-0.082124672,0.29554948,0.68981499,0.72084345,1.0725402,0.61793174,0.69159031,0.72813225,0.65050073,0.72515235,-0.70057994,0.076601039,0.60996583,0.39567269,0.72685723,0.55669497,0.55100703,0.41179835,-0.61132546,1.046194,-0.71374518,0.50746309,0.58607596,0.68812576,0.56997401,0.67371843,0.43475377,0.64640197,0.40083825,0.62496919,1.3286943,0.46296727,-0.6775138,0.35872483,-0.12137895,0.16644349,-0.67700041,0.6046367,0.61016229,-0.50458489
0.68123942,0.037241905,-0.15051565,0.87536491,0.36564786,0.40117512,0.52423757,0.010701219,0.40106756,0.72884842,0.74802505,0.29659212,0.79118946,1.7205027,-0.7070824,-1.535134,0.62815688,0.69579913,-0.85317145,1.7401857,-0.097481928,0.4036329,1.4533561,0.2864074,0.13749379,0.5651076,0.5536677,0.39458154,0.28727801,0.38421087,0.45628431,0.23029427,0.25463069,0.11789487,0.46436003,-0.0055905056,0.18408061,0.86698872,0.35548956,0.040666998,-0.71898813,1.151269,-0.19612258,-0.061305052,-0.61718345,1.5506921,1.5507398,-0.86828584,0.068186833,0.043487469,0.50902192,1.3466083,0.068103915,0.38705659,1.0426725,0.28772745,-0.3348316,-0.34576709,0.20249122,-0.37900806,-0.1415094,-0.11937866,0.22881202,-0.12667063,0.037305137,-0.34032235,0.1742062,0.076857035,-0.42338951,-0.076609516,0.0054264008,-0.81204212,1.1379523,-0.33961931,-0.7472831,0.41930613,1.1774207,0.088494081,2.130988,-0.2352574,-1.2463143,2.4657228,-0.75925924,-0.59904803,2.0116441,0.028416357,0.5293618,1.1910043,0.86273523,-0.61764773,-0.21179498,-0.58492642,-0.22851727,0.59389896,0.0071327694,0.30183594,0.45651963,0.1543394,-0.24300178,-0.017754254,-0.05403688,0.34029644,0.23861104,0.54173121,0.25828093,0.043006752,1.4009867,0.14075069,0.15494861,1.4516013,-0.20884719,0.13075635,0.26755134,-0.33061278,0.32422899,-0.14064106,0.32567872,0.44816043,0.42168873,0.31350797,-0.74008696,0.23079674,1.1856598,-0.42397622,-0.31159466,0.037511619,0.38860468,-0.1070511,-0.26000639,-0.19989374,0.128132,-0.41067476,-0.18435073,0.71479688,0.19133512,0.076307227,0.86651743,0.13759016,0.16678355,0.54407401,0.70349081,1.0034392,-0.32100148,0.17159628,0.93818025,-0.18835355,0.39795289,0.29496573,-0.22959892,-0.49310224,0.58079205,-0.29240535,0.60755507,0.27443469,0.47337264,0.057707353,-0.49929665,-0.5350902,0.20553241,-0.30146058,0.12167599,0.32128928,0.61480862,0.90087216,0.75144926,0.74659254,0.81790013,0.5957291,0.74459904,0.6806803,-0.99411815,0.075407328,0.59100165,-0.090144891,0.72470875,0.65840285,0.56180171,0.50064332,-0.93786344,0.86322544,-0.73766234,0.59364216,0.75068339,0.83826629,0.55096396,0.68941768,0.31930769,0.70270781,0.51034519,0.67706319,0.90755041,0.65034968,-0.97429117,0.42881949,-0.38754813,0.35406801,-0.59991758,0.4564369,0.68029751,0.094959239
0.47390009,0.53633991,0.30085959,0.64363329,0.58350683,0.69696145,0.46275635,0.146079,0.60735506,0.53283624,0.83093926,0.75951885,0.94541453,0.99431139,-0.031007337,-1.4644673,1.0440392,-0.7947826,-0.28496298,1.8607755,-0.10864828,1.2146917,0.52000966,1.0886287,0.57955131,0.41250989,0.36959364,0.4674751,0.3291391,0.29947334,0.41139972,0.2627358,0.26216723,0.17876473,0.40215572,-0.27304099,1.915333,0.41814885,-0.42358926,0.44642021,-0.87872329,0.51097641,1.3713911,0.49997463,-0.55430815,0.37673325,0.96741184,-1.2291939,0.049421616,1.3229259,0.57502155,0.70650067,1.3157385,-0.47630261,1.6696522,-0.21298084,0.27787975,0.54608956,0.24172963,0.027568995,-0.51965832,0.34610773,-0.026425761,0.19608422,0.61149049,-0.30639636,0.47569874,0.29333219,-0.27157081,-0.42070717,0.44049942,-0.35639381,-0.98687897,0.19202004,-0.32057586,0.51924825,-0.31264543,-0.15886828,2.361095,-0.88559666,-2.7177901,1.9587351,-0.88138033,-0.39650679,2.169805,0.051178392,0.29879297,0.81231894,0.82713941,-0.39122493,0.38470741,-0.53826615,0.54827268,0.41146322,0.45388663,-0.05183807,1.3576764,0.39391784,-0.17665114,0.16047556,0.013057929,0.30067691,0.32548379,0.44705826,0.092736091,0.032903564,0.84387847,0.44507785,0.45791238,-0.42199977,0.29311017,0.31057898,0.37619955,-0.14298969,0.36806029,-0.20846263,0.1474436,1.9946728,0.13259277,0.32974275,-0.63052332,0.29692407,-0.097179006,-1.9194269,-0.25282028,0.23458337,0.67336764,-0.030154806,-0.17190378,0.094668986,0.099431599,-0.34249408,-0.35429252,0.60346319,0.36011189,-0.047184495,0.99924604,0.31033731,-0.28581583,0.56392082,0.045759098,0.27151671,-0.08633195,0.024134467,0.17532534,-0.46145586,0.35357487,0.50109206,0.011973358,0.24488531,0.69767352,-0.066132145,0.99866785,0.73371665,0.38566901,-0.30397425,-0.61866868,-0.40954126,0.59208019,-0.19484932,0.27815889,0.34702909,0.43585095,0.97099193,0.2436086,0.78641596,0.92254694,0.47498075,0.77059474,0.6026476,-1.2152984,0.11978799,0.51314491,-0.53156643,0.61403214,0.63233866,0.56667599,0.4592849,-0.67330204,0.63115104,-0.30238635,0.53203495,0.86067292,0.92313833,0.54781587,0.58035161,0.15511178,0.7104904,0.54883488,0.6752456,0.45242055,0.77661054,-0.94921547,0.44306842,-0.4206945,0.31722103,-0.47918185,0.23780366,0.24048259,0.66844837
0.040638719,0.76149552,0.78554591,0.35357841,0.54400239,0.64563432,0.049275271,0.55127178,0.56581527,0.15645201,0.50025681,0.49960254,0.60888942,0.20190659,-1.0159841,-0.84050192,1.6167291,-0.68978354,0.24132848,1.7696132,0.054538231,0.97086642,0.38926208,2.2497785,0.061262278,0.30682014,0.36905583,0.4304119,0.43720889,0.35925477,0.33984683,0.36737753,0.37414335,0.39002468,0.35358837,0.066991242,1.6250777,0.26433059,-0.2241145,0.82969653,-0.01118402,0.14951593,2.7293752,1.0610071,-0.58703296,-0.35001498,0.004964082,-1.1578272,-0.14785702,0.9726749,0.69070531,-0.22270383,1.6181886,-0.58944458,1.2866255,-0.30664607,0.95723109,0.88536458,0.51607963,0.60423985,-0.90726055,0.54438453,-0.58604154,0.34255214,0.78433822,0.051452699,0.38410926,0.34590121,-0.22055858,-0.49183827,0.55368352,0.27028203,-2.537599,0.57283875,0.26118057,0.42377804,-1.3792763,-0.026579547,1.5305559,-0.50084658,-2.0698517,0.55071978,-0.5467044,0.1074921,1.5963599,0.14165717,0.1699307,0.34059211,0.63243618,-0.011560685,0.86248369,-0.29789502,1.2177129,0.32870174,0.95439736,-0.62587367,0.91033914,0.5060547,0.24560266,0.28080475,0.0888175,0.34008836,0.21995279,0.23515723,-0.095401012,0.16551578,0.043987025,0.53529517,0.57764895,-1.1086068,0.26580989,0.33918232,0.43064905,0.15912746,0.56207948,-0.23657162,0.19239943,1.5117734,-0.11424409,0.37510274,-0.20104386,0.56297273,-0.40122865,-1.5562845,-0.041332701,0.43161697,1.0271421,0.46800224,-0.10587801,0.62597339,0.37645588,0.05710096,-0.18644495,0.31018409,0.560918,0.62715921,0.6841579,-0.010870395,-0.70738702,0.2408356,-0.33829582,-0.5150542,-0.012681058,0.080291014,-0.16889431,-0.5069812,0.44093861,-0.1456743,0.35740767,0.68631894,0.65415557,0.32228991,0.69177547,1.0286026,0.36840458,-0.41012905,-0.15824035,0.23669329,0.84902843,0.14544777,0.41963861,0.24881578,0.27851531,0.93375397,-0.19114584,0.69626105,0.97109454,0.36772745,0.75570337,0.45552801,-1.3105572,0.27035209,0.42705602,-1.305314,0.53408243,0.57323566,0.49780015,0.40072874,0.33952944,0.47476912,0.55248298,0.38887566,0.79736239,0.90370899,0.40556953,0.41584979,0.0084900494,0.64879386,0.54589784,0.57591785,0.028795288,0.78984292,-1.0302449,0.48563125,-0.28520748,0.07506275,-0.20665077,-0.086514699,-0.30782488,1.2048592
-0.24146595,0.55651458,0.54401938,0.0040655571,-0.003127727,0.22018527,-0.18038657,0.77297276,0.14677685,-0.15600674,0.051348172,0.031989931,0.070576558,0.94099725,-2.194827,-0.71805192,2.609922,1.6427404,-0.042775759,1.2859157,0.26776863,0.46139076,1.1120562,1.1835847,-0.13511417,0.31100265,0.35290346,0.4352337,0.42305066,0.44866368,0.34796766,0.40975304,0.39485206,0.32307716,0.33924953,0.56337875,0.8013753,0.42866149,0.26226016,1.1342168,0.82850906,0.28558457,2.4281141,1.5275793,-0.18202289,-0.56867874,-0.46083017,-1.3906939,-0.49189288,0.10434891,0.73327015,-0.18266371,1.0700236,0.25809811,0.13831345,-0.2536669,1.2740805,0.55997261,0.47510576,0.35985308,-0.49211792,0.49212485,-0.70385854,0.29584658,-0.52864483,0.68495595,0.31581472,0.50562936,-0.32124922,-0.22443578,0.19408051,0.80954808,-1.7685194,0.54863382,0.77484225,0.27522853,-0.98432507,0.12981,-0.18436151,-0.24372999,-0.53436398,-1.1043904,0.17547993,0.2800578,-0.22277763,0.225604,-0.27777015,0.21187693,0.42065128,0.60723481,1.1796305,0.016817103,1.2656759,-0.12568881,1.2268808,-0.73497422,-0.05585285,0.42827458,0.69890436,0.48964914,0.39975634,0.32867743,0.062453646,0.12471227,0.016582846,0.3190672,-0.18127532,0.40723444,0.54396325,-0.34516267,0.44943391,0.3307213,0.23104425,0.31686074,0.60077335,0.071188537,0.3438782,0.48057207,-0.35600986,0.54225512,0.15848654,0.47826363,-0.34522164,-0.16105014,0.082476871,0.29350654,0.70811067,1.0159837,-0.087967291,0.37904203,0.56771266,0.35198932,0.5798667,0.012098499,0.9821623,0.51585512,0.23502024,0.44424102,-0.63654154,0.0099038473,-0.37696701,-0.71025877,0.062780338,0.10846761,-0.29819762,-0.29984062,0.82148087,-0.28569588,0.43096184,0.10329355,0.60755302,0.78582409,0.66017092,0.59947918,0.36728246,-0.25324484,0.57891088,0.42832463,0.78239055,0.37400057,0.63816974,0.14821876,0.14009123,0.81582741,-0.35170683,0.58164936,0.80427282,0.10075811,0.55458533,0.24204505,-0.84445762,0.3887095,0.26150608,-1.1136977,0.39484879,0.45130906,0.38792658,0.42003658,1.549055,0.32419298,1.3466188,0.13538118,0.74888743,0.7382627,0.20560229,0.2188196,-0.054166116,0.53155942,0.28338862,0.47590361,-0.37908616,0.60033975,-0.74582846,0.479157,-0.054894052,-0.14930803,0.1325261,-0.35150196,-0.40098495,1.4199645
-0.36346667,-0.088305655,0.28946145,-0.39969069,-0.073187226,-0.12252725,-0.22106592,0.36313844,-0.018230498,-0.31491954,-0.27451095,-0.264036,-0.30575598,1.9894962,-1.5174523,-0.18599017,0.42703341,2.4311642,-0.32688,0.017147883,0.5810868,1.3350759,2.6148122,-0.4292768,1.1436793,0.34558144,0.34752146,0.47224365,0.35814081,0.49303757,0.35469086,0.49844756,0.48576256,0.1570193,0.303933,0.71412099,0.25161559,0.038454051,0.41695704,1.4784543,1.3932902,0.77026014,-0.58759434,1.5448705,0.35423334,0.079942283,-0.30086235,-1.1542005,-0.73277408,-0.47663648,0.60300563,0.058925914,0.35790409,0.49913646,-0.90467087,-0.20184885,0.97291392,0.31299734,0.36332966,0.33618021,0.39211948,0.17207202,-0.45977177,0.30880982,-1.4089555,0.96793712,-0.039878884,0.25686456,-0.60932405,0.071601014,0.15579808,0.6110367,-0.43091718,0.16798599,0.77042231,-0.043674701,-0.78007398,0.2949569,-1.2416967,0.21387295,0.94150566,-1.3222733,0.66488146,0.73874457,-1.452587,0.6689121,-0.49394699,0.054967975,0.19123367,0.9083436,0.96701801,0.57938,1.0324197,-0.50615173,0.87909278,-0.23277461,0.44349413,-0.41741536,1.1288851,0.58785059,0.55601975,0.35117951,0.050866681,-0.083698646,0.53563162,0.51404902,-0.22795497,0.13473337,0.23315806,0.71136445,0.38352012,0.4346979,-0.072397143,0.33109074,0.32881657,0.21834211,0.49319621,-0.86882847,-0.31906378,0.62908461,0.66490691,0.28557717,-0.22412028,0.96811598,0.2579879,0.5404414,0.15288379,0.84462076,0.62792351,0.61438522,0.33072063,0.31601487,0.66525918,-0.16119822,0.52534374,0.71615773,-0.37021287,0.51215478,-0.29399982,-0.26207039,-0.23618827,-0.43290115,0.14687011,0.019448407,0.073117441,0.12560766,0.72005961,-0.28569588,0.79073924,-0.38045476,0.5295608,1.1169561,0.45756105,0.24223127,0.40420212,0.024822469,1.0352834,0.50554755,0.42088684,0.78076978,1.0108037,0.066642234,0.026423549,0.62245523,-0.33666961,0.43287798,0.5944634,-0.11152035,0.38960999,0.084492614,-0.18822184,0.48467156,0.11405601,-0.46530654,0.22648596,0.3223402,0.2853193,0.59919991,2.4123754,0.24717789,1.8137086,0.086498926,0.63106509,0.52906498,0.12799782,0.030176221,-0.11682228,0.4041423,0.048651858,0.28111096,-0.63380691,0.35533693,-0.092000089,0.37755768,0.26964716,-0.18316455,0.34621405,-0.6412557,0.021520857,0.99245868
-0.20877272,-0.29900988,-0.031012074,-0.24027194,-0.20292747,-0.27584981,-0.22015877,-0.00072013787,-0.2405072,-0.33527655,-0.31234204,-0.32848158,-0.3645317,2.1717539,2.4683971,0.91182142,-0.0028718666,1.8779407,-0.61098423,-1.25162,0.89131843,2.2205884,1.7126942,-1.7643051,2.917719,0.49098388,0.52532594,0.31551784,0.19184046,0.53094892,0.32890914,0.4125395,0.45427874,-0.021753416,0.32490636,0.51184343,-0.55302457,-0.56104035,0.4799436,1.027324,1.2038344,0.76598322,-2.4614885,0.8477665,0.89643107,0.54603045,0.43713448,-0.37207757,0.2425984,-0.65421958,0.22739379,0.25317769,0.18026034,0.66719694,-0.47773823,-0.25296236,0.67271751,0.16332141,0.23993487,-0.11048976,0.90698147,-0.38692208,0.094213498,0.28135621,-1.0833666,0.46373584,-0.21580724,0.062254448,0.47431523,0.4293019,-0.387943,0.25957697,0.70559605,0.27837896,0.40005232,-0.17345556,0.1235251,0.69269741,-1.3237126,0.72718527,1.3571993,-1.1534185,0.75577446,0.77570341,-1.4222414,0.93015936,-0.26525525,-0.21023096,-0.084747281,0.94453893,0.63498548,1.0809388,0.41224759,-0.35517256,0.52919334,-0.040750665,-0.14075714,-0.31266614,1.1357444,0.50360406,0.52968046,0.12685273,0.29482371,-0.15514591,0.87622743,0.73518756,0.16640034,-0.094901803,0.11742911,1.2820756,0.4481772,0.34739501,-0.17523654,0.039319691,0.029878428,0.24075277,0.64140871,-0.61543884,-0.057350085,0.45748078,1.2627548,0.037836947,-0.054047775,1.4439947,0.38214418,0.36777517,-0.1274403,0.49376512,0.83528328,0.45661036,0.46427631,0.24876138,0.24845026,-0.53537564,0.0064178766,0.19974044,-0.60472259,0.69633579,-0.027621891,-0.32075134,0.079845376,-0.25247108,0.16144013,0.10820195,0.17656691,0.035161937,0.61566145,-0.27147452,0.84091279,-0.15165375,0.42134149,0.64953948,-0.085634707,0.021539225,0.46720759,0.38320579,1.3480017,0.20607877,0.16697607,0.96523953,1.3834376,0.0033817296,-0.027324805,0.39252588,-0.15630765,0.27236637,0.42522266,-0.10715624,0.10683258,0.0042088442,0.77762985,0.52976568,0.051101293,0.46007037,0.17947586,0.1907179,0.16485174,0.27577801,1.9834131,0.2106139,1.7030691,0.047136514,0.4680071,0.30265494,-0.017943441,-0.024195803,-0.18554015,0.2102114,0.053526806,0.11683373,-0.66181786,0.067457893,0.78775565,0.35090356,0.41235059,0.018908023,0.37159531,-0.81691737,0.56375918,0.57377508
0.22905849,-0.20009108,-0.31910044,-0.24163885,0.023346406,-0.061110481,-0.32103459,-0.27456664,-0.062021752,-0.23908926,-0.14593645,0.11910785,-0.047506938,1.3347904,1.8142783,0.31734411,0.41301373,0.077739632,-0.89508847,-1.2625395,1.1166701,2.2062162,0.025349497,-1.0104924,2.1544582,0.54231952,0.33243175,0.13846413,-0.024039776,0.49703309,0.23798932,0.34017452,0.38977845,-0.018016721,0.34702233,0.47268392,-0.12233165,-1.0243215,0.48144191,0.032135688,0.29739984,-0.118539,-2.3415804,-0.45725539,1.5231632,0.65632569,0.67698216,0.74046978,0.72994297,-0.8435618,-0.11152652,0.69895048,0.21566074,0.39563121,-0.039495544,-0.81947348,-0.073278725,0.18494371,0.34474582,-0.20744724,0.62480919,-0.067577215,0.48270163,0.089236587,0.50395284,0.025711056,0.10697791,0.17913704,0.82731238,0.43332235,-0.0029972391,0.050692619,1.4513846,0.62164127,0.0097934772,0.25140569,0.51270283,1.102695,-0.71220039,0.81521188,1.0361135,-0.3156778,0.24414863,0.39304951,-0.62241185,0.76010263,-0.08374004,-0.79046828,-0.33196448,0.8280601,0.43629489,1.0761469,-0.45224143,-0.10858776,0.30748798,0.60553267,-0.24154965,0.55936393,0.94853887,0.53857457,0.53596091,0.12458357,0.53622799,-0.35287348,0.7629887,0.47115638,-0.1662474,0.0098481974,-0.16066297,0.90671783,0.10339322,0.35864211,-0.049643927,-0.03477118,-0.28334397,0.26051504,0.53090232,-0.21715205,0.14994887,0.0065062066,1.38836,-0.14521608,-0.28283057,0.40946292,0.34508052,0.085900861,-0.32789024,-0.038711227,0.72654184,0.28426455,-0.0093516967,0.28425354,0.022773237,-0.51608208,-0.84453555,-0.030131397,-0.56778632,0.26622031,0.1356602,-0.081967567,0.08686116,0.0083082607,0.15756692,0.10177808,0.15971081,0.10727848,0.29008988,-0.099040585,0.4751926,0.62952998,0.31220219,0.36902792,-0.8150054,-0.32392005,0.56374783,0.80922761,1.1165457,0.29625228,-0.11109507,0.75375269,0.78686933,-0.057412865,-0.038665827,0.17760847,0.25086986,0.14049249,0.24561742,-0.10320038,-0.083691468,-0.058966112,1.8682895,0.49570967,-0.038703599,1.0693365,0.094492089,-0.012908708,0.017523236,-0.1289171,1.0719909,0.11803127,0.92939904,-0.25115276,0.34850661,0.09342081,-0.017252563,-0.060757026,-0.25746715,0.061220815,0.003725364,-0.0039715011,-0.34113869,0.24511081,1.7193851,0.25003258,0.30012029,0.34885229,0.34776703,-0.62365392,0.94466581,0.18100677
0.34967738,0.10169331,-0.20561292,-0.22830298,-0.036056542,0.12767424,-0.52505069,-0.054344608,-0.076148052,-0.18792025,-0.25084179,-0.24034322,-0.13627366,-0.96393115,-0.49462574,1.5456328,-0.3736963,-1.309965,-0.53646509,-1.1451072,1.3420218,0.51652758,-1.543474,-0.5783235,-0.2784355,0.41314532,0.32089911,0.094122723,0.0074601363,0.27890845,0.17375441,0.12071559,0.23393582,-0.017015132,0.25476114,0.40506225,-0.15461759,-0.59054163,0.59296127,-1.3750052,-0.21413859,-0.63513573,0.12749005,-1.441563,1.1073599,0.8655002,0.14328144,1.1669906,1.2617906,0.93455504,-0.35348897,0.64178961,0.074293758,0.37639007,0.65530114,-0.91912289,-1.1607096,-0.36575296,0.13048503,0.21079127,0.014372967,0.2057002,0.34640108,0.1920032,0.98232013,0.069862795,0.24087513,-0.13614556,0.3726512,0.29192429,0.41081873,0.12386799,1.4975317,0.84608447,-0.39739655,0.57156021,0.67432535,0.78289069,0.065734042,0.42886709,0.26724201,-0.004120916,0.061983599,-0.15977517,0.63412793,0.58701084,0.19880418,-0.68045096,-0.1482214,0.31778965,0.13639819,0.66283397,-0.86861374,0.15076852,-0.073648134,1.0991307,0.0073655086,1.4695833,0.50326157,0.34702905,0.23176267,0.058729261,0.54351982,-0.25906059,0.27467838,0.19060592,0.035865301,0.076577785,-0.35125234,-0.051043778,0.03403808,0.24920727,0.33475457,0.15628536,-0.13411332,-0.013891006,0.27871653,-0.21715205,0.15772707,-0.11648367,0.92425248,-0.16102318,-0.035203593,-0.14301213,0.30437925,0.055419606,-0.3920444,-0.55797638,0.46379696,0.32155603,-0.18701481,0.45767051,-0.23249417,-0.094669112,-0.85812543,-0.21785264,-0.17479323,-0.016590671,0.18440789,0.087658745,0.0067288404,-0.0071531987,0.028201541,0.10489498,0.045654329,0.094007936,-0.18816268,0.085271155,0.30652878,1.3447678,0.17960296,0.1171263,-0.81466878,-0.67543962,0.71668748,0.97853687,0.58708943,0.11897189,-0.45105306,0.14668161,0.091402844,-0.05532674,-0.091793762,0.0014636423,0.86629567,0.032870077,0.034906362,-0.091064469,-0.051860835,-0.036361432,2.0210305,0.41542149,-0.11732933,1.3054565,0.03538714,-0.072433262,-0.077535403,-0.2929457,0.17382834,0.034581342,0.26397443,-0.24099751,0.073186692,-0.015458694,0.043055091,-0.081116541,-0.30960386,-0.053241363,-0.11012556,-0.16511686,0.19435144,0.46002236,1.8739589,0.1107765,0.28943668,0.69214698,0.13600959,-0.084906981,0.94386981,-0.12331165
0.22586769,-0.30197394,-0.13277764,-0.17656194,-0.60716439,-0.53365091,-0.59839467,0.014119062,-0.63041381,-0.13594727,-0.36421919,-0.53760022,-0.2659426,-2.511866,-1.7560283,2.4082898,-1.1618011,-0.78380366,0.031743385,-0.85456009,1.0365837,-1.7053752,-2.1614984,-0.43850517,-2.7011629,0.31581108,0.1629703,-0.066933646,-0.13263294,0.10805807,0.10089928,0.023767325,0.030292571,-0.099561592,0.21713396,0.38051673,-0.18894732,0.55857939,0.61998066,-2.2312082,-1.0542705,-0.25073084,0.53549235,-2.1158955,0.07745809,0.37143742,0.052346038,0.82983606,1.1515771,1.231692,-0.55464133,0.10458253,-0.72057351,0.57739216,0.50850371,-0.33682572,-1.5682532,-0.8618563,-0.71137373,0.2376114,-0.14034557,0.29889706,0.41959676,0.24014138,0.6597912,0.9377499,0.31205367,-0.30092949,-0.82803216,0.34794279,0.57384224,-0.10422107,0.45411579,0.33577319,-0.25683727,0.65434982,0.27544253,-0.2776853,0.44204504,-0.43762589,-0.46187501,0.18940819,0.042451376,-0.50497331,0.5495689,0.32194738,0.68326801,0.036468935,0.03218516,-0.30968013,-0.25976775,0.37618823,-0.58680203,0.51961038,-0.34487134,1.0561952,-0.80941271,1.6312485,0.10266269,0.052959341,0.066617981,0.079025006,0.21655574,-0.13161759,-0.1957951,0.030723693,-0.0048635258,0.18863966,-0.088812232,-0.36357153,-0.20696387,0.06132395,0.65855016,0.41119265,-0.020305294,0.048618576,0.18636035,-0.098953259,0.16550527,-0.057372953,0.08484838,-0.16071872,0.073162537,-0.32694897,0.25173604,-0.064986347,-0.048772706,-0.5427219,-0.028952596,-0.10597685,-0.24736152,0.48407234,0.37344812,0.077701318,-0.053185467,-0.2953013,0.43446177,-0.073155051,0.19178771,0.12954662,0.27259516,0.19305746,-0.035786653,0.17589652,-0.066140783,0.025446318,-0.31550412,0.34816302,0.026736718,1.1255645,0.047003727,-0.22989513,-0.85813266,-0.45749582,0.84649106,0.6236949,-0.19533129,-0.20879378,-0.6986372,-0.34297396,-0.49418459,-0.053240616,-0.14548433,-0.042928721,1.2247399,-0.069264505,-0.026252908,0.027224232,-0.1632764,-0.0087286882,1.542849,0.31662669,-0.14820255,0.95788772,0.063835993,-0.12864161,-0.077005331,-0.13287155,-0.27886757,-0.077380387,0.071764086,0.062556171,-0.067401971,-0.083757341,0.0020955089,-0.078028613,-0.23451726,-0.15282084,-0.22545048,-0.18048764,0.926965,0.30678599,1.452159,0.069321982,0.21363754,0.81789422,-0.14941796,0.56081593,0.70409645,-0.0095033184
-0.032038183,-0.45619729,-0.35975269,-0.23983146,-0.57883706,-0.59690363,-0.42247056,-0.54016062,-0.52565569,-0.23976302,-0.31751789,-0.4021375,-0.24813135,-2.595591,2.2844566,1.5864001,-0.71296469,-0.96225005,0.25981732,-0.37758169,0.54157781,-2.690432,-0.0022560527,-0.55461541,-1.6984643,0.17082541,0.044186569,-0.22716984,-0.15160999,-0.065907001,-0.059497739,-0.14155162,-0.068679719,-0.30252194,0.13476065,0.14542166,0.19918824,1.4350364,0.36211981,-2.0184032,-1.1113395,1.0641883,0.62897712,-1.8007928,-1.3860167,0.80305583,0.37715814,0.10093441,-0.27183206,0.45534844,-0.67857595,-0.28991909,-1.0328233,0.46461571,0.0970566,0.68957895,-1.5344251,-0.82495384,-0.93033108,0.47919175,0.085120275,-0.17157253,0.37589962,-0.33406947,-0.05409103,0.41375701,-0.45409122,-0.060812901,-0.022366391,0.1245487,0.18175519,-0.56649186,-1.1075519,-0.52353111,0.14753705,0.37285388,-0.19905604,-2.1360154,0.90916337,-0.55342357,0.09494982,0.71504263,0.19144526,-0.15621363,0.60459062,-0.366079,1.043977,0.94325675,0.20899854,-0.59059677,-0.35194419,-0.10415114,-0.019766909,0.73924615,-0.42877735,0.79250036,-0.62583655,0.29846558,-0.25735725,-0.030716784,0.11972609,0.14537993,0.0064275186,0.22350741,-0.24696533,-0.087887528,0.012730718,0.019281514,0.12523057,-0.43923693,-0.28111531,0.10231072,0.71534787,0.73169602,-0.020305294,0.25240078,0.18756296,0.095060771,0.052180381,0.41362956,-0.19622261,0.031569876,0.026851161,-0.16709567,0.25772768,0.052532424,0.23514946,-0.41746776,-0.4950799,-0.45511199,-0.73468092,0.26182896,0.24366411,0.25073855,0.43059034,-0.20142203,0.49526837,-0.17762862,0.19623708,0.13671215,0.28979864,0.40676331,-0.095803431,0.12391538,-0.016849614,-0.04617964,-0.42048709,0.70811404,-0.20270024,0.5933294,0.016384604,-0.68505182,-0.7588943,-0.23955203,0.8477609,0.36431397,-1.1258288,-0.010082651,-0.43634509,-0.78532338,-0.96144072,-0.097525959,-0.14477886,-0.11226634,1.4230028,-0.1255859,-0.089010074,-0.078103662,-0.052328073,-0.051586451,0.40099803,0.21320748,-0.16559604,0.41320883,-0.011842832,-0.1470602,-0.19679416,0.15081249,-0.28588142,-0.22138973,0.13574353,-0.16510909,-0.13892938,-0.12678721,-0.0016983184,-0.16348087,-0.15943067,-0.20365332,-0.33670173,-0.15656327,1.4471951,0.15197759,0.76649814,-0.05128598,-0.51828869,0.65746364,-0.35948076,0.9742478,0.30783901,0.093749344
-0.37342334,-0.55478511,-0.47411127,0.035665893,-0.72114327,-0.55315402,-0.14533831,-0.46768276,-0.48539285,-0.046715184,-0.24951124,-0.45142264,-0.15794529,-0.68418916,2.3743484,0.47589556,-0.29078795,-0.36227608,0.26726344,0.066432733,0.058638056,-1.7458769,0.1831753,0.17999407,-0.31908835,-0.033244826,-0.081468872,-0.18725055,-0.36193456,-0.11995782,-0.22187887,-0.20629546,-0.18985061,-0.084198409,-0.044196092,-0.26473325,0.49805492,1.6485614,-0.024919648,-0.83256477,-1.1243889,1.6069697,1.0385066,-0.92009701,-1.8504188,0.56480881,1.0037581,-0.80270986,-1.1595375,-0.20423236,-0.73257176,-0.036588599,-0.17243605,0.3317029,-0.64035812,1.6301842,-0.72990147,-0.45611907,-0.53002038,-0.27340503,0.3328152,-0.57550253,0.11375264,-0.51419859,0.51333654,-0.36608727,-0.55545899,-0.13003865,0.65106781,-0.24853638,-0.61455937,-0.56206882,-1.3937014,-1.0363335,0.43679221,-0.085199513,0.29216457,-2.1028398,0.51222738,-0.068949443,0.67978219,0.55119654,-0.23127327,0.10393895,0.17523756,-0.48678781,0.90743664,1.4746958,0.30692044,-0.40903849,-0.28099563,-0.51327751,0.69031907,0.1931891,0.051834747,0.6175728,0.036858502,-1.1344686,-0.45567539,-0.088920229,0.084392754,0.14429218,0.044004909,0.67706601,-0.048144162,-0.12976148,-0.19814269,-0.2573252,0.35890393,-0.22421263,-0.15334245,0.11496021,0.57414252,0.46728859,0.180102,0.52375646,0.18728543,0.39836121,-0.078444952,0.62630434,-0.45922498,0.099914247,0.027814606,-0.065516208,0.25845709,0.13562762,0.16443827,0.31949806,-0.60166838,-0.53528769,0.056270857,0.06638787,0.05668956,0.34150452,0.42890386,-0.092902347,0.31755424,-0.32663304,0.15629283,0.0784841,0.29128004,0.11938087,-0.0572847,0.076327483,0.20632637,0.03248549,-0.29240786,0.33754,-0.26899255,0.013373516,0.063950232,-0.53019145,-0.47027988,-0.24103282,0.84903073,0.043714697,-1.1578932,-0.26184433,-0.42702997,-0.91721164,-1.3898438,-0.17736276,-0.24454644,-0.15328898,1.4625035,-0.18243875,-0.15273798,-0.42998319,-0.039700568,-0.078345291,-0.51860273,0.21215289,-0.21282928,-0.0044995541,-0.091420424,-0.019138034,-0.21124504,-0.014669865,-0.28588142,-0.27635062,0.42039788,-0.36083845,-0.21107907,-0.12674721,-0.049312694,-0.2602366,-0.12934382,-0.20319334,-0.10294551,-0.15657308,1.3754148,0.01839601,0.0035994443,-0.085551257,-0.50362716,0.3956388,-0.37269946,0.91611769,0.040792731,0.096723139
-0.51749691,-0.17088819,-0.015149614,0.20644863,0.15585503,-0.22808496,0.47646661,-0.65938549,0.13896114,0.072551724,0.30454595,0.20018688,0.2812862,0.55230378,0.71724845,-0.23403876,-0.53104592,-0.52638193,0.047985659,-0.049940532,-0.40885707,-0.013087238,-0.46573276,0.52859049,0.80041408,-0.11384211,-0.11549196,-0.40149294,-0.60201368,-0.11060986,-0.36119605,-0.24875348,-0.20695075,-0.16297494,-0.19265248,-0.69042606,1.2263562,0.88933167,-0.49888302,0.50333961,-0.90605734,0.14411368,1.8296972,-0.028021735,-1.3786248,0.26155137,1.1796242,-0.23051984,-1.4799739,0.39278539,-0.83035246,0.89183145,1.0948814,-0.086968664,-1.0897617,1.2834614,0.20998597,0.052362163,0.71250311,-0.56642576,-0.20175411,-0.28224991,0.0080224432,-0.44218211,0.73767813,-1.236479,-0.061583989,-0.12057877,0.59396371,-0.41676813,-0.73434121,-0.3866858,-0.012665711,-0.79946373,0.40158691,-0.47861131,0.71836862,-1.4841897,-0.10200088,0.52845424,0.71324069,0.48071864,-1.0215118,-0.013309223,0.054828289,-0.593529,0.78497159,0.50942945,0.32755466,0.042456608,0.17424632,-0.61834187,0.97102583,-0.28879403,0.4428068,-0.1063663,0.41161823,-1.7983411,-0.39919683,0.19074798,0.22202126,0.20013105,0.12182817,0.57947409,0.090939495,-0.10505827,-0.087794455,-0.40087396,0.60154434,-0.047035487,0.19258657,0.17307313,0.22372427,0.14932675,0.50576386,0.71378442,0.18608282,0.46684158,-0.063380971,0.56262045,-0.42097525,0.081908262,0.11403994,-0.20490011,0.20693641,0.13291954,0.25549595,0.78844406,-0.045904227,-0.066342286,0.28984003,-0.1850227,-0.55207701,0.040847512,0.12907189,-0.19956303,-0.080229629,0.035032929,0.035397238,0.13864523,0.20783242,0.084093296,0.11307728,0.037187259,0.23068927,0.14718785,-0.24674027,0.21047359,-0.36147083,-0.14789819,0.11465473,-0.41845254,-0.056936105,-0.13825465,0.63981419,-0.39564266,-0.62843697,-0.1499581,-0.38856322,-0.74577249,-1.1577451,-0.24213602,-0.27420589,-0.11220358,1.3104023,-0.1361772,-0.16974943,-0.26516883,-0.18031888,-0.20736273,-0.18669026,0.10205303,-0.21597795,-0.20882353,-0.17366412,-0.11166724,-0.16693766,-0.18015222,-0.28588142,-0.3213389,0.50898506,-0.21039495,-0.14034608,-0.12706133,-0.15862951,-0.3309465,-0.12738182,-0.14199716,-0.0045218429,-0.12925877,1.122648,0.01839601,-0.12196832,-0.0591849,-0.16132085,0.11089488,-0.19013715,0.4894182,-0.22084752,0.10327871
-0.37009807,0.29758737,0.39638442,-0.084336411,0.5728,0.37258614,0.7588155,0.26880074,0.41393654,-0.12206929,0.14558129,0.17893595,-0.020773855,0.24828137,-0.6667359,-0.58369029,-0.21590235,-0.13328658,-0.43850245,-0.1663138,-0.82531971,0.35897553,-1.0864611,0.59317032,1.0307846,-0.1254116,-0.2849099,-0.40140043,-0.5653407,-0.28710459,-0.47016121,-0.31510836,-0.44776298,-0.38129848,-0.29171409,-0.81263654,1.3593976,-0.28113275,-1.1367394,1.2605721,-0.32981188,-1.5359527,0.8389409,0.64046987,-0.28503031,-0.45786177,0.0017157764,0.60955859,-1.2108925,0.21473576,-1.0090415,0.6253015,1.7833817,-0.66868491,-0.70919435,0.32184136,0.85155485,0.23233234,0.84484856,-0.65516519,-0.37001556,0.29372104,-0.25745711,-0.4649778,0.1381477,-0.54296785,0.39008078,-0.090144914,-0.45175163,-0.53914228,-0.55543968,0.076302744,0.89251187,0.27418134,-0.040360565,-0.75073846,0.72975633,0.013586007,-0.40175282,0.6932586,-1.6080508,0.39256979,-2.1418829,-0.085231985,-0.078745233,-0.29366583,0.48729845,-0.65825395,0.15027303,0.6200059,0.40697063,-0.34070614,0.41273907,-0.71593924,0.6866589,-0.42424798,0.7349366,-1.477003,-0.12189446,0.32039746,0.29753543,0.12591487,0.1766246,0.47757062,0.10793153,-0.19719857,0.34296944,-0.44274135,0.63825597,-0.081020941,0.62702133,0.29622717,0.0018713924,-0.0088400044,0.22319228,0.28430296,0.2614639,0.33752339,0.077947082,0.362816,0.11953525,-0.067905927,0.40108052,0.12943588,0.21258703,0.016393166,0.20525056,0.59427444,0.18525755,0.30691091,0.22881129,-0.18372718,-0.77894851,-0.23795209,-0.38069332,-0.30692002,-0.58442284,0.15094172,-0.16530849,0.067747613,0.039850854,-0.13287831,0.055218478,-0.029180641,0.24232498,0.24518883,-0.30238125,-0.097663098,-0.49409058,-0.16929138,0.19549235,-0.40799573,0.15799631,0.02043367,0.41528955,-0.79904973,-0.41665448,0.11173573,-0.21035423,-0.37900933,-0.92564644,-0.16229921,-0.34276313,-0.1216587,0.97540938,-0.12799773,-0.17041321,-0.061186998,-0.11525388,-0.29244444,0.28736524,0.076502889,-0.27419821,-0.21983595,-0.22230662,-0.14494208,-0.21557207,-0.34563457,-0.28588142,-0.21227007,0.49316406,-0.15021755,-0.14157428,-0.12772721,-0.18139112,-0.35909939,-0.13282833,-0.23420383,-0.23827806,-0.13889831,0.75862416,-0.080815986,0.032959743,-0.13928851,-0.042215921,-0.21637541,0.12898107,0.061470494,-0.31462814,0.33190403
-0.24262091,0.19338213,0.62837102,-0.12794644,0.091790815,0.13335966,0.23369322,0.39494423,0.037103473,-0.069911478,-0.091191315,-0.021026493,-0.065558658,-0.49008921,-0.0099239127,-0.58369029,0.86793751,0.19938768,-0.71274316,0.016965854,-0.92920836,0.072842781,-0.20583224,0.4491257,0.18660938,-0.24195814,-0.35854118,-0.40139585,-0.38508341,-0.3353705,-0.57886643,-0.37270304,-0.44776298,-0.59962201,-0.43455971,-0.78123332,0.6993161,-1.1377552,-1.4849543,0.92558807,0.14237859,-1.9939153,-1.3345467,0.88201919,0.42757005,-1.220717,-1.4433386,1.1535155,-0.36995795,-0.092717662,-1.2014926,-0.46286083,0.65585152,-1.3599835,0.0040870862,-0.84059921,0.93455589,0.14760176,0.22156448,-0.15703272,-0.51361729,0.31607542,-0.36214732,-0.16473924,-1.3751345,0.20897694,0.28782315,-0.31073528,-0.77373383,-0.34302492,0.32732524,0.27013339,-0.51435915,0.36056337,-0.54565125,-0.81124521,0.26655106,1.5024299,0.079128685,0.2109445,-0.9916929,0.14591332,-0.24849639,0.0081104022,-0.092809526,0.57873086,-0.088821299,-1.340751,-0.34279463,0.87623135,0.49134985,0.17588024,-0.53423241,-1.0951769,0.67963569,-0.50726351,0.36065823,-0.84538182,0.1548028,0.23804745,0.1541902,-0.034501706,0.06782202,0.27042897,0.041585866,-0.49434382,0.49162612,-0.27288227,0.4621569,0.1463615,0.5558203,0.16043992,-0.1378941,0.019225309,0.022400496,0.044373664,0.38790077,-0.12206484,0.19055976,-0.20934369,-0.17626256,-0.21046299,0.26526628,0.066514308,0.20735211,-0.13073899,-0.19074962,0.015295714,0.3982894,0.62023616,0.58565176,-0.046848054,-0.5113453,-0.45557321,-0.16449349,-0.49672663,-0.73955303,0.22569997,-0.29992522,0.065353834,-0.1987522,-0.11460225,0.055368729,-0.016824217,0.051413658,0.14080081,-0.25881331,-1.0059226,-0.51818524,-0.34848995,0.27632998,-0.3686794,0.18616239,0.051296796,0.16167793,-0.69566491,-0.41665448,-0.15053675,0.046959551,-0.10837492,-0.69096864,-0.082462412,-0.40439817,-0.18232782,0.77631891,-0.16816497,-0.20027089,0.059180093,-0.25873824,-0.33448675,0.79566752,0.069554562,-0.27911491,-0.21983595,-0.25640116,-0.14507115,-0.22589745,-0.18945146,-0.28588142,-0.071325804,0.25719333,-0.15021755,-0.14313795,-0.15716057,-0.2290181,-0.35895509,-0.20791493,-0.27473926,-0.33977747,-0.24040563,0.54471856,-0.22671598,0.10725928,-0.1153745,-0.16048069,-0.5065956,0.52692085,-0.22988611,-0.35556218,0.56052935
-0.21297909,0.2179164,0.62541448,-0.14876275,-0.001752443,0.18250876,-0.14298736,0.17621208,0.18466109,-0.20003306,-0.15191674,-0.13940529,-0.11804067,-0.57318331,0.11687896,-0.17232054,1.2028629,-0.013450147,-0.51780541,0.37651193,-1.033097,-0.24991528,0.35089884,0.57479392,-0.87706768,-0.29444018,-0.35854118,-0.40139585,-0.01003858,-0.56116173,-0.54700945,-0.52113026,-0.41588653,-0.60412353,-0.54321665,-0.64002551,-0.85233471,-1.7582866,-1.3303301,-0.33360539,0.1503576,-0.35571284,-2.0653445,0.81957455,0.76262691,-1.5839313,-1.8220548,0.99566284,0.31085681,-0.73116829,-1.1559731,-1.5540985,-0.80452225,-1.551589,0.58485034,-0.99185481,0.53395316,0.3269947,-1.3104969,0.2699619,-0.11731277,-0.17779288,-0.15276691,0.039056979,-1.0070221,0.78797471,-0.38020908,-0.33366207,-0.13822098,0.052287384,0.06586134,-0.090858152,-1.1687125,0.7869848,-0.69197677,-0.44804089,-0.66182895,2.952185,0.77268935,-0.77824721,0.65393532,0.17709969,1.3563425,0.37394846,-0.00066974871,0.86565928,-0.54187633,-1.3408442,-1.016556,0.25711959,0.32214469,0.56897517,-1.0994725,-1.2884609,0.31633072,-0.27585484,-0.47081558,-0.31812408,0.27798031,-0.011569809,0.064072656,-0.2242029,-0.023039054,0.073167543,0.06651292,-0.61426922,0.32993325,-0.19560752,0.24502896,0.072004812,0.3831248,0.10422698,-0.13529939,0.14848425,0.1795836,0.033879029,0.43460763,-0.092101115,0.18570046,-0.42735031,0.14932178,-0.41670345,0.30407463,-0.11104738,0.16991967,-0.40037201,-0.36034802,-0.57439557,0.48379944,0.43101166,-0.01771669,-0.1900278,0.28394653,-0.5361915,-0.2390325,0.062744295,-0.61847329,-0.41398153,-0.32660883,0.019574101,-0.39839406,0.00021006595,-0.021240499,-0.028543289,0.053583147,-0.15804569,-0.41996218,-1.3923446,-0.3855956,-0.72396977,0.29647424,-0.17277945,0.14811533,-0.059518044,-0.103707,-0.589278,-0.49502566,-0.30277689,-0.059798109,0.20173555,-0.45477371,-0.053634224,-0.36786657,-0.12592788,0.66453781,-0.22374132,-0.24388796,0.01656274,-0.31831328,-0.40518204,0.71527731,-0.036485058,-0.32532161,-0.21983595,-0.27025483,-0.35124503,-0.16453751,-0.16211336,-0.28588142,-0.03712272,-0.13761513,-0.0079159934,-0.21422182,-0.22777387,-0.29046525,-0.27469769,-0.28300153,-0.30657999,-0.33977747,-0.28630811,0.7071193,-0.061362653,0.36867829,-0.10015126,0.13706951,-0.54897976,0.81470434,-0.18357408,-0.31841957,0.14682639
-0.13005439,-0.2800375,-0.068551293,-0.31472424,-0.46498008,-0.17716935,-0.44712273,-0.044358415,-0.31984058,-0.26805272,-0.37453041,-0.39995485,-0.27148122,0.3708732,-0.15315722,-0.67917965,0.40939205,0.29132219,-0.33884617,0.56501882,-0.56833519,-0.15510014,0.78294814,-0.038306684,-1.6776555,-0.32806258,-0.26949674,-0.22707539,0.23171775,-0.39360638,-0.45300328,-0.46565572,-0.23510402,-0.1922348,-0.51989304,0.11549513,-1.8563102,-1.753439,-0.40287892,-1.4324745,-0.1147518,1.5027635,-1.0125413,0.36419364,0.80066988,-1.1352354,-1.3280807,0.017372805,0.53842819,-1.1142553,-1.0796892,-1.602135,-1.5871619,-1.2392745,0.83880316,-0.30747616,-0.27687789,0.31286611,-0.40512622,-0.0759195,0.0066361044,-0.74296276,-0.099220821,-0.11496135,0.17055125,0.032875288,-0.58804114,-0.0077429712,0.40547851,0.10105895,-0.460389,-0.19105388,-0.34867239,0.23999308,-0.52354355,-0.28673577,-0.82855464,1.695168,1.0909866,-0.74535691,2.4276535,0.5230654,2.5174972,0.44363855,0.47822231,0.91777994,-0.56192005,-0.80471834,-1.2852982,-0.44721353,0.038170473,0.84896995,-1.1994052,-0.93755574,-0.099497806,0.17666181,-1.0370562,-0.058811402,0.18625082,-0.091105505,0.066042666,-0.33212072,-0.085364576,-0.024832324,-0.088834037,-0.58226129,0.13513051,0.052960933,-0.11258011,0.0026018914,0.20345423,-0.00025440671,0.0076401527,0.1525412,0.42157377,0.057255515,0.4246642,-0.025044814,0.18084115,-0.55168357,0.41985316,-0.46937835,0.13629143,-0.27228362,0.20405399,-0.32819682,-0.48332669,-0.34820561,-0.03867857,-0.28886057,-0.36934283,-0.20046275,0.82718557,-0.50560427,-0.23789031,0.21560115,-0.44586854,-0.54500926,-0.32672679,-0.085559974,-0.41206927,-0.059118727,-0.32239975,-0.096145044,-0.092978367,-0.097244384,-0.45303181,0.0354314,-0.28105493,-1.2564494,0.27983465,-0.071312655,0.089347835,-0.16817151,-0.29596101,-0.44722738,-0.62908163,-0.42198845,0.017986391,0.24148933,-0.19657106,-0.055720348,-0.28535975,-0.21598732,0.37852671,-0.30593906,-0.25624387,-0.091537078,-0.25532305,-0.35372519,0.18067763,-0.099460713,-0.34520384,-0.21983595,-0.22098174,-0.32081104,-0.23589159,-0.32614197,-0.26990423,0.10117056,-0.41890858,0.042985768,-0.21575889,-0.26869987,-0.21582756,-0.17204375,-0.27144974,-0.3684494,-0.33977747,-0.28684876,0.7635805,0.019154616,0.3272858,-0.12973656,1.2114912,-0.46148176,0.83257352,0.063405561,-0.17263535,-0.31042426
-0.26496368,-0.086867088,-0.52058548,-0.096788942,-0.32317102,-0.31856796,-0.65591274,-0.42810593,-0.20277351,0.018803146,-0.042258831,0.12174555,-0.070862089,1.0427146,-0.34972314,-1.4061271,-1.3986073,0.15187723,-0.2413773,0.084918016,0.0030485836,0.26176967,1.0912377,-0.88462666,0.2366492,-0.50851294,-0.13981731,-0.16140463,0.2571782,-0.21731295,-0.39951737,-0.29501732,-0.1266466,0.27989054,-0.38407654,0.54196622,-1.6475085,-1.3566066,1.0129801,-1.7401281,-0.36269791,1.0190216,0.8701676,-0.44194673,0.57557273,-0.48482262,0.15955866,-0.49492021,0.61443741,-0.74085402,-0.84696017,0.018554377,-1.2392347,0.01902018,0.68205324,0.072234674,-1.2976446,0.24390631,0.5221459,-0.11810336,-0.32913588,-0.29251326,-0.099220821,-0.16883354,0.74045855,-0.58641316,0.080586335,0.29859118,0.29473388,0.12896407,-0.42591764,0.027970585,1.9471668,-0.21395025,-0.27338983,-0.16493165,-0.32889172,0.41642005,0.48643682,-0.39181047,1.2651673,0.039808121,0.95049196,-0.13718108,0.11815123,0.45220006,-0.2164846,-0.40782372,-1.3381603,-1.0297816,-0.4636504,0.7015741,-1.0739954,-0.30196248,-0.52886918,0.56631573,-1.0125542,0.38636102,-0.14513366,-0.15503007,-0.071394892,-0.35954101,-0.26362217,-0.18604365,-0.094778373,-0.48221283,0.087746222,-0.073980683,-0.23242455,0.040889343,0.11176908,-0.23508712,0.070969579,0.11809628,0.7257558,0.2766766,0.27048431,-0.18271774,0.2854445,-0.48434564,0.26394253,-0.52811158,0.061181141,0.074533209,0.18252968,-0.27156981,-0.69959537,-0.2780436,-0.33652299,-0.64048153,-0.54449028,-0.17211099,0.88171357,-0.54098895,-0.64221166,0.2094143,-0.40429367,-0.29303406,-0.21695593,-0.16394732,-0.22628143,-0.085763407,-0.53367082,-0.12569266,-0.11274672,-0.2127405,-0.33335122,1.8225051,-0.10051082,-1.032869,0.28256141,-0.018697083,0.0084853521,-0.2037682,-0.41256234,-0.21034725,-0.38612234,-0.5591252,0.078936694,0.093759019,0.1476618,-0.069542424,-0.33017373,-0.29256457,0.1305884,-0.37409536,-0.31698769,-0.090470292,-0.25613758,-0.29334202,-0.18357817,-0.07245404,-0.28456975,-0.21983595,-0.22080066,-0.30941365,-0.3458661,-0.48774289,-0.22432227,0.11671947,-0.7990823,-0.10745773,-0.28605811,-0.29932522,-0.17985206,-0.14061803,-0.19636315,-0.38266269,-0.33977747,-0.27692696,0.42980987,0.020620104,0.16095891,-0.13036479,1.3714705,-0.3027487,0.56980035,0.30192222,-0.03704891,-0.57171034
-0.50336718,0.14010618,-0.40408044,0.13468489,0.080419433,0.18923117,-0.46937185,0.12068745,0.037764359,0.26061772,0.14820615,0.2177757,0.1798041,0.90471156,-0.32361666,-1.2854825,-0.98758088,0.4803209,-0.13925098,-0.39518279,0.34749359,0.14534922,0.48234642,-1.1965449,0.825871,-0.44026713,0.021453021,-0.071126524,0.087911734,-0.010424892,-0.30100258,-0.049281359,0.077709793,0.27797259,-0.3099855,0.93081445,-0.86622506,-0.74589021,1.584953,-1.0251314,-0.11443256,-0.24962241,1.0855388,-1.7485811,0.27894076,0.33433837,0.9625251,-0.039234189,0.4375932,-0.063100087,-0.14584821,1.3364798,-0.25493832,1.1941051,0.3763283,-0.060987151,-1.5790311,-0.056460418,1.2010747,0.26579704,-0.42584209,0.48656866,0.05160698,0.033086399,-0.16070606,-0.8753025,0.69121692,0.38645189,-0.62443645,0.23918701,0.294315,0.067992926,2.0485477,0.00028076164,-0.12916784,-0.10956222,-0.20835459,-0.89560323,-0.28275749,0.39769695,0.3514673,0.24086395,-0.18855419,-0.27890578,0.26138296,-0.34529994,0.21899899,-0.30915741,-1.0604563,-1.3533107,-0.93165583,-0.055287082,-0.52923641,0.22628567,-1.0286858,0.68635181,-0.69785949,1.3907555,-0.54415876,-0.15754407,-0.15953381,-0.30748893,-0.26220448,-0.19147416,-0.233614,-0.2998612,0.086296071,-0.18475384,-0.12131669,0.11944169,0.025978848,-0.3205296,0.10495812,-0.065632914,0.59874256,0.10146158,0.007152496,0.14828921,0.40829163,-0.44292935,0.14669109,-0.38706568,-0.19333108,0.55586864,0.048342309,-0.23026945,-0.63865737,-0.30776662,-0.33652299,-0.67018951,-0.71744232,-0.2340592,0.09016621,-0.21124865,-0.62657989,-0.1576124,-0.23515796,-0.12032573,-0.17952906,-0.1889762,-0.035467388,-0.10393154,-0.50921133,-0.20151919,-0.054379821,-0.0044377729,-0.07270009,1.7820783,0.16980438,-0.05241984,0.39422385,0.025673278,-0.20335644,-0.25351209,-0.49002671,0.051870853,0.14214579,-0.46060015,0.010200451,-0.018307619,0.49189467,-0.14937923,-0.10479709,-0.31974619,-0.011448193,-0.36005461,-0.3178335,-0.030687853,-0.22679349,-0.25453618,-0.49835291,-0.10815512,-0.21745215,-0.21983595,-0.14621982,-0.31010388,-0.22847216,-0.50501392,-0.26285548,0.094728959,-0.71527097,-0.25611529,-0.35584377,-0.30820949,-0.052471436,-0.059450883,-0.12157203,-0.20376943,-0.33977747,-0.16027368,-0.012842666,0.18354825,0.064699355,-0.16839849,-0.066721154,-0.044913468,0.2673769,0.49409554,0.21369254,-0.80033566
-0.25742453,0.44717351,-0.13426137,0.28557741,0.32456327,0.031719409,-0.18659269,0.18220963,0.32940799,0.32332883,0.29983673,0.45477195,0.2752449,0.2507481,-0.19681379,0.32416893,-0.17386181,-0.24522442,0.24232213,-0.59481293,0.50160286,0.58187728,-0.47168388,-0.36315437,0.27012858,-0.37243301,0.04382453,0.033896772,-0.073006084,0.12313528,-0.19620226,0.12641876,0.10967475,0.07526595,-0.029668954,0.27863766,0.37493594,-0.17952029,0.68179621,0.36450649,0.27220548,-1.2178458,1.0035117,-2.0341867,-0.40208598,0.81649444,0.85721325,0.6574469,-0.022146299,-0.1619634,0.54783846,1.4898227,0.29288893,0.65234062,-0.38000862,-0.99019889,-0.79946163,-0.43512902,0.078531286,0.51984965,0.17256661,0.69825877,0.141948,0.21809731,-0.37421536,0.56091585,0.69488141,0.050149286,-0.71316885,0.22524054,0.87037561,0.15647167,0.9705529,-0.0072405282,0.058691554,-0.15810476,0.2408447,-0.90656939,-0.44562323,0.82698305,-0.44221192,-0.26076845,-0.8898114,-0.30303668,0.16291834,-1.008123,0.54231459,-0.015232093,-0.67015817,-1.2884617,-1.349278,-0.77430522,0.19484858,0.79063401,-1.185556,0.40193439,-0.49584526,1.115066,-1.0085514,-0.19759503,-0.27077425,-0.2991279,-0.33686928,-0.00042412205,-0.1839855,-0.17983111,-0.049039507,-0.46217377,0.014521717,0.43029077,-0.060802691,-0.3654378,0.011843429,-0.16043981,0.39457655,0.11502077,-0.11033401,0.48466348,0.45316332,-0.30030863,-0.049105189,-0.12418241,-0.40492635,0.63109998,0.021373837,-0.24590586,-0.29473387,-0.58125927,-0.33652299,-0.42987848,-0.60159468,-0.10273052,-0.60595633,-0.047980913,-0.12050848,-0.36369766,-0.081527584,-0.30688963,-0.12353383,-0.059512845,0.072916661,-0.063311681,-0.35713723,-0.11626321,-0.041968102,-0.021038984,0.38073174,0.24348135,0.38557245,1.3253344,0.50588629,0.052359772,-0.31786624,-0.33548596,-0.46231051,0.1780666,0.50165639,-0.25567315,-0.15682334,-0.12538931,0.46986546,-0.22921603,-0.035449183,-0.29887458,-0.15708533,-0.29863075,-0.15195842,0.090746024,-0.10264893,-0.1473018,-0.72427782,-0.18304595,-0.17296035,-0.21983595,-0.015376877,-0.092299404,-0.27262294,-0.18262131,-0.2360702,0.17379114,-0.4563422,-0.38936313,-0.28730976,-0.20923209,0.090790575,-0.035258637,-0.051607027,-0.14539305,-0.33977747,-0.045803297,-0.40729626,0.13252132,-0.19850411,-0.19952887,-0.11090478,0.093579414,-0.2002879,0.22401067,-0.098803715,-0.584804
-0.1306012,0.45648695,0.4288541,0.67338905,0.68517893,0.33518447,-0.03866033,0.59179206,0.56521741,0.31064823,0.51911126,0.41839421,0.63826272,-0.616068,-0.70517211,1.587315,0.39776606,-0.76549123,0.62389524,-0.7143086,0.47064382,0.15118148,-1.0676794,0.11600293,-1.4234364,-0.24212754,0.11907596,0.068855714,-0.13659304,0.17235118,-0.10068606,0.092033067,-0.012306958,0.10576278,0.11478683,-1.4239882,0.76941142,0.063671112,-0.79584822,1.2132356,0.4916503,-0.94579604,0.44381262,-1.8039508,-1.3903948,0.85136106,0.84804355,0.84156231,-0.71141746,0.11318215,0.92005968,0.56956076,0.52736273,-0.2729757,-1.1202739,-2.3966535,0.46081621,-0.68729021,-1.0859499,0.64564149,0.78869521,0.18278768,0.33279901,0.21094415,0.4429869,1.0811488,-0.17969376,-0.63304997,0.032435301,0.1770205,0.6467857,-0.22460469,-0.67485169,-0.085763584,0.22696569,-0.26590214,0.11953468,-0.58223944,-0.3527232,0.3144552,-1.2213477,0.10876033,-0.54799776,-0.079923988,0.21159637,-1.3286633,0.65891157,0.63634597,-0.22749828,-0.79390774,-1.1016607,-1.0848412,0.61581592,1.0185678,-0.99693002,-0.31662684,-0.30515946,0.98397423,-1.0547795,-0.35186536,-0.52350187,-0.37006703,-0.28583258,-0.18420859,-0.072524058,-0.25328752,-0.16855634,-0.69360155,0.0089079411,0.37861221,-0.14320727,-0.38974106,-0.15819468,-0.27026089,0.09039452,0.014805196,-0.11033401,0.47670185,0.42543719,-0.36001959,-0.091108039,0.021260169,-0.18361892,0.35020681,-0.11738343,-0.46750539,0.056892836,-0.519147,-0.31474383,-0.21449115,-0.4855245,-0.14934236,-0.710394,-0.11661716,0.20976472,-0.16873002,-0.1448917,-0.57111577,-0.050434746,-0.088297753,0.14565997,-0.10587941,0.046584331,0.17315742,0.038551691,-0.34862575,0.48616643,-0.70254591,0.67443781,1.88498,0.43316797,0.036887474,-0.38743762,-0.33605867,-0.43109712,0.11587541,0.72522343,-0.13903027,-0.20849127,-0.35364107,0.34318994,-0.20591467,-0.027694913,-0.21788263,-0.35638284,-0.19182048,-0.11111985,-0.0049813351,-0.036718592,-0.049592778,-0.55514488,-0.092405582,-0.016984431,-0.13081891,0.066233752,0.0012702315,-0.15709748,-0.10118913,-0.2243985,0.16433339,-0.2519386,-0.2452502,-0.22168975,-0.13611046,0.13234747,0.0085630337,0.018357972,0.01561386,-0.33977747,0.061827347,-0.56464522,-0.20111631,-0.4104574,-0.16715092,-0.086661232,-0.031061606,-0.53118516,-0.2493212,-0.15554952,-0.24237035
-0.012425816,-0.20867681,0.59785273,0.21426589,0.26095084,0.25258286,0.11722898,0.31998755,0.13040361,-0.03224591,0.042647144,-0.12789818,0.023982202,-0.81913783,-0.64152944,1.879769,0.20506343,-0.69525852,0.65710381,-0.7917595,-0.12873931,-0.19506355,-0.97819531,0.23461437,-0.96670972,-0.050934017,0.090182956,0.063036977,-0.069594741,0.063562608,-0.10726312,0.0058776079,0.10827084,0.22111581,0.067190253,-2.8906093,0.84709215,0.18624774,-1.9965572,1.3888968,0.68950772,1.3796233,-0.81540981,-0.22521456,-1.7436717,0.6555282,-0.07163903,-0.73528366,-1.3496345,0.30468353,0.62055747,-0.2810312,0.55637914,-1.0363919,-1.2091586,-2.438384,1.3872669,-1.1955242,-2.1705294,-0.40424977,0.57732246,-1.0497695,0.28735872,-0.12324719,1.0239457,0.37749258,-1.5441019,-1.2756596,1.2175702,-0.14478479,-0.77921605,-0.6532818,-1.6757643,-0.46759676,0.38691743,-0.35643536,0.053128304,-0.44848998,-0.10484743,0.14987346,-0.97356942,-0.087878247,-0.43281664,-0.068718215,-0.01414208,-1.2262023,0.070923065,1.3862018,0.32078121,-0.068138618,-0.79829673,-1.0987498,0.84999542,0.64034687,-0.25365388,-0.77249424,-0.11823551,0.13811755,-0.89543956,-0.38124683,-0.55238429,-0.4027205,-0.3970783,-0.36458327,-0.43117603,-0.35510408,-0.14049554,-0.49886044,-0.38612651,0.33269918,-0.095942446,-0.34844723,-0.22970295,-0.32172603,-0.12738559,-0.12365773,-0.24575592,0.12093583,0.41868852,-0.25492421,0.025501028,-0.0065833996,0.055589919,-0.033175012,-0.25401582,-0.49472565,0.36557874,-0.0069570166,-0.32452223,-0.10762763,-0.13709099,-0.26681651,-0.43826438,0.0023057905,0.12874291,-0.29060907,-0.10594334,-0.17860848,0.018372178,-0.09763391,0.094292822,-0.091285694,0.45625465,0.34504286,-0.10207753,-0.12673234,0.36760793,-1.0094413,0.65945964,0.61480563,0.27338096,-0.064579321,-0.41700966,-0.28504451,-0.3346029,0.10037607,0.43148063,0.051559447,-0.35762845,-0.44590569,0.18115424,-0.13390917,0.099486357,-0.056137886,-0.16283873,-0.040575632,-0.0028095485,-0.023260099,0.08905578,0.048276246,-0.57001454,-0.14971851,0.082669665,0.18800016,0.18200855,0.07554994,0.0083760992,-0.051305438,-0.099275581,0.16572594,-0.081228803,-0.10725967,-0.15552904,-0.076618291,0.20133427,0.1461099,0.078344156,0.10264798,-0.1889065,0.16313191,-0.27511715,0.05669515,-0.44978258,-0.040864871,-0.21385447,-0.13096398,-0.54034651,-0.6800256,-0.15971327,0.088817078
0.29047455,-0.46165318,0.14535944,-0.54158829,-0.35616878,-0.19697507,0.24338388,-0.31011156,-0.3109592,-0.31042788,-0.45953163,-0.43821225,-0.5095732,-0.67957879,0.10440536,0.016961367,-0.39404161,-0.16708219,0.63772907,-0.7917595,-0.72812243,-0.7881433,0.020934389,0.23057498,-0.058517288,0.037914249,0.030899899,0.057162119,0.05352342,-0.03815414,-0.078663391,-0.036350073,-0.057246787,0.0047102278,0.048121003,-3.0420374,0.54260499,0.37702904,-1.7054618,0.63417228,0.55707856,0.54677991,-0.99758834,1.6052399,-1.2154743,-0.64115403,-1.0519061,-2.3876875,-1.414579,0.0672062,0.50312424,-1.676455,0.40446942,-0.65596579,-0.52138157,-1.8925228,1.2426712,-1.3021948,-1.0308374,-1.4755011,-0.041072929,-1.8108324,-0.30778924,-0.79630648,0.45350814,-0.93433866,-1.6548896,-1.3761957,0.57056446,-0.7835232,-2.0430773,-0.90964509,-1.3772963,-0.94228409,0.22541391,-0.72180173,0.047121205,-0.38739455,-0.17394716,-0.28873133,-0.30511586,-0.37534647,-0.41384557,-0.30418619,-0.68340792,-0.68666711,-0.5770508,1.4017224,0.65953698,0.61906104,-0.41553584,-0.99542877,1.0897461,-0.17381158,0.082956151,-1.0990228,0.58479624,-0.75071664,-0.47303958,-0.37975285,-0.47632723,-0.33150542,-0.32177311,-0.56254705,-0.45878113,-0.29722458,-0.24006428,-0.2654137,-0.55479313,0.14292458,-0.2698862,-0.32126649,-0.31984315,-0.46039258,-0.27110692,-0.16645685,-0.49725375,-0.10249174,0.50843615,-0.15679104,0.2626079,-0.042589403,0.11472047,-0.17484505,-0.33860097,-0.37856786,0.43935801,0.13605134,-0.39415631,-0.13814604,0.089163608,-0.23405431,-0.26144181,-0.21569875,-0.10081231,-0.1377478,-0.089681485,0.13728659,0.023189394,-0.25312583,0.2495903,-0.17349422,0.49892671,0.45969546,-0.14404772,0.021632163,-0.2152044,-0.90733553,0.16893105,0.022850081,0.11521752,-0.20677394,-0.38655789,-0.23649746,-0.23810869,0.024834843,-0.3056706,0.30590802,-0.42777831,-0.43763885,-0.046018642,-0.063872769,0.17162387,0.098918037,-0.046844191,0.053286798,0.13772041,0.21033073,0.27154433,0.1704147,-0.36996577,-0.24908692,0.070885492,0.4134701,0.25914859,0.146275,0.1103169,0.24676488,0.28143377,0.23426038,-0.0164376,0.022011053,0.037343248,0.050307083,0.20523459,0.23923983,0.12977707,0.17866187,0.035920824,0.21132099,0.058466104,0.37242951,-0.36165403,0.072706874,-0.53322221,-0.056010248,-0.23291667,-0.96302463,0.093385128,0.41514818
0.33351571,-0.31806228,-0.29787221,-0.44783678,-0.48859813,-0.31872444,0.16096139,-0.55413275,-0.42709065,-0.11971568,-0.48008515,-0.29399984,-0.30819195,-0.062681641,1.3056252,-1.033872,-0.78228417,0.32104977,0.3007663,-0.7917595,-0.60507117,-0.51335575,0.54508537,-0.44377019,0.78374359,0.095952987,-0.022049811,0.046835056,0.080383882,0.018804482,-0.049452331,0.006018516,0.033590051,-0.026766837,-0.010589814,-1.0520925,-0.21087285,0.78130551,0.036349731,-0.026756968,0.8317604,-0.77999908,-0.67686781,1.8792434,0.47377675,-2.392214,-2.6980645,-2.9290686,-0.83335807,-0.39766376,0.32767224,-2.015135,-0.10405784,0.65595237,0.28893187,0.27577862,0.54812889,-1.0305545,0.70515101,-1.3288194,-0.9113808,-1.5295688,-0.86728263,-1.334968,-0.55997569,-1.8597226,-0.7091708,-0.71479424,-0.69139874,-1.3334631,-1.4574654,-1.2984844,-0.5219652,-1.5200773,-0.26791467,-0.6248911,-0.1157293,-0.38739455,-0.19081589,-0.35523025,0.34315555,-0.30609292,-0.28117186,-0.51335022,-0.45733484,0.015529173,-0.76862618,0.32686241,0.82210235,1.1442697,-0.0031930708,-0.30638851,0.65208465,-0.67667381,0.34335344,-1.2074679,1.5130647,-0.85438349,-0.10605703,-0.30703068,-0.36456269,-0.18576145,-0.24613737,-0.46138373,-0.49524905,-0.13427161,-0.57963829,0.102194,-0.4953477,-0.12176939,-0.51020551,-0.39758166,-0.44986762,-0.3560733,-0.41482826,-0.29601469,-0.61719887,0.33122336,0.59818377,-0.025630712,0.12238625,-0.12842029,-0.29597881,-0.19546782,-0.44849552,-0.18618217,0.15484045,0.44187579,-0.31821764,-0.31638522,0.029695271,-0.18742352,-0.19563449,-0.25942569,-0.13948525,-0.06926873,-0.12038857,0.115151,-0.048430753,-0.33498399,0.46056231,0.063945826,0.3830719,0.3745773,-0.069750482,0.2602704,-0.96115535,-0.36086716,-0.39076179,0.31364754,-0.036746832,-0.29411126,-0.23737006,-0.21546978,-0.11635311,-0.12473476,-0.65723503,0.36271393,-0.36977252,-0.53490911,-0.27319152,-0.0013547489,0.15282007,0.23698901,0.0030116767,0.17368695,0.19699927,0.11304208,0.30921693,0.24828691,-0.23730812,-0.1890588,0.23252409,0.60600609,0.28007728,0.27215247,0.18210547,0.25531014,0.42310989,0.25785728,-0.04655782,0.13644879,0.092302223,0.10717648,0.19865603,0.32865504,0.18179142,0.24890773,-0.063529235,0.30670055,0.2144549,0.66594913,-0.20974204,0.15233928,-0.81767821,0.04877045,-0.019129272,-0.67566633,0.14521668,0.63325632
0.18955367,0.23315631,-0.7289679,-0.16992553,-0.26420119,-0.22813087,0.19036106,-0.22866619,-0.12089319,0.053284583,-0.033957533,0.045459347,0.040124841,0.21106291,0.57648589,-1.1297384,-0.61354889,0.39756275,-0.15890094,-0.36385719,-0.44188466,-0.023915359,0.41505671,-0.40413222,0.5803787,0.10774012,-0.00025382872,0.03487985,0.13248601,0.0092368292,-0.059641714,0.071504158,-0.032400155,-0.032863125,-0.045608868,1.5668342,-1.0317428,0.85693464,1.3936621,0.021076753,0.47642036,-0.75423376,-0.76813361,1.5719282,1.4987287,-2.5663324,-3.2654814,-1.9412488,0.24129884,-1.8577842,0.028988962,-0.56157895,-1.0217675,1.2786021,0.79302881,1.9631012,0.064955893,0.26465405,3.0082458,-0.22255778,-1.3115415,0.046498325,-1.3241957,-1.1519031,-1.3335729,-2.3383454,1.0877425,0.4902972,-1.5710829,-1.4023494,0.016043935,-1.2350991,0.65687729,-1.1184575,-0.61542052,-0.30224293,-0.174517,-0.93455809,0.056742352,-0.55853576,0.058140054,-0.11447324,-0.55255687,-0.5008379,-0.047302961,0.89554042,-0.88174133,-0.90964368,0.46546438,1.353537,0.3984064,0.16836315,-0.34399345,-0.91087642,0.68637972,-0.68977025,1.412692,-1.3356558,0.22451809,-0.23460542,-0.1939245,0.022936725,-0.12898111,-0.077809892,-0.25329118,0.077005549,-0.63350568,0.40097477,-0.24127612,-0.14999852,-0.61533612,-0.38546449,-0.48308459,-0.50142724,-0.50695731,-0.36264799,-0.61719887,-0.0029869724,0.3995457,0.053867045,0.10931265,-0.11749568,-0.5514435,-0.09836926,-0.61711391,-0.029452556,-0.10825283,-0.03831751,-0.19687443,-0.3521717,-0.02927051,-0.05475713,-0.29635998,-0.10147206,0.061703908,0.13940124,-0.012929861,0.055633789,0.18394754,-0.13516984,0.37925704,0.29979871,0.13292668,0.030445605,0.046365608,0.47523536,-1.1195292,-0.071967292,-0.94156153,0.19563416,-0.18871119,-0.30931576,-0.14053043,-0.21636606,0.010557855,-0.27642877,-0.65723503,0.28717267,-0.21604327,-0.43445282,-0.19350274,0.061163271,0.22687588,0.31800327,0.06617428,0.25286604,0.21505233,-0.096157162,0.36109311,0.31315158,-0.052247402,-0.16966248,0.25208822,0.39848382,0.33397317,0.25620998,0.2911994,0.10948781,0.37579104,0.24300052,-0.19424952,0.24018852,0.13449385,0.17943556,0.18101057,0.37089305,0.26345921,0.27731534,-0.13361838,0.32377239,0.21994731,0.33631796,-0.0035630223,0.19316234,-0.34073176,0.18359832,0.32697199,-0.33738468,0.18484435,0.78476571
0.10492612,0.87769686,-0.55655334,0.53422607,0.3226584,0.094842744,0.074415693,0.46351609,0.43116363,0.57269725,0.64178937,0.78639596,0.96899054,0.10113486,-0.47732239,-0.46530486,0.10836517,-0.0467978,-0.30546316,0.098277306,-0.18380862,0.36124702,-0.19753402,0.40486787,-0.59026721,0.093926577,0.075972828,0.026837626,0.13199524,0.18068974,-0.030805496,0.13250366,0.12774447,-0.039806732,-0.019049838,2.7344545,-1.30506,0.45322336,1.859058,0.23622069,0.072706605,1.1795522,-1.3199879,0.65441655,1.2856388,-1.6244384,-2.045616,0.460675,1.2256874,-1.2902819,-0.14182597,2.2601424,-1.7973486,1.2283053,0.85381816,2.0446573,-0.3279027,1.9171056,1.9177616,1.6566461,-1.5246692,1.9279382,-1.3834456,-0.26920006,-1.2585217,-1.4893178,2.1819909,1.7074715,-1.7185924,-0.8259177,1.7726291,-0.32560814,0.28911794,-0.44219533,-0.8983259,0.22305724,-0.43489044,-1.2549092,0.1598139,-0.77155697,-0.43092597,0.2154347,-0.88910597,-0.38201575,0.47757047,1.4497077,-0.59146174,-1.427233,0.086188596,0.64006201,0.67874414,0.40310122,-0.85525004,-0.6136621,0.69056354,-0.10894208,0.4459599,-0.99517774,0.51868402,-0.042504065,-0.1608038,0.060510261,0.017857542,0.023511501,-0.053763806,0.18920379,-0.36501544,0.47831738,0.072271988,-0.099551459,-0.32060706,-0.28789466,-0.482194,-0.34692802,-0.36323598,-0.53805085,-0.42817132,-0.47309519,0.14568483,0.11399346,0.16739747,0.10701695,-0.58906927,-0.12610714,-0.61337097,0.04423206,-0.22257012,0.15665248,-0.032330216,-0.30060897,-0.20255657,0.075302255,0.004652083,-0.10266816,0.03467395,0.1474986,-0.043816696,0.083359487,0.2335981,0.032562486,0.32064328,0.2448281,-0.12312519,-0.12645637,0.2412499,0.24529601,-0.78611076,-0.15647688,-1.1649332,-0.81897786,-0.247115,-0.26601966,-0.11859047,-0.20337079,0.068710519,-0.32174723,-0.41506832,0.12042593,-0.044060663,-0.29778767,-0.089265018,0.14553736,0.28322304,0.36706985,0.18465502,0.27630466,0.3883466,0.0018544505,0.37222731,0.33497552,0.055807125,-0.1003695,0.24293013,0.2162964,0.37146101,0.29587437,0.30146239,0.3397317,-0.068033426,0.29161797,-0.26105629,0.3038351,0.28830518,0.27730223,0.13700202,0.33765561,0.345127,0.29860044,-0.039283817,0.32775906,0.11802025,0.024857896,0.010358267,0.19316822,1.7230593,0.30424513,0.45221079,0.21453645,0.40595336,0.75685291
0.14443017,0.78870911,0.27595055,1.1043191,0.91381679,0.84889903,0.054617552,1.0017205,0.82215472,0.97193036,1.1783555,0.94858732,1.0414569,-0.09894418,-0.83138556,0.21018849,0.54945165,-0.32940132,-0.21943309,0.45448551,0.12555905,0.057888636,-0.32952419,1.4022139,-1.0651461,0.078830793,0.14683362,0.14069801,0.1236059,0.16796451,0.020714892,0.11378867,0.19767694,-0.047652887,0.06174986,2.1597111,-0.92076693,-0.23732661,0.75035589,0.6339145,-0.20088447,0.35841341,-0.32923163,0.1215444,0.85995689,0.90647367,1.031852,1.4092691,1.6159056,0.42787859,0.18968525,1.9524618,-1.5367694,0.18701389,1.0824352,1.4383703,-0.28898581,2.5410976,0.94655605,2.1613882,-1.4074247,2.4789798,-0.61919942,1.0179706,-1.101523,0.14034589,1.9224476,2.2496641,-0.97995935,0.33663508,2.2103828,1.4528187,-0.44528844,0.7621236,-0.51970946,0.98378283,-0.74639424,-0.96914892,-0.070112504,-0.90344593,-0.92090735,-0.086904433,-0.89669603,0.079872255,0.18535991,1.0915122,-0.03616074,-1.448382,-0.25075464,-0.43684429,0.57224704,0.65703009,-1.1743715,-0.0075377842,0.3042375,0.40148706,-0.92939821,-0.27550975,0.51425685,-0.026479931,-0.10044259,0.055129333,0.03245745,0.0097362608,0.029470428,0.23378746,0.074360807,0.48361609,0.10391555,-0.10112639,-0.043171263,-0.19132932,-0.38635498,-0.27022382,-0.085651868,-0.43478564,-0.055844329,-0.62280648,0.012739603,0.11459516,0.051895788,0.11994256,-0.32467251,-0.19185691,-0.55956609,-0.017627976,-0.12161406,0.083383751,0.074931052,-0.078756074,-0.21015692,0.16719415,-0.10248403,0.059554268,-0.045710677,0.0044953873,-0.20720969,0.29186557,0.27846336,0.26256352,0.18938504,0.46313119,-0.16456972,-0.10861915,0.23684402,0.0833363,0.19092025,-0.63867866,-0.77113407,-1.2637436,-0.27193298,-0.22212565,-0.057199559,-0.066406512,0.08293427,-0.32491024,0.061926716,-0.13592896,0.080751275,-0.20181327,0.0057004227,0.23775721,0.23360211,0.42916948,0.17203065,0.30116314,0.43079567,0.13533877,0.37394708,0.31532035,-0.069649053,0.068024208,0.28630206,0.019137676,0.39893159,0.32832334,0.33926848,0.42662291,-0.63272836,0.32830916,-0.35932734,0.31006461,0.2482381,0.319874,0.18646437,0.30031991,0.39672127,0.40005606,-0.0018472215,0.3396059,0.063587357,0.15189912,-0.095831252,0.25718949,1.3594891,0.034956686,0.23448876,0.36900536,0.60027131,0.57590352
0.25678814,0.60514845,0.72881203,0.94278207,0.86589352,0.83504183,0.53871334,0.78704385,0.65962816,0.75110073,0.92109499,0.62474594,0.76049455,0.068422332,-0.43928863,0.21294249,0.46742377,-0.25937186,-0.17007157,0.70476742,0.28809583,0.021718316,0.57972986,0.50166237,-0.49281981,0.085095958,0.20949227,0.23328084,0.25134536,0.21492205,0.093002203,0.0570285,0.14780841,0.088097583,0.11500249,0.21368113,0.14044046,-0.79456516,-0.7110579,0.41928828,-0.77797231,-1.0675077,0.95021682,0.10946518,0.64782824,2.3114236,2.9269153,1.5647649,1.2858369,1.6850103,0.99821824,0.62261768,-0.5980885,-0.96219926,1.0405102,0.43061567,-0.19117748,2.4554599,0.14299076,1.4622752,-0.17815659,1.9604743,0.59480962,1.9019779,-0.77719874,2.513361,1.0098104,2.1015377,0.70407552,1.5810232,1.5749211,2.5882193,-1.3349641,2.3323315,0.14986538,1.5752443,-0.62834639,0.62411501,-0.31885056,-0.61199069,-1.1823421,-0.40133853,0.5664139,0.91593553,-0.43082616,0.29963112,0.37386915,-0.7350574,-0.27970321,-1.136736,0.078915097,0.81484481,-1.0691084,0.62184569,-0.39718404,0.90459443,-1.7140567,0.94302995,0.21123659,0.097289231,-0.046687461,0.055906114,0.095479083,-0.16538106,0.13286774,0.22839977,0.097011199,0.24435383,-0.063530003,-0.15339184,0.37189362,-0.033466251,-0.19700116,-0.076433573,0.32579503,-0.40805886,0.12809344,-0.32874781,0.00071000644,0.11999907,0.16709538,0.29155367,-0.015596758,-0.52907951,-0.45868066,0.10453425,0.054323614,0.1393388,0.088459475,0.069027268,-0.10863842,0.22300287,0.10638544,0.1446751,-0.17622599,-0.069777502,-0.21498422,0.073787604,0.24865672,0.30106927,0.031243244,0.057714849,-0.13890801,0.030633291,0.21216578,-0.012184104,1.1156454,-0.45601734,-0.061738183,-0.88335904,-0.29909913,-0.14192184,0.073772515,0.073138733,0.069546689,-0.2091147,0.23750607,-0.20513552,0.12236378,-0.093205426,0.091393585,0.31512753,0.32932459,0.48464823,0.21731646,0.33462944,0.51855361,0.30429581,0.42163267,0.31382502,-0.18006559,0.24108284,0.28499508,-0.10212411,0.35819043,0.29243061,0.29934015,0.37016144,-0.54983202,0.35076346,-0.27700234,0.25887704,0.3922882,0.39615778,0.25305575,0.28397845,0.41824203,0.31662115,-0.021308595,0.31507839,0.14224003,0.34469996,-0.14898144,0.32681506,-0.31542169,-0.13461711,-0.17636977,0.54591663,0.85633787,0.41652739
0.45167136,0.37391166,0.83457188,0.71992007,0.64348555,0.70394089,0.82199618,0.5961998,0.57042736,0.54208828,0.5703138,0.4850892,0.48648081,0.2072812,-0.20307894,0.015372806,-0.16439157,-0.48014761,-0.17007157,0.89897306,0.17899547,-0.01810551,0.55237305,-0.18386952,1.3560222,0.11875001,0.23317076,0.26748663,0.35193344,0.21884204,0.18821026,0.15416387,0.2256198,0.24072119,0.1306729,-0.73749466,0.91608338,-0.71252635,-0.67974264,0.090751788,-0.10796699,0.16885962,1.2355437,0.40549584,0.73858665,2.3411618,2.6349166,1.171027,0.56819185,0.49051705,1.3905751,-0.81949829,0.61544275,-0.81664033,0.23573599,-0.084116238,0.72113789,1.3659781,0.15330823,0.46905231,1.5120682,0.67236893,1.7822804,2.1250123,1.1129507,2.9702715,0.15344706,1.3114633,2.102763,2.2308306,0.58350448,2.6559075,-1.2045121,2.6761185,0.71987011,1.4953848,-0.44025129,2.6299214,-0.59640248,0.3958387,-0.18280097,-0.89227709,2.0938292,1.719602,-1.136814,-0.58927383,0.56155499,-0.13588371,-0.15336313,-1.2453333,-0.26081799,0.47937434,-0.2346218,1.0775162,-0.52170255,1.1311436,-1.3387639,1.7544658,-0.21980744,0.15332788,0.041723248,0.10494864,0.14976325,-0.22835242,0.1888618,0.14805694,-0.17762785,0.12398731,0.011253281,-0.28604899,0.2010896,0.064868571,-0.043434296,0.042354043,0.16908271,-0.20779232,0.11775482,0.0070982958,-0.040615215,0.18345044,-0.14317665,0.37435396,0.14686676,-0.50018292,-0.19759171,0.19046686,0.23210017,-0.19762134,0.20400428,0.099712965,-0.059318701,0.15355563,-0.021347113,0.27649986,-0.28389701,-0.13798,-0.079081113,-0.19703878,-0.10705347,0.24991242,0.19251538,-0.082452547,-0.014784705,0.34754468,0.15859551,0.036431547,1.5857984,0.38779827,0.53170764,-0.091139695,-0.33280665,-0.062771001,0.21497917,0.39812614,0.012941375,-0.053045541,0.10225051,0.15317082,0.16875837,0.22011583,0.16852724,0.3511313,0.37795773,0.49046146,0.28321379,0.3477857,0.55036151,0.33917232,0.42848374,0.29611295,-0.36136753,0.3442664,0.19801953,-0.15508871,0.3290096,0.31158262,0.29154635,0.29167268,-0.16524135,0.42786869,-0.030564674,0.19570472,0.41729155,0.42252524,0.37878516,0.30442241,0.43976278,0.30755768,0.015950246,0.35393917,0.21760241,0.50535295,-0.1346302,0.36131696,-1.0655921,0.023201762,-0.42523757,0.54662989,0.51125155,0.28244405
0.70318125,-0.043578458,0.73891794,0.19229021,0.28786875,0.47036632,0.98088892,0.1424757,0.23211567,0.092634054,0.085089081,-0.036770756,-0.12448405,-0.043204453,-0.074064254,-0.13720328,-0.75883387,0.31380405,-0.036180689,0.39222517,0.058290377,0.20707333,-0.59394135,-0.1521466,1.3856366,0.17138069,0.26468173,0.36203734,0.48488812,0.24594556,0.30961655,0.24793308,0.24998105,0.35429121,0.20716547,-0.57701843,1.0787428,0.0019677871,0.1527217,0.74238661,1.0268852,2.1872158,0.87855275,0.83298071,-0.11531569,1.4152073,1.0991231,1.0336904,-0.26524325,-1.3403965,1.6800265,-1.1914589,1.4143277,-0.079206318,-0.75230047,-0.038083313,2.0936691,0.46694518,0.03595402,-0.11320532,2.689734,-0.0025448357,2.4359744,1.6275493,2.3547361,2.3219854,0.0396691,0.59402763,2.5906627,2.1184431,0.094785618,1.6701045,-0.42433139,2.6703066,1.0451869,1.1096857,0.38562522,2.496172,-0.40621817,1.771097,0.86903113,-0.88082971,2.676532,1.7311226,-1.2584443,-0.98926399,0.9139438,0.25318547,0.19536492,-0.71041821,-0.45799327,-0.17245507,0.66436169,1.3047871,-0.44230311,0.53204322,-0.24119297,1.9985114,-0.42547079,0.22360038,0.1997003,0.20374711,0.27085596,-0.085653551,0.33289268,0.088679008,-0.3154306,0.052587143,-0.039650902,-0.30946341,0.062888601,0.12640753,0.040993977,0.10015447,-0.054879214,-0.0035955435,0.10147576,0.0022221451,-0.23492869,0.30001508,-0.48188018,0.35177603,-0.0093624948,-0.2548271,0.024206058,0.22103749,0.43977043,-0.21066043,0.13964255,0.036931414,-0.010975355,-0.048731842,-0.014374336,0.46512024,-0.052285282,-0.067329432,0.2263724,-0.41453362,-0.068284536,0.16651785,0.27055979,0.011750095,0.21835439,0.65282446,0.13099746,0.2389726,1.6616205,1.5996805,1.0429339,0.62668513,-0.36651417,0.016327476,0.34503944,0.77227482,-0.023833895,0.027848548,0.1044948,0.79691915,0.20095599,0.31856571,0.13866706,0.38713506,0.40576949,0.51243794,0.3238137,0.38179436,0.56284889,0.33721146,0.47980101,0.3367877,-0.27301884,0.42936427,0.29022769,-0.25955799,0.38643578,0.18385807,0.33136914,0.30975044,0.22628091,0.42543449,0.16295679,0.14912479,0.43590791,0.43753575,0.58774961,0.35530787,0.4249714,0.3470686,0.067965245,0.50525088,0.20828739,0.42216624,0.036948048,0.37063215,-0.51141966,0.11075827,-0.40792961,0.36904606,-0.12410347,0.21362567
0.77785665,-0.37720671,0.48955347,-0.39735007,-0.24552093,-0.1104734,0.90150882,-0.26481787,-0.19759808,-0.48163543,-0.47255445,-0.43355146,-0.62532471,-0.83010689,-0.031317393,0.47944005,-0.18256085,0.084736167,0.44425131,-0.11452273,-0.27129995,-0.39375598,-1.9445794,0.10428036,0.79776374,0.29319171,0.38058533,0.46871013,0.73607353,0.42941481,0.45491606,0.40077523,0.44196316,0.29835922,0.27431149,0.23729559,0.93916879,0.44252145,1.5206415,1.8629225,2.2220855,2.2702021,1.0898089,1.194613,-1.0112933,0.50104377,0.011047329,1.142421,-0.65835969,0.47528178,1.8713235,0.64155143,1.5420174,1.1757149,-0.40351655,0.38501087,2.8285557,0.017320481,-0.19832829,0.0071298571,2.6478116,0.018543684,2.3061885,0.85206713,2.7748534,0.71095144,-0.14609336,0.13939243,1.0966688,1.391494,0.089782334,0.60007471,0.66612186,0.61159306,0.82849657,0.54120805,1.6278643,1.606437,-0.22034853,2.2309709,1.4038516,-0.64114505,2.0683041,0.81659323,-0.54619015,-0.76333735,0.64293294,0.94379301,0.58103272,0.18879727,-0.24847939,-0.62239256,1.2796751,1.1612446,-0.23337277,-0.22648902,0.60669542,1.7033604,-0.25172353,0.29388916,0.30188379,0.28072663,0.32646279,0.051057969,0.30560686,0.248407,-0.018739713,0.10955691,0.13010619,-0.11850261,-0.052626884,0.23402883,0.14759391,0.11317033,0.068555205,0.089553915,0.078681383,0.09455022,-0.42924217,0.39555329,-0.49596917,0.43896907,-0.010750126,-0.00065805658,0.18413076,0.31762889,0.47711462,-0.021384207,0.23698408,-0.058248471,0.085127753,-0.17930555,-0.04840204,0.52789199,0.3244142,0.24013517,0.57669045,-0.28252258,0.029679973,-0.023348543,0.25460452,-0.031632771,0.5003244,0.96234213,0.22638241,0.26829037,1.359097,1.3360193,1.2952293,0.99149352,-0.34539256,0.13426298,0.64795912,1.0435469,0.036558057,-0.0040036526,0.25754539,1.1222925,0.24626016,0.48368844,0.10880689,0.39460754,0.4489959,0.50775993,0.32228175,0.43948143,0.56539472,0.28431047,0.48657548,0.43238645,-2.3481125e-05,0.42923291,0.40983267,-0.089232982,0.47893012,0.37552024,0.4029303,0.48701426,0.1938528,0.37790536,0.28799606,0.1662774,0.53065769,0.42693308,0.62887533,0.44939988,0.40946802,0.42183115,0.091415069,0.58258907,0.15044053,0.42367708,0.13500989,0.38287739,0.17639387,0.27598879,-0.2922717,0.2306532,-0.84211331,0.25086287
0.62374773,-0.97587211,0.16147823,-0.79892386,-0.5865726,-0.51276944,0.525362,-0.57925606,-0.48380176,-0.72208442,-0.86163066,-0.82944711,-1.0523976,-0.92849655,0.19778445,0.20502963,0.51708885,0.12207788,0.90085024,-0.15743354,-0.60089027,-0.94337762,-0.72124007,-0.77467413,0.14367361,0.44583938,0.40962585,0.57836223,0.8546106,0.47802823,0.62866512,0.49125896,0.6496365,0.33215038,0.35688214,1.6778184,0.34979204,0.38256696,1.8731133,2.4411338,2.7652685,-1.3364759,0.45783425,1.7653689,-0.6902163,0.12505877,0.17201847,1.2163253,-0.13315337,2.4999088,1.8915749,2.5883436,1.2236412,1.5083212,1.2877861,0.96710345,2.6240143,-0.14889399,-0.44276284,0.020216864,1.51393,-0.29764679,1.4089072,0.35217816,1.9994781,0.41301476,-0.29051668,-0.29798078,0.40693891,0.54687325,-0.10742294,0.021314622,1.6340176,-0.87838453,0.3598661,-0.045257357,2.1363209,-0.18230778,0.030053771,1.8860943,1.1962315,-0.10269162,0.76334046,-0.34780442,0.11939212,-0.16201592,-0.09628942,1.3663393,1.0106289,1.038488,-0.019193998,-0.91795411,1.6423253,1.0283696,0.045795648,-0.75005545,0.92413084,1.0677134,0.043467877,0.35019491,0.38521571,0.28962824,0.34819725,0.22823161,0.3748669,0.29042648,0.34364443,0.27536464,0.39768185,0.029233751,-0.072154197,0.29686945,0.26047781,0.21389561,0.17904836,0.19525714,0.21559221,0.1300049,-0.46394101,0.46296304,-0.46541052,0.46749452,-0.16929835,0.070783933,0.31575547,0.35446241,0.44716116,0.36733704,0.38467824,0.20779281,0.31317632,-0.14327721,-0.022166059,0.39459876,0.42079787,0.45641285,0.51120478,0.1717522,0.24176951,0.016022348,0.28361486,0.19857395,0.99552182,1.1983966,0.30304655,0.3091428,1.2225225,0.21655294,1.2344807,0.89737465,-0.30991093,0.46659673,0.94323846,1.1475048,0.096950008,-0.076381999,0.4949212,0.51640951,0.44177232,0.68582107,0.34325954,0.39460754,0.48973185,0.44866225,0.30685875,0.41057212,0.55469132,0.26882725,0.49516392,0.53103218,0.2550777,0.36813761,0.52556261,0.24403741,0.69090476,0.50473554,0.54698204,0.43867704,-0.34277128,0.34529306,0.20918241,0.36300807,0.45544826,0.39987603,0.60488109,0.52582831,0.38953826,0.55035063,0.13586612,0.70043312,-0.0012383136,0.46413441,0.11357731,0.4519503,0.30487463,0.22729371,-0.10032707,-0.077565259,-1.1468353,0.28087765
0.52757538,-0.4608785,-0.21651115,-0.86735028,-0.89168652,-0.96174672,0.27576741,-0.8059548,-0.88599377,-0.36057164,-0.92381866,-0.71043829,-0.50741929,-0.32679849,0.80182315,-0.45289881,0.37650632,-0.16813674,1.199555,0.051452904,-0.53705194,-0.62112339,0.51485275,-1.0122989,0.54272434,0.56315344,0.59727113,0.8061804,0.79831341,0.67462828,0.77201343,0.50295676,0.88243681,0.59369691,0.51422965,1.2025126,-0.043332229,0.29580098,0.72013167,2.3021532,1.9018789,-1.1225589,-0.051307343,1.8419212,0.90181842,0.058868007,0.62839952,0.9116712,0.86903629,2.3218145,1.6720145,0.67344051,0.83643875,0.55584194,2.840715,1.5163684,1.2538755,-0.26207491,-0.31233655,-0.0098155518,0.43168957,-0.55657846,0.53968254,-0.084521729,0.66321098,-0.038619512,-0.70907478,-0.71112535,0.31345307,-0.04185651,-0.064548735,-0.41829747,1.8496378,-1.0461882,0.20842368,0.096185003,1.8746993,-0.52778966,0.90746111,0.34278086,1.8146049,0.97813343,-1.3568222,-0.47958351,1.5340141,0.49774212,-0.50893868,1.4727971,1.4539278,1.5109344,0.22397351,-0.6945594,1.5948899,0.98414013,0.65294475,-0.87341763,0.97866207,1.0899773,0.40316022,0.37000675,0.48349273,0.3675615,0.37883094,0.31641553,0.28908586,0.34022792,0.38832217,0.39433517,0.31699388,0.1112978,0.16288826,0.4029221,0.35294211,0.29594026,0.27444337,0.21880257,0.53882577,-0.14209109,-0.46394101,0.42651084,-0.22355123,0.50058194,-0.12678414,-0.24979474,0.40061872,0.45909045,0.28328,0.54903154,0.48238606,0.5584275,0.45270195,0.12463033,0.010326839,0.062396946,0.019602917,0.40045764,0.015119802,0.71321416,0.43520777,0.18088067,0.18308457,0.43459186,1.3402782,1.1764762,0.41087878,0.38058912,1.5536526,-0.90145401,1.3300489,0.20861039,-0.25820156,0.71617173,1.1955777,1.2646968,0.22724322,0.028263364,0.83067641,-0.72266766,0.87867587,0.87612339,0.72119629,0.38305916,0.46521942,0.42885087,0.39511492,0.40210749,0.54733234,0.26562413,0.5380907,0.61964433,0.31716015,0.25761831,0.68532297,0.37077513,0.8200743,0.74815038,0.72633167,0.35060817,-0.39183829,0.29871667,0.029179627,0.68582545,0.40971178,0.41648139,0.58758381,0.5080295,0.36444441,0.72829617,0.22315968,0.59956369,-0.026054733,0.44335105,0.031925666,0.57690578,0.20785808,-0.19790558,0.14303388,-0.17495375,-0.91032117,0.29416684
0.3666689,1.1029591,0.17930859,0.052494808,-0.38921734,-0.69854973,0.25235946,0.21214928,-0.29983564,0.51492534,0.12348561,0.59593998,1.035676,0.38176754,1.0822743,-1.220832,0.01314023,-0.61922038,1.4982599,0.23848142,-0.34512056,-0.092640443,0.96916557,0.10557438,0.44849145,0.79588154,0.74519563,1.0335503,0.49338454,0.91011136,0.90556455,0.63264229,0.97255905,1.100334,0.52077991,0.30264389,0.033939279,-0.020452384,-1.0515855,0.92514775,0.42924841,0.82884121,0.22710442,1.1164607,2.3959022,0.01823802,0.58687792,0.34798444,2.061296,-1.0713012,1.3559598,-1.5013065,0.44064472,-0.27946184,2.5679042,1.7227739,-0.489026,-5.9646722e-05,0.12671279,-0.3144807,0.076402489,-1.0380066,-0.10254793,-0.43419333,-0.28196223,-0.60217428,-0.53952107,-0.76113599,0.32424162,-0.43548806,-0.084727439,-0.55305607,1.2526024,-0.20167644,0.93518387,0.56576841,0.41422648,-0.47499984,1.5775299,-0.74627712,0.85396278,2.2434185,-1.0818779,0.64030516,2.3093725,0.91010729,-0.74171598,1.0978378,1.7842802,1.5631817,0.7829579,-0.084337706,1.2245708,1.0114955,1.1942917,-0.37640467,0.85095616,1.2650988,0.87022541,0.39301321,0.4806884,0.37057053,0.45051824,0.40694702,0.38409085,0.49202368,0.35073761,0.45467516,0.50066235,0.029642988,0.2205237,0.43774775,0.44517747,0.4266211,0.39968987,0.31919933,0.71998963,-0.21715205,-0.32764464,0.46505607,-0.041266166,0.5044194,-0.094232473,-0.050737592,0.40131327,0.53094371,0.015063816,-0.034770384,0.61922365,0.65148951,0.53958299,0.54570548,-0.079864016,-0.15560917,-0.60301839,-0.24304761,-0.4199633,0.84317774,0.41105869,0.41471413,0.28518828,0.75504565,1.2940425,0.81289296,0.6741607,0.47720413,2.0283919,-1.5652126,1.6184692,0.68855853,-0.17212753,0.94754533,1.4369746,1.1585752,0.36128114,0.24132757,1.0327919,-1.5561021,1.3922712,0.97539828,1.1086453,0.3470554,0.33934005,0.39669477,0.54078677,0.31859237,0.56483061,0.23644007,0.33398124,0.51707918,0.049465203,0.26846768,0.64505104,0.10939486,0.66675331,1.0299427,0.67707602,0.28878241,-0.066923466,0.2208451,-0.14247188,0.56143571,0.33784378,0.39191396,0.3889297,0.41169367,0.33935056,0.78705924,0.2562639,0.28425053,0.10485976,0.40275247,-0.094360071,0.69877705,0.20863743,-0.51923886,0.31982298,0.09188921,-0.43381906,0.24789969
0.52457796,2.3136244,0.97961945,1.2793678,1.0567384,0.88647326,0.2632606,1.7811892,1.1250456,1.4694056,1.6657783,2.0343559,2.0690462,0.54354447,-0.50359011,-1.2581744,0.079457587,-0.025968447,1.4203974,0.34900716,-0.086554123,0.6145804,-0.21510473,1.5403066,0.020836931,0.8807173,0.97780483,1.0444677,-0.15344806,0.89008266,1.0095884,0.83290081,0.74269413,1.220713,0.76662715,-0.28759611,0.83036004,0.56134568,-1.9839656,-0.75364155,-0.73448324,2.4570891,1.6294697,-0.023152167,2.3914677,0.70762727,-0.13388423,0.49796524,2.7248368,-2.4067147,1.101206,-1.7678584,0.54880483,-0.59036897,0.54493671,1.4974723,-1.545703,0.40711022,0.50332995,-0.077689022,-0.21907946,-0.48784522,-0.63968642,-0.53808837,-0.74460626,-0.89745916,0.29582647,-0.47531381,-0.68446162,-0.50836406,0.085770842,-0.91056543,-0.36989494,0.61934426,1.5185846,0.86143382,-0.98803535,0.0060282242,1.9959949,-0.57476639,-0.59019693,2.6242395,-0.13873144,1.6350055,2.579624,1.0517562,-0.53724047,0.60077711,1.7101506,1.3502118,1.2859004,0.64264204,0.88522647,1.0273427,1.498549,0.3661898,1.0388245,1.2951944,1.2776461,0.39378479,0.50233753,0.52295413,0.61890286,0.46144365,0.39842107,0.65453917,0.14011148,0.60434876,0.53680412,-0.027638394,0.33204604,0.4106112,0.4619457,0.48271185,0.52622027,0.42071387,0.72479109,-0.143289,-0.044955857,0.68428661,0.021926878,0.46483599,0.023415198,0.19744549,0.51154099,0.60111148,0.065212644,-0.39709199,0.27233233,0.2855292,0.21573694,0.74200623,0.14035572,-0.04261523,-0.13492554,-0.3058225,-0.56023943,0.088728596,0.61403907,0.7763629,0.51845594,1.3108514,0.85312022,0.17097714,1.195036,1.0140896,2.1240782,-0.8227048,1.988962,1.6221146,-0.086053509,1.1771059,1.5784446,0.90802107,0.57775564,0.50716286,1.06901,-0.85599234,1.7087375,1.2261289,1.529387,0.31105164,0.23769092,0.3279661,0.75840192,0.24456371,0.42165282,0.10439377,0.15803949,0.30227931,-0.31447942,0.33429001,0.42813388,-0.31642664,0.53610199,0.70147537,0.5470254,0.093755707,0.31130077,0.068204768,-0.09296763,0.25275053,0.26729633,0.33791935,0.24710561,0.23595097,0.2111452,0.60683732,0.25402726,0.081787583,0.2700725,0.34257767,-0.11610561,0.60827036,-0.29922648,-0.46127463,0.18002847,0.18308726,0.56546799,-0.0068146685
0.70752898,2.2395293,1.7683411,1.9030104,2.2135854,2.1923424,0.35150913,2.4954715,2.2323646,2.1419921,2.1692855,2.5225448,2.0258519,0.019809841,-1.2068883,-0.22294075,1.1265915,0.51838927,1.3362589,0.4595329,0.2514618,0.20321162,-0.12511857,1.8680674,-0.62277685,0.74344254,1.0776934,0.81176747,-0.27417641,0.64355376,0.96994177,0.84124747,0.20282835,0.55159159,0.94293897,-0.27472094,2.0046108,1.8720724,-1.0613476,-1.465924,-1.1818548,2.1264563,1.6895266,-1.1517569,1.0893025,1.6574261,-0.21053175,0.48242028,2.5307022,0.20417912,0.87129979,1.5013518,1.1181737,0.5547167,-1.3269644,1.0316285,-1.5908581,0.65866788,0.47072206,0.34635013,-0.38848482,0.40263995,-0.59195192,-0.45281993,-0.59256701,-0.86828257,1.0676907,0.066796798,-1.3803275,-0.32046478,0.10036087,-0.49071771,-0.99516715,0.56056593,1.363237,0.81407449,-0.93957782,0.13562084,0.88698837,-0.068168917,-1.4413435,1.8185819,1.2908824,1.2312667,1.6227139,1.1980704,0.070745792,0.36197247,1.3723844,0.95409728,1.6289826,1.2833479,0.73068129,0.89529326,1.3083532,1.0644901,1.4352587,1.0219424,1.5849551,0.47702442,0.54355576,0.56541981,0.65499188,0.41918544,0.4088231,0.73973096,0.22002334,0.70449634,0.52042659,0.051716546,0.38947222,0.47810569,0.39712991,0.49602952,0.59119112,0.4828298,0.74006535,0.19492605,0.21631222,0.96090556,0.095349803,0.36990734,0.26673707,0.38520611,0.56065595,0.63349645,0.28438128,-0.27721393,-0.068620888,-0.058328917,-0.11383013,0.48779953,0.33747538,0.26352728,0.55247719,0.10955896,-0.12863676,-0.90198613,0.88766098,1.1157488,0.97127412,1.5373171,0.043840661,-0.31381424,1.5419018,1.5556282,1.8159261,0.4723517,2.1626162,2.5073245,0.028337866,1.359112,1.1738389,0.58412336,0.82490421,0.91337374,1.0804669,1.9096384,1.6628031,1.357821,1.9501287,0.22731723,0.11922432,0.244483,1.0692166,0.14919984,0.37720324,-0.12561657,0.051343523,0.091079792,-0.37030702,0.39919451,0.13709294,-0.20309167,0.37545912,0.28368689,0.27032369,-0.14265404,0.45898202,-0.16197934,0.13807614,-0.40960277,0.19845566,0.25189222,0.24748782,0.084341403,0.076626889,0.31457997,0.11960944,-0.099899917,0.55148786,0.10387092,0.063058676,0.32635758,0.17856236,-0.15592244,0.14473397,0.49462763,1.03196,-0.22446264
0.70687118,0.7856613,2.5521311,2.0301848,2.4893627,2.5714575,0.52156422,1.9234022,2.4764936,2.216664,1.7710455,1.9324703,1.1328358,0.14256843,-0.56844573,0.76623037,2.1016255,1.5041199,1.4572259,0.69326441,0.61127439,-0.10754859,0.63649311,1.1273075,-1.0919795,0.53916395,0.73978585,0.36329871,-0.23915897,0.0046369514,0.72825195,0.69450859,-0.23885963,-0.26883869,0.90063878,0.60208503,2.7015908,2.7876013,0.77750041,-1.3328573,-0.85628059,-0.3200925,0.96960817,-1.285595,-0.7128852,2.2702711,0.6915301,0.65293865,1.6025371,2.6557325,0.73149166,2.7945107,1.3035158,1.1510593,-1.7701029,0.56018728,-0.77977359,0.38091998,0.15619418,1.271099,-0.59732093,1.2050773,-0.27441405,-0.25302788,-0.45104467,-0.50297859,1.4535726,0.81618435,-1.3766565,-0.1965279,0.089607029,0.066065491,-0.58365578,-0.09176801,0.32814023,0.54592214,0.03740374,0.035704585,-0.25346127,0.85409126,0.27155413,-0.34418773,0.99504896,-0.29056931,-0.5263491,1.4279553,0.77925108,0.39033708,0.86244731,0.7195794,1.6155116,1.6699569,0.71337181,0.42225919,1.1435119,1.4899113,1.5125524,0.18925443,1.443233,0.69254502,0.59506959,0.66021261,0.46149933,0.38258679,0.48509798,0.77313615,0.26601052,0.5989398,0.57717727,0.16139733,0.49262,0.56666131,0.35052237,0.57770382,0.62885704,0.484052,0.76917867,0.32610134,0.34905607,1.27747,0.11831144,0.41325738,0.30492215,0.34281945,0.6102431,0.52257727,0.38593809,0.57246419,-0.21432217,-0.37444462,-0.19089887,0.037231149,0.51225727,0.58893233,1.2681339,0.79187473,0.92109464,-1.209418,1.3014678,1.2032684,1.6096334,1.2171368,-0.51479677,-0.42102706,1.1138102,1.4323272,0.83736248,1.6475726,1.9550633,1.8612196,0.14776344,1.2328115,0.65111069,0.23048811,1.0815915,1.4040137,1.0592037,4.0118411,1.2093911,1.3148067,1.6155695,0.13509737,-0.034968861,0.17670444,1.3790025,0.054858961,0.1755865,-0.224643,-0.12011522,-0.12882152,-0.27694774,0.52750916,-0.1153671,0.11786798,0.25036808,0.030608541,-0.027540053,-0.28871563,0.26629221,-0.50357089,0.70220148,-0.33937555,0.23505354,0.12018263,0.13933926,0.069213827,-0.08572619,0.03596422,-0.022590681,-0.12258325,0.72588307,0.12524132,0.33907418,0.079968889,0.21904345,0.29483479,0.21635268,0.46555935,1.0634776,-0.21971232
0.8751613,-0.07243493,2.1598953,1.2536959,1.4488749,1.7504372,0.59915932,0.4087171,1.1672353,1.5796536,0.79952173,0.56697428,0.47355282,0.73541773,0.16572316,0.95418339,2.208814,2.0022286,1.6184096,0.95851367,1.0873359,0.17282231,1.6457698,-0.66282942,-0.63993485,0.19614007,0.1818831,-0.20264354,-0.10850218,-0.3353705,0.41700197,0.11428613,-0.41553216,-0.81032708,0.82024349,0.75237976,2.3989608,2.9964216,1.541322,-0.084014385,-0.61785038,-1.1303289,0.39251352,-0.26807876,-1.4577148,1.5435863,1.8653525,0.76868636,0.23790113,2.7331009,0.77444134,1.6850895,1.5860008,0.73962954,-0.40252089,0.34156595,0.15987,-0.61406808,0.17829139,1.1184793,-0.32843247,1.2986553,0.12152922,0.19225567,-0.074223067,0.89839255,0.4937059,1.0685358,-0.39225299,0.24965686,0.11635917,1.0077927,0.65404423,-0.91314223,-1.2267997,-0.11423724,1.3239487,0.49258254,-0.19451438,1.1283076,1.2777533,-1.0520636,0.58801027,-1.6056061,-1.3669205,1.4925516,1.3049909,0.91318908,0.29174295,0.78104399,1.4351536,1.356987,0.80641589,-0.24254713,1.0195332,1.4301256,1.2264782,-0.84748991,1.3328981,0.88357042,0.77101258,0.58318646,0.28640813,0.36097868,0.57665748,0.72147865,0.37763072,0.53903256,0.53873807,0.30092895,0.55368229,0.74466775,0.39671687,0.64175564,0.62928897,0.58980173,0.74510329,0.3539719,0.48179992,1.2662856,0.21268907,0.56128158,0.2795103,0.15007153,0.7421689,0.33556204,0.6180801,1.4604594,-0.047662626,-0.023075592,0.02971374,-0.13768202,0.0749634,1.0254659,1.2456181,1.1750602,1.7028678,-0.098060072,1.456752,0.89050385,1.5714692,0.46364792,-0.53758119,-0.2657229,0.068422915,0.97296714,-0.69897068,2.2327448,1.1333734,1.2845924,0.29931221,0.97526291,0.074030624,-0.22678932,1.3474996,1.7390308,0.8532154,4.3133763,0.48335373,1.062042,1.0877939,0.11381974,-0.11432573,0.098218031,1.4994916,0.014239907,0.038198668,-0.28392191,-0.01139358,-0.13550184,0.15957955,0.57907127,-0.22870945,0.44553533,0.29546304,-0.17104929,-0.15331587,-0.34957463,0.64215531,-0.77162171,1.255502,0.062486749,0.20150544,0.036080055,0.13327262,0.069444602,-0.28603577,-0.1541164,-0.11159945,-0.077254871,0.82496377,0.4257189,0.65490539,-0.10711593,0.080995157,0.75596011,0.1738829,0.65006336,0.63171016,-0.20452654
0.88197612,0.75578508,1.3678107,1.2862316,0.21121107,0.42417722,1.1762855,0.15885316,0.071594966,0.89552179,0.61118947,0.27813346,1.2336247,1.4930075,0.15373794,0.089407492,1.4501537,1.3582222,1.2771366,1.3161118,1.5633974,1.0485608,2.2355561,-0.66282942,0.58253176,-0.097239729,-0.51356268,-0.48799414,-0.095425137,-0.27345825,0.10521927,-0.3913505,-0.13983482,-0.4335664,0.44822787,0.38583648,1.4189657,1.8643386,1.0662629,0.81857238,-0.66947182,-0.23213588,0.16628059,0.87308666,-0.87721569,-0.088745286,2.1212059,0.55586312,-1.0223054,0.013859955,0.57502268,-0.022521342,0.87047084,-0.0080089701,1.3068324,-0.077179901,0.29476777,-1.1306663,0.84138416,0.28322534,0.15905239,0.50033065,0.79312117,0.83002364,0.7442109,1.5765753,-0.19891052,0.66992957,2.0460565,0.98284799,0.27641691,1.7624087,1.5320605,-0.90229471,-1.7306765,-0.79574781,1.5683366,0.62925462,0.77077623,0.75470925,1.2787397,-0.31917314,0.19680674,-1.5242805,-0.78473377,1.1644695,1.5099815,1.0150624,-0.31077431,0.83971878,1.3776561,0.95975867,0.48357401,-0.93602407,0.88644879,0.99617906,0.44791833,-1.486923,1.243458,1.0267461,0.67683574,0.50326989,0.13588727,0.47382244,0.65493157,0.57417274,0.3379932,0.60241127,0.51976258,0.34536133,0.56197512,0.98398402,0.48436311,0.5541111,0.59913877,0.57386519,0.64616974,0.30586214,0.56203549,1.3338777,0.31876183,0.91229821,0.19456385,0.086866594,0.76690572,0.25435682,0.99905706,1.7555509,0.45949756,0.67055373,0.5692283,0.37474798,-0.34927707,1.4174841,1.1601736,1.0195199,2.0683998,1.3098171,1.0224358,0.19815281,1.3706782,-0.3211079,-0.26437724,0.0033012404,-0.7762556,0.018572886,-1.6302332,1.5893838,-0.22657618,0.10235758,0.50386428,0.58695629,-0.54560202,-0.58366062,1.5551999,1.6040854,0.38724347,2.7642739,-0.46655778,0.53886908,0.47155431,0.20959678,-0.1560157,0.0026946801,1.4302222,-0.0046575044,-0.029988495,-0.28392191,0.0019005571,-0.081809319,0.52259185,0.4043322,-0.16785611,0.44007209,0.21644522,-0.062036143,-0.13746936,-0.34199552,0.87081642,-0.71156146,1.3463578,-0.076932375,0.092302223,0.027857395,0.15269477,0.047373792,-0.48634535,-0.21413221,-0.11534203,-0.056503294,1.0631439,0.32152707,0.93085987,-0.13066326,0.0018895426,0.9315017,0.12700868,0.72866423,0.51136382,-0.035417721
0.82120523,1.5094895,0.66800237,1.4702934,0.44229443,0.32601914,1.8269758,0.88198637,0.46069079,0.63117061,1.3751177,0.7226238,1.4102666,1.7212154,0.074095403,-0.013650224,1.0093011,-0.052199693,0.70856165,1.8307031,1.8385623,1.8038191,1.0982458,0.42603263,2.2308313,-0.22694544,-0.50297716,-0.61582573,-0.34674085,-0.079877686,-0.26137812,-0.58719258,-0.053491987,-0.30927422,-0.080284234,0.20753152,0.052133735,0.032985602,0.3096334,0.59954462,-0.80962395,1.0866118,-0.3402613,1.1355415,0.47263435,-1.0809525,1.0942265,-0.022273133,-1.9670243,-1.3416479,0.23256833,-0.65551075,0.12934892,0.13129355,1.558421,-0.3824299,-0.52695065,-0.90891,1.8300146,-0.050080587,0.8744877,0.10876731,0.79312117,1.0523522,0.53556426,1.52745,-0.055576728,0.39323346,2.1964347,1.4492372,1.0964941,1.2462001,1.3880267,-0.53432247,-1.249428,-0.9403509,0.61482058,0.20974484,1.6897523,0.23671573,-0.14812585,0.87591879,-0.39178042,-0.66928693,0.6825384,0.56988215,1.0778733,0.44232809,-0.96608223,0.85712762,1.2719198,0.64391981,-0.15207255,-1.4425649,0.76965545,0.72333599,-0.68665053,-1.7377339,1.0914973,0.96920057,0.71021787,0.67431111,0.38576274,0.58240195,0.4544247,0.52399875,0.36357631,0.92915814,0.50340687,0.18181565,0.4986202,1.1133466,0.74409032,0.51216645,0.556117,0.58216933,0.55377795,0.18116698,0.62943571,0.91253704,0.4592501,1.1283498,0.16931383,0.16048629,0.71418093,0.33134092,1.498162,1.7198851,0.86167556,0.92311958,0.73358576,1.6254119,-0.17852258,1.77106,1.5207338,1.3503322,2.2842562,2.0916339,0.33371877,-0.65773662,0.52724728,-0.6261264,0.15444513,0.07173854,-0.73934628,-0.75481428,-2.0184807,1.285855,-1.3256337,-1.6210443,0.70841635,0.11267637,-1.0121855,-0.70684895,1.6190925,1.2571577,-0.10046465,-0.70931621,-1.0485022,-0.064416304,-0.29507404,0.30537382,-0.22124859,-0.052397422,1.3852957,-0.081829369,-0.12870266,-0.21768846,-0.19644785,-0.088046273,1.1349461,0.20952344,-0.11214196,0.70592681,0.097852133,0.13924374,-0.050649512,-0.023672816,1.0374948,-0.29343448,1.4757359,-0.15909071,0.037343248,-0.039611072,0.024366479,-0.041454721,-0.62893229,-0.16322958,-0.0079801748,-0.15706102,1.4377192,0.11918417,0.95642658,0.063003127,0.075293923,0.82309002,0.24431769,0.46953157,0.49188454,0.1336911
0.95224823,0.93950539,-0.0074311595,0.69406149,0.97865989,0.82584202,1.7051725,1.139463,1.0109141,0.12070487,1.3636459,0.78755233,0.49846776,0.95323633,-0.041972047,0.5781667,0.073557178,-0.98801421,-0.2123149,2.3452944,2.0809277,1.7063844,0.063181479,1.7375095,1.6762186,-0.2158995,-0.47210535,-0.55771607,-0.51355294,-0.091861057,-0.52826596,-0.58825693,-0.16944636,-0.3651723,-0.43403695,0.77057757,-1.1074691,-1.1983174,0.56783135,-0.68229333,-0.69735638,1.4880582,-1.2734871,0.040972737,0.99655454,-0.64969245,-0.19459443,-0.81451675,-2.1318087,0.65572161,-0.26306052,1.3430382,0.32727666,1.0249121,0.30393369,-1.0782001,-1.0000176,-0.043658387,1.7808618,0.064254767,1.2855038,0.34339645,0.26359514,1.0763702,0.2636955,-0.5110649,1.0426981,0.37468016,0.50314731,1.6009303,1.7985293,1.0329528,0.6430315,-0.11127899,-0.5439097,-0.84037947,-0.61138986,-0.35348607,0.76160271,-0.80048032,-1.0995294,1.3053106,-0.8223703,0.17874917,1.7407002,-0.30513159,0.74467218,-0.39702741,-1.3561845,0.53553852,1.0938253,0.49881384,-0.97880947,-1.5922317,0.65513751,0.65681848,-1.4887739,-1.6023872,0.88269339,0.99433496,0.74182486,0.67131668,0.79998374,0.63399497,0.69508166,0.68469355,0.42595122,1.2954554,0.58933836,0.19175817,0.37586195,1.0999098,0.80449935,0.28075008,0.47913535,0.60334277,0.47119881,0.059456044,0.65503669,0.34229015,0.51623215,0.79082295,0.2056949,0.33339597,0.67468459,0.78027265,2.0542061,1.9319029,1.4797345,1.3812315,0.91044032,2.7315572,0.12381468,2.0406179,1.7346472,1.6878272,1.9415699,1.9161681,-0.37016185,-0.76477581,-0.56983021,-0.37943781,0.29408382,-0.076572113,-0.15687617,-0.77603155,-1.6982735,1.2939915,-1.9103108,-2.2831088,1.041599,-0.37188959,-0.86893613,-0.60290957,1.6711253,0.6644112,-0.62077703,-2.7057841,-1.1728408,-0.58095941,-1.0617024,0.1070838,-0.30729243,-0.14394055,1.0261912,-0.089308808,-0.24002125,-0.09944127,-0.27575127,-0.096506316,1.2716637,-0.0045401244,-0.10926019,0.966433,-0.067247424,0.201041,0.022429445,0.073905662,1.1751932,0.32590713,1.0906368,-0.15535787,-0.086333127,-0.12560696,-0.045992906,-0.30482479,-0.76537852,-0.16319525,-0.05020068,-0.35512931,1.6165703,-0.19244758,1.0504685,0.18652004,0.31660499,0.59310326,0.3612208,0.067921172,0.55425981,0.34594043
0.79741904,-1.0219261,-1.0531395,-0.41008572,0.80734992,0.87407487,0.8111386,0.0046741214,0.86311799,-0.67812245,0.15192342,-0.041342885,-1.1827391,0.15460527,-0.10953786,1.8510076,-0.67231193,-0.63563693,-1.4321141,1.4820287,1.8135088,0.58881933,-0.44407687,2.3816619,0.9757995,-0.23873406,-0.33315513,-0.54823796,-0.6416367,-0.28733209,-0.6922229,-0.43640764,-0.43879034,-0.54007919,-0.59883228,1.4940407,-1.9978432,-1.4300753,1.2436906,-1.5527272,-0.43423235,0.16492002,-1.5410685,-1.2428643,0.016398405,0.65725254,-0.22394917,-1.1242384,-1.707252,1.5489715,-0.84291123,1.1787884,-0.18259122,1.8391513,-1.4192037,-1.4996736,-1.0762329,0.35120588,0.066346722,1.4955323,0.89392315,1.5179273,0.1197045,1.3497765,-0.047349413,-0.68582646,2.3041884,0.35841675,-1.1725629,1.135125,2.0089278,-0.83448567,-0.47169616,0.11297425,0.07971487,-0.64768484,-1.4845373,-0.83950759,-0.63322973,-0.98998941,-1.1811563,0.28343628,-1.0646528,0.33763968,1.177644,-1.1469571,0.6578579,-1.2804088,-1.5839656,-0.20207212,0.80278699,0.58326736,-1.727638,-1.3621496,0.52581911,0.77442025,-1.6779719,-1.0868104,0.60830124,0.98620145,0.84471287,0.88311442,1.2277993,0.50798146,1.172304,0.87670015,0.50035315,0.73399431,0.72329121,0.16977679,0.29466293,1.1539951,0.61237215,0.39115621,0.44415636,0.41025183,0.47951582,0.084445223,0.63240779,-0.5176512,0.34399921,-0.016083669,0.30991118,0.43407007,0.48559321,1.2166225,1.993604,1.8834481,1.9190951,1.7797081,1.3599782,2.7603842,0.98551492,1.7235807,1.8129758,2.1190653,1.2992171,1.8835201,-0.69873101,-0.47408971,-0.62872227,0.0076631868,0.045483548,-0.16763632,0.24751869,-0.46216829,-0.79585778,1.609482,-1.8191783,-1.4971468,1.3881806,-0.72024239,-0.66147738,-0.36114472,1.5600861,-0.14071019,-0.84090919,-2.8748833,-0.94092528,-0.86876817,-1.1042928,-0.12183821,-0.37051575,-0.31878808,0.4929904,-0.24846254,-0.21557465,0.20740211,-0.54841469,-0.22232769,1.1894767,-0.22733927,-0.19551867,1.1001377,-0.202834,0.11440645,-0.046903754,-0.083220728,1.0453168,0.86226874,0.8383653,-0.26720373,-0.21950543,-0.26898697,-0.22641704,-0.58627212,-0.84477037,-0.15931645,-0.15336215,-0.57838353,1.8348938,-0.63053353,1.1336387,0.19446242,0.64200275,0.4989034,0.36789661,-0.30572316,1.3391775,0.55888558
0.0225021,-2.6944058,-2.1715805,-1.96621,-0.44934874,-0.22947921,-0.71332915,-1.9134519,-0.5833421,-1.4604807,-1.5316126,-1.8496875,-2.6030931,-0.18420647,0.7668757,1.9930049,-0.66910281,1.0882178,-2.0966255,0.53771256,1.1478208,-0.32937192,0.0019156052,1.6820156,0.59659284,-0.36030952,-0.46776426,-0.69277865,-0.47695902,-0.6245144,-0.73960649,-0.44040997,-0.56213439,-0.54548868,-0.67845495,1.8551018,-1.8817124,-0.83916668,1.6519713,-1.5637761,0.025808544,-1.3120055,-1.1030032,-1.737311,-1.244923,1.2457165,0.21622799,-1.1123567,-1.027401,0.75021694,-1.3993042,0.19796248,-0.055973613,2.1373792,-1.7874549,-1.2368653,-0.5108208,0.01594537,-2.3618687,1.814141,-0.035537008,1.6276285,-0.41667871,0.84822329,-0.48310222,0.32779523,2.1208226,0.37927064,-0.051870603,-0.28669449,1.1462088,-1.7736983,-1.1324345,0.063959406,0.21946911,-0.47855214,-1.1320394,-0.53433129,-1.4390906,-0.8138648,-0.48114913,-0.85591909,-0.48843769,0.057463896,0.16728627,-1.3591246,0.66072862,-1.6098352,-1.3321286,-1.1357919,0.47146873,0.86162612,-1.8152971,-0.94999242,0.19152013,0.94892346,-1.2388918,-0.64789002,0.23684246,0.84320228,1.1502983,0.50273198,1.2636838,0.51242274,1.7704041,0.85208371,0.47002282,-0.38231271,0.95707874,0.33052875,0.28434842,1.1064167,0.7874279,0.74735813,0.47638161,0.38660996,0.63326664,0.767591,0.6126075,-1.3796071,0.067492854,-1.0290649,0.5159567,0.44019293,0.39596013,1.1138645,0.93143217,1.3901926,2.1771657,2.0728578,1.6681375,1.7232642,1.1110837,0.63535405,1.0389415,1.5998135,0.44731416,1.8035231,-0.58656421,-0.0011012149,-0.61087021,0.045198863,-0.16462574,-0.22699852,0.11103116,-0.16875616,-0.31673674,0.52026978,-1.1006586,-0.63014326,1.6780042,-0.75559046,-0.47688294,-0.15730927,1.4490468,-0.89790695,-0.580753,-2.0982803,-0.58389408,-0.83424256,-1.1042928,-0.32070902,-0.52526611,-0.54397558,-0.016558081,-0.46101609,-0.45620428,0.37300994,-0.72060259,-0.37659915,1.0444944,-0.18045017,-0.45489155,1.0705625,-0.28190757,-0.059475191,-0.21877058,-0.3898737,1.348017,1.1004488,0.91543336,-0.43385494,-0.28730976,-0.54448309,-0.45091244,-0.78230925,-0.83287521,-0.40111364,-0.26066873,-0.73522878,1.6467053,-0.84465793,1.2310134,0.074604825,0.39256386,0.66457868,0.43228281,-0.39830811,1.9124679,0.34293919
-0.89323148,-2.6575619,-2.0129425,-2.6908478,-2.1859523,-2.0261221,-2.080682,-2.8241043,-2.3167098,-2.1698114,-2.7695701,-2.798284,-2.6970477,0.33254289,1.6935716,1.3702729,0.74037198,2.1482606,-1.9050685,0.080873676,0.74391495,-0.35957225,0.99679765,0.53181728,0.78516847,-0.46058979,-0.67714787,-0.70137836,-0.1602023,-0.71282033,-0.78636124,-0.45609585,-0.55954839,-0.21525792,-0.67475455,1.0869819,-1.3992195,-0.2824106,1.6044522,-0.95821695,0.20842585,-1.5909951,-0.19111818,-1.3764014,-1.5317964,0.18653455,0.40860731,-0.88860805,-0.39404526,-1.108189,-1.9070232,-0.78994939,-0.2303917,0.90162299,-1.3242609,-0.73942008,0.069658612,-0.97664197,-2.4460561,0.65534154,-1.3120285,0.67972802,-0.52195137,0.33329305,-1.0128636,1.4457795,0.18179235,-0.11175795,1.5178275,-1.5445907,-0.65579331,-1.6828322,-1.176621,-0.098109145,0.12620256,-0.38868869,-0.55108277,-0.31183037,-1.1217846,-0.34815576,-0.064807217,-1.0537312,-0.1632912,-0.14300595,-0.73330239,-1.2052861,0.85630479,-1.4276838,-1.0077159,-1.8320186,0.1044452,0.86550684,-1.4805821,-0.43756639,-0.24681788,0.8934308,-0.72554506,-0.27359007,-0.26573151,0.057876645,0.72042997,-0.32325966,0.4564115,0.82488507,1.3168243,0.4438333,0.42611939,-1.3725467,1.0121642,0.42001765,0.30813592,0.69649838,1.0621397,1.0579535,0.38817842,0.39383972,0.68101125,1.6006515,0.6126075,-1.6340363,-0.12733713,-1.5879597,1.051715,0.36718089,0.72248705,0.41181173,-0.65724748,0.039515177,1.9689252,2.005241,2.1786103,0.011175122,1.3651944,-0.86535808,-0.38248702,0.15262996,-0.92742635,1.589271,-0.31616528,0.22097803,-0.19247534,-0.074837497,-0.36663251,-0.19612135,-0.22098299,-0.09126317,-0.17588316,-0.84270549,-0.47641579,-0.19060044,1.8937957,-0.59059821,-0.36358573,-0.057167771,1.1178696,-1.1740877,-0.36801157,-0.91140808,-0.28269466,-0.5159806,-0.92835585,-0.48038263,-0.67764712,-0.72392691,-0.4101793,-0.71671006,-0.63670824,0.4105204,-0.66115348,-0.5960297,0.84541893,-0.22041286,-0.71977964,0.84491001,-0.41510556,-0.38260603,-0.50770175,-0.545313,1.0959085,0.85375217,0.52208457,-0.73214421,-0.42503968,-0.78121677,-0.62306216,-0.79242245,-0.82098005,-0.72084407,-0.33977747,-0.70344986,1.0935716,-0.53302619,1.1184735,-0.25180153,0.19137076,0.87113024,0.40827116,-0.034155525,1.5051022,0.081846325
-1.6440692,-1.5180824,-1.6811412,-2.321979,-2.8799906,-2.822747,-2.5988907,-2.2185185,-2.8134433,-2.2608226,-2.5698879,-2.2990027,-1.7543736,0.94177376,1.7149493,0.56683872,-0.53480491,2.5716869,-1.4866143,0.076692209,1.0729989,0.40400524,1.3999183,-0.82987307,0.38639435,-0.57897982,-0.69864943,-0.6800243,-0.022726127,-0.51420167,-0.79665071,-0.39132836,-0.45233833,0.079297399,-0.67036433,-0.1573044,-0.67607361,-0.56041897,0.80938361,-0.28954692,0.20304194,-1.1035641,-0.040320753,-0.46957289,-0.87544837,-1.3477376,-0.22782916,-0.73511526,-0.037347362,-2.1052371,-1.8645969,-1.1164729,-0.67357575,-0.25135701,-0.62020542,-0.03291826,0.24221599,-1.8083373,-1.3269007,-1.1820024,-1.7235865,-1.2496558,-0.46531532,-0.42666408,-1.0319236,0.68399859,-1.8734517,-1.0241341,1.3932427,-1.8928262,-2.1001817,-1.3024123,-0.47033221,-0.35375245,-0.052042033,-0.32398727,-0.1339968,-0.16609944,-0.35300042,-0.23993961,0.038454842,-0.80960928,-0.05314089,-0.27128602,-1.3243937,-1.0005851,0.99509979,-1.0691266,-0.61591131,-2.0067644,-0.42518879,0.4724694,-0.92651369,0.11260074,-0.77625639,0.37803547,-0.42648656,-0.091090965,-0.99759412,-0.95293798,-0.081825649,-1.2672552,-0.62286785,1.103278,-0.16620369,-0.35566771,0.65252521,-1.8409319,0.73927922,0.60701754,0.45991974,0.10997865,1.4010501,1.2326808,0.25316716,0.54928906,0.54766192,1.7847022,0.6126075,-1.2547815,-0.076960394,-1.3378215,1.3521828,0.48034269,0.81436695,-0.6823637,-1.971771,-1.684038,0.60241568,0.9279955,2.0839496,-1.5657197,1.2669985,-2.1809333,-1.956583,-1.6471379,-2.130617,0.41267575,-0.13573948,0.015046516,0.057332925,-0.30101613,-0.4492753,0.094152892,-0.36919334,-0.25486013,-0.40514326,-1.8519086,-0.22972603,-0.36462449,2.1095871,-0.35854308,-0.41637711,-0.14628866,0.74706764,-0.96798867,-0.23627036,-0.060384468,-0.20889449,-0.24450886,-0.58904879,-0.64005624,-0.65955991,-0.74930271,-0.99897568,-0.82615946,-0.61496948,-0.46430365,-0.59268955,-0.80445664,1.0962781,-0.10711725,-0.81947487,1.158091,-0.57818112,-0.87423959,-0.79793467,-0.38411669,0.7005575,0.40469215,0.3687591,-0.81167626,-0.76374623,-0.80985014,-0.7749265,-0.47397589,-0.91593133,-0.84950918,-0.33977747,-0.49446783,0.74418697,-0.11572686,0.84672237,-0.58038223,-0.11356199,1.1229753,0.27375714,0.27385496,-0.34351347,0.13340012
-2.0758503,0.021038924,-0.61419606,-1.1937044,-2.2007951,-2.2284377,-2.077815,-0.73485629,-2.0140318,-1.432384,-1.5390201,-1.1597188,-0.53475389,1.3267282,0.85000394,0.49695673,-1.6928932,1.3423631,-0.37234212,0.039895723,1.4020828,1.4949488,1.1485699,-2.0826024,0.29768354,-0.79399378,-0.62977633,-0.5102857,-0.40769059,-0.41996142,-0.74848202,-0.51573497,-0.24331978,-0.27966876,-0.65965622,-1.4511331,-0.13133627,-0.95408177,0.17990501,-0.39681799,0.17808305,-0.46358958,0.0082871269,-0.081805643,-0.15982034,-1.8050574,-1.2227299,-0.55262866,0.086216196,-1.4583741,-1.566887,-1.4566653,-0.83636625,-1.5232226,-0.33992861,0.20721952,-0.32972464,-1.8958112,0.17297982,-2.4118162,-1.4170396,-2.4464083,-0.87264394,-1.4497194,-0.1846168,-0.94538181,-2.8248396,-1.4164911,0.052264498,-1.7930429,-2.4210536,-0.39202994,-0.18086477,-0.32687061,-0.4823451,-0.15864622,-0.088907382,-0.28304401,0.010929409,-0.44634562,-0.014906919,-0.24062623,-0.19121663,-0.13098824,-0.96066686,-0.72020293,0.70099326,-0.73613499,-0.14400079,-1.7253505,-1.1257722,-0.23694603,-0.28449117,0.57537772,-1.0684732,-0.4818216,-0.38917352,-0.12078795,-1.495096,-1.6154895,-1.0508461,-1.7670431,-1.693412,0.8980927,-1.5819944,-1.4008031,1.002723,-1.3929893,0.18444708,0.95977313,0.82024804,-0.86796494,1.5456482,0.53851769,0.25316716,1.0873015,0.26858982,1.0198184,0.75383514,-0.44703341,0.50837976,-0.69050483,1.3379969,0.56812897,0.82316386,-1.5292907,-2.4421513,-2.5005174,-1.0446529,-0.776595,0.68399022,-2.2226115,1.5890418,-2.7127926,-2.7507008,-2.9696449,-2.5505984,-1.3769188,-0.23648091,-0.30136602,-0.20951355,-0.39082291,-0.19407481,0.51827406,-0.24511977,-0.36421179,-0.63287514,-1.5095258,-0.30565262,-0.53628754,2.1347023,-0.17262061,-0.56200103,-0.40246954,0.41587187,-0.66560137,-0.19776139,0.04569738,-0.26048291,-0.11124214,-0.30192464,-0.64475513,-0.57311271,-0.52559589,-1.1170864,-0.7146655,-0.59846245,-1.276271,-0.17829088,-0.8180128,0.80063921,-0.078493678,-0.78297166,1.2272661,-0.84139958,-1.1167446,-0.88370041,-0.34957463,0.34850012,0.11461227,-0.23915234,-0.66123276,-0.82900301,-0.58329575,-0.71542315,0.27719283,-1.0275032,-0.79654534,-0.27990862,-0.30619079,-0.10792014,0.30641236,0.684747,-0.83856486,-0.20945437,0.97147648,0.13638317,0.52019004,-1.4792066,0.25109072
-1.5074527,1.1737496,0.51203487,0.018181996,-0.8766556,-0.93553444,-0.82365095,0.62352937,-0.55066094,-0.28954783,-0.34627572,0.16505105,0.55512778,0.62918144,-0.13841649,0.22709989,-1.8585692,0.057334219,0.63423526,-0.31652794,0.54379,1.4771305,0.23232769,-2.3353365,0.90635192,-0.60227955,-0.27442384,-0.073056741,-0.87505335,-0.27693385,-0.60735544,-0.44257173,-0.45465224,-0.47815334,-0.60938137,-2.2403674,0.049386419,-1.0866622,-0.79604406,-0.79314067,-0.2395981,-0.026392925,0.074135064,-0.080129094,-0.012724384,-1.3003022,-1.478485,-0.60797965,0.11257524,-0.76930921,-1.0888785,-1.0301477,-1.1513435,-2.3917417,-0.029948646,0.10782938,-1.4823993,-1.5994104,-0.097713487,-1.9464408,-0.72525931,-2.3692631,-0.61928778,-1.6656034,0.51898427,-1.3831156,-2.0731967,-1.3988922,-1.809525,-1.0634753,-1.708132,0.10195798,-0.1375124,-0.07825413,-0.72151988,0.075248445,-0.37327032,-0.34462102,0.036384558,-0.22420765,-0.15233471,-0.1758164,-0.060478994,-0.012884178,-0.8516832,-0.47775534,-0.021247764,-0.33415445,0.26187912,-1.1228776,-1.6197553,-1.0626994,0.21002043,0.76374622,-1.2207703,-1.2590589,-0.60792342,-0.00088278561,-1.8415238,-1.5815555,-1.7410685,-1.075181,-1.634918,0.15328077,-2.2045676,-1.860163,1.0402373,-0.53757028,-0.69833907,1.0927445,1.1965875,-1.6718575,0.69632157,-0.51281119,0.30113169,0.80418265,-0.27658474,0.038417342,0.93357942,0.30021209,1.20348,0.039266193,0.82440541,0.37845321,0.5335732,-1.6669327,-2.0958711,-2.5024497,-2.4306302,-2.2767086,-1.0241931,-2.1622933,2.0654339,-2.385504,-2.4676541,-2.6496394,-2.3726807,-2.6124299,-0.37315198,-0.50125616,-0.37331873,-0.27261223,0.23957234,0.7184408,-0.15057217,-0.24251657,-0.53354528,-0.83973854,-0.57417089,-0.39882112,2.15234,-0.074195052,-0.67716251,-0.66473076,0.10822572,-0.31517113,-0.3295026,-0.079517119,-0.3875139,-0.13352102,-0.526193,-0.64337658,-0.35025047,-0.29612173,-1.0417581,-0.35963967,-0.35583448,-1.8134766,0.42868187,-0.49104815,0.85651151,-0.16660255,-0.74532312,1.1039259,-0.95254012,-1.1202141,-0.75305383,-0.23858132,-0.69506674,-0.41527434,-1.1085288,-0.63549332,-0.63057393,-0.12825094,-0.66223359,1.1357354,-0.93258324,-0.59330622,-0.16893223,-0.043336066,-0.88425367,0.64541801,0.089602183,-0.85572406,-0.026130703,0.13330271,0.11657506,0.66366326,-1.2843618,-0.030243446
-0.41897214,1.3559209,0.33450912,0.84976681,0.55933438,0.35894725,0.46921156,1.3406988,0.66831843,0.50107745,0.78462655,1.0726913,1.0150473,-0.26698147,0.3041166,0.29098359,-0.67415523,-1.3366034,0.65361001,-0.67295161,-0.35768018,0.58929719,-1.3065292,-1.6322387,-0.29315698,-0.30341102,-0.11872597,0.4286737,-1.0538454,-0.1703317,-0.34078743,-0.34942607,-0.56964828,0.11198046,-0.66246102,-1.9922261,0.17598537,-0.94458372,-2.048916,-0.88436502,-1.4545906,0.011081074,0.21582598,-0.17539786,-0.16864262,-0.37774895,-1.1555958,-1.1536957,0.11337934,-0.25919576,-0.65579053,-0.41780899,-1.0949598,-2.2574427,0.37405511,0.12011607,-2.1196454,-1.047133,-0.82456899,-1.0019394,-0.0091964503,-1.2973736,-0.30964122,-1.4514308,0.55761299,-1.3324348,-0.71293492,-1.1234266,-1.7179725,-0.36586516,-0.67010293,0.097674313,-0.25982801,0.47249586,-0.51304435,0.45763102,-0.38094741,-0.19398378,-0.054483708,0.3538776,-0.15233471,-0.14665293,0.20781414,0.21329854,-0.34420152,-0.3848295,-0.84249159,0.010754569,0.47910941,-0.32986627,-1.9708867,-1.635502,0.43143975,0.47103845,-1.2335861,-1.7902004,-0.2741621,0.10731364,-1.889781,-0.93442026,-1.5696453,-0.17902444,-0.94951861,-0.94421373,-1.6549222,-1.5405072,0.59528466,0.19589714,-1.1633451,1.2853114,1.1747978,-1.7347899,-0.73708485,-1.5064437,0.43969587,0.083067708,-0.72990603,0.17937464,0.93285054,0.86139203,1.6942637,0.50826803,0.096431256,0.14076392,-0.17156576,-1.1551267,-1.24788,-1.7799398,-2.732195,-2.8386782,-2.5092905,-1.8332785,1.9559468,-1.5389596,-1.5516291,-1.6620791,-1.6276115,-2.7124809,-0.45000796,-0.38340446,-0.68312467,-0.07003234,0.61825613,0.51708094,-0.0070435233,-0.2290751,-0.12174458,-0.22229758,-0.6003442,0.13779534,2.0226498,-0.15741298,-0.65540913,-0.69945757,-0.13292948,-0.12172707,-0.46124381,-0.39351129,-0.56403454,-0.28883368,-0.75046136,-0.67799775,-0.0076693851,0.26808438,-0.97925508,0.22060541,0.10458373,-1.5039266,0.76364401,0.22935673,0.62144338,-0.21209381,-0.52247311,0.38023982,-0.846937,-0.81105068,-0.66737523,0.25212595,-1.6187895,-1.1106455,-1.6435624,-0.41144484,-0.21575889,0.45014911,-0.9061739,1.2257042,-0.44762327,0.17579578,-0.23902258,0.066443285,-1.5299582,0.53580381,-0.29629352,-0.70215115,0.11408307,-0.77842462,0.14389439,0.47688338,-0.40021173,-0.44741583
0.50147833,0.41228129,0.10529322,1.0008798,1.2911602,1.1918574,1.0931382,1.0078276,1.229095,0.63216115,1.0545757,1.1671068,0.63998447,-1.5601705,0.4949339,0.56486958,-0.091534788,-2.2122843,0.67298476,-1.1104511,-1.3226872,-0.80999008,-2.0220088,-0.4726332,-1.5809419,0.015536774,-0.018432938,0.8001613,-0.18120893,0.16991668,0.0026818065,0.031811653,-0.49315261,1.1902713,-0.47586624,-1.4637723,0.01633697,-0.58083989,-2.2605144,-0.80164825,-2.7869776,0.32319281,0.22718229,-0.56965635,0.040788491,-0.026404089,-0.5622283,-2.1597387,0.062591428,-0.011025918,-0.36478587,-0.0051626489,-0.81041779,-1.6808001,0.32924334,0.047811185,-1.9110915,-0.55293277,-1.579344,-0.17640224,0.33919681,-0.13521833,-0.25745711,-1.0741266,0.026231645,-1.0538197,0.19918923,-0.81823334,-1.1569741,-0.26088275,-0.031336553,-0.32465088,-0.25982801,1.0663871,0.11736551,0.56158222,-0.17532123,-0.14117015,-0.14086185,1.1061553,-0.24690867,-0.091568208,0.36439808,0.59466207,0.13816704,-0.19973502,-1.4796288,0.35769321,0.29108054,0.090469369,-1.927739,-1.7687729,0.47468849,-0.2788088,-1.0406615,-1.7915553,0.30084821,0.45097997,-1.6501463,-0.090675173,-0.88478832,0.65548439,0.015636771,-1.6711545,-0.8546287,-0.58358572,-0.2402581,0.74012616,-1.0078551,1.0351613,0.46580034,-1.3923599,-1.793617,-1.9092256,0.17735354,-0.95176155,-1.0036959,-0.069811423,0.70833495,0.81731553,1.6849643,0.19936637,-0.25462125,0.29576844,-1.0674039,-0.37104931,-0.31759121,-0.72497053,-2.1500595,-2.3393849,-3.0548871,-1.0667308,0.32564675,-0.51259277,-0.64885479,-0.52280368,-0.60198301,-1.8598093,-0.4757072,-0.14042899,-0.75901023,0.22002563,0.83295308,-0.26795621,0.40485533,-0.055900778,0.39018734,0.13267263,-0.2632901,0.83697618,1.7399651,-0.35850996,-0.35478195,-0.49428623,-0.27711872,-0.19312014,-0.59298502,-0.64691927,-0.46404377,-0.44594525,-0.75046136,-0.75000325,0.23172932,0.52081444,-0.95512608,0.75339831,0.35333215,-0.89943415,0.4657016,1.0072102,-0.30220832,-0.29196789,-0.1999799,-1.0515327,-0.19216658,-0.12392582,-0.72810627,0.74011994,-2.3812687,-1.6017939,-2.0143744,0.62906748,0.33844534,0.79978169,-1.1335923,0.4584723,0.037336696,1.0096274,-0.33977747,-0.097886326,-2.2561813,0.22469045,-1.2254311,-0.71334906,0.17949494,-1.3710874,0.15469181,-0.08116781,-0.034082634,-1.0403639
0.88280514,-1.2236608,-0.88784395,0.17444389,1.0956352,1.1286145,0.85244986,-0.15134793,0.90474586,0.13218585,0.62097429,0.56005519,-0.4861231,-1.9921512,0.43647115,0.62674922,0.38933972,-1.9665431,-0.23702747,-1.5884886,-2.3194627,-2.0195791,-1.8387878,-0.054060386,-2.173285,0.84418891,-0.17834666,1.1285109,1.2182123,0.6712627,0.31638206,0.75852024,-0.076833376,1.8956378,-0.16152142,-0.79946327,-0.03300829,-0.28567625,-2.0972625,0.002880993,-3.0013824,0.67521639,0.37200676,-0.86817508,0.28722212,0.10224992,-0.19046718,-2.7744951,0.14099719,-0.014167308,-0.20997679,-0.14956202,-0.47344323,-0.9682267,-0.81289455,-0.33774525,-0.38131052,-0.19509245,-1.3217236,0.20261398,0.022462489,0.119784,-0.30519162,-0.70983239,-0.97815245,-0.89538148,-0.0040397933,-0.94141761,-0.53193259,-0.32893518,-0.027649523,-0.96236318,-0.25982801,0.65094932,0.94703015,0.20605125,0.29184183,-0.091190316,-0.21369926,1.3709486,-0.081242423,-0.12014943,0.31420941,0.84444229,0.69404682,0.2214567,-1.6449041,0.62541799,-0.11040022,0.29814911,-1.6983627,-1.6120564,0.37054533,-1.2620516,-0.77890386,-1.2832735,0.53521826,0.57275149,-1.2396498,0.68760895,-0.053405224,0.83252432,0.62448015,-1.4171999,-0.0091258733,0.47062203,-1.3178507,0.39794197,-0.41675581,0.52405017,-0.99470012,-0.56479492,-2.1030665,-1.2662716,-0.28544204,-1.7536643,-1.0125088,-0.56649677,0.47837439,0.10019067,1.2543994,-0.62948959,-0.69005263,0.71031748,-1.6677799,0.17656455,0.48186315,0.0016629032,-1.2775461,-1.4651308,-2.4603026,-0.26250278,-1.5185073,0.33745357,0.06560233,0.16703947,0.17729195,-1.178417,-0.31485836,0.10641102,-0.88800634,0.42206735,0.29354043,-1.5591168,0.89763997,0.49979014,0.58606,-0.23625233,0.23224035,1.2334988,1.4530901,-0.56845619,0.38083021,0.083526709,-0.40854553,-0.44708324,-0.5970386,-0.52786851,-0.18735328,-0.51757411,-0.63832718,-0.82182974,0.069695058,0.15819988,-0.80889096,0.740834,-0.032575891,-0.39521011,-0.44231861,1.0369655,-1.3647297,-0.64413593,-0.16903718,-2.1505571,0.94296838,0.53775947,-0.66696353,1.0345973,-1.700216,-2.0258674,-1.6663279,1.2284808,0.68981242,0.65462945,-1.2588714,-0.9470721,0.50128843,0.88748659,-0.33977747,-0.10334356,-2.1928606,-0.1074817,-2.0189651,-0.89977213,0.52740584,-1.4765333,0.097161624,-0.82957722,0.056450262,-1.7211998
0.34688869,-2.3736966,-1.8259439,-0.92684144,0.13037163,0.31949243,0.013617303,-1.8584254,-0.1585576,-0.7751361,-0.56885723,-0.93830141,-1.7085496,-1.6012678,0.23096937,-1.0611567,0.71131358,-1.6902778,-1.1951114,-1.77857,-2.7176361,-1.9750476,-0.74130138,0.51976591,-1.0569432,1.3174232,-0.18432851,1.1802626,1.8060864,1.0471543,0.59644991,1.1916259,1.1216556,0.13759037,0.30911401,-0.37283198,0.11862027,-0.17397351,-1.3302454,0.79970602,-1.8671941,0.6129537,0.38080642,-1.0404201,0.310385,-0.068178652,-0.14704153,-1.8685081,0.068341546,-0.180661,-0.29863753,-0.0088543797,-0.23817,-0.40371203,-2.3518232,-1.0368526,1.3351483,0.45597865,-0.6984237,-0.29177188,-0.66362354,-0.41999285,-0.84630939,-0.75460345,-1.513194,-0.73456264,-0.81592623,-1.0876417,-0.22666105,-0.54354971,-0.50216657,-1.3717584,-0.21765344,-0.23750453,1.1912177,-0.48661981,0.97388881,0.84579098,-0.10580978,0.71310229,0.79491769,-0.023754625,0.07172692,0.32500675,0.85237643,0.47037258,-1.501119,0.65236065,-0.72021044,0.45191919,-1.3313392,-1.188775,0.014133449,-2.0904339,-0.50489765,-0.7660745,1.0198223,0.37198524,-0.60485348,1.1726933,0.53734509,0.30472035,0.53927398,-0.39172597,0.5556832,0.95290967,-1.5659965,-0.60691689,0.0069100969,-0.2943299,-1.897002,0.3350475,-1.6583038,-0.47190208,-0.74823762,-1.4842582,-0.46613159,-1.3365547,0.20303907,-1.2661731,0.66464463,-1.5767751,-0.99007054,1.0099455,-1.6535218,0.39218096,1.0991121,0.82355331,-0.2920199,-0.52458268,-1.5312362,0.44441664,-3.0613407,0.89659892,0.75524971,0.63610348,0.76013526,-0.4842984,-0.13926158,0.42001044,-0.61351397,0.070511211,-0.95726865,-2.2468255,1.1393954,0.87348332,0.24558523,-0.7677372,0.66110005,0.58792707,0.94831191,-0.67741589,0.90872733,0.71692125,-0.48428179,-0.65537828,-0.33355618,-0.2731972,0.22211226,-0.41835544,-0.44188652,-0.88434776,-0.41460959,-0.4866026,-0.72431938,0.16386482,-0.46702938,0.09618991,-1.6362204,0.14089543,-2.4699452,-0.74711649,0.010279378,-2.3580793,1.6085474,0.82838206,-0.61413348,-0.27225824,-0.42074118,-1.7916742,-0.84234621,1.5018645,0.49138335,-0.060159694,-1.0930797,-2.4124397,0.96084309,0.42695813,-0.33977747,-0.3575095,-1.7060421,-0.23644265,-1.8336271,-1.0847336,0.016500604,-1.0428965,-0.029336333,-0.99690648,-0.23318627,-1.5881322
-0.6640207,-2.2334432,-1.8972074,-1.860498,-1.3576348,-1.2006865,-1.2864786,-2.3390921,-1.5909399,-1.6191124,-1.7392696,-2.1829277,-2.043966,-0.84337009,-0.041145488,-2.2254659,0.76527511,-0.90851704,-1.7923846,-1.0604821,-2.0896344,-1.4086833,-0.16343029,0.82878074,0.057668727,1.3662133,-0.074102745,0.40635065,1.686194,1.1769068,0.62889908,1.0266702,1.5444589,-1.8115993,1.0193234,-0.021813363,0.18739194,0.16826625,-0.70847943,0.80841301,1.1341232,-0.67343974,0.081522061,-0.71842847,-0.84422973,-0.59859585,-0.14597902,-0.040313286,-0.072586841,0.18353943,-0.65208362,0.14310905,-0.088043256,0.026442229,-2.5145229,-2.1907112,1.9652104,1.1854429,0.045159895,-0.75328419,-1.2696344,-1.2666536,-1.3430845,-1.0916593,-1.418427,-0.64072208,-1.4577751,-0.94254015,-0.52873296,-0.93896468,-1.1607187,-1.2673131,-0.073947504,-1.5089313,0.68551951,-1.2809386,0.90386284,1.1060749,0.10447139,-0.4376271,1.2408066,0.075402514,-0.52953061,-0.82371724,0.67901749,0.74959715,-1.1164259,0.60379629,-1.333717,0.45899383,-0.74016875,-0.55139634,-0.62994042,-2.4580358,-0.26668333,-0.26243759,0.90793492,0.050968988,-0.079911908,0.72273837,0.54988406,-0.75448162,-0.41077219,0.53780921,0.89619363,0.49957312,-1.0565557,-1.6134616,-0.46614394,-0.99818433,-1.4488843,0.84639957,-0.7372081,0.40771068,-1.0748036,-0.80289896,-0.12999199,-0.99948449,-0.072296244,-2.2721539,-0.079861149,-2.0689796,-0.94426396,0.43344398,-0.88465723,-0.093461298,1.0498684,1.1232392,0.43708411,0.05932297,-0.54768292,1.2178933,-3.026715,1.0328032,1.2653098,1.0629557,0.86731437,0.29312252,0.24578454,0.83001596,0.46161525,-0.54188842,-2.0667614,-2.1470496,0.035668919,0.6674508,-0.64395141,-0.84728329,0.51477865,-1.2055494,0.44353376,-0.5768629,1.023271,1.0517602,-0.56001804,-0.68525388,-0.067205913,0.3101293,0.66295792,-0.15158791,0.020443807,-0.94686578,-0.92764948,-1.0452221,-0.48020052,-0.82496085,-1.2306563,0.57651464,-2.3127684,-1.1662429,-2.5079537,-0.68901222,0.12987963,-0.99334386,1.6772834,0.92099307,-0.73077699,-1.4578488,-0.078811636,-0.77559598,-0.45402976,-0.26546893,-0.3543067,-0.99498454,-0.083776766,-2.7578414,1.2372196,-0.54760363,-0.33977747,-0.73410866,-0.878407,-0.24821809,-1.1296314,-1.0788716,-1.2063082,-0.42773132,-0.15832335,-0.50478026,-0.30856412,-0.88313255
-1.7064274,-1.1877647,-1.8737415,-1.9831826,-2.305497,-2.2921389,-2.1444617,-1.7931153,-2.3129766,-1.9120664,-2.12503,-2.2813596,-1.5260242,-0.21769245,-0.60586631,-2.3382392,0.29787577,-0.27722409,-2.3012959,-0.34239424,-1.4308425,-0.63782508,0.11320752,0.75809193,0.5473081,1.0749933,0.5140323,-0.61439957,0.52319548,0.38635397,0.31321277,-0.10603786,1.5345271,-3.1169506,1.3819265,0.35460977,0.1681661,0.32948435,-0.4855533,0.3122489,2.6921461,-0.75707067,-0.76030486,0.25527944,-2.5200872,-1.0513392,0.037217332,1.7292519,-0.53762821,0.22882991,-1.0207794,0.36792905,0.32187037,0.48107038,-0.98152998,-2.8091355,1.3861454,1.9238204,0.57838821,-1.367768,-1.4234523,-1.422705,-1.2727369,-1.2324942,-0.60318212,-0.83125424,-1.5195093,-0.49963817,-0.99047988,-1.1390882,-1.5365981,-0.79042653,0.068660655,-2.1826146,-0.50753691,-2.0609087,0.34691801,0.47698528,0.66765405,-1.733619,0.67799762,0.48025208,-1.3045795,-1.9434029,0.21388054,0.74714123,-0.66909298,-0.191185,-1.9520817,0.2011819,-0.1927322,-0.083646002,-1.3128497,-2.254949,0.058851015,0.14170814,0.35325117,-0.76349085,0.35428012,-0.60855741,-0.11717673,-1.867258,-1.4790635,0.092757863,0.51603276,-0.58901514,0.045040533,-2.26485,-1.425977,-1.1392531,-0.14564015,0.70131073,0.15464514,0.78190318,-1.094853,0.26613485,-0.26688694,-0.2634555,0.16858883,-2.458142,-0.7787537,-1.6139412,-0.71294235,-0.73685797,-0.11981429,-0.99790204,0.39830561,0.76074437,0.94452629,0.62500823,0.22488694,1.1412697,-2.1576428,0.52894755,0.91109851,0.80773724,0.2148657,1.2176363,0.63188246,0.89932785,1.1541811,-1.5054009,-2.583028,-1.5795481,-1.7021767,-0.27744274,-1.5003909,-0.30029403,-0.23272456,-2.3571066,-0.015760993,-0.23529704,0.76797067,0.86662408,-0.48873033,-0.33694446,0.20559699,0.91558013,0.93718044,0.21914211,0.48277414,-0.65732536,-1.5064728,-1.9262258,-0.013228033,-1.8188366,-2.0426594,1.0900666,-1.9962225,-2.3841272,-1.7542672,-0.74282913,0.012820963,0.26602947,0.74933065,0.8136488,-0.039794871,-2.5432639,-0.68091859,0.33710779,-0.5413419,-1.8546658,-1.122364,-1.8824849,1.1120854,-2.1082067,1.1014453,-1.7825329,-0.62046407,-0.99550374,0.43063248,-0.41503691,-0.19335864,-0.52905252,-0.38935938,-0.068611664,-0.31645296,0.22764495,-0.59006851,0.044728527
-2.3165258,-0.23360576,-1.0383099,-1.409604,-2.2499098,-2.219707,-2.1663196,-0.72192323,-2.0379404,-1.576715,-1.6343169,-1.5762085,-0.63116919,0.13601753,-1.2547666,-0.90794877,-0.18196526,0.33660246,-2.0060728,-0.11118522,-0.36407974,-0.14113001,0.37393934,0.13966498,0.64480467,0.14280925,1.1773555,-1.5434318,-0.9855339,-0.77028702,-0.46997658,-1.6143165,0.3900642,-2.0675104,1.064756,0.45866758,-0.46157288,-0.14610692,0.11471763,-0.68314818,2.5494378,-0.33387998,-0.81626999,0.93512799,-2.5882636,-1.3205811,0.35498229,2.7014694,-1.1607356,-0.21793199,-1.2251708,0.56661533,0.30194669,0.56286193,1.2966057,-2.0683917,-0.015369134,2.3514833,1.0034497,-1.3916287,-0.95040993,-1.0676467,-0.84034448,-1.0309862,-0.29161277,-0.7181312,-0.88863138,0.13061276,-1.1059461,-1.0082257,-1.3279265,-0.2321866,0.44016424,-1.7521393,-1.7685839,-2.2187789,-0.97786275,-0.77038494,0.77805677,-2.210042,-0.64472398,0.67071838,-1.7788404,-2.1349139,-0.41626083,0.11658803,-0.24511496,-1.1441713,-2.3655904,-0.2870707,0.21779139,0.22507749,-1.8782729,-1.5925522,0.31180071,0.40831861,-0.43110959,-1.2068186,0.35944907,-2.027177,-1.1411667,-2.2838079,-2.1414549,-1.3012176,-0.72508562,-1.9718471,0.3169695,-1.8946512,-2.1592119,-0.79897029,0.76687751,-0.064640507,0.73225874,0.42967914,-1.4031171,0.79865498,-0.59249638,-0.57333243,0.56554053,-1.6560217,-1.3048107,-0.84204411,-0.30626095,-1.6115275,0.33239532,-1.757075,-0.74047633,-0.4242522,1.0495183,1.0584145,0.82628987,0.37892693,-1.0535873,-0.47103414,-0.14498582,-0.16645468,-0.70363582,1.3052362,0.51958584,0.42330467,1.5953513,-2.1686219,-2.2960852,-0.65729056,-2.6365718,-1.8071203,-1.8234114,1.1481458,-1.1938154,-1.7848595,-0.4374143,0.33222833,0.046572813,0.29038056,-0.41228388,0.27945596,0.31993904,0.98989886,0.64193363,0.38128486,0.38413239,-0.07642624,-1.6826447,-2.1641848,0.64076823,-2.2721248,-1.9980891,1.458346,-1.19312,-2.6005017,-1.0866105,-0.40326077,-0.29010107,0.17450299,-0.40514065,0.30261366,0.61058855,-1.6952234,-1.9713751,1.203266,-0.91423699,-2.710766,-1.851123,-2.2924457,2.0022708,-1.0438597,0.96567095,-2.5920136,-1.0558147,-1.1398905,1.382646,-0.75096468,-0.11820131,0.61640297,0.66991451,-0.1159051,-0.2952849,0.41517793,-0.15635686,1.1884866
-2.2323731,0.23178648,-0.26167935,-0.60281237,-1.4002261,-1.4352591,-1.8013999,-0.0067830121,-1.0870929,-0.93255664,-0.67383975,-0.57292218,-0.016915452,0.53595901,-1.6297372,-0.25442847,-0.072417367,0.70505829,-1.288679,0.0093695081,0.70268302,0.25538923,0.8242325,-0.60466437,1.0222088,-1.0426621,0.94561401,-2.4611481,-2.044854,-1.954611,-1.1726391,-2.5552597,-1.2143456,-1.2455687,0.038188753,0.13186154,-1.1861336,-0.16333222,0.63657198,-1.2852945,1.1400786,-0.33664019,-0.85435078,1.0848212,-0.87081691,-0.79628658,0.31655076,2.5637504,-1.4257832,-0.81004179,-1.3195147,0.10047221,0.051632621,0.24339197,2.2901413,-0.44798808,-1.1234794,2.3658758,1.3218434,-0.89205876,-0.38957345,-0.22296057,-0.21706446,-0.52751104,0.16985467,-0.42466248,-0.14237591,0.79698229,-0.52287128,-0.6332875,-0.58925723,0.38960477,1.0498594,-0.97249763,-2.3038254,-1.7342747,-2.0391541,-1.8553363,0.33589387,-1.9472558,-2.0790033,0.29997164,-1.2744407,-1.4785018,-1.1227535,-0.54289257,0.19202672,-2.0003567,-2.6147444,-0.96623728,0.26501512,0.44290068,-2.0917743,-0.69029408,0.45187531,0.53200304,-1.5984156,-1.5121105,0.13133319,-2.6574663,-2.0041884,-1.9221931,-1.8212695,-2.4875265,-1.9736191,-2.657359,-0.72800735,-1.0306562,-2.0316715,-0.34244702,0.21671508,-1.3512533,0.91064836,-0.84739413,-1.8819574,0.65496183,-1.3749936,-1.2792725,0.72736453,-0.56057464,-1.1874005,-0.092663971,-0.56365061,-1.2022403,0.2040031,-2.0640578,-1.7658877,-1.5276113,0.55341492,0.8227129,1.161911,-0.70659931,-0.28738441,-1.6391827,-1.709346,-1.494079,-1.6042618,0.50409291,-0.025320251,-1.024116,1.2357088,-1.8557859,-1.4313303,-0.0077628305,-2.4308085,-2.524729,-1.3860176,1.4784254,-1.8490006,-0.83950456,-0.83811293,0.83638045,-1.2269428,-0.91592433,-0.36448434,0.87621706,0.050638995,0.82300754,-0.010592886,0.24568083,0.15799698,0.50235767,-1.3434959,-1.5706996,1.3430826,-2.0150998,-1.5472713,1.5422961,-0.23310513,-1.8419245,-0.53008852,-0.041483657,-0.67119598,-0.97152435,-0.82460979,-0.35064688,0.78477288,-0.85377086,-2.0573336,1.491617,-1.6643275,-2.2124126,-2.2910026,-1.8891212,2.4931643,0.14415157,0.53818073,-2.3680408,-1.2186598,-0.89944634,1.6720248,-1.2372115,-0.68968612,1.539147,0.48077058,-0.50599605,-0.21492163,0.12294918,-0.19649209,1.6662279
-1.5914347,0.51240981,0.17978571,-0.066840328,-0.43300966,-0.46639984,-1.0228264,0.29812364,-0.26767167,-0.26340784,-0.0083303537,0.02763696,0.33245121,0.84034683,-1.1139216,-0.072657494,-0.13578578,0.57140316,-0.46092429,-0.10448774,0.78443317,0.82405879,1.2134205,-0.65981342,0.43749584,-2.0299179,-0.085248021,-2.6112672,-2.4861424,-2.4646242,-1.8162704,-2.6305111,-2.2217399,-0.59304461,-1.2851964,-0.23374782,-1.5107912,-0.48734317,0.52007382,-0.93083421,-0.50091301,-1.048389,-0.88749149,0.32768737,1.646888,0.47624259,-0.061158957,2.1541596,-1.448917,-0.29878155,-1.3325597,-0.64581623,-0.49023598,-0.12392007,2.1730783,1.658563,-1.260684,1.7833038,1.4175943,-0.092237898,0.27128853,0.49052212,0.4764997,0.21361639,0.67090453,0.061303197,0.49258092,1.4609637,0.096959242,-0.043934977,0.20964748,0.83552257,-0.44360437,-0.11462125,-2.0628961,-0.99060442,-2.0174626,-1.7096054,-0.85670785,-1.1497293,-1.6500627,-0.7205096,-0.57747297,-0.54880063,-1.603564,-1.4761402,0.62984533,-2.2932737,-2.3853505,-1.7141271,0.11913132,0.55481352,-1.7365308,0.17202309,0.30870942,0.41707964,-2.32767,-1.113951,-0.40093719,-2.0998713,-2.2062766,-1.0955945,-0.91517674,-2.2373508,-2.3224894,-2.3649228,-1.9385694,-0.24809337,-1.1307552,-0.6484979,-1.4699024,-2.4254602,0.49535833,-2.016574,-2.2482634,-0.29006923,-1.8834585,-1.9842879,0.57568491,0.37725968,-0.59880627,0.46752649,-1.3981305,-0.1335633,-0.63979224,-1.6017926,-2.0381288,-2.0002092,-0.71014014,-0.02302872,0.82426745,-1.8300611,0.2123814,-2.2694633,-2.2914727,-2.1933126,-2.1423269,-0.80623838,-1.3742195,-2.4365895,-0.22809881,-1.2303091,-0.62239568,0.44118284,-1.2445468,-2.2879658,-0.40330911,0.67895238,-1.6960733,-0.11632768,-0.98211658,1.0199089,-2.3588161,-1.9777037,-0.32645079,1.0882521,-0.47361692,0.33495027,-1.0545916,-0.14375061,-0.25416464,1.0552303,-0.73533531,-0.97197824,1.8609345,-1.3493204,-0.92265925,1.5271081,0.51388594,-0.82679985,-0.45644709,0.19002273,-1.1221481,-2.0257079,-0.98382798,-1.2604373,0.56147406,-0.052161665,-1.3480823,1.2189734,-1.5089683,-1.0371819,-1.7909317,-1.216369,2.372729,0.90146032,0.03242526,-1.7545525,-1.2171619,-0.34043286,1.3960335,-0.27355514,-1.4534412,1.9323906,-0.13006451,-0.86461685,-0.25562841,-0.45244063,-0.26786746,1.255947
-0.81388995,0.83405596,0.59371199,0.24801362,0.095858583,0.032754957,-0.3015192,0.63020642,0.14587821,0.33265185,0.28868891,0.29686139,0.70758297,0.57776867,-0.41530532,-0.14297007,-1.3542825,0.11210565,0.47363122,-0.58670667,0.57515686,0.87247838,0.2942968,-0.060168262,-0.4133435,-2.6497461,-1.5536574,-2.1742219,-1.8339974,-2.051425,-2.4230473,-1.9392566,-2.4894022,-0.011848794,-2.349052,-0.37954803,-1.3869683,-0.58049548,0.26033925,-0.061665459,-1.2752504,-1.2205404,-0.8187909,-0.74058264,2.3300378,1.1852592,-0.82576383,1.5415275,-1.022948,-0.35657886,-1.2497054,-1.1166712,-1.1915987,-0.1513367,0.88603931,2.3791129,-0.43854963,0.66369101,1.9343184,0.58679362,0.83620894,1.0660443,1.1245069,0.85630098,1.0104775,0.6751279,0.89143525,1.9867432,0.60457499,0.61411976,0.84006637,1.3300277,-1.5453907,0.48737405,-1.3010078,-0.074117037,-1.5496849,-1.4394195,-1.6708339,-0.34642689,-0.91993287,-1.5898646,0.049066802,0.1506501,-1.6441771,-2.0976568,0.84246782,-1.7474054,-1.9063664,-2.1506015,-0.3399318,0.41196021,-1.0708968,1.1147512,-0.0092381711,-0.024070584,-2.3846528,0.13192873,-0.97319984,-0.99858588,-1.7047308,-0.32643637,-0.22301444,-1.1263185,-1.7303741,-1.5328565,-2.2836755,0.35889383,-0.15694129,-1.4005076,-2.3049094,-2.5735522,-0.57710406,-2.4232487,-2.2276849,-1.5406446,-1.6763948,-1.3132165,0.38060922,1.1165433,-0.35199496,0.88634209,-1.865104,0.37044232,-1.8185028,-0.83074469,-1.8123628,-1.6713046,-1.6991525,-1.3105005,-0.18633278,-2.1814504,0.68756345,-2.2743158,-2.0062437,-1.808196,-1.8877941,-1.9337966,-2.3575292,-2.8902229,-1.1103221,-0.52589674,-0.16289244,1.0689225,-0.46481257,-1.4653727,0.52979575,-0.99083879,-0.87213335,0.46038817,-1.1261202,0.73024273,-2.6716476,-2.4878401,-0.28937595,0.84998591,-1.6635909,-0.49096932,-2.036094,-0.76962446,-0.95865318,1.608103,-0.072504142,-0.27137148,1.8279327,-0.59762036,-0.11778568,1.3072832,0.86085539,0.090253981,-0.34249142,0.29718976,-1.2851504,-1.6767949,-0.74416062,-2.2381685,0.021087558,0.19197015,-0.31006211,0.75788629,-0.865162,-0.37392053,-1.1512936,-0.37438361,1.876516,1.4436613,-0.44480003,-0.7740802,-0.64232384,0.33794155,0.60855163,0.49191266,-1.8276824,1.6582009,-0.22955231,-1.0366124,-0.51757235,-1.1246934,-0.63300825,0.71966025
-0.22227,1.2664945,0.89324638,0.51580039,0.35310473,0.30163779,0.26633697,1.0292988,0.41481556,0.71891279,0.62155618,0.5718344,1.0250738,-0.42046704,0.20015905,0.47887916,-1.6426,-0.14054877,1.1603888,-1.0689256,-0.065482467,0.29910007,-1.0703808,-0.82667923,-1.2308535,-2.7522493,-2.4586706,-1.4356497,-0.27163541,-1.1265889,-2.3825503,-1.1007544,-1.7219509,1.0739707,-2.8158318,-0.16850316,-0.78488556,-0.56205946,-0.11803916,1.4548446,-1.0442666,-0.22900329,-0.1970026,-1.2991151,1.4250047,1.0714068,-1.1878678,1.2233583,-0.40142181,-0.97838287,-0.73904035,-1.175298,-1.2349831,-0.11910543,-0.21362929,1.941157,0.80481357,-0.61845021,2.1916768,1.2276995,1.4113475,1.6608569,1.7426015,1.5285671,1.156593,1.185126,1.5012913,2.250696,0.91880262,1.1874422,1.472708,1.8886067,-2.0650457,0.95694661,-0.50367451,0.91921558,-0.64903105,-1.0792024,-1.739411,0.19213339,-0.24571691,-1.8492029,0.42888646,0.60256786,-1.1067721,-2.1139273,0.61351086,-0.97946421,-1.2468276,-1.8978816,-0.83104141,-0.071927574,-0.24192924,2.0351646,-0.49391433,-0.72388382,-1.8340237,0.89878634,-1.543904,0.018638718,-0.8562996,0.18921908,0.26366139,-0.10306086,-0.61110144,-0.49843635,-1.4674826,0.82382924,0.51408691,-1.8973506,-2.0969384,-2.0011576,-1.7862702,-1.8557245,-1.1735022,-2.3844195,-1.3443049,-0.508706,-0.25710642,2.0027069,-0.84795116,1.5637011,-1.6939057,-0.46055246,-2.5436084,-0.12220348,-1.1197559,-1.0377193,-2.1325914,-2.0902554,-1.5649755,-1.8265406,1.1180307,-1.7153514,-1.2045415,-1.0569026,-1.3055242,-2.1085955,-2.3471527,-2.3727102,-1.6751395,0.0010985808,0.21812044,2.0095257,-0.15179668,-0.51798402,1.3401064,-1.5600492,0.13895828,0.77171215,-1.1549182,-0.004932655,-2.4966761,-2.371761,-0.25316704,0.019198175,-2.5182732,-1.1076732,-2.545322,-1.6135562,-1.6631417,1.56918,0.66810905,0.41077745,1.5676519,0.060893793,0.7489833,0.09283164,1.4732434,0.69098972,-0.6396231,0.18798132,-0.95878179,-0.78329076,-1.2033984,-2.4152076,-0.86353147,0.41466772,0.51536962,0.31480492,-0.096447812,0.1499028,-0.54192451,0.30170716,1.0602935,2.0798772,-0.84458626,0.17390443,-0.16720731,1.132996,0.018967972,0.99090361,-1.3612035,0.59540812,-0.43024942,-0.93991967,-0.83483125,-1.6798484,-0.4012149,-0.051455393
0.17330961,1.9033294,1.2526642,0.94602791,0.64534812,0.63483765,0.80624045,1.592445,0.70098393,0.98011928,0.96057255,0.82414972,1.6609692,-1.4549713,0.87753979,0.9226649,-0.68095934,-0.42270202,1.4078681,-1.3149384,-1.185414,-0.85346614,-2.2308601,-1.6735768,-1.0520532,-2.2778982,-2.3188383,-0.53202104,1.4219965,0.027445255,-1.9283525,-0.32601388,-0.27929649,1.5902156,-2.5628466,-0.34225824,-0.19525575,-1.3188871,-0.064391695,2.6564877,-0.23218522,0.3989075,0.18252001,-0.86088977,-0.05670759,0.048471174,-1.341472,0.67867481,0.094862902,-1.2688256,-0.062737936,-0.82246557,-1.1321422,-0.62770426,-0.8801075,0.58194024,2.090712,-1.6686608,1.1178706,1.8595198,2.027668,2.1296215,2.2897138,2.0831309,1.6401711,1.2108933,1.9816856,2.1035455,1.0155609,1.7702076,2.0186874,2.2575124,-1.071165,1.7834239,0.025887351,1.9085757,-0.033230859,-0.79068438,-1.0755709,0.68260829,0.36475588,-1.3404685,0.7762797,1.2719125,-0.41560423,-1.7455246,-0.086338437,-0.21949571,-0.42370303,-1.2406522,-1.3728052,-0.61663551,0.7777384,2.6817155,-1.2120441,-1.6214879,-1.0405602,1.3372878,-2.0976885,0.56147544,-0.032570695,0.53324788,0.60656925,0.45150609,0.076582268,0.5794754,-0.46859169,1.4747809,1.0544172,-1.6582112,-0.97590148,-1.0117491,-2.3646188,-0.79656651,-0.26768471,-2.2919396,-0.65919991,0.33312896,-0.89482206,2.9160377,-1.8476357,2.4089241,-0.8579475,-1.9011801,-2.573839,0.49209486,-0.30616821,-0.44443012,-2.0680001,-2.1565067,-2.2778028,-1.220602,0.85523216,-0.75229032,-0.59717453,-0.42160068,-0.67413545,-1.5734552,-1.8473431,-1.2311036,-2.0754007,0.29134715,0.70204209,2.8666523,-0.028659154,-0.06072119,1.8289904,-1.7482227,1.0334963,0.85475713,-1.1081124,-1.1229747,-1.8996928,-1.8470428,-0.23969536,-1.2161058,-2.4262495,-1.542864,-2.328645,-2.1396455,-2.075316,1.1418913,1.4300643,1.0350252,1.0623626,0.54433972,1.4661265,-0.9534635,2.1059113,1.0904601,-1.0284594,-0.20530869,-0.27390612,0.20193215,-2.0656525,-1.8282024,-1.4310661,0.77694272,1.2139468,-0.090133023,0.84432658,0.45332404,0.26176619,0.78063217,0.11094337,2.3267051,-1.2443725,0.94410896,0.19710748,1.8831631,0.047351785,0.72932793,-0.6384476,-0.50678982,-1.0480881,-0.38622919,-1.1885822,-1.935771,0.088403543,-0.55252749
0.47992809,2.4228721,1.8029603,1.4891662,1.0159099,0.97602157,1.4033898,2.1833384,1.1108874,1.6015699,1.4888688,1.3828006,2.1963216,-1.8625026,1.5572284,0.78953246,0.38180455,-0.77805043,1.4699527,-1.5518664,-2.1130387,-1.6090226,-1.8246571,-1.574607,-0.71696856,-1.4720452,-0.99705942,0.35885784,2.6786182,0.98675641,-1.1134304,0.39195841,1.2832583,1.8535913,-1.7337241,-0.89087135,0.25799386,-1.5155486,-0.019886837,2.4632141,1.1368805,0.82837952,0.43326035,0.11155548,-1.2388654,-1.0471134,-1.0887848,-0.028927668,0.59966772,-0.5033966,0.75924016,-0.52595363,-1.0254829,-1.2605681,-0.8525426,-0.46548788,2.3200683,-1.939641,-0.32660422,2.3458391,2.3974859,2.4207503,2.3929396,2.3319745,2.5079204,1.5319696,2.3983127,1.4383874,1.1772622,2.3101428,2.5015959,2.2910971,-0.43109235,2.4640942,0.38874938,2.7458378,0.4479338,-0.36851993,-0.29242079,1.260768,0.77220811,-0.56527994,1.2423835,2.1215079,0.2470445,-1.095043,-0.99556965,0.44005527,0.48321042,-0.22693748,-1.8018407,-1.3289786,1.8059937,2.7858919,-1.7925795,-2.1065941,-0.42646429,0.83699199,-2.2670883,0.99300893,0.59320049,1.1072185,1.1092062,0.61113455,0.45709593,1.6197287,0.11854385,2.3537903,1.9204787,-0.86533737,-0.06800945,-0.032138122,-2.1173457,-0.0071588993,0.53492218,-1.3125991,-0.021635667,0.89643973,-1.1636281,3.1514176,-2.4478287,2.9739063,-0.10222725,-2.3429042,-2.019537,0.84124738,0.53743889,0.13655412,-1.3251676,-1.6137122,-2.2613929,-0.54482033,-0.30619065,0.0080869591,-0.13304926,0.019548902,0.05047127,-0.87747724,-0.87006262,-0.50455744,-1.696406,0.73894361,1.5278566,3.2799146,0.2736451,0.28801615,1.7368535,-1.479024,1.7033079,0.78960777,-1.0428665,-2.1036998,-0.93323481,-0.87243436,-0.27801404,-2.2341886,-2.0918379,-1.7864446,-1.7513807,-2.2112862,-2.4762475,0.68836668,2.0169335,1.7337918,0.35651236,0.89792019,2.2918009,-1.8614967,2.6654953,1.5767582,-1.008301,-0.75428473,0.59537402,0.76899922,-1.9891125,-0.77967938,-1.1351663,1.2501075,1.7821265,-0.36570354,1.4732898,0.66463949,0.59230458,1.3599499,-1.0186296,2.1797987,-1.1485711,1.6040724,0.57247926,2.2469717,0.29502437,0.33561247,0.077675276,-1.3223181,-0.91327877,0.32725577,-1.3786078,-1.3135641,0.35517471,-0.32289351
0.78440251,2.3211843,2.0914777,2.1530617,1.5839503,1.5733469,2.0155266,2.5048846,1.7220262,2.0848232,2.0521341,1.8832217,2.5440768,-1.4521678,0.9063779,-0.076228278,0.92073784,-1.352941,0.84750331,-1.3406579,-2.1368206,-1.7237939,-1.0056464,-0.11138171,-0.25841998,-0.55568466,0.44930045,1.1950855,3.2234939,1.8413381,-0.28631078,1.0876074,2.3885123,2.0312713,-0.89612589,-1.141776,0.69742054,-1.2478861,-0.86507975,1.4965118,2.1507444,1.285188,0.61660358,1.3357272,-1.2768181,-1.0310497,-0.58718902,-1.0425736,1.2648926,0.08651833,1.494566,-0.17010898,-0.70404252,-1.4531879,0.30920258,-0.89770884,1.4591272,-1.5879242,-1.5136453,2.4882547,2.3197005,2.0504922,1.8063152,2.2191219,1.9673696,1.9465984,2.1152025,0.35658288,1.9890533,2.4222487,2.5546005,1.5095781,0.0083219369,2.7488077,0.75266992,2.977484,0.90423892,0.31183805,0.2626723,1.9936078,1.0570999,0.0671916,1.9094915,2.8170685,0.67627651,-0.32885983,-1.853855,1.1149543,1.5368149,1.0766591,-2.129745,-1.957911,2.5670722,2.2795619,-2.1344348,-2.0803393,0.069596764,-0.029931013,-2.1772349,1.7958967,1.2569296,1.9587489,2.0089573,0.94037278,0.8253349,2.4860089,0.46366445,3.0467399,2.8399131,-0.024778977,0.25075361,0.62325136,-1.3410201,0.56962263,0.79711395,-0.41969983,0.4703352,1.4951098,-1.3094643,2.0753403,-2.157308,3.0178851,0.3551672,-1.737874,-1.0360128,1.6489035,1.519821,0.82849856,-0.56719193,-0.87236032,-1.7190953,0.11463727,-1.6973304,1.0404361,0.49544736,0.60593845,0.77143546,-0.39332509,-0.18343366,-0.2563197,-1.1022812,1.5611717,2.455673,2.9668508,1.2062949,1.0838005,1.2167968,-0.73999976,1.7055914,1.281408,-0.8564422,-2.5519638,0.15185434,0.10938939,-0.32911104,-2.6045393,-1.0151131,-1.3559761,-0.79567683,-1.8789922,-2.0273505,0.062434886,2.3829311,2.343141,-0.33062066,1.4504842,2.7502382,-1.1711185,2.9204642,2.1657943,-0.46952809,-1.402393,1.4693777,1.2616674,-1.4535083,0.50705219,-0.19079223,1.8141702,2.2975276,-0.74186977,2.1037045,0.89125108,1.0701553,1.9443539,-2.031639,1.43511,-0.88757376,2.1981859,0.95129369,2.2456929,0.52345946,-0.15063438,0.69478298,-1.4498502,-0.50645733,0.85652476,-1.2505774,-0.38945059,0.38184835,-0.18054702
1.5162362,1.0669531,1.7186596,2.4635186,2.1980515,2.1147041,2.3839852,1.9906619,2.2418966,2.38293,2.4362156,2.3801517,2.0179261,-0.55698965,-0.46320774,-0.78099792,1.3679594,-1.5107437,0.23435663,-0.74312477,-2.1606025,-1.2201535,-0.22428109,1.0605047,0.29811637,0.33890943,1.7485565,2.0249913,2.91318,2.492454,0.78958408,1.8808427,3.0225212,2.5483044,0.018688257,-0.9255663,1.3780094,-0.65326241,-1.3873499,-0.3722855,2.1689752,1.8237242,0.67112901,2.2132262,-0.6051886,-0.2167803,-0.16694153,-1.5564222,1.9897814,0.45396934,1.8473834,0.30258587,-0.40878639,-0.98271756,1.4917865,-0.76443216,-0.18644592,-1.0099825,-1.6239753,1.7284155,1.4683902,0.8902182,0.71194136,1.4594116,0.44610726,2.3474247,0.94942639,-0.80116529,2.2926899,1.9688005,1.5420929,0.036491293,0.27677685,1.8534656,1.41684,2.3137901,1.6656442,0.75901682,0.80201456,2.5746817,1.2712505,0.72775772,2.4184597,2.8658477,1.2232527,0.25573669,-2.2855101,1.9934836,2.0985616,2.1445837,-1.9562697,-2.1888927,2.7972605,1.026658,-2.0778055,-1.6818525,0.43450816,-0.20110085,-1.530101,2.6698603,2.0885783,2.7830743,2.8983515,1.6026175,1.4869038,3.186803,0.86574179,3.3115102,3.3589958,0.329484,0.51017916,1.3772353,-0.39038325,0.80511296,1.1618284,0.15660189,1.015319,2.1213916,-1.0683251,-0.29740712,-1.270852,1.5379393,0.59764824,-0.68801341,-0.17502706,2.4598308,2.296972,1.8631658,0.2445829,-0.25708952,-0.84615323,0.79803939,-2.4330595,2.0272735,1.3489877,1.5979127,1.6709728,-0.035712857,0.17312227,-0.14528801,-0.1445954,2.4218317,3.1415111,1.6658395,2.318013,2.0793115,0.19830485,-0.20066521,1.1936709,1.5112316,-0.67001795,-2.3628506,1.0279509,0.98593926,-0.51821392,-2.3989227,-0.04560725,-0.43799408,0.15101266,-1.2364697,-0.84584287,-0.56349691,2.3121577,2.716292,-0.61901795,1.9504118,2.6310411,-0.5860257,2.02289,2.6160877,0.41654904,-1.6268351,2.1548246,1.9397736,-0.40820467,1.5775558,0.94228321,2.6074554,2.3272523,-0.98366094,2.4769566,1.4807363,1.8478972,2.632301,-2.24785,0.076759586,-0.6375516,2.5882485,1.3211169,1.5884434,0.32047882,-0.36263731,1.2853863,-0.5567456,-0.056528637,0.89577777,-0.8329164,0.58347747,0.23791184,-0.40917234
2.3093414,-0.69294279,0.96623801,2.1539703,2.4146249,2.3848963,2.1715387,0.50574312,2.4496767,2.2203154,2.2352795,2.323849,0.41028511,0.30897576,-1.53762,-1.4595633,1.6314132,-0.71787902,-0.24622627,-0.18519427,-1.3997482,-0.39419577,0.32519192,1.4303605,0.11124141,1.3862301,2.7527527,2.6761454,1.7743322,2.92124,1.9073337,2.5010632,3.014948,2.6167379,0.79717744,-0.18194892,2.1083471,0.27210185,-1.3708316,-1.7006287,1.0993547,1.2677089,1.5553348,2.0747068,0.37974872,1.1376768,0.30650166,-0.99013765,2.2663963,0.70433278,1.8645677,0.74231722,0.089948125,-0.065072987,1.8707189,0.051792945,-1.5723213,-0.77561554,-1.0793301,0.28196517,0.038435476,-0.5602896,-0.56839049,0.35048341,-1.1749875,1.320085,-0.49732632,-1.6172977,1.4888709,0.93461679,0.10878241,-1.5304315,0.58360861,-0.19236245,2.2871085,0.95791526,2.3944703,1.1648551,1.5186031,2.2850815,2.2741105,1.4500785,1.8710881,1.5553356,1.8858147,0.80100238,-2.1136323,2.632777,2.4010886,2.7702546,-1.5477796,-1.9280219,2.1513115,-0.50210578,-1.7001161,-1.0258521,0.9021716,0.056648264,-0.61696292,3.0973989,2.9198999,3.1194637,3.4402816,2.4990283,2.5045778,3.2714192,1.680384,2.068993,2.7110448,0.71356312,0.86343348,2.3456043,0.21626004,1.3842088,2.0458864,0.49716641,1.7370127,2.7938992,-0.27196019,-2.515315,-0.29242932,-0.85565485,0.95918929,-0.046083359,0.56985889,3.2094171,2.5714721,2.5327832,1.2372184,0.44297771,-0.21287344,1.7116512,-1.9683707,2.5912207,2.3112456,2.4015471,2.3628154,0.69069966,0.61368049,0.27100443,1.3609625,3.1905156,3.3227358,-0.01195477,3.235695,3.0226409,-0.66266536,0.21745014,0.35550743,0.89274183,-0.34656719,-1.7572922,1.8424125,1.7724646,-0.70731679,-1.8017777,0.56650236,0.39852761,1.0202071,-0.43435893,0.2818848,-0.68862339,1.6492726,2.5670603,-0.78535351,2.2482218,1.8581406,-0.34315795,0.4036757,2.5922162,1.389022,-1.4167713,2.4217684,2.4120955,0.69181344,2.1995914,1.8412636,2.0317719,1.38655,-0.96438499,2.306246,1.8073854,2.4272797,2.8643823,-1.897571,-1.2090566,-0.42411329,2.4881933,1.6478197,0.21809935,-0.2370258,-0.30478996,1.8689994,0.60313505,0.31332574,0.67655021,-0.27017234,1.3644668,0.21032617,-0.61239485
2.7893849,-2.0818259,-0.56264502,0.86093632,1.757298,1.9185642,1.4420882,-1.1605861,1.7295614,1.3514056,0.98925851,1.3232778,-1.1312196,1.1259798,-1.8955648,-1.76712,0.72826202,0.5606028,-0.72680917,0.055915192,-0.52904479,0.3885641,0.78802231,1.5329937,0.047003141,2.3414264,3.16652,3.0181504,-0.030443621,2.975273,2.7862181,2.9624497,2.1748178,1.6894996,1.5281955,0.72814915,2.2919155,1.108888,-0.63317558,-1.5357234,-0.48603342,-0.50540611,1.7455343,1.0551138,1.3987743,2.2122285,0.92964158,-0.23451124,1.7123975,1.213403,1.5367396,0.81124558,0.80584514,0.87750867,0.75895123,0.93337041,-1.4365276,-0.74879984,-0.63142179,-1.1763149,-1.0814152,-1.4624527,-1.476425,-0.83059606,-1.6745806,-0.10959077,-1.4412299,-1.9083132,-0.71296132,-0.28646234,-1.3135587,-2.0325008,1.1537836,-2.2201803,3.0539831,-0.77893683,2.6576645,1.9355544,2.3196119,0.70202195,1.7238831,2.2812767,-0.010540992,-0.64400585,2.4928677,1.6201932,-1.5386759,2.7187036,2.0970951,2.7157726,-0.87953615,-1.4447264,0.6478168,-1.7157855,-1.1564895,-0.23424237,1.6677368,0.45344681,0.45288634,2.2561325,3.2313631,2.2223995,2.5222933,3.2042348,3.2646255,2.4714563,2.5722113,-0.23916613,0.7100541,1.3465464,1.7817101,3.0139658,0.60230411,2.2555965,2.8735366,0.89514275,2.3825125,2.1387542,0.44858155,-2.8188829,0.21893496,-2.9300897,1.670934,0.22917846,1.2912406,3.2784956,2.0541417,2.504896,2.1483746,1.27493,0.32909697,2.3972368,-1.2022258,2.6621111,2.8079095,2.7533239,2.4817486,1.6841133,1.4995918,1.0822263,2.5496081,3.3451767,2.5589812,-1.338601,3.4228758,3.4948491,-0.73034153,0.45843232,-0.74792981,-0.68395404,0.047354349,-0.87141277,2.4327364,2.452367,-0.96424182,-0.81326834,1.1954761,0.95539168,1.8302357,0.39861324,0.97937257,-0.55619283,0.51064264,1.6107304,-0.99176397,1.9844557,0.51891818,-0.19210605,-1.2332027,1.7179313,2.1082377,-0.94226631,2.0836888,2.1069403,1.1304091,2.2320255,2.1647908,0.60617429,-0.2220438,-0.86758614,1.4091131,1.8435315,3.0643006,2.2798613,-1.1153981,-1.8925174,-0.21067497,1.6705591,1.8751583,-1.0048286,-0.66433189,0.28956183,2.3870056,1.5960301,0.59947785,0.29981631,0.4037861,1.9137989,0.16261337,-0.61239485
2.6093534,-2.4999636,-1.5992859,-0.86192202,0.2161532,0.5524431,0.21186792,-2.2184131,0.22122361,0.014569894,-0.73842148,-0.20094772,-2.1829763,1.8414855,-1.2812473,-1.4303481,-1.0312699,1.7416788,-0.76851877,0.29702466,0.28043097,1.2219275,1.1761072,1.7191148,0.15512088,2.9724457,3.1754131,2.7937705,-1.8369079,2.1836221,3.0922446,3.0173637,0.37293561,-0.67195293,2.4104535,1.5851807,1.4142886,1.9693827,0.43941714,-0.36369591,-1.4880576,-1.7669175,0.73041636,-0.5852422,2.0009049,2.0871431,1.6554935,0.48137581,0.42532408,1.8916786,0.75761245,1.8107302,1.6402947,1.7156399,-1.0101071,1.6964061,-0.63324341,-0.79811034,-0.91274273,-1.8706819,-1.4995786,-1.3746693,-1.7973471,-1.6812409,-1.4130693,-1.4946303,-1.5433444,-1.7899255,-1.5201073,-1.1123687,-1.8944941,-1.7372305,1.9706164,-2.7744144,2.7148658,-2.2042216,1.8017249,2.2451185,2.4877225,-1.3734837,0.0067603665,2.5779978,-1.9420922,-2.3649759,2.1118523,2.3607126,-0.92460727,1.9234771,1.6651402,1.8050994,0.09822853,-0.67069972,-1.0932606,-2.2448054,-0.46011189,0.41208694,2.2676448,0.578894,1.5373463,0.048574723,2.4011161,0.1966028,0.16062837,2.0885681,3.1370464,0.88832383,3.3180393,-2.4613983,-1.5969772,2.1961997,2.6642993,2.9054236,1.3299686,3.1336143,3.6552735,1.8132448,2.750449,0.53997027,0.18342226,-1.215858,0.59955056,-3.5530941,2.4422087,0.44207216,2.071494,1.8544248,0.71316023,1.2723713,2.6829014,2.2090316,1.2920574,2.4074324,-0.57873042,1.8048796,2.536907,2.1367681,1.8320255,2.4771347,2.4719429,2.2948156,2.88829,2.2816712,1.1496506,-2.0070904,2.2851957,2.6455687,-0.33326066,0.4803154,-0.89714212,-0.41780614,0.37131623,0.046910347,2.5975096,2.7472609,-1.2318056,0.064503692,1.8858834,1.0020605,2.5163526,1.3033931,1.6768603,-0.38796567,-0.72351446,0.38355712,-0.90238996,1.0829155,-0.91428213,-0.08992389,-2.0696306,0.17936033,2.6460814,-0.20332737,1.1552369,0.61643021,1.2255911,1.6301203,1.7431861,-1.4589796,-1.6659736,-0.73943232,0.055246134,0.23290981,2.6604383,0.88052346,-0.21604035,-1.3967768,-0.20028505,0.4366815,1.0675464,-1.7891362,-0.82252642,0.11644969,2.3857924,1.6980686,0.86247682,-0.20656737,0.78733899,1.920685,-0.0047089315,-0.59432838
1.5784951,-2.0619136,-1.8089599,-2.1920085,-1.6017763,-1.0922077,-1.1683924,-2.408108,-1.3686762,-1.3818291,-2.0628091,-1.447087,-2.3435364,1.693141,-0.70094193,-0.52238404,-2.3845384,1.7500489,-0.77104324,0.52509822,1.0453776,1.8017485,1.4638728,0.016117992,0.52581027,3.2270272,2.0877594,1.5716106,-2.4419877,0.45155348,3.0454018,2.3142518,-1.6508256,-2.3541598,2.9090457,1.9280123,-0.37454353,2.4460413,1.3992707,0.58948034,-1.1387964,-1.4479612,-1.7449094,-1.7543664,1.8956157,1.0974729,2.3431435,0.50779027,-1.0052439,1.5157863,-0.26971877,1.9254893,2.4500137,2.0587148,-1.9558366,1.6472366,-0.14745692,-0.47901346,-1.2144455,-1.6475891,-1.5382016,-1.1292368,-1.5594621,-1.9728274,-1.1964677,-1.4575005,-1.1403812,-1.4193205,-1.3860112,-1.5428644,-1.569013,-1.0331449,2.1595523,-1.7566024,1.0711464,-2.7300232,-0.13070171,2.0820188,1.5956957,-2.6180525,-2.5685547,1.7527898,-2.5821293,-2.7042287,0.56684329,2.8499712,-0.17765157,0.040152216,1.1020251,0.19445151,1.1077397,0.17864661,-2.2217148,-2.046886,0.40516884,1.1088394,2.7446119,0.33151357,2.2569036,-2.2595878,0.50107811,-2.2293906,-2.4945623,-0.36563079,1.4310421,-0.84841152,2.721133,-3.3518164,-2.8033488,2.9744203,2.8217525,1.7090952,2.1389833,3.1599301,1.7400838,2.7123192,2.678702,-1.8556025,-0.081737033,0.24822408,1.2869946,-2.0183579,2.784698,1.0746071,2.8796012,-0.54820397,-0.63933413,-0.56328161,2.4529049,2.80288,2.1266346,1.6016783,-0.22857624,0.25817003,0.95588477,0.32665975,0.43581787,2.443219,3.1931351,3.2439846,2.2221768,0.56797518,-0.60945014,-2.1284012,0.36667149,0.92484058,0.063493175,1.2262673,-0.21230503,0.39696226,0.39445158,0.85864802,2.1266657,2.365501,-1.5214238,0.81616524,2.4469863,0.47446479,2.5805752,2.113685,2.0804481,-0.065813093,-1.6316028,-0.78887187,-0.61595339,-0.018247798,-1.8096531,-0.08992389,-1.8782759,-1.3925198,2.5565039,0.62529182,-0.13107657,-1.167736,1.2984068,0.43099303,0.6654088,-2.2099829,-1.7068064,-0.7637768,-1.1581549,-1.4676256,1.3022931,-0.7614899,0.33461697,-0.41644192,-0.27221205,-0.8763515,-0.4927568,-1.9857391,-0.60135964,-0.32821724,1.4902768,0.72828701,0.90154942,-0.51869867,0.84604338,1.0817892,-0.20485398,-0.025234542
0.034107442,-1.4417914,-1.7302079,-2.6063054,-2.389889,-2.2292594,-2.003176,-1.7339907,-2.4204396,-2.3602333,-2.5722076,-2.0811149,-1.879383,0.60260675,-0.16403593,0.17689093,-0.64239934,0.90397059,-0.47254623,0.74718231,1.5630818,1.5482232,1.3876098,-1.2577395,0.53980356,2.6356999,0.2275546,-0.23486371,-1.8354813,-1.4715647,2.6359945,0.84128457,-2.471861,-2.1210166,3.1598378,1.5001371,-1.9420984,2.1765439,1.8233802,0.47464658,-0.28837422,0.17748117,-2.2669943,-1.5030289,0.79930122,-0.63398142,2.2297546,0.084852938,-1.4881844,-0.86516107,-1.341373,0.76255583,2.5545858,1.5853215,-1.274188,0.80249624,-0.1644192,0.24386539,-1.3412406,-1.1148652,-1.514746,-1.1699,-1.2121947,-1.8064722,-1.155522,-1.0939245,-1.0573039,-1.1491326,-0.80103999,-1.5426257,-0.95634096,-0.70974779,0.89036566,-0.74278524,-1.3927518,-2.3001151,-2.1451026,-0.15455366,-0.23638496,-2.3013513,-1.541207,-0.11322,-1.8893247,-1.4762062,-1.3671383,2.6009687,0.40400713,-1.8021125,-0.042348621,-1.4979972,2.0040115,1.0717099,-2.1591492,-1.4703196,1.2433616,1.9531379,2.4504062,-0.12248262,2.6285303,-3.0501751,-1.5493048,-3.176931,-3.6952934,-2.8545795,-0.96419204,-2.0131096,0.67378603,-2.2247105,-2.2755224,2.8800464,1.3819085,-0.31840032,2.8628322,1.5335431,-0.4792801,3.535487,0.84822134,-2.1250925,-1.0406967,0.55541616,2.0896404,0.34293705,1.5370185,2.0104899,3.3861845,-2.906418,-1.57901,-1.9229291,1.3145002,2.599599,2.6456866,0.12175945,0.27232142,-1.1035284,-1.203977,-1.5335599,-1.0402399,1.3061073,3.2633212,3.5715343,0.7180721,-1.4908921,-2.0082434,-1.8248044,-1.755594,-0.97344234,-0.16212487,2.1672184,0.40893868,0.50676622,0.41758693,1.6358432,1.0963727,1.4483902,-1.8232298,1.5617207,2.4908711,-0.035593685,2.1646799,2.6697913,2.3490008,0.25633949,-2.0779745,-1.7524211,-0.28142907,-1.0237085,-2.058771,-0.29428822,-1.1922878,-2.1525594,1.1417339,1.4419596,-1.0833203,-1.9792184,1.0750714,-0.78651053,-0.67308372,-1.707959,-1.0132767,-0.89259267,-1.6379299,-2.2497276,-0.49970054,-1.762613,0.50344195,0.15154581,-0.37090225,-1.7876709,-1.5710051,-1.6315939,-0.23953739,-0.78709018,0.17546523,-0.51755455,-0.055639857,-0.59380218,0.72385616,-0.10602619,-0.30061799,0.54385929
-1.4399973,-0.43230539,-1.2497195,-1.939411,-1.9902472,-2.3533511,-2.1157761,-1.136356,-2.43748,-2.604236,-2.0664833,-1.985808,-1.4379661,-0.90537848,0.26282372,0.59738453,0.35425654,-0.6594388,-0.084383256,0.84659524,1.4472277,0.40663412,-0.33783261,-1.4758889,0.42029678,1.2793256,-1.5481961,-1.7789499,-1.3105005,-2.8282105,1.4782388,-0.82349633,-1.7056988,-1.0827035,2.7867477,0.308636,-2.0433625,0.94811867,1.5217292,-0.45227688,0.00036491174,-0.22854828,-1.3041014,-0.83282226,-0.93828694,-1.7580803,0.94246554,-0.17481049,-0.98172471,-1.7131258,-1.5733035,-1.2548593,1.6189148,0.22380423,-0.24373082,-0.58595533,-0.46281872,1.002601,-1.0610331,-0.90184227,-1.8411017,-1.7310707,-1.0736991,-1.5037233,-1.1734067,-0.8190341,-1.3922003,-0.98771531,-1.436226,-1.5404259,-0.72725154,-0.853273,-1.0830191,-0.51414535,-3.1580224,-1.4417278,-2.8265232,-2.1841124,-1.9649278,-0.99904744,-0.22543827,-1.9360745,-0.75308348,-0.61462969,-2.6202245,1.4140199,1.0992278,-2.711347,-1.0959608,-2.4929116,2.4172209,1.9757315,-1.5303554,-0.86459594,2.0257661,2.626535,1.0079773,-0.62184958,2.3212955,-1.8944467,-2.4528176,-2.0285253,-2.3717549,-3.6711346,-2.7371367,-2.2937844,-1.9014584,-0.31237203,-1.0475838,1.4659712,-1.1356775,-2.0102076,2.8773916,-0.96829123,-2.3104263,3.0179422,-0.8319205,-1.0041441,-2.2534858,-0.36924164,3.0503444,1.4064484,-0.58491596,2.9193279,2.7610191,-3.6682529,-1.9871771,-1.5966464,-0.26847712,1.4297016,2.5429869,-1.287412,1.0657984,-1.7488089,-2.5128777,-2.3535075,-2.0103996,-0.59705681,2.2440097,2.820552,-0.94870294,-2.8136368,-2.2582937,-1.6769981,-2.791775,-2.3106193,-0.93135519,2.122227,0.58677243,-0.71994283,0.24218127,2.264474,-0.24598467,0.18753225,-1.917064,2.368798,2.177862,-0.22613297,1.1663438,2.7859921,2.2668532,-0.022189414,-1.9820627,-2.2503902,0.10080622,-1.6457984,-1.6852835,-0.65858985,-1.016056,-1.8786764,-0.60557671,2.1327421,-1.714721,-1.5978598,0.61656219,-1.3789587,-1.6475134,-0.32609931,-0.66486753,-0.91003049,-1.5596736,-1.6839984,-2.1024447,-2.20773,0.32500084,0.075175314,-0.58199788,-2.1139894,-2.3201855,-1.2362277,-0.080332721,-0.74838815,-1.3638518,-1.4223598,-1.1764712,-0.64370885,0.4655085,-0.8753407,-0.32636427,0.35605278
-2.3688974,0.02827079,-0.88785405,-1.1058654,-1.2146527,-1.6887103,-1.8694138,-0.31984377,-1.741983,-2.119029,-1.2855644,-1.8760338,-0.3387856,-1.7206102,0.53940818,0.6355849,0.33542501,-1.4379106,0.11805302,0.59551912,1.3313735,-1.1372529,-1.8414189,0.16952858,0.22346608,-0.26582523,-2.5955914,-2.2219241,-0.68906998,-3.0240111,0.082114664,-1.9002864,-0.96424786,-0.45182312,1.650834,-1.0078062,-1.1135268,-0.67380936,0.65359378,-1.6865382,-0.31225398,-0.49525425,-0.0060382492,-0.26425129,-1.9088484,-1.7044338,-0.70005699,-0.52361719,-0.31937606,-1.195114,-1.4895938,-1.6841075,-0.25772178,-1.3464292,0.30698379,-1.2851184,-0.27028091,1.6254929,-0.66867158,-0.92436432,-1.5753668,-1.523446,-0.99267151,-1.2863506,-0.87848829,-1.3626867,-1.4314953,-0.73217049,-1.5964094,-1.7293378,-0.8602154,-1.1090323,-2.477924,-0.92431324,-3.2117944,-0.55374611,-2.2558654,-2.7878079,-2.4488563,-0.13681077,0.5768029,-2.4649766,0.087162145,-0.74191027,-2.293808,0.011721838,1.957168,-2.2170675,-1.6563474,-2.4958295,2.4547151,2.7095223,-0.82380002,-0.27730719,2.6548359,2.7507508,-0.89064119,-0.91855119,1.6918209,-0.30855127,-1.7268544,0.12526671,0.24236313,-2.2421281,-2.7944692,-1.9470746,-3.3073468,0.63287108,-0.37618605,-0.75030917,-3.0831984,-2.3588287,1.6141068,-2.9594755,-2.6646254,0.93250353,-1.8480657,-0.2839125,-2.9412429,-0.79221722,3.0244308,0.9240374,-2.4823165,3.210381,1.1379754,-2.0931244,-1.7151335,-0.83169975,-1.4341136,-0.22890463,1.2952356,-2.1117564,1.9928158,-1.8024578,-2.1132641,-1.8059325,-2.2165887,-2.016448,0.45609955,1.0041012,-1.9805388,-2.9927658,-1.779974,-1.6433847,-1.9348037,-2.5517359,-1.3605844,-0.34925605,-0.20158768,-1.491543,-0.011595836,2.6157463,-1.5141458,-1.1043097,-1.7280564,2.7335712,0.28857117,-0.25930805,-0.29508296,2.2199329,1.1827053,-0.53782943,-1.5171277,-2.0336733,0.70280137,-1.7077996,-0.88086438,-0.67191796,-1.5354906,-1.1919418,-1.7882927,2.5398628,-1.883183,-0.87123576,0.095808512,-1.5110105,-1.982305,0.19850755,-0.8312526,-0.63567174,-1.4119765,-0.0699562,-2.8085881,-1.8791471,0.0046698145,-0.9245732,-0.79309351,-1.9884416,-1.4359357,-0.87623667,-0.094720457,-0.50633431,-2.40357,-1.6062852,-0.035647532,-0.55452443,-0.029322375,-0.8480483,-0.26742056,0.13040126
-2.5330687,-0.04379113,-0.66374435,-0.15368579,-0.42011893,-1.0404266,-1.2264245,-0.096042106,-1.0669216,-1.2704042,-0.33180504,-1.772408,0.095659757,-0.66201624,0.70076034,1.5333641,-0.5451549,-0.73272994,0.20807577,0.344443,0.44461783,-1.5556533,-1.4625675,1.0907744,0.045638554,-1.532834,-2.2261527,-1.6678959,-1.1150418,-2.2110908,-1.2806834,-1.7597432,-0.75623268,-2.2666248,0.11963458,-1.2714281,-0.086470757,-1.4766084,-0.49720966,-1.3061972,-0.78531402,-0.13408703,0.4930192,-0.074269743,-1.2017541,-0.93936321,-1.7224093,-0.64353796,-0.14285443,-0.25659397,-1.3384946,-0.62301277,-1.7396386,-1.833906,0.02425737,-0.99219294,0.10712081,1.9604684,-0.20969598,-0.89978872,-1.085134,-1.0893466,-0.99441962,-1.1188827,-0.40336657,-1.686239,-1.1804633,-0.42823207,-1.179082,-1.5420823,-1.2654898,-1.3143994,-1.8896686,-0.54338816,-2.0909898,-0.11005284,-1.1431004,-1.9653148,-1.7103942,0.24358503,-0.71806112,-1.7159034,0.60343676,-1.1719015,-1.2807727,-1.1853652,2.7167531,-0.9425838,-1.743882,-1.8593639,1.9916564,3.001589,-0.46356473,0.012223055,2.8188804,2.1462997,-2.4690797,-1.0223339,0.61679678,0.33130094,-0.15829509,1.7563018,1.5871263,-0.37900549,-1.5058505,-1.0413824,-2.2382315,0.28214518,-0.60338588,-2.2297721,-2.7162926,-1.7038871,-0.33710364,-2.7781067,-1.6157247,-1.685554,-2.4967266,-0.16368245,-2.8175872,-0.37866669,1.704095,-0.62393082,-2.8501685,1.7471532,-0.56976421,-0.30756087,-1.445337,-0.51000986,-1.9838745,-1.525457,-0.42498353,-2.038979,2.6698367,-1.551945,-0.91446035,-1.1552482,-1.8110579,-2.2022485,-1.3267971,-1.054496,-2.1254697,-2.5272512,-1.133443,-1.1468411,-0.44804633,-2.0406628,-1.2966863,-1.5297221,-1.2918294,-1.4870588,-0.28992247,2.5213647,-2.3098681,-2.0272467,-1.4254409,2.5257133,-1.3695204,-0.19227184,-1.8325168,1.0578972,0.098557439,-0.94442931,-1.2717915,-2.0069677,1.2379723,-1.4341992,-0.44423692,-0.4501731,-1.8917915,-0.73933674,-2.0532077,2.4442227,-1.7250406,-0.52037811,-0.39436215,-1.3166983,-1.7743558,-0.66971811,-1.1317923,-0.054737063,-1.2393973,-0.07282023,-2.6004395,-1.7196347,-0.3114834,-1.9245749,-0.81652393,-1.4925286,-0.68317415,-0.52967364,-0.079597368,-0.67168764,-2.2403906,-1.3433689,0.3370077,-0.1881517,-0.45816975,-0.27014762,-0.04180517,-0.09872701
-1.9865547,-0.48999749,-0.37703483,0.20497992,0.051119982,-0.35835307,-0.47542131,-0.16597106,-0.21015786,-0.55132766,0.23428918,-1.0839704,-0.036611581,0.050098874,1.7800184,1.8220383,-0.073811805,-0.042766172,0.076237009,0.02625272,-0.45590393,-0.52327701,0.47250236,0.61827743,-0.26878314,-2.256303,-1.5797419,-0.92244972,-0.71475771,-1.0623306,-2.3142473,-1.3093578,-1.720692,-2.0815379,-1.3546995,-0.68409505,0.43747704,-1.1791107,-1.0220706,-0.24935684,-0.54881371,0.57597233,0.81972813,-0.21197194,-0.26863207,-0.0052250802,-1.4141049,-0.60141746,-0.45055295,-0.41892366,-0.93549578,0.022169609,-1.8948624,-1.3709864,-0.17238887,-0.57634717,0.10563401,1.9796379,0.33409914,-0.78063852,-0.76890932,-0.61369604,-0.88929164,-0.94400549,0.16756104,-1.1919317,-0.66640871,0.12984133,-0.43452706,-1.3971281,-1.2590342,-1.0321003,-0.88238226,0.17604816,-0.7314248,-0.24187938,-0.37131768,-0.38739455,-0.81581845,0.1252859,-0.57787678,-0.575101,0.15513461,-1.0665131,-0.31496427,-1.9167735,3.01367,-0.27061512,-1.567845,-0.78012488,1.3191117,2.6076672,-0.34177063,-0.023520262,2.6221683,0.8239462,-3.0127588,-1.0535056,-0.54763813,0.044883399,0.57479907,1.3875923,0.67039488,0.62315435,-0.72860201,-0.72351872,-0.57042525,-1.2029081,-1.169181,-2.5431118,-0.96060732,-0.77412942,-2.0142762,-0.83114737,-0.38287981,-3.4501323,-1.3413732,-0.41848793,-2.6493358,-0.11520476,-0.45817656,-1.4665143,-1.5061549,-0.60126612,-1.7148247,0.51081692,-1.2031499,-1.0913236,-1.9200994,-2.1935496,-1.7795447,-1.329354,2.6458449,-1.2853515,-0.70981027,-0.91355701,-1.2097605,-1.4425298,-2.3788737,-2.5804575,-1.6821174,-1.6519555,-0.89260846,-0.7544267,0.22180673,-1.3680124,-0.93491357,-0.8730743,-1.8023116,-0.77270984,-0.64378611,1.8685297,-2.2665419,-2.3190927,-0.6778612,1.6753598,-1.8926337,-0.22124843,-2.7550678,-0.38093035,-0.82142095,-1.0155211,-0.93275137,-1.7086554,1.5992333,-1.2528851,-0.28905122,0.15592949,-1.3966496,-1.0239737,-1.7560493,1.5055429,-1.6841739,-0.20244792,-0.58170973,-1.0113229,-1.2605705,-0.56603045,-0.27222262,0.75714633,-0.92180429,-0.098092384,-1.811425,-1.9913056,-0.53564444,-1.7726639,-0.74880269,-0.83911866,-0.12128269,-0.32819994,0.20181193,-0.64804423,-1.6156693,-0.99184033,-0.47092276,0.12017371,-0.52795489,-0.38175175,0.26389842,-0.32836099
-1.141447,-0.84626759,-0.029566675,0.031890804,0.35429598,-0.026482267,-0.15484101,-0.68642627,-0.030646862,-0.20039597,-0.094815551,-0.25373126,-0.53659765,0.24600927,1.8962118,1.0737725,0.99113449,0.14303965,-0.30041445,-0.30536039,-0.80599016,0.20090378,0.89139685,-0.61564891,-0.29014192,-2.2489303,-0.90721167,-0.35959559,-0.020975233,0.091437706,-2.5032334,-1.1199478,-1.5893084,-0.4306954,-2.3767076,-0.10942737,0.36682859,-0.61235288,-0.91093841,0.027092678,-0.01674422,0.24148008,0.021302376,0.1027631,0.3376294,0.54053477,-0.40708851,-0.7140535,-0.59331347,-0.58541735,-0.47897364,0.10738931,-1.004193,-0.66764569,-0.17219326,-0.41616413,-0.4494951,1.9179275,0.77457534,-0.76572071,-0.63668897,-0.52001573,-0.41628312,-0.74177568,0.48716019,-0.85993609,-0.51995453,0.95591117,-0.43452706,-1.1149067,-1.1508588,-0.53484825,-0.11082223,0.22768116,-0.19806813,-0.57198772,0.11979185,-0.38739455,-0.55246935,-0.021737854,-0.07857476,0.10894409,-0.38517073,-0.45138627,-0.24221585,-1.9994741,2.5362043,-0.38566713,-1.3971175,0.0053624865,0.22798679,1.227782,-0.31650468,-0.26851575,2.0114139,-0.84630358,-2.5192112,-1.2974509,-1.5610238,-0.22463709,-0.17781361,-0.78577836,-1.4935607,0.7775373,-0.79318814,-0.83320351,-0.053811011,-1.6115058,-0.92013954,-1.7854876,0.3600117,-0.15563199,-2.6726722,0.62082785,0.60139804,-3.1497284,-0.29120338,-0.11906534,-1.6932256,-0.35648696,-2.2754883,-0.71578254,-0.1990046,-2.9067999,-1.9106987,0.043860292,-0.43403067,-1.360508,-1.5514913,-2.0837988,-2.2593259,-0.49855928,1.4624148,-1.3841015,-1.2542626,-1.0931632,-0.49901487,-0.61137508,-2.1607158,-2.8274091,-0.99331689,-0.96816504,-1.4527497,-0.5884393,-0.69150524,-0.85576289,-0.36603953,0.26592916,-1.4904413,0.53440135,-0.99764976,0.59877611,-1.7959671,-2.0546656,0.069718519,0.31067965,-2.2085651,-0.38555303,-2.814634,-1.7240303,-1.7085654,-1.0866129,-0.52624584,-1.1052501,1.7346115,-0.94212309,-0.31813547,0.77470715,-0.62992609,-1.7772106,-1.4797775,0.057383396,-1.7281122,0.1643287,-0.6578138,-0.97554333,-0.77737315,-0.22976066,0.20420433,1.3884529,-0.57714978,0.14600354,-1.2465394,-1.5714191,-0.56879823,-0.93833824,-0.6354727,-0.60646476,0.04838133,-0.31633143,0.85499523,-0.47387408,-0.64418493,-0.80353306,-0.71816108,0.1797388,-0.52437646,-0.89182776,0.21662857,0.22194944
-0.46807983,-0.07717649,-0.0020959207,-0.4571224,0.18585166,-0.10598684,-0.12565863,-0.77709662,-0.22430258,-0.30758519,-0.55465181,0.14287653,-0.89819012,-0.68656422,0.63229653,-1.4624635,1.0938602,-0.66932709,-0.41312513,-0.50187186,-0.90202922,0.24520067,-0.36878184,-1.5149927,-0.0017983534,-1.6599001,-0.88575894,-0.38346795,0.073001591,0.53209083,-2.3787867,-2.0316223,-0.13751499,1.5367796,-2.7064821,-8.104765e-05,0.12602019,-0.36802949,-0.69890014,-0.06662842,-0.016748384,-0.84917663,-0.61502902,0.30219081,-0.36789511,0.36748363,-0.11660829,-0.82251645,-0.20172922,-0.11442979,-0.01727406,-0.17576001,-0.23261224,-0.1570848,-0.39377243,-0.60005802,-1.0000418,1.5345111,1.3195213,-0.78726441,-0.46356204,-0.56345439,0.43736091,-0.15246719,1.165709,-0.56561885,-0.46182359,1.6078548,-0.57052292,-0.68818721,-0.95469175,0.31830481,-0.063806939,-0.35574509,-0.22070367,-0.87476358,0.36306974,-0.19899686,-0.94375345,-0.57301677,0.35119942,-0.3683126,-0.82332699,-0.47107668,-0.57105958,-1.8644591,1.252372,-0.98221607,-1.150563,0.19412993,-0.8973096,-0.53397325,-0.37810463,-0.56736413,0.92363502,-2.2079206,-1.5964137,-1.7351274,-2.126374,-0.18391009,-1.7336285,-2.6007169,-2.5506326,0.59190591,-1.1103246,-0.88554132,-1.0459243,-0.96270509,-0.54474503,-1.1055919,0.83191229,-0.16145929,-2.1558286,0.73935181,0.016218865,-1.8084369,0.18045649,-0.1660353,-0.73711536,-0.91563249,-2.6115283,0.30420438,0.42029761,-3.0607538,-1.3450656,-0.92274685,0.18132839,-0.080323234,-1.2970717,-1.7224135,-1.985578,0.195233,-0.32180367,-1.1863645,-1.3604576,-0.044574309,0.13724358,-0.18028409,-1.0545547,-2.1762172,-0.46260919,-0.47384758,-1.7765797,-0.5821848,-1.9979251,-0.62294139,-0.080948739,-0.51057475,-0.58086136,0.6868079,-1.706533,-0.83501569,-1.1969231,-1.7050759,0.75203379,-1.2300271,-1.3849963,-0.51521803,-2.3160188,-2.4529938,-2.0418405,-0.84303913,-0.28201802,-0.6524846,1.6283089,-0.59157661,-0.50034585,1.3476226,-0.020401176,-1.7874242,-1.6744109,-1.1500302,-1.3282534,0.20224305,-0.85034329,-0.95396694,-0.5082968,0.20782078,0.16470952,2.0584208,-0.42570397,0.21914582,-0.49284401,-0.96534493,-0.59389809,-0.30735671,-0.27129465,-0.47401605,0.037017308,-0.44815147,1.5088057,0.019330735,0.15439881,-0.74264674,0.25983102,0.18393635,-0.47415325,-1.4112174,-0.14087225,0.9750454
-0.11606401,0.79763647,-0.23408252,-1.0439911,-0.25349766,-0.42713349,-0.25664364,-0.062651999,-0.67738066,-0.63615693,-1.0295302,-0.034000275,-0.36461277,-0.30497901,-1.8488991,-2.2005283,-0.16145529,-1.0329128,0.015242783,-0.50187186,-0.70318229,-0.71308911,-0.8900588,0.035678147,-0.17266862,-0.99792334,-0.58294836,-0.77502691,-0.33808576,-0.027215986,-2.0123442,-2.9103261,0.32184505,0.35660312,-2.357737,-0.70074456,-0.35635736,-0.73896802,-0.54248541,-0.88305099,-0.50586104,-1.0719448,-0.48372576,0.050058449,-0.42854986,0.040284462,-0.14823172,-1.1742999,0.22103576,0.10001043,-0.1700165,-0.45890932,-0.064569369,-0.015910209,-1.0102648,-0.47809344,-0.70192266,0.8881317,2.0924977,-0.61432633,0.18431957,-0.091637362,1.2419635,0.74667769,2.1082176,-0.28411888,-0.13285057,2.1374239,-0.22343786,-0.34011466,-0.71825941,1.1398821,-0.20495155,-1.1927555,-0.11858913,-0.88318531,0.019593147,0.26343383,-1.0053408,-1.0406975,-0.51977854,-0.81071438,-0.22338996,-0.76362587,-0.95161128,-1.8127024,-0.31902855,-0.78448442,-0.79371469,0.033068227,-2.0281631,-1.9757536,-0.53016746,-1.0272494,-0.19306128,-2.8046408,-0.94315254,-1.9155379,-2.0609519,-0.10769684,-2.6085801,-3.0440161,-1.3689983,0.25939534,-1.0364337,-0.81124708,-1.7366975,-0.5545574,-0.36592996,-0.89862809,0.31657,-0.29683835,-1.0463316,-1.1306483,-0.49562022,-0.33053607,0.50552297,-0.43782611,0.027882629,-0.40401085,-1.7701378,0.83052022,0.34532167,-1.3848064,-0.70430368,-0.73710343,0.60134173,0.66476288,-0.7313263,-1.6505294,-1.3140723,0.37079264,-1.946711,-0.35347011,0.12125333,0.61824851,0.38738842,0.2864243,-0.088821069,-1.2352861,-0.25968923,-0.28192769,-1.2586112,-0.86240727,-1.5872759,-0.58668853,0.38167917,-1.7927346,0.12163027,0.47550817,-2.5193244,-1.9852112,-0.71855032,-1.503725,1.4332238,-2.4171281,-0.65767952,-0.61780393,-1.561344,-2.3043616,-1.5694872,-0.50736808,-0.2673696,-0.42715715,1.293017,-0.50291242,-0.74129242,1.6792114,0.040599793,-1.1990864,-0.82316944,-2.0708015,-0.76820133,-0.32455029,-1.0163596,-0.82554953,-0.46107748,-0.49920108,-0.49698641,2.4839206,-0.36672507,0.18794006,-0.086333127,-0.29362982,-0.74073541,-0.035293346,0.092883398,-0.45336058,-0.070027021,-0.67804768,1.9224659,0.61188021,0.080107875,-0.63093193,1.0471947,0.073313387,-0.32172898,-1.3341042,-0.38922505,1.5801741
-0.20137732,1.7093608,0.025935422,-0.68697567,-1.1914461,-0.92946016,-0.59048609,0.96440038,-0.87042398,-0.61541646,-0.69648852,-0.72810843,0.70392577,0.54797394,-2.1125986,-1.4446092,-1.2791346,0.12327572,0.50905392,-0.50187186,-0.03519856,-0.35199899,-0.21157018,1.0946071,-0.090793283,-0.42839002,0.16366755,-0.71432615,-1.5884139,-0.9726583,-1.43974,-1.9777161,0.13686806,-1.0182711,-1.3852663,-0.92014916,-0.90308681,-1.0469642,-0.4126294,-1.076162,-0.97486859,-0.30438327,0.3451261,-0.63044336,-0.021247057,-0.54322353,-0.54007449,-1.2664702,-0.043468847,-0.019671106,-0.25562241,-0.28572091,-0.60120519,0.24701099,-1.1457743,0.034348252,0.31255024,0.22992277,2.3333194,0.12055869,1.1497028,0.93116222,2.0257026,1.3983786,2.2544089,0.24903956,0.6828142,2.4175644,0.63479224,0.4697558,-0.26544326,1.8576992,-0.4911754,-0.9155166,-0.31737799,-0.44324119,-0.69893982,0.11721479,-0.59086649,-1.2064769,-0.96759075,-1.0059524,0.6471914,-0.90277449,-0.69200495,-1.5005424,-1.4203308,0.16633814,-0.64654633,-0.33298713,-2.1444267,-2.7250538,-0.8687959,-1.3353197,-1.2678086,-2.4651441,-0.24114083,-1.448003,-1.7191448,-0.57642446,-1.8732307,-1.4047007,0.19243594,-0.38199502,-0.66216044,-0.74591188,-0.80684541,-0.20038656,-0.33590454,-0.67645712,0.24273508,-0.18665497,-0.082485033,-1.9936107,-0.92619055,0.31596064,-0.081547198,-0.28423697,0.71643572,0.77906373,-0.43057436,0.08130504,-0.043339994,0.099180011,-0.67638117,-0.32796187,0.66571849,0.91516711,0.020937197,-1.093837,-0.85481838,0.12007916,-2.6647659,0.36017156,1.0453394,0.97564547,0.38602404,0.59365789,-0.099751819,-0.64117264,-0.36620473,-0.38396495,-0.71744515,-0.66265207,-0.34825376,-0.77393639,1.3324731,-1.8065323,0.48798216,0.4182847,-3.1225016,-2.5708909,-0.5615161,-1.5091595,1.8480813,-2.7130746,-0.52926454,-0.71399836,-0.83101534,-1.7141356,-1.0971339,-0.31595504,-0.23760229,-0.25040653,0.7726595,-0.41136353,-0.75616114,1.5922159,-0.49301403,-0.5582424,0.07560007,-2.2849493,-0.61032803,-0.62342501,-1.3082748,-0.90605319,-0.62961478,-1.3947575,-0.60691415,2.5431689,-0.61940351,-0.81465431,-0.016547467,0.16721394,-0.87628662,-0.37023124,0.57317101,-0.60564128,-0.28325671,-0.62621887,1.8770472,1.3061397,-0.16429862,-0.57404157,0.13534868,0.1798465,-0.021260684,-0.36250517,0.034106855,2.126116
-0.66415362,2.2221923,0.61805643,0.19749324,-1.3641758,-0.69786847,-0.54024168,1.8966148,-0.3478101,-0.032090152,0.25515761,-0.92567322,1.6678937,0.92368794,-0.51263439,0.012474806,-0.33896002,0.94480054,1.3003343,-0.60630797,0.56324395,0.56857396,1.4975043,1.2140917,-0.048075717,-0.04543409,0.18846557,-0.25019049,-1.4880201,-1.584463,-1.0115556,-0.4974267,-1.2269464,-1.8116719,-0.51795132,-0.64945929,-0.89984818,-0.69089148,-0.40138968,-0.1832696,-0.6060367,1.0008324,1.1328834,-0.96578021,0.23085148,-1.0336323,-0.54870328,-0.82791339,-0.86128797,0.025290748,-0.20212048,-0.4823816,-0.84658599,0.3131783,-0.53882339,0.21981707,1.3674062,-0.34058322,2.106621,1.1589757,1.8838141,1.7975283,2.4478745,2.1515677,1.8355381,0.80708691,1.5139062,2.1283675,1.7006514,1.3505874,0.51445732,2.2363752,-0.91730873,0.16499208,-0.6263908,0.2402748,-1.2588002,-0.32412713,0.5286153,-0.39014801,-0.7674233,-0.36197316,1.5874237,-0.068719121,0.19039455,-0.8904909,-2.0834295,0.46821813,-0.61035552,-0.9054787,-2.071181,-2.667939,-1.3569577,-1.0446751,-1.9459565,-1.4248849,0.34877287,-0.32374075,-1.2458455,-0.9041314,-0.4124784,0.17807559,0.57474431,-1.0772702,-0.54702559,-0.48923309,0.059082677,-0.46050404,0.014563984,-0.63818295,-0.17913576,-0.041576925,0.27220961,-0.90613519,-0.90539599,0.3408171,-0.62473188,0.68845966,1.5474161,1.9800257,0.24053571,-1.2864549,-0.28190804,0.26488413,-1.3461537,-0.20150755,-0.033739064,-0.15765965,0.53647288,-0.26129421,-0.66636026,-0.22133513,-2.2362239,0.75015864,0.92507032,0.077355181,-0.04815487,0.49934364,-1.1516174,-0.2943438,-0.74759972,-0.77088192,-0.26890987,0.42178827,0.44784812,-1.2184325,1.8905608,-0.66877655,0.86537092,0.86455199,-3.2409458,-2.4977077,-0.83628527,-1.5166514,2.1800797,-2.2750543,-0.4660134,-0.90580676,-0.30107216,-1.0639085,-1.215567,-0.45813866,-0.51873987,-0.25494094,0.18797125,-0.51599139,-0.29149864,1.1935088,-0.46157162,-0.035391785,0.35691551,-1.8392841,-0.22681128,0.0031717072,-1.5042869,-0.83087758,-0.79989666,-0.81948445,0.019042862,2.5252684,-0.42433093,-1.3045488,-0.21575889,-0.084236241,-0.82494727,-0.91079761,1.1203096,-0.76668083,-0.82596921,-0.076271604,1.369594,1.9434074,-0.53855552,-0.49884599,-0.7338647,0.5800357,-0.018541311,0.38122147,0.71457238,2.166402
-0.87979406,2.3693926,1.5448462,1.2323088,-0.62364374,0.18058609,0.22795083,2.3149967,0.54169669,0.84796545,1.3639305,-0.17626825,2.3098725,0.2292883,0.82504098,0.15267791,1.0757519,1.1910329,2.0619769,-0.71271458,0.43845777,1.0444689,0.75437347,-0.0075500932,-0.21716608,-0.11813887,-0.50448572,-0.18619418,-0.39572141,-0.87736166,-0.79646188,0.57628767,-1.7262593,-0.75642692,-0.1281266,-0.43930574,-0.059673581,-0.24857966,-0.35966452,1.1099993,0.64085686,1.6510744,1.3578209,-0.50448722,-0.25344542,-0.69424651,-0.45505853,0.16108464,-1.4746178,0.86777223,0.13235856,-0.81635397,-0.61598063,0.073565189,0.53041746,-0.22502119,1.9562299,-0.48010112,1.2407631,1.9869747,2.2470224,2.3234521,2.2847103,2.5163464,1.130167,1.3403899,2.1134025,1.548438,2.3329057,2.1275473,1.3814994,2.3613141,-0.68788022,1.3571966,-1.1125232,1.046382,-0.93690732,-1.404124,1.3796161,0.78033991,0.26694485,0.54531268,2.239805,1.1488957,1.1868581,-0.6653398,-2.1080881,0.14791716,-0.83872523,-1.3948475,-1.6820865,-1.9167037,-1.2002059,-0.28176672,-2.2050848,-0.40409309,0.45860887,0.92018333,-0.89114931,-0.12614658,0.5527042,0.69597784,-0.35596779,-1.0824503,-0.80526614,-0.43203619,0.18640598,-0.14982207,0.99766395,-0.48708764,-1.2524861,-0.223176,0.092683465,0.32236989,-0.57287671,0.080904777,-0.85523254,2.2068973,2.6157752,2.5377396,-0.10535103,-1.1937367,-0.88599524,-0.7217838,-1.7956989,-0.6862874,-0.62945722,-1.0045474,0.58738715,0.35728448,-0.13967746,-0.52180518,-1.430234,0.58633386,-0.42168236,-0.74143065,-0.69436752,-0.19650461,-2.1399429,-0.18937896,-1.1740803,-0.8669499,-0.47855876,1.5328914,-0.33615786,-1.4822688,2.146064,0.85544599,1.0610974,1.5369727,-3.3593901,-1.902877,-1.158331,-1.7029105,2.184453,-1.6631257,-0.86705466,-1.1341525,-0.49583607,-0.69250833,-1.3451471,-0.60032228,-0.58337205,-0.31784011,-0.42926473,-0.61201101,0.41454258,0.28747515,0.19419246,-0.26996266,-0.029214414,-1.29195,-0.29061212,0.98921045,-1.2087035,-0.48475693,-0.80878093,0.35626755,1.0570779,1.7668177,0.53235585,-0.93994343,-0.70285448,-0.56045452,-0.4859516,-0.61339535,1.5966645,-0.44705161,-0.86678088,0.73016579,0.76205593,2.1129274,-0.34725465,-0.29190329,-0.20296797,0.99104131,-0.015047542,0.57475571,1.2878946,1.915936
-0.33442643,2.0886506,2.6584277,2.0666885,0.4452055,1.1715331,1.0442569,2.4490665,1.5596678,1.820759,2.094342,0.79758846,2.458422,-0.75217577,0.44746941,0.042680903,2.1639288,-0.082538246,1.9493083,-0.7600064,0.31367159,0.28460994,-0.35568743,-0.9669215,-0.21716608,-0.56283893,-1.6766624,-0.31079863,1.0089946,0.30145283,-0.90220354,0.4211345,-0.82368655,0.85761566,0.016607831,-0.41278463,1.199718,-0.17361601,-0.52494598,2.1326932,1.7349012,1.581096,1.1716771,0.5630927,-0.95108574,0.26787514,-0.69498982,1.417594,-1.0469438,1.1291354,0.56188779,-0.35814853,-0.52957623,-0.53643541,1.5809267,-0.83773678,1.9058191,-0.41422656,0.47268834,2.4775912,2.2939832,2.4092407,1.8994138,2.400838,0.28162916,2.1699421,2.335259,0.89647563,2.414391,2.5655409,2.1172802,2.0632948,0.042535095,2.0739334,-1.0430807,1.8910906,0.34204423,-1.3699794,2.0109418,1.7395464,1.5455874,1.4728131,2.3205745,2.0448583,1.8851495,-0.40748212,-1.8332749,-1.1806298,-0.93938504,-1.3269573,-1.2800318,-0.75826234,-0.21386822,0.66238354,-2.2037441,0.17814239,0.017455944,1.91901,-0.62011992,0.99585858,0.47213132,-0.15221686,-0.93023905,-0.47170715,-0.67147539,-0.4285241,-0.7193858,0.71141934,1.9807467,-0.39410548,-1.9037954,-0.72644646,-0.25716104,0.76511495,1.2565091,-0.6945495,-0.90256339,2.2577778,3.6364944,2.3081435,-0.498269,-0.25152924,-1.2738709,-0.97612356,-1.6329329,-0.78089538,-0.78338891,-0.80775294,-0.016514655,0.62101437,0.34986802,-0.46530619,-0.52029545,-0.27819784,-1.2003116,-0.89202835,-0.92627347,-0.74570134,-1.9805369,-0.34231861,-1.3621295,-0.45707279,-1.076323,2.5292807,-1.4402419,-1.005836,2.162354,0.34845561,1.1895357,1.4508328,-2.7353612,-1.4086639,-1.4293061,-1.650856,1.9123925,-1.1752001,-1.2539084,-1.2075215,-0.82613455,-0.74035586,-1.4694708,-0.29799963,-0.076293702,0.21002744,-1.0967764,-0.3737697,1.1877303,-0.39992368,1.1066249,-0.63239341,-0.85674562,-0.88423414,-0.53884195,1.7925186,-0.89797586,-0.034294951,-0.40581768,1.8850857,1.8268127,0.67012438,1.4262947,0.4370168,-0.76374623,-0.42980178,0.1069333,0.30010543,1.5303445,0.15227212,-0.43143024,1.646462,0.12386658,1.6182571,0.38930069,0.094849437,0.55776228,1.2906186,0.077453453,0.15158122,1.4159321,1.397539
0.58518949,1.1650673,2.9123178,2.4277983,1.5360541,2.029407,2.0873017,1.9416757,2.1509807,2.4322069,2.4839935,1.7406442,2.1476188,-0.46940028,-1.338803,0.25438799,2.0537967,-0.88961363,1.8366397,-0.7600064,0.27980609,-0.70569232,-1.0690868,-0.75841431,-0.10681237,-1.2165313,-1.7111911,-1.3458396,2.2154574,1.5305442,-0.71285132,-0.78454142,0.81357215,2.1412168,-0.60448953,-0.54372753,2.2094952,-0.58896963,-0.76247384,2.3166644,2.1552281,1.1630373,1.0356106,1.5924841,-0.73804791,1.4578052,-1.0059628,1.8706544,0.24030701,1.0732483,1.0682857,1.0017789,-0.73290661,-0.88142252,2.1077003,-0.72490511,1.3573657,-0.21429967,-0.093306386,2.4632229,2.0091976,2.0943301,1.2733641,1.960547,-0.043297455,2.5131934,2.1069248,0.28329858,1.9766286,2.4571434,2.5517214,1.3815174,1.3069626,2.190163,-0.27625243,2.3937213,1.5799134,-0.44452158,1.8689425,2.2436401,2.1543002,1.9372955,1.9142129,2.5269794,2.0610237,-0.40748212,-1.7736927,-2.06704,-0.93787691,-0.61364415,-0.87343458,0.034710116,0.95645223,1.5231007,-2.0511886,0.22399877,-0.80815528,2.5290701,-0.43054129,2.1000154,-0.2392517,-1.0964897,0.116728,0.73761156,0.26209363,0.094420712,-0.91612206,1.682386,2.6353331,0.034317103,-1.2483637,-0.70148894,-0.95493633,-0.55407222,2.4396557,-1.1750618,0.56779842,1.7310523,3.3709353,1.710777,-1.2082439,1.0180602,-0.65399536,-0.71985106,-1.115642,-0.099559784,-0.35118794,0.042146548,-0.67251899,0.14189844,0.51936931,0.01852896,0.31050696,-0.9078368,-1.0150446,-0.4969771,-0.69655614,-0.87220459,-0.99426185,-1.0060277,-1.1181728,0.3555824,-0.80070739,2.8664838,-0.88556335,0.13289123,1.7683933,0.033690133,1.3753732,1.1144168,-1.9594629,-1.1286119,-1.3471146,-1.2671351,1.4254285,-0.9402642,-1.5232084,-1.0162384,-1.0892216,-1.0725545,-1.5895896,0.09524476,0.56940646,1.0408184,-1.772597,0.23687193,1.8968932,-0.70676706,1.9765801,-0.43207098,-0.47712579,-0.55471206,-0.32642825,1.9359965,-0.30219694,0.88389479,0.25289851,1.9218943,2.0558234,-0.2092287,2.1750125,2.0132282,-0.14464477,0.31827962,0.81752413,1.2819299,1.4640246,0.83448136,0.35989889,2.1868665,-0.52342274,0.67089621,1.1874004,0.78557524,0.82661082,1.2102099,0.26540775,-0.23274902,1.2447234,0.66479743
1.694572,0.21032948,2.7737401,2.2855113,2.0873619,2.41798,2.7485155,1.0463596,2.3868015,2.5412389,2.2490761,2.340998,1.2161981,0.40724591,-0.47966573,0.67570304,0.97659066,-0.53653168,1.2564491,-0.65688572,0.2701861,-0.59800663,-0.39592456,0.56629121,0.34716765,-1.2781818,-0.27438134,-1.8017859,2.7008092,2.1160838,-0.29620301,-1.3699319,2.1723944,2.8802423,-1.3857455,-0.27283669,2.2265741,-0.87121177,-0.41962226,1.659907,1.7750642,0.5475574,0.74809653,2.1004723,0.22096304,2.139553,-0.47391973,1.6657752,1.5596453,0.88121221,1.5821401,1.9388923,-1.0930209,-0.33861664,1.9939224,0.25970231,0.75933425,-0.17745246,-0.37227767,1.9791355,1.2873216,1.390738,0.69642985,1.2240613,-0.1756029,2.0625327,1.5918561,-0.017547203,1.1209369,1.8967326,2.4719363,0.6325143,1.8101178,1.907477,0.89244336,2.4364868,2.2219814,0.7734832,1.4969465,2.1320875,2.0835139,1.9166446,0.70432326,2.4088123,1.7349882,-1.11892,-1.606404,-1.2426735,-0.45836848,0.39083509,-0.46747168,0.25138486,2.1459666,2.2023474,-1.7271514,-0.18686753,-1.411737,2.7132968,-0.50883639,2.5079357,-0.2197731,-0.45197101,1.3103119,1.5537483,1.3970833,0.78200965,0.0085787006,2.4189048,2.5511213,0.99062186,0.52978635,-0.065812097,-1.077404,-1.6575777,2.7864928,-0.63201894,1.9508926,0.75034417,3.1053761,0.92048864,-1.0625119,1.9925608,0.40435554,-0.52125332,-0.43864195,1.054017,0.4191474,1.1823052,-0.78202884,-0.63007591,0.26329569,0.63916991,0.62535399,-0.83999833,-0.25541958,0.33765918,0.042731457,-0.3681302,0.0095957574,-1.5925284,-0.15875761,1.5689277,0.17912515,2.399331,0.53757907,1.5314043,1.4780779,0.37586743,1.4842846,0.90991732,-1.2457916,-1.09824,-0.93208548,-0.59343718,0.48603589,-0.95102629,-1.693398,-0.46130452,-1.1300617,-1.5399989,-1.6026872,0.51391187,1.2281062,1.8285326,-2.2848733,1.0125466,2.2504193,-0.89377029,2.3298776,0.31754731,0.59306472,-0.42701332,0.29374867,1.6341982,0.44062953,1.691779,0.99519795,1.7963911,1.8516009,-1.1200476,2.4098219,2.1397327,0.80155138,1.1417828,1.3973242,2.1671497,1.0915953,1.6324562,1.2078256,2.2517493,-1.0807007,-0.1570018,1.9130653,1.4786732,0.78068049,0.86431851,0.52029365,0.14262157,0.79137759,0.028447989
2.5822552,-0.62355097,1.590404,1.6867345,2.1838354,2.3404307,2.6033196,-0.023340603,2.1949962,2.1269373,1.5522798,2.4404485,0.29234479,1.462653,0.82709387,0.29411846,0.31799043,0.52655966,0.61565388,0.13861673,0.56296353,0.26862203,1.0583097,1.975673,1.5246504,-0.6580089,1.3407658,-0.99821889,2.5670756,2.1094576,0.30474238,-0.74589183,2.8496539,2.9165474,-1.364211,0.47679698,1.4880314,-0.25555357,0.37266934,0.67255237,0.90063767,-0.05451276,0.41667803,1.8780677,1.3474018,1.8927329,0.61633651,1.0333448,2.3484338,0.69979043,1.8823445,2.2074574,-0.6283317,0.62980795,1.4035962,1.3550607,0.12547461,-0.3131125,-0.14402844,1.1919819,0.47764179,0.51988017,0.27024573,0.51947299,-0.1756029,0.89286433,0.77858536,-0.0065951822,0.46766335,1.1485043,1.9231561,-0.010419901,1.8839204,1.2807193,1.8283575,2.1254017,2.3053579,1.7748168,1.0207142,1.7035635,1.2150919,1.5262877,-0.033669473,1.8273877,1.1399686,-1.01784,-0.98394194,-0.017974625,0.11216634,1.5112601,-0.29049393,0.16616686,2.7286738,2.2867397,-1.3564701,-0.88191233,-1.1236777,2.6942967,-0.88179261,2.1408878,0.54969193,0.68241314,2.2743273,1.9341671,2.4508578,1.5477084,1.2931436,2.4028111,1.7654073,1.9129966,2.1277114,0.98900914,-0.36569763,-1.0387644,2.1079984,0.48306288,2.475855,0.087571164,1.6315604,0.2084223,-0.011847782,2.1953265,1.6687068,-0.84856996,0.050100572,2.225337,1.2181276,1.8393295,-0.21435252,-0.79652133,-0.5990082,1.3012677,0.57272791,-0.28309346,0.73067624,1.1043433,0.91252715,0.35185211,0.14569745,-1.2713107,1.0993847,2.1984645,1.4372649,1.6089452,2.1423336,2.5367061,1.142697,1.4452138,1.6414728,1.1448518,-0.64347421,-1.2871524,-0.31406945,0.21005129,-0.44709632,-1.3161433,-0.8890007,0.34354994,-0.81749849,-1.8370639,-0.8972149,0.97807227,1.7811881,2.3550107,-2.5522981,1.8382266,2.1075201,-1.0166022,2.23666,1.2819579,1.6370874,-0.63763555,0.95378991,0.95437261,1.0347287,2.1966131,1.6755018,1.4923446,1.2769551,-1.5024094,1.9950277,2.0346581,1.6053644,1.9161835,1.7134208,2.592075,0.51180171,2.1657013,1.5114659,1.8828186,-1.3618981,-0.60472059,2.0521585,1.9603754,0.61180649,0.50370862,0.89232253,0.91317941,0.35562616,-0.50187006
2.861178,-0.73526997,0.023279184,0.78727413,2.0767969,1.7225585,2.0474922,-0.67551458,1.5114234,1.3899395,0.48510686,2.1325211,-0.47121823,1.6673254,1.3593991,-0.57075769,-0.015910862,1.6768299,0.17194247,0.93411917,1.1689383,1.2939504,1.7964064,1.9846077,2.1489904,0.45452722,2.5976125,0.19459335,1.9623972,1.8977922,0.96065483,0.58192561,2.7268096,1.6805594,-0.62423848,1.4189337,0.74656365,0.8913453,1.3539425,-0.062658506,0.10897546,-0.34148578,0.14419262,1.3117131,1.8202965,1.1276063,1.7658369,0.2468999,2.2546171,0.60381505,1.9914792,1.656856,0.49514758,1.6872136,0.51866442,2.023237,-0.44260001,-0.60701456,0.0176481,0.47298566,-0.28808689,-0.239257,-0.045073369,-0.044441752,-0.1756029,-0.065963671,0.028347866,0.096202904,-0.1717734,0.36635381,1.0551694,-0.30778751,1.5582603,0.54591019,2.4386826,1.591848,1.758305,2.2770937,0.51295798,0.86086114,0.016917724,0.75782279,-0.36589384,0.83540395,0.47037313,-0.23109515,-0.45910089,1.3329768,0.80873363,2.2650424,-0.37963405,-0.29037841,2.4884216,2.0904971,-0.97369422,-1.492683,-0.28780372,1.9250154,-0.79682946,1.4560965,1.6755868,1.8486228,2.2227664,1.7946644,2.6057038,2.210226,2.304138,2.0181297,0.97529177,2.3788422,2.7225263,2.1467547,0.51432902,0.44090098,1.1342708,1.6758039,2.8832194,-0.52326923,-0.36893129,-0.47640568,1.0939753,1.9310373,2.2342356,-0.49846816,0.19373594,2.4725413,1.7785998,2.0501021,0.72764376,-0.30492223,-1.0290854,1.7430451,-0.057065787,0.66949011,1.4039879,1.6915922,1.6129939,1.1777421,-0.87370967,-0.10131396,2.1595153,2.3491711,2.3788063,0.76304317,2.8363071,2.6931498,0.68296009,1.4600413,1.725137,0.73986092,-0.041156784,-1.5884033,0.48978031,1.0600271,-1.3249285,-1.2136369,-0.085793007,1.2387986,-0.033860696,-1.6442107,-0.19174256,1.4422327,2.0182162,2.4324496,-2.4257434,2.2590269,1.5978972,-1.0033516,1.7287571,2.023761,2.2428042,-0.6162362,1.6622806,0.27709613,1.7216353,2.4391201,2.1102254,0.54327796,0.56320371,-1.5670513,1.2665691,1.6604512,2.1076986,2.2799585,1.7474302,2.3927438,-0.052840536,2.213127,1.5826523,1.2593609,-1.4161638,-0.7949444,1.7611054,2.0717928,0.37298319,0.15207252,1.1243435,1.7274503,0.085795933,-0.8936112
2.4698017,-0.81349837,-0.84442455,-0.066520813,1.3370575,0.84963896,1.2428697,-0.7060878,0.67775928,0.60905478,-0.43978886,1.3133826,-0.70548921,1.3363339,-0.062122272,-0.57062915,-0.13477629,1.9995276,-0.20169469,1.7302181,1.6419488,1.5975836,1.6555849,1.267875,1.9996368,1.7227437,2.83524,1.7548862,1.0087057,1.2969179,1.5622158,1.9938524,2.0292946,0.2728733,0.48825328,2.0823692,0.24287411,2.0581292,1.9369918,-0.40928611,-0.43767675,-1.0291379,-0.022741986,0.7511043,1.5983534,0.36493649,2.1285491,-0.17326384,1.5254203,0.31372796,1.7863104,0.16010231,1.8493944,2.0857695,-0.27214833,1.9959412,-0.93800939,-0.98076144,0.0176481,-0.10092794,-0.56696147,-0.58542108,-0.098631109,-0.34729605,-0.066855885,-0.63506741,-0.37731272,0.21980883,-0.56205486,-0.20202286,0.14766175,-0.32954668,0.71478603,-0.052994827,2.5383123,0.92602437,1.0428494,2.2966911,0.21979041,0.12015578,-0.45742368,0.17051823,-0.080445201,-0.12220772,-0.062567972,0.80608617,-0.27825885,2.0801584,1.4685778,2.2426745,-0.65770364,-0.93378894,1.8414886,1.7484565,-0.87824574,-1.2162727,0.54051418,0.98706372,-0.47442238,0.7497091,2.384203,2.3076415,1.6621767,1.3881503,2.1850476,2.4080333,2.5541276,1.2498762,0.15438153,1.9984676,2.3998683,2.5744328,1.6737631,1.9663837,0.58004231,2.2227599,1.8794084,-1.0725792,-1.7470268,-1.085078,2.1402111,1.4799294,2.0094817,0.59645514,0.46494537,2.1959543,1.9994689,1.7785425,1.5641345,0.5513446,-0.78977392,1.8820718,-0.49931724,1.5096562,1.7776105,1.858481,2.0314014,1.6442756,-1.403701,1.4437986,2.824169,1.9606764,2.6395727,0.14694674,2.4700728,2.1678549,0.34145248,1.3443667,1.500828,0.23424281,0.5716279,-1.3466097,1.3153167,1.8057169,-2.2027607,-0.71021082,0.70313976,1.8908088,0.71199612,-1.0024205,0.51374182,1.1890263,1.8231016,1.9411455,-1.9671614,2.0985463,0.98545332,-1.0174284,1.0050875,2.3887761,2.0846834,-0.13185136,2.1793127,-0.25341117,2.1820443,2.1204954,2.068423,-0.21821896,-0.24608869,-1.7946916,0.39348088,0.83768548,1.9322418,2.1116432,1.448059,1.6828368,-0.43566652,1.8253598,1.2068119,0.64337016,-1.2288158,-0.964112,1.2221497,1.6854983,0.25930759,-0.12375149,1.1869169,2.0103109,-0.086391569,-1.0747154
1.6869107,-0.79446888,-1.5103722,-0.49287363,0.69183387,-0.053636665,0.36336279,-0.62727333,-0.16391672,-0.071708521,-0.85498232,0.35340871,-0.69911888,0.74596111,-0.940222,0.6096825,0.18036728,1.6061524,-0.73212118,2.5265681,1.5589268,1.298875,0.62340801,0.17956069,1.2149962,2.4999291,2.4010531,2.8279201,0.068270061,0.61374391,1.9661576,2.7577486,1.0166845,-0.79982191,1.719588,2.105093,-0.069305146,2.4431428,1.8552428,-0.56112769,-0.86809601,-1.4288072,-0.46574771,0.22222743,0.88882217,-0.19062745,1.51074,-0.50341778,0.68788035,-0.23638059,1.2640143,-0.48019396,2.6976808,1.7362311,-0.84749145,1.4755381,-1.3556372,-1.29352,-0.11232716,-0.2532521,-0.50099361,-0.58405343,-0.047036715,-0.36791748,0.025042999,-0.53870578,-0.49379335,0.23541285,-0.24007266,-0.44795932,-0.45321043,-0.32954668,-0.12787479,-0.2289432,1.9855454,0.28723658,0.26826245,1.994465,0.066017757,-0.2569025,-0.29271794,-0.10393516,-0.029262075,-0.54384512,-0.19426797,1.9356706,-0.15859259,2.1959378,2.0789663,1.8422306,-0.86096898,-1.285282,1.1068093,1.3128983,-0.81672726,-0.29446633,1.2772319,0.12114488,0.20045151,0.033804188,2.1629285,2.0621867,0.8217521,1.0047629,1.3719201,2.0085377,1.9877029,0.49762924,-0.58791681,1.208215,1.6122815,2.3060374,2.2942529,2.6281773,0.18304542,1.9000187,0.89764099,-1.1365796,-2.0048092,-1.6031629,2.2902994,0.83166395,1.3603173,2.0404091,1.1967659,1.5814945,1.9496255,1.3611844,1.9803645,1.4413895,0.03603369,1.7182172,-0.70147872,1.9974358,1.8756509,1.7492762,2.0542159,1.7824389,-0.78184634,2.5013448,2.6785012,1.2208817,2.2611324,-0.33652057,1.5805297,1.223281,0.12108563,1.3461275,1.0312964,0.072192342,1.1857488,-0.78692236,1.8979212,2.2899143,-2.5973011,0.021127948,1.4915272,2.2142818,1.4564401,-0.17287872,1.2192313,0.84424116,1.4499283,1.0483302,-1.4906132,1.5591465,0.31240584,-1.0508622,0.33809685,2.290797,1.4349161,0.44077062,2.0612718,-0.54891784,2.1407081,1.4838521,1.6166306,-0.53654166,-1.0238779,-1.8319065,-0.34685308,0.035950666,1.4484286,1.5211602,0.83761615,0.89340367,-0.8184925,1.2435516,0.62090543,0.05956114,-0.87554017,-1.2799357,0.56109048,1.0378794,0.041805861,-0.31166237,1.0423863,1.7777942,-0.25844607,-1.2637133
0.79661989,-1.0204638,-1.7266488,-0.59545451,-0.0059499938,-0.668405,-0.28587377,-0.67367102,-0.63703251,-0.50057542,-0.80920404,-0.4399951,-0.7699835,0.1664444,-0.39018454,1.759028,-0.24398445,0.82965544,-1.3714291,2.8191476,1.4759048,0.58248044,0.037599678,-0.11178419,0.22074735,2.4822659,1.4347055,2.9330266,-0.39817525,0.056648478,2.0524305,2.6686521,-0.0071667155,-0.40657293,2.4582439,1.4623768,-0.55799236,1.8827813,1.1381325,-0.68352575,-1.1401159,-1.2385658,-0.83637808,-0.20927958,0.26602137,-0.54959902,0.49345983,-0.83839804,-0.01226207,-1.0959228,0.61625643,-0.33648998,2.5066054,1.0582228,-1.2833934,0.77130431,-1.4456727,-1.4356028,-0.30996165,-0.30223723,-0.29488644,-0.40658586,-0.048197451,-0.23967064,0.025042999,-0.45634189,-0.34581986,-0.019282756,-0.068657298,-0.46151302,-0.6562678,-0.15745778,-0.78945206,-0.18117354,1.0498178,0.01872936,-0.27229004,0.43857286,0.03819618,-0.2264435,-0.0089960467,0.061206892,-0.025969402,-0.37662104,-0.16067612,2.6877416,-0.84417609,2.0659646,2.3299966,1.310894,-0.56642013,-0.86225357,0.42005223,0.80236686,-0.79212851,0.69255715,1.5593106,-0.33602764,0.85641822,-0.47719582,1.495727,1.2635839,0.057507334,0.70063171,0.48937659,1.2496029,1.1305796,-0.1362919,-1.109972,0.49794743,0.88426872,1.5897518,2.1740154,2.2867174,0.024431863,1.3867869,0.25203876,-1.2032956,-2.2408235,-1.8487042,1.6605366,0.41294257,0.54106611,2.5567931,1.8953263,0.85842337,1.6338653,0.80899772,2.0405223,1.8833141,1.0663585,1.3170539,-0.39575057,2.1421264,1.5425351,1.2762831,1.7891948,1.5830144,0.50738531,2.5081291,1.8911168,0.46627444,1.5195523,-0.46526127,0.57825423,0.40003809,0.035208061,1.0452964,0.50289736,0.70313997,1.5449516,-0.016670237,2.263776,2.449868,-2.926783,0.82784102,2.2715981,2.0347478,2.0736271,0.774557,1.8627181,0.48880848,0.84475755,0.38231617,-1.2257344,0.91860281,-0.29189182,-0.64770942,-0.24942455,1.5865052,0.5978983,1.1433267,1.6868375,-0.87926892,1.6606734,0.72059514,0.99026379,-0.47239086,-1.552149,-1.7332618,-0.80746841,-0.26233861,0.98706864,0.8271835,0.16559319,0.0079415516,-1.0321847,0.59073249,-0.094616254,-0.31532943,-0.99563915,-1.2856948,-0.094763288,0.40034166,0.13930259,-0.53629967,0.71212071,1.0231027,-0.57469494,-1.4696826
-0.0057875039,-1.2478654,-1.8448153,-0.61905125,-0.5309476,-0.72803365,-0.66339593,-0.93418838,-0.65621294,-0.67860403,-0.59198159,-0.83790124,-0.91342008,-0.10724494,0.77767539,1.8621493,-0.77095526,0.20842162,-1.8439015,1.8019236,0.83504182,0.077837289,-0.084870944,-0.06953819,-0.27113486,1.8614847,0.36617065,2.355254,-0.57220092,-0.14267719,1.7613247,1.9968964,-0.44450381,-0.025732676,2.3277905,0.58182225,-1.2965084,0.85287709,0.35020291,-0.97152855,-1.3131725,-0.66527648,-1.158557,-0.77608743,-0.091599639,-0.85647574,-0.10328854,-1.1162231,-0.4809921,-1.9835694,-0.057872902,-0.12566709,1.6566317,0.40199738,-1.5456056,0.20545119,-1.2660745,-1.4511581,-0.58065495,-0.19474207,-0.14453607,-0.24681626,-0.10000034,-0.14406088,-0.53494748,-0.45274277,-0.24702717,-0.43438974,-0.10622428,-0.24953928,-0.62747756,-0.20296277,-0.23059119,-0.11744691,-0.14017228,-0.099960781,-0.14257393,-0.53056368,-0.1069046,0.081568564,0.044270186,0.271293,-0.023396711,-0.01591684,-0.16128161,2.7317228,-1.1314459,1.6154601,2.3398931,0.7497397,-0.11051233,-0.22244385,-0.038767402,0.32203067,-0.88942794,1.6946711,1.6693945,-0.3005089,1.4832995,-0.95396327,0.75996853,0.69207548,-0.43912555,0.54775068,-0.23055422,0.48094911,0.24756417,-0.56704496,-1.5813863,-0.16654662,0.32761805,0.78388366,1.7488711,1.4762269,-0.36593622,0.74090395,-0.39988169,-1.2715294,-1.279589,-1.8789058,0.79084622,0.11078096,-0.15760368,2.1337229,2.3678145,0.20842181,1.2175077,0.35849084,1.6918919,1.9518943,1.733206,0.84934308,0.13757107,1.8550341,1.0906916,0.8652739,1.3003875,1.0703354,2.1637432,1.98716,0.86959021,-0.074292586,0.70973538,-0.64948814,-0.13582025,-0.090839104,-0.6561416,0.54828818,0.22498613,0.46038556,1.5449516,0.85082979,2.4247286,2.2968102,-3.033948,1.687081,3.0017584,1.3882198,2.3823591,1.6804562,2.3449982,0.11837244,0.2450581,-0.23172729,-1.037057,0.27379131,-0.69441141,-0.43233316,-0.45013323,0.88137637,-0.21136292,1.7521065,1.1542471,-1.2068576,0.89664143,0.11602066,0.35488233,-0.38698567,-1.7331422,-1.4677159,-1.0311816,-0.31309151,0.34464963,0.087257669,-0.43005093,-0.5709099,-1.1117362,-0.14578687,-0.35039954,-0.467298,-1.5520614,-1.1739139,-0.7435895,-0.2211677,0.066818948,-0.802853,0.28915984,0.18038895,-0.938446,-1.6673986
-0.53150474,-1.4471514,-1.7843354,-0.79213871,-0.61792572,-0.75637894,-0.90723226,-1.2460123,-0.74466396,-0.83066046,-0.58476558,-0.84519713,-1.2041936,-0.27753039,1.761,1.3324563,-1.1319425,-0.3008374,-2.1062846,0.78469954,0.1285505,-0.14623797,-0.023484311,0.083454751,-0.95540019,0.99854757,-0.32156248,1.4548404,-0.54214017,-0.2188118,1.3723841,1.019915,-0.49349145,0.048065808,1.6327401,-0.2090944,-1.8649827,-0.059879642,-0.19803182,-1.2960396,-1.2988239,-0.50058523,-1.332233,-1.3317812,-0.2482575,-1.1691743,-0.27482603,-1.3157227,-0.82543643,-1.8172905,-0.65877101,-0.54345671,0.66182218,-0.16311424,-1.4804651,-0.2192425,-0.95218062,-1.1128623,-1.3661636,-0.084622053,-0.19919621,-0.29659963,-0.62866687,-0.2119101,-1.2923525,-0.31994468,-0.18504505,-1.0636626,-0.26792565,-0.29279829,-0.46701998,-0.20948175,0.23347881,-0.12940356,-0.77836402,-0.25651747,0.060033359,-0.83573998,-0.35365768,0.12501263,-0.087146954,0.18447743,-0.54427089,0.083873663,-0.29056048,2.1385242,-0.63033651,1.0302099,2.0769275,0.31934391,0.47741644,0.65562735,-0.19092491,-0.079259896,-0.53777025,2.2068465,1.7427538,-0.26037356,2.0324587,-1.5169164,0.16854073,0.19458631,-0.58626225,0.14285195,-0.59891999,-0.21794549,-0.31222963,-0.86911945,-1.9734595,-0.57652749,-0.055662114,-0.010159019,1.1577821,0.65381544,-0.85489873,0.1413859,-1.1823789,-1.301402,-0.31835449,-1.6417752,0.097856914,-0.3053642,-0.45971263,1.2956402,2.3229124,-0.28662471,0.75000481,-0.11720803,1.1669867,1.728881,1.98712,0.44441334,0.75034021,1.4875783,0.47483605,0.4059404,0.79682335,0.65345076,2.9776223,1.2500304,-0.022771035,-0.26377243,0.00068751795,-0.87735614,-0.43815045,-0.24181024,-1.6778343,0.20939497,-0.037527411,-0.46422814,1.5449516,1.6947606,2.1958598,1.8969413,-3.0271043,2.1691785,2.7004334,0.69748118,2.28788,2.3334045,2.8272784,-0.25206361,-0.37368726,-0.64269352,-0.94631828,-0.25268522,-1.0820571,-0.51877958,-0.57926749,0.072493215,-0.59116327,1.9081863,0.56669531,-1.3650308,0.063194608,-0.43153447,-0.19458712,-0.54411206,-1.427568,-0.85166818,-1.1108731,-0.16131467,-0.098995092,-0.45227543,-0.83460274,-0.70552601,-1.1849373,-0.65322121,-0.51680388,-0.67158001,-2.0856063,-1.1212334,-1.3499119,-0.66361958,-0.11337507,-1.0159086,0.0027941244,-0.68108784,-1.1832948,-1.8387047
-0.68661809,-1.3520194,-1.6961344,-1.0982856,-0.79329862,-0.804283,-1.0740817,-1.4954298,-0.85376113,-1.0225689,-0.69361667,-0.79093632,-1.3677819,-0.43640864,1.3687123,0.39835803,-1.2497709,-0.57747822,-2.2163017,-0.51722809,-0.3320771,-0.083567217,-0.17171057,0.19142715,-1.9292514,0.21779561,-0.46217614,0.39583707,-0.59435058,-0.45802759,0.91548363,0.15697799,-0.38362472,-0.35191748,0.83117146,-0.75249993,-1.9716839,-0.54670056,-0.55712011,-1.5142797,-1.0520651,-0.51334657,-0.99459959,-1.7637405,-0.58493135,-1.3548938,-0.41477511,-1.107908,-1.1102339,-1.2192687,-1.2352146,-1.2411305,-0.27134869,-0.67682711,-1.0425638,-0.64896585,-0.72449141,-0.86148613,-1.9297641,-0.29076402,-0.27221749,-0.34507029,-1.3737778,-0.50016309,-2.0119291,-0.24573252,-0.24510572,-1.8682224,-0.42962702,-0.18740342,-0.34807487,-0.45835244,0.42741586,-0.36421427,-0.74395,-0.49702794,0.22200093,-0.36102129,-0.86249802,-0.1059008,-0.40126712,-0.46738783,-1.1327177,-0.043663317,-0.59919918,1.2545729,0.35695696,0.32547093,1.5946061,0.10752022,1.1400938,1.5454278,-0.10274511,-0.28554157,0.058915488,2.069138,1.451766,-0.40017596,2.2426291,-1.9138857,-0.30843089,-0.11607181,-0.7234032,-0.62923106,-0.79942544,-0.77977208,-0.57575873,-1.1083839,-2.0997297,-1.0274449,-0.61098346,-0.79039598,0.37775669,-0.097012588,-1.5325616,-0.24630147,-1.9580317,-1.1648019,-0.2091953,-1.4380413,-0.22183454,-0.86814651,-0.53495834,0.36739185,1.7771612,-0.63814673,0.12559757,-0.43929829,0.8307745,1.288963,1.9412761,0.036978872,1.2551226,1.0472049,0.033772525,0.16830269,0.314756,0.26036387,2.7220274,0.51116296,-0.70678161,-0.37942082,-0.47548175,-1.0779209,-0.50581143,-0.092771354,-2.4210764,0.20143168,-1.0862702,-1.9054518,0.67062934,2.1951624,1.7347168,1.2974781,-2.7860497,2.2527787,2.3802046,0.20706146,2.0696022,2.6529173,2.3872945,-0.91893488,-0.83009681,-0.84213217,-0.88878256,-0.56868721,-1.4173475,-0.89364438,-0.77951231,-0.63760613,-0.75131869,1.587292,-0.0089614912,-1.3266951,-0.31078091,-0.54604662,-0.54992013,-0.48799549,-1.0577687,-0.30189776,-1.2458062,-0.28653057,-0.22406305,-0.53606209,-1.05345,-0.89300919,-1.099377,-0.92094105,-0.51217737,-0.98146535,-2.5646135,-2.0288405,-1.7670576,-0.85083151,-0.62037494,-1.2093569,-0.30927988,-0.76187355,-1.2073006,-1.9292004
-0.66387265,-0.97258398,-1.3860107,-1.370304,-1.0081679,-1.0403447,-1.2310626,-1.556296,-1.1406525,-1.2604664,-0.93245331,-0.79231161,-1.4678423,-0.8340264,0.80423129,-0.072667109,-1.1661451,-0.98181298,-1.9623334,-1.8686694,-0.62638512,-0.25221027,-0.46118951,-0.55834618,-2.2695922,-0.29330434,-0.61758186,-0.53683413,-0.92373602,-1.0684406,0.43727113,-0.34984698,-0.55257398,-1.1791968,0.16139136,-1.0615774,-1.5278123,-0.8321352,-0.77834692,-1.395123,-0.79179534,-0.30918706,-0.84498793,-1.7948123,-1.0295005,-1.3648877,-0.75928648,-0.55065151,-1.3018971,-0.75588629,-1.7967677,-1.2642004,-0.86851464,-1.2991367,-0.53857462,-1.0814246,-0.69908432,-0.50302639,-2.2108798,-1.0011233,-0.57842976,-0.62880646,-2.0844364,-1.0454644,-1.9597553,-0.24573252,-0.63445548,-2.421129,-0.89949235,-0.45276717,-0.31099052,-0.90919895,0.008538895,-0.61078774,-0.27917795,-0.91370934,0.048791472,0.14492811,-1.3477514,-0.67840968,-0.93819674,-1.2067454,-1.7230106,-0.42939216,-0.90357037,0.42607827,1.4974823,-0.25716827,1.0665266,0.052921946,1.7531065,1.968737,0.025446798,-0.43828434,0.78587417,1.5851286,1.0283869,-0.95190447,2.2442404,-2.0726139,-0.93603487,-0.28067439,-0.88686332,-1.7134106,-1.0152541,-1.1602586,-0.9294485,-1.4026374,-1.9081957,-1.4728209,-1.5766259,-1.4055847,-0.73845613,-0.54930268,-2.1131056,-0.63757869,-2.5180893,-0.87550626,-0.50365071,-1.2066701,-0.53876311,-1.6390108,-0.65140686,-0.081266199,1.035995,-1.0062565,-0.87053344,-0.99111402,0.25510584,0.99224604,1.4873022,-0.64353169,1.5431707,0.62441791,-0.3283005,-0.1262097,-0.089065435,0.13008796,1.923638,-0.029802169,-1.1334829,-0.51538417,-0.63605743,-1.3253892,-0.55788068,-0.088773171,-2.9101966,0.19100958,-2.2662397,-2.769693,-0.2561523,2.4426126,1.2390949,0.78313992,-2.2477276,2.0745125,1.464508,-0.054850458,1.6214478,2.5234555,1.7869169,-1.6035923,-1.073885,-1.0334893,-0.6488193,-0.71524609,-1.6802393,-1.2369408,-0.92350296,-0.70387613,-0.86146392,1.0386836,-0.4580676,-1.1436362,-0.7661264,-0.84146652,-0.73138487,-0.45970819,-0.80574159,-0.11755724,-1.3129669,-0.55996802,-0.49205127,-0.66222771,-1.111545,-1.0514235,-1.0138166,-1.1264875,-0.637298,-1.2246881,-2.4246728,-3.4127912,-1.9410868,-1.0302751,-1.2161988,-1.2764509,-0.64504364,-0.78326101,-0.97168986,-1.5914016
-0.8102439,-0.54711491,-1.0540586,-1.5250765,-1.3217724,-1.3047263,-1.5100979,-1.4170492,-1.3721654,-1.5371729,-1.1531198,-0.94867278,-1.3531416,-1.1233485,0.38525917,-0.21348906,-1.1804706,-1.3358425,-1.7007263,-2.5006322,-1.0750634,-0.70099528,-1.0632408,-1.311413,-1.8980759,-0.62874278,-1.0750387,-1.1423956,-1.3977819,-1.7827341,-0.12988421,-0.4049839,-1.1869283,-1.8636731,-0.15993256,-1.314454,-0.98711346,-0.98675446,-1.0656899,-0.90580963,-0.58153096,-0.16793543,-0.58999445,-1.4169275,-1.2795558,-1.2739383,-1.2860544,-0.14035978,-1.4282288,-0.42043129,-2.0090413,-0.92813111,-1.4195709,-1.8041532,-0.19502715,-1.5977234,-0.63985052,-0.26019674,-1.7857864,-1.9816049,-1.1075051,-1.0761619,-2.5742888,-1.7027622,-1.4545725,-0.60710503,-1.3161313,-2.6957388,-1.7833027,-1.1338591,-0.46201317,-1.5740204,-0.055203252,-1.0502741,0.12258641,-1.4830078,-0.42420978,0.31019337,-1.590384,-1.2377377,-1.0217155,-1.6458199,-1.0898345,-0.77591523,-1.1898543,-0.25585795,2.4805387,-0.31386028,0.51361687,0.038002093,2.2162886,1.8523855,-0.30713032,-0.64778239,1.597956,1.1364723,0.72475676,-1.7067661,1.8907591,-1.9736784,-1.6656507,-0.78295019,-1.2185273,-2.449118,-1.366503,-1.4146545,-1.2914974,-1.6496212,-1.5469243,-1.7263115,-2.3257984,-1.8808656,-1.767633,-0.99129237,-2.5202232,-1.1329941,-3.0620393,-0.81659817,-0.60855279,-0.96890163,-0.92298319,-2.1996639,-0.78487983,-0.31200415,0.41651523,-1.5376278,-1.855321,-1.583921,-0.61064481,0.59432684,1.0624304,-1.5214259,1.494125,0.2365321,-0.43100873,-0.79065266,-0.61687382,-0.17803451,0.84091005,-0.32942773,-1.3156809,-0.93937512,-0.69881279,-1.4922152,-0.67316328,-0.39589137,-2.697931,0.06294246,-3.0764149,-2.6196725,-1.0496754,2.3714703,0.72973369,0.3856942,-1.6375626,1.6392372,0.55450246,-0.2243508,1.0629284,2.1173392,1.1787146,0.036317921,-1.2198049,-1.3326013,-0.26369453,-0.84428189,-1.9250008,-1.1388584,-1.2246294,-0.70473702,-1.1815408,0.42593752,-0.7231804,-1.2388415,-1.4269683,-1.3427989,-0.85627789,-1.3848301,-0.83308784,-0.11806471,-1.3465029,-1.1541471,-0.75108427,-0.89588612,-1.1676082,-1.2477774,0.8961811,-1.3357973,-0.92269451,-1.555473,-1.7352485,-3.6439831,-1.7910062,-1.1899956,-1.3402757,-1.1346757,-0.94593057,-1.0357944,-0.77469058,-1.2516099
-1.1346713,-0.12859878,-0.43354119,-1.4476499,-1.6139827,-1.4604117,-1.6027914,-0.91952345,-1.5154754,-1.617387,-1.3748722,-1.2108998,-0.94330021,-1.2803727,0.13968187,-0.10213387,-1.0548055,-1.4696964,-1.3949834,-2.1628631,-1.8869658,-1.114741,-1.611883,-1.6067531,-1.2468606,-0.99607697,-1.9354793,-1.6658315,-1.9765182,-2.4149725,-0.73659885,-0.51433948,-1.9534303,-1.9444937,-0.34831649,-1.424122,-0.53366827,-1.3009793,-1.3056609,-0.36767969,-0.3765133,-0.31219143,-0.28195205,-0.96815068,-1.2170594,-1.1059849,-1.5163679,-0.058515892,-1.3959647,-0.18622878,-2.0781641,-0.41422982,-1.8606969,-2.0642021,-0.1695552,-1.7260687,-0.62757002,-0.096202177,-0.90057472,-2.8053796,-1.8442646,-1.6457742,-2.4109505,-2.2401932,-0.8746432,-0.89801571,-2.0948639,-2.5660528,-2.2855301,-1.7166145,-1.0904641,-2.0156862,-0.17704089,-1.3726921,0.13486834,-1.9554039,-0.92852423,0.068035927,-1.4256374,-1.4853073,-0.72016673,-1.4863106,-0.54454927,-1.1520038,-1.3245702,-0.51485872,2.7685324,-0.30388297,0.10469762,-0.10626347,2.3607938,1.5175506,-1.0009656,-0.954356,2.3626286,0.74199551,0.16445142,-2.2354887,1.4231268,-1.5884201,-2.3518773,-1.2783496,-1.4788116,-2.5705919,-1.5940055,-1.6582927,-1.6810027,-1.8554837,-0.9107265,-1.7037076,-2.5875162,-2.162344,-2.7036734,-1.5432142,-2.2331401,-1.7324335,-2.5751057,-0.67912004,-0.34432467,-0.77000846,-1.5754036,-2.3904328,-0.95973962,-0.72806877,-0.049368222,-1.9144832,-2.7396772,-2.0810097,-1.5212662,-0.24454017,0.70153638,-2.4135187,1.251895,-0.66788969,-0.52333477,-1.7010017,-1.3066324,-0.89087576,-0.020669772,-0.56506047,-1.5028892,-1.5310124,-0.86368975,-1.5347652,-0.88571766,-1.0064179,-1.9612606,-0.64024976,-3.3014333,-1.651081,-1.6939489,2.0086365,0.28405278,0.12983301,-0.77318409,1.0119658,0.0087268974,-1.1460585,0.55132411,1.5414182,0.55996581,4.2797438,-0.29939672,-0.72545294,0.35630366,-0.22405021,-1.2440762,2.4758532,-1.4369664,-0.71415008,-1.5097919,0.56593735,0.038742611,-1.5013288,-2.3607831,-1.3320996,0.080338518,1.5071532,-0.88349263,-0.50603502,-1.4434956,1.9162795,-0.99370847,-1.0007048,-1.0294552,-1.3547941,4.4954727,-0.52071717,3.0881511,-1.1512247,-1.0832292,0.19608981,-1.7298092,-1.2164221,-0.7474046,-0.91476652,-1.1834113,-1.4433838,-0.67951097,-0.88870024
-1.417326,0.015097784,0.20050267,-1.0827179,-1.5406457,-1.2933075,-1.4937822,-0.22152104,-1.3540078,-1.4388596,-1.3529621,-1.1909942,-0.36735673,-1.0150096,-0.00398107,0.21555594,-0.39960041,-1.3326386,-1.0892405,-1.8250939,-2.6988683,-1.234315,-1.6958527,-1.0513498,-0.56898825,-1.2832429,-2.5481143,-1.9840776,-2.4002329,-2.3824488,-1.3672238,-0.87930636,-2.6322735,-1.0196226,-0.5991444,-1.3420524,-0.28463658,-1.5531323,-1.2566302,0.0074275038,-0.17325341,-0.89476372,-0.055950861,-0.6184801,-0.97412996,-0.7281405,-1.2628662,-0.34961841,-1.1727727,-0.056661972,-2.0169296,0.11166472,-1.9712955,-1.6580191,-0.23458524,-1.5447511,-0.44255916,-0.15209179,0.44896872,-2.6831271,-2.1383558,-1.9681308,-1.9306831,-2.4376005,-0.36817978,-1.1063923,-2.3804137,-1.9049954,-1.52587,-2.1625186,-1.6641736,-2.1688479,-0.46445277,-1.5545038,-0.1049251,-2.0181596,-1.307287,-0.4267236,-0.80004761,-1.2396673,-0.041014279,-0.93025035,-0.17911329,-1.1328434,-1.1592022,-0.27966098,2.3467479,-0.058436069,-0.21494755,-0.44597679,2.3240905,1.1014079,-1.3159509,-1.3118615,3.0421103,0.30593876,-0.11492072,-2.2831524,0.8656309,-1.1994839,-2.4022766,-1.7317306,-1.6497127,-2.0865123,-1.691948,-1.7923157,-1.8316122,-1.8886691,-0.51120919,-1.4285103,-1.9882102,-2.2171251,-2.9911998,-1.9360346,-1.6186039,-2.2296442,-2.0881721,-0.46485755,-0.080096551,-0.40644794,-1.9699186,-2.1228283,-1.0435844,-1.4007056,-0.64733478,-2.1336899,-2.9864584,-2.0188234,-2.5407546,-1.1530651,0.17764631,-2.6081391,0.81591489,-1.5315553,-0.73622345,-2.6569789,-1.9501306,-1.6291377,-0.47406761,-0.77175949,-1.5615918,-1.7524711,-0.98060857,-1.3353809,-1.2762214,-1.7241881,-1.1300376,-2.3161489,-2.3893776,-0.038777177,-2.3382224,1.4785334,0.063741268,0.089884567,0.091194444,0.49212189,-0.53704866,-2.2040512,0.2254133,0.87513243,-0.058782969,8.5231697,7.3465824,5.0141961,1.7815919,7.0490491,5.3679106,8.458907,5.3163941,5.2806954,2.3672984,7.3229367,7.4158589,2.1865441,6.3024766,6.0835422,7.7841464,7.4040918,2.1769977,5.9697801,2.337612,7.0705015,5.3054962,5.2128133,7.2437346,5.3938356,8.0947643,5.2447003,8.7393801,7.334895,2.0400242,7.4878874,2.1007905,7.6833937,-0.010745372,-0.59203623,-1.4143983,-1.7742008,-1.0519316,-0.52579056
