1.0,1.0,1.0,1.0,1.0,1.0,2.0,2.0,2.0,2.0,2.0,2.0,2.0,2.0,3.0,3.0,3.0
1.1020522657838738,0.3705078637592119,1.2958028624472622,0.341741648398234,1.170114666120953,0.44802967309157266,1.3236351401285755,1.5532633741661415,0.5132319550422831,0.37524709534813044,0.1659343532879888,1.2675523029096079,-0.11649369133117522,1.1944954335299813,0.9844510864251745,0.5290998155789141,1.180589612249707
1.013990066701789,0.40926204241927366,1.3298011721014722,0.3800886854944363,1.182734136468788,0.4199206362558696,1.282118493530668,1.4672096050037298,0.6354115511046375,0.9104324660018307,0.34969175246208817,1.3205926949073559,-0.2741052899026727,1.2098379729418272,0.9002617210014057,0.5290998155789141,1.2433507174231542
1.0562599222612015,0.43439988803660645,1.3461203607354977,0.341741648398234,1.170114666120953,0.5065901664992709,1.2613601702317143,1.5102364895849356,0.6354115511046375,0.9733651071774947,0.22718681967935525,1.2675523029096079,-0.1690308908550077,1.2098379729418272,0.9282483765373724,0.7025029756962203,1.2433507174231542
1.0562599222612015,0.39564570937654936,1.3298011721014722,0.3033946113020175,1.1964052293456113,0.39181159942017696,1.302876816829622,1.5102364895849356,0.5132319550422831,1.0048314277653267,0.1659343532879888,1.3205926949073559,-0.01141929228351025,1.2558655911773642,0.9844510864251745,0.8759061358135265,1.2433507174231542
1.1020522657838738,0.42183096522794006,1.362439549369517,0.341741648398234,1.182734136468788,0.44802967309157266,1.302876816829622,1.5102364895849356,0.6354115511046375,1.0362977483531588,0.10468188689662235,1.34711289090623,-0.06395649180734274,1.2405230517655186,0.9844510864251745,0.7371836077196815,1.2119701648364305
1.1020522657838738,0.39564570937654936,1.3461203607354977,0.3800886854944363,1.1964052293456113,0.5065901664992709,1.3236351401285755,1.5962902587473473,0.6965013491358147,0.7216345424748387,0.04342942050525589,1.2675523029096079,-0.01141929228351025,1.2098379729418272,1.0124377419611412,0.6331417116492978,1.2433507174231542
1.013990066701789,0.40926204241927366,1.362439549369517,0.341741648398234,1.1964052293456113,0.39181159942017696,1.3443934634275292,1.4672096050037298,0.6354115511046375,0.7531008630626708,0.10468188689662235,1.2675523029096079,-0.06395649180734274,1.2405230517655186,0.9564644308892079,0.5984610796258365,1.180589612249707
1.0562599222612015,0.42183096522794006,1.313481983467453,0.3800886854944363,1.170114666120953,0.47848112966357825,1.3651517867264826,1.4672096050037298,0.6354115511046375,0.7845671836505027,0.34969175246208817,1.2940724989084817,-0.01141929228351025,1.2405230517655186,0.9844510864251745,0.5984610796258365,1.180589612249707
0.9294503555829949,0.42183096522794006,1.3461203607354977,0.3800886854944363,1.2090246996934464,0.39181159942017696,1.302876816829622,1.5102364895849356,0.5132319550422831,0.5011123776994585,0.22718681967935525,1.34711289090623,-0.06395649180734274,1.2558655911773642,0.9844510864251745,0.5637804476023753,1.180589612249707
0.9717202111423919,0.39564570937654936,1.3298011721014722,0.3800886854944363,1.2090246996934464,0.39181159942017696,1.3236351401285755,1.5532633741661415,0.6965013491358147,0.7216345424748387,0.22718681967935525,1.2940724989084817,-0.06395649180734274,1.27120813058921,0.9002617210014057,0.7025029756962203,1.2433507174231542
1.013990066701789,0.39564570937654936,1.3298011721014722,0.341741648398234,1.221644170041286,0.4199206362558696,1.3236351401285755,1.5532633741661415,0.3299625609487514,1.0362977483531588,0.10468188689662235,1.3738504655608328,-0.01141929228351025,1.2558655911773642,0.9564644308892079,0.5984610796258365,1.180589612249707
0.9294503555829949,0.42183096522794006,1.3298011721014722,0.3800886854944363,1.1964052293456113,0.4199206362558696,1.3443934634275292,1.5102364895849356,0.5743217530734603,1.162420951365043,0.2884392860707217,1.3738504655608328,-0.11649369133117522,1.2558655911773642,0.9844510864251745,0.5984610796258365,1.2433507174231542
0.9717202111423919,0.43439988803660645,1.313481983467453,0.4599783461115316,1.221644170041286,0.47848112966357825,1.3236351401285755,1.4241827204225241,0.6965013491358147,0.7216345424748387,0.4109442188534546,1.2675523029096079,-0.11649369133117522,1.2251805123536728,0.9564644308892079,0.6678223436727591,1.2119701648364305
1.013990066701789,0.42183096522794006,1.3298011721014722,0.42163130901532925,1.221644170041286,0.44802967309157266,1.3443934634275292,1.5962902587473473,0.6354115511046375,0.6587019012991747,0.04342942050525589,1.3738504655608328,-0.1690308908550077,1.2405230517655186,0.9564644308892079,0.6331417116492978,1.1492090596629834
1.1020522657838738,0.40926204241927366,1.313481983467453,0.42163130901532925,1.2090246996934464,0.4199206362558696,1.302876816829622,1.5532633741661415,0.5132319550422831,0.7845671836505027,0.1659343532879888,1.2675523029096079,-0.06395649180734274,1.2405230517655186,0.9282483765373724,0.7025029756962203,1.180589612249707
1.1020522657838738,0.42183096522794006,1.3298011721014722,0.4599783461115316,1.2090246996934464,0.44802967309157266,1.302876816829622,1.4241827204225241,0.5132319550422831,0.5955113394629544,0.04342942050525589,1.3205926949073559,-0.06395649180734274,1.2558655911773642,0.9282483765373724,0.6678223436727591,1.1492090596629834
1.1020522657838738,0.42183096522794006,1.313481983467453,0.42163130901532925,1.1964052293456113,0.47848112966357825,1.3236351401285755,1.4672096050037298,0.6965013491358147,0.21791549240897046,0.1659343532879888,1.3205926949073559,-0.01141929228351025,1.2865506700010556,0.8722750654654389,0.6331417116492978,1.180589612249707
1.1443221213432864,0.39564570937654936,1.3461203607354977,0.3800886854944363,1.2090246996934464,0.47848112966357825,1.282118493530668,1.5102364895849356,0.8186809451981693,0.21791549240897046,0.2884392860707217,1.3205926949073559,-0.01141929228351025,1.2405230517655186,0.9564644308892079,0.6331417116492978,1.180589612249707
1.1020522657838738,0.42183096522794006,1.3461203607354977,0.4599783461115316,1.2090246996934464,0.44802967309157266,1.282118493530668,1.5962902587473473,0.6965013491358147,0.37524709534813044,0.22718681967935525,1.2675523029096079,-0.2741052899026727,1.2558655911773642,0.9844510864251745,0.5984610796258365,1.1492090596629834
1.1020522657838738,0.42183096522794006,1.3461203607354977,0.3800886854944363,1.170114666120953,0.47848112966357825,1.282118493530668,1.5532633741661415,0.6354115511046375,0.5011123776994585,0.1659343532879888,1.2675523029096079,-0.3270731222094878,1.2558655911773642,0.9844510864251745,0.6678223436727591,1.2119701648364305
1.0562599222612015,0.39564570937654936,1.313481983467453,0.4599783461115316,1.221644170041286,0.5065901664992709,1.302876816829622,1.5102364895849356,0.6965013491358147,0.34378077476029845,0.10468188689662235,1.2940724989084817,0.1987295058118197,1.1944954335299813,0.9844510864251745,0.6678223436727591,1.2433507174231542
1.1020522657838738,0.43439988803660645,1.3787587380035364,0.4983253832077339,1.221644170041286,0.47848112966357825,1.3236351401285755,1.4241827204225241,0.6965013491358147,0.5955113394629544,0.22718681967935525,1.2940724989084817,0.1461923062879872,1.27120813058921,0.9282483765373724,0.5984610796258365,1.2119701648364305
1.1020522657838738,0.4469688108452775,1.3461203607354977,0.4983253832077339,1.182734136468788,0.47848112966357825,1.302876816829622,1.4672096050037298,0.6354115511046375,0.7216345424748387,0.2884392860707217,1.2675523029096079,0.09365510676415471,1.2405230517655186,0.9282483765373724,0.5984610796258365,1.2119701648364305
1.0562599222612015,0.40926204241927366,1.362439549369517,0.4983253832077339,1.2090246996934464,0.44802967309157266,1.302876816829622,1.5532633741661415,0.08560336882404251,0.6901682218870068,0.22718681967935525,1.2940724989084817,0.1987295058118197,1.2098379729418272,0.9282483765373724,0.6331417116492978,1.180589612249707
1.1020522657838738,0.40926204241927366,1.3787587380035364,0.42163130901532925,1.2090246996934464,0.5628082401706562,1.302876816829622,1.2520751820977007,0.6354115511046375,0.5325786982872904,0.1659343532879888,1.34711289090623,-0.01141929228351025,1.2251805123536728,0.8442884099294722,0.6678223436727591,1.2119701648364305
1.0562599222612015,0.43439988803660645,1.3298011721014722,0.4983253832077339,1.221644170041286,0.47848112966357825,1.3236351401285755,1.5962902587473473,0.6965013491358147,0.46964605711162644,-0.017823045886110566,1.2675523029096079,-0.01141929228351025,1.2405230517655186,0.8722750654654389,0.6678223436727591,1.1492090596629834
1.1020522657838738,0.49829191231400094,1.3787587380035364,0.5750194574001528,1.1964052293456113,0.44802967309157266,1.3443934634275292,1.5532633741661415,0.6354115511046375,0.6272355807113427,0.1659343532879888,1.2940724989084817,0.041117907240322236,1.2405230517655186,0.8722750654654389,0.7371836077196815,1.2433507174231542
1.1020522657838738,0.47315406669666815,1.3298011721014722,0.4599783461115316,1.1964052293456113,0.5065901664992709,1.3443934634275292,1.3811558358413183,0.3910523589799286,0.5325786982872904,0.04342942050525589,1.2675523029096079,0.1461923062879872,1.2098379729418272,0.9564644308892079,0.5984610796258365,1.1492090596629834
1.1443221213432864,0.47315406669666815,1.3787587380035364,0.5366724203039505,1.234263640389121,0.47848112966357825,1.3236351401285755,1.4241827204225241,0.5743217530734603,0.31231445417246645,0.22718681967935525,1.2410321069107337,0.09365510676415471,1.2558655911773642,0.9844510864251745,0.6678223436727591,1.086447954489536
1.013990066701789,0.4469688108452775,1.3964378590237272,0.5366724203039505,1.2090246996934464,0.5065901664992709,1.302876816829622,1.4241827204225241,0.6965013491358147,0.40671341593596244,0.22718681967935525,1.2145119109118596,0.041117907240322236,1.2405230517655186,0.8442884099294722,0.7371836077196815,1.180589612249707
1.1443221213432864,0.43439988803660645,1.362439549369517,0.5366724203039505,1.2090246996934464,0.5346992033349636,1.3651517867264826,1.4241827204225241,0.5132319550422831,0.31231445417246645,0.22718681967935525,1.2675523029096079,0.1987295058118197,1.2405230517655186,0.9282483765373724,0.7025029756962203,1.2119701648364305
1.1020522657838738,0.49829191231400094,1.3964378590237272,0.4983253832077339,1.1964052293456113,0.47848112966357825,1.3236351401285755,1.3811558358413183,0.6354115511046375,0.6587019012991747,0.2884392860707217,1.3205926949073559,0.09365510676415471,1.2405230517655186,1.0124377419611412,0.7025029756962203,1.1178285070762597
1.013990066701789,0.5370460909740626,1.362439549369517,0.5750194574001528,1.234263640389121,0.47848112966357825,1.3443934634275292,1.4672096050037298,0.6965013491358147,0.7845671836505027,0.34969175246208817,1.2940724989084817,0.09365510676415471,1.2405230517655186,1.0124377419611412,0.7025029756962203,1.086447954489536
0.9717202111423919,0.510860835122672,1.3964378590237272,0.5750194574001528,1.273173673961619,0.44802967309157266,1.3236351401285755,1.5532633741661415,0.6354115511046375,0.8474998248261667,0.47269875464147215,1.2675523029096079,-0.3796103217333203,1.27120813058921,1.0684110530330746,0.6331417116492978,1.1492090596629834
1.013990066701789,0.510860835122672,1.4127570476577465,0.5750194574001528,1.285793144309454,0.47848112966357825,1.3236351401285755,1.4672096050037298,0.4521421570111059,0.7216345424748387,0.47269875464147215,1.2675523029096079,-0.2741052899026727,1.1944954335299813,1.0963977085690415,0.6331417116492978,1.2119701648364305
1.1020522657838738,0.5370460909740626,1.3964378590237272,0.6932561551134504,1.273173673961619,0.5346992033349636,1.3236351401285755,1.5962902587473473,0.6354115511046375,0.7531008630626708,0.34969175246208817,1.2940724989084817,-0.06395649180734274,1.2251805123536728,1.0684110530330746,0.5637804476023753,1.180589612249707
1.1865919769026834,0.5370460909740626,1.4127570476577465,0.6932561551134504,1.273173673961619,0.5065901664992709,1.3651517867264826,1.4672096050037298,0.757591147166992,0.43817973652379444,0.47269875464147215,1.2675523029096079,0.041117907240322236,1.3020189679326708,1.040424397497108,0.7371836077196815,1.1492090596629834
1.1443221213432864,0.5244771681653962,1.3964378590237272,0.6165620809210457,1.2605542036137793,0.5346992033349636,1.2404316967417857,1.4241827204225241,0.8797707432293465,0.5955113394629544,0.1659343532879888,1.3205926949073559,0.09365510676415471,1.2558655911773642,1.0963977085690415,0.6678223436727591,1.180589612249707
1.2288618324620804,0.5244771681653962,1.463074545945982,0.6165620809210457,1.273173673961619,0.5065901664992709,1.3236351401285755,1.5532633741661415,0.6965013491358147,0.40671341593596244,0.1659343532879888,1.2940724989084817,-0.01141929228351025,1.2558655911773642,1.0684110530330746,0.7025029756962203,1.2119701648364305
1.2288618324620804,0.549615013782729,1.4793937345800012,0.6165620809210457,1.285793144309454,0.5065901664992709,1.3443934634275292,1.639317143328553,0.6354115511046375,0.5325786982872904,0.2884392860707217,1.4003706615597067,0.1461923062879872,1.087097657647061,1.1523710196409749,0.7025029756962203,1.2747312700098778
1.271131688021493,0.549615013782729,1.463074545945982,0.6932561551134504,1.273173673961619,0.5065901664992709,1.3236351401285755,1.4672096050037298,0.6354115511046375,0.46964605711162644,0.04342942050525589,1.34711289090623,0.1987295058118197,1.1177827364707527,1.1243843641050082,0.7025029756962203,1.2119701648364305
1.271131688021493,0.549615013782729,1.4453954249257912,0.7316031922096669,1.285793144309454,0.47848112966357825,1.282118493530668,1.639317143328553,0.6965013491358147,0.28084813358463445,0.22718681967935525,1.3205926949073559,0.09365510676415471,1.2251805123536728,1.0684110530330746,0.7371836077196815,1.1178285070762597
1.3591938871035778,0.549615013782729,1.463074545945982,0.654909118017248,1.273173673961619,0.5628082401706562,1.302876816829622,1.4672096050037298,0.6965013491358147,0.43817973652379444,0.22718681967935525,1.34711289090623,-0.2741052899026727,1.2865506700010556,1.0963977085690415,0.7371836077196815,1.1178285070762597
1.271131688021493,0.5747528594000665,1.512032111848046,0.7316031922096669,1.298412614657289,0.47848112966357825,1.3859101100254363,1.4672096050037298,0.5132319550422831,0.8160335042383348,0.1659343532879888,1.4003706615597067,0.1987295058118197,1.3173615073445164,1.1523710196409749,0.6331417116492978,1.180589612249707
1.1865919769026834,0.6009381152514571,1.5283513004820655,0.7731458157305456,1.298412614657289,0.47848112966357825,1.3859101100254363,1.4241827204225241,0.5743217530734603,0.7216345424748387,0.34969175246208817,1.4268908575585808,0.1461923062879872,1.2558655911773642,1.0684110530330746,0.7025029756962203,1.180589612249707
1.3169240315441653,0.6009381152514571,1.4957129232140207,0.7731458157305456,1.298412614657289,0.5065901664992709,1.4481850799222968,1.5532633741661415,0.4521421570111059,0.5325786982872904,0.04342942050525589,1.2940724989084817,0.041117907240322236,1.2405230517655186,1.040424397497108,0.7025029756962203,1.180589612249707
1.271131688021493,0.6135070380601235,1.4793937345800012,0.8498398899229644,1.285793144309454,0.47848112966357825,1.4274267566233434,1.5102364895849356,0.6354115511046375,0.15498285123330646,0.22718681967935525,1.4268908575585808,0.09365510676415471,1.2558655911773642,1.0124377419611412,0.7371836077196815,1.180589612249707
1.2288618324620804,0.6260759608687946,1.463074545945982,0.7731458157305456,1.298412614657289,0.5346992033349636,1.3859101100254363,1.5102364895849356,0.5743217530734603,0.6587019012991747,0.1659343532879888,1.4003706615597067,0.1987295058118197,1.2405230517655186,1.0963977085690415,0.6678223436727591,1.180589612249707
1.2288618324620804,0.6135070380601235,1.4957129232140207,0.654909118017248,1.3110320850051238,0.5065901664992709,1.3443934634275292,1.5532633741661415,0.5743217530734603,0.6901682218870068,0.1659343532879888,1.4268908575585808,0.25126670533565215,1.3020189679326708,1.1243843641050082,0.6678223436727591,1.180589612249707
1.3169240315441653,0.6135070380601235,1.4957129232140207,0.654909118017248,1.298412614657289,0.5346992033349636,1.3443934634275292,1.5102364895849356,0.5743217530734603,0.6272355807113427,0.22718681967935525,1.4003706615597067,0.1461923062879872,1.2558655911773642,0.9844510864251745,0.7718642397431428,1.180589612249707
1.4014637426629748,0.6009381152514571,1.512032111848046,0.7316031922096669,1.298412614657289,0.5346992033349636,1.489701726520204,1.5532633741661415,0.5132319550422831,0.46964605711162644,0.1659343532879888,1.3738504655608328,0.041117907240322236,1.3020189679326708,1.0963977085690415,0.6678223436727591,1.2433507174231542
1.271131688021493,0.6135070380601235,1.512032111848046,0.8114928528267622,1.298412614657289,0.5346992033349636,1.4066684333243897,1.5532633741661415,0.6354115511046375,0.5011123776994585,0.1659343532879888,1.453411053557455,0.09365510676415471,1.3020189679326708,1.0963977085690415,0.7371836077196815,1.2119701648364305
1.3169240315441653,0.6260759608687946,1.512032111848046,0.8114928528267622,1.285793144309454,0.5628082401706562,1.3443934634275292,1.5532633741661415,0.5743217530734603,0.5325786982872904,0.1659343532879888,1.4003706615597067,0.1987295058118197,1.3020189679326708,1.0963977085690415,0.6678223436727591,1.2119701648364305
1.3169240315441653,0.6135070380601235,1.4957129232140207,0.7731458157305456,1.3247031778819474,0.5065901664992709,1.3443934634275292,1.5962902587473473,0.08560336882404251,0.5640450188751225,0.22718681967935525,1.3738504655608328,0.25126670533565215,1.27120813058921,1.0124377419611412,0.6331417116492978,1.1492090596629834
1.3591938871035778,0.6260759608687946,1.512032111848046,0.8881869270191668,1.298412614657289,0.5346992033349636,1.3859101100254363,1.639317143328553,0.5743217530734603,0.8474998248261667,-0.017823045886110566,1.4003706615597067,0.1461923062879872,1.2558655911773642,0.9564644308892079,0.7025029756962203,1.2433507174231542
1.3169240315441653,0.6260759608687946,1.463074545945982,0.8498398899229644,1.3247031778819474,0.5065901664992709,1.4066684333243897,1.4672096050037298,0.5743217530734603,0.7216345424748387,0.1659343532879888,1.3738504655608328,0.1461923062879872,1.2405230517655186,0.9564644308892079,0.7371836077196815,1.1492090596629834
1.271131688021493,0.6260759608687946,1.512032111848046,0.8114928528267622,1.3247031778819474,0.5628082401706562,1.3443934634275292,1.5102364895849356,0.6965013491358147,0.5955113394629544,0.1659343532879888,1.3738504655608328,0.1987295058118197,1.27120813058921,0.9844510864251745,0.7371836077196815,1.086447954489536
1.3169240315441653,0.6260759608687946,1.4957129232140207,0.7316031922096669,1.3110320850051238,0.5628082401706562,1.3236351401285755,1.5532633741661415,0.757591147166992,0.5955113394629544,0.2884392860707217,1.4003706615597067,0.1461923062879872,1.3020189679326708,1.0124377419611412,0.6331417116492978,1.2119701648364305
1.4014637426629748,0.6522612167201852,1.4793937345800012,0.7731458157305456,1.3110320850051238,0.5628082401706562,1.302876816829622,1.5532633741661415,0.6965013491358147,0.6901682218870068,0.22718681967935525,1.3738504655608328,0.1461923062879872,1.27120813058921,0.9844510864251745,0.6678223436727591,1.180589612249707
1.3591938871035778,0.6522612167201852,1.4957129232140207,0.7731458157305456,1.3110320850051238,0.5628082401706562,1.3236351401285755,1.4241827204225241,0.757591147166992,0.6587019012991747,0.2884392860707217,1.453411053557455,-0.22156809037884018,1.2251805123536728,1.0684110530330746,0.7371836077196815,1.2433507174231542
1.4014637426629748,0.6648301395288516,1.4793937345800012,0.8114928528267622,1.3247031778819474,0.5909172770063592,1.3236351401285755,1.3811558358413183,0.8186809451981693,0.8160335042383348,0.22718681967935525,1.4268908575585808,0.1461923062879872,1.148467815294444,1.0684110530330746,0.7371836077196815,1.180589612249707
1.3591938871035778,0.6648301395288516,1.4957129232140207,0.8498398899229644,1.3110320850051238,0.5346992033349636,1.3859101100254363,1.639317143328553,0.757591147166992,0.6901682218870068,0.04342942050525589,1.4268908575585808,0.25126670533565215,1.2405230517655186,1.0124377419611412,0.7371836077196815,1.1492090596629834
1.3591938871035778,0.6522612167201852,1.4793937345800012,0.8114928528267622,1.3247031778819474,0.6213687335783649,1.3443934634275292,1.6823440279097588,0.6965013491358147,0.6272355807113427,0.22718681967935525,1.3205926949073559,0.1461923062879872,1.3173615073445164,1.0124377419611412,0.6331417116492978,1.2433507174231542
1.3169240315441653,0.638644883677461,1.4793937345800012,0.654909118017248,1.3373226482297869,0.5628082401706562,1.3859101100254363,1.5962902587473473,0.5743217530734603,0.40671341593596244,0.34969175246208817,1.3738504655608328,0.1987295058118197,1.3173615073445164,1.040424397497108,0.7025029756962203,1.2433507174231542
1.271131688021493,0.638644883677461,1.546030421502256,0.7316031922096669,1.3373226482297869,0.5065901664992709,1.4274267566233434,1.5962902587473473,0.757591147166992,0.6272355807113427,0.2884392860707217,1.4268908575585808,0.25126670533565215,1.27120813058921,1.040424397497108,0.6678223436727591,1.337492375183325
1.3169240315441653,0.6135070380601235,1.5283513004820655,0.7316031922096669,1.349942118577622,0.47848112966357825,1.3651517867264826,1.5102364895849356,0.8797707432293465,0.6587019012991747,0.34969175246208817,1.4003706615597067,0.1987295058118197,1.2865506700010556,1.040424397497108,0.7025029756962203,1.2747312700098778
1.3591938871035778,0.6773990623375181,1.546030421502256,0.7316031922096669,1.3247031778819474,0.5346992033349636,1.4274267566233434,1.5532633741661415,0.757591147166992,0.7531008630626708,0.1659343532879888,1.4003706615597067,-0.11649369133117522,1.2558655911773642,1.0684110530330746,0.7371836077196815,1.337492375183325
1.3591938871035778,0.6522612167201852,1.5283513004820655,0.7731458157305456,1.349942118577622,0.5346992033349636,1.3443934634275292,1.5962902587473473,0.8186809451981693,0.5325786982872904,-0.017823045886110566,1.3738504655608328,0.3563411043833171,1.2558655911773642,1.040424397497108,0.7718642397431428,1.3061118225966015
1.271131688021493,0.6773990623375181,1.512032111848046,0.7731458157305456,1.3625615889254568,0.47848112966357825,1.3443934634275292,1.639317143328553,0.757591147166992,0.34378077476029845,0.1659343532879888,1.3738504655608328,0.1461923062879872,1.2558655911773642,1.040424397497108,0.6678223436727591,1.2433507174231542
1.3591938871035778,0.6522612167201852,1.5283513004820655,0.8114928528267622,1.349942118577622,0.5065901664992709,1.302876816829622,1.5532633741661415,0.6965013491358147,0.5325786982872904,0.47269875464147215,1.4268908575585808,0.1987295058118197,1.2558655911773642,1.040424397497108,0.7718642397431428,1.3061118225966015
1.3169240315441653,0.6522612167201852,1.4957129232140207,0.7316031922096669,1.349942118577622,0.5346992033349636,1.4066684333243897,1.5102364895849356,0.6965013491358147,0.5955113394629544,0.4109442188534546,1.4003706615597067,0.25126670533565215,1.27120813058921,1.040424397497108,0.7371836077196815,1.2433507174231542
1.3591938871035778,0.6773990623375181,1.512032111848046,0.8114928528267622,1.3373226482297869,0.5346992033349636,1.3859101100254363,1.5532633741661415,0.6965013491358147,0.34378077476029845,0.34969175246208817,1.3738504655608328,0.30380390485948466,1.2558655911773642,1.0124377419611412,0.6678223436727591,1.2433507174231542
1.271131688021493,0.6648301395288516,1.5283513004820655,0.7731458157305456,1.349942118577622,0.5346992033349636,1.3443934634275292,1.5532633741661415,0.6354115511046375,0.34378077476029845,0.22718681967935525,1.4003706615597067,0.25126670533565215,1.27120813058921,1.040424397497108,0.7025029756962203,1.3691301454142024
1.271131688021493,0.6522612167201852,1.5283513004820655,0.7731458157305456,1.3625615889254568,0.5346992033349636,1.302876816829622,1.639317143328553,0.6354115511046375,0.43817973652379444,0.4109442188534546,1.3738504655608328,0.30380390485948466,1.2865506700010556,1.0963977085690415,0.6678223436727591,1.2747312700098778
1.1865919769026834,0.6648301395288516,1.5283513004820655,0.8114928528267622,1.3373226482297869,0.5346992033349636,1.282118493530668,1.6823440279097588,0.757591147166992,0.37524709534813044,0.4109442188534546,1.3738504655608328,0.25126670533565215,1.102440197058907,1.040424397497108,0.7371836077196815,1.3061118225966015
1.1865919769026834,0.6648301395288516,1.5283513004820655,0.8498398899229644,1.3762326818022803,0.5346992033349636,1.302876816829622,1.639317143328553,0.6354115511046375,0.37524709534813044,0.4109442188534546,1.2940724989084817,0.041117907240322236,1.2558655911773642,1.0684110530330746,0.7025029756962203,1.2433507174231542
1.1865919769026834,0.6522612167201852,1.512032111848046,0.9265339641153834,1.349942118577622,0.5065901664992709,1.3443934634275292,1.639317143328553,0.5132319550422831,0.8474998248261667,0.2884392860707217,1.3205926949073559,0.1461923062879872,1.148467815294444,1.0684110530330746,0.7025029756962203,1.2433507174231542
1.1443221213432864,0.6522612167201852,1.5283513004820655,0.8498398899229644,1.3373226482297869,0.5628082401706562,1.302876816829622,1.4672096050037298,0.5132319550422831,0.8474998248261667,0.2884392860707217,1.3205926949073559,0.30380390485948466,1.2405230517655186,1.0963977085690415,0.7025029756962203,1.2747312700098778
1.2288618324620804,0.6522612167201852,1.5283513004820655,0.8114928528267622,1.3625615889254568,0.5065901664992709,1.3443934634275292,1.5962902587473473,0.6354115511046375,0.6272355807113427,0.22718681967935525,1.4003706615597067,0.25126670533565215,1.2558655911773642,1.0963977085690415,0.7025029756962203,1.3061118225966015
1.1443221213432864,0.6522612167201852,1.546030421502256,0.8498398899229644,1.3888521521501154,0.5346992033349636,1.3236351401285755,1.5102364895849356,0.757591147166992,0.6901682218870068,0.34969175246208817,1.34711289090623,0.1987295058118197,1.2405230517655186,0.9564644308892079,0.7371836077196815,1.2747312700098778
1.1865919769026834,0.6522612167201852,1.5283513004820655,0.8498398899229644,1.3888521521501154,0.5346992033349636,1.3236351401285755,1.5962902587473473,0.6354115511046375,0.37524709534813044,0.34969175246208817,1.2940724989084817,0.1987295058118197,1.2251805123536728,0.9844510864251745,0.806544871766604,1.3061118225966015
1.2288618324620804,0.6899679851461891,1.512032111848046,0.8498398899229644,1.3625615889254568,0.5909172770063592,1.3443934634275292,1.3811558358413183,0.6354115511046375,0.5640450188751225,0.2884392860707217,1.2145119109118596,0.25126670533565215,1.2251805123536728,0.9844510864251745,0.7718642397431428,1.337492375183325
1.2288618324620804,0.6899679851461891,1.546030421502256,0.8881869270191668,1.3373226482297869,0.6213687335783649,1.3236351401285755,1.4672096050037298,0.3910523589799286,0.40671341593596244,0.4109442188534546,1.2940724989084817,0.30380390485948466,1.2558655911773642,0.9844510864251745,0.7718642397431428,1.2433507174231542
1.1865919769026834,0.6773990623375181,1.546030421502256,1.0064236247324787,1.3625615889254568,0.5065901664992709,1.3651517867264826,1.7253709124909646,0.5132319550422831,0.34378077476029845,0.4109442188534546,0.5510722536285511,0.1987295058118197,1.2558655911773642,1.040424397497108,0.7371836077196815,1.2747312700098778
1.1865919769026834,0.6899679851461891,1.512032111848046,1.0064236247324787,1.4014716224979549,0.5628082401706562,1.3443934634275292,1.7253709124909646,0.5743217530734603,0.5325786982872904,0.5339512210328385,0.471511665631929,0.25126670533565215,1.2405230517655186,1.0124377419611412,0.7371836077196815,1.3061118225966015
1.1865919769026834,0.7025369079548555,1.5623496101362755,0.8498398899229644,1.3888521521501154,0.5628082401706562,1.3443934634275292,1.5102364895849356,0.5743217530734603,0.7845671836505027,0.34969175246208817,1.4003706615597067,0.1461923062879872,1.1944954335299813,0.9282483765373724,0.7718642397431428,1.2747312700098778
1.2288618324620804,0.6899679851461891,1.5786687987702948,0.8881869270191668,1.3625615889254568,0.5628082401706562,1.3443934634275292,1.5962902587473473,0.6354115511046375,0.7845671836505027,0.5339512210328385,2.2494516908351336,0.1987295058118197,1.27120813058921,0.9564644308892079,0.6331417116492978,1.3691301454142024
1.271131688021493,0.7025369079548555,1.5283513004820655,0.8498398899229644,1.349942118577622,0.5909172770063592,1.3443934634275292,1.639317143328553,0.6354115511046375,0.5955113394629544,0.47269875464147215,1.9840323521906644,0.3563411043833171,1.3020189679326708,0.9844510864251745,0.806544871766604,1.3061118225966015
1.271131688021493,0.6773990623375181,1.5786687987702948,0.8114928528267622,1.3625615889254568,0.5628082401706562,1.3236351401285755,1.4672096050037298,0.4521421570111059,0.5640450188751225,0.4109442188534546,1.3205926949073559,0.1987295058118197,1.27120813058921,1.0124377419611412,0.8412255037900653,1.2433507174231542
1.3169240315441653,0.6773990623375181,1.546030421502256,0.8114928528267622,1.3762326818022803,0.5628082401706562,1.3443934634275292,1.5102364895849356,0.5743217530734603,0.46964605711162644,0.4109442188534546,1.6655726215484472,0.1987295058118197,1.27120813058921,1.0124377419611412,0.8412255037900653,1.2433507174231542
1.3169240315441653,0.6522612167201852,1.5283513004820655,0.8114928528267622,1.4014716224979549,0.5628082401706562,1.3859101100254363,1.639317143328553,0.5132319550422831,0.5955113394629544,0.47269875464147215,1.6655726215484472,0.09365510676415471,1.27120813058921,1.040424397497108,0.9105867678369878,1.2433507174231542
1.3169240315441653,0.6773990623375181,1.4957129232140207,0.8498398899229644,1.3625615889254568,0.5628082401706562,1.3859101100254363,1.5102364895849356,0.757591147166992,0.6272355807113427,0.34969175246208817,1.6920928175473213,-0.22156809037884018,1.2405230517655186,1.040424397497108,0.8412255037900653,1.3061118225966015
1.4014637426629748,0.7025369079548555,1.546030421502256,0.7731458157305456,1.3762326818022803,0.5909172770063592,1.3651517867264826,1.5102364895849356,0.757591147166992,0.31231445417246645,0.595203687424205,1.532971641554077,0.3563411043833171,1.2558655911773642,0.9844510864251745,0.806544871766604,1.2119701648364305
1.3591938871035778,0.6648301395288516,1.5786687987702948,0.7316031922096669,1.3625615889254568,0.5909172770063592,1.3236351401285755,1.5532633741661415,0.6354115511046375,0.5011123776994585,0.5339512210328385,1.2940724989084817,0.25126670533565215,1.27120813058921,1.0684110530330746,0.8412255037900653,1.2747312700098778
1.271131688021493,0.6648301395288516,1.5786687987702948,0.8881869270191668,1.3888521521501154,0.5909172770063592,1.3859101100254363,1.5532633741661415,0.6354115511046375,0.5011123776994585,0.6564561538155715,1.586012033551825,0.30380390485948466,1.2558655911773642,0.9564644308892079,0.8412255037900653,1.2433507174231542
1.3591938871035778,0.7161532409975798,1.5623496101362755,0.968076587636262,1.3888521521501154,0.6775868072497501,1.3859101100254363,1.5962902587473473,0.757591147166992,0.5325786982872904,0.47269875464147215,1.8514313721962943,0.40887830390714963,1.1331252758825985,0.9564644308892079,0.8412255037900653,1.2433507174231542
1.3169240315441653,0.6899679851461891,1.5283513004820655,1.0064236247324787,1.3625615889254568,0.6213687335783649,1.4066684333243897,1.639317143328553,0.757591147166992,0.5640450188751225,0.4109442188534546,1.8779515681951684,0.30380390485948466,1.1944954335299813,0.9844510864251745,0.806544871766604,1.337492375183325
1.3591938871035778,0.6899679851461891,1.512032111848046,0.968076587636262,1.3625615889254568,0.6775868072497501,1.3859101100254363,1.5532633741661415,0.6354115511046375,0.9104324660018307,0.47269875464147215,1.7186130135461954,0.3563411043833171,1.2405230517655186,0.9282483765373724,0.7718642397431428,1.3061118225966015
1.4014637426629748,0.6648301395288516,1.5623496101362755,1.044770661828681,1.3762326818022803,0.6494777704140575,1.3859101100254363,1.639317143328553,0.6965013491358147,0.9733651071774947,0.2884392860707217,1.506451445555203,0.40887830390714963,1.2865506700010556,0.9564644308892079,0.806544871766604,1.2433507174231542
1.4014637426629748,0.6899679851461891,1.6289862970585303,1.0831176989248832,1.3888521521501154,0.6213687335783649,1.3651517867264826,1.5532633741661415,0.6354115511046375,0.46964605711162644,0.4109442188534546,1.453411053557455,0.3563411043833171,1.2405230517655186,1.0124377419611412,0.8412255037900653,1.337492375183325
1.4014637426629748,0.7025369079548555,1.6113071760383395,1.0064236247324787,1.4014716224979549,0.6213687335783649,1.3443934634275292,1.4672096050037298,0.6354115511046375,0.8474998248261667,0.4109442188534546,1.532971641554077,0.1461923062879872,1.27120813058921,1.0124377419611412,0.8412255037900653,1.2747312700098778
1.3591938871035778,0.7025369079548555,1.6113071760383395,1.0831176989248832,1.3888521521501154,0.6494777704140575,1.282118493530668,1.940858014778807,0.6354115511046375,0.9733651071774947,0.5339512210328385,1.3205926949073559,0.25126670533565215,1.2558655911773642,0.9844510864251745,0.8412255037900653,1.2119701648364305
1.3591938871035778,0.6899679851461891,1.5949879874043202,1.044770661828681,1.3625615889254568,0.7056958440854427,1.3651517867264826,1.8117773610351897,0.4521421570111059,0.7216345424748387,0.4109442188534546,1.34711289090623,0.30380390485948466,1.27120813058921,0.9564644308892079,0.7718642397431428,1.337492375183325
1.4437335982223718,0.7025369079548555,1.5786687987702948,1.0831176989248832,1.3888521521501154,0.6213687335783649,1.3443934634275292,1.639317143328553,0.6965013491358147,0.6901682218870068,0.5339512210328385,1.532971641554077,0.30380390485948466,1.2865506700010556,0.9844510864251745,0.7025029756962203,1.2747312700098778
1.3169240315441653,0.7161532409975798,1.5623496101362755,1.1214647360210999,1.3762326818022803,0.5628082401706562,1.3859101100254363,1.7253709124909646,0.5132319550422831,0.7845671836505027,0.34969175246208817,1.532971641554077,0.09365510676415471,1.2251805123536728,0.9844510864251745,0.806544871766604,1.2747312700098778
1.3169240315441653,0.7161532409975798,1.5623496101362755,1.044770661828681,1.4140910928457897,0.5909172770063592,1.3236351401285755,1.7683977970721705,0.6354115511046375,0.7845671836505027,0.4109442188534546,1.506451445555203,0.25126670533565215,1.2251805123536728,0.9282483765373724,0.8412255037900653,1.2747312700098778
1.4437335982223718,0.7412910866149126,1.5786687987702948,1.4346322056401137,1.4014716224979549,0.6213687335783649,1.3859101100254363,1.7253709124909646,0.6965013491358147,0.6272355807113427,0.4109442188534546,1.6655726215484472,0.3563411043833171,1.2558655911773642,0.9282483765373724,0.8759061358135265,1.2433507174231542
1.3591938871035778,0.7538600094235837,1.5949879874043202,1.2780484708305997,1.3888521521501154,0.7056958440854427,1.3651517867264826,1.6823440279097588,0.6354115511046375,0.6587019012991747,0.5339512210328385,1.3205926949073559,0.30380390485948466,1.2558655911773642,0.9282483765373724,0.8412255037900653,1.2433507174231542
1.4014637426629748,0.7412910866149126,1.6113071760383395,1.201354396638195,1.4267105631936248,0.6775868072497501,1.3443934634275292,1.5962902587473473,0.4521421570111059,0.7216345424748387,0.2884392860707217,1.2940724989084817,0.1987295058118197,1.27120813058921,0.9564644308892079,0.8759061358135265,1.3061118225966015
1.3591938871035778,0.7025369079548555,1.6453054856925498,1.2780484708305997,1.4140910928457897,0.7056958440854427,1.3651517867264826,1.4241827204225241,0.6354115511046375,0.5011123776994585,0.2884392860707217,1.639052425549573,0.40887830390714963,1.2865506700010556,1.0124377419611412,0.8759061358135265,1.3061118225966015
1.4437335982223718,0.7161532409975798,1.6113071760383395,1.3163955079268161,1.4140910928457897,0.6494777704140575,1.3859101100254363,1.2951020666789066,0.6965013491358147,0.5955113394629544,0.2884392860707217,1.532971641554077,0.30380390485948466,1.27120813058921,0.9844510864251745,0.8412255037900653,1.2433507174231542
1.4860034537817846,0.7538600094235837,1.546030421502256,1.2780484708305997,1.3762326818022803,0.6213687335783649,1.3859101100254363,1.3381289512601124,0.6965013491358147,0.8789661454139988,0.2884392860707217,1.586012033551825,0.3563411043833171,1.2405230517655186,0.9282483765373724,0.8759061358135265,1.337492375183325
1.4860034537817846,0.7538600094235837,1.546030421502256,1.3163955079268161,1.3373226482297869,0.7056958440854427,1.3443934634275292,0.9935611952286525,0.4521421570111059,0.7845671836505027,0.5339512210328385,1.2940724989084817,0.40887830390714963,1.2865506700010556,0.9564644308892079,0.8759061358135265,1.180589612249707
1.4437335982223718,0.7538600094235837,1.5949879874043202,1.3163955079268161,1.4014716224979549,0.6775868072497501,1.3236351401285755,1.2951020666789066,0.6354115511046375,0.9104324660018307,0.4109442188534546,1.7718707841996721,0.40887830390714963,1.27120813058921,0.9282483765373724,0.7371836077196815,1.0236868493160889
1.4437335982223718,0.7412910866149126,1.5949879874043202,1.357938131447695,1.3888521521501154,0.6494777704140575,1.3236351401285755,0.8644805414850352,0.6965013491358147,0.5011123776994585,0.4109442188534546,1.6920928175473213,0.25126670533565215,1.2405230517655186,0.9002617210014057,0.806544871766604,0.929545191555918
1.4860034537817846,0.7538600094235837,1.5949879874043202,1.3962851685439115,1.3888521521501154,0.6494777704140575,1.3443934634275292,0.30477836254754626,0.6354115511046375,0.5325786982872904,0.34969175246208817,1.6655726215484472,0.30380390485948466,1.2251805123536728,0.9564644308892079,0.8759061358135265,0.8979074213250406
1.3591938871035778,0.7664289322322501,1.5623496101362755,1.3962851685439115,1.3625615889254568,0.6494777704140575,1.3651517867264826,0.08964393964151726,0.757591147166992,0.5011123776994585,0.34969175246208817,1.3738504655608328,0.40887830390714963,1.2098379729418272,0.9282483765373724,0.8759061358135265,1.0236868493160889
1.4437335982223718,0.7664289322322501,1.546030421502256,1.3962851685439115,1.3762326818022803,0.6775868072497501,1.302876816829622,-0.08281627806511944,0.6354115511046375,0.46964605711162644,0.34969175246208817,1.0819109309174895,0.3563411043833171,1.2405230517655186,0.9564644308892079,0.8412255037900653,1.086447954489536
1.5317957973044567,0.7538600094235837,1.5786687987702948,1.4346322056401137,1.3762326818022803,0.7056958440854427,1.302876816829622,-0.25492381638994266,0.5132319550422831,0.6901682218870068,0.4109442188534546,1.0819109309174895,0.3563411043833171,1.148467815294444,1.0124377419611412,0.7371836077196815,1.086447954489536
1.5317957973044567,0.7412910866149126,1.6113071760383395,1.5113262798325326,1.3625615889254568,0.6213687335783649,1.4066684333243897,-0.42703135471476583,0.6965013491358147,0.5011123776994585,0.4109442188534546,1.0553907349186153,0.40887830390714963,1.16381035470629,0.9282483765373724,0.8412255037900653,1.180589612249707
1.4860034537817846,0.7412910866149126,1.5949879874043202,1.4729792427363162,1.3762326818022803,0.6775868072497501,1.3859101100254363,-0.5130851238771774,0.8186809451981693,0.5640450188751225,0.22718681967935525,0.3919510776353068,0.30380390485948466,1.2405230517655186,0.9282483765373724,0.7718642397431428,1.1178285070762597
1.5317957973044567,0.7800452652749743,1.5786687987702948,1.5113262798325326,1.3888521521501154,0.6775868072497501,1.3651517867264826,-0.5561120084583833,0.6965013491358147,0.7531008630626708,0.1659343532879888,0.5510722536285511,0.30380390485948466,1.27120813058921,0.9002617210014057,0.7718642397431428,0.9923062967293652
1.5740656528638692,0.7538600094235837,1.5949879874043202,1.357938131447695,1.3888521521501154,0.7056958440854427,1.3651517867264826,-0.5561120084583833,0.8186809451981693,0.7845671836505027,0.47269875464147215,0.15305193498971167,0.30380390485948466,1.3020189679326708,0.9002617210014057,0.7718642397431428,1.0550674019028126
1.4860034537817846,0.7538600094235837,1.5623496101362755,1.3962851685439115,1.3762326818022803,0.6775868072497501,1.3651517867264826,-0.8576528799086374,0.4521421570111059,0.5325786982872904,0.4109442188534546,-0.05910963300128072,0.3563411043833171,1.3020189679326708,0.9844510864251745,0.806544871766604,0.39556136229330907
1.5317957973044567,0.7538600094235837,1.6113071760383395,1.4346322056401137,1.3888521521501154,0.6775868072497501,1.282118493530668,-0.8576528799086374,0.6354115511046375,0.6901682218870068,0.47269875464147215,-0.11215002499902882,0.30380390485948466,1.2558655911773642,0.9282483765373724,0.8412255037900653,-0.012643038978251716
1.6163355084232662,0.7412910866149126,1.5786687987702948,1.4346322056401137,1.3888521521501154,0.6775868072497501,1.3443934634275292,-0.7715991107462258,0.757591147166992,0.5325786982872904,-0.017823045886110566,-0.8286300742800867,0.3563411043833171,1.3173615073445164,1.0124377419611412,0.806544871766604,-0.6091307557701556
1.5317957973044567,0.7538600094235837,1.5623496101362755,1.5113262798325326,1.349942118577622,0.7642563374931514,1.3443934634275292,-1.1588410719770779,0.6965013491358147,0.6272355807113427,-0.3853378442343093,-0.9614484329301857,0.3563411043833171,1.3020189679326708,1.040424397497108,0.806544871766604,-1.36277845313983
1.700875219542076,0.7538600094235837,1.5623496101362755,1.3962851685439115,1.3625615889254568,0.7642563374931514,1.3651517867264826,-1.115814187395872,0.6965013491358147,0.7216345424748387,-0.3853378442343093,-0.8816704662778349,0.46184613621396475,1.3173615073445164,1.040424397497108,0.9105867678369878,-1.7709828544113906
1.788937418624161,0.7412910866149126,1.5786687987702948,1.3962851685439115,1.3762326818022803,0.7642563374931514,1.3651517867264826,-1.0297604182334605,0.5743217530734603,0.5011123776994585,-0.14032797866884347,-0.6164685062890931,0.5669205352616298,1.3020189679326708,1.0684110530330746,0.8412255037900653,-1.8023634069981143
1.7466675630647481,0.7287221638062462,1.5949879874043202,1.4346322056401137,1.3625615889254568,0.7056958440854427,1.3443934634275292,-1.115814187395872,0.757591147166992,0.46964605711162644,-0.32408537784294283,-0.9614484329301857,0.46184613621396475,1.2405230517655186,1.0684110530330746,0.7718642397431428,-1.8651245121715616
1.7466675630647481,0.7412910866149126,1.5623496101362755,1.5113262798325326,1.3762326818022803,0.7642563374931514,1.3443934634275292,-0.6421657776207949,0.6354115511046375,0.7216345424748387,-0.9371121111532584,-0.8286300742800867,0.3563411043833171,1.2405230517655186,1.0963977085690415,0.7718642397431428,-2.0534078276919034
1.700875219542076,0.7287221638062462,1.5949879874043202,1.5113262798325326,1.3625615889254568,0.7056958440854427,1.3859101100254363,-0.38400447013356004,0.8186809451981693,0.18644917182113846,-1.79514871002904,-0.6164685062890931,0.46184613621396475,1.2865506700010556,1.1243843641050082,0.8412255037900653,-1.5510617686601715
1.8312072741835579,0.7664289322322501,1.5786687987702948,1.5113262798325326,1.3373226482297869,0.8485834480002293,1.3443934634275292,-0.6421657776207949,0.757591147166992,0.7216345424748387,-2.1014110419858723,-0.7755896822823386,0.46184613621396475,1.27120813058921,1.0684110530330746,0.8759061358135265,-0.7974140712904974
1.7466675630647481,0.7538600094235837,1.6113071760383395,1.5528689033534113,1.3762326818022803,0.8204744111645367,1.2613601702317143,-0.5130851238771774,0.6965013491358147,0.5640450188751225,-2.4081754433393554,-1.2796907849166743,0.5143833357377973,1.2405230517655186,1.0963977085690415,0.7371836077196815,-1.1742379199753346
1.700875219542076,0.7412910866149126,1.5786687987702948,1.4346322056401137,1.3762326818022803,0.7642563374931514,1.3651517867264826,-0.5130851238771774,0.6965013491358147,0.9733651071774947,-2.591932842513455,-1.2796907849166743,0.40887830390714963,1.27120813058921,1.0963977085690415,0.8412255037900653,-1.2369990251487817
1.788937418624161,0.7287221638062462,1.5786687987702948,1.4729792427363162,1.3625615889254568,0.8204744111645367,1.3443934634275292,-0.599138893039589,0.6354115511046375,0.6901682218870068,-2.898195174470287,-1.094049412924556,0.25126670533565215,1.2865506700010556,1.1243843641050082,0.806544871766604,-1.36277845313983
1.700875219542076,0.7664289322322501,1.5623496101362755,1.4729792427363162,1.3625615889254568,0.8204744111645367,1.3859101100254363,-0.6855453415838141,0.6965013491358147,0.6587019012991747,-3.143707109432404,-1.0675292169256818,0.40887830390714963,1.2558655911773642,1.0124377419611412,0.9105867678369878,-1.4883006634867244
1.7466675630647481,0.7161532409975798,1.5623496101362755,1.4729792427363162,1.3373226482297869,0.8204744111645367,1.3443934634275292,-0.8146259953274315,0.6354115511046375,1.068021989601547,-2.9594476408616535,-1.2531705889178002,0.46184613621396475,1.27120813058921,1.0684110530330746,0.8759061358135265,-1.8023634069981143
1.700875219542076,0.7287221638062462,1.5949879874043202,1.4346322056401137,1.3888521521501154,0.7642563374931514,1.3651517867264826,-0.7715991107462258,0.6965013491358147,0.8160335042383348,-3.02070010725302,-1.306428359571277,0.40887830390714963,1.2405230517655186,1.0684110530330746,0.8412255037900653,-1.990646722518456
1.6586053639826632,0.7412910866149126,1.6453054856925498,1.4729792427363162,1.3373226482297869,0.792365374328844,1.3651517867264826,-0.8576528799086374,0.6354115511046375,0.9733651071774947,-2.9594476408616535,-1.226650392918926,0.40887830390714963,1.2558655911773642,1.040424397497108,0.9105867678369878,-1.8651245121715616
1.7466675630647481,0.7412910866149126,1.6453054856925498,1.4346322056401137,1.3625615889254568,0.8204744111645367,1.4066684333243897,-0.7715991107462258,0.6354115511046375,1.3197525543042032,-3.0824546430410376,-1.4655495355645214,0.3563411043833171,1.16381035470629,1.0963977085690415,0.945267399860449,-1.833743959584838
1.700875219542076,0.7538600094235837,1.6289862970585303,1.3962851685439115,1.3762326818022803,0.7338048809211458,1.4066684333243897,-0.7715991107462258,0.6354115511046375,1.068021989601547,-3.266212042215137,-1.332948555570151,0.40887830390714963,1.2098379729418272,1.040424397497108,0.9802322993595127,-1.833743959584838
1.7466675630647481,0.7664289322322501,1.5949879874043202,1.3163955079268161,1.3625615889254568,0.8485834480002293,1.4274267566233434,-1.0297604182334605,0.6354115511046375,0.9418987865896628,-3.0824546430410376,-1.4125091435667732,0.40887830390714963,1.27120813058921,1.040424397497108,0.945267399860449,-2.0534078276919034
1.7466675630647481,0.7412910866149126,1.6453054856925498,1.3962851685439115,1.3625615889254568,0.907143941407938,1.3859101100254363,-0.8576528799086374,0.6965013491358147,0.8474998248261667,-3.143707109432404,-1.2796907849166743,0.6194577347854622,1.2865506700010556,1.1523710196409749,0.945267399860449,-1.8023634069981143
1.6586053639826632,0.7412910866149126,1.6289862970585303,1.3962851685439115,1.3762326818022803,0.9633620150793233,1.3859101100254363,-0.9006797644898431,0.6965013491358147,0.9104324660018307,-3.0824546430410376,-1.7309688742089906,0.46184613621396475,1.27120813058921,1.0963977085690415,1.014912931382974,-1.519681216073448
1.700875219542076,0.7538600094235837,1.6289862970585303,1.3962851685439115,1.3762326818022803,0.9633620150793233,1.3859101100254363,-0.9867335336522547,0.757591147166992,0.7216345424748387,-2.9594476408616535,-1.5451101235611435,-0.01141929228351025,1.27120813058921,1.0963977085690415,0.9802322993595127,-1.4883006634867244
1.700875219542076,0.7412910866149126,1.6289862970585303,1.3962851685439115,1.4140910928457897,0.9914710519150159,1.4066684333243897,-0.8576528799086374,0.6354115511046375,0.8160335042383348,-3.143707109432404,-1.332948555570151,0.46184613621396475,1.2558655911773642,1.040424397497108,1.0842741954298964,-1.7393450841805134
1.7466675630647481,0.7538600094235837,1.6453054856925498,1.357938131447695,1.4014716224979549,1.0219225084870216,1.302876816829622,-1.115814187395872,0.757591147166992,0.6587019012991747,-3.0824546430410376,-1.3859889475678993,0.46184613621396475,1.2865506700010556,1.0963977085690415,0.9802322993595127,-1.7079645315937897
1.8312072741835579,0.7800452652749743,1.6453054856925498,1.3962851685439115,1.3888521521501154,0.9914710519150159,1.3236351401285755,-1.5894625971709495,0.8186809451981693,0.9733651071774947,-3.02070010725302,-1.2531705889178002,0.5143833357377973,1.2558655911773642,1.1243843641050082,0.8759061358135265,-1.676583979007066
1.7466675630647481,0.7800452652749743,1.661624674326569,1.357938131447695,1.4014716224979549,1.0500315453227245,1.3859101100254363,-1.3743281742649205,0.6965013491358147,1.162420951365043,-3.02070010725302,-1.041009020926808,0.25126670533565215,1.2558655911773642,1.040424397497108,0.9802322993595127,-1.5510617686601715
1.7466675630647481,0.7664289322322501,1.6453054856925498,1.2780484708305997,1.4014716224979549,1.0500315453227245,1.3651517867264826,-1.2882744051025088,0.6965013491358147,0.6901682218870068,-2.9594476408616535,-1.041009020926808,0.46184613621396475,1.27120813058921,1.0124377419611412,0.9802322993595127,-1.833743959584838
1.7466675630647481,0.7538600094235837,1.6453054856925498,1.357938131447695,1.3762326818022803,0.9914710519150159,1.3651517867264826,-1.1588410719770779,0.6965013491358147,0.7845671836505027,-3.0824546430410376,-1.0675292169256818,0.6194577347854622,1.2865506700010556,1.040424397497108,1.0495935634064353,-2.0220272751051795
1.7466675630647481,0.7664289322322501,1.6453054856925498,1.3962851685439115,1.3762326818022803,1.0500315453227245,1.4274267566233434,-0.9006797644898431,0.6965013491358147,0.43817973652379444,-2.898195174470287,-1.3859889475678993,0.5143833357377973,1.3020189679326708,1.1243843641050082,1.014912931382974,-1.9592661699317324
1.8312072741835579,0.7800452652749743,1.661624674326569,1.3163955079268161,1.4014716224979549,0.9352529782436306,1.4066684333243897,-0.8146259953274315,0.6965013491358147,0.15498285123330646,-3.02070010725302,-1.094049412924556,0.5669205352616298,1.2558655911773642,1.040424397497108,0.9105867678369878,-1.896505064758285
1.8312072741835579,0.7412910866149126,1.661624674326569,1.357938131447695,1.3888521521501154,0.9914710519150159,1.4066684333243897,-1.0727873028146664,0.6965013491358147,0.5640450188751225,-2.9594476408616535,-1.173610000921178,0.46184613621396475,1.27120813058921,1.0684110530330746,0.9105867678369878,-1.676583979007066
1.8312072741835579,0.7538600094235837,1.6453054856925498,1.4346322056401137,1.4014716224979549,1.0500315453227245,1.4066684333243897,-1.3743281742649205,0.8186809451981693,0.6587019012991747,-3.38871697499787,-1.147089804922304,0.5143833357377973,1.3020189679326708,1.0684110530330746,0.8759061358135265,-1.7709828544113906
1.788937418624161,0.7664289322322501,1.6779438629605945,1.4346322056401137,1.3888521521501154,1.0500315453227245,1.3443934634275292,-1.4173550588461261,0.6354115511046375,0.8789661454139988,-2.714437775296188,-1.2001301969200522,0.5669205352616298,1.2865506700010556,1.040424397497108,1.014912931382974,-1.9278856173450087
1.8312072741835579,0.7800452652749743,1.6453054856925498,1.3962851685439115,1.3888521521501154,1.0219225084870216,1.4066684333243897,-1.3743281742649205,0.8797707432293465,0.9418987865896628,-2.714437775296188,-1.3594687515690251,0.5669205352616298,1.27120813058921,1.040424397497108,0.945267399860449,-1.7709828544113906
1.9157469853023674,0.7800452652749743,1.6779438629605945,1.3163955079268161,1.3625615889254568,1.0219225084870216,1.4274267566233434,-1.2882744051025088,0.757591147166992,0.9104324660018307,-2.7756902416875544,-1.4125091435667732,0.5669205352616298,1.27120813058921,1.0684110530330746,0.9802322993595127,-1.5824423212468952
1.8734771297429549,0.7664289322322501,1.6942630515946138,1.3962851685439115,1.3888521521501154,1.0500315453227245,1.4274267566233434,-1.3743281742649205,0.757591147166992,0.7845671836505027,-2.6531853089048214,-1.3859889475678993,0.46184613621396475,1.2558655911773642,1.0684110530330746,1.014912931382974,-1.519681216073448
1.8312072741835579,0.7538600094235837,1.6779438629605945,1.357938131447695,1.3888521521501154,1.1062496189941098,1.3651517867264826,-1.460381943427332,0.6965013491358147,0.6587019012991747,-2.7756902416875544,-1.3859889475678993,0.6194577347854622,1.27120813058921,1.040424397497108,0.9802322993595127,-1.425539558313277
1.788937418624161,0.7926141880836407,1.6779438629605945,1.3962851685439115,1.3888521521501154,1.0500315453227245,1.4066684333243897,-1.5034088280085378,0.6354115511046375,0.7531008630626708,-2.6531853089048214,-1.5981505155588915,0.5143833357377973,1.27120813058921,0.9564644308892079,0.9802322993595127,-1.519681216073448
2.003809184384452,0.7800452652749743,1.661624674326569,1.357938131447695,1.3762326818022803,1.0781405821584171,1.4274267566233434,-1.460381943427332,0.6965013491358147,0.7216345424748387,-2.469427909730722,-1.3594687515690251,0.46184613621396475,1.27120813058921,1.0684110530330746,0.8759061358135265,-1.7709828544113906
2.5180924270238294,0.7538600094235837,1.661624674326569,1.357938131447695,1.3888521521501154,1.0781405821584171,1.3236351401285755,-1.675516366333361,0.8186809451981693,0.8160335042383348,-2.9594476408616535,-1.306428359571277,0.5143833357377973,1.2865506700010556,1.1243843641050082,0.806544871766604,-2.084788380278627
2.690694337224724,0.7412910866149126,1.661624674326569,1.4346322056401137,1.4014716224979549,1.192919149237511,1.3651517867264826,-2.278245429852056,0.8797707432293465,0.7216345424748387,-2.4081754433393554,-1.2531705889178002,0.5669205352616298,1.3173615073445164,1.0963977085690415,0.945267399860449,-2.084788380278627
1.4860034537817846,0.7664289322322501,1.777218927150888,1.4346322056401137,1.3762326818022803,1.1062496189941098,1.3859101100254363,-1.977057237783615,0.6354115511046375,0.9104324660018307,-2.591932842513455,-1.4125091435667732,0.5143833357377973,1.2865506700010556,1.1523710196409749,0.945267399860449,-2.1161689328653503
0.7568484453821004,0.7664289322322501,1.926811489629417,1.4346322056401137,1.3625615889254568,1.1062496189941098,1.4274267566233434,-1.5464357125897437,0.8186809451981693,1.0994883101893789,-2.5306803761220884,-1.5981505155588915,0.5669205352616298,1.2558655911773642,1.0963977085690415,1.0495935634064353,-2.084788380278627
0.7145785898227035,0.7800452652749743,1.9934481765516658,1.3962851685439115,1.3762326818022803,1.1343586558298024,1.3859101100254363,-1.2018679565582837,0.8186809451981693,0.7216345424748387,-2.5306803761220884,-1.7309688742089906,0.6194577347854622,1.2865506700010556,1.0684110530330746,0.945267399860449,-1.833743959584838
0.7568484453821004,0.7664289322322501,1.3298011721014722,1.4346322056401137,1.3888521521501154,1.1062496189941098,1.3443934634275292,-1.1588410719770779,0.6354115511046375,0.7531008630626708,-2.4081754433393554,-1.5185899275622694,0.6719949343092947,1.2865506700010556,1.040424397497108,0.9802322993595127,-1.7079645315937897
0.4539144805397241,0.7926141880836407,0.8483851073978526,1.4729792427363162,1.3888521521501154,1.1343586558298024,1.4066684333243897,-1.2882744051025088,0.5743217530734603,0.8474998248261667,-2.4081754433393554,-1.6779284822112424,0.6194577347854622,1.2405230517655186,1.0684110530330746,1.0495935634064353,-1.6452034264203426
0.154503003660623,0.7664289322322501,0.7151117335533429,1.4729792427363162,1.3888521521501154,1.1343586558298024,1.3859101100254363,-1.7615701354957727,0.8186809451981693,0.46964605711162644,-2.2244180441652563,-1.4125091435667732,0.40887830390714963,1.2558655911773642,1.0963977085690415,1.0842741954298964,-1.676583979007066
0.23904271477943262,0.7926141880836407,0.5831982920950045,1.5113262798325326,1.3625615889254568,1.1343586558298024,1.3859101100254363,-1.675516366333361,0.5743217530734603,0.8474998248261667,-2.4081754433393554,-1.4390293395656473,0.5669205352616298,1.27120813058921,1.0684110530330746,0.9802322993595127,-1.7393450841805134
0.19677285922003562,0.7926141880836407,0.48256329551853966,1.4729792427363162,1.3625615889254568,1.0500315453227245,1.282118493530668,-1.7615701354957727,0.8186809451981693,0.7216345424748387,-2.2856705105566224,-1.4920697315633953,0.46184613621396475,1.3020189679326708,1.0684110530330746,0.945267399860449,-1.205618472562058
0.06996329254182904,0.7800452652749743,0.48256329551853966,1.4346322056401137,1.3762326818022803,1.0500315453227245,1.302876816829622,-1.7185432509145668,0.5132319550422831,0.5955113394629544,-2.2856705105566224,-1.6511909075566396,0.5143833357377973,1.2865506700010556,1.0684110530330746,0.9105867678369878,-1.0800962622151635
0.024170949019141144,0.7800452652749743,0.39960741996226545,1.4729792427363162,1.4267105631936248,1.0500315453227245,1.3859101100254363,-1.7185432509145668,0.6354115511046375,0.8789661454139988,-2.1626635083772388,-1.6511909075566396,0.6194577347854622,1.2098379729418272,1.1243843641050082,0.9802322993595127,-1.04871570962844
0.06996329254182904,0.7800452652749743,0.2500148574837425,1.4346322056401137,1.4014716224979549,1.0781405821584171,1.3651517867264826,-1.6324894817521551,0.6965013491358147,0.8789661454139988,-2.1626635083772388,-1.6779284822112424,0.46184613621396475,1.2558655911773642,1.0963977085690415,1.014912931382974,-1.0173351570417164
0.024170949019141144,0.7800452652749743,0.16705898192746832,1.4729792427363162,1.4014716224979549,1.0781405821584171,1.3443934634275292,-1.115814187395872,0.8186809451981693,1.2568199131285394,-2.0401585755945058,-1.7309688742089906,0.6194577347854622,1.3173615073445164,1.0684110530330746,0.9802322993595127,-1.2683795777355054
0.154503003660623,0.7926141880836407,0.16705898192746832,1.5113262798325326,1.4140910928457897,1.1343586558298024,1.4066684333243897,-1.2448948411394896,0.8186809451981693,0.7216345424748387,-2.0401585755945058,-1.8105294622056127,0.5143833357377973,1.3020189679326708,1.1243843641050082,1.014912931382974,-1.36277845313983
0.19677285922003562,0.8051831108923071,0.13442060465942354,1.5113262798325326,1.4140910928457897,1.1062496189941098,1.3236351401285755,-1.4173550588461261,0.8186809451981693,0.9418987865896628,-2.714437775296188,-1.7044486782101165,0.5669205352616298,1.27120813058921,1.1523710196409749,0.945267399860449,-1.4569201109000007
0.2848350583021205,0.7926141880836407,0.184738102947659,1.5113262798325326,1.4140910928457897,1.1062496189941098,1.4066684333243897,-1.5034088280085378,0.757591147166992,0.9104324660018307,-1.79514871002904,-1.8635698542033607,0.5143833357377973,1.27120813058921,1.1243843641050082,0.945267399860449,-1.676583979007066
0.23904271477943262,0.7664289322322501,0.184738102947659,1.5528689033534113,1.4267105631936248,1.1062496189941098,1.3236351401285755,-1.6324894817521551,0.8797707432293465,1.068021989601547,-1.7338962436376735,-1.7309688742089906,0.5669205352616298,1.3020189679326708,1.1243843641050082,0.8759061358135265,-1.8023634069981143
0.2848350583021205,0.8177520337009782,0.16705898192746832,1.591215940449628,1.4140910928457897,1.0781405821584171,1.3651517867264826,-1.5034088280085378,0.8797707432293465,1.1938872719528753,-1.9176536428117728,-1.5451101235611435,0.5669205352616298,1.2865506700010556,1.0963977085690415,0.945267399860449,-1.676583979007066
0.9294503555829949,0.7926141880836407,0.13442060465942354,1.591215940449628,1.3762326818022803,1.164810112401808,1.3236351401285755,-1.5034088280085378,0.6965013491358147,0.9104324660018307,-1.8564011764204063,-1.6246707115577657,0.6194577347854622,1.2865506700010556,1.1523710196409749,0.9802322993595127,-1.5824423212468952
1.6586053639826632,0.7926141880836407,0.16705898192746832,1.6295629775458302,1.4014716224979549,1.1343586558298024,1.3443934634275292,-1.2448948411394896,0.6354115511046375,0.7216345424748387,-1.672643777246307,-1.5716303195600174,0.5143833357377973,1.3327040467563622,1.1243843641050082,0.945267399860449,-1.519681216073448
1.2288618324620804,0.7926141880836407,0.2336956688497171,1.591215940449628,1.4267105631936248,1.1062496189941098,1.3651517867264826,-1.5034088280085378,0.6965013491358147,0.8474998248261667,-1.4276339116808412,-1.4655495355645214,0.5143833357377973,1.3173615073445164,1.040424397497108,0.9105867678369878,-1.425539558313277
0.584246535181206,0.7926141880836407,0.26769397850393317,1.6295629775458302,1.4140910928457897,1.0781405821584171,1.4066684333243897,-2.0631110069460266,0.757591147166992,0.6587019012991747,-1.8564011764204063,-1.4125091435667732,0.5669205352616298,1.2865506700010556,1.0684110530330746,0.945267399860449,-1.3941590057265536
1.0562599222612015,0.8051831108923071,0.5328807938067751,1.6679100146420325,1.3888521521501154,1.1062496189941098,1.3859101100254363,-2.192191660689644,0.8186809451981693,0.8160335042383348,-1.7338962436376735,-1.5716303195600174,0.5143833357377973,1.3173615073445164,1.0684110530330746,1.014912931382974,-1.5510617686601715
1.3169240315441653,0.7926141880836407,0.8320659187638271,1.5528689033534113,1.4014716224979549,1.1343586558298024,1.3443934634275292,-1.7185432509145668,0.6965013491358147,0.5955113394629544,-1.550138844463574,-1.4390293395656473,0.5669205352616298,1.3020189679326708,1.0963977085690415,0.9802322993595127,-1.6138228738336189
1.271131688021493,0.7926141880836407,0.5491999824407945,1.591215940449628,1.4014716224979549,1.1062496189941098,1.3443934634275292,-1.3743281742649205,0.6354115511046375,0.9104324660018307,-1.3663814452894747,-1.4125091435667732,0.5669205352616298,1.2865506700010556,1.0684110530330746,0.8759061358135265,-1.1428573673886109
0.9717202111423919,0.8313683667436977,0.6321558579970686,1.591215940449628,1.4267105631936248,1.164810112401808,1.3236351401285755,-1.4173550588461261,0.6354115511046375,0.7531008630626708,-1.550138844463574,-1.4125091435667732,0.6194577347854622,1.2865506700010556,1.040424397497108,1.0495935634064353,-1.1428573673886109
0.9717202111423919,0.8051831108923071,0.6824733562853041,1.6295629775458302,1.4140910928457897,1.192919149237511,1.302876816829622,-1.6324894817521551,0.6965013491358147,0.8789661454139988,-1.4888863780722077,-1.5716303195600174,0.3563411043833171,1.3020189679326708,1.0124377419611412,1.0495935634064353,-1.205618472562058
1.1865919769026834,0.8051831108923071,0.59951748072903,1.6679100146420325,1.4140910928457897,1.164810112401808,1.1158817569480644,-1.5464357125897437,0.757591147166992,0.7531008630626708,-1.550138844463574,-1.4390293395656473,0.6194577347854622,1.3020189679326708,1.0684110530330746,0.9802322993595127,-1.2369990251487817
1.1020522657838738,0.8051831108923071,0.4499249182505009,1.591215940449628,1.4140910928457897,1.164810112401808,1.095123433649111,-1.115814187395872,0.757591147166992,0.6587019012991747,-1.4888863780722077,-1.332948555570151,0.5669205352616298,1.3173615073445164,1.0963977085690415,0.9802322993595127,-0.9545740518682692
0.7145785898227035,0.8177520337009782,0.21737648021569772,1.6295629775458302,1.4014716224979549,1.1343586558298024,0.9081283737675536,-1.3743281742649205,0.3910523589799286,0.7845671836505027,-1.7338962436376735,-1.3594687515690251,0.6194577347854622,1.27120813058921,1.0963977085690415,1.014912931382974,-1.0173351570417164
0.4539144805397241,0.8177520337009782,0.26769397850393317,1.6295629775458302,1.4403816560704483,1.2210281860732037,0.7835784339738323,-1.6324894817521551,0.6354115511046375,1.130954630777211,-1.4888863780722077,-1.2796907849166743,0.5143833357377973,1.148467815294444,1.040424397497108,1.0842741954298964,-1.3941590057265536
0.32710491386151747,0.8313683667436977,0.4159266085962909,1.6295629775458302,1.4403816560704483,1.1343586558298024,0.7213034640769717,-1.8045970200769783,0.5743217530734603,1.2253535925407073,-1.9176536428117728,-1.2796907849166743,0.5143833357377973,1.2558655911773642,1.0963977085690415,1.014912931382974,-1.5510617686601715
0.2848350583021205,0.8439372895523688,0.36696904269422675,1.6295629775458302,1.4267105631936248,1.2210281860732037,0.5550667274943681,-1.7615701354957727,0.5743217530734603,0.9733651071774947,-1.550138844463574,-1.332948555570151,0.6194577347854622,1.3020189679326708,1.1243843641050082,1.014912931382974,-1.5510617686601715
0.23904271477943262,0.8439372895523688,0.21737648021569772,1.5528689033534113,1.4014716224979549,1.2210281860732037,0.2642800511180432,-1.7615701354957727,0.6354115511046375,1.068021989601547,-1.1821219767187243,-1.173610000921178,0.5143833357377973,1.2865506700010556,1.0684110530330746,1.0842741954298964,-1.4883006634867244
0.19677285922003562,0.8690751351697016,0.11810141602540417,1.591215940449628,1.6065380156502937,1.164810112401808,0.03576834463857894,-1.6324894817521551,0.757591147166992,0.8474998248261667,-1.2433744431100908,-1.226650392918926,0.6719949343092947,1.2865506700010556,1.040424397497108,1.0495935634064353,-1.425539558313277
0.11223314810122602,0.8565062123610352,0.10178222739137875,1.6679100146420325,1.6833064602662966,1.2210281860732037,-0.00574830195932816,-1.675516366333361,0.6965013491358147,1.0048314277653267,-1.2433744431100908,-1.4655495355645214,0.6719949343092947,1.2865506700010556,1.040424397497108,1.0495935634064353,-1.299760130322229
0.11223314810122602,0.8313683667436977,0.11810141602540417,1.6295629775458302,1.5550085117299606,1.2210281860732037,-0.13029824175304947,-1.8045970200769783,0.757591147166992,0.8789661454139988,-1.3663814452894747,-1.2001301969200522,0.6194577347854622,1.27120813058921,1.1243843641050082,1.0495935634064353,-1.299760130322229
0.7145785898227035,0.8439372895523688,0.017466419448939303,1.6295629775458302,0.9261382393961162,1.2210281860732037,-0.10953991845409591,-1.5894625971709495,0.4521421570111059,0.7845671836505027,-1.304626909501457,-1.147089804922304,0.6194577347854622,1.2865506700010556,1.040424397497108,0.9802322993595127,-1.2369990251487817
1.4860034537817846,0.8952603910210922,-0.03149114645312485,1.6679100146420325,0.618012838403116,1.4505853202313812,-0.17181488835095657,-1.6324894817521551,0.757591147166992,0.6272355807113427,-1.1208695103273578,-1.173610000921178,0.5669205352616298,1.2865506700010556,0.9844510864251745,0.9802322993595127,-1.2369990251487817
1.1865919769026834,0.9329671594470961,-0.01517195781910548,1.591215940449628,0.4381853859464471,1.3076977163165946,-0.29653497833565307,-1.7615701354957727,0.757591147166992,0.6272355807113427,-0.875859644761892,-1.12056960892343,0.6194577347854622,1.2558655911773642,1.0963977085690415,0.9105867678369878,-1.4569201109000007
1.3169240315441653,0.9455360822557671,0.0011472308149199307,1.7062570517382492,0.3877075045551027,1.2210281860732037,-0.33805162493356017,-1.7185432509145668,0.8186809451981693,0.46964605711162644,-0.9983645775446249,-1.226650392918926,0.5143833357377973,1.2405230517655186,1.040424397497108,1.0495935634064353,-1.5510617686601715
1.788937418624161,0.9329671594470961,0.017466419448939303,1.6679100146420325,0.3487974709826046,1.164810112401808,-0.5665633314130244,-1.5894625971709495,0.6354115511046375,0.34378077476029845,-1.1208695103273578,-1.4655495355645214,0.5143833357377973,1.3020189679326708,1.0963977085690415,1.014912931382974,-1.7079645315937897
1.788937418624161,0.9591524152984867,-0.03149114645312485,1.7062570517382492,0.3098874374101112,1.1062496189941098,-0.5665633314130244,-1.675516366333361,0.6965013491358147,0.7845671836505027,-1.1821219767187243,-1.6779284822112424,0.8296065328807921,1.2865506700010556,1.1803576751769416,1.0842741954298964,-1.2369990251487817
1.5740656528638692,0.9591524152984867,0.26769397850393317,1.6295629775458302,0.14373107783026587,1.192919149237511,-0.5665633314130244,-1.5464357125897437,0.6965013491358147,0.8160335042383348,-1.304626909501457,-1.6779284822112424,0.6194577347854622,1.3020189679326708,1.0124377419611412,1.1189548274533576,-1.0800962622151635
1.8312072741835579,0.9591524152984867,0.5002424165387304,1.7062570517382492,0.09220157390993286,1.1343586558298024,-0.5250466848151173,-1.5034088280085378,0.757591147166992,1.0048314277653267,-0.875859644761892,-1.5716303195600174,0.6719949343092947,1.3173615073445164,1.040424397497108,1.0495935634064353,-1.0800962622151635
1.6163355084232662,0.9591524152984867,0.28401316713795255,1.7477996752591278,0.07958210356209791,1.192919149237511,-0.4626015647272815,-1.460381943427332,0.757591147166992,0.8789661454139988,-1.1208695103273578,-1.7044486782101165,0.5669205352616298,1.2865506700010556,0.9564644308892079,1.014912931382974,-1.1742379199753346
1.013990066701789,0.9591524152984867,0.2336956688497171,1.7062570517382492,0.05329154033743946,1.192919149237511,-0.48335988802623503,-1.5034088280085378,0.757591147166992,0.9733651071774947,-1.0596170439359913,-1.7840092662067386,0.6194577347854622,1.27120813058921,0.9844510864251745,1.014912931382974,-1.6452034264203426
0.584246535181206,0.9968591837244906,0.28401316713795255,2.6042168370744125,0.05329154033743946,1.1062496189941098,-0.5458050081140708,-1.5464357125897437,0.8797707432293465,0.7531008630626708,-1.0596170439359913,-1.9166102462011088,0.7245321338331272,1.2405230517655186,0.9564644308892079,1.0842741954298964,-1.896505064758285
0.4539144805397241,0.9591524152984867,0.2500148574837425,3.345592887601076,0.07958210356209791,1.1343586558298024,-0.587321654711978,-1.4173550588461261,0.8186809451981693,0.9733651071774947,-1.3663814452894747,-2.208549780844452,0.30380390485948466,1.1177827364707527,1.040424397497108,1.014912931382974,-1.8651245121715616
0.19677285922003562,0.9717213381071578,0.035145540469129974,3.3072458505048736,0.07958210356209791,1.1062496189941098,-0.6703549479077922,-1.460381943427332,0.8186809451981693,0.7216345424748387,-1.1208695103273578,-1.969650638198857,0.8296065328807921,1.087097657647061,1.040424397497108,0.9802322993595127,-1.7709828544113906
0.024170949019141144,0.9455360822557671,0.0011472308149199307,1.6679100146420325,0.07958210356209791,1.164810112401808,-0.7326299178046528,-1.4173550588461261,0.757591147166992,0.5640450188751225,-0.875859644761892,-1.8900900502022349,0.7245321338331272,0.8721763473614516,1.0684110530330746,1.0495935634064353,-1.5510617686601715
-0.10263861765906546,0.9842902609158242,0.16705898192746832,0.968076587636262,0.1048210442577678,1.1343586558298024,-0.8365916844903958,-1.4173550588461261,0.8186809451981693,0.15498285123330646,-0.8146071783705255,-1.9166102462011088,0.7245321338331272,0.7799953523706078,1.0684110530330746,0.9802322993595127,-1.5510617686601715
-0.10263861765906546,0.9591524152984867,0.051464729103149344,0.8114928528267622,0.09220157390993286,1.1062496189941098,-0.9403833009851635,-1.3313012896837146,0.6965013491358147,0.6272355807113427,-0.9371121111532584,-1.9166102462011088,0.6719949343092947,0.7339677341350707,1.0963977085690415,0.9802322993595127,-1.4569201109000007
-0.06036876209966847,0.9717213381071578,-0.14844533166360907,0.4983253832077339,0.13005998495344234,1.192919149237511,-0.9818999475830706,-1.3743281742649205,0.8186809451981693,0.5955113394629544,-0.753354711979159,-1.996170834197731,0.7245321338331272,0.5190464238494612,0.9844510864251745,0.9802322993595127,-1.4569201109000007
-0.14490847321846242,0.9717213381071578,-0.23140120721988328,0.10846383939630104,0.4644759491711056,1.1343586558298024,-1.0441749174799322,-1.4173550588461261,0.6354115511046375,0.6901682218870068,-0.6921022455877927,-1.8900900502022349,0.6719949343092947,0.3348101923875432,1.0963977085690415,1.014912931382974,-1.4883006634867244
-0.27524052785995995,0.9842902609158242,-0.2966779617559668,-0.16316100670182007,0.682161812671284,1.164810112401808,-1.0441749174799322,-1.3743281742649205,0.9413612773099601,0.34378077476029845,-0.9983645775446249,-1.9431304421999829,0.6194577347854622,0.13523142151377954,1.1523710196409749,1.0842741954298964,-1.519681216073448
-0.4055725825014418,0.9842902609158242,-0.2966779617559668,-0.437981439224646,0.6053933680552764,1.1343586558298024,-1.0441749174799322,-1.2882744051025088,0.8186809451981693,0.7845671836505027,-0.9983645775446249,-1.8635698542033607,0.6719949343092947,0.02783364563085949,1.0963977085690415,1.0495935634064353,-1.6138228738336189
-0.44784243806085444,0.9717213381071578,-0.42995133560047644,-0.5146755134170506,0.6053933680552764,1.1062496189941098,-1.0234165941809787,-1.2448948411394896,0.8797707432293465,0.8474998248261667,-1.1208695103273578,-2.0226910301966052,0.7770693333569597,-0.0796898887718299,1.040424397497108,1.0495935634064353,-1.1742379199753346
-0.3597802389787539,1.0230444395758813,-0.39731295833243163,-0.6329122111303624,0.553863864134948,1.1062496189941098,-1.0026582708820242,-1.2448948411394896,0.757591147166992,0.9418987865896628,-0.5083448464136933,-1.8370496582044866,0.7245321338331272,-0.1410600464192128,1.0124377419611412,0.945267399860449,-1.0173351570417164
-0.14490847321846242,1.060751208001885,-0.3633146486782216,-0.5945651740341459,0.48971488986678013,1.164810112401808,-1.0649332407788858,-1.3743281742649205,0.6965013491358147,1.068021989601547,-0.753354711979159,-1.7840092662067386,0.7245321338331272,-0.20243020406659568,0.9844510864251745,0.9105867678369878,-0.9231934992815455
0.541976679621809,1.0230444395758813,-0.39731295833243163,-0.5146755134170506,0.4644759491711056,1.1343586558298024,-1.0026582708820242,-1.1588410719770779,0.6965013491358147,0.6272355807113427,-0.9371121111532584,-1.7840092662067386,0.7770693333569597,-0.2331152828902871,1.0124377419611412,0.9105867678369878,-1.0173351570417164
0.7568484453821004,0.9968591837244906,-0.42995133560047644,-0.4763284763208483,0.2594095560187668,1.164810112401808,-1.3142032705573037,-1.115814187395872,0.757591147166992,1.0048314277653267,-0.753354711979159,-1.7840092662067386,0.6194577347854622,-0.30995373846928503,1.040424397497108,1.014912931382974,-1.2683795777355054
0.6265163907406186,0.9717213381071578,-0.48026883388870584,-0.437981439224646,0.13005998495344234,1.1343586558298024,-1.2311699773614895,-1.1588410719770779,0.8797707432293465,0.9733651071774947,-0.8146071783705255,-1.8105294622056127,0.8296065328807921,-0.3406388172929765,1.0124377419611412,1.014912931382974,-1.7393450841805134
0.9294503555829949,0.9717213381071578,-0.3633146486782216,-0.5146755134170506,0.04067206998959985,1.2210281860732037,-1.1273783608667207,-1.0727873028146664,0.6965013491358147,0.9104324660018307,-0.8146071783705255,-1.8105294622056127,0.6194577347854622,-0.6015877458141231,1.0963977085690415,1.0495935634064353,-1.896505064758285
1.3591938871035778,0.9842902609158242,-0.06548945610733489,-0.437981439224646,0.05329154033743946,1.1062496189941098,-1.1273783608667207,-1.115814187395872,0.6965013491358147,0.6901682218870068,-0.5695973128050598,-1.8370496582044866,0.6194577347854622,-0.49418996993120307,0.9844510864251745,1.0495935634064353,-1.7709828544113906
0.9294503555829949,0.9842902609158242,-0.08180864474135426,-0.3580917786075365,0.04067206998959985,1.2210281860732037,-1.0441749174799322,-1.115814187395872,0.8797707432293465,0.6901682218870068,-0.6308497791964262,-1.8635698542033607,0.7245321338331272,-0.4635048911075116,0.9844510864251745,1.1189548274533576,-1.6452034264203426
0.4539144805397241,0.9842902609158242,-0.11444702200939905,-0.24305066731892952,0.05329154033743946,1.1343586558298024,-0.91962497768621,-0.4700582392959716,0.9413612773099601,0.40671341593596244,-0.6921022455877927,-1.8635698542033607,0.7245321338331272,-0.47884743051935735,0.9844510864251745,1.1189548274533576,-1.5510617686601715
0.154503003660623,0.9968591837244906,-0.04781033508714422,-0.3197447415113342,0.02805259964176491,1.1343586558298024,-0.8365916844903958,-0.6421657776207949,1.0024510753411373,0.8160335042383348,-0.9371121111532584,-1.5981505155588915,0.7770693333569597,-0.44803659317589656,0.9002617210014057,1.0495935634064353,-1.519681216073448
0.19677285922003562,1.0094281065331616,-0.01517195781910548,-0.3580917786075365,0.04067206998959985,1.164810112401808,-0.9403833009851635,-0.8576528799086374,0.9413612773099601,0.8160335042383348,-0.6308497791964262,-1.6246707115577657,0.6719949343092947,-0.4635048911075116,0.9282483765373724,1.0842741954298964,-1.4569201109000007
0.11223314810122602,0.9968591837244906,-0.2137220861996926,-0.3580917786075365,0.015433129293929971,1.1343586558298024,-0.9611416242841171,-0.8146259953274315,0.6965013491358147,0.5955113394629544,-0.6308497791964262,-1.5716303195600174,0.7245321338331272,-0.5709026669904317,0.8442884099294722,1.014912931382974,-1.2683795777355054
0.024170949019141144,0.9717213381071578,-0.39731295833243163,-0.3197447415113342,-0.036096374626403034,1.1343586558298024,-0.8365916844903958,-0.8576528799086374,0.6965013491358147,0.7216345424748387,-0.5695973128050598,-1.5716303195600174,0.6719949343092947,-0.6629579034615066,0.7883150988575388,0.9802322993595127,-1.299760130322229
0.024170949019141144,0.9842902609158242,-0.4462705242344958,0.8114928528267622,0.0659110106852744,1.1343586558298024,-1.0026582708820242,-0.8146259953274315,0.9413612773099601,0.5955113394629544,-0.5695973128050598,-1.5451101235611435,0.46184613621396475,-0.7858239772760418,1.2083443307129083,1.014912931382974,-1.3313979005531063
0.06996329254182904,0.9968591837244906,-0.48026883388870584,2.2143552932629795,0.3098874374101112,1.0781405821584171,-1.1481366841656742,-0.8146259953274315,0.9413612773099601,0.8474998248261667,-0.6921022455877927,-1.5185899275622694,0.7770693333569597,-0.7397963590405039,0.6203951656417385,1.0495935634064353,-1.299760130322229
0.154503003660623,0.9968591837244906,-0.5129072111567506,1.9810774842610608,0.5160054530914386,1.192919149237511,-1.0441749174799322,-0.8146259953274315,0.9413612773099601,0.8789661454139988,-0.5695973128050598,-1.4655495355645214,0.7245321338331272,-0.7244538196286582,-0.44378594117260434,0.9802322993595127,-1.36277845313983
0.154503003660623,0.9842902609158242,-0.48026883388870584,1.6679100146420325,0.3614169413304442,1.1343586558298024,-1.1481366841656742,-0.7285722261650199,0.757591147166992,0.5640450188751225,-0.6921022455877927,-1.4655495355645214,0.7245321338331272,-0.8778792137471161,-1.3957910270272103,0.9105867678369878,-1.5510617686601715
0.154503003660623,0.9968591837244906,-0.46394964525468646,1.5113262798325326,0.3487974709826046,1.2210281860732037,-1.1481366841656742,-0.8146259953274315,0.8186809451981693,0.46964605711162644,-1.1821219767187243,-1.3859889475678993,0.6194577347854622,-1.0928005240327254,-2.0959162130581155,0.8412255037900653,-1.7393450841805134
0.11223314810122602,0.9968591837244906,-0.5129072111567506,1.3163955079268161,0.2846484967144367,1.164810112401808,-1.1688950074646278,-0.8576528799086374,0.8186809451981693,0.7531008630626708,-0.5083448464136933,-1.4125091435667732,0.6194577347854622,-1.0774579846208798,-2.3200388561617182,0.7025029756962203,-1.1114768148018872
-0.06036876209966847,0.9968591837244906,-0.56322470944498,1.0064236247324787,0.24573846314194328,1.1062496189941098,-1.1273783608667207,-0.6421657776207949,0.8186809451981693,0.6587019012991747,-0.5083448464136933,-1.4125091435667732,0.7770693333569597,-0.9240325905024226,-2.2078628352019827,0.7718642397431428,-0.8918129466948219
0.024170949019141144,1.0230444395758813,-0.5129072111567506,1.044770661828681,0.1563505481781008,1.1343586558298024,-1.106620037567767,-0.599138893039589,0.757591147166992,0.8474998248261667,-0.32408537784294283,-1.4390293395656473,0.7245321338331272,-0.8165090560997332,-2.1518895241300493,0.806544871766604,-1.5510617686601715
-0.01809890654025584,1.0230444395758813,-0.4965880225227252,0.6932561551134504,0.0659110106852744,1.0781405821584171,-1.1481366841656742,-0.6421657776207949,0.757591147166992,1.0048314277653267,-0.5083448464136933,-1.4125091435667732,0.7770693333569597,-0.6937687408049668,-2.1518895241300493,0.9105867678369878,-2.0220272751051795
0.024170949019141144,1.0230444395758813,-0.5129072111567506,0.3033946113020175,-0.04871584497423797,1.164810112401808,-1.106620037567767,-0.7715991107462258,0.6965013491358147,0.7845671836505027,-0.875859644761892,-1.3594687515690251,0.8296065328807921,-0.678426201393121,-2.2920522006257515,0.945267399860449,-2.0534078276919034
0.024170949019141144,1.0230444395758813,-0.4965880225227252,0.18515791358871989,-0.12653591211922943,1.2210281860732037,-1.2104116540625358,-0.6421657776207949,0.8797707432293465,0.6901682218870068,-0.3853378442343093,-1.5185899275622694,0.6719949343092947,-0.6629579034615066,-1.1998844382754432,0.9105867678369878,-1.896505064758285
0.024170949019141144,1.0094281065331616,-0.52922639979077,0.07011680230009872,-0.1906848863873974,1.164810112401808,-1.3557199171552108,-0.7715991107462258,0.9413612773099601,0.7531008630626708,-0.4465903106256758,-1.3594687515690251,0.7245321338331272,-0.7551388984523504,-0.6679085842762068,0.9802322993595127,-1.8651245121715616
-0.01809890654025584,1.0356133623845523,-0.5469055208109607,0.031769765203896384,-0.2422143903077304,1.192919149237511,-1.3764782404541642,-0.599138893039589,0.8186809451981693,0.7216345424748387,-0.3853378442343093,-1.332948555570151,0.6719949343092947,-0.8011665166878875,-0.8358285174920072,1.2229967235237416,-1.833743959584838
-0.06036876209966847,1.0230444395758813,-0.52922639979077,-0.009772858316996565,-0.28007280135123985,1.164810112401808,-1.2311699773614895,-0.6421657776207949,0.6965013491358147,0.5325786982872904,-0.2628329114515764,-1.306428359571277,0.7770693333569597,-0.8471941349234247,-1.031735106243774,0.5290998155789141,-1.833743959584838
-0.10263861765906546,1.0230444395758813,-0.52922639979077,-0.04811989541319889,-0.22854329743090687,1.164810112401808,-1.0234165941809787,-0.599138893039589,0.6965013491358147,0.31231445417246645,-0.20158044506020995,-1.2796907849166743,0.7770693333569597,-0.9086900510905769,-1.7878336033466131,-0.47720704805266867,-1.676583979007066
-0.19070081674115033,1.0230444395758813,-0.5469055208109607,0.031769765203896384,-0.25483386065556535,1.192919149237511,-1.0026582708820242,-0.599138893039589,0.6965013491358147,0.5640450188751225,-0.2628329114515764,-1.2531705889178002,0.6719949343092947,-0.954717669326114,-2.123902868594082,-1.5531594432067746,-1.6138228738336189
-0.14490847321846242,1.0356133623845523,-0.5469055208109607,-0.04811989541319889,-0.2422143903077304,1.164810112401808,-1.0026582708820242,-0.42703135471476583,0.8186809451981693,0.5325786982872904,-0.32408537784294283,-1.2531705889178002,0.7245321338331272,-0.954717669326114,-2.2358494907379494,-2.1430144550812185,-1.6452034264203426
-0.14490847321846242,1.0481822851932188,-0.5469055208109607,-0.12481396960561773,-0.22854329743090687,1.164810112401808,-0.8158333611914422,-0.34097758555235425,0.8186809451981693,0.6901682218870068,-0.20158044506020995,-1.226650392918926,0.8296065328807921,-0.9854027481498056,-2.067929557522149,-2.247056351151602,-1.6138228738336189
-0.19070081674115033,1.060751208001885,-0.5469055208109607,-0.204703630222713,-0.28007280135123985,1.1343586558298024,-0.9818999475830706,-0.599138893039589,0.757591147166992,0.6272355807113427,-0.14032797866884347,-1.226650392918926,0.7770693333569597,-0.9700602087379597,-1.8158202588825798,-2.247056351151602,-1.5824423212468952
-0.23297067230056295,1.0356133623845523,-0.5795438980789994,-0.08646693250941541,-0.25483386065556535,1.2210281860732037,-1.0234165941809787,-0.5561120084583833,0.6354115511046375,0.46964605711162644,-1.0596170439359913,-1.2796907849166743,0.7245321338331272,-1.0007452875616512,-1.9000096243063487,-2.1776950871046794,-1.4569201109000007
-0.3597802389787539,1.0481822851932188,-0.56322470944498,-0.204703630222713,-0.25483386065556535,1.2210281860732037,-1.1273783608667207,-0.42703135471476583,0.757591147166992,0.31231445417246645,-0.32408537784294283,-1.12056960892343,0.5669205352616298,-1.0007452875616512,-1.6758869812027462,-2.0389725590108347,-1.425539558313277
-0.27524052785995995,1.0356133623845523,-0.5795438980789994,-0.12481396960561773,-0.31898283492373325,1.2210281860732037,-1.0856915640778393,-0.5130851238771774,0.757591147166992,0.31231445417246645,-0.32408537784294283,-1.173610000921178,0.7770693333569597,-1.0007452875616512,-1.1159244716675432,-2.0389725590108347,-1.4883006634867244
-0.23297067230056295,1.060751208001885,-0.5958630867130248,-0.08646693250941541,-0.08762587854673604,1.164810112401808,-1.1896533307635813,-0.34097758555235425,0.6965013491358147,0.46964605711162644,-0.32408537784294283,-1.2001301969200522,0.5143833357377973,-1.0007452875616512,-1.7598469478106462,-1.9693270274883097,-1.4883006634867244
-0.14490847321846242,1.0481822851932188,-0.5958630867130248,0.031769765203896384,0.001762036417106453,1.164810112401808,-1.2104116540625358,-0.42703135471476583,0.757591147166992,0.7845671836505027,-0.20158044506020995,-1.173610000921178,0.5669205352616298,-1.2156665978472607,-2.0119562464502154,-1.9346463954648485,-1.3941590057265536
-0.3597802389787539,1.060751208001885,-0.5958630867130248,-0.04811989541319889,-0.06238693785106149,1.2210281860732037,-1.1481366841656742,-0.38400447013356004,0.8797707432293465,1.068021989601547,-0.20158044506020995,-1.12056960892343,0.7245321338331272,-1.2770367554946436,-1.0599511605956096,-1.6918819713006197,-1.299760130322229
-0.44784243806085444,1.0356133623845523,-0.6121822753470442,0.031769765203896384,-0.12653591211922943,1.1343586558298024,-1.1481366841656742,-0.21189693180873684,0.8797707432293465,1.0994883101893789,-0.14032797866884347,-1.041009020926808,0.7245321338331272,-1.1696389796117235,-0.5557325633164711,-1.7959238673710034,-1.3313979005531063
-0.31751038341935695,1.060751208001885,-0.6121822753470442,0.031769765203896384,-0.06238693785106149,1.164810112401808,-1.1481366841656742,-0.29795070097114845,0.8186809451981693,0.7531008630626708,-0.3853378442343093,-0.9879686289290597,0.6719949343092947,-1.138953900788032,-0.6117058743884046,-1.6572013392771585,-1.2683795777355054
-0.31751038341935695,1.0733201308105562,-0.6298613963672348,-0.009772858316996565,-0.010857433930728485,1.2210281860732037,-1.1688950074646278,-0.25492381638994266,0.5743217530734603,0.7216345424748387,-0.3853378442343093,-1.041009020926808,0.7770693333569597,-1.1081430634445713,-0.8918018285639405,-1.587840075230236,-1.205618472562058
-0.3597802389787539,1.060751208001885,-0.6121822753470442,-0.009772858316996565,-0.2033043567352323,1.277246259744589,-1.1481366841656742,-0.25492381638994266,0.8186809451981693,0.7216345424748387,-0.2628329114515764,-1.0675292169256818,0.7770693333569597,-1.0467729057971884,-1.0879378161315765,-0.9630201638567286,-1.299760130322229
-0.3597802389787539,1.0733201308105562,-0.6298613963672348,-0.12481396960561773,-0.31898283492373325,1.3358067531522977,-1.1688950074646278,-0.29795070097114845,0.757591147166992,0.5325786982872904,-0.2628329114515764,-0.9349282369313117,0.7245321338331272,-1.0467729057971884,-0.9197884840999073,-1.2060688554965597,-1.299760130322229
-0.44784243806085444,1.060751208001885,-0.6624997736352736,-0.12481396960561773,-0.3831318091919012,1.277246259744589,-1.106620037567767,-0.38400447013356004,0.8797707432293465,0.6272355807113427,-0.4465903106256758,-0.9614484329301857,0.6719949343092947,-1.2156665978472607,-1.0879378161315765,-1.3447913835904048,-1.2369990251487817
-0.3597802389787539,1.0869364638532757,-0.6951381509033184,1.201354396638195,-0.4851391945035786,1.277246259744589,-1.1273783608667207,-0.21189693180873684,0.8186809451981693,0.8160335042383348,-0.32408537784294283,-1.041009020926808,0.8296065328807921,-1.2770367554946436,-1.423777682563177,-1.5531594432067746,-1.299760130322229
-0.27524052785995995,1.0995053866619469,-0.678818962269299,2.3709390280724936,-0.524049228076072,1.3076977163165946,-1.1481366841656742,-0.25492381638994266,0.8186809451981693,0.5955113394629544,-0.32408537784294283,-0.9614484329301857,0.40887830390714963,-1.2770367554946436,-1.423777682563177,-1.7959238673710034,-1.2369990251487817
-0.4055725825014418,1.0733201308105562,-0.6624997736352736,1.8244937494515467,-0.5114297577282371,1.2491372229088964,-1.2311699773614895,-0.21189693180873684,0.6965013491358147,0.09179228939708621,-0.07907551227747703,-0.8816704662778349,-0.01141929228351025,-1.2923792949064892,-1.1718977827394765,-2.351098247221986,-1.299760130322229
-0.49011229362025144,1.0733201308105562,-0.6624997736352736,1.0064236247324787,-0.5503397913007305,1.277246259744589,-1.3972365637531179,-0.25492381638994266,0.8186809451981693,0.5325786982872904,-0.20158044506020995,-0.9349282369313117,0.041117907240322236,-1.3538752110736414,-1.1159244716675432,-2.351098247221986,-1.2683795777355054
-0.49011229362025144,1.0733201308105562,-0.678818962269299,1.044770661828681,-0.5503397913007305,1.277246259744589,-1.4181650372430465,-0.34097758555235425,0.8186809451981693,0.7845671836505027,-0.20158044506020995,-0.8816704662778349,-0.22156809037884018,-1.3385326716617958,-1.0599511605956096,-2.489820775315831,-1.1742379199753346
-0.49011229362025144,1.0481822851932188,-0.7128172719235091,1.0064236247324787,-0.5366686984239116,1.277246259744589,-1.3557199171552108,-0.16887004722753104,0.8186809451981693,1.068021989601547,-0.6308497791964262,-0.9349282369313117,-0.4321475212571528,-1.3538752110736414,-1.0879378161315765,-2.4204595112689082,-1.1742379199753346
-0.4055725825014418,1.0869364638532757,-0.7617748378255732,0.6165620809210457,-0.5755787319964051,1.277246259744589,-1.2311699773614895,-0.34097758555235425,0.757591147166992,1.5402747190795836,-0.5695973128050598,-0.9614484329301857,-0.8524451174478127,-1.2770367554946436,-1.1718977827394765,-2.4204595112689082,-1.2369990251487817
-0.49011229362025144,1.0869364638532757,-0.7291364605575285,0.7316031922096669,-0.58819820234424,1.2210281860732037,-1.2104116540625358,-0.16887004722753104,0.8186809451981693,1.3512188748920353,-0.07907551227747703,-0.9349282369313117,-1.4833221445167852,-1.2923792949064892,-1.0599511605956096,-2.3857788792454473,-1.205618472562058
-0.5781744927023363,1.0869364638532757,-0.6951381509033184,0.6932561551134504,-0.58819820234424,1.2491372229088964,-1.3142032705573037,-0.08281627806511944,0.8797707432293465,0.9104324660018307,-0.07907551227747703,-0.8551502702789607,-2.061661972061925,-1.2923792949064892,-0.9757617951718407,-2.351098247221986,-1.04871570962844
-0.5323821491796484,1.0733201308105562,-0.6951381509033184,0.3033946113020175,-0.6008176726920796,1.277246259744589,-1.4596816838409536,-0.03943671410210013,0.8797707432293465,0.8160335042383348,-0.14032797866884347,-0.8021098782812127,-2.4819595682525875,-1.2616942160827977,-0.8358285174920072,-2.4204595112689082,-1.1114768148018872
-0.5781744927023363,1.0869364638532757,-0.7128172719235091,-0.04811989541319889,-0.6144887655689031,1.277246259744589,-1.4596816838409536,-0.08281627806511944,0.3299625609487514,0.6901682218870068,-0.14032797866884347,-0.8286300742800867,-2.6925389991308974,-1.2463516766709521,-1.031735106243774,-2.3164176151985245,-1.0800962622151635
-0.44784243806085444,1.0869364638532757,-0.6951381509033184,-0.204703630222713,-0.639727706264573,1.277246259744589,-1.480440007139907,0.0035901704791056685,-0.09816676131892554,0.6272355807113427,0.04342942050525589,-0.9349282369313117,-2.6925389991308974,-1.2616942160827977,-1.1718977827394765,-1.6572013392771585,-1.1428573673886109
-0.3597802389787539,1.0995053866619469,-0.7617748378255732,-0.24305066731892952,-0.627108235916738,1.277246259744589,-1.5219566537378142,0.0035901704791056685,0.024012834743428906,0.5640450188751225,-0.017823045886110566,-0.7755896822823386,-2.8501505977023975,-1.307721834318335,-0.8358285174920072,-1.7612432353475422,-1.0800962622151635
-0.31751038341935695,1.0995053866619469,-0.7291364605575285,-0.24305066731892952,-0.639727706264573,1.277246259744589,-1.3972365637531179,-0.08281627806511944,-0.03707696328774832,0.7845671836505027,-0.017823045886110566,-0.8021098782812127,-2.9026877972262297,-1.2616942160827977,-0.6679085842762068,-1.6918819713006197,-0.9545740518682692
-0.4055725825014418,1.0733201308105562,-0.6951381509033184,-0.437981439224646,-0.639727706264573,1.3358067531522977,-1.4596816838409536,-0.12584316264632525,-0.5257953475371662,0.8474998248261667,0.04342942050525589,-0.7490694862834646,-2.9552249967500623,-1.2310091372591063,-0.7238818953481403,-1.7959238673710034,-0.9859546044549927
-0.31751038341935695,1.0995053866619469,-0.7617748378255732,-0.4763284763208483,-0.6786377398370711,1.3076977163165946,-1.4181650372430465,-0.34097758555235425,-0.8317450737424886,0.5955113394629544,0.04342942050525589,-0.7490694862834646,-3.007762196273895,-1.2463516766709521,-0.8918018285639405,-2.2817369831750636,-1.0173351570417164
-0.27524052785995995,1.1120743094706131,-0.7617748378255732,-0.4763284763208483,-0.6786377398370711,1.3358067531522977,-1.3972365637531179,-0.16887004722753104,-1.5037328520854383,0.5640450188751225,-0.017823045886110566,-0.7755896822823386,-3.0602993957977276,-1.2310091372591063,-0.5837192188524379,-2.5247856748148947,-0.9545740518682692
-0.4055725825014418,1.0995053866619469,-0.7617748378255732,-0.4763284763208483,-0.691257210184906,1.2491372229088964,-1.4596816838409536,-0.16887004722753104,-1.9929519723842923,0.6587019012991747,0.10468188689662235,-0.8021098782812127,-3.1128365953215598,-1.2463516766709521,-0.8358285174920072,-2.5247856748148947,-0.9859546044549927
-0.49011229362025144,1.1120743094706131,-0.7291364605575285,-0.4763284763208483,-0.691257210184906,1.3639157899879903,-1.3972365637531179,-0.08281627806511944,-2.237311164509001,0.8789661454139988,-0.017823045886110566,-0.6164685062890931,-3.1653737948453924,-1.2463516766709521,-1.3957910270272103,-2.351098247221986,-0.8918129466948219
-0.49011229362025144,1.1246432322792796,-0.7454556491915478,-0.5146755134170506,-0.691257210184906,1.3639157899879903,-1.3764782404541642,-0.16887004722753104,-2.5427601546648875,0.5011123776994585,-0.017823045886110566,-0.6429887022879672,-3.1128365953215598,-1.2156665978472607,-1.5079670479869458,-2.3164176151985245,-0.8601751764639446
-0.44784243806085444,1.0995053866619469,-0.7617748378255732,-0.437981439224646,-0.7038766805327409,1.3639157899879903,-1.3349615938562571,-0.08281627806511944,-2.4816703566337104,0.6901682218870068,-0.017823045886110566,-0.6695088982868425,-3.007762196273895,-1.200324058435415,-1.31183106041931,-2.212375719128141,-0.8601751764639446
-0.4055725825014418,1.0869364638532757,-0.7617748378255732,-0.4763284763208483,-0.7164961508805758,1.4201338636593757,-1.3557199171552108,-0.21189693180873684,-2.6043506887455012,0.9418987865896628,-0.017823045886110566,-0.6429887022879672,-3.1128365953215598,-1.2156665978472607,-1.22787109381141,-2.2817369831750636,-0.8918129466948219
-0.5323821491796484,1.1246432322792796,-0.7291364605575285,0.7316031922096669,-0.7164961508805758,1.392024826823683,-1.3557199171552108,0.13267082422272305,-2.84870988087021,0.6272355807113427,-0.2628329114515764,-0.7225492902845906,-2.9552249967500623,-1.3845602898973328,-1.0599511605956096,-2.4204595112689082,-0.8287946238772209
-0.5781744927023363,1.1120743094706131,-0.7454556491915478,2.019424521357263,-0.7164961508805758,1.4505853202313812,-1.29344494725835,-0.16887004722753104,-2.7876200828390325,0.5640450188751225,0.10468188689662235,-0.6429887022879672,-3.0602993957977276,-1.445930447544716,-1.0037484507078074,-2.6981888349322007,-0.6718918609436029
-0.5323821491796484,1.1246432322792796,-0.7128172719235091,1.4729792427363162,-0.7164961508805758,1.4505853202313812,-1.29344494725835,0.04661705506031147,-2.909799678901387,0.5640450188751225,0.22718681967935525,-0.5899483102902191,-3.007762196273895,-1.3692177504854872,-1.0037484507078074,-2.0042919269873734,-0.6405113083568792
-0.5781744927023363,1.0869364638532757,-0.7617748378255732,0.6932561551134504,-0.742786714105239,1.4786943570670843,-1.2726866239593966,0.13267082422272305,-2.7876200828390325,0.5955113394629544,0.04342942050525589,-0.6429887022879672,-2.8501505977023975,-1.2463516766709521,-0.9197884840999073,-1.6225207072536971,-0.4836085454232597
-0.5323821491796484,1.3425045609628539,-0.7957731474797832,0.8114928528267622,-0.7291156212284154,1.5349124307384696,-1.2311699773614895,0.13267082422272305,-2.909799678901387,0.6272355807113427,-0.017823045886110566,-0.6695088982868425,-2.9552249967500623,-1.3230643737301806,-0.8638151730279738,-1.5184788111833134,-0.4836085454232597
-0.5781744927023363,1.5980726580724365,-0.7780940264595926,0.8498398899229644,-0.7291156212284154,1.4786943570670843,-1.2726866239593966,0.04661705506031147,-2.909799678901387,0.7531008630626708,0.2884392860707217,-0.8286300742800867,-2.8501505977023975,-1.43058790813287,-0.7798552064200737,-1.8999657634413871,-0.546369650596707
-0.5781744927023363,1.3299356381541874,-0.7617748378255732,0.654909118017248,-0.742786714105239,1.4505853202313812,-1.1688950074646278,-0.12584316264632525,-2.909799678901387,0.6272355807113427,0.1659343532879888,-0.6164685062890931,-3.0602993957977276,-1.5379856840157902,-0.8918018285639405,-2.4204595112689082,-0.4836085454232597
-0.6204443482617332,0.9329671594470961,-0.7780940264595926,0.3800886854944363,-0.755406184453074,1.4786943570670843,-1.1481366841656742,-0.12584316264632525,-2.84870988087021,0.7531008630626708,0.2884392860707217,-0.6164685062890931,-2.8501505977023975,-1.5534539819474051,-1.031735106243774,-2.767550098979123,-0.5149890980099834
-0.6204443482617332,0.8177520337009782,-0.7780940264595926,-0.009772858316996565,-0.7806451251487438,1.4505853202313812,-1.106620037567767,0.0035901704791056685,-2.970889476932564,0.37524709534813044,0.1659343532879888,-0.6164685062890931,-2.74507619865473,-1.568796521359251,-1.2558577493473766,-2.6288275708852784,-0.4205902226056602
-0.44784243806085444,0.8690751351697016,-0.7780940264595926,-0.24305066731892952,-0.7932645954965835,1.506803393902777,-1.106620037567767,0.6493461185790061,-2.970889476932564,0.37524709534813044,0.10468188689662235,-0.6164685062890931,-2.8501505977023975,-1.5379856840157902,-0.8638151730279738,-2.5247856748148947,-0.3892096700189366
-0.49011229362025144,0.8051831108923071,-0.828411524747822,-0.437981439224646,-0.742786714105239,1.5349124307384696,-1.1688950074646278,0.692373003160212,-3.0319792749637418,0.8160335042383348,0.10468188689662235,-0.5899483102902191,-2.797613398178565,-1.568796521359251,-0.6396925299243713,-2.4204595112689082,-0.35782911743221296
-0.5781744927023363,0.638644883677461,-0.828411524747822,-0.5146755134170506,-0.7806451251487438,1.5349124307384696,-1.0649332407788858,0.47688590087236943,-2.84870988087021,0.7216345424748387,0.1659343532879888,-0.5899483102902191,-2.74507619865473,-1.568796521359251,-0.8918018285639405,-2.2817369831750636,-0.35782911743221296
-0.7049840593805429,0.4469688108452775,-0.7780940264595926,-0.5945651740341459,-0.7806451251487438,1.5349124307384696,-1.0649332407788858,0.26175147796634046,-2.84870988087021,0.46964605711162644,-0.14032797866884347,-0.5899483102902191,-2.8501505977023975,-1.5841390607710966,-1.3398177159552769,-2.2817369831750636,-0.35782911743221296
-0.6204443482617332,0.3705078637592119,-0.7957731474797832,-0.5945651740341459,-0.7806451251487438,1.506803393902777,-1.0649332407788858,0.6493461185790061,-2.7876200828390325,1.068021989601547,-0.14032797866884347,-0.5899483102902191,-2.797613398178565,-1.5379856840157902,-1.7878336033466131,-2.247056351151602,-0.35782911743221296
-0.5323821491796484,0.3191847622904885,-0.8120923361138026,-0.6712592482265647,-0.7806451251487438,1.5630214675741623,-1.0441749174799322,0.5199127854535752,-2.84870988087021,0.6901682218870068,0.1659343532879888,-0.563428114291345,-2.74507619865473,-1.5226431446039443,-1.955982935378282,-2.212375719128141,-0.35782911743221296
-0.6627142038211459,0.28147799386448463,-0.8120923361138026,-0.6712592482265647,-0.8195551587212418,1.5349124307384696,-1.0649332407788858,0.30477836254754626,-2.84870988087021,1.1938872719528753,0.22718681967935525,-0.5101703436378695,-2.5349274005594,-1.5379856840157902,-1.9000096243063487,-2.1430144550812185,-0.3892096700189366
-0.5781744927023363,0.255292738013094,-0.8120923361138026,-0.6329122111303624,-0.8195551587212418,1.5349124307384696,-1.0026582708820242,0.39083213170995784,-2.909799678901387,0.9733651071774947,0.22718681967935525,-0.563428114291345,-2.6925389991308974,-1.5226431446039443,-1.872022968770382,-2.108333823057757,-0.2950680122587657
-0.6627142038211459,0.2427238152044229,-0.828411524747822,-0.5945651740341459,-0.8069356883734069,1.5630214675741623,-1.0441749174799322,0.26175147796634046,-2.6043506887455012,1.2882862337163714,0.1659343532879888,-0.536907918292471,-2.6400017996070653,-1.5073006051920987,-1.8158202588825798,-2.108333823057757,-0.35782911743221296
-0.5781744927023363,0.2427238152044229,-0.8120923361138026,-0.6712592482265647,-0.8069356883734069,1.5630214675741623,-0.9611416242841171,0.34780524712875205,-2.6654404867766783,0.9104324660018307,-0.07907551227747703,-0.5101703436378695,-2.6400017996070653,-1.5073006051920987,-1.8158202588825798,-2.0042919269873734,-0.26368745967204066
-0.7049840593805429,0.2301548923957565,-0.7957731474797832,-0.75114890884366,-0.8195551587212418,1.9635752424828294,-0.9403833009851635,-0.03943671410210013,-2.7265302848078554,1.162420951365043,0.1659343532879888,-0.6164685062890931,-2.5349274005594,-1.491958065780253,-1.7878336033466131,-2.0389725590108347,-0.3892096700189366
-0.6204443482617332,0.21758596958709012,-0.7957731474797832,-0.75114890884366,-0.8195551587212418,2.1369143029696214,-0.9611416242841171,-0.29795070097114845,-2.6043506887455012,1.7290726426065757,0.10468188689662235,-0.536907918292471,-2.5349274005594,-1.4612729869565615,-1.7038736367387128,-1.9693270274883097,-0.3892096700189366
-0.5781744927023363,0.20396963654436587,-0.7780940264595926,-0.709606285322767,-0.8069356883734069,1.1343586558298024,-1.0026582708820242,-0.29795070097114845,-2.6654404867766783,1.4770841572433633,0.10468188689662235,-0.4836501476389954,-2.4819595682525875,-1.43058790813287,-1.5359537035229125,-1.9346463954648485,-0.1695458019118698
-0.6627142038211459,0.20396963654436587,-0.7780940264595926,-0.7894959459398624,-0.8069356883734069,0.3637025625844843,-0.8988666543872564,-0.42703135471476583,-2.420580558602533,1.2568199131285394,0.04342942050525589,-0.4571299516401214,-2.376885169204922,-1.4612729869565615,-1.6479003256667795,-1.8999657634413871,-0.20092635449859342
-0.6204443482617332,0.17883179092702842,-0.7957731474797832,-0.75114890884366,-0.8321746290690768,0.3051420691767861,-0.8573500077893493,-0.5130851238771774,-2.5427601546648875,0.8474998248261667,-0.14032797866884347,-0.5101703436378695,-2.32434796968109,-1.445930447544716,-1.5079670479869458,-1.865285131417926,-0.1695458019118698
-0.6627142038211459,0.19140071373569945,-0.8120923361138026,-0.8278429830360788,-0.8447940994169117,0.33559352574878126,-0.9403833009851635,-0.29795070097114845,-2.6043506887455012,0.5640450188751225,-0.3853378442343093,-0.4836501476389954,-2.429422368728755,-1.4152453687210245,-1.1439111272035098,-1.8306044993944646,-0.2950680122587657
-0.6627142038211459,0.17883179092702842,-0.7780940264595926,-0.7894959459398624,-0.8321746290690768,-0.03685121232418278,-0.8988666543872564,-0.29795070097114845,-2.420580558602533,0.7531008630626708,-0.14032797866884347,-0.4571299516401214,-2.376885169204922,-1.445930447544716,-0.5557325633164711,-1.8999657634413871,-0.23230690708531704
-0.6627142038211459,0.19140071373569945,-0.8120923361138026,-0.7894959459398624,-0.8321746290690768,-0.4374049872328499,-0.8781083310883029,-0.5130851238771774,-2.420580558602533,0.7845671836505027,0.04342942050525589,-0.4571299516401214,-2.376885169204922,-1.43058790813287,-0.5837192188524379,-1.7612432353475422,-0.13816524932514618
-0.6204443482617332,0.19140071373569945,-0.7957731474797832,-0.7894959459398624,-0.7932645954965835,-0.6669621213910273,-0.8365916844903958,-0.6855453415838141,-2.3594907605713558,0.21791549240897046,0.04342942050525589,-0.4571299516401214,-2.271810770157255,-1.3845602898973328,-0.8078418619560405,-1.7959238673710034,-0.1695458019118698
-0.5781744927023363,0.17883179092702842,-0.828411524747822,-0.75114890884366,-0.8447940994169117,-0.6084016279833291,-0.8158333611914422,-0.5561120084583833,-2.420580558602533,0.6901682218870068,-0.20158044506020995,-0.4571299516401214,-2.2192735706334226,-1.3692177504854872,-0.947775139635874,-1.6572013392771585,-0.13816524932514618
-0.6204443482617332,0.19140071373569945,-0.828411524747822,-0.9844267178455788,-0.8321746290690768,-0.6669621213910273,-0.7949048877015135,-0.7715991107462258,-2.420580558602533,0.46964605711162644,0.1659343532879888,-0.377569363643498,-2.32434796968109,-1.3999028293091786,-1.4519937369150124,-1.7959238673710034,-0.20092635449859342
-0.5781744927023363,0.19140071373569945,-0.7957731474797832,-0.9045370572284835,-0.8447940994169117,-0.6388530845553346,-0.8573500077893493,-0.9867335336522547,-2.237311164509001,0.24938181299680245,0.10468188689662235,-0.6429887022879672,-2.1141991715857578,-1.4152453687210245,-1.8158202588825798,-1.7959238673710034,-0.2950680122587657
-0.6204443482617332,0.19140071373569945,-0.7957731474797832,-0.8661900201322812,-0.8447940994169117,-0.6084016279833291,-0.7949048877015135,-0.6855453415838141,-2.237311164509001,0.5955113394629544,0.10468188689662235,-0.4571299516401214,-2.2192735706334226,-1.3999028293091786,-1.9000096243063487,-1.6918819713006197,-0.20092635449859342
-0.6627142038211459,0.17883179092702842,-0.7957731474797832,-0.8661900201322812,-0.8321746290690768,-0.6669621213910273,-0.7949048877015135,-0.34097758555235425,-2.237311164509001,0.8789661454139988,0.10468188689662235,-0.4306097556412473,-2.32434796968109,-1.3692177504854872,-1.8438069144185465,-1.6918819713006197,-0.26368745967204066
-0.6204443482617332,0.19140071373569945,-0.8447307133818474,-0.9460796807493764,-0.8447940994169117,-0.6388530845553346,-0.7533882411036064,-0.29795070097114845,-2.2984009625401787,1.130954630777211,0.1659343532879888,-0.377569363643498,-2.061661972061925,-1.3692177504854872,-1.7038736367387128,-1.6225207072536971,-0.20092635449859342
-0.6204443482617332,0.21758596958709012,-0.828411524747822,-1.0227737549417952,-0.8574135697647514,-0.5521835543119334,-0.7949048877015135,-0.42703135471476583,-2.176221366477824,1.3197525543042032,0.10468188689662235,-0.4306097556412473,-1.9565875730142601,-1.3230643737301806,-1.6199136701308128,-1.587840075230236,-0.1695458019118698
-0.6627142038211459,0.1536939453096956,-0.7617748378255732,-1.0611207920379977,-0.8574135697647514,-0.6388530845553346,-0.7326299178046528,-0.21189693180873684,-2.2984009625401787,1.5088083984917515,0.1659343532879888,-0.4306097556412473,-1.851513173966595,-1.307721834318335,-1.4799803924509791,-1.6225207072536971,-0.20092635449859342
-0.7049840593805429,0.49829191231400094,-0.7957731474797832,-1.0611207920379977,-0.8195551587212418,-0.5802925911476364,-0.7326299178046528,-0.29795070097114845,-2.176221366477824,1.0362977483531588,0.2884392860707217,-0.5101703436378695,-2.0091247725380925,-1.3385326716617958,-1.4799803924509791,-1.5184788111833134,-0.04402359156497534
-0.7472539149399399,0.9329671594470961,-0.7780940264595926,-1.0611207920379977,-0.8574135697647514,0.07792735475491115,-0.7533882411036064,-0.38400447013356004,-2.115131568446647,0.8789661454139988,0.22718681967935525,-0.35104916764462396,-2.1141991715857578,-1.3385326716617958,-1.31183106041931,-1.587840075230236,-0.10678469673842257
-0.7049840593805429,0.7538600094235837,-0.7957731474797832,-0.9844267178455788,-0.8574135697647514,0.3637025625844843,-0.7326299178046528,-0.03943671410210013,-2.0540417704154694,1.0048314277653267,0.04342942050525589,-0.40408955964237203,-1.9040503734904277,-1.2616942160827977,-1.31183106041931,-1.5531594432067746,-0.13816524932514618
-0.7930462584626278,0.638644883677461,-0.7780940264595926,-1.0227737549417952,-0.8447940994169117,-0.17973881623896937,-0.7533882411036064,-0.08281627806511944,-2.0540417704154694,0.6901682218870068,0.22718681967935525,-0.40408955964237203,-1.9040503734904277,-1.2616942160827977,-1.31183106041931,-1.5184788111833134,-0.13816524932514618
-0.7472539149399399,0.5621839365914001,-0.7780940264595926,-1.0611207920379977,-0.8321746290690768,-0.3226264201537559,-0.7326299178046528,-0.03943671410210013,-2.0540417704154694,0.8160335042383348,0.2884392860707217,-0.35104916764462396,-1.693470942612115,-1.2923792949064892,-1.4519937369150124,-1.4835139116842497,-0.20092635449859342
-0.7930462584626278,0.5883691924427907,-0.828411524747822,-1.0611207920379977,-0.8574135697647514,-0.2382993096466676,-0.6703549479077922,-0.16887004722753104,-2.115131568446647,0.7216345424748387,0.2884392860707217,-0.3245289716457499,-1.7460081421359475,-1.2616942160827977,-1.2558577493473766,-1.4488332796607886,-0.13816524932514618
-0.7930462584626278,0.5747528594000665,-0.7780940264595926,-1.0611207920379977,-0.8574135697647514,-0.2664083464823602,-0.6911132712067457,-0.25492381638994266,-2.176221366477824,1.068021989601547,0.1659343532879888,-0.29800877564687583,-1.7460081421359475,-1.2463516766709521,-0.6117058743884046,-1.4835139116842497,-0.07540414415169895
-0.7472539149399399,0.4469688108452775,-0.7780940264595926,-1.0227737549417952,-0.8574135697647514,-0.3507354569894486,-0.6911132712067457,-0.12584316264632525,-1.9929519723842923,0.9733651071774947,0.22718681967935525,-0.2714885796480018,-1.693470942612115,-1.2156665978472607,-0.6679085842762068,-1.4488332796607886,-0.07540414415169895
-0.7472539149399399,0.3191847622904885,-0.7957731474797832,-1.0994678291342,-0.8574135697647514,-0.6950711582267199,-0.6911132712067457,-0.08281627806511944,-1.8096825782907606,0.8474998248261667,0.1659343532879888,-0.2714885796480018,-1.851513173966595,-1.200324058435415,-0.7798552064200737,-1.4488332796607886,-0.04402359156497534
-0.7049840593805429,0.255292738013094,-0.7780940264595926,-1.0227737549417952,-0.8710846626415749,-0.6084016279833291,-0.6911132712067457,-0.29795070097114845,-1.9318621743531152,0.46964605711162644,0.22718681967935525,-0.3245289716457499,-1.58839654356445,-1.2156665978472607,-0.9197884840999073,-1.4488332796607886,-0.012643038978251716
-0.8353161140220248,0.2427238152044229,-0.8120923361138026,-0.9460796807493764,-0.8574135697647514,-0.4374049872328499,-0.6495966246088386,-0.34097758555235425,-1.7485927802595835,0.9418987865896628,0.10468188689662235,-0.24496838364912776,-1.58839654356445,-1.2156665978472607,-1.3398177159552769,-1.4141526476373272,-0.07540414415169895
-0.7472539149399399,0.19140071373569945,-0.7780940264595926,-0.9045370572284835,-0.8574135697647514,-0.6669621213910273,-0.6703549479077922,-0.21189693180873684,-1.9929519723842923,1.162420951365043,-0.14032797866884347,-0.4306097556412473,-1.58839654356445,-1.2310091372591063,-1.6758869812027462,-1.379472015613866,-0.012643038978251716
-0.7472539149399399,0.166262868118362,-0.7780940264595926,-0.9045370572284835,-0.8574135697647514,-0.7512892318981157,-0.6495966246088386,-0.6855453415838141,-1.8096825782907606,1.3197525543042032,0.1659343532879888,-0.29800877564687583,-1.4307849449929526,-1.1849815190235693,-1.8158202588825798,-1.379472015613866,0.018737513608471902
-0.7472539149399399,0.1536939453096956,-0.7617748378255732,-0.8661900201322812,-0.8574135697647514,-0.7817406884701212,-0.6080799780109315,-0.34097758555235425,-1.870772376321938,1.2253535925407073,0.22718681967935525,-0.3245289716457499,-1.4833221445167852,-1.1542964401998779,-1.872022968770382,-1.379472015613866,0.018737513608471902
-0.7930462584626278,0.1149397666496339,-0.7780940264595926,-0.9460796807493764,-0.8837041329894099,-0.8098497253058139,-0.6911132712067457,-0.42703135471476583,-1.9318621743531152,0.7845671836505027,0.4109442188534546,-0.2184481876502537,-1.4833221445167852,-1.1849815190235693,-1.7598469478106462,-1.3101107515669435,-0.04402359156497534
-0.7930462584626278,0.1149397666496339,-0.7454556491915478,-0.9045370572284835,-0.8574135697647514,-0.8379587621415066,-0.6080799780109315,-0.6855453415838141,-1.7485927802595835,1.3197525543042032,0.22718681967935525,-0.24496838364912776,-1.3782477454691202,-1.1849815190235693,-1.591927014594846,-1.3101107515669435,-0.04402359156497534
-0.8775859695814374,0.12750868945830496,-0.7454556491915478,-0.9844267178455788,-0.8710846626415749,-0.8379587621415066,-0.6080799780109315,-0.42703135471476583,-1.870772376321938,1.4456178366555312,0.2884392860707217,-0.11215002499902882,-1.4833221445167852,-1.1542964401998779,-1.4519937369150124,-1.4141526476373272,0.018737513608471902
-0.7472539149399399,0.6009381152514571,-0.7617748378255732,-0.9460796807493764,-0.8574135697647514,-0.9246282923849078,-0.5458050081140708,-0.08281627806511944,-1.8096825782907606,1.162420951365043,0.2884392860707217,-0.11215002499902882,-1.2731733464214552,-1.1236113613761862,-1.3678043714912436,-1.3101107515669435,0.11313638901279649
-0.8775859695814374,0.8177520337009782,-0.7780940264595926,-0.9844267178455788,-0.8710846626415749,-0.8098497253058139,-0.628838301309885,-0.38400447013356004,-1.6875029822284062,1.0048314277653267,0.2884392860707217,-0.2184481876502537,-1.2206361468976228,-1.1236113613761862,-1.3678043714912436,-1.240749487520021,0.018737513608471902
-0.7049840593805429,0.39564570937654936,-0.7780940264595926,-1.0227737549417952,-0.8837041329894099,-0.9527373292206005,-0.6080799780109315,-0.7285722261650199,-1.7485927802595835,1.2253535925407073,0.22718681967935525,-0.2184481876502537,-1.3782477454691202,-1.1236113613761862,-1.1439111272035098,-1.3101107515669435,0.018737513608471902
-0.7930462584626278,0.28147799386448463,-0.7617748378255732,-0.8278429830360788,-0.8837041329894099,-0.9246282923849078,-0.587321654711978,-0.6855453415838141,-1.7485927802595835,1.0994883101893789,0.34969175246208817,-0.1654077956525056,-1.3257105459452876,-1.0928005240327254,-1.1718977827394765,-1.1713882234730986,0.08175583642607287
-0.8353161140220248,0.2301548923957565,-0.7617748378255732,-0.9460796807493764,-0.8574135697647514,-0.3507354569894486,-0.6080799780109315,-0.5561120084583833,-1.6259124481477927,0.8789661454139988,0.34969175246208817,-0.24496838364912776,-1.2731733464214552,-1.0928005240327254,-1.1439111272035098,-1.2060688554965597,-0.04402359156497534
-0.7930462584626278,0.17883179092702842,-0.7780940264595926,-0.8661900201322812,-0.8710846626415749,-0.17973881623896937,-0.6495966246088386,-0.7285722261650199,-1.5648226501166154,0.7216345424748387,0.1659343532879888,-0.13867022099790285,-1.4833221445167852,-1.062115445209034,-1.1439111272035098,-1.2060688554965597,-0.012643038978251716
-0.7930462584626278,0.3191847622904885,-0.7454556491915478,-0.9460796807493764,-0.8837041329894099,-0.6388530845553346,-0.5665633314130244,-1.1588410719770779,-1.6259124481477927,0.40671341593596244,0.04342942050525589,-0.2184481876502537,-1.4307849449929526,-1.0774579846208798,-1.0037484507078074,-1.240749487520021,0.11313638901279649
-0.7930462584626278,0.46058514388800176,-0.7617748378255732,-0.8278429830360788,-0.8837041329894099,-0.9808463660562932,-0.5665633314130244,-0.7285722261650199,-1.5648226501166154,0.28084813358463445,0.22718681967935525,-0.19192799165137966,-1.2731733464214552,-1.062115445209034,-0.8918018285639405,-1.1713882234730986,0.05037528383934925
-0.7472539149399399,0.47315406669666815,-0.8120923361138026,-0.9045370572284835,-0.8710846626415749,-1.2385125370501737,-0.628838301309885,-0.7285722261650199,-1.5037328520854383,0.40671341593596244,0.2884392860707217,-0.08562982900015477,-1.1680989473737902,-1.062115445209034,-0.947775139635874,-1.102026959426176,0.08175583642607287
-0.8775859695814374,0.48572298950533455,-0.7780940264595926,-0.9045370572284835,-0.8963236033372448,-1.723393422465929,-0.6080799780109315,-0.599138893039589,-1.5037328520854383,0.5011123776994585,0.1659343532879888,-0.13867022099790285,-1.2206361468976228,-1.062115445209034,-1.0037484507078074,-1.2060688554965597,-0.012643038978251716
-0.8353161140220248,0.3579389409505455,-0.7780940264595926,-0.8278429830360788,-0.8710846626415749,-1.838171989545023,-0.587321654711978,-0.34097758555235425,-1.5648226501166154,0.9104324660018307,0.22718681967935525,-0.11215002499902882,-1.1680989473737902,-1.0467729057971884,-0.9757617951718407,-1.1713882234730986,0.11313638901279649
-0.9198558251408343,0.28147799386448463,-0.7957731474797832,-0.9045370572284835,-0.8574135697647514,-1.7538448790379346,-0.5665633314130244,-0.29795070097114845,-1.3815532560230837,0.8789661454139988,0.2884392860707217,-0.19192799165137966,-1.2206361468976228,-1.0467729057971884,-0.9197884840999073,-1.102026959426176,0.2700391519464146
-0.8775859695814374,0.20396963654436587,-0.7780940264595926,-0.9460796807493764,-0.8837041329894099,-1.6390663119588407,-0.5665633314130244,-0.4700582392959716,-1.5648226501166154,1.0048314277653267,0.2884392860707217,-0.24496838364912776,-1.0100567160193101,-1.062115445209034,-0.9197884840999073,-1.1367075914496372,0.1445169415995201
-0.9621256807002313,0.19140071373569945,-0.8120923361138026,-0.9045370572284835,-0.8837041329894099,-1.5805058185511425,-0.5665633314130244,-0.34097758555235425,-1.5037328520854383,0.7216345424748387,0.4109442188534546,-0.1654077956525056,-1.1680989473737902,-1.0314303663853426,-0.9197884840999073,-1.102026959426176,0.11313638901279649
-0.8353161140220248,0.166262868118362,-0.7957731474797832,-0.9460796807493764,-0.8837041329894099,-1.496178708044054,-0.587321654711978,-0.5130851238771774,-1.5037328520854383,0.7531008630626708,0.22718681967935525,-0.13867022099790285,-1.0630245483261254,-1.0007452875616512,-0.8638151730279738,-1.102026959426176,0.11313638901279649
-0.8353161140220248,0.14007761226697135,-0.8120923361138026,-0.9844267178455788,-0.8963236033372448,-1.4376182146363559,-0.5458050081140708,-0.6421657776207949,-1.3815532560230837,0.8474998248261667,0.2884392860707217,-0.2184481876502537,-1.0100567160193101,-1.0314303663853426,-0.8918018285639405,-1.0326656953792535,0.018737513608471902
-0.8775859695814374,0.14007761226697135,-0.7617748378255732,-0.9844267178455788,-0.9089430736850798,-1.4376182146363559,-0.5250466848151173,-0.6421657776207949,-1.3204634579919066,0.7216345424748387,0.22718681967935525,-0.11215002499902882,-0.9049823169716451,-0.9700602087379597,-0.8918018285639405,-1.1367075914496372,0.08175583642607287
-0.9198558251408343,0.14007761226697135,-0.7957731474797832,-1.0227737549417952,-0.8837041329894099,-1.322839647557262,-0.5041182113251885,-0.5561120084583833,-1.3815532560230837,0.6587019012991747,0.2884392860707217,-0.13867022099790285,-0.9049823169716451,-0.9700602087379597,-0.8078418619560405,-1.102026959426176,0.08175583642607287
-0.8353161140220248,0.1023708438409675,-0.7957731474797832,-0.9844267178455788,-0.8574135697647514,-1.2666215738858664,-0.48335988802623503,-0.6855453415838141,-1.2593736599607293,0.8789661454139988,0.5339512210328385,-0.13867022099790285,-0.9575195164954776,-0.9700602087379597,-0.9197884840999073,-1.0326656953792535,0.17589749418624373
-0.9198558251408343,0.1023708438409675,-0.828411524747822,-0.9045370572284835,-0.8321746290690768,-1.2947306107215693,-0.4418432414283279,-0.6855453415838141,-1.3204634579919066,0.9104324660018307,0.4109442188534546,-0.1654077956525056,-0.8524451174478127,-0.9854027481498056,-0.7238818953481403,-0.9977007958801898,0.1445169415995201
-0.7930462584626278,0.0898019210323011,-0.8120923361138026,-0.9844267178455788,-0.8574135697647514,-1.210403500214481,-0.5041182113251885,-0.42703135471476583,-1.0761042658671975,0.8789661454139988,0.2884392860707217,-0.08562982900015477,-0.8524451174478127,-0.9393751299142683,-0.751868550884107,-0.8589782677863448,0.17589749418624373
-0.8775859695814374,0.1023708438409675,-0.8120923361138026,-1.0611207920379977,-0.8574135697647514,-1.210403500214481,-0.48335988802623503,-0.34097758555235425,-1.198283861929552,0.8474998248261667,0.34969175246208817,-0.05910963300128072,-0.9575195164954776,-0.9393751299142683,-0.8078418619560405,-0.9630201638567286,0.1445169415995201
-0.8353161140220248,0.5747528594000665,-0.7957731474797832,-0.9844267178455788,-0.8321746290690768,-1.210403500214481,-0.48335988802623503,-0.6421657776207949,-1.198283861929552,0.9104324660018307,0.2884392860707217,-0.11215002499902882,-0.7999079179239802,-0.9240325905024226,-0.751868550884107,-0.9977007958801898,0.17589749418624373
-0.8353161140220248,0.8177520337009782,-0.828411524747822,-0.9460796807493764,-0.8195551587212418,-1.1799520436424755,-0.4210849181293744,-1.0297604182334605,-1.198283861929552,0.9733651071774947,0.4109442188534546,-0.1654077956525056,-0.8524451174478127,-0.9393751299142683,-0.751868550884107,-0.9630201638567286,0.1445169415995201
-0.9621256807002313,0.6135070380601235,-0.8120923361138026,-1.0227737549417952,-0.8195551587212418,-1.210403500214481,-0.4418432414283279,-1.0297604182334605,-1.0761042658671975,0.46964605711162644,0.22718681967935525,-0.03258943700240667,-0.8524451174478127,-0.954717669326114,-0.8358285174920072,-0.9630201638567286,0.11313638901279649
-0.9198558251408343,0.5747528594000665,-0.828411524747822,-0.9460796807493764,-0.8447940994169117,-1.1237339699710798,-0.4418432414283279,-0.6421657776207949,-1.198283861929552,0.43817973652379444,0.34969175246208817,-0.08562982900015477,-0.7473707184001477,-0.954717669326114,-0.947775139635874,-0.9630201638567286,0.1445169415995201
-0.9621256807002313,0.5747528594000665,-0.8120923361138026,-0.9844267178455788,-0.8195551587212418,-1.1237339699710798,-0.4003265948304208,-0.6855453415838141,-1.198283861929552,0.5640450188751225,0.47269875464147215,-0.11215002499902882,-0.7473707184001477,-0.9240325905024226,-1.0599511605956096,-0.9977007958801898,0.1445169415995201
-0.9198558251408343,0.48572298950533455,-0.8447307133818474,-0.9844267178455788,-0.8195551587212418,-1.0956249331353871,-0.4210849181293744,-0.6421657776207949,-1.2593736599607293,0.060325968809254206,0.2884392860707217,-0.13867022099790285,-0.7999079179239802,-0.9393751299142683,-0.6679085842762068,-0.9977007958801898,0.1445169415995201
-0.8775859695814374,0.40926204241927366,-0.828411524747822,-0.9460796807493764,-0.8195551587212418,-1.037064439727689,-0.4210849181293744,-0.08281627806511944,-1.0150144678360205,0.15498285123330646,0.34969175246208817,-0.03258943700240667,-0.6422963193524828,-0.9240325905024226,-0.751868550884107,-0.8242976357628836,0.20727804677296735
-0.9198558251408343,0.3579389409505455,-0.8447307133818474,-0.9460796807493764,-0.8195551587212418,-1.0956249331353871,-0.4626015647272815,-0.16887004722753104,-1.198283861929552,-0.2543372370690658,0.47269875464147215,-0.05910963300128072,-0.7473707184001477,-0.8932217531589618,-1.2558577493473766,-0.8936588998098061,0.20727804677296735
-0.8775859695814374,0.255292738013094,-0.828411524747822,-0.9844267178455788,-0.8321746290690768,-1.0675158962996945,-0.4003265948304208,-0.03943671410210013,-1.0761042658671975,-0.474859401844446,0.4109442188534546,-0.08562982900015477,-0.5897591198286503,-0.8932217531589618,-1.955982935378282,-0.8936588998098061,0.11313638901279649
-0.7930462584626278,0.14007761226697135,-0.7957731474797832,-1.0227737549417952,-0.8069356883734069,-1.0089554028919963,-0.37956827153146727,-0.03943671410210013,-1.198283861929552,-0.8841794901468191,0.6564561538155715,-0.03258943700240667,-0.6948335188763152,-0.8778792137471161,-2.2078628352019827,-0.8589782677863448,0.17589749418624373
-0.7472539149399399,0.0898019210323011,-0.8120923361138026,-1.0227737549417952,-0.8447940994169117,-1.0675158962996945,-0.37956827153146727,0.0035901704791056685,-1.1371940638983749,-1.135910054849475,0.5339512210328385,-0.13867022099790285,-0.6422963193524828,-0.9240325905024226,-2.123902868594082,-0.8589782677863448,0.1445169415995201
-0.8353161140220248,0.1149397666496339,-0.8447307133818474,-0.9460796807493764,-0.8447940994169117,-1.037064439727689,-0.37956827153146727,-0.16887004722753104,-1.0761042658671975,-0.915645810734651,0.34969175246208817,-0.0060692410035326225,-0.5897591198286503,-0.9393751299142683,-2.0119562464502154,-0.8242976357628836,0.2700391519464146
-0.8353161140220248,0.024862486520848732,-0.7957731474797832,-0.9844267178455788,-0.8574135697647514,-1.0675158962996945,-0.4418432414283279,-0.08281627806511944,-1.198283861929552,-1.4193648608005194,0.2884392860707217,-0.0060692410035326225,-0.6948335188763152,-0.9086900510905769,-2.0959162130581155,-0.8589782677863448,0.23865859935969097
-0.8353161140220248,-0.051598460565212174,-0.828411524747822,-0.9844267178455788,-0.8447940994169117,-1.0089554028919963,-0.4210849181293744,-0.21189693180873684,-0.9539246698048431,-1.3878985402126873,0.04342942050525589,-0.0060692410035326225,-0.5897591198286503,-0.8625366743352704,-2.123902868594082,-0.7549363717159611,0.20727804677296735
-0.9198558251408343,-0.07673630618254962,-0.8447307133818474,-1.0227737549417952,-0.8447940994169117,-1.0089554028919963,-0.4003265948304208,-0.34097758555235425,-0.8928348717736659,-1.4508311813883512,0.2884392860707217,-0.0060692410035326225,-0.7999079179239802,-0.8471941349234247,-1.8438069144185465,-0.7202557396924998,0.20727804677296735
-0.7930462584626278,-0.10292156203394028,-0.8610499020158667,-1.0227737549417952,-0.8321746290690768,-1.0675158962996945,-0.4626015647272815,-0.21189693180873684,-0.9539246698048431,-1.5766964637396792,0.10468188689662235,-0.05910963300128072,-0.7473707184001477,-0.831851595511579,-1.591927014594846,-0.7549363717159611,0.20727804677296735
-0.7049840593805429,-0.15319725326861053,-0.8447307133818474,-0.9460796807493764,-0.8195551587212418,-1.037064439727689,-0.4210849181293744,-0.34097758555235425,-0.8928348717736659,-1.8601512696907236,0.10468188689662235,-0.08562982900015477,-0.6422963193524828,-0.831851595511579,-1.3398177159552769,-0.6508944756455773,0.20727804677296735
-0.8353161140220248,-0.16681358631133478,-0.8447307133818474,-0.9460796807493764,-0.8321746290690768,-1.0675158962996945,-0.5041182113251885,-0.34097758555235425,-0.8928348717736659,-1.8286849491028916,0.34969175246208817,-0.0060692410035326225,-0.4846847207809853,-0.8471941349234247,-1.2838444048833433,-0.6162138436221161,0.1445169415995201
-0.8775859695814374,-0.1793825091200012,-0.8610499020158667,-0.9460796807493764,-0.8195551587212418,-1.0675158962996945,-0.4210849181293744,-0.38400447013356004,-0.8317450737424886,-2.3638703197565927,0.4109442188534546,-0.03258943700240667,-0.4846847207809853,-0.8625366743352704,-1.3398177159552769,-0.6162138436221161,0.23865859935969097
-0.9198558251408343,-0.06416738337387858,-0.8610499020158667,-0.9460796807493764,-0.8574135697647514,-1.037064439727689,-0.4003265948304208,-0.25492381638994266,-1.0150144678360205,-2.5212019226957527,0.4109442188534546,-0.0060692410035326225,-0.5372219203048177,-0.831851595511579,-1.1718977827394765,-0.6855751076690386,0.23865859935969097
-0.8775859695814374,0.3579389409505455,-0.8787290230360575,-1.0227737549417952,-0.8321746290690768,-1.0675158962996945,-0.4210849181293744,-0.42703135471476583,-0.8928348717736659,-2.0489491932177164,0.1659343532879888,-0.05910963300128072,-0.9575195164954776,-0.8165090560997332,-1.1439111272035098,-0.7549363717159611,0.23865859935969097
-0.8353161140220248,0.3066158394818174,-0.8610499020158667,-0.9844267178455788,-0.8321746290690768,-1.0089554028919963,-0.3588099482325137,-0.42703135471476583,-0.8928348717736659,-2.3009376785809286,0.47269875464147215,-0.05910963300128072,-0.5897591198286503,-0.8471941349234247,-1.0879378161315765,-0.6162138436221161,0.2700391519464146
-0.8353161140220248,0.14007761226697135,-0.8120923361138026,-0.9844267178455788,-0.8321746290690768,-1.1237339699710798,-0.3588099482325137,0.08964393964151726,-0.8317450737424886,-2.1750723962296004,0.4109442188534546,-0.0060692410035326225,-0.4846847207809853,-0.8471941349234247,-1.031735106243774,-0.5815332115986548,0.2700391519464146
-0.8775859695814374,0.0898019210323011,-0.828411524747822,-0.9844267178455788,-0.8321746290690768,-1.0956249331353871,-0.4210849181293744,-0.38400447013356004,-0.7090647416306979,-1.8916175902785555,0.47269875464147215,0.020450954995341428,-0.3796103217333203,-0.8011665166878875,-1.0879378161315765,-0.6162138436221161,0.20727804677296735
-0.9198558251408343,0.1023708438409675,-0.8120923361138026,-0.9460796807493764,-0.8447940994169117,-1.0956249331353871,-0.3588099482325137,-0.38400447013356004,-0.7701545396618751,-2.1750723962296004,0.595203687424205,0.020450954995341428,-0.3796103217333203,-0.8165090560997332,-0.9757617951718407,-0.6162138436221161,0.3014197045331382
-0.9198558251408343,0.1023708438409675,-0.828411524747822,-1.0227737549417952,-0.8447940994169117,-1.0675158962996945,-0.3588099482325137,-0.34097758555235425,-0.8928348717736659,-1.8916175902785555,0.47269875464147215,-0.0060692410035326225,-0.4321475212571528,-0.831851595511579,-0.9197884840999073,-0.6508944756455773,0.23865859935969097
-0.8353161140220248,-0.06416738337387858,-0.8610499020158667,-0.9460796807493764,-0.8195551587212418,-1.0675158962996945,-0.33805162493356017,-0.34097758555235425,-0.6479749435995206,-1.8601512696907236,0.4109442188534546,-0.0060692410035326225,-0.4321475212571528,-0.8165090560997332,-0.947775139635874,-0.5468525795751936,0.1445169415995201
-1.0501878797823163,-0.2307056105887293,-0.8447307133818474,-0.9045370572284835,-0.8447940994169117,-1.1799520436424755,-0.33805162493356017,-0.5561120084583833,-0.6479749435995206,-1.8286849491028916,0.4109442188534546,0.04697115099421548,-0.5372219203048177,-0.8165090560997332,-0.8918018285639405,-0.6162138436221161,0.17589749418624373
-0.9621256807002313,-0.2945976348661238,-0.8787290230360575,-0.9460796807493764,-0.8447940994169117,-1.1237339699710798,-0.3588099482325137,-0.943706649071049,-0.7090647416306979,-2.0804155138055482,0.34969175246208817,0.07349134699308953,-0.3796103217333203,-0.8165090560997332,-0.8078418619560405,-0.5815332115986548,0.6154824480445281
-0.9621256807002313,-0.3584896591435183,-0.828411524747822,-0.9844267178455788,-0.8447940994169117,-1.0675158962996945,-0.3172933016346066,-0.5561120084583833,-0.8317450737424886,-1.9860165520420516,0.34969175246208817,0.020450954995341428,-0.3796103217333203,-0.7858239772760418,-0.8638151730279738,-0.5815332115986548,0.7410046583914226
-0.8353161140220248,-0.3836275047608511,-0.8447307133818474,-1.0227737549417952,-0.8574135697647514,-1.0956249331353871,-0.3172933016346066,-0.7715991107462258,-0.7701545396618751,-1.7657523079272275,0.595203687424205,0.020450954995341428,-0.2741052899026727,-0.8165090560997332,-0.8078418619560405,-0.5815332115986548,0.39556136229330907
-0.9621256807002313,-0.39619642756952217,-0.828411524747822,-0.9460796807493764,-0.8321746290690768,-1.0956249331353871,-0.4003265948304208,-0.29795070097114845,-0.5868851455683434,-1.6398870255758995,0.595203687424205,-0.11215002499902882,-0.3796103217333203,-0.7704814378641961,-0.947775139635874,-0.6508944756455773,0.33280025711986183
-0.9621256807002313,-0.4223816834209128,-0.8447307133818474,-1.0227737549417952,-0.8447940994169117,-1.1237339699710798,-0.3172933016346066,-0.34097758555235425,-0.7090647416306979,-1.6398870255758995,0.34969175246208817,0.04697115099421548,-0.2741052899026727,-0.7397963590405039,-0.947775139635874,-0.6162138436221161,0.2700391519464146
-0.9198558251408343,-0.4475195290382456,-0.8447307133818474,-0.9844267178455788,-0.8710846626415749,-1.1799520436424755,-0.2757766550366995,-0.5130851238771774,-0.5868851455683434,-1.8286849491028916,0.595203687424205,0.020450954995341428,-0.22156809037884018,-0.7551388984523504,-0.5837192188524379,-0.6162138436221161,0.2700391519464146
-0.7930462584626278,-0.4223816834209128,-0.8120923361138026,-0.9844267178455788,-0.8837041329894099,-1.1237339699710798,-0.29653497833565307,-0.9006797644898431,-0.5868851455683434,-2.0489491932177164,0.6564561538155715,0.1265317389908376,-0.22156809037884018,-0.6937687408049668,-0.3318393190287375,-0.5815332115986548,0.3014197045331382
-0.9198558251408343,-0.39619642756952217,-0.8610499020158667,-0.9844267178455788,-0.8837041329894099,-1.1518430068067829,-0.33805162493356017,-0.8576528799086374,-0.4647055495059889,-1.7342859873393954,0.595203687424205,0.07349134699308953,-0.3270731222094878,-0.7551388984523504,-0.8638151730279738,-0.51188768007613,0.3014197045331382
-0.9621256807002313,-0.4223816834209128,-0.8787290230360575,-0.9844267178455788,-0.8710846626415749,-1.1799520436424755,-0.33805162493356017,-1.2448948411394896,-0.7090647416306979,-1.8916175902785555,0.595203687424205,0.04697115099421548,-0.4846847207809853,-0.7397963590405039,-1.5079670479869458,-0.51188768007613,0.33280025711986183
-0.9621256807002313,-0.4349506062295792,-0.828411524747822,-0.9460796807493764,-0.8574135697647514,-1.210403500214481,-0.33805162493356017,-0.8576528799086374,-0.7090647416306979,-1.7657523079272275,0.5339512210328385,0.04697115099421548,-0.3270731222094878,-0.7244538196286582,-1.7038736367387128,-0.51188768007613,0.36418080970658545
-0.8775859695814374,-0.4098127606122464,-0.8610499020158667,-0.9844267178455788,-0.8447940994169117,-1.1799520436424755,-0.3588099482325137,-0.8576528799086374,-0.4647055495059889,-1.6398870255758995,0.7177086202069379,0.1265317389908376,-0.22156809037884018,-0.7091112802168125,-1.7598469478106462,-0.47720704805266867,0.33280025711986183
-0.9198558251408343,-0.4223816834209128,-0.8787290230360575,-1.0611207920379977,-0.8710846626415749,-1.1518430068067829,-0.3172933016346066,-0.9006797644898431,-0.4647055495059889,-1.6398870255758995,0.595203687424205,0.020450954995341428,-0.3796103217333203,-0.7244538196286582,-1.872022968770382,-0.51188768007613,0.2700391519464146
-0.8353161140220248,-0.4098127606122464,-0.8610499020158667,-1.0611207920379977,-0.8710846626415749,-1.1799520436424755,-0.3172933016346066,-1.1588410719770779,-0.5257953475371662,-1.6398870255758995,0.7789610865983044,0.10001154299196358,-0.22156809037884018,-0.7091112802168125,-1.8438069144185465,-0.51188768007613,0.2700391519464146
-1.0501878797823163,-0.4475195290382456,-0.8787290230360575,-0.9844267178455788,-0.8447940994169117,-1.1237339699710798,-0.2757766550366995,-0.8576528799086374,-0.4036157514748117,-1.7028196667515636,0.1659343532879888,0.15305193498971167,-0.4321475212571528,-0.7244538196286582,-1.6758869812027462,-0.4425264160292074,0.36418080970658545
-1.0079180242229193,-0.4475195290382456,-0.828411524747822,-0.7894959459398624,-0.8574135697647514,-1.1799520436424755,-0.33805162493356017,-0.9006797644898431,-0.5868851455683434,-1.7972186285150595,0.7177086202069379,0.15305193498971167,-0.2741052899026727,-0.7091112802168125,-1.6758869812027462,-0.47720704805266867,0.3014197045331382
-0.9621256807002313,-0.3323044032921277,-0.8447307133818474,-0.6712592482265647,-0.8710846626415749,-1.2385125370501737,-0.25501833173774596,-1.2018679565582837,-0.5257953475371662,-1.8916175902785555,0.6564561538155715,0.1265317389908376,-0.06395649180734274,-0.7091112802168125,-1.7318602922746795,-0.4425264160292074,0.3014197045331382
-0.9198558251408343,0.166262868118362,-0.8610499020158667,-0.709606285322767,-0.9226141665619032,-1.1799520436424755,-0.25501833173774596,-0.9006797644898431,-0.4036157514748117,-1.7028196667515636,0.2884392860707217,0.15305193498971167,-0.3796103217333203,-0.7091112802168125,-1.6479003256667795,-0.51188768007613,0.2700391519464146
-0.9621256807002313,0.2427238152044229,-0.8787290230360575,-0.75114890884366,-0.8963236033372448,-1.210403500214481,-0.29653497833565307,-0.8146259953274315,-0.4036157514748117,-1.8601512696907236,0.6564561538155715,0.15305193498971167,-0.06395649180734274,-0.6937687408049668,-1.5079670479869458,-0.47720704805266867,0.2700391519464146
-0.9198558251408343,0.1023708438409675,-0.8447307133818474,-0.709606285322767,-0.8837041329894099,-1.1799520436424755,-0.3588099482325137,-1.0727873028146664,-0.4647055495059889,-1.6398870255758995,0.7789610865983044,0.10001154299196358,-0.22156809037884018,-0.7244538196286582,-1.3957910270272103,-0.4425264160292074,0.2700391519464146
-0.9621256807002313,0.05104774237223939,-0.828411524747822,-0.6329122111303624,-0.8574135697647514,-1.1799520436424755,-0.21333153494886367,-1.2448948411394896,-0.4647055495059889,-1.7342859873393954,0.595203687424205,0.10001154299196358,-0.2741052899026727,-0.6937687408049668,-1.3398177159552769,-0.47720704805266867,0.3014197045331382
-0.8775859695814374,0.03847881956357299,-0.828411524747822,-0.6329122111303624,-0.8574135697647514,-1.210403500214481,-0.25501833173774596,-1.0727873028146664,-0.34252595344363446,-1.6081627843275113,0.5339512210328385,0.1265317389908376,-0.3796103217333203,-0.6937687408049668,-1.22787109381141,-0.47720704805266867,0.33280025711986183
-0.8775859695814374,0.024862486520848732,-0.8447307133818474,-0.709606285322767,-0.8963236033372448,-1.1518430068067829,-0.25501833173774596,-1.0727873028146664,-0.5868851455683434,-1.7342859873393954,0.6564561538155715,0.1265317389908376,-0.1690308908550077,-0.6629579034615066,-1.1439111272035098,-0.4425264160292074,0.33280025711986183
-0.8775859695814374,-0.039029537756545774,-0.828411524747822,-0.709606285322767,-0.8963236033372448,-1.1799520436424755,-0.29653497833565307,-1.0297604182334605,-0.4647055495059889,-2.2694713579930963,0.5339512210328385,0.1795721309885857,-0.22156809037884018,-0.6629579034615066,-1.1159244716675432,-0.47720704805266867,0.2700391519464146
-0.8353161140220248,-0.2432745333973957,-0.8447307133818474,-0.6712592482265647,-0.8963236033372448,-1.210403500214481,-0.21333153494886367,-0.8146259953274315,-0.5257953475371662,-2.2065387168174326,0.7177086202069379,0.1265317389908376,-0.11649369133117522,-0.6937687408049668,-1.0879378161315765,-0.40784578400574617,0.33280025711986183
-0.8353161140220248,-0.39619642756952217,-0.8120923361138026,-0.75114890884366,-0.8963236033372448,-1.210403500214481,-0.2757766550366995,-0.8146259953274315,-0.34252595344363446,-2.1750723962296004,0.22718681967935525,0.10001154299196358,-0.11649369133117522,-0.678426201393121,-1.0599511605956096,-0.4425264160292074,0.2700391519464146
-0.7472539149399399,-0.49884263050697375,-0.8120923361138026,-0.7894959459398624,-0.8837041329894099,-1.1518430068067829,-0.2342600084387924,-0.8146259953274315,-0.4036157514748117,-1.7657523079272275,0.595203687424205,0.15305193498971167,-0.06395649180734274,-0.678426201393121,-1.031735106243774,-0.40784578400574617,0.23865859935969097
-0.7472539149399399,-0.5878725004017057,-0.8120923361138026,-0.9844267178455788,-0.9089430736850798,-1.1518430068067829,-0.25501833173774596,-1.0727873028146664,-0.5257953475371662,-1.7028196667515636,0.7789610865983044,0.1265317389908376,-0.06395649180734274,-0.6476153640496609,-1.0037484507078074,-0.4425264160292074,0.2700391519464146
-0.6627142038211459,-0.5753035775930346,-0.8447307133818474,-0.9045370572284835,-0.8963236033372448,-1.1799520436424755,-0.2342600084387924,-0.943706649071049,-0.4647055495059889,-1.5766964637396792,0.47269875464147215,0.1265317389908376,-0.11649369133117522,-0.6629579034615066,-0.9757617951718407,-0.51188768007613,0.2700391519464146
-0.8353161140220248,-0.6391956018704291,-0.8610499020158667,-0.9844267178455788,-0.8710846626415749,-1.1799520436424755,-0.17181488835095657,-0.9867335336522547,-0.4036157514748117,-1.6398870255758995,0.5339512210328385,0.15305193498971167,-0.01141929228351025,-0.6476153640496609,-1.0037484507078074,-0.40784578400574617,0.33280025711986183
-0.7472539149399399,-0.6779497805304908,-0.828411524747822,-0.9460796807493764,-0.8963236033372448,-1.210403500214481,-0.2342600084387924,-0.9867335336522547,-0.34252595344363446,-1.3249658990370232,0.595203687424205,0.15305193498971167,-0.01141929228351025,-0.6629579034615066,-0.947775139635874,-0.3731651519822849,0.39556136229330907
-0.8775859695814374,-0.7030876261478236,-0.8610499020158667,-0.9844267178455788,-0.8963236033372448,-1.210403500214481,-0.2342600084387924,-1.2018679565582837,-0.22034635738128,-1.9230839108663875,0.5339512210328385,0.1265317389908376,-0.06395649180734274,-0.6476153640496609,-0.8918018285639405,-0.40784578400574617,0.33280025711986183
-0.8775859695814374,-0.6905187033391572,-0.8610499020158667,-0.9045370572284835,-0.8963236033372448,-1.1799520436424755,-0.19257321164991012,-0.943706649071049,-0.4036157514748117,-1.7028196667515636,0.595203687424205,0.1795721309885857,0.09365510676415471,-0.6629579034615066,-0.8358285174920072,-0.4425264160292074,0.33280025711986183
-0.8353161140220248,-0.7292728819992189,-0.8610499020158667,-0.8661900201322812,-0.8837041329894099,-1.2385125370501737,-0.19257321164991012,-0.9006797644898431,-0.28143615541245726,-1.8916175902785555,0.47269875464147215,0.1265317389908376,0.041117907240322236,-0.6476153640496609,-0.8918018285639405,-0.40784578400574617,0.36418080970658545
-0.7930462584626278,-0.6905187033391572,-0.8610499020158667,-0.9844267178455788,-0.9089430736850798,-1.2385125370501737,-0.17181488835095657,-0.8146259953274315,-0.28143615541245726,-1.7972186285150595,0.47269875464147215,0.1795721309885857,0.1461923062879872,-0.6629579034615066,-0.7798552064200737,-0.2691232559119011,0.39556136229330907
-0.7472539149399399,-0.2945976348661238,-0.8447307133818474,-0.8661900201322812,-0.8837041329894099,-1.2385125370501737,-0.2342600084387924,-0.8576528799086374,-0.28143615541245726,-1.7342859873393954,0.5339512210328385,0.20609232698745977,0.041117907240322236,-0.6015877458141231,-0.7798552064200737,-0.3731651519822849,0.3014197045331382
-0.8353161140220248,-0.07673630618254962,-0.8447307133818474,-0.8661900201322812,-0.8963236033372448,-1.2385125370501737,-0.2342600084387924,-0.8576528799086374,-0.28143615541245726,-1.6713533461637315,0.7177086202069379,0.15305193498971167,0.1461923062879872,-0.6476153640496609,-0.8638151730279738,-0.3731651519822849,0.36418080970658545
-0.8353161140220248,-0.1919514319286676,-0.8447307133818474,-0.8661900201322812,-0.8963236033372448,-1.1799520436424755,-0.19257321164991012,-0.9006797644898431,-0.28143615541245726,-2.3953366403444245,0.47269875464147215,0.1795721309885857,0.09365510676415471,-0.6015877458141231,-0.751868550884107,-0.2691232559119011,0.33280025711986183
-0.7930462584626278,-0.26841237901473314,-0.8447307133818474,-0.8661900201322812,-0.9352336369097428,-1.1518430068067829,-0.17181488835095657,-0.8146259953274315,-0.28143615541245726,-1.7028196667515636,0.2884392860707217,0.20609232698745977,0.1987295058118197,-0.6322728246378152,-0.751868550884107,-0.40784578400574617,0.33280025711986183
-0.7930462584626278,-0.1793825091200012,-0.8787290230360575,-0.9045370572284835,-0.9478531072575778,-1.2385125370501737,-0.17181488835095657,-0.9006797644898431,-0.28143615541245726,-1.6713533461637315,0.4109442188534546,0.1795721309885857,0.041117907240322236,-0.6169302852259695,-0.7798552064200737,-0.3384845199588236,0.33280025711986183
-0.8353161140220248,-0.21708927754600504,-0.8447307133818474,-0.9460796807493764,-0.9478531072575778,-1.2666215738858664,-0.15105656505200302,-0.6421657776207949,-0.09816676131892554,-2.0174828726298837,0.595203687424205,0.2593500976409366,0.09365510676415471,-0.6169302852259695,-0.7798552064200737,-0.40784578400574617,0.36418080970658545
-0.7930462584626278,-0.39619642756952217,-0.8120923361138026,-0.8661900201322812,-0.9089430736850798,-1.2666215738858664,-0.15105656505200302,-0.6855453415838141,-0.28143615541245726,-2.2380050374052645,0.595203687424205,0.1795721309885857,0.1987295058118197,-0.6322728246378152,-0.7798552064200737,-0.3731651519822849,0.36418080970658545
-0.9198558251408343,-0.46008845184691666,-0.8447307133818474,-0.9844267178455788,-0.9226141665619032,-1.210403500214481,-0.15105656505200302,-0.5130851238771774,-0.28143615541245726,-2.0489491932177164,0.7789610865983044,0.15305193498971167,0.1461923062879872,-0.6169302852259695,-0.6679085842762068,-0.3731651519822849,0.36418080970658545
-0.8775859695814374,-0.5627346547843682,-0.8610499020158667,-0.9045370572284835,-0.9352336369097428,-1.1518430068067829,-0.17181488835095657,-0.6421657776207949,-0.03707696328774832,-1.6398870255758995,0.6564561538155715,0.1795721309885857,0.1987295058118197,-0.6169302852259695,-0.6117058743884046,-0.3731651519822849,0.39556136229330907
-0.8775859695814374,-0.6779497805304908,-0.8610499020158667,-0.9045370572284835,-0.9226141665619032,-1.1799520436424755,-0.10953991845409591,-0.5561120084583833,-0.28143615541245726,-1.5766964637396792,0.7177086202069379,0.2593500976409366,-0.06395649180734274,-0.6476153640496609,-0.6396925299243713,-0.40784578400574617,0.39556136229330907
-0.8775859695814374,-0.7669796504252182,-0.828411524747822,-0.8661900201322812,-0.9226141665619032,-1.1237339699710798,-0.13029824175304947,-0.6421657776207949,-0.15925655935010277,-1.8916175902785555,0.595203687424205,0.20609232698745977,0.1461923062879872,-0.6015877458141231,-0.6679085842762068,-0.40784578400574617,0.39556136229330907
-0.7930462584626278,-0.8308716747026127,-0.8120923361138026,-0.9045370572284835,-0.9226141665619032,-1.0956249331353871,-0.04726494855723526,-0.5561120084583833,-0.15925655935010277,-1.5452301431518474,0.47269875464147215,0.1265317389908376,0.25126670533565215,-0.5709026669904317,-0.6958952398121736,-0.3038038879353624,0.33280025711986183
-0.9198558251408343,-0.8696258533626744,-0.8610499020158667,-0.9460796807493764,-0.9352336369097428,-1.037064439727689,-0.08878159515514236,-0.4700582392959716,-0.09816676131892554,-1.4508311813883512,0.7177086202069379,0.1795721309885857,0.1461923062879872,-0.5862452064022774,-0.6958952398121736,-0.3731651519822849,0.23865859935969097
-0.8775859695814374,-0.8821947761713408,-0.8787290230360575,-0.9460796807493764,-0.9352336369097428,-1.0675158962996945,-0.10953991845409591,-0.4700582392959716,-0.15925655935010277,-1.5452301431518474,0.6564561538155715,0.20609232698745977,0.1987295058118197,-0.6015877458141231,-0.5557325633164711,-0.2691232559119011,0.33280025711986183
-1.0079180242229193,-0.857056930554008,-0.8787290230360575,-0.9045370572284835,-0.9089430736850798,-1.037064439727689,-0.13029824175304947,-0.42703135471476583,-0.22034635738128,-1.4508311813883512,0.7789610865983044,0.1795721309885857,0.09365510676415471,-0.5862452064022774,-0.49975925224453777,-0.2344426238884399,0.39556136229330907
-0.8353161140220248,-0.4475195290382456,-0.828411524747822,-0.8661900201322812,-0.9089430736850798,-1.1799520436424755,-0.17181488835095657,-0.38400447013356004,-0.22034635738128,-1.7028196667515636,0.5339512210328385,0.23282990164206252,0.09365510676415471,-0.5862452064022774,-0.5277459077805045,-0.3038038879353624,0.36418080970658545
-0.7472539149399399,-0.3197354804834566,-0.8787290230360575,-0.9844267178455788,-0.8963236033372448,-1.1518430068067829,-0.10953991845409591,-0.4700582392959716,-0.03707696328774832,-2.0174828726298837,0.4109442188534546,0.20609232698745977,0.1461923062879872,-0.5862452064022774,-0.49975925224453777,-0.2344426238884399,0.33280025711986183
-0.7930462584626278,-0.6653808577218244,-0.8610499020158667,-0.9460796807493764,-0.9352336369097428,-1.1518430068067829,-0.10953991845409591,-0.38400447013356004,-0.03707696328774832,-1.4822975019761833,0.34969175246208817,0.20609232698745977,0.1461923062879872,-0.555560127578586,-0.4157992856366376,-0.2691232559119011,0.3014197045331382
-0.8775859695814374,-0.4737047848896409,-0.8447307133818474,-1.0611207920379977,-0.9089430736850798,-1.1799520436424755,-0.08878159515514236,-0.34097758555235425,-0.09816676131892554,-1.5137638225640153,0.7789610865983044,0.23282990164206252,0.1461923062879872,-0.5862452064022774,-0.5277459077805045,-0.2691232559119011,0.33280025711986183
-0.8353161140220248,-0.3836275047608511,-0.8447307133818474,-1.0227737549417952,-0.8710846626415749,-1.1518430068067829,-0.13029824175304947,-0.38400447013356004,-0.22034635738128,-1.4193648608005194,0.7789610865983044,0.23282990164206252,0.09365510676415471,-0.6015877458141231,-0.6117058743884046,-0.13040072781805456,0.36418080970658545
-0.9198558251408343,-0.3323044032921277,-0.828411524747822,-0.9460796807493764,-0.9089430736850798,-1.1237339699710798,-0.10953991845409591,-0.38400447013356004,-0.09816676131892554,-1.2934995784491914,0.5339512210328385,0.2858702936398106,0.25126670533565215,-0.5709026669904317,-0.6117058743884046,-0.19976199186497864,0.33280025711986183
-0.7930462584626278,-0.3323044032921277,-0.8447307133818474,-0.9045370572284835,-0.8963236033372448,-1.2385125370501737,-0.15105656505200302,-0.42703135471476583,-0.09816676131892554,-1.5766964637396792,0.7177086202069379,0.23282990164206252,0.25126670533565215,-0.555560127578586,-0.5277459077805045,-0.09572009579459331,0.3014197045331382
-0.8775859695814374,-0.4223816834209128,-0.828411524747822,-0.8661900201322812,-0.9089430736850798,-1.1237339699710798,-0.13029824175304947,-0.42703135471476583,-0.28143615541245726,-1.3249658990370232,0.9014660193810373,0.10001154299196358,0.1987295058118197,-0.49418996993120307,-0.5277459077805045,-0.13040072781805456,0.33280025711986183
-0.8775859695814374,-0.4223816834209128,-0.8610499020158667,-0.9045370572284835,-0.8963236033372448,-1.0956249331353871,-0.13029824175304947,-0.599138893039589,-0.09816676131892554,-1.3564322196248553,0.8402135529896708,0.2593500976409366,0.1987295058118197,-0.555560127578586,-0.44378594117260434,-0.13040072781805456,0.36418080970658545
-0.9198558251408343,-0.6014888334444299,-0.8787290230360575,-0.9045370572284835,-0.9089430736850798,-1.0675158962996945,-0.06802327185618881,-0.38400447013356004,-0.09816676131892554,-1.7028196667515636,0.5339512210328385,0.2593500976409366,0.1461923062879872,-0.555560127578586,-0.5557325633164711,-0.13040072781805456,0.3014197045331382
-0.8353161140220248,-0.8057338290852799,-0.8447307133818474,-0.9460796807493764,-0.8837041329894099,-1.1518430068067829,-0.08878159515514236,-0.29795070097114845,0.024012834743428906,-1.2934995784491914,0.5339512210328385,0.31239048963868465,0.1987295058118197,-0.5095325093430487,-0.44378594117260434,-0.1650813598415158,0.36418080970658545
-0.7472539149399399,-1.023595157768854,-0.8787290230360575,-0.9045370572284835,-0.9089430736850798,-1.1237339699710798,-0.04726494855723526,-0.25492381638994266,0.20778296488639697,-1.3878985402126873,0.7177086202069379,0.2593500976409366,0.25126670533565215,-0.5248750487548945,-0.471772596708571,-0.09572009579459331,0.36418080970658545
-0.8775859695814374,-1.112625027663586,-0.828411524747822,-0.9460796807493764,-0.9089430736850798,-1.0956249331353871,-0.02650662525828171,-0.16887004722753104,-0.09816676131892554,-1.4508311813883512,0.8402135529896708,0.2858702936398106,0.1461923062879872,-0.5862452064022774,-0.49975925224453777,-0.026074564272069965,0.36418080970658545
-0.7930462584626278,-1.2529779990270413,-0.8610499020158667,-0.9460796807493764,-0.9089430736850798,-1.1799520436424755,-0.06802327185618881,-0.42703135471476583,-0.09816676131892554,-1.5137638225640153,0.5339512210328385,0.2593500976409366,0.30380390485948466,-0.555560127578586,-0.3598259745647042,-0.06103946377113206,0.39556136229330907
-0.8353161140220248,-1.3430552791558266,-0.8447307133818474,-0.9045370572284835,-0.8963236033372448,-1.1237339699710798,-0.06802327185618881,-0.42703135471476583,-0.15925655935010277,-1.4193648608005194,0.47269875464147215,0.3389106856375587,0.30380390485948466,-0.5709026669904317,-0.4157992856366376,0.043286699774852534,0.39556136229330907
-0.8775859695814374,-1.368193124773164,-0.8120923361138026,-0.8661900201322812,-0.9089430736850798,-1.1518430068067829,-0.06802327185618881,-0.16887004722753104,-0.03707696328774832,-1.3249658990370232,0.6564561538155715,0.3654308816364328,0.1987295058118197,-0.555560127578586,-0.3598259745647042,-0.09572009579459331,0.33280025711986183
-0.7930462584626278,-1.4320851490505586,-0.8447307133818474,-0.8661900201322812,-0.8710846626415749,-1.1237339699710798,-0.10953991845409591,-0.03943671410210013,0.024012834743428906,-1.4508311813883512,-0.4465903106256758,0.3389106856375587,0.30380390485948466,-0.6015877458141231,-0.3318393190287375,0.008606067751391284,0.39556136229330907
-0.8353161140220248,-1.4708393277106155,-0.7780940264595926,-0.9844267178455788,-0.9089430736850798,-1.1237339699710798,-0.08878159515514236,-0.29795070097114845,0.08560336882404251,-1.7028196667515636,0.5339512210328385,0.3389106856375587,0.30380390485948466,-0.5248750487548945,-0.3598259745647042,-0.06103946377113206,0.36418080970658545
-0.7930462584626278,-1.495977173327953,-0.8447307133818474,-0.9045370572284835,-0.9089430736850798,-1.1237339699710798,-0.06802327185618881,-0.25492381638994266,-0.03707696328774832,-1.4193648608005194,0.7177086202069379,0.31239048963868465,0.3563411043833171,-0.49418996993120307,-0.3038526634927708,0.008606067751391284,0.33280025711986183
-0.8775859695814374,-1.5724381204140139,-0.828411524747822,-0.9844267178455788,-0.9089430736850798,-1.1237339699710798,-0.04726494855723526,-0.16887004722753104,0.024012834743428906,-1.5137638225640153,0.7789610865983044,0.31239048963868465,0.3563411043833171,-0.5248750487548945,-0.3878126301006709,0.008606067751391284,0.3014197045331382
-0.9198558251408343,-1.6499464777341326,-0.8120923361138026,-1.0227737549417952,-0.9089430736850798,-1.1799520436424755,-0.00574830195932816,-0.21189693180873684,-0.03707696328774832,-1.4193648608005194,0.595203687424205,0.3654308816364328,0.30380390485948466,-0.5709026669904317,-0.3878126301006709,-0.06103946377113206,0.33280025711986183
-0.8353161140220248,-1.7138385020115272,-0.7957731474797832,-0.9460796807493764,-0.9089430736850798,-1.2385125370501737,-0.06802327185618881,-0.42703135471476583,-0.03707696328774832,-1.3249658990370232,0.6564561538155715,0.3389106856375587,0.5143833357377973,-0.5248750487548945,-0.3318393190287375,-0.06103946377113206,0.4269419148800327
-0.9621256807002313,-1.6363301446914085,-0.7780940264595926,-0.9844267178455788,-0.9226141665619032,-1.1518430068067829,-0.02650662525828171,-0.16887004722753104,0.08560336882404251,-1.4193648608005194,0.7177086202069379,0.31239048963868465,0.40887830390714963,-0.47884743051935735,-0.3038526634927708,0.008606067751391284,0.33280025711986183
-0.8775859695814374,-1.6499464777341326,-0.7957731474797832,-0.9045370572284835,-0.8963236033372448,-1.210403500214481,-0.06802327185618881,-0.21189693180873684,-0.09816676131892554,-1.3878985402126873,0.7789610865983044,0.31239048963868465,0.40887830390714963,-0.5248750487548945,-0.24764995360496853,0.008606067751391284,0.36418080970658545
-0.8775859695814374,-1.3807620475818305,-0.8120923361138026,-1.0227737549417952,-0.8837041329894099,-1.1518430068067829,-0.06802327185618881,-0.12584316264632525,0.08560336882404251,-1.041511093085979,0.6564561538155715,0.31239048963868465,0.5143833357377973,-0.5095325093430487,-0.2196632980690018,0.008606067751391284,0.4583224674667563
-0.8775859695814374,-1.1251939504722523,-0.7780940264595926,-0.9844267178455788,-0.8710846626415749,-1.210403500214481,-0.02650662525828171,-0.08281627806511944,0.14669316685521974,-1.104443734261643,0.595203687424205,0.31239048963868465,0.46184613621396475,-0.5248750487548945,-0.24764995360496853,-0.09572009579459331,0.48996023769763364
-0.9198558251408343,-1.023595157768854,-0.7957731474797832,-0.9460796807493764,-0.8710846626415749,-1.1799520436424755,-0.08878159515514236,-0.08281627806511944,0.14669316685521974,-1.135910054849475,0.47269875464147215,0.3654308816364328,0.5143833357377973,-0.5095325093430487,-0.3318393190287375,-0.026074564272069965,0.5527213428710809
-0.8775859695814374,-0.9460868004487353,-0.7957731474797832,-1.0227737549417952,-0.8837041329894099,-1.1518430068067829,-0.06802327185618881,-0.25492381638994266,0.20778296488639697,-1.2934995784491914,0.4109442188534546,0.31239048963868465,0.5669205352616298,-0.49418996993120307,-0.24764995360496853,-0.06103946377113206,0.5213407902843572
-0.8775859695814374,-1.0874871820462486,-0.7957731474797832,-0.9844267178455788,-0.9089430736850798,-1.1799520436424755,-0.06802327185618881,-0.38400447013356004,0.3299625609487514,-1.4193648608005194,0.595203687424205,0.1265317389908376,0.46184613621396475,-0.4635048911075116,-0.1916766425330351,-0.09572009579459331,0.48996023769763364
-0.9621256807002313,-1.240409076218375,-0.7780940264595926,-0.9844267178455788,-0.8710846626415749,-1.1799520436424755,-0.02650662525828171,-0.16887004722753104,0.3299625609487514,-1.104443734261643,0.9627184857724038,0.31239048963868465,0.46184613621396475,-0.5248750487548945,-0.1916766425330351,0.043286699774852534,0.48996023769763364
-0.8353161140220248,-1.279163254878432,-0.7291364605575285,-0.9045370572284835,-0.8710846626415749,-1.1799520436424755,-0.02650662525828171,-0.12584316264632525,0.024012834743428906,-1.4193648608005194,0.7177086202069379,0.3654308816364328,0.3563411043833171,-0.49418996993120307,-0.10771667592513497,0.043286699774852534,0.5213407902843572
-0.8353161140220248,-1.2917321776870985,-0.6951381509033184,-0.9460796807493764,-0.8321746290690768,-1.1518430068067829,-0.08878159515514236,0.04661705506031147,0.024012834743428906,-1.6713533461637315,0.6564561538155715,0.31239048963868465,0.5143833357377973,-0.5248750487548945,-0.16368998699706838,-0.026074564272069965,0.4269419148800327
-0.9198558251408343,-1.3294389461131024,-0.7291364605575285,-0.9460796807493764,-0.8710846626415749,-1.1237339699710798,-0.00574830195932816,-0.12584316264632525,0.20778296488639697,-1.6081627843275113,0.7789610865983044,0.3389106856375587,0.5669205352616298,-0.49418996993120307,-0.1916766425330351,-0.06103946377113206,0.48996023769763364
-0.7930462584626278,-1.3043011004957694,-0.7128172719235091,-0.9460796807493764,-0.8963236033372448,-1.1237339699710798,-0.02650662525828171,-0.08281627806511944,0.14669316685521974,-1.6081627843275113,0.7177086202069379,0.41847127363418085,0.46184613621396475,-0.43269405376405085,-0.16368998699706838,0.043286699774852534,0.5841018954578044
-0.7930462584626278,-1.3294389461131024,-0.7291364605575285,-0.9045370572284835,-0.8963236033372448,-1.210403500214481,-0.00574830195932816,0.0035901704791056685,-0.4036157514748117,-1.5137638225640153,0.8402135529896708,0.3654308816364328,0.5143833357377973,-0.49418996993120307,-0.13570333146110167,0.07796733179831379,0.5841018954578044
-0.8775859695814374,-1.3294389461131024,-0.7128172719235091,-0.9844267178455788,-0.8837041329894099,-1.1237339699710798,-0.00574830195932816,0.08964393964151726,0.14669316685521974,-1.072977413673811,0.6564561538155715,0.3654308816364328,0.5143833357377973,-0.5095325093430487,-0.1916766425330351,0.07796733179831379,0.5527213428710809
-0.8353161140220248,-1.3294389461131024,-0.7128172719235091,-0.9045370572284835,-0.8963236033372448,-1.1237339699710798,-0.00574830195932816,-0.12584316264632525,0.14669316685521974,-1.104443734261643,0.8402135529896708,0.3389106856375587,0.40887830390714963,-0.47884743051935735,-0.13570333146110167,0.043286699774852534,0.5527213428710809
-0.7930462584626278,-1.355624201964493,-0.7291364605575285,-0.9844267178455788,-0.9226141665619032,-1.1237339699710798,-0.02650662525828171,0.21872459338513467,0.20778296488639697,-1.2620332578613593,0.7789610865983044,0.2858702936398106,0.46184613621396475,-0.4635048911075116,-0.16368998699706838,0.11264796382177504,0.48996023769763364
-0.8353161140220248,-1.3430552791558266,-0.7617748378255732,-0.9844267178455788,-0.8837041329894099,-1.0956249331353871,-0.08878159515514236,0.04661705506031147,0.08560336882404251,-1.041511093085979,0.8402135529896708,0.3389106856375587,0.40887830390714963,-0.49418996993120307,-0.10771667592513497,0.11264796382177504,0.4269419148800327
-0.8775859695814374,-1.368193124773164,-0.7291364605575285,-0.9460796807493764,-0.8574135697647514,-1.0956249331353871,-0.00574830195932816,0.21872459338513467,-0.03707696328774832,-1.135910054849475,0.9014660193810373,0.3389106856375587,0.5669205352616298,-0.49418996993120307,-0.16368998699706838,0.11264796382177504,0.5841018954578044
-0.9198558251408343,-1.3943783806245547,-0.6951381509033184,-0.9045370572284835,-0.8710846626415749,-1.037064439727689,-0.02650662525828171,0.21872459338513467,0.14669316685521974,-1.104443734261643,0.6564561538155715,0.31239048963868465,0.09365510676415471,-0.44803659317589656,-0.16368998699706838,-0.06103946377113206,0.5213407902843572
-0.8775859695814374,-1.3807620475818305,-0.7128172719235091,-0.8661900201322812,-0.8963236033372448,-1.1237339699710798,0.03576834463857894,0.04661705506031147,0.2688727629175742,-1.041511093085979,0.595203687424205,0.2858702936398106,0.5669205352616298,-0.43269405376405085,-0.10771667592513497,0.008606067751391284,0.48996023769763364
-1.0079180242229193,-1.4069473034332212,-0.7128172719235091,-1.0227737549417952,-0.8837041329894099,-1.0956249331353871,0.16048843462327544,-0.08281627806511944,0.20778296488639697,-1.2620332578613593,1.0239709521637703,0.3654308816364328,0.46184613621396475,-0.43269405376405085,-0.16368998699706838,0.043286699774852534,0.5213407902843572
-0.9198558251408343,-1.4069473034332212,-0.7617748378255732,-0.9844267178455788,-0.8837041329894099,-1.0675158962996945,0.03576834463857894,0.21872459338513467,0.14669316685521974,-1.104443734261643,0.8402135529896708,0.3389106856375587,0.40887830390714963,-0.4635048911075116,-0.07973002038916825,0.07796733179831379,0.4269419148800327
-1.0079180242229193,-1.444654071859225,-0.7454556491915478,-0.9460796807493764,-0.8574135697647514,-0.9808463660562932,-0.04726494855723526,0.13267082422272305,0.024012834743428906,-1.041511093085979,1.0239709521637703,0.3919510776353068,0.6194577347854622,-0.43269405376405085,-0.13570333146110167,0.14732859584523786,0.4269419148800327
-1.0924577353417289,-1.444654071859225,-0.6951381509033184,-0.9460796807493764,-0.8837041329894099,-1.037064439727689,-0.06802327185618881,0.08964393964151726,0.2688727629175742,-1.072977413673811,0.6564561538155715,0.41847127363418085,0.5669205352616298,-0.38666643552851365,-0.05174336485320154,0.07796733179831379,0.4583224674667563
-1.0924577353417289,-1.444654071859225,-0.7291364605575285,-0.9045370572284835,-0.8710846626415749,-1.0675158962996945,-0.02650662525828171,0.08964393964151726,0.3299625609487514,-0.852713169558987,0.8402135529896708,0.3654308816364328,0.6194577347854622,-0.40200897494035936,-0.10771667592513497,0.14732859584523786,0.48996023769763364
-1.0924577353417289,-1.4708393277106155,-0.7291364605575285,-1.0227737549417952,-0.8837041329894099,-1.0089554028919963,-0.00574830195932816,0.21872459338513467,0.024012834743428906,-0.9471121313224831,0.7789610865983044,0.471511665631929,0.40887830390714963,-0.4173515143522051,-0.13570333146110167,0.008606067751391284,0.5213407902843572
-1.0501878797823163,-1.240409076218375,-0.7454556491915478,-0.9844267178455788,-0.8963236033372448,-1.037064439727689,-0.00574830195932816,-0.12584316264632525,0.08560336882404251,-1.1991006166856952,0.8402135529896708,0.3654308816364328,0.5143833357377973,-0.4173515143522051,-0.023756709317234823,0.07796733179831379,0.48996023769763364
-1.0079180242229193,-0.7931649062766135,-0.6951381509033184,-0.9460796807493764,-0.8574135697647514,-1.0956249331353871,0.01501002133962539,0.08964393964151726,0.14669316685521974,-1.3878985402126873,0.7789610865983044,0.41847127363418085,0.40887830390714963,-0.40200897494035936,-0.05174336485320154,0.14732859584523786,0.4583224674667563
-1.1347275909011258,-0.7030876261478236,-0.6951381509033184,-0.9045370572284835,-0.8837041329894099,-1.0675158962996945,0.01501002133962539,0.21872459338513467,0.2688727629175742,-1.2305669372735273,0.7789610865983044,0.3919510776353068,0.5669205352616298,-0.43269405376405085,-0.07973002038916825,0.11264796382177504,0.4269419148800327
-0.9621256807002313,-0.8444880077453369,-0.7128172719235091,-0.9045370572284835,-0.8574135697647514,-1.0956249331353871,-0.04726494855723526,0.26175147796634046,0.2688727629175742,-0.9471121313224831,0.7789610865983044,0.3919510776353068,0.5669205352616298,-0.38666643552851365,-0.07973002038916825,0.11264796382177504,0.39556136229330907
-1.0501878797823163,-0.857056930554008,-0.7128172719235091,-0.8278429830360788,-0.8837041329894099,-1.037064439727689,-0.02650662525828171,0.26175147796634046,0.14669316685521974,-0.978578451910315,0.7177086202069379,0.3389106856375587,0.5669205352616298,-0.40200897494035936,-0.023756709317234823,0.043286699774852534,0.48996023769763364
-0.9198558251408343,-0.9335178776400689,-0.7291364605575285,-0.9045370572284835,-0.9089430736850798,-1.037064439727689,0.03576834463857894,0.26175147796634046,0.4521421570111059,-1.041511093085979,0.7177086202069379,0.3919510776353068,0.5669205352616298,-0.4173515143522051,-0.023756709317234823,0.11264796382177504,0.4583224674667563
-0.7049840593805429,-1.0487330033861915,-0.7454556491915478,-0.9045370572284835,-0.8837041329894099,-0.9808463660562932,0.20200508122118255,0.21872459338513467,0.20778296488639697,-1.104443734261643,0.22718681967935525,0.3919510776353068,0.6719949343092947,-0.44803659317589656,-0.10771667592513497,0.14732859584523786,0.5213407902843572
-0.9198558251408343,-1.100056104854915,-0.6951381509033184,-0.9460796807493764,-0.8710846626415749,-1.0956249331353871,0.20200508122118255,0.30477836254754626,0.2688727629175742,-1.1991006166856952,0.7789610865983044,0.41847127363418085,0.5143833357377973,-0.40200897494035936,-0.07973002038916825,0.1820092278686991,0.48996023769763364
-1.0079180242229193,-1.2278401534097039,-0.7454556491915478,-0.9460796807493764,-0.8710846626415749,-1.1237339699710798,0.16048843462327544,0.30477836254754626,0.14669316685521974,-0.9471121313224831,0.8402135529896708,0.3389106856375587,0.5669205352616298,-0.37132389611666794,-0.023756709317234823,0.11264796382177504,0.5213407902843572
-1.0079180242229193,-1.368193124773164,-0.7454556491915478,-0.9045370572284835,-0.8574135697647514,-1.0675158962996945,0.07745514142746124,0.21872459338513467,0.20778296488639697,-1.2620332578613593,0.9014660193810373,0.15305193498971167,0.5669205352616298,-0.37132389611666794,-0.07973002038916825,0.11264796382177504,0.48996023769763364
-1.0501878797823163,-1.368193124773164,-0.7454556491915478,-0.9045370572284835,-0.8710846626415749,-1.0089554028919963,0.11897178802536834,0.21872459338513467,0.08560336882404251,-1.167376375437307,0.9014660193810373,0.4449914696330549,0.7245321338331272,-0.38666643552851365,0.004229946218731891,0.11264796382177504,0.39556136229330907
-1.0924577353417289,-1.4195162262418874,-0.7454556491915478,-0.8661900201322812,-0.8710846626415749,-0.9808463660562932,0.03576834463857894,0.21872459338513467,0.14669316685521974,-1.010044772498147,0.7789610865983044,0.41847127363418085,0.5669205352616298,-0.40200897494035936,-0.05174336485320154,0.07796733179831379,0.4583224674667563
-1.0924577353417289,-1.4708393277106155,-0.7454556491915478,-0.8278429830360788,-0.8963236033372448,-0.9808463660562932,-0.13029824175304947,0.30477836254754626,0.20778296488639697,-0.6636573253714387,0.9014660193810373,0.4449914696330549,0.5669205352616298,-0.44803659317589656,-0.023756709317234823,0.21668985989216036,0.48996023769763364
-1.0924577353417289,-1.5221624291793436,-0.7454556491915478,-0.8278429830360788,-0.8574135697647514,-1.0956249331353871,-0.17181488835095657,0.26175147796634046,0.2688727629175742,-1.041511093085979,0.9014660193810373,0.4449914696330549,0.46184613621396475,-0.40200897494035936,0.004229946218731891,0.21668985989216036,0.5527213428710809
-1.1769974464605228,-1.5473002747966764,-0.7291364605575285,-0.8661900201322812,-0.8574135697647514,-1.037064439727689,-0.15105656505200302,0.21872459338513467,0.20778296488639697,-1.010044772498147,0.9014660193810373,0.4449914696330549,0.6194577347854622,-0.37132389611666794,-0.023756709317234823,0.14732859584523786,0.5213407902843572
-1.0924577353417289,-1.5347313519880101,-0.7291364605575285,-0.75114890884366,-0.8837041329894099,-0.9527373292206005,-0.2757766550366995,0.34780524712875205,0.024012834743428906,-1.167376375437307,0.9014660193810373,0.498031861630803,0.6719949343092947,-0.37132389611666794,0.004229946218731891,0.11264796382177504,0.4269419148800327
-1.1347275909011258,-1.5724381204140139,-0.7128172719235091,-0.8278429830360788,-0.8710846626415749,-0.9527373292206005,-0.37956827153146727,0.26175147796634046,0.20778296488639697,-1.3564322196248553,0.7789610865983044,0.41847127363418085,0.46184613621396475,-0.40200897494035936,-0.023756709317234823,0.21668985989216036,0.5213407902843572
-1.2227897899832108,-1.5860544534567382,-0.6951381509033184,-0.8278429830360788,-0.8710846626415749,-0.9527373292206005,-0.3588099482325137,0.30477836254754626,0.2688727629175742,-1.4193648608005194,0.8402135529896708,0.3919510776353068,0.7770693333569597,-0.38666643552851365,-0.07973002038916825,0.1820092278686991,0.4269419148800327
-1.2227897899832108,-1.5598691976053476,-0.6951381509033184,-0.7894959459398624,-0.8447940994169117,-1.0675158962996945,-0.4626015647272815,0.34780524712875205,0.2688727629175742,-1.5766964637396792,0.595203687424205,0.4449914696330549,0.6719949343092947,-0.37132389611666794,0.06020325729066659,0.21668985989216036,0.4583224674667563
-1.3073295011020203,-1.623761221882742,-0.7291364605575285,-0.8278429830360788,-0.8574135697647514,-1.0089554028919963,-0.6703549479077922,0.39083213170995784,0.20778296488639697,-1.4508311813883512,0.9014660193810373,0.3654308816364328,0.6719949343092947,-0.38666643552851365,0.06020325729066659,0.14732859584523786,0.4583224674667563
-1.1347275909011258,-1.623761221882742,-0.7128172719235091,-0.709606285322767,-0.8574135697647514,-1.0089554028919963,-0.8365916844903958,0.43385901629116363,0.08560336882404251,-1.3564322196248553,0.47269875464147215,0.471511665631929,0.6719949343092947,-0.38666643552851365,-0.023756709317234823,0.14732859584523786,0.4269419148800327
-1.2227897899832108,-1.623761221882742,-0.6951381509033184,-0.75114890884366,-0.8837041329894099,-1.0089554028919963,-0.6080799780109315,0.26175147796634046,0.14669316685521974,-1.072977413673811,0.9014660193810373,0.471511665631929,0.6194577347854622,-0.37132389611666794,0.032216601754699876,0.14732859584523786,0.5213407902843572
-1.2227897899832108,-1.6363301446914085,-0.6951381509033184,-0.7894959459398624,-0.8321746290690768,-1.0089554028919963,-0.7533882411036064,0.43385901629116363,0.2688727629175742,-0.9471121313224831,0.7789610865983044,0.471511665631929,0.5669205352616298,-0.37132389611666794,0.0881899128266333,0.21668985989216036,0.5213407902843572
-1.0924577353417289,-1.611192299074071,-0.7291364605575285,-0.8278429830360788,-0.8069356883734069,-1.0089554028919963,-0.8365916844903958,0.43385901629116363,0.3299625609487514,-0.7583142077954903,0.9627184857724038,0.3389106856375587,0.7770693333569597,-0.37132389611666794,0.11617656836260001,0.1820092278686991,0.5527213428710809
-1.1347275909011258,-1.623761221882742,-0.7128172719235091,-0.8278429830360788,-0.8447940994169117,-1.0675158962996945,-0.9611416242841171,0.47688590087236943,0.08560336882404251,-0.9471121313224831,0.9014660193810373,0.498031861630803,0.6194577347854622,-0.3252962778811308,0.17237927825040097,0.11264796382177504,0.5213407902843572
-1.0501878797823163,-1.6363301446914085,-0.6951381509033184,-0.8661900201322812,-0.8447940994169117,-0.9808463660562932,-0.9403833009851635,0.5199127854535752,0.20778296488639697,-0.852713169558987,0.8402135529896708,0.498031861630803,0.8296065328807921,-0.3559813567048222,0.14439262271443426,0.07796733179831379,0.4583224674667563
-1.1347275909011258,-1.611192299074071,-0.6951381509033184,-0.8661900201322812,-0.8195551587212418,-0.9246282923849078,-0.9611416242841171,0.47688590087236943,0.2688727629175742,-1.041511093085979,0.8402135529896708,0.498031861630803,0.6719949343092947,-0.3406388172929765,0.11617656836260001,0.14732859584523786,0.48996023769763364
-1.0501878797823163,-1.623761221882742,-0.7128172719235091,-0.7894959459398624,-0.8447940994169117,-1.0089554028919963,-0.9818999475830706,0.39083213170995784,0.20778296488639697,-0.8841794901468191,0.9014660193810373,0.471511665631929,0.8296065328807921,-0.3406388172929765,0.14439262271443426,0.1820092278686991,0.5213407902843572
-0.9198558251408343,-1.6363301446914085,-0.7128172719235091,-0.9045370572284835,-0.8069356883734069,-1.1237339699710798,-0.9818999475830706,0.30477836254754626,0.3299625609487514,-1.167376375437307,0.7789610865983044,0.498031861630803,0.8821437324046246,-0.37132389611666794,0.2283525893223344,0.21668985989216036,0.4583224674667563
-1.0501878797823163,-1.6499464777341326,-0.678818962269299,-0.8661900201322812,-0.8321746290690768,-1.1237339699710798,-0.9611416242841171,0.47688590087236943,0.3299625609487514,-1.072977413673811,0.7789610865983044,0.498031861630803,0.7770693333569597,-0.3252962778811308,0.17237927825040097,0.14732859584523786,0.5213407902843572
-0.9621256807002313,-1.6363301446914085,-0.7128172719235091,-0.7894959459398624,-0.8321746290690768,-1.0089554028919963,-1.0234165941809787,0.5199127854535752,0.20778296488639697,-0.8212468489711543,0.595203687424205,0.524552057629677,0.7770693333569597,-0.37132389611666794,0.3123125559302358,0.21668985989216036,0.4583224674667563
-0.9621256807002313,-1.6625154005427991,-0.6951381509033184,-0.7894959459398624,-0.8195551587212418,-1.0089554028919963,-1.106620037567767,0.5199127854535752,0.20778296488639697,-0.5692583636079428,0.8402135529896708,0.524552057629677,0.5669205352616298,-0.3559813567048222,0.2563392448583011,0.2860511239390829,0.48996023769763364
-0.8775859695814374,-1.6876532461601366,-0.7128172719235091,-0.8278429830360788,-0.7932645954965835,-1.037064439727689,-1.1688950074646278,0.5199127854535752,0.3299625609487514,-0.7897805283833224,0.8402135529896708,0.498031861630803,0.7770693333569597,-0.3406388172929765,0.2283525893223344,0.21668985989216036,0.5527213428710809
-0.7930462584626278,-1.6625154005427991,-0.6624997736352736,-0.8661900201322812,-0.8069356883734069,-1.037064439727689,-1.0649332407788858,0.34780524712875205,0.08560336882404251,-0.978578451910315,0.34969175246208817,0.2858702936398106,0.6194577347854622,-0.3406388172929765,0.17237927825040097,0.2513704919156216,0.5527213428710809
-0.8775859695814374,-1.6750843233514656,-0.6951381509033184,-0.8278429830360788,-0.8321746290690768,-0.9808463660562932,-1.0234165941809787,0.39083213170995784,0.08560336882404251,-1.167376375437307,0.7177086202069379,0.524552057629677,0.7245321338331272,-0.3252962778811308,0.2283525893223344,0.21668985989216036,0.5213407902843572
-0.8775859695814374,-1.6750843233514656,-0.7128172719235091,-0.7894959459398624,-0.8321746290690768,-1.037064439727689,-0.91962497768621,0.6063192339978004,0.08560336882404251,-1.010044772498147,0.7789610865983044,0.524552057629677,0.6194577347854622,-0.3406388172929765,0.2003659337863677,0.2860511239390829,0.5213407902843572
-0.9621256807002313,-1.6499464777341326,-0.678818962269299,-0.8661900201322812,-0.8321746290690768,-1.0675158962996945,-0.7533882411036064,0.6063192339978004,0.08560336882404251,-0.7265899665471027,0.9014660193810373,0.498031861630803,0.7245321338331272,-0.3559813567048222,0.2563392448583011,0.3900930200094666,0.5213407902843572
-0.8775859695814374,-1.6750843233514656,-0.6951381509033184,-0.8661900201322812,-0.8069356883734069,-1.037064439727689,-0.7741465644025599,0.6063192339978004,0.14669316685521974,-0.6321910047836068,0.7177086202069379,0.498031861630803,0.6719949343092947,-0.30995373846928503,0.2003659337863677,0.3207317559625441,0.4583224674667563
-0.7472539149399399,-1.700222168968803,-0.6624997736352736,-0.9460796807493764,-0.7806451251487438,-1.0089554028919963,-0.7949048877015135,0.5199127854535752,0.20778296488639697,-0.6321910047836068,0.7789610865983044,0.498031861630803,0.6719949343092947,-0.3252962778811308,0.2003659337863677,0.3207317559625441,0.48996023769763364
-0.8775859695814374,-1.700222168968803,-0.6461805850012542,-0.9045370572284835,-0.7932645954965835,-1.037064439727689,-0.91962497768621,0.5629396700347811,0.3299625609487514,-0.6636573253714387,0.7789610865983044,0.524552057629677,0.6719949343092947,-0.2946111990574393,0.2003659337863677,0.2513704919156216,0.48996023769763364
-0.9198558251408343,-1.7138385020115272,-0.6951381509033184,-0.9844267178455788,-0.8195551587212418,-1.0675158962996945,-0.9611416242841171,0.5199127854535752,0.20778296488639697,-0.5377920430201101,0.8402135529896708,0.4449914696330549,0.7770693333569597,-0.3252962778811308,0.2003659337863677,0.2860511239390829,0.4583224674667563
-0.9198558251408343,-1.7264074248201937,-0.6461805850012542,-0.9045370572284835,-0.8069356883734069,-1.0675158962996945,-0.9611416242841171,0.5629396700347811,0.2688727629175742,-0.474859401844446,1.0239709521637703,0.471511665631929,0.8296065328807921,-0.3559813567048222,0.2563392448583011,0.2860511239390829,0.5213407902843572
-0.8353161140220248,-1.7264074248201937,-0.6624997736352736,-0.9045370572284835,-0.7932645954965835,-1.0675158962996945,-0.9611416242841171,0.5629396700347811,-0.03707696328774832,-0.7897805283833224,0.9014660193810373,0.471511665631929,0.8821437324046246,-0.3559813567048222,0.2003659337863677,0.2513704919156216,0.5213407902843572
-0.8775859695814374,-1.7138385020115272,-0.6461805850012542,-0.9460796807493764,-0.7806451251487438,-0.9808463660562932,-1.0234165941809787,0.6493461185790061,0.5743217530734603,-0.6951236459592708,0.7789610865983044,0.3654308816364328,0.8296065328807921,-0.2946111990574393,0.2003659337863677,0.21668985989216036,0.48996023769763364
-0.8775859695814374,-1.7264074248201937,-0.6298613963672348,-0.9045370572284835,-0.8069356883734069,-1.037064439727689,-1.106620037567767,0.6063192339978004,0.5743217530734603,-0.44339308125661403,0.7789610865983044,0.471511665631929,0.6719949343092947,-0.30995373846928503,0.2003659337863677,0.2860511239390829,0.5527213428710809
-0.7472539149399399,-1.700222168968803,-0.6461805850012542,-0.9045370572284835,-0.7680256548009089,-0.9808463660562932,-1.0234165941809787,0.5629396700347811,0.2688727629175742,-0.6321910047836068,0.6564561538155715,0.524552057629677,0.46184613621396475,-0.3252962778811308,0.17237927825040097,0.2860511239390829,0.4269419148800327
-0.7472539149399399,-1.7138385020115272,-0.6951381509033184,-0.9045370572284835,-0.7680256548009089,-0.9808463660562932,-1.0649332407788858,0.6493461185790061,0.2688727629175742,-0.6321910047836068,0.7789610865983044,0.524552057629677,0.7245321338331272,-0.3406388172929765,0.2003659337863677,0.3554123879860054,0.4583224674667563
-0.7472539149399399,-1.7264074248201937,-0.6461805850012542,-0.9460796807493764,-0.7680256548009089,-1.0089554028919963,-1.1273783608667207,0.7353998877414177,0.2688727629175742,-0.38046044008095004,0.1659343532879888,0.524552057629677,0.7770693333569597,-0.3252962778811308,0.2003659337863677,0.3207317559625441,0.5213407902843572
-0.6204443482617332,-1.7264074248201937,-0.6298613963672348,-0.9045370572284835,-0.7680256548009089,-1.0675158962996945,-1.0856915640778393,0.7784267723226236,0.2688727629175742,-0.2858035576568978,0.595203687424205,0.498031861630803,0.8821437324046246,-0.3406388172929765,0.2283525893223344,0.3207317559625441,0.48996023769763364
-0.6627142038211459,-1.6750843233514656,-0.6298613963672348,-0.9045370572284835,-0.8195551587212418,-1.0089554028919963,-1.3142032705573037,0.5199127854535752,0.3910523589799286,-0.5692583636079428,0.7789610865983044,0.2593500976409366,0.7770693333569597,-0.30995373846928503,0.11617656836260001,0.2860511239390829,0.48996023769763364
-0.7049840593805429,-1.7138385020115272,-0.678818962269299,-0.8278429830360788,-0.7806451251487438,-0.9527373292206005,-1.1481366841656742,0.6493461185790061,0.2688727629175742,-0.852713169558987,0.8402135529896708,0.471511665631929,0.7770693333569597,-0.2639261202337479,0.2563392448583011,0.2513704919156216,0.48996023769763364
-0.7472539149399399,-1.73897634762886,-0.7128172719235091,-0.9045370572284835,-0.7680256548009089,-0.9527373292206005,-1.106620037567767,0.692373003160212,0.3910523589799286,-1.010044772498147,0.9014660193810373,0.5510722536285511,0.8296065328807921,-0.24858358082190218,0.2283525893223344,0.3207317559625441,0.4583224674667563
-0.7472539149399399,-1.7515452704375312,-0.6624997736352736,-0.9045370572284835,-0.742786714105239,-0.9527373292206005,-0.9611416242841171,0.6493461185790061,0.4521421570111059,-0.9471121313224831,0.9014660193810373,0.498031861630803,0.7770693333569597,-0.30995373846928503,0.14439262271443426,0.3207317559625441,0.5213407902843572
-0.6204443482617332,-1.73897634762886,-0.678818962269299,-0.8661900201322812,-0.742786714105239,-0.8941768358129023,-0.7533882411036064,0.7353998877414177,0.3299625609487514,-0.7897805283833224,0.7789610865983044,0.41847127363418085,0.9346809319284571,-0.3252962778811308,0.14439262271443426,0.3900930200094666,0.5213407902843572
-0.6627142038211459,-1.73897634762886,-0.6298613963672348,-0.9460796807493764,-0.7680256548009089,-0.8941768358129023,-0.91962497768621,0.6493461185790061,0.3910523589799286,-0.6321910047836068,0.9014660193810373,0.41847127363418085,0.7770693333569597,-0.2331152828902871,0.14439262271443426,0.3554123879860054,0.4269419148800327
-0.7472539149399399,-1.6876532461601366,-0.6624997736352736,-0.9460796807493764,-0.755406184453074,-0.8941768358129023,-0.9818999475830706,0.6063192339978004,0.3299625609487514,-0.6321910047836068,0.9014660193810373,0.5775924496274252,0.7245321338331272,-0.2639261202337479,0.2283525893223344,0.2513704919156216,0.48996023769763364
-0.7472539149399399,-1.6750843233514656,-0.6461805850012542,-0.8661900201322812,-0.742786714105239,-0.8941768358129023,-1.0026582708820242,0.6063192339978004,0.3299625609487514,-0.852713169558987,0.9014660193810373,0.524552057629677,0.9872181314522896,-0.2792686596455936,0.17237927825040097,0.2513704919156216,0.5527213428710809
-0.8353161140220248,-1.6876532461601366,-0.6121822753470442,-0.8278429830360788,-0.755406184453074,-0.8941768358129023,-1.0856915640778393,0.6493461185790061,0.4521421570111059,-0.7583142077954903,0.9014660193810373,0.5510722536285511,0.8821437324046246,-0.2792686596455936,0.2003659337863677,0.3207317559625441,0.5841018954578044
-0.7930462584626278,-1.6499464777341326,-0.6298613963672348,-0.709606285322767,-0.7164961508805758,-0.8660677989772096,-1.0856915640778393,0.7353998877414177,0.5743217530734603,-0.2858035576568978,0.7789610865983044,0.498031861630803,0.8821437324046246,-0.2639261202337479,0.2283525893223344,0.3554123879860054,0.5841018954578044
-0.7930462584626278,-1.6750843233514656,-0.6461805850012542,-0.709606285322767,-0.755406184453074,-0.9246282923849078,-1.1481366841656742,0.692373003160212,0.4521421570111059,-0.2228709164812338,0.595203687424205,0.524552057629677,0.6194577347854622,-0.2792686596455936,0.2283525893223344,0.3554123879860054,0.48996023769763364
-0.7472539149399399,-1.6876532461601366,-0.6298613963672348,-0.7894959459398624,-0.742786714105239,-0.8660677989772096,-1.0441749174799322,0.7353998877414177,0.3910523589799286,-0.506325722432278,0.8402135529896708,0.524552057629677,0.8296065328807921,-0.2639261202337479,0.2003659337863677,0.3207317559625441,0.5527213428710809
-0.7472539149399399,-1.6876532461601366,-0.6298613963672348,-0.7894959459398624,-0.742786714105239,-0.8379587621415066,-1.0649332407788858,0.6063192339978004,0.2688727629175742,-0.474859401844446,0.9014660193810373,0.5775924496274252,0.9346809319284571,-0.2639261202337479,0.17237927825040097,0.2513704919156216,0.5841018954578044
-0.6627142038211459,-1.6876532461601366,-0.6298613963672348,-0.8661900201322812,-0.755406184453074,-0.8941768358129023,-1.1481366841656742,0.6493461185790061,0.3910523589799286,-0.2858035576568978,0.10468188689662235,0.6043300242820279,0.7770693333569597,-0.24858358082190218,0.0881899128266333,0.2513704919156216,0.6154824480445281
-0.6627142038211459,-1.6876532461601366,-0.6298613963672348,-0.7894959459398624,-0.742786714105239,-0.8660677989772096,-1.1688950074646278,0.692373003160212,0.3910523589799286,-0.978578451910315,0.7789610865983044,0.5775924496274252,0.8821437324046246,-0.2792686596455936,-0.10771667592513497,0.3554123879860054,0.5527213428710809
-0.7472539149399399,-1.700222168968803,-0.6461805850012542,-0.7894959459398624,-0.7806451251487438,-0.8941768358129023,-1.1896533307635813,0.6493461185790061,0.5132319550422831,-0.852713169558987,0.9627184857724038,0.5510722536285511,0.6194577347854622,-0.2946111990574393,-0.05174336485320154,0.3207317559625441,0.4583224674667563
-0.7049840593805429,-1.6876532461601366,-0.6461805850012542,-0.7894959459398624,-0.7680256548009089,-0.8660677989772096,-1.1273783608667207,0.6493461185790061,0.3299625609487514,-0.6321910047836068,1.0852234185551366,0.68389061227865,0.8821437324046246,-0.2792686596455936,0.06020325729066659,0.2513704919156216,0.5527213428710809
-0.8353161140220248,-1.700222168968803,-0.6121822753470442,-0.6712592482265647,-0.8069356883734069,-0.8379587621415066,-1.0856915640778393,0.8214536569038293,0.2688727629175742,-0.2858035576568978,0.9627184857724038,0.68389061227865,0.7770693333569597,-0.24858358082190218,-0.023756709317234823,0.3207317559625441,0.5841018954578044
-0.7930462584626278,-1.7264074248201937,-0.6121822753470442,-0.8278429830360788,-0.7932645954965835,-0.8941768358129023,-1.0856915640778393,0.7784267723226236,0.4521421570111059,-0.7265899665471027,0.8402135529896708,0.630850220280902,0.7770693333569597,-0.2331152828902871,0.14439262271443426,0.3207317559625441,0.48996023769763364
-0.7472539149399399,-1.7138385020115272,-0.6121822753470442,-0.75114890884366,-0.7932645954965835,-0.8941768358129023,-1.0856915640778393,0.692373003160212,0.4521421570111059,-0.5692583636079428,0.8402135529896708,0.6043300242820279,0.9346809319284571,-0.2177727434784414,0.14439262271443426,0.3207317559625441,0.4269419148800327
-0.7930462584626278,-1.7138385020115272,-0.6121822753470442,-0.7894959459398624,-0.7806451251487438,-0.8660677989772096,-1.0856915640778393,0.6493461185790061,0.20778296488639697,-0.474859401844446,0.9627184857724038,0.5510722536285511,0.8821437324046246,-0.2331152828902871,0.2003659337863677,0.3207317559625441,0.48996023769763364
-0.7049840593805429,-1.7138385020115272,-0.6121822753470442,-0.75114890884366,-0.7806451251487438,-0.8660677989772096,-1.0856915640778393,0.692373003160212,0.2688727629175742,-0.6636573253714387,0.9627184857724038,0.630850220280902,0.9346809319284571,-0.2177727434784414,0.3123125559302358,0.3554123879860054,0.4269419148800327
-0.7049840593805429,-1.73897634762886,-0.5958630867130248,-0.75114890884366,-0.7806451251487438,-0.8660677989772096,-1.0234165941809787,0.7784267723226236,0.3910523589799286,-0.2543372370690658,0.8402135529896708,0.6043300242820279,0.9872181314522896,-0.2331152828902871,0.3123125559302358,0.4594542840563891,0.5841018954578044
-0.7472539149399399,-1.5598691976053476,-0.56322470944498,-0.709606285322767,-0.7932645954965835,-0.8660677989772096,-1.0026582708820242,0.8214536569038293,0.3910523589799286,-0.0970056341299058,0.8402135529896708,0.5775924496274252,0.9346809319284571,-0.2177727434784414,0.2563392448583011,0.3900930200094666,0.48996023769763364
-0.7472539149399399,-1.0874871820462486,-0.6121822753470442,-0.6712592482265647,-0.7680256548009089,-0.8379587621415066,-0.9818999475830706,0.8214536569038293,0.4521421570111059,-0.474859401844446,1.0239709521637703,0.5775924496274252,1.039755330976122,-0.24858358082190218,0.2283525893223344,0.4247736520329279,0.36418080970658545
-0.6627142038211459,-1.0874871820462486,-0.6121822753470442,-0.709606285322767,-0.8069356883734069,-0.8379587621415066,-1.0026582708820242,0.9075074260662409,0.4521421570111059,-0.41192676066878203,1.0852234185551366,0.5510722536285511,0.9346809319284571,-0.24858358082190218,0.2563392448583011,0.2860511239390829,0.36418080970658545
-0.7049840593805429,-1.2278401534097039,-0.5958630867130248,-0.7894959459398624,-0.7806451251487438,-0.8098497253058139,-0.9818999475830706,0.692373003160212,0.3299625609487514,-0.38046044008095004,0.8402135529896708,0.6043300242820279,0.7770693333569597,-0.24858358082190218,0.2563392448583011,0.3554123879860054,0.36418080970658545
-0.7472539149399399,-1.2655469218357078,-0.5958630867130248,-0.75114890884366,-0.8069356883734069,-0.8379587621415066,-0.9818999475830706,0.8214536569038293,0.4521421570111059,-0.7265899665471027,0.9627184857724038,0.630850220280902,0.8296065328807921,-0.2792686596455936,0.2843259003942691,0.4247736520329279,0.39556136229330907
-0.7472539149399399,-1.2917321776870985,-0.56322470944498,-0.75114890884366,-0.8069356883734069,-0.8098497253058139,-0.9403833009851635,0.8214536569038293,0.4521421570111059,-0.38046044008095004,0.7177086202069379,0.657370416279776,1.039755330976122,-0.24858358082190218,0.2283525893223344,0.4247736520329279,0.4269419148800327
-0.8353161140220248,-1.5085460961366195,-0.5795438980789994,-0.709606285322767,-0.8195551587212418,-0.8379587621415066,-0.9403833009851635,0.9075074260662409,0.5132319550422831,-0.12847195471773779,0.6564561538155715,0.498031861630803,1.0922925304999547,-0.2331152828902871,0.14439262271443426,0.4247736520329279,0.36418080970658545
-0.7930462584626278,-1.6750843233514656,-0.5795438980789994,-0.709606285322767,-0.8069356883734069,-0.8660677989772096,-0.8781083310883029,0.8214536569038293,0.3910523589799286,-0.2858035576568978,0.7789610865983044,0.5775924496274252,1.039755330976122,-0.2639261202337479,0.17237927825040097,0.4247736520329279,0.5527213428710809
-0.8775859695814374,-1.73897634762886,-0.5958630867130248,-0.8278429830360788,-0.8069356883734069,-0.7512892318981157,-0.8573500077893493,0.7784267723226236,0.4521421570111059,-0.6636573253714387,0.9014660193810373,0.6043300242820279,1.039755330976122,-0.2331152828902871,0.3402992114662025,0.3900930200094666,0.5213407902843572
-0.8353161140220248,-1.7264074248201937,-0.6121822753470442,-0.6329122111303624,-0.7806451251487438,-0.7512892318981157,-0.8158333611914422,0.7784267723226236,0.3910523589799286,-0.5377920430201101,1.0852234185551366,0.657370416279776,0.8296065328807921,-0.2177727434784414,0.3123125559302358,0.3900930200094666,0.6468630006312517
-0.8775859695814374,-1.7138385020115272,-0.5469055208109607,-0.6329122111303624,-0.8069356883734069,-0.7817406884701212,-0.8781083310883029,0.5629396700347811,0.5743217530734603,-0.38046044008095004,1.0239709521637703,0.630850220280902,1.039755330976122,-0.2331152828902871,0.0881899128266333,0.3207317559625441,0.5841018954578044
-0.7930462584626278,-1.8028683719062546,-0.56322470944498,-0.5945651740341459,-0.7806451251487438,-0.8098497253058139,-0.8573500077893493,0.8644805414850352,0.4521421570111059,-0.506325722432278,1.0852234185551366,0.630850220280902,0.9872181314522896,-0.20243020406659568,-0.05174336485320154,0.3900930200094666,0.5213407902843572
-0.8353161140220248,-1.8154372947149255,-0.56322470944498,-0.6712592482265647,-0.8069356883734069,-0.7817406884701212,-0.8988666543872564,0.9075074260662409,0.4521421570111059,-0.8212468489711543,0.9627184857724038,0.5510722536285511,0.8296065328807921,-0.2177727434784414,-0.27586600795680405,0.3207317559625441,0.5841018954578044
-0.8353161140220248,-1.790299449097588,-0.5469055208109607,-0.709606285322767,-0.7932645954965835,-0.7512892318981157,-0.8365916844903958,0.7784267723226236,0.4521421570111059,-0.506325722432278,1.0852234185551366,0.657370416279776,0.8296065328807921,-0.18708766465474994,-0.3038526634927708,0.3900930200094666,0.5527213428710809
-0.7930462584626278,-1.8028683719062546,-0.5469055208109607,-0.5945651740341459,-0.755406184453074,-0.723180195062423,-0.8365916844903958,0.8214536569038293,0.5132319550422831,-0.8212468489711543,1.0852234185551366,0.657370416279776,0.9346809319284571,-0.20243020406659568,-0.1916766425330351,0.3554123879860054,0.6154824480445281
-0.8775859695814374,-1.790299449097588,-0.56322470944498,-0.6712592482265647,-0.7806451251487438,-0.8098497253058139,-0.8365916844903958,0.8214536569038293,0.3299625609487514,-0.5377920430201101,0.8402135529896708,0.630850220280902,0.9872181314522896,-0.20243020406659568,0.06020325729066659,0.3207317559625441,0.5527213428710809
-0.7930462584626278,-1.7777305262889218,-0.5469055208109607,-0.709606285322767,-0.7806451251487438,-0.8379587621415066,-0.8781083310883029,0.8214536569038293,0.4521421570111059,-0.31752779890528604,0.8402135529896708,0.630850220280902,1.0922925304999547,-0.18708766465474994,0.14439262271443426,0.4594542840563891,0.5841018954578044
-0.7930462584626278,-1.8028683719062546,-0.5795438980789994,-0.709606285322767,-0.7680256548009089,-0.7512892318981157,-0.7741465644025599,0.9505343106474468,0.4521421570111059,-0.5377920430201101,0.9627184857724038,0.5510722536285511,0.9872181314522896,-0.1564025858310585,0.17237927825040097,0.3207317559625441,0.6154824480445281
-0.8353161140220248,-1.790299449097588,-0.5958630867130248,-0.709606285322767,-0.7806451251487438,-0.7512892318981157,-0.7949048877015135,0.692373003160212,0.2688727629175742,-0.506325722432278,0.9627184857724038,0.5775924496274252,0.9346809319284571,-0.17174512524290422,0.2563392448583011,0.4247736520329279,0.5841018954578044
-0.7472539149399399,-1.8154372947149255,-0.5795438980789994,-0.6712592482265647,-0.7806451251487438,-0.7817406884701212,-0.7118715945056993,0.7784267723226236,0.5743217530734603,-0.2858035576568978,1.0239709521637703,0.630850220280902,0.8821437324046246,-0.17174512524290422,0.17237927825040097,0.4944191835554528,0.5841018954578044
-0.8353161140220248,-1.8154372947149255,-0.5795438980789994,-0.6712592482265647,-0.7932645954965835,-0.7817406884701212,-0.7533882411036064,0.8644805414850352,0.5743217530734603,-0.31752779890528604,0.9014660193810373,0.5775924496274252,0.9872181314522896,-0.18708766465474994,0.2563392448583011,0.3554123879860054,0.5213407902843572
-0.7049840593805429,-1.8028683719062546,-0.5958630867130248,-0.75114890884366,-0.7806451251487438,-0.7817406884701212,-0.7741465644025599,0.9075074260662409,0.6965013491358147,-0.7265899665471027,0.5339512210328385,0.6043300242820279,0.9872181314522896,-0.1564025858310585,0.17237927825040097,0.4247736520329279,0.5841018954578044
-0.6204443482617332,-1.8541914733749827,-0.56322470944498,-0.6329122111303624,-0.755406184453074,-0.8098497253058139,-0.7118715945056993,0.9505343106474468,0.5743217530734603,-0.5692583636079428,0.7789610865983044,0.6043300242820279,0.9346809319284571,-0.1410600464192128,0.2843259003942691,0.4247736520329279,0.5841018954578044
-0.6204443482617332,-1.8541914733749827,-0.5795438980789994,-0.6329122111303624,-0.7932645954965835,-0.8098497253058139,-0.7118715945056993,0.8214536569038293,0.4521421570111059,-0.5377920430201101,1.0239709521637703,0.657370416279776,0.9346809319284571,-0.1564025858310585,0.3402992114662025,0.4247736520329279,0.5527213428710809
-0.5781744927023363,-1.8667603961836536,-0.56322470944498,-0.6712592482265647,-0.7806451251487438,-0.7512892318981157,-0.6495966246088386,0.8644805414850352,0.4521421570111059,-0.7583142077954903,1.0239709521637703,0.68389061227865,1.144829730023787,-0.18708766465474994,0.36828586700216925,0.4944191835554528,0.6468630006312517
-0.5781744927023363,-1.8929456520350443,-0.56322470944498,-0.6712592482265647,-0.7932645954965835,-0.7817406884701212,-0.6911132712067457,0.8214536569038293,0.5743217530734603,-0.506325722432278,0.595203687424205,0.657370416279776,0.8821437324046246,-0.20243020406659568,0.3123125559302358,0.4247736520329279,0.5841018954578044
-0.5323821491796484,-1.8541914733749827,-0.5469055208109607,-0.6329122111303624,-0.7680256548009089,-0.7817406884701212,-0.7118715945056993,0.9505343106474468,0.5743217530734603,-0.6007246841957747,0.9627184857724038,0.630850220280902,1.0922925304999547,-0.1564025858310585,0.2283525893223344,0.4944191835554528,0.5527213428710809
-0.6627142038211459,-1.8667603961836536,-0.52922639979077,-0.5146755134170506,-0.7806451251487438,-0.723180195062423,-0.6495966246088386,0.9505343106474468,0.3910523589799286,-0.474859401844446,0.9014660193810373,0.68389061227865,0.9346809319284571,-0.17174512524290422,0.3402992114662025,0.3900930200094666,0.5841018954578044
-0.5781744927023363,-1.8416225505663162,-0.5795438980789994,-0.5945651740341459,-0.7806451251487438,-0.723180195062423,-0.628838301309885,0.8644805414850352,0.2688727629175742,-0.41192676066878203,0.9014660193810373,0.630850220280902,1.0922925304999547,-0.20243020406659568,0.2563392448583011,0.3554123879860054,0.5213407902843572
-0.49011229362025144,-1.8541914733749827,-0.5129072111567506,-0.5562181369379435,-0.7806451251487438,-0.6950711582267199,-0.628838301309885,0.8644805414850352,0.5743217530734603,-0.5377920430201101,1.0239709521637703,0.657370416279776,1.0922925304999547,-0.1564025858310585,0.2563392448583011,0.4247736520329279,0.6154824480445281
-0.49011229362025144,-1.82905362775765,-0.5129072111567506,-0.5562181369379435,-0.7932645954965835,-0.723180195062423,-0.6703549479077922,0.9075074260662409,0.4521421570111059,-0.6007246841957747,1.0239709521637703,0.7104108082775241,1.144829730023787,-0.1410600464192128,0.3402992114662025,0.4594542840563891,0.5841018954578044
-0.49011229362025144,-1.8667603961836536,-0.4965880225227252,-0.5562181369379435,-0.7680256548009089,-0.723180195062423,-0.6495966246088386,0.7784267723226236,0.5132319550422831,-0.6321910047836068,1.0852234185551366,0.68389061227865,1.144829730023787,-0.1410600464192128,0.2563392448583011,0.5290998155789141,0.5213407902843572
-0.5323821491796484,-1.8667603961836536,-0.48026883388870584,-0.5562181369379435,-0.7932645954965835,-0.723180195062423,-0.6495966246088386,0.9075074260662409,0.3299625609487514,-0.6636573253714387,0.9627184857724038,0.68389061227865,0.8821437324046246,-0.11037496759552134,0.3123125559302358,0.4247736520329279,0.5213407902843572
-0.5323821491796484,-1.8541914733749827,-0.4965880225227252,-0.6712592482265647,-0.7680256548009089,-0.723180195062423,-0.628838301309885,0.9075074260662409,0.5743217530734603,-0.34899411949311804,0.9627184857724038,0.7369310042763981,1.039755330976122,-0.1564025858310585,0.3123125559302358,0.3900930200094666,0.5527213428710809
-0.5781744927023363,-1.8793293189923201,-0.4965880225227252,-0.5562181369379435,-0.7806451251487438,-0.723180195062423,-0.6080799780109315,0.692373003160212,0.3910523589799286,-0.5692583636079428,0.8402135529896708,0.657370416279776,1.039755330976122,-0.1564025858310585,0.3402992114662025,0.3900930200094666,0.5213407902843572
-0.49011229362025144,-1.9055145748437108,-0.48026883388870584,-0.5562181369379435,-0.7680256548009089,-0.723180195062423,-0.6495966246088386,0.8214536569038293,0.14669316685521974,-0.6321910047836068,0.9014660193810373,0.657370416279776,0.9872181314522896,-0.09503242818367562,0.36828586700216925,0.4247736520329279,0.5213407902843572
-0.3597802389787539,-1.8667603961836536,-0.46394964525468646,-0.5945651740341459,-0.7680256548009089,-0.7817406884701212,-0.6495966246088386,0.9935611952286525,-0.22034635738128,-0.6951236459592708,0.9014660193810373,0.68389061227865,1.039755330976122,-0.0796898887718299,0.36828586700216925,0.4944191835554528,0.5841018954578044
-0.49011229362025144,-1.8793293189923201,-0.46394964525468646,-0.5146755134170506,-0.7806451251487438,-0.7512892318981157,-0.628838301309885,0.9075074260662409,-0.4036157514748117,-0.7897805283833224,0.8402135529896708,0.657370416279776,0.8821437324046246,-0.09503242818367562,0.36828586700216925,0.4944191835554528,0.5841018954578044
-0.49011229362025144,-1.8929456520350443,-0.46394964525468646,-0.5146755134170506,-0.7680256548009089,-0.7512892318981157,-0.628838301309885,0.9935611952286525,-0.8928348717736659,-0.6007246841957747,0.9627184857724038,0.68389061227865,1.0922925304999547,-0.11037496759552134,0.36828586700216925,0.4594542840563891,0.5213407902843572
-0.5323821491796484,-1.8929456520350443,-0.4965880225227252,-0.5146755134170506,-0.7932645954965835,-0.7817406884701212,-0.6080799780109315,0.8644805414850352,-1.442643054054261,-0.852713169558987,0.9014660193810373,0.7104108082775241,1.0922925304999547,-0.11037496759552134,0.2843259003942691,0.5984610796258365,0.5527213428710809
-0.5323821491796484,-1.8793293189923201,-0.46394964525468646,-0.4763284763208483,-0.7680256548009089,-0.723180195062423,-0.6080799780109315,1.0365880798098583,-1.870772376321938,-0.2543372370690658,0.9627184857724038,0.68389061227865,1.1973669295476195,-0.1410600464192128,0.2563392448583011,0.4594542840563891,0.48996023769763364
