1.0,1.0,1.0,1.0,1.0,1.0,2.0,2.0,2.0,2.0,2.0,2.0,3.0,3.0,3.0,3.0,3.0,3.0,4.0,4.0,4.0,4.0,4.0,4.0,5.0,5.0,5.0,5.0,5.0,5.0
-0.36292248,-0.11628048,-0.17931673,-0.10375691,-0.20809963,-0.42801922,-0.24443664,-0.25417367,-0.27578283,-0.19610697,-0.19958755,-0.20677131,-0.30869861,-0.19389869,-0.17764928,-0.22442349,-0.18271786,-0.24826671,-0.14800254,-0.1647967,-0.10203257,-0.067976055,0.014462796,-0.074313057,-0.24962107,-0.21573001,-0.20418327,-0.20465405,-0.23472861,-0.20939498
-0.36532777,-0.11642809,-0.18108243,-0.095309833,-0.19696822,-0.44440692,-0.25150433,-0.25821344,-0.27990749,-0.19057197,-0.19152601,-0.2164257,-0.30764003,-0.2033169,-0.17595094,-0.22722064,-0.17747144,-0.2556271,-0.14748106,-0.16571309,-0.096905238,-0.053381899,0.034501863,-0.070288221,-0.25710038,-0.22500459,-0.2165677,-0.20224771,-0.23960984,-0.21483286
-0.387812,-0.10543147,-0.17809633,-0.0802619,-0.17793435,-0.47502919,-0.25981222,-0.25569686,-0.28080741,-0.1903473,-0.19157448,-0.23001781,-0.31443463,-0.20711998,-0.18062138,-0.23141637,-0.18127713,-0.26386635,-0.15179195,-0.17402935,-0.10458011,-0.043660385,0.053229649,-0.068215731,-0.26612303,-0.23004426,-0.22200775,-0.19665723,-0.2374579,-0.2243837
-0.40559023,-0.089785276,-0.17004682,-0.068881111,-0.15431197,-0.48268475,-0.26466846,-0.25441649,-0.28403215,-0.18693644,-0.19159064,-0.24165105,-0.32214009,-0.2125114,-0.18906592,-0.22573731,-0.18532747,-0.27788405,-0.15227866,-0.17666398,-0.10951396,-0.043185005,0.074882602,-0.062148441,-0.27087179,-0.2342264,-0.22408931,-0.19979276,-0.23488607,-0.23581246
-0.39900183,-0.06517204,-0.15745324,-0.051379986,-0.12104519,-0.48459864,-0.26726841,-0.25600591,-0.28208231,-0.18328048,-0.18582316,-0.24924664,-0.32839309,-0.21546438,-0.20692211,-0.22183825,-0.18228292,-0.28702411,-0.163925,-0.18156668,-0.1041609,-0.03885905,0.09596397,-0.054789599,-0.27404329,-0.23980698,-0.22737783,-0.19471271,-0.22777417,-0.24603153
-0.3665827,-0.050817394,-0.14743031,-0.038431177,-0.10524029,-0.4619908,-0.26794081,-0.25616044,-0.27570783,-0.17547838,-0.17905405,-0.25576285,-0.33713251,-0.21946879,-0.21395137,-0.23633257,-0.18095093,-0.29416479,-0.16371641,-0.18328492,-0.10174234,-0.031205438,0.11522972,-0.045478411,-0.27385673,-0.24639022,-0.2283399,-0.18268102,-0.22257803,-0.25581279
-0.32454241,-0.039525565,-0.13236994,-0.023408535,-0.07949359,-0.44895241,-0.26832931,-0.25260632,-0.2712082,-0.17033145,-0.18241438,-0.26113973,-0.33375983,-0.22114662,-0.20553042,-0.23993496,-0.17972767,-0.29699909,-0.14772442,-0.17627451,-0.092551841,-0.020461858,0.14051391,-0.034455166,-0.27441641,-0.2516014,-0.22706297,-0.17991008,-0.21984874,-0.26486824
-0.31732654,-0.026388665,-0.12252877,-0.010586179,-0.041510835,-0.4659382,-0.26653624,-0.24706542,-0.26059657,-0.16589936,-0.18554852,-0.26709627,-0.31940748,-0.22635908,-0.19590647,-0.22370302,-0.17037656,-0.30077816,-0.1321496,-0.16413231,-0.059337037,-0.00021068422,0.16969832,-0.021419503,-0.27339881,-0.25241936,-0.2243342,-0.17359041,-0.21242192,-0.27119323
-0.32652939,-0.02258782,-0.11647866,-0.0076777549,-0.025281068,-0.46952675,-0.26314435,-0.24558637,-0.25264723,-0.15168402,-0.17297963,-0.2720334,-0.31108656,-0.22687361,-0.1867307,-0.20586059,-0.15795371,-0.30297529,-0.1145584,-0.1458961,-0.028315055,0.021680549,0.20590986,0.00080720394,-0.26597039,-0.24757758,-0.22207772,-0.16318725,-0.20546748,-0.27315179
-0.30488178,-0.013288667,-0.1043265,-0.00041934038,-0.0092212452,-0.46079462,-0.25706285,-0.23838983,-0.24173562,-0.13456842,-0.15981299,-0.27163363,-0.3031103,-0.21201924,-0.18267355,-0.19013722,-0.1472706,-0.2975264,-0.095368005,-0.12213862,-0.0063545869,0.046994516,0.24306283,0.025857303,-0.25916948,-0.24212893,-0.21471353,-0.14918673,-0.19591497,-0.27136604
-0.27716865,0.0024313314,-0.081632093,0.012150109,0.027401948,-0.44321074,-0.24602052,-0.21719754,-0.22084984,-0.10869078,-0.14642017,-0.26931498,-0.28774861,-0.19322756,-0.17229479,-0.1693705,-0.1280247,-0.28730974,-0.073709278,-0.1003972,0.022571315,0.08359875,0.28162795,0.053850939,-0.24672093,-0.23678582,-0.20402584,-0.12556086,-0.17951299,-0.26613554
-0.2717306,0.028040906,-0.059950362,0.034178259,0.073839476,-0.4508663,-0.23327477,-0.19640261,-0.20225137,-0.081240469,-0.12675906,-0.26465768,-0.2635244,-0.17542021,-0.15519342,-0.14194995,-0.10790892,-0.27208362,-0.043428778,-0.077441566,0.049820354,0.12074967,0.32977551,0.093138144,-0.23372967,-0.2297936,-0.19396787,-0.097341074,-0.15694386,-0.25811698
-0.27580914,0.061731887,-0.034062114,0.059645937,0.12295364,-0.4619908,-0.22507147,-0.18468063,-0.18440283,-0.055403677,-0.10785726,-0.26038017,-0.23784772,-0.1666955,-0.13705417,-0.12309038,-0.088581471,-0.25980165,-0.0086983302,-0.052149128,0.075360281,0.15336071,0.37896536,0.1303829,-0.22297711,-0.21918654,-0.18224815,-0.074152721,-0.13217031,-0.25357773
-0.2486189,0.091954137,-0.0076026113,0.080106067,0.17495688,-0.43866524,-0.21344639,-0.16101591,-0.15725506,-0.02648281,-0.08696834,-0.25246477,-0.22280606,-0.16143831,-0.12047174,-0.10384938,-0.065094945,-0.2527928,0.018696657,-0.024955176,0.10664024,0.18511608,0.42428862,0.16774779,-0.20683131,-0.21043967,-0.16841188,-0.048703868,-0.10576968,-0.25152701
-0.19570251,0.1119547,0.012443253,0.09952928,0.22479331,-0.38256429,-0.19712944,-0.13891853,-0.13670675,-0.0024025109,-0.059132606,-0.2470679,-0.20485946,-0.14911186,-0.095987293,-0.081472178,-0.043538447,-0.24110406,0.048942392,0.003682095,0.14362799,0.22098347,0.47354573,0.2085368,-0.18956616,-0.20032074,-0.15408583,-0.022258451,-0.084276529,-0.24693016
-0.17907464,0.13856061,0.040330894,0.12084929,0.28907509,-0.36593736,-0.1807826,-0.12708617,-0.115371,0.019635354,-0.040053092,-0.24059166,-0.17699178,-0.12548804,-0.070983911,-0.057908309,-0.02347704,-0.22104425,0.081413101,0.033419037,0.18071248,0.25727871,0.52935924,0.24620206,-0.17191094,-0.1907955,-0.14040698,0.0016834027,-0.067769576,-0.24005216
-0.15146609,0.17269441,0.072139423,0.13781931,0.34906574,-0.34117639,-0.16216455,-0.10417202,-0.088298226,0.042755708,-0.025723263,-0.22610008,-0.14804089,-0.10752409,-0.046688171,-0.020528213,0.004141374,-0.20906988,0.12062826,0.069456179,0.21547516,0.29566562,0.57686797,0.28404753,-0.15629089,-0.18068976,-0.1279351,0.029198304,-0.048323389,-0.23347372
-0.10053668,0.19752905,0.10005303,0.14899778,0.38288484,-0.2940468,-0.14542921,-0.075452053,-0.066175044,0.069899658,-0.0031380295,-0.21166847,-0.12167491,-0.086472938,-0.019750564,0.021089988,0.028715238,-0.18962527,0.15911335,0.1031107,0.24759355,0.3277062,0.60558167,0.31792824,-0.14416458,-0.16764202,-0.11656522,0.051851915,-0.02480951,-0.22484454
-0.084117962,0.21634877,0.12648657,0.16101083,0.42473385,-0.29380757,-0.1299042,-0.048012458,-0.044014364,0.093755289,0.018138617,-0.19467834,-0.097598404,-0.059113151,-0.00090367505,0.048086723,0.042442895,-0.16112847,0.19200124,0.12911334,0.28219499,0.34869422,0.63802747,0.34805444,-0.12505081,-0.15601911,-0.098968138,0.064442656,-0.0053108356,-0.2096254
-0.065607685,0.24265947,0.15060912,0.17340325,0.46535076,-0.28148689,-0.11073328,-0.020705314,-0.026578296,0.10921652,0.0359257,-0.18210564,-0.07056773,-0.036205202,0.020891726,0.065717244,0.062912054,-0.14319988,0.23517964,0.1577277,0.31757037,0.37096575,0.66115982,0.38154468,-0.10049291,-0.138842,-0.07552869,0.085686494,0.0076532896,-0.19563899
-0.052430877,0.26542764,0.17517309,0.18025701,0.49334923,-0.23447693,-0.087034857,0.0090080367,-0.0041176405,0.1236361,0.052258798,-0.16335654,-0.036447044,-0.011149633,0.04563564,0.088942065,0.085746176,-0.12012999,0.26705934,0.19229862,0.3399823,0.39126446,0.67101124,0.41371333,-0.079055632,-0.12141423,-0.056812116,0.10992002,0.031797005,-0.18410654
-0.026913885,0.28653524,0.20355409,0.19621541,0.51624935,-0.19320864,-0.061752551,0.035410093,0.032516851,0.13938327,0.068898848,-0.14007007,-0.00070156346,0.011400379,0.069270913,0.12034643,0.10368727,-0.094357641,0.29118639,0.2223792,0.36968214,0.40856828,0.68889846,0.4456417,-0.057160437,-0.10712636,-0.037185951,0.1294138,0.056964203,-0.16781595
0.0054006665,0.30424791,0.22681975,0.21417176,0.54913374,-0.18603154,-0.039727658,0.063423646,0.055464966,0.15604953,0.087687565,-0.12084124,0.041986221,0.029767006,0.10255372,0.15776891,0.12605927,-0.063334142,0.32254462,0.24794656,0.39889827,0.42244937,0.69928784,0.46384357,-0.034519006,-0.08769327,-0.018714267,0.15024442,0.076357904,-0.14270033
0.033009215,0.30860228,0.24569714,0.21396944,0.57012198,-0.16402179,-0.025487683,0.082121423,0.070426237,0.1747378,0.10413375,-0.093836928,0.076377707,0.053950105,0.13385512,0.1799342,0.13937918,-0.02490631,0.35289465,0.27452195,0.41666658,0.43514201,0.70063275,0.47561771,-0.014913393,-0.069592662,-0.00043499566,0.16368589,0.090949106,-0.12252719
0.07630444,0.3250234,0.2626011,0.21745955,0.5809135,-0.10457153,-0.0092902715,0.10337994,0.092961886,0.18778896,0.12051531,-0.068051909,0.10286678,0.07806609,0.15923591,0.19959901,0.15606983,0.001503212,0.3835228,0.30512946,0.44884947,0.44973616,0.70863492,0.49709352,0.0056758921,-0.055779734,0.012159335,0.18062749,0.10302096,-0.10619052
0.09324605,0.34819748,0.28659382,0.232988,0.60780733,-0.068566442,0.013959887,0.13181292,0.11542254,0.19985974,0.13917479,-0.047243998,0.12965127,0.10195836,0.1842393,0.2220186,0.18189414,0.025210262,0.41008342,0.32641268,0.46777868,0.45979044,0.71041692,0.5164668,0.024501351,-0.042929886,0.024421315,0.1946037,0.12270334,-0.08872479
0.10506335,0.36295804,0.3024851,0.24277548,0.63261933,-0.069164533,0.031397506,0.15618405,0.13105876,0.2121552,0.15429623,-0.031293266,0.15771591,0.12388199,0.20171808,0.23371577,0.19991679,0.055706449,0.43062966,0.34235791,0.48577272,0.46668345,0.71630088,0.53376758,0.036458061,-0.032784574,0.038380031,0.19917331,0.12892297,-0.07181207
0.13601838,0.37450818,0.31562397,0.25334697,0.6448129,-0.036747993,0.04536852,0.17017979,0.14605752,0.21789444,0.16439335,-0.01686165,0.18848853,0.13913904,0.22528259,0.24651485,0.22147328,0.084379017,0.44530058,0.35266733,0.51473087,0.4736953,0.71677159,0.53986491,0.049652842,-0.021095697,0.050711979,0.21579892,0.14228074,-0.055452354
0.18767984,0.37299523,0.33380028,0.26176875,0.64115908,0.024735777,0.060385493,0.17951764,0.16593089,0.22947504,0.17416736,-0.0010308479,0.20690287,0.15198002,0.24627599,0.27469825,0.23881634,0.1108984,0.45190597,0.35209459,0.52314744,0.47329122,0.70217939,0.5361104,0.063627777,-0.011675993,0.063218849,0.23001819,0.15668824,-0.044415306
0.22595532,0.38705466,0.35698804,0.27163211,0.6479144,0.068516049,0.072907108,0.19095264,0.17886733,0.24344529,0.17890089,0.010482463,0.21436216,0.16092844,0.26139596,0.30343261,0.23925128,0.12678366,0.46150117,0.35605799,0.53414379,0.4713184,0.69464792,0.53559978,0.066544875,-0.011741957,0.070897892,0.23140366,0.15209569,-0.038470507
0.2425832,0.40974902,0.37010095,0.27810651,0.64545019,0.10057374,0.084771263,0.19722203,0.20661505,0.25410679,0.17011236,0.020716517,0.22804982,0.16287472,0.27094914,0.31720646,0.23305345,0.13135369,0.47954432,0.36302257,0.55194435,0.46996357,0.68382145,0.53190535,0.072311232,-0.014143058,0.080011289,0.24426177,0.15579598,-0.036350657
0.26308046,0.41000733,0.37306109,0.27886523,0.62654379,0.11959303,0.092899853,0.20258632,0.22693838,0.26764813,0.16613813,0.029071663,0.24577485,0.15690165,0.27564317,0.32547076,0.22913902,0.1375496,0.48882663,0.36348077,0.5611671,0.46806205,0.6684223,0.52604831,0.084471461,-0.011557257,0.092902986,0.26008527,0.16235677,-0.032882858
0.27772135,0.4143617,0.40216914,0.293812,0.62335731,0.14291859,0.10141694,0.2064495,0.23841244,0.28364039,0.16565347,0.0324497,0.26197356,0.16048102,0.28479535,0.33220935,0.23305345,0.14969974,0.49661403,0.36437425,0.57303414,0.46789567,0.65887348,0.52319488,0.10280508,-0.011425328,0.11870387,0.27459622,0.16508606,-0.02918464
0.29006154,0.42152057,0.4275121,0.30800005,0.61821647,0.15535888,0.11275812,0.20810515,0.25442362,0.30055175,0.16127536,0.039445635,0.28427756,0.17251664,0.29998609,0.34712749,0.24009397,0.16138848,0.51483101,0.37161375,0.59183436,0.4710094,0.65332575,0.52154289,0.12534475,-0.0076257837,0.14499454,0.28998221,0.16807778,-0.021638433
0.30804893,0.42904846,0.44789552,0.31166719,0.61260828,0.16361254,0.13009114,0.21194625,0.26638514,0.32230367,0.16739825,0.050459237,0.30542451,0.17761724,0.32260707,0.3755228,0.24411712,0.17426367,0.52640782,0.38261046,0.61360135,0.47709426,0.639406,0.52535748,0.14517085,0.00035589854,0.16549531,0.30157638,0.16980983,-0.010705074
0.37267803,0.44609691,0.48375477,0.32911774,0.6231024,0.21803884,0.15000918,0.21748715,0.29747009,0.34740519,0.17188945,0.058654475,0.32526669,0.18654328,0.34735099,0.39679809,0.2494179,0.19203847,0.54330372,0.39537123,0.63817385,0.49042866,0.62632681,0.53229582,0.16818539,0.0093402384,0.19192591,0.32170212,0.17424492,-0.00053209523
0.42465321,0.45594958,0.51426499,0.34239532,0.62730854,0.2526085,0.17318462,0.22519143,0.32690517,0.36474545,0.17138863,0.06776918,0.35118955,0.20461909,0.37742581,0.41349623,0.25917677,0.21214222,0.57010769,0.40428315,0.66381052,0.50685303,0.61758493,0.53430823,0.19050459,0.020435436,0.21578517,0.34002919,0.18106815,0.015090282
0.40928027,0.46019324,0.54090626,0.35026071,0.63559337,0.24447447,0.19873589,0.24274129,0.34839091,0.3850881,0.1766876,0.085618809,0.37809714,0.21940635,0.40224049,0.44498535,0.27119187,0.23883737,0.58891567,0.41035425,0.68983416,0.52132834,0.60981811,0.54142679,0.21451977,0.030435627,0.2388048,0.35400539,0.18755021,0.032141253
0.4129405,0.47144817,0.55895273,0.36229906,0.65212054,0.26660384,0.22088032,0.26492697,0.3788759,0.41204823,0.18376366,0.11220336,0.39582217,0.23423835,0.42436612,0.4732959,0.28073327,0.25861155,0.61161736,0.42015965,0.71015001,0.52950487,0.60817061,0.55671516,0.23577049,0.044393676,0.26406343,0.37298873,0.20494943,0.049606978
0.45654946,0.49107972,0.5821405,0.36869759,0.66546124,0.33717859,0.23918459,0.2800927,0.40272394,0.43302403,0.19507243,0.13065264,0.41337487,0.25294054,0.44903927,0.48740879,0.28992128,0.27957219,0.6392557,0.43878533,0.71479363,0.52762712,0.61042332,0.5659062,0.25025422,0.060317462,0.2807859,0.39746533,0.22266357,0.068121108
0.49336085,0.5090507,0.6151954,0.37198538,0.6870018,0.38311199,0.26049226,0.29651672,0.42619702,0.45796215,0.21318262,0.14574388,0.43587582,0.26891347,0.46890045,0.50919266,0.30484501,0.30376261,0.64777318,0.45555532,0.72678966,0.54036729,0.61909795,0.57110244,0.26940191,0.075106661,0.30137414,0.42347323,0.23620504,0.089596116
0.51103451,0.52370056,0.64321287,0.38159582,0.7118138,0.40703564,0.28843428,0.31269791,0.45750694,0.47961195,0.23306991,0.16831077,0.46204486,0.28618391,0.49942345,0.53517225,0.32699955,0.3205487,0.6511454,0.46794953,0.75123318,0.5636609,0.6278062,0.57849132,0.29879337,0.090568697,0.32859188,0.44661297,0.25399791,0.11117481
0.51427642,0.55462394,0.68532996,0.41270331,0.75850624,0.42964348,0.30930862,0.32788572,0.47663037,0.50696014,0.25473428,0.19075772,0.48954327,0.31217906,0.53416871,0.56585614,0.35760814,0.34375041,0.67551582,0.48643775,0.77896592,0.59470319,0.63822921,0.59960669,0.32964338,0.10876166,0.35169898,0.47077358,0.26664712,0.12983871
0.54094377,0.5772814,0.72661613,0.43726053,0.81768966,0.44100722,0.335607,0.34656142,0.50479056,0.55428334,0.27859579,0.2081876,0.51391519,0.33056806,0.55940798,0.59874384,0.38275286,0.36422767,0.70277175,0.5049947,0.81185825,0.63608499,0.67070863,0.63754227,0.35747453,0.12791769,0.38115572,0.50198306,0.2759372,0.15111786
0.60233096,0.59477266,0.76470847,0.4570631,0.87113743,0.4947158,0.36487889,0.35510456,0.53988768,0.59884925,0.30124565,0.22014065,0.54178288,0.33871112,0.58967151,0.63303012,0.40512486,0.37152215,0.73068821,0.52313928,0.84197731,0.67775202,0.72013385,0.67259439,0.38934213,0.14872284,0.42203482,0.54026572,0.29388753,0.16883705
0.64290716,0.62355576,0.81274584,0.48432641,0.92543493,0.5406492,0.38889111,0.36801861,0.5676354,0.63328469,0.32121371,0.23071451,0.57504193,0.35486302,0.6209965,0.67392784,0.43309666,0.3816729,0.76159449,0.54582,0.8729348,0.72593174,0.75927055,0.69659323,0.42102318,0.16568886,0.46441824,0.5763608,0.31524947,0.18080729
0.66612344,0.65654561,0.86418477,0.5165214,0.95674733,0.56852025,0.40816662,0.3808002,0.59230837,0.67200925,0.33580202,0.23421248,0.60630692,0.36573534,0.64430154,0.70673078,0.45291342,0.39263658,0.78224502,0.55638142,0.90985805,0.77121166,0.78354607,0.72281473,0.44938008,0.17706111,0.50339069,0.61077873,0.32708513,0.19115309
0.71046444,0.67104786,0.91505245,0.54831174,0.96354514,0.60966892,0.42663526,0.3768708,0.61473153,0.72607248,0.33971163,0.22649696,0.62509053,0.36318504,0.66435142,0.73499895,0.45758898,0.39052734,0.80289556,0.55102053,0.93926766,0.7999959,0.80119793,0.73717198,0.4763802,0.18381585,0.54000171,0.6475787,0.3299194,0.19521997
0.76087096,0.67765322,0.95924683,0.57312186,0.96167574,0.6312002,0.4406511,0.36649541,0.64476656,0.76283629,0.32635112,0.21574321,0.6303588,0.3498519,0.67947139,0.75559614,0.4437254,0.38307906,0.81975669,0.53750373,0.9554881,0.81152385,0.79413719,0.72131293,0.49800404,0.18037252,0.57257205,0.68381961,0.32884343,0.1891254
0.81629721,0.67923998,0.99840378,0.60056221,0.94022016,0.66672682,0.44323611,0.3510427,0.66160268,0.78093226,0.30295812,0.19693414,0.6357994,0.3249753,0.68352854,0.76013092,0.41605262,0.37253283,0.81850514,0.50529253,0.96632322,0.80453577,0.75883346,0.69115669,0.51667686,0.17072853,0.60353311,0.70462593,0.31503952,0.1769593
0.87716152,0.66086308,1.0340034,0.62385489,0.89446241,0.68969352,0.44384874,0.32759874,0.66917706,0.79504548,0.2709866,0.17146893,0.64222473,0.28889081,0.67784381,0.753689,0.38702067,0.34886972,0.80397328,0.4606413,0.97238573,0.78416575,0.70544078,0.64949664,0.53138107,0.15547758,0.6257656,0.71546661,0.2880353,0.16187841
0.88793303,0.64606561,1.0655263,0.64143189,0.84254415,0.68072215,0.44614985,0.30342628,0.68462579,0.8027863,0.23084046,0.15741709,0.63722725,0.24562521,0.6693521,0.74330564,0.34958902,0.31347393,0.77713454,0.40895675,0.96816132,0.75143586,0.63550578,0.59023543,0.54069204,0.13746933,0.6431003,0.73189777,0.25869544,0.14503482
0.89985491,0.62791012,1.0972309,0.66179085,0.78858655,0.66732491,0.44372921,0.27784101,0.68301342,0.81704249,0.19400618,0.14348519,0.62634605,0.20752732,0.6535009,0.72533607,0.300251,0.27867137,0.7509911,0.35747839,0.94765198,0.71214573,0.56150244,0.52818087,0.5564308,0.11812859,0.66928601,0.74538785,0.22917187,0.12635939
0.93091452,0.60237435,1.129429,0.67888733,0.728256,0.65727698,0.43377766,0.24852502,0.67063944,0.82825546,0.1614046,0.11760023,0.62250563,0.17220344,0.63602212,0.71262175,0.25876902,0.24255052,0.73430379,0.31296462,0.92598174,0.68238697,0.49587113,0.48141468,0.57479834,0.098458029,0.69150101,0.75258256,0.20177401,0.10970013
0.9300779,0.58569492,1.1545901,0.69014166,0.68972092,0.66206171,0.42573872,0.22159316,0.66970202,0.8255186,0.13676763,0.089216719,0.61083665,0.13743884,0.61512306,0.70609507,0.22359359,0.20425452,0.71427903,0.26939015,0.90956782,0.65548048,0.43756955,0.43831289,0.5853813,0.079697778,0.70472506,0.75178045,0.17532089,0.095483309
0.92788177,0.5746614,1.1630032,0.69163381,0.66134007,0.65129606,0.40876431,0.20031257,0.65196597,0.81792074,0.11006278,0.061292942,0.59252078,0.10960926,0.58995456,0.68316691,0.19263161,0.17386819,0.69300272,0.23644583,0.89528223,0.63382694,0.38427774,0.39515103,0.58809488,0.06017234,0.70416531,0.74169327,0.14860535,0.077280245
0.90654789,0.56052816,1.1458136,0.68495708,0.62284748,0.60344877,0.38147974,0.17872293,0.62549315,0.79653646,0.082130111,0.040964753,0.57206314,0.085448534,0.56289902,0.65519541,0.16555687,0.14409705,0.67534199,0.21145122,0.87199962,0.61203078,0.34736012,0.36637645,0.57213564,0.045554648,0.68544873,0.72351205,0.12160113,0.061577221
0.85906955,0.53705887,1.1109411,0.67195769,0.58562948,0.56397476,0.35745259,0.16011345,0.60483234,0.75815912,0.057590076,0.027512569,0.53988729,0.059945544,0.53232884,0.61548436,0.1367152,0.1132713,0.6432537,0.1813019,0.83343175,0.58298508,0.32486661,0.34811451,0.54245586,0.028522661,0.65590453,0.70384813,0.10396572,0.045067733
0.80803557,0.50953042,1.0691615,0.64851327,0.54594727,0.51828059,0.33234959,0.14210001,0.57153508,0.72566399,0.038138988,0.0090432991,0.50490497,0.037910066,0.50510818,0.57335759,0.11260345,0.089080879,0.60980957,0.15287082,0.79654075,0.55182394,0.30496203,0.31741763,0.51435336,0.0088784881,0.6264303,0.67732979,0.088928382,0.024007479
0.76913261,0.48838592,1.0430396,0.62909005,0.52274975,0.46851941,0.30448227,0.12441769,0.54153754,0.6898397,0.025376231,-0.013383671,0.47647106,0.019700036,0.47741575,0.53949512,0.083517131,0.066867878,0.59034105,0.13497825,0.76687316,0.51481564,0.28831884,0.28897345,0.48645436,-0.0039053963,0.5997723,0.65440881,0.069875842,0.0058504982
0.73796841,0.4695662,1.0257981,0.61530665,0.51289293,0.44136607,0.27809424,0.12073112,0.52147669,0.65526129,0.0091562211,-0.023917551,0.45365008,0.00777627,0.45137449,0.511566,0.062748953,0.046961865,0.57288891,0.11797917,0.73230396,0.48819438,0.26249669,0.26938992,0.46757803,-0.011082314,0.57516088,0.64252296,0.060192113,-0.0029169271
0.69770595,0.46273944,1.0118802,0.60660667,0.49228707,0.40631793,0.2659163,0.12304903,0.51273991,0.64200589,-0.0017486661,-0.0272756,0.44148874,0.0050917448,0.44057115,0.49507977,0.057121973,0.038678679,0.5444162,0.096947959,0.70911809,0.47217408,0.23237084,0.24118603,0.45869105,-0.017573203,0.56550523,0.63771028,0.055914476,-0.0073179211
0.65587481,0.4669462,1.0243699,0.60764359,0.47503763,0.39196374,0.26633468,0.11746398,0.52518889,0.64941992,-0.0069183904,-0.038449108,0.43922388,0.0049127764,0.44201002,0.47808496,0.042905014,0.037074773,0.52126257,0.081873299,0.71498712,0.46746782,0.22073743,0.23121405,0.4555026,-0.024974399,0.57635035,0.65013087,0.053867509,-0.015451696
0.63161275,0.46487972,1.0473759,0.6173299,0.4717237,0.37485834,0.27483683,0.11576418,0.55282412,0.67396998,-0.010892616,-0.040927668,0.44422135,0.0033691744,0.45578547,0.48512022,0.031188935,0.039403733,0.51545678,0.077680803,0.72856327,0.47590581,0.20920487,0.23334661,0.4685617,-0.02530422,0.59692109,0.682264,0.053815023,-0.018562346
0.65409699,0.46465831,1.0740432,0.63245371,0.4745278,0.36588697,0.28673087,0.12342431,0.57183505,0.70421843,-0.013913674,-0.031513138,0.45160678,0.0027427852,0.48182673,0.51415124,0.031596687,0.048324087,0.5205325,0.076237484,0.73694758,0.48524702,0.18869509,0.22505665,0.48733628,-0.019974304,0.62083282,0.71335195,0.048697605,-0.014944775
0.66005793,0.47831183,1.1012557,0.64345514,0.47597233,0.34399683,0.29466521,0.12609542,0.58240919,0.73085177,-0.014495268,-0.022258515,0.46204486,0.002161138,0.5010982,0.52097459,0.021865002,0.045973156,0.53575966,0.076283304,0.74426774,0.49325717,0.1727916,0.21616597,0.49842804,-0.017705131,0.64308281,0.72618576,0.04211057,-0.007340963
0.633286,0.49104282,1.1058257,0.64479554,0.47949869,0.3201928,0.29744447,0.12037791,0.58679633,0.73424221,-0.012217358,-0.014203195,0.46625455,0.00055042288,0.50343342,0.51292219,0.016754508,0.043072942,0.53555107,0.075046174,0.74378403,0.48969182,0.16687403,0.2081163,0.49754612,-0.016253916,0.64768324,0.71952579,0.037203097,-0.0013155183
0.62136413,0.48975127,1.0865588,0.63725893,0.48179295,0.33693936,0.28000685,0.10741971,0.55214917,0.7043614,-0.016837799,-0.014922777,0.44759403,-0.0013958579,0.48843139,0.49707168,0.01153528,0.041578893,0.50958146,0.06432438,0.73510948,0.47581074,0.15339136,0.18967414,0.47807619,-0.018773753,0.62868679,0.69502489,0.028805283,-0.0017072298
0.57942841,0.47499071,1.0296151,0.61232236,0.46730513,0.32294402,0.24674538,0.094373214,0.4957913,0.65857003,-0.024285433,-0.020519525,0.40896823,-0.0016195684,0.45621005,0.45829301,-0.001485606,0.031735743,0.46953193,0.047004558,0.69196249,0.44911817,0.1364792,0.17198288,0.44112063,-0.023787041,0.59025659,0.65302334,0.019698904,-0.0086313068
0.50622393,0.44391972,0.94260253,0.57051692,0.43828698,0.25141232,0.20870238,0.078677677,0.43268398,0.60513995,-0.03081221,-0.02529675,0.35904273,-0.0081519132,0.41514318,0.40518954,-0.0092057139,0.019607577,0.41578492,0.026477363,0.62730648,0.40825929,0.12044122,0.15507256,0.38968133,-0.037824247,0.53534881,0.59242736,0.0052651613,-0.021511703
0.40865281,0.41122508,0.85847222,0.53207515,0.39877472,0.1784452,0.16504109,0.060686309,0.36665191,0.54151813,-0.044528135,-0.03904876,0.30914184,-0.024393291,0.37188261,0.34839892,-0.023748875,-0.00097954672,0.3579356,0.00010816358,0.55645898,0.36117293,0.096602799,0.12740932,0.33098321,-0.058207221,0.47396894,0.52344566,-0.020269442,-0.039196326
0.35416775,0.39303269,0.7994252,0.50339556,0.36049456,0.13263142,0.12647511,0.039670625,0.3058319,0.48835357,-0.063543027,-0.059296996,0.25993026,-0.041820334,0.32522535,0.30042356,-0.043348163,-0.024291113,0.30359757,-0.026696322,0.50102573,0.32295241,0.065569142,0.094790129,0.28442836,-0.076017586,0.41864135,0.47031176,-0.045961503,-0.060544603
0.30271546,0.3774234,0.77800313,0.49426563,0.32578325,0.080238636,0.09856297,0.015409873,0.27804668,0.46280272,-0.082299433,-0.07336882,0.22159988,-0.058755214,0.28989038,0.26681538,-0.074717897,-0.046723827,0.26601638,-0.054165192,0.48177405,0.29336002,0.036989935,0.0650544,0.25980263,-0.096004774,0.39348767,0.45144995,-0.065775095,-0.080130179
0.24195573,0.35506114,0.78441677,0.50286445,0.28236225,0.038611492,0.091764241,-0.010153322,0.28873331,0.46927723,-0.11047443,-0.09257766,0.21057097,-0.082960684,0.27727075,0.26490823,-0.1003791,-0.067904176,0.24887713,-0.081611152,0.47871054,0.27712581,0.012613553,0.041295853,0.25596969,-0.11836668,0.40685165,0.46024889,-0.087661898,-0.098137387
0.27155126,0.35472903,0.85003322,0.54155914,0.258315,0.030597071,0.11553738,-0.026268289,0.33009241,0.51506861,-0.13755086,-0.11070713,0.22600652,-0.10119308,0.29703758,0.2965245,-0.10989332,-0.080713453,0.26288751,-0.097556385,0.51795561,0.29637868,-0.012468904,0.024926184,0.28561555,-0.13444878,0.45616195,0.50210459,-0.10542852,-0.10773432
0.34255961,0.37971128,0.97573534,0.60620202,0.245909,0.069951468,0.15567229,-0.033641439,0.40617366,0.59846119,-0.15141219,-0.11826274,0.27295323,-0.1085979,0.35084203,0.34894987,-0.11889105,-0.083306069,0.31479197,-0.10323802,0.59983171,0.33975708,-0.020403837,0.024625823,0.3508093,-0.13765464,0.54745336,0.58231588,-0.11340645,-0.10726196
0.43688882,0.41104057,1.1205226,0.68359139,0.25661555,0.13035867,0.21345402,-0.041213266,0.50970266,0.70656723,-0.15921524,-0.12120103,0.34754607,-0.11987291,0.41915315,0.41722576,-0.12924795,-0.078538293,0.38463529,-0.10321511,0.69744454,0.40445625,-0.012737885,0.038562569,0.43967904,-0.1312693,0.66325123,0.68131605,-0.10946997,-0.10335637
0.58298406,0.44391972,1.2745278,0.77081881,0.29761483,0.22868486,0.28934576,-0.042118353,0.61964363,0.82782655,-0.15869827,-0.11668365,0.43109991,-0.12732246,0.50182943,0.4981312,-0.13291772,-0.06913457,0.46560347,-0.095746509,0.81111657,0.48790915,3.8701755e-05,0.051568196,0.54374482,-0.11579407,0.78791761,0.79699044,-0.093041747,-0.090395325
0.73326241,0.48388394,1.4241187,0.84972562,0.34915072,0.33717859,0.36114333,-0.034016719,0.71878548,0.94647155,-0.14958663,-0.10467063,0.51221654,-0.12197578,0.58535488,0.59310716,-0.12133756,-0.053469021,0.54236505,-0.08438324,0.93204425,0.57326357,0.018396639,0.073164145,0.64491046,-0.099830704,0.90198375,0.90457079,-0.075511311,-0.070671498
0.82319935,0.52561943,1.5517943,0.91153595,0.40451037,0.3864613,0.42062847,-0.024347738,0.8062658,1.0371148,-0.13700158,-0.094416591,0.58774487,-0.11389984,0.65411419,0.6780388,-0.10769146,-0.037056448,0.61088729,-0.064245511,1.0327528,0.64597289,0.046471508,0.10872688,0.72714888,-0.084526983,0.99978223,0.98300771,-0.059004358,-0.049749495
0.88301787,0.55857239,1.6516081,0.95738789,0.4518826,0.42258601,0.46827934,-0.0061356177,0.87207289,1.1005936,-0.12307563,-0.083123153,0.64640981,-0.10823996,0.70419172,0.73919467,-0.093039561,-0.024378999,0.66790224,-0.038426148,1.1031811,0.70168738,0.081237272,0.13894318,0.78506684,-0.069341998,1.0659374,1.0476872,-0.043888293,-0.033009588
0.95737272,0.58399745,1.7120833,0.98718026,0.49844759,0.46050499,0.5075476,0.010840286,0.9328554,1.1453842,-0.10861656,-0.069630992,0.68875294,-0.099694225,0.73978615,0.78505098,-0.074310145,-0.0075709416,0.7126103,-0.017692764,1.1515844,0.74520839,0.11290976,0.16549508,0.82767005,-0.05308839,1.1041927,1.0940396,-0.028221122,-0.021661475
1.0084067,0.61097238,1.7533695,1.0117628,0.54441776,0.48191665,0.53723788,0.021944161,0.98456366,1.1809021,-0.094351353,-0.057338134,0.72622168,-0.088396848,0.77193673,0.8178963,-0.063953239,0.0047769381,0.74873136,0.0045984876,1.1964728,0.78086186,0.14286749,0.19535096,0.86725439,-0.03700629,1.1445471,1.1365759,-0.0050746471,-0.0094723345
1.0608002,0.64713575,1.8149871,1.0385456,0.59140762,0.56457285,0.56540404,0.0396044,1.0352595,1.2175843,-0.07779208,-0.043446205,0.7646013,-0.073766185,0.80156338,0.84925829,-0.050714885,0.013104067,0.79124921,0.02684392,1.2412967,0.8209126,0.1745736,0.22325449,0.90677089,-0.017718324,1.1872278,1.1787475,0.019672661,0.0099173854
1.1153898,0.67580814,1.8747612,1.056856,0.62854064,0.64926255,0.60335738,0.057595767,1.0848679,1.2566969,-0.062848345,-0.031972871,0.80561506,-0.060544898,0.83364319,0.88824886,-0.029212754,0.029033271,0.82761362,0.047187837,1.2762851,0.85587677,0.19111592,0.24214719,0.94666051,0.0026910353,1.2270399,1.2149885,0.037832933,0.02911125
1.1656918,0.69108533,1.9138143,1.0755458,0.6562842,0.67605704,0.63915904,0.067927007,1.1358262,1.2935015,-0.051281087,-0.021778793,0.84542252,-0.056674707,0.86574659,0.92117895,-0.016137501,0.04219409,0.85330512,0.067165197,1.3106285,0.87591403,0.19847927,0.25232942,0.98485415,0.017585778,1.2663622,1.2486286,0.053605077,0.043189822
1.2260332,0.69625152,1.9566844,1.0959806,0.66580113,0.71959807,0.66896885,0.076139018,1.1764729,1.3282433,-0.044479669,-0.0097457846,0.87720449,-0.051932046,0.89032539,0.95190522,-0.014125923,0.054476055,0.8769107,0.075779288,1.3495834,0.89566605,0.19562135,0.25944797,1.0230647,0.028641397,1.3096727,1.2807131,0.066884121,0.058167027
1.2691192,0.70281997,1.9952961,1.110978,0.66656588,0.76876117,0.69399714,0.088280431,1.2036582,1.3526913,-0.043025684,0.0034865275,0.90413669,-0.047659177,0.9079457,0.98038529,-0.016953005,0.066758021,0.89338941,0.079834326,1.3842815,0.91292233,0.18486211,0.25749563,1.053372,0.037902787,1.3371529,1.3061133,0.072447672,0.070229437
1.3208853,0.71016335,2.0166922,1.1123437,0.66813788,0.80392893,0.70847619,0.086713085,1.2164071,1.3601666,-0.046159829,0.0052055288,0.92363423,-0.0488001,0.92122579,0.98513197,-0.023504223,0.073525187,0.90833845,0.082377315,1.3950844,0.91277972,0.16038486,0.24503065,1.0698231,0.04717737,1.3556595,1.3084225,0.068589927,0.076588989
1.3456702,0.70064279,2.0158093,1.0974222,0.65114336,0.82964685,0.71165889,0.08077483,1.2132574,1.3560817,-0.051701127,0.0039862372,0.92789316,-0.055265332,0.92016433,0.98492006,-0.028614717,0.077282282,0.90607871,0.076466583,1.381863,0.89671189,0.12585446,0.22736943,1.0765053,0.051161615,1.3637759,1.2939601,0.065860637,0.080506104
1.3500625,0.68385265,1.9858963,1.0808315,0.62471688,0.8706759,0.7106727,0.076999954,1.2145323,1.3346566,-0.05908414,0.0042260979,0.92289568,-0.063945297,0.90570483,0.98932769,-0.034785367,0.073788842,0.89780459,0.066202985,1.3619341,0.86581221,0.09700627,0.20841666,1.0687886,0.046517727,1.3443596,1.2641847,0.070531921,0.081404737
1.3593699,0.6668411,1.9445582,1.0587022,0.59531636,0.8838339,0.69933153,0.068368513,1.1881719,1.296606,-0.068874305,0.0028668875,0.90997118,-0.070209189,0.87513465,0.97411289,-0.046990749,0.064868488,0.88209071,0.054083692,1.326204,0.82454925,0.062374996,0.1896441,1.0537282,0.040501781,1.3089905,1.2243951,0.064023615,0.076900054
1.3366765,0.65034618,1.8905486,1.0229159,0.56485368,0.86529308,0.67787444,0.059428017,1.1424257,1.2430943,-0.081055468,0.00042830435,0.89103986,-0.073430619,0.83708705,0.94033519,-0.058543727,0.054827597,0.85094108,0.044736486,1.2781877,0.78212162,0.036182993,0.16426361,1.0308832,0.037375073,1.260275,1.1747856,0.050875788,0.068420652
1.3083359,0.63599153,1.8242311,0.99185903,0.5477317,0.84746996,0.65532657,0.054218247,1.0987418,1.1864576,-0.087081428,-0.0071472943,0.86755419,-0.077994312,0.79668064,0.90113271,-0.067323991,0.049268854,0.82952571,0.037130427,1.2343957,0.74028821,0.015437851,0.14209697,1.0025094,0.0352906,1.2072213,1.1217732,0.050980761,0.061784598
1.3273691,0.61798365,1.7574981,0.96214253,0.53094961,0.86696773,0.63723149,0.049052627,1.0465836,1.1258585,-0.088373859,-0.014203195,0.84517634,-0.089112721,0.74511706,0.86222689,-0.069172467,0.04120538,0.81419425,0.03181535,1.1960858,0.70018994,-0.0029537093,0.12500644,0.97941003,0.03192642,1.1544476,1.0585278,0.046703124,0.054584019
1.3673178,0.59680224,1.6813394,0.92332139,0.50843187,0.89998236,0.61720886,0.041458725,0.9912756,1.0551495,-0.095401453,-0.023217957,0.82567881,-0.097770315,0.69640764,0.82997491,-0.075315933,0.024485209,0.79020626,0.02058954,1.1373311,0.65236674,-0.024304058,0.097763702,0.95120576,0.023562145,1.0949219,0.9867509,0.038672715,0.043109176
1.305094,0.56145069,1.5776566,0.87003401,0.46951441,0.85464706,0.57374182,0.027109781,0.90548265,0.97661787,-0.10969897,-0.039128713,0.78237557,-0.11040995,0.63463042,0.78288955,-0.092196873,0.0021403802,0.74355134,-0.0027555635,1.0536491,0.59187468,-0.052345304,0.068959092,0.9024122,0.0081924593,1.020248,0.91120645,0.028044231,0.024330065
1.1813784,0.52853464,1.4635354,0.81120797,0.42515871,0.78813932,0.51349462,0.003400911,0.80911557,0.8888749,-0.12800303,-0.057398099,0.70876745,-0.12622628,0.56096479,0.70961269,-0.10440226,-0.022269752,0.66188786,-0.031782301,0.9603252,0.52413308,-0.07625097,0.042647477,0.82400671,-0.0131404,0.92795956,0.81803983,-0.0062031033,-0.0021335041
1.064565,0.49358901,1.3381448,0.75116799,0.37311299,0.70823434,0.44801763,-0.016157803,0.72662234,0.79118528,-0.14863346,-0.073548715,0.61952684,-0.13987262,0.49968292,0.62086675,-0.1258772,-0.043516015,0.5714983,-0.058930434,0.86619509,0.45420473,-0.10059373,0.0091272008,0.72808167,-0.039776791,0.82514085,0.72285577,-0.042077514,-0.032133998
0.93708462,0.44838479,1.2074572,0.69090038,0.30411524,0.58466871,0.38545439,-0.040308179,0.65294089,0.70099139,-0.16713138,-0.096995093,0.52265462,-0.15374267,0.43948609,0.53508749,-0.15189179,-0.060917297,0.49372852,-0.077876852,0.77390309,0.38910149,-0.12984539,-0.020218059,0.63300463,-0.066835354,0.72790212,0.63749152,-0.062625915,-0.059680534
0.82142153,0.40399241,1.0884284,0.6340976,0.25500107,0.48777794,0.32756807,-0.064061199,0.59215838,0.62182664,-0.17740621,-0.11758313,0.43927311,-0.16016316,0.38233213,0.44998632,-0.17255124,-0.075242596,0.41846184,-0.092699504,0.69328463,0.33253131,-0.14665669,-0.042234513,0.53945397,-0.090490157,0.64233065,0.55973519,-0.076980928,-0.080660141
0.72217716,0.37196199,0.98381081,0.57914103,0.22980669,0.43215547,0.27592761,-0.073332825,0.53130088,0.54868707,-0.18676018,-0.128137,0.37236112,-0.16506241,0.33680711,0.37789613,-0.18119558,-0.08717302,0.35866567,-0.10232163,0.63307877,0.27969286,-0.15223804,-0.056922161,0.45628275,-0.11250905,0.56232166,0.49430222,-0.089105272,-0.099404689
0.63746911,0.3513341,0.89529222,0.53455363,0.19879169,0.37414063,0.23398468,-0.080551447,0.48832941,0.48443209,-0.18974892,-0.13945043,0.31175136,-0.16951425,0.29880668,0.32987839,-0.18679538,-0.095741834,0.31708648,-0.10720142,0.58041879,0.23576778,-0.15788663,-0.067524901,0.38540744,-0.12617685,0.48846991,0.44051205,-0.094695067,-0.11685889
0.54449942,0.33059551,0.8227428,0.49618772,0.16255088,0.29208252,0.19976691,-0.08448085,0.44723279,0.43290148,-0.1884888,-0.1441477,0.26413995,-0.17197507,0.26660893,0.29961832,-0.19057388,-0.10292645,0.27995723,-0.10967568,0.5359174,0.20750646,-0.15778577,-0.073381938,0.32862579,-0.1340398,0.42481607,0.390222,-0.091965778,-0.12799963
0.48614498,0.3250603,0.76787634,0.46376512,0.15464842,0.24973767,0.17892245,-0.081169555,0.40718608,0.39225704,-0.18742255,-0.14418767,0.23393354,-0.16864178,0.23710022,0.27724112,-0.18660509,-0.10224534,0.26031488,-0.10477298,0.50973253,0.18827735,-0.15839097,-0.075424392,0.29355277,-0.13702139,0.38106826,0.35191504,-0.091545887,-0.13290754
0.48196187,0.3222189,0.72373389,0.44092767,0.16688448,0.25751285,0.17030077,-0.076423366,0.38390049,0.35972106,-0.17936101,-0.13935048,0.22132908,-0.15721018,0.2173334,0.2575763,-0.18065191,-0.092973448,0.25631689,-0.090866718,0.48409586,0.17007031,-0.1471274,-0.072300639,0.27104702,-0.13694223,0.34844545,0.32104585,-0.092884288,-0.13488914
0.48164814,0.32668397,0.68642054,0.42866171,0.17733611,0.26038369,0.16475719,-0.069977379,0.35922752,0.33116783,-0.17265652,-0.13383369,0.21775945,-0.14980536,0.20181243,0.24096293,-0.17241532,-0.088886783,0.25075445,-0.079892916,0.45484748,0.15407378,-0.13374561,-0.06599306,0.25971783,-0.13739079,0.32002074,0.28811061,-0.088291734,-0.13545367
0.46303328,0.33221918,0.65219716,0.41738208,0.1866831,0.25524011,0.15647917,-0.063928748,0.33567945,0.29965308,-0.16519273,-0.1334739,0.20948777,-0.13721047,0.18013497,0.22502765,-0.16254772,-0.080867253,0.24049871,-0.07318034,0.43707917,0.14473257,-0.12379332,-0.057552919,0.24777808,-0.13500288,0.2961265,0.26288051,-0.076351092,-0.13653664
0.41660072,0.32166537,0.61187173,0.39583445,0.18753282,0.22844562,0.14430123,-0.060242173,0.32000574,0.27628763,-0.15362547,-0.13047564,0.19351063,-0.1269869,0.16574623,0.2079057,-0.1525442,-0.069508082,0.22920002,-0.059319901,0.42488966,0.1319924,-0.10624233,-0.047010251,0.21840358,-0.13487095,0.26387102,0.24037274,-0.061549945,-0.13675553
0.3624294,0.32063213,0.56772928,0.36917811,0.18634321,0.17533513,0.12577283,-0.054590897,0.30890665,0.25079805,-0.14621015,-0.12435919,0.17517014,-0.12157311,0.1614532,0.18624898,-0.14873851,-0.063356114,0.21727555,-0.044130692,0.40541224,0.11506888,-0.093364871,-0.040131987,0.18516223,-0.13593957,0.22934156,0.21827818,-0.051603785,-0.1363523
0.33753988,0.32111185,0.5355832,0.35198048,0.18719293,0.14650714,0.11523853,-0.046732091,0.30605688,0.23233445,-0.13779319,-0.11872247,0.15788823,-0.10792677,0.15423524,0.16988989,-0.14732497,-0.056083608,0.21077446,-0.030865909,0.39099766,0.10929302,-0.080083946,-0.03058051,0.16204592,-0.13471263,0.20406544,0.20143381,-0.047299905,-0.13416333
0.32624547,0.32561382,0.5170953,0.34677061,0.19496793,0.13885157,0.11398338,-0.036908583,0.31138145,0.22765727,-0.12608054,-0.11042729,0.14796714,-0.095555582,0.15147543,0.1638294,-0.14169799,-0.044526696,0.20416907,-0.017784403,0.39389993,0.11140846,-0.065827965,-0.017544847,0.1482745,-0.13142761,0.19264308,0.19180845,-0.035595452,-0.13449743
0.31380071,0.34269917,0.51431692,0.34659357,0.21731572,0.11684181,0.11652357,-0.023089446,0.31228137,0.22808618,-0.11047443,-0.099173827,0.15161062,-0.088374477,0.15831598,0.16929656,-0.12886739,-0.03492523,0.20750653,-0.0056192906,0.40031716,0.11616226,-0.048949421,-0.0015956833,0.14357662,-0.12204749,0.18827005,0.19248903,-0.016175507,-0.12942822
0.30292461,0.35989523,0.51330424,0.3505642,0.23979097,0.11325327,0.12680384,-0.0036190337,0.31708098,0.23868642,-0.093058922,-0.08897975,0.16094088,-0.077658747,0.16683128,0.17705229,-0.11494944,-0.024510826,0.22182979,0.018321468,0.4145705,0.12662061,-0.02679213,0.014984238,0.14308478,-0.1124167,0.18664329,0.2025519,0.001328686,-0.12056863
0.31265035,0.37048593,0.52262609,0.35430722,0.26439054,0.137775,0.13717377,0.015343647,0.33766679,0.25124739,-0.080506185,-0.077686311,0.16955721,-0.060433043,0.17621934,0.19557281,-0.098856825,-0.0040775023,0.23677884,0.040658539,0.42692125,0.13814857,-0.016537238,0.025136437,0.15105592,-0.1035379,0.19673624,0.21886153,0.014896404,-0.11501555
0.35123957,0.38140875,0.54199683,0.35483832,0.29544803,0.16444987,0.15029308,0.033246714,0.35900253,0.26889402,-0.065352431,-0.063754406,0.18637138,-0.042290126,0.18846157,0.20896523,-0.086977645,0.012225214,0.26247033,0.061621021,0.44320618,0.15473932,0.003098358,0.040454843,0.16504782,-0.089632621,0.2066018,0.23854976,0.0314296,-0.10608683
0.37246887,0.40366029,0.55778425,0.35964354,0.32535839,0.17700978,0.17118236,0.053754666,0.37943836,0.28937963,-0.046741423,-0.049982407,0.21103871,-0.027323898,0.20438353,0.22324765,-0.073848025,0.029802267,0.29125592,0.089387719,0.47142264,0.17311274,0.03601488,0.073224217,0.18178721,-0.076373794,0.22094534,0.25852966,0.05048214,-0.093010575
0.37968475,0.42930677,0.58055656,0.37097375,0.35089266,0.18095719,0.19549342,0.073467907,0.40276144,0.30880318,-0.030860676,-0.032672464,0.233195,-0.0092928364,0.21983374,0.24583675,-0.052019692,0.04821423,0.31948528,0.11165606,0.4891587,0.18818227,0.054709044,0.096952728,0.205124,-0.065819503,0.24263558,0.27289477,0.070033301,-0.08076383
0.39139746,0.45476874,0.6069901,0.38063478,0.37290056,0.18849313,0.21711487,0.096183388,0.42705945,0.33392512,-0.012217358,-0.014902788,0.25557285,0.012295221,0.23462347,0.26194155,-0.033426193,0.062122074,0.34469006,0.13323711,0.51137714,0.20600901,0.070578909,0.11656629,0.22942749,-0.048827095,0.26530537,0.29428445,0.093389721,-0.067491722
0.41283592,0.47454789,0.63074912,0.38700802,0.39843483,0.19411519,0.23754094,0.11975981,0.45146994,0.36104865,0.0063613389,0.0046258656,0.27612897,0.026746915,0.25519229,0.28414923,-0.021275178,0.079303643,0.36478435,0.15461197,0.54046428,0.23013453,0.086146171,0.13708094,0.25283212,-0.030541787,0.29033661,0.32449736,0.11183867,-0.053102084
0.41733277,0.48993577,0.64926298,0.39563213,0.42626336,0.21612494,0.25233378,0.1376408,0.47246822,0.38282099,0.018817143,0.020256784,0.29503567,0.036679659,0.27590264,0.30046594,-0.011489126,0.096023815,0.37983769,0.17351257,0.56384363,0.25357075,0.10289022,0.15026679,0.27091134,-0.016121988,0.30716403,0.34897396,0.13451277,-0.039841498
0.39965911,0.50181803,0.66904919,0.40425624,0.44844121,0.21660342,0.26649904,0.15139371,0.49901604,0.40046762,0.030465179,0.030970559,0.30764014,0.054352783,0.28930068,0.31123073,-0.0030622478,0.11274399,0.39405666,0.18881632,0.5777745,0.26711907,0.12181975,0.16390317,0.28210486,-0.0050267896,0.31946099,0.37004765,0.15411641,-0.024414977
0.41419543,0.51484422,0.69607994,0.41126174,0.47210608,0.1961487,0.27918502,0.16673604,0.5274387,0.4222604,0.045263514,0.045022395,0.32196787,0.066858197,0.30611899,0.32754744,0.0051199792,0.12287276,0.41488102,0.20457828,0.58783569,0.28016824,0.13587399,0.17780988,0.29838634,0.0065169656,0.33971688,0.39841328,0.17112199,-0.013884849
0.44431385,0.53049042,0.72404548,0.42059399,0.49929731,0.215168,0.28951013,0.18490401,0.5445373,0.44985368,0.058333224,0.059114208,0.33671411,0.071690342,0.32616888,0.34403367,0.013601224,0.1320348,0.43987721,0.22247084,0.6018633,0.29953996,0.1442124,0.19393926,0.31923002,0.020580558,0.36180943,0.42619555,0.19497703,-0.0046450661
0.45550368,0.54447605,0.75029726,0.42552567,0.5244492,0.24614912,0.30727648,0.20426405,0.56223584,0.47511859,0.070692096,0.073785684,0.34665982,0.085806471,0.34102938,0.34971273,0.020342727,0.14587673,0.44902046,0.23307809,0.61801924,0.31582171,0.1512059,0.20565334,0.33671565,0.033588721,0.37903917,0.45064784,0.20655026,0.010205409
0.44650998,0.55554647,0.77478333,0.42711898,0.54365301,0.24543141,0.32265206,0.21764168,0.58353409,0.49462384,0.083810271,0.085758728,0.36007669,0.09392716,0.35522941,0.36043514,0.028225936,0.15552214,0.44603065,0.23644583,0.62898335,0.31948214,0.1637135,0.21592568,0.35498143,0.046042784,0.39689863,0.47597516,0.21728372,0.02377706
0.45895475,0.57030703,0.78857136,0.4327335,0.56170969,0.24315866,0.33586102,0.22448502,0.5944457,0.5075933,0.091952587,0.097471923,0.37383821,0.095448391,0.36461747,0.38217662,0.040621602,0.15890572,0.45889378,0.2424482,0.63778688,0.32903727,0.17578401,0.23040308,0.37470576,0.060198726,0.41853639,0.49862877,0.23260973,0.036035327
0.49430205,0.58340703,0.80306047,0.44350731,0.57946896,0.27055124,0.3492194,0.23117383,0.60651971,0.52015427,0.1005311,0.10540731,0.38964303,0.10204785,0.36827363,0.39705237,0.04779804,0.16358561,0.47617209,0.2515434,0.64826728,0.34325112,0.18388706,0.24100582,0.39621088,0.074842804,0.43831999,0.51182717,0.24830314,0.049123099
0.51385811,0.57953238,0.81233038,0.44631458,0.5864792,0.27796757,0.35146074,0.23885604,0.6139066,0.52871207,0.10982045,0.11122393,0.39835783,0.10560484,0.3671414,0.39747618,0.048695095,0.16505769,0.48190835,0.25793524,0.64817054,0.34460595,0.18499661,0.23902343,0.41164437,0.083470937,0.44327026,0.52086917,0.25864295,0.056623223
0.50946584,0.57779802,0.81072048,0.44315325,0.59026049,0.27318284,0.34690335,0.24152715,0.60014523,0.52479059,0.10930347,0.11200348,0.3930157,0.108267,0.36275401,0.38484663,0.048042692,0.16613428,0.47523343,0.25786651,0.63285303,0.33752279,0.17460722,0.22739947,0.41490066,0.086782345,0.44166098,0.52242479,0.25475896,0.059883645
0.49210592,0.57805633,0.7961275,0.43586954,0.58537456,0.27581444,0.33720582,0.23563305,0.57757208,0.51298532,0.10282516,0.11002463,0.37597998,0.10430732,0.34966262,0.37569232,0.043095298,0.16292647,0.46115352,0.24739672,0.60963492,0.32311879,0.15500525,0.21874907,0.40843895,0.084275701,0.43543379,0.50638253,0.24043019,0.061634826
0.43730713,0.56982731,0.76424108,0.42155504,0.57050435,0.24746492,0.32091876,0.22947404,0.54892444,0.48868036,0.098204722,0.10640673,0.35212504,0.092786237,0.32680575,0.34810225,0.033309246,0.14794203,0.44390997,0.23344465,0.57948361,0.30339053,0.14226229,0.21406344,0.39166564,0.080937907,0.41099729,0.48399629,0.22513043,0.058547218
0.39432564,0.54934703,0.72105938,0.40147427,0.54598976,0.2138522,0.29887892,0.21578735,0.50760283,0.45363219,0.087881429,0.091615325,0.31886599,0.084665548,0.30192031,0.3030088,0.013818692,0.12898079,0.41036154,0.21404003,0.53362784,0.27900356,0.12400522,0.19526085,0.36693814,0.072547246,0.37552326,0.45329724,0.21085414,0.04851249
0.36378891,0.51750112,0.66424545,0.37061968,0.51021629,0.17270353,0.26094052,0.19346923,0.46189408,0.41215035,0.069448131,0.077983245,0.27689213,0.072943121,0.26443883,0.26100917,-0.0039593025,0.10933843,0.35748365,0.1852653,0.47941999,0.24520406,0.10094011,0.16741739,0.33120369,0.055106281,0.33644585,0.41421247,0.19240519,0.033155095
0.2803358,0.49499127,0.61379323,0.33984097,0.47864897,0.10368381,0.2225688,0.17146015,0.41498544,0.36574624,0.051273319,0.064071328,0.23462285,0.05236176,0.22280584,0.22172193,-0.013990006,0.087191345,0.31281036,0.15864409,0.43091992,0.20634178,0.086684133,0.14098564,0.28885489,0.03519825,0.29201585,0.36941568,0.17030845,0.015977393
0.22145848,0.46222282,0.55960188,0.31060499,0.44007141,0.053563771,0.19023374,0.14560998,0.36687689,0.31609467,0.031660677,0.042443894,0.19178736,0.033525342,0.18610276,0.17764562,-0.032828157,0.05871652,0.27446433,0.13564264,0.38013029,0.16631481,0.062879335,0.10719503,0.2493723,0.017519814,0.24602905,0.3246189,0.14666335,-0.0012809555
0.17492134,0.43104113,0.50665691,0.29242101,0.40939629,-0.0014606149,0.15646423,0.12190111,0.32514282,0.26983354,0.015214492,0.024174508,0.15148753,0.018492,0.15319736,0.13734124,-0.05465649,0.035646637,0.23142499,0.11426778,0.32443907,0.12949666,0.031005113,0.076948692,0.21133131,0.0033110999,0.20452024,0.2824229,0.12015775,-0.017732839
0.13246274,0.416871,0.46848667,0.27858703,0.38730342,-0.037346084,0.12841761,0.1026956,0.28723343,0.23629677,0.0018539855,0.0079439378,0.11982865,-0.0013734869,0.12092885,0.1134807,-0.06778611,0.015345141,0.19273131,0.089410629,0.28164679,0.097598681,0.0044432619,0.055142491,0.1778186,-0.011055928,0.173944,0.24683826,0.097037521,-0.031857495
0.11939051,0.4012617,0.43467875,0.26214811,0.35429156,-0.040456158,0.10527205,0.081944821,0.25757337,0.21129737,-0.018873378,-0.012024461,0.10023265,-0.020366503,0.092151367,0.0855092,-0.086678627,-0.0046267852,0.15960006,0.061460653,0.25010885,0.068600521,-0.015898409,0.033396362,0.1539391,-0.027230378,0.15132668,0.22384436,0.07814244,-0.047756374
0.10663201,0.38620593,0.4104783,0.25397924,0.33109404,-0.04368585,0.082126483,0.058589156,0.23012562,0.19040327,-0.036062711,-0.027335565,0.081941397,-0.032044188,0.071063608,0.050375301,-0.10907781,-0.021632584,0.13575113,0.041483292,0.22537511,0.046210139,-0.032978688,0.014413553,0.13440133,-0.040172577,0.12519345,0.1983955,0.058460064,-0.060844147
0.086134757,0.36808734,0.38321385,0.24907285,0.30997835,-0.052059126,0.05963838,0.038809689,0.20140298,0.16695613,-0.048211563,-0.036610177,0.05690479,-0.041775592,0.047711393,0.024607616,-0.12234335,-0.038176985,0.11377951,0.023269988,0.19973844,0.023391916,-0.051639229,-0.0049597253,0.11299797,-0.050700482,0.097905733,0.17075907,0.051033247,-0.071524046
0.054238516,0.34926762,0.35465109,0.23561823,0.27802865,-0.077777046,0.034625034,0.026028091,0.176805,0.13654428,-0.062961433,-0.048543243,0.031006549,-0.056361513,0.023462829,0.0070618569,-0.13060713,-0.054216046,0.092190317,0.0074163951,0.16268619,-0.00099506066,-0.072048145,-0.026225277,0.082639795,-0.061874837,0.07063551,0.14528591,0.044656157,-0.085683266
0.025793345,0.33384284,0.3294899,0.22186012,0.25538345,-0.096796344,0.013631157,0.011237642,0.1487573,0.10876718,-0.076596581,-0.061975439,0.01052429,-0.074370203,0.0041441777,-0.016162964,-0.14042036,-0.069376254,0.066151173,-0.0070396992,0.12998735,-0.019796326,-0.08778352,-0.04655971,0.060490201,-0.071690327,0.044817133,0.12285106,0.026417155,-0.096605104
0.0039365768,0.32417467,0.30536735,0.21505694,0.24335982,-0.12048075,0.00012335314,-0.0042592174,0.12040963,0.08129644,-0.087307604,-0.072989041,-0.0069545608,-0.089246947,-0.015882117,-0.028453472,-0.14797737,-0.081196822,0.048629505,-0.019731738,0.10941352,-0.033154495,-0.09736596,-0.063470028,0.045378954,-0.083761797,0.025383381,0.10107248,0.011327333,-0.10683569
-0.030783265,0.31413749,0.27846642,0.20337266,0.2241985,-0.16617492,-0.014520063,-0.017349869,0.10113621,0.05170157,-0.098567909,-0.083582886,-0.025048864,-0.09915732,-0.034162892,-0.054729729,-0.1569751,-0.093566673,0.030551595,-0.031324105,0.07832704,-0.054142507,-0.10876402,-0.070888943,0.023805996,-0.09603116,0.0061770277,0.073411736,-0.0047072427,-0.11975065
-0.086941564,0.3011851,0.25081247,0.19262414,0.2074589,-0.20098382,-0.032884102,-0.032537674,0.082087779,0.024659742,-0.1093274,-0.098014501,-0.049420783,-0.10439214,-0.051736024,-0.087702194,-0.17119206,-0.10587061,-0.0011195138,-0.050568351,0.046821347,-0.077863951,-0.12453302,-0.085636663,-0.0035333189,-0.10890739,-0.021215641,0.043223126,-0.024415862,-0.13165176
-0.11674625,0.28620313,0.22393751,0.18260904,0.18825509,-0.22072083,-0.054923937,-0.0418976,0.055277481,0.0012330218,-0.11543413,-0.11102694,-0.077362326,-0.108061,-0.071762318,-0.098806032,-0.18453915,-0.11432957,-0.024516502,-0.065253543,0.024925374,-0.097021752,-0.1432608,-0.10410886,-0.028396492,-0.12184959,-0.04622938,0.016777708,-0.032603731,-0.14117957
-0.11350433,0.27712538,0.20064588,0.17598289,0.16747929,-0.22550556,-0.070688023,-0.047394349,0.040091228,-0.015943849,-0.11973147,-0.11516454,-0.098410801,-0.11336293,-0.086151057,-0.10728224,-0.19391745,-0.11991028,-0.038839769,-0.075929518,0.011510463,-0.11021354,-0.15227166,-0.1136303,-0.039963126,-0.13001598,-0.057109482,0.00032224147,-0.034965616,-0.14900228
-0.11862865,0.2828451,0.19371292,0.17524947,0.16760675,-0.24129517,-0.077023542,-0.053994864,0.038403867,-0.026727902,-0.12272022,-0.11794292,-0.10296515,-0.11521973,-0.094548419,-0.11580084,-0.19535817,-0.1221953,-0.042663943,-0.079824187,0.0081244879,-0.11660739,-0.15462524,-0.11906683,-0.051987675,-0.13227195,-0.066502753,-0.0021084035,-0.038613416,-0.15379499
-0.13839386,0.28712566,0.19602391,0.17833492,0.17771849,-0.25505126,-0.080534973,-0.052317141,0.035366616,-0.033467934,-0.12485273,-0.11890237,-0.10264511,-0.11615931,-0.10445542,-0.12478562,-0.19554846,-0.12494171,-0.046383821,-0.075860788,0.0029649067,-0.12364301,-0.16061006,-0.12080892,-0.058144109,-0.13450155,-0.071068198,0.0012215801,-0.039007064,-0.15336871
-0.14414564,0.28144284,0.18994783,0.17590702,0.18217955,-0.23854395,-0.084883171,-0.050661494,0.021042793,-0.040310089,-0.12630671,-0.11706343,-0.10808571,-0.11821745,-0.10594147,-0.1293204,-0.19620086,-0.12691913,-0.057334863,-0.078930704,-0.010192025,-0.12675675,-0.16323263,-0.11987781,-0.060026655,-0.13637494,-0.073254714,-0.009643403,-0.039715629,-0.15212445
-0.15815907,0.27620284,0.16901911,0.16174426,0.17601903,-0.25816134,-0.096732384,-0.052935249,0.0013194129,-0.053054878,-0.12792225,-0.1200417,-0.11842532,-0.1187991,-0.10950327,-0.14779854,-0.19989781,-0.12716082,-0.071831956,-0.085597461,-0.0240584,-0.13526605,-0.16323263,-0.12065874,-0.073933751,-0.13719289,-0.088437879,-0.030644176,-0.042838566,-0.15550008
-0.18649966,0.2723282,0.14723352,0.14834022,0.16709691,-0.30361626,-0.10940342,-0.05523108,-0.0076798479,-0.07376516,-0.1294247,-0.12084124,-0.13322079,-0.12193104,-0.12559035,-0.16263191,-0.20000655,-0.13564174,-0.087024354,-0.087224058,-0.037215332,-0.15214202,-0.15953414,-0.12756704,-0.09007955,-0.14150696,-0.11007564,-0.046151691,-0.045226695,-0.15970522
-0.22017373,0.26468961,0.12100771,0.1359731,0.15864214,-0.32753991,-0.11844349,-0.055076553,-0.020278813,-0.094720534,-0.12661366,-0.11892235,-0.15220135,-0.12481691,-0.14266814,-0.16826859,-0.19981626,-0.14084895,-0.10068708,-0.086720042,-0.057144215,-0.16450189,-0.15489422,-0.12522423,-0.10435976,-0.1447524,-0.12858231,-0.064673206,-0.049766763,-0.16158313
-0.25729886,0.26162679,0.096313905,0.12507283,0.15745252,-0.33244426,-0.13056166,-0.058233321,-0.035390072,-0.11594143,-0.12370569,-0.12078127,-0.17327444,-0.12331805,-0.1591798,-0.179881,-0.20451901,-0.13808056,-0.11177719,-0.088392458,-0.078556477,-0.17341526,-0.15328034,-0.12429311,-0.11970845,-0.15009551,-0.14812101,-0.082708592,-0.056852418,-0.16592652
-0.26692002,0.26011383,0.074580241,0.11743506,0.15613544,-0.33005189,-0.1469085,-0.062427627,-0.057175783,-0.13354721,-0.12750221,-0.12481893,-0.18388484,-0.12387732,-0.17076156,-0.1886115,-0.20508986,-0.14069515,-0.12411884,-0.097900032,-0.093906231,-0.18242371,-0.15987037,-0.13807968,-0.1413662,-0.15720647,-0.16977626,-0.093452042,-0.063124535,-0.17121463
-0.26566509,0.26059355,0.064713105,0.11601878,0.15868462,-0.3294538,-0.15697958,-0.067593247,-0.073711924,-0.13902093,-0.12885926,-0.12717756,-0.18999013,-0.12542093,-0.17503101,-0.1975539,-0.20734609,-0.14201343,-0.13263631,-0.10229872,-0.10548304,-0.18824711,-0.16397232,-0.14168401,-0.16054782,-0.16115113,-0.18474952,-0.10334477,-0.066798579,-0.17363402
-0.27497251,0.26823214,0.066452837,0.11753622,0.17262013,-0.3445257,-0.16256799,-0.066754386,-0.077199138,-0.14522993,-0.12855231,-0.12497883,-0.19488913,-0.12562226,-0.17772005,-0.20276677,-0.21074402,-0.14284834,-0.13347068,-0.10092413,-0.10870778,-0.19114692,-0.16555259,-0.13850018,-0.16829848,-0.16330157,-0.18954236,-0.11523062,-0.067375929,-0.1740603
-0.29599266,0.27059383,0.069309113,0.11988825,0.18583337,-0.37610491,-0.16425646,-0.059535763,-0.078399039,-0.15194954,-0.12769607,-0.12068133,-0.19853261,-0.12394444,-0.18012603,-0.20221582,-0.20884118,-0.14221117,-0.13506988,-0.098014581,-0.10961071,-0.19188376,-0.15647449,-0.13060069,-0.16670425,-0.15960757,-0.18805553,-0.11805017,-0.062888347,-0.16857633
-0.31554872,0.26819524,0.070711285,0.11958476,0.19084675,-0.3819662,-0.15905656,-0.055628436,-0.072811998,-0.15360391,-0.11931143,-0.11590411,-0.19732633,-0.11649488,-0.17833334,-0.20263963,-0.20174629,-0.13452121,-0.13785109,-0.093340979,-0.1121905,-0.18867495,-0.14527816,-0.12074885,-0.16551706,-0.15656002,-0.18520432,-0.11209509,-0.059975355,-0.16407165
-0.30111697,0.28314031,0.075566954,0.12315074,0.20801122,-0.36569812,-0.15264633,-0.050264138,-0.062350358,-0.15066281,-0.10942433,-0.11218627,-0.18550964,-0.10730038,-0.16703464,-0.20302106,-0.19019331,-0.12612816,-0.13468746,-0.085253813,-0.10077492,-0.17719453,-0.13677164,-0.11212849,-0.16288828,-0.15415891,-0.18142602,-0.10638307,-0.052994672,-0.16088036
-0.29076377,0.30314087,0.094262579,0.13372223,0.24195778,-0.36521965,-0.14487635,-0.039977049,-0.052113698,-0.14141058,-0.10065195,-0.10379114,-0.17236357,-0.096070116,-0.15465089,-0.18797578,-0.17747144,-0.11577967,-0.11803492,-0.069652228,-0.089681824,-0.16818609,-0.12806339,-0.10260705,-0.15211876,-0.1469688,-0.17539123,-0.098459171,-0.042523648,-0.15130646
-0.29076377,0.31011523,0.11365929,0.14022192,0.26736458,-0.35433439,-0.13747993,-0.021985682,-0.045589234,-0.13665171,-0.089924777,-0.089859239,-0.15557403,-0.083676557,-0.14106415,-0.17462575,-0.16888147,-0.10253097,-0.098948822,-0.055837609,-0.08787597,-0.16609442,-0.1157239,-0.092695144,-0.1413662,-0.13855176,-0.1679221,-0.086330253,-0.032236326,-0.13916341
-0.25991331,0.32716368,0.12620094,0.14505244,0.28775801,-0.32395136,-0.13493975,-0.010374075,-0.030327988,-0.1360594,-0.07614423,-0.077386486,-0.14235411,-0.071775162,-0.12754817,-0.17187098,-0.1604274,-0.087458647,-0.083374007,-0.047933722,-0.080910536,-0.15910634,-0.10422497,-0.07728663,-0.13436178,-0.13046453,-0.16552568,-0.074177028,-0.015598158,-0.12873697
-0.23502378,0.34192424,0.13601614,0.15175446,0.31095553,-0.28148689,-0.12993409,-0.000749245,-0.0084297864,-0.13701935,-0.066499463,-0.069011352,-0.12625387,-0.059963251,-0.12028303,-0.16148762,-0.14506874,-0.071002132,-0.071032356,-0.038998893,-0.074138585,-0.1512388,-0.093095891,-0.063169668,-0.13241139,-0.12016091,-0.16438869,-0.061416141,0.00022647296,-0.11905939
-0.24307627,0.34210875,0.14211819,0.15504224,0.33015934,-0.2697643,-0.1277824,0.016866843,0.0030442712,-0.14002172,-0.062767568,-0.060376368,-0.11020287,-0.052133385,-0.11070627,-0.14932426,-0.13169447,-0.055797981,-0.060463732,-0.024267881,-0.07284869,-0.15095357,-0.078806287,-0.053287794,-0.13539633,-0.11022668,-0.16370649,-0.052884577,0.0098052294,-0.11077584
-0.26210944,0.35078058,0.13586035,0.15134981,0.33763693,-0.28172613,-0.12920192,0.020994923,-0.0083172956,-0.13971536,-0.057032406,-0.055839005,-0.11529882,-0.048688245,-0.11365478,-0.15017188,-0.12772568,-0.051403718,-0.059977019,-0.016616003,-0.076008934,-0.15071588,-0.080083946,-0.053077541,-0.13695664,-0.10583346,-0.16571809,-0.057818787,0.013636732,-0.10592553
-0.27340385,0.35557776,0.11630784,0.14530534,0.33483283,-0.29416642,-0.12791688,0.0091846391,-0.031827865,-0.1424318,-0.054447543,-0.055539179,-0.13164524,-0.048822471,-0.12676976,-0.15585094,-0.12894894,-0.060477871,-0.07572566,-0.018448788,-0.087102033,-0.14629485,-0.088018879,-0.06130743,-0.13795727,-0.10339278,-0.17212021,-0.074954834,0.0038742734,-0.10614443
-0.28584861,0.34963664,0.09722272,0.13966553,0.32489104,-0.30756366,-0.13734545,-0.0051643046,-0.065050136,-0.15199039,-0.062767568,-0.060816113,-0.14759776,-0.056674707,-0.13870534,-0.16458144,-0.13661468,-0.072562095,-0.096028544,-0.027910542,-0.10574102,-0.15634913,-0.097803054,-0.071639845,-0.14652201,-0.10736383,-0.17867975,-0.093136059,-0.0091948245,-0.11424364
-0.29777048,0.33878763,0.084499308,0.1335199,0.31184774,-0.30923832,-0.15021074,-0.016157803,-0.088523208,-0.16124261,-0.068987393,-0.069710945,-0.15680493,-0.058553875,-0.14531,-0.17657528,-0.14452507,-0.082866642,-0.11104712,-0.039136352,-0.11638266,-0.1666411,-0.10035837,-0.074643454,-0.15562946,-0.11501569,-0.18466206,-0.10567819,-0.017382693,-0.12273457
-0.31638534,0.31956199,0.066400905,0.12823416,0.28899011,-0.32849686,-0.15772669,-0.024656793,-0.097035009,-0.17159776,-0.073672456,-0.079765104,-0.16593825,-0.059359233,-0.14998045,-0.18272053,-0.14814047,-0.085063774,-0.12436219,-0.049125032,-0.11938166,-0.16894669,-0.10530089,-0.079989878,-0.16400763,-0.12014771,-0.19333815,-0.12055373,-0.031239086,-0.12718164
-0.33719633,0.3066834,0.040590556,0.12436469,0.26281855,-0.35529134,-0.17477581,-0.043133817,-0.12174548,-0.19187913,-0.092089599,-0.097994513,-0.18014289,-0.075309787,-0.16811969,-0.19573152,-0.1604274,-0.099454986,-0.13639096,-0.063031291,-0.14721115,-0.18430146,-0.11642997,-0.098462073,-0.1795768,-0.13245665,-0.20941342,-0.14033918,-0.045147965,-0.14195147
-0.34639918,0.30638819,0.022596016,0.12077342,0.25143222,-0.37072209,-0.19621796,-0.062118573,-0.14596849,-0.21696022,-0.11121758,-0.1140252,-0.19486452,-0.090499726,-0.18774499,-0.21700681,-0.17301335,-0.11534025,-0.15648525,-0.076181526,-0.17142894,-0.2076426,-0.12806339,-0.11248893,-0.20091232,-0.14648067,-0.23217067,-0.16126704,-0.057377282,-0.15737799
-0.36741932,0.30151721,0.0049650033,0.11667634,0.23800655,-0.37885613,-0.21308777,-0.077394679,-0.16426699,-0.23944742,-0.12318872,-0.12715757,-0.21844866,-0.10298277,-0.20236961,-0.23523067,-0.18459352,-0.1294678,-0.18148144,-0.092951512,-0.18958422,-0.22575456,-0.14282371,-0.12357224,-0.22485966,-0.15856533,-0.25400085,-0.18822289,-0.075747499,-0.16862242
-0.3953416,0.27708848,-0.027648476,0.1070406,0.20414497,-0.3970381,-0.23245294,-0.093266819,-0.18901495,-0.26303753,-0.13456211,-0.14292841,-0.2450362,-0.11844116,-0.22489624,-0.25226785,-0.19639115,-0.15163686,-0.19483128,-0.10857601,-0.21402773,-0.24061018,-0.1556003,-0.13901079,-0.24979067,-0.17335453,-0.27957433,-0.21551903,-0.094170204,-0.1830927
-0.42598291,0.26494792,-0.051615229,0.097885389,0.1804801,-0.42060289,-0.25053308,-0.10423824,-0.2153003,-0.28677062,-0.14793878,-0.15668042,-0.25995477,-0.12908978,-0.24506407,-0.27019504,-0.20275208,-0.16279829,-0.20564326,-0.12009964,-0.22966771,-0.25463388,-0.16208946,-0.15012415,-0.26853133,-0.18528088,-0.30220914,-0.22672431,-0.10083597,-0.19627264
-0.43204843,0.26823214,-0.059664734,0.095836846,0.18247695,-0.43854563,-0.26181449,-0.11227365,-0.2273743,-0.30131275,-0.15499868,-0.16645474,-0.26943274,-0.13539841,-0.2572827,-0.28570651,-0.21164108,-0.16668721,-0.21506463,-0.12646857,-0.24405004,-0.26449801,-0.15950052,-0.15321787,-0.27757094,-0.19396178,-0.31716491,-0.2406519,-0.10513985,-0.20585805
-0.40360325,0.26369327,-0.063170164,0.097379576,0.18455878,-0.44380883,-0.26426502,-0.11710814,-0.22463703,-0.3034573,-0.15633958,-0.17177165,-0.27408556,-0.13980551,-0.26435913,-0.29134319,-0.21512056,-0.16712664,-0.21888881,-0.12617075,-0.24621062,-0.27077302,-0.15728143,-0.15679216,-0.27631591,-0.19791964,-0.3256311,-0.25093353,-0.107423,-0.20895718
-0.42033571,0.27026172,-0.054523437,0.10339875,0.19042189,-0.45911996,-0.25982717,-0.1141942,-0.2189375,-0.29837164,-0.15727659,-0.17007264,-0.27206688,-0.13738943,-0.26176444,-0.28985985,-0.21087994,-0.16229295,-0.21433456,-0.12436087,-0.23560123,-0.26573399,-0.1551632,-0.15886465,-0.2731953,-0.19650801,-0.31977124,-0.24398189,-0.10372272,-0.2084733
-0.41928993,0.28258679,-0.034295809,0.11695453,0.20928581,-0.45565103,-0.24959172,-0.10501088,-0.19726428,-0.28791438,-0.15241382,-0.16391621,-0.26522304,-0.13087946,-0.24961657,-0.2837146,-0.20604128,-0.15495453,-0.20887642,-0.11670899,-0.2211544,-0.25529941,-0.15321309,-0.15207649,-0.26731022,-0.19303828,-0.30796405,-0.2278181,-0.099576296,-0.20422208
-0.38226938,0.28671974,-0.013081468,0.13061148,0.22458088,-0.41677511,-0.23178054,-0.090728159,-0.16745423,-0.2702269,-0.14221977,-0.15452167,-0.25114149,-0.12260217,-0.2275617,-0.2676098,-0.20248024,-0.14642966,-0.20046324,-0.10367331,-0.21038378,-0.24648112,-0.14726189,-0.13783939,-0.25014683,-0.18699595,-0.29295581,-0.20193173,-0.088396707,-0.19704454
-0.39335463,0.28063101,0.0019269643,0.13878036,0.22959426,-0.39584192,-0.21800378,-0.074966397,-0.14848078,-0.25262112,-0.13514371,-0.14608657,-0.2346966,-0.11958208,-0.21338525,-0.25269166,-0.19872892,-0.14084895,-0.19194577,-0.096021427,-0.20509521,-0.23887504,-0.14477382,-0.13243289,-0.23556134,-0.18509618,-0.27628581,-0.18360467,-0.081914644,-0.19365739
-0.38843947,0.28760538,0.019480079,0.15048993,0.23346052,-0.38304277,-0.22311403,-0.082295395,-0.15957987,-0.24361398,-0.1418482,-0.15198315,-0.22216599,-0.12470505,-0.21463542,-0.24705498,-0.20109389,-0.14324382,-0.18196815,-0.10074085,-0.19403435,-0.23528593,-0.14685842,-0.14180415,-0.23064297,-0.18733897,-0.26075281,-0.18289978,-0.082465751,-0.19887637
-0.36721017,0.31166509,0.04386229,0.16293292,0.26073672,-0.39285146,-0.22072327,-0.086092347,-0.14964319,-0.2285204,-0.1385525,-0.15334236,-0.20961076,-0.11510787,-0.20326596,-0.2253135,-0.18962246,-0.13568569,-0.15950982,-0.09313479,-0.17165467,-0.21581913,-0.13354387,-0.12954943,-0.22195952,-0.17869764,-0.244765,-0.17290983,-0.078870436,-0.19215967
-0.36198127,0.32446988,0.060454657,0.1732768,0.27870843,-0.40062665,-0.21452223,-0.077968637,-0.13295706,-0.21783847,-0.13160568,-0.14834526,-0.20439172,-0.10506328,-0.19333537,-0.20946298,-0.18304406,-0.12790784,-0.14946268,-0.084566519,-0.15972314,-0.20286503,-0.12752543,-0.11855622,-0.21729556,-0.17330176,-0.23565161,-0.16163163,-0.079710218,-0.18202126
-0.34503967,0.32974678,0.06811467,0.18007998,0.27760378,-0.39955008,-0.21054759,-0.076909023,-0.13261959,-0.215265,-0.12877849,-0.14924474,-0.20581957,-0.10577915,-0.19064633,-0.20365678,-0.18298969,-0.12751236,-0.13986748,-0.081152956,-0.15624042,-0.20291257,-0.12597879,-0.11372041,-0.21409014,-0.17191651,-0.22937193,-0.15324591,-0.0793953,-0.18145673
-0.31795401,0.33177636,0.078189535,0.18536572,0.28265965,-0.39596154,-0.20636376,-0.074701493,-0.13010729,-0.20599235,-0.12457808,-0.14884497,-0.20064977,-0.10291566,-0.18616459,-0.19496866,-0.17545987,-0.12630393,-0.13086329,-0.07446329,-0.14630823,-0.19533027,-0.11864906,-0.10431911,-0.21017241,-0.17054445,-0.22363452,-0.14274552,-0.077374576,-0.18108806
-0.3066596,0.32937777,0.086135176,0.18946281,0.28690828,-0.39021986,-0.21120505,-0.075407903,-0.13396948,-0.19843534,-0.12409342,-0.1469061,-0.1991973,-0.10432503,-0.18500877,-0.1886115,-0.17774328,-0.12597436,-0.13315779,-0.08069476,-0.14140663,-0.18979209,-0.11848095,-0.10726265,-0.2083577,-0.17468701,-0.21947139,-0.14126283,-0.077400819,-0.18327704
-0.31690823,0.33465467,0.091276472,0.19376222,0.29421593,-0.38543513,-0.20881429,-0.072758867,-0.12650759,-0.19091918,-0.12305948,-0.14234874,-0.19789254,-0.10716615,-0.17989015,-0.18403434,-0.17497056,-0.12707293,-0.13267108,-0.083925044,-0.13766593,-0.1864882,-0.12244842,-0.10771319,-0.20271006,-0.17232549,-0.21787961,-0.1351133,-0.075563797,-0.18349593
-0.32747059,0.34878791,0.097793975,0.20410609,0.30309557,-0.3806504,-0.20566147,-0.073067921,-0.11717086,-0.19138894,-0.12499812,-0.14160917,-0.192255,-0.1079044,-0.17689447,-0.19547723,-0.17526958,-0.12691913,-0.13750344,-0.081794431,-0.13724671,-0.19060024,-0.11918703,-0.10167593,-0.20075968,-0.17123048,-0.21740732,-0.13501607,-0.07467153,-0.18149129
-0.31544414,0.35166622,0.10293527,0.20810201,0.31388709,-0.3727556,-0.20699133,-0.076158463,-0.11402111,-0.19927274,-0.12856847,-0.14616652,-0.18733138,-0.10779254,-0.17654064,-0.19416342,-0.1777161,-0.12825938,-0.13531323,-0.080763489,-0.1330868,-0.18934048,-0.11367292,-0.1005646,-0.20114976,-0.17291917,-0.21621785,-0.1389051,-0.073543073,-0.18315031
-0.29912999,0.3566479,0.1098163,0.21088398,0.32289418,-0.36892782,-0.20243394,-0.070463036,-0.1117713,-0.19377859,-0.12231633,-0.14590668,-0.17935511,-0.099738967,-0.17319113,-0.18492435,-0.17526958,-0.129314,-0.12728247,-0.073386528,-0.12160673,-0.17602985,-0.10792346,-0.098311893,-0.19865665,-0.16958137,-0.21081279,-0.13068952,-0.071469863,-0.18088068
-0.29881626,0.37686987,0.12773294,0.21981158,0.34558187,-0.35277936,-0.18819397,-0.049469427,-0.096547549,-0.17880755,-0.1049816,-0.13395362,-0.17233895,-0.090253644,-0.1637559,-0.17886385,-0.16580973,-0.12149222,-0.11448887,-0.056845641,-0.10106515,-0.16193484,-0.097634941,-0.081551755,-0.19017672,-0.16203505,-0.19870824,-0.11535215,-0.062625915,-0.17319623
-0.28940426,0.38454537,0.14235188,0.22729761,0.36189661,-0.33435815,-0.17172759,-0.025451503,-0.0764492,-0.16579724,-0.094383664,-0.11744321,-0.16483043,-0.086562422,-0.15163161,-0.16648859,-0.15838864,-0.11270369,-0.097419153,-0.043466308,-0.086811807,-0.15459023,-0.092120835,-0.07206035,-0.17877968,-0.15466024,-0.18774067,-0.098167494,-0.052863457,-0.1666293
-0.25646224,0.39520987,0.15603604,0.23501125,0.36678253,-0.32442984,-0.17680796,-0.029844488,-0.095422641,-0.15826066,-0.10362455,-0.11912224,-0.14420047,-0.077703489,-0.15420272,-0.15207902,-0.16561945,-0.1042667,-0.078298286,-0.047108969,-0.086747312,-0.15463777,-0.082000434,-0.072931397,-0.16984183,-0.15339373,-0.17789261,-0.09189643,-0.040502924,-0.16512006
-0.24778228,0.41827325,0.1780034,0.240297,0.40136638,-0.31797045,-0.15832439,-0.010661054,-0.064375191,-0.13826523,-0.087921508,-0.10814861,-0.12019782,-0.057390581,-0.13578041,-0.12965944,-0.15450141,-0.082910585,-0.050659942,-0.018334239,-0.051275191,-0.13186708,-0.06226397,-0.051065123,-0.14723432,-0.13571529,-0.15933346,-0.066496189,-0.014233513,-0.15164057
-0.22895827,0.43893803,0.20093151,0.24869349,0.43781963,-0.32765953,-0.12769275,0.023975089,-0.0059924865,-0.11067195,-0.061297428,-0.085781608,-0.092625548,-0.043028371,-0.10282784,-0.11435988,-0.13389633,-0.067201094,-0.030183232,0.013647865,-0.01789915,-0.109857,-0.042796486,-0.026405494,-0.12170971,-0.1151872,-0.140372,-0.037109691,0.011169874,-0.13333382
-0.19800323,0.45288677,0.21895201,0.255699,0.45800062,-0.32670258,-0.12214917,0.037418945,0.0030442712,-0.098539886,-0.055804596,-0.07882565,-0.077362326,-0.035422216,-0.092449079,-0.10673129,-0.12296857,-0.057050346,-0.015268955,0.017771632,-0.0093535935,-0.10258369,-0.036811664,-0.020908889,-0.10993956,-0.10535851,-0.12466407,-0.027289886,0.026390912,-0.12636366
-0.18566304,0.47078395,0.2429707,0.26255276,0.48778352,-0.30206123,-0.099646125,0.062783462,0.035516604,-0.078503607,-0.035497273,-0.059257019,-0.065028658,-0.01815177,-0.075182592,-0.081387416,-0.1033421,-0.036858706,0.010804954,0.045355052,0.01573487,-0.082308751,-0.021378892,-0.0015356111,-0.089248516,-0.086980856,-0.10983075,-0.00033403268,0.045417209,-0.1110293
-0.14184493,0.49196535,0.28145253,0.27727192,0.51777885,-0.25122348,-0.067834051,0.097750734,0.082575239,-0.044476654,-0.010747218,-0.033991698,-0.033812908,0.002138767,-0.047891164,-0.054560205,-0.083905912,-0.016842837,0.034167177,0.074083962,0.039178717,-0.060631439,0.0077382764,0.023934993,-0.060857689,-0.068840669,-0.089574867,0.036222868,0.070846839,-0.091409166
-0.068326709,0.52694788,0.34309616,0.30443407,0.56306925,-0.18017025,-0.046347079,0.11589663,0.10023629,-0.002647603,-0.0018294431,-0.01724143,0.025910602,0.025494137,-0.023218015,-0.01200962,-0.072461668,0.015169371,0.079709605,0.09433624,0.080165141,-0.033059419,0.03070251,0.050516933,-0.022562296,-0.052125311,-0.040491963,0.081116881,0.10470053,-0.07380519
-0.023985706,0.5667276,0.40357131,0.33078692,0.63202452,-0.14093547,-0.0002502034,0.15183521,0.15888147,0.044757294,0.035812612,0.019417272,0.085707966,0.057305761,0.029100384,0.049612441,-0.039080357,0.057947523,0.14545062,0.14391308,0.14624003,0.015952224,0.068359818,0.10590348,0.031183541,-0.017164224,0.010952378,0.13758076,0.14335671,-0.036938224
-0.016978991,0.60016027,0.40819328,0.32421135,0.69125043,-0.11330366,0.028752726,0.20077615,0.18906649,0.060810826,0.079367539,0.057515137,0.1077904,0.093837676,0.05728816,0.072964406,-0.010809539,0.098638401,0.18362283,0.18867886,0.16794252,0.042312026,0.11042169,0.14657235,0.057284785,0.014802084,0.021465145,0.1535258,0.18573943,-0.0034353688
-0.07648378,0.62768871,0.37155505,0.29060009,0.74117183,-0.11378213,0.024150509,0.24254261,0.1780424,0.037057317,0.11339079,0.09329435,0.099789519,0.13278566,0.053514064,0.063640572,0.018140865,0.13442968,0.18473531,0.22354761,0.14875532,0.035347714,0.1378241,0.16970014,0.043411609,0.037480615,-0.0056651412,0.13456676,0.22520916,0.01967561
-0.13400159,0.65444223,0.34013602,0.2619205,0.79589419,-0.14380631,0.022178131,0.29267561,0.18126713,0.014917331,0.15384388,0.13558978,0.10301449,0.17229293,0.048253919,0.053214832,0.059187918,0.17545012,0.18609116,0.26771773,0.13556614,0.031687291,0.17235451,0.20742547,0.033116966,0.066597265,-0.030381514,0.12773665,0.26662088,0.048040132
-0.13745266,0.68495969,0.33013905,0.24656908,0.87275191,-0.14189242,0.050941984,0.35607587,0.20867738,0.020901663,0.2047172,0.18486115,0.11426496,0.21806408,0.060472553,0.056986746,0.10730267,0.22561064,0.19766797,0.32096015,0.14488564,0.050036946,0.21646736,0.26179079,0.048482611,0.10414415,-0.037465825,0.14586926,0.31732268,0.088639879
-0.15198898,0.70174983,0.32206358,0.2321787,0.93287003,-0.1214377,0.078689763,0.40598812,0.21538933,0.032400567,0.25119625,0.2319338,0.13019287,0.2641708,0.080380907,0.070379161,0.14041215,0.27010255,0.2098358,0.35846352,0.14524036,0.064084415,0.25869734,0.31038918,0.065188086,0.13864349,-0.037063506,0.16507136,0.36676481,0.12730411
-0.15251187,0.73042222,0.31881781,0.21652379,0.98495824,-0.10361458,0.07886907,0.43404582,0.20005309,0.031072985,0.2837332,0.26611394,0.15993154,0.30522167,0.081560312,0.079279184,0.1720809,0.31193594,0.24164597,0.38590948,0.14691722,0.078559725,0.29312688,0.34030513,0.076093284,0.16720604,-0.027950109,0.17078337,0.39967374,0.16003506
-0.12772692,0.77071855,0.33995425,0.21925518,1.0580347,-0.068925297,0.1065272,0.47691605,0.24579933,0.046227846,0.3290006,0.30872918,0.2013638,0.34685418,0.11798033,0.1101326,0.22557799,0.35671348,0.28381617,0.4305378,0.17764898,0.10831849,0.32950653,0.38325674,0.10473851,0.20549173,-0.0051753617,0.19754478,0.43557439,0.20227078
-0.093425389,0.79256419,0.36495965,0.22954848,1.1124596,-0.028374717,0.14555638,0.52930073,0.3094691,0.069348201,0.37696595,0.3539629,0.23430282,0.38484021,0.16454324,0.15183556,0.27597616,0.40146905,0.31340136,0.48009173,0.20622016,0.13534383,0.368307,0.43756199,0.13582596,0.24245813,0.015185472,0.23128213,0.47402063,0.24721392
-0.055045323,0.78226869,0.37147715,0.23420195,1.1139467,0.013013191,0.14636326,0.54499627,0.31205639,0.073555615,0.38942176,0.37405123,0.24033425,0.40195406,0.16815222,0.16340559,0.29209596,0.43011965,0.31437479,0.48987422,0.19886776,0.13368,0.38296645,0.44960646,0.14038816,0.25493858,0.025190968,0.23529269,0.47997783,0.2669147
-0.051489677,0.77964869,0.36503755,0.2451528,1.104982,0.042678512,0.12565329,0.53896971,0.27358455,0.064058296,0.3880647,0.38276617,0.24272221,0.40602559,0.16260901,0.1772642,0.2936726,0.43761187,0.31381855,0.47415809,0.19541729,0.13125556,0.38767362,0.44687318,0.13111111,0.25772227,0.035336401,0.23113629,0.47758971,0.27394247
-0.063934439,0.78385545,0.36856895,0.25261354,1.1066815,0.033587526,0.12605673,0.53832953,0.25828581,0.061076342,0.39410682,0.38812306,0.23518907,0.40262519,0.16694922,0.18226516,0.29818506,0.4341404,0.30623973,0.47310424,0.19606223,0.13962224,0.38340355,0.45732573,0.12953384,0.25666684,0.036770755,0.23225439,0.47268223,0.27891951
-0.089556009,0.77669658,0.35633889,0.24694844,1.072395,0.00631457,0.092092971,0.47852755,0.19405358,0.038752537,0.35486538,0.34180996,0.21625775,0.37088068,0.13182655,0.13386599,0.2645591,0.40425941,0.27957481,0.43981627,0.15623672,0.11623356,0.35334495,0.41833889,0.10370396,0.22673224,0.018246594,0.19659682,0.44806614,0.24925312
-0.11737371,0.78304362,0.35574167,0.24859233,1.0658522,-0.012226256,0.093109045,0.46219183,0.21857657,0.030970863,0.34224802,0.3205823,0.20343172,0.3609032,0.12802886,0.12149072,0.26072623,0.39571257,0.26900619,0.43347026,0.15533379,0.11369028,0.35001631,0.40788633,0.096377292,0.21857905,0.010794949,0.19487107,0.43953711,0.24012855
-0.15815907,0.76108729,0.33286549,0.24072694,1.028974,-0.037226466,0.084128746,0.43720259,0.22300121,0.0066046237,0.31932352,0.29279844,0.17731192,0.34224575,0.10668163,0.10191067,0.24699857,0.37738849,0.23889951,0.41007933,0.1292779,0.087710784,0.33233082,0.3839776,0.076144163,0.20045205,-0.013414153,0.17858575,0.41106327,0.21669498
-0.20208176,0.7167318,0.27428587,0.22046913,0.95203135,-0.045838978,0.030381432,0.3544423,0.13477095,-0.055505799,0.25840155,0.22965512,0.14001549,0.29866695,0.05058914,0.054867693,0.20353219,0.32810683,0.19050634,0.34856648,0.061977617,0.033755192,0.27611384,0.31324261,0.023398959,0.15849875,-0.056444781,0.10931236,0.35899683,0.16864119
-0.2320956,0.69008899,0.23941334,0.21442467,0.90950256,-0.064020949,0.010224322,0.30762059,0.093336855,-0.084855578,0.23319915,0.20229102,0.1039746,0.26889109,0.024288412,0.027489528,0.18039905,0.28748186,0.15838328,0.31734039,0.030858893,0.012149187,0.2364728,0.27617808,-0.0027701246,0.13583341,-0.078589812,0.066921914,0.31664035,0.14251173
-0.24433121,0.66584477,0.22391155,0.22084849,0.86965041,-0.10732275,-0.0019685634,0.27230011,0.05553996,-0.090758212,0.2119225,0.1794443,0.072488047,0.23837699,0.002516599,0.021005226,0.16321909,0.25037231,0.12921527,0.2856103,0.014831944,-0.0025400445,0.2084988,0.24725332,-0.011097422,0.11130788,-0.086601205,0.036174255,0.27005873,0.11764957
-0.20511452,0.6430397,0.22965006,0.23523887,0.82508228,-0.1103132,-0.017717707,0.23064403,0.0070189448,-0.09394441,0.17728535,0.14864219,0.062025355,0.20379136,-0.0087820994,0.018250457,0.13981411,0.21058226,0.11256273,0.24586177,0.0064798714,-0.013354932,0.18385344,0.20646431,-0.0094353546,0.086465716,-0.078204985,0.012281015,0.22875198,0.093156082
-0.15679956,0.62226421,0.24593084,0.24945221,0.79487452,-0.096557108,-0.018703896,0.19989314,-0.0035551867,-0.08275187,0.15746269,0.12771435,0.060966776,0.17853445,-0.00031397263,0.011003296,0.1192634,0.17892159,0.10741748,0.22160027,0.014348233,-0.014424536,0.16045211,0.17862086,0.0004183315,0.072468089,-0.062724454,0.012669918,0.19920218,0.07696918
-0.17238166,0.59488337,0.24969593,0.25365046,0.75765652,-0.12227503,-0.019152164,0.18066555,0.0093812508,-0.069496473,0.14586312,0.11106403,0.049174707,0.15882556,0.0075644517,0.0087994804,0.10534546,0.15780716,0.083464248,0.20185201,0.018830619,-0.016848972,0.13953885,0.16210101,-0.0036181182,0.061267348,-0.056969545,0.014784579,0.175872,0.064515058
-0.21191208,0.57193069,0.24881308,0.25913853,0.72494206,-0.16772995,-0.018957914,0.17655955,0.023930056,-0.072090364,0.1348613,0.1049076,0.023128757,0.13851265,0.0080598018,-0.0053981748,0.087866487,0.13401222,0.047829906,0.18670862,0.0036421017,-0.028614619,0.11650738,0.14053509,-0.026378267,0.049591664,-0.065348273,0.0098260634,0.15343409,0.054284475
-0.26859327,0.51827605,0.18550762,0.23761619,0.63376646,-0.21282603,-0.09591056,0.10918574,-0.083311136,-0.1400013,0.062097429,0.040365101,-0.036397808,0.088871304,-0.07520618,-0.089016007,0.0072402905,0.076117802,-0.016555268,0.099353489,-0.096195795,-0.10398606,0.046673243,0.054782058,-0.10123915,-0.0082986197,-0.12137555,-0.063895399,0.10501544,-0.0059469309
-0.3113656,0.49602451,0.14274137,0.21955867,0.59055789,-0.25433355,-0.14048333,0.08039955,-0.12294538,-0.17942028,0.034294006,0.0076041352,-0.069903042,0.063949961,-0.11058833,-0.12876944,-0.018176262,0.049730251,-0.045201803,0.072319906,-0.12160673,-0.12751736,0.021489918,0.02880084,-0.13853391,-0.033127588,-0.15882619,-0.095858381,0.086645226,-0.03700735
-0.32360121,0.49012028,0.12256568,0.21725722,0.57624001,-0.29213291,-0.14920961,0.078765978,-0.12384531,-0.19825152,0.033195439,0.0037063998,-0.094939649,0.046366321,-0.11879698,-0.14801044,-0.025950737,0.030373522,-0.064009783,0.067371385,-0.12644384,-0.13697741,0.0090831802,0.018107992,-0.15654529,-0.045885087,-0.17827743,-0.10638307,0.072421429,-0.047894626
-0.33949704,0.46868057,0.080630353,0.20142528,0.51344525,-0.33399929,-0.1876411,0.033158413,-0.18012818,-0.22782597,-0.0075807614,-0.031633068,-0.12773096,0.010550279,-0.16163297,-0.18433101,-0.069852054,-0.014469935,-0.096445727,0.02308671,-0.16901039,-0.17408079,-0.027363714,-0.024543256,-0.18693738,-0.079619238,-0.19982773,-0.14962425,0.04153322,-0.079807593
-0.33719633,0.46668789,0.089614639,0.20951829,0.50184649,-0.33591319,-0.17668842,0.029074482,-0.15504274,-0.22165782,-0.01126419,-0.036890014,-0.13765205,-0.0020669893,-0.15325919,-0.1751767,-0.076838208,-0.031256021,-0.10458079,0.022147407,-0.1534349,-0.17072937,-0.036139212,-0.026795963,-0.18061135,-0.08031846,-0.19720391,-0.14503033,0.031534573,-0.085337638
-0.31554872,0.46746282,0.12633077,0.23574468,0.49853256,-0.31653503,-0.15759221,0.026226769,-0.11927068,-0.19349265,-0.020246586,-0.045085253,-0.13415628,-0.017435896,-0.14601765,-0.15313855,-0.089424158,-0.042505334,-0.1009652,0.011059056,-0.12831419,-0.16100785,-0.0510004,-0.041904116,-0.16512699,-0.084065233,-0.17077331,-0.11843907,0.023504163,-0.095072821
-0.27675034,0.47451099,0.16585124,0.2578487,0.47635471,-0.31414267,-0.15623247,0.011524621,-0.10382195,-0.15587101,-0.039342255,-0.06209537,-0.11734212,-0.024102467,-0.1377854,-0.1311004,-0.10703905,-0.046196516,-0.078889294,0.00086418753,-0.10499933,-0.15573114,-0.066197813,-0.059114795,-0.14446986,-0.093827952,-0.12985923,-0.091726284,0.021430953,-0.10600618
-0.23429174,0.49495437,0.22245744,0.281369,0.49487874,-0.30289855,-0.11965381,0.034946512,-0.04003969,-0.10307409,-0.024770095,-0.046404486,-0.082852162,-0.012984059,-0.094642772,-0.098975556,-0.094398735,-0.029014946,-0.039152656,0.029982565,-0.038634217,-0.11877037,-0.050058967,-0.034485202,-0.10157834,-0.077706273,-0.084117324,-0.039418804,0.047280474,-0.090303157
-0.22027831,0.52351605,0.27979069,0.30410529,0.54883634,-0.30445359,-0.049978049,0.086823462,0.06393927,-0.041760217,0.012645785,-0.006307782,-0.051513321,0.011333266,-0.037936987,-0.056806401,-0.065720165,0.001151671,0.0016617032,0.074152691,0.031116872,-0.068118668,-0.024102323,0.012461207,-0.04737459,-0.043325671,-0.038672782,0.030632385,0.072368943,-0.057791102
-0.17740139,0.53746478,0.32938603,0.31460091,0.55100314,-0.25481203,-0.030149668,0.09556528,0.079875461,0.0021521172,0.01346971,0.0016475959,-0.0064129626,0.024509811,-0.02649676,-0.039430166,-0.071917998,0.014620088,0.046091645,0.075618919,0.045757184,-0.051860684,-0.02588432,0.014804022,-0.0070440125,-0.035541882,0.0066143309,0.062352302,0.08402091,-0.052468433
-0.12187056,0.55993774,0.38773196,0.33025582,0.57560271,-0.19631871,-0.011441957,0.10212164,0.1024861,0.04935277,0.019301805,0.010482463,0.05535385,0.04227242,-0.0011867322,-0.00200769,-0.058842745,0.034657928,0.093268038,0.094679887,0.095869616,-0.012023869,0.0071666922,0.038262208,0.027995085,-0.016728859,0.063691136,0.10578793,0.12102378,-0.036005029
-0.080457738,0.59676534,0.4423907,0.3589607,0.63873736,-0.1929694,0.039974364,0.1450581,0.18475435,0.10165951,0.060401113,0.043043545,0.094521246,0.073658994,0.056957927,0.060250088,-0.021302362,0.070756801,0.13223984,0.14054534,0.17329558,0.041931723,0.050270861,0.084097281,0.078671184,0.017730899,0.11046508,0.17139104,0.15734432,-0.00068186728
-0.032038199,0.62595435,0.48528677,0.38344204,0.67727243,-0.13938043,0.069007178,0.17190166,0.21898903,0.14036364,0.084117224,0.062971967,0.12534311,0.091086037,0.087339395,0.096613037,-0.0022739269,0.09694661,0.16293752,0.1600645,0.21179896,0.072165869,0.06903227,0.10326031,0.11750929,0.033153356,0.14343774,0.20610065,0.18256401,0.016472793
0.029035258,0.64949744,0.52989661,0.40210653,0.71393811,-0.076222009,0.10808119,0.19967238,0.26252296,0.17927201,0.10616933,0.09043601,0.15385087,0.10949741,0.11989097,0.13814648,0.020995131,0.12148857,0.20124879,0.18542567,0.25188245,0.10465807,0.09700627,0.13407733,0.15337942,0.054934773,0.18024117,0.25080021,0.2098569,0.039583772
0.078814308,0.66628758,0.57757045,0.4192283,0.74920174,-0.047154779,0.15389416,0.22991554,0.32330547,0.22126445,0.13373042,0.11915932,0.18922708,0.1314434,0.16029738,0.18023087,0.046384499,0.14592067,0.24060301,0.21479606,0.29422327,0.13741173,0.12494665,0.16651631,0.19469367,0.080212299,0.2179367,0.30184375,0.23518156,0.065448253
0.13413598,0.68971997,0.63711083,0.45046224,0.78450786,0.009424644,0.17514206,0.23338136,0.34685353,0.26676989,0.13907786,0.1272946,0.23774935,0.14500025,0.18379112,0.20582903,0.051359076,0.16461826,0.2775932,0.21736196,0.31621598,0.15925542,0.13600848,0.17588757,0.23456633,0.092033105,0.26721202,0.32632035,0.25087497,0.077268724
0.22271341,0.71352138,0.71012763,0.48989035,0.83064799,0.0813152,0.22348027,0.25519176,0.41086078,0.32888031,0.15933671,0.14762279,0.28740406,0.16596192,0.23455271,0.26711204,0.078923123,0.19188467,0.33054061,0.2484964,0.37996906,0.21178487,0.16700852,0.20862691,0.29263694,0.11851118,0.33205532,0.38142307,0.27123967,0.10488439
0.32070284,0.73580983,0.80825369,0.54102803,0.87406899,0.17198582,0.29482957,0.28338191,0.50464057,0.41402939,0.1871886,0.17860478,0.35579314,0.19168862,0.30876086,0.34674606,0.11195105,0.23022461,0.39892379,0.28554157,0.46952004,0.28123784,0.19686538,0.24626213,0.37402737,0.1534195,0.41703207,0.47099234,0.29790273,0.14092184
0.44305891,0.77540503,0.92512732,0.60357179,0.93134052,0.2650488,0.37807291,0.32305122,0.61289418,0.51225005,0.22116338,0.21348452,0.42642247,0.21562564,0.39879663,0.44329011,0.15506405,0.26419227,0.46779367,0.32331986,0.56571398,0.35492169,0.22241856,0.28191497,0.46311758,0.18826185,0.50249859,0.57055156,0.32417214,0.1805884
0.53958426,0.78130926,0.98383677,0.64638885,0.95198887,0.33693936,0.4307145,0.34435389,0.67705141,0.55867457,0.23602634,0.22088022,0.45123751,0.2179746,0.44068909,0.48622213,0.16199583,0.27043212,0.47624162,0.33692829,0.57832271,0.37372296,0.21091963,0.28242558,0.51301353,0.2020352,0.54199581,0.61627199,0.32616662,0.19857256
0.57263085,0.70307828,0.93354035,0.6378912,0.83472667,0.37318368,0.33109444,0.24090904,0.51423978,0.49113128,0.1384478,0.14186613,0.43587582,0.15517908,0.34378918,0.41425908,0.069354539,0.2110876,0.42197312,0.22849613,0.47935549,0.29756713,0.13227637,0.1830662,0.45414581,0.14717927,0.51899367,0.5209664,0.28459745,0.1381453
0.6563977,0.71289406,0.94735434,0.64009148,0.82584703,0.41564815,0.31305913,0.21121777,0.47441806,0.48996709,0.12271245,0.12945334,0.45113904,0.14039182,0.35518223,0.44566345,0.084903488,0.19537811,0.43403665,0.21264253,0.52530801,0.31855515,0.14088376,0.1910558,0.44985496,0.13815535,0.52264952,0.51233761,0.26129351,0.12983871
0.77049212,0.74448166,0.9823567,0.66775944,0.86718621,0.51696479,0.35464344,0.23059988,0.52477642,0.52332004,0.15083898,0.14722302,0.479376,0.1508391,0.40542488,0.51690601,0.13581814,0.20493563,0.46230077,0.24153181,0.58635231,0.36338345,0.16993368,0.2389934,0.49015162,0.16187612,0.54752333,0.5432068,0.25562499,0.15289209
0.86304351,0.74455546,0.98375888,0.68214982,0.8758959,0.60512343,0.37175233,0.23947415,0.54393735,0.52556672,0.15638028,0.1491419,0.49505773,0.14215913,0.41849269,0.55818517,0.15231851,0.1975313,0.47140926,0.2436166,0.58883536,0.3717739,0.17783499,0.24638228,0.50466927,0.1687628,0.55035705,0.53970667,0.25087497,0.16366415
0.88124005,0.72828194,0.94818526,0.66318184,0.84063227,0.64352088,0.32918183,0.20333688,0.47558046,0.47781461,0.11746195,0.11464195,0.4917589,0.11918407,0.37145802,0.52614508,0.12029638,0.17698811,0.44804703,0.20893114,0.52953242,0.3283242,0.14656598,0.20186879,0.46985065,0.14459347,0.52079536,0.48168718,0.23258349,0.1405647
0.74873993,0.70669462,0.82907854,0.58574189,0.80689814,0.57773085,0.28323438,0.17435202,0.41644782,0.37677539,0.10137118,0.089756405,0.42937664,0.1150678,0.31248778,0.44307821,0.1151587,0.16272873,0.38467005,0.19566636,0.4417228,0.26248412,0.12128178,0.17940179,0.39609216,0.12820794,0.42380152,0.38701355,0.20796739,0.11668181
0.48081151,0.6403828,0.57388326,0.43602128,0.73488386,0.42904539,0.20478751,0.15064315,0.30748177,0.18021153,0.091984898,0.069987891,0.26972826,0.098759305,0.18761239,0.27440159,0.097598173,0.1331114,0.23472769,0.17562027,0.25181796,0.13258662,0.079186294,0.13227517,0.24964366,0.10286445,0.21961594,0.22258042,0.17427117,0.087614516
0.16885583,0.52510281,0.26956003,0.27803064,0.60415351,0.22665135,0.073205953,0.11243081,0.10597332,-0.048153036,0.06359988,0.040924776,0.071700268,0.065269853,0.0053707587,0.052028162,0.040159483,0.080577979,0.041919819,0.1185061,-0.0020334376,-0.044064458,0.0082089927,0.042617441,0.058505896,0.055290981,-0.018976649,0.011187225,0.12162737,0.034007643
-0.2033367,0.35723833,-0.094770963,0.093788304,0.39516338,-0.079092846,-0.17934815,-0.0033541302,-0.24799761,-0.32565856,-0.040150025,-0.053380433,-0.17292979,-0.01450529,-0.25105544,-0.24235068,-0.091490103,-0.038023186,-0.19257154,-0.024840627,-0.33498766,-0.28622286,-0.099349694,-0.10750294,-0.21648148,-0.056439377,-0.2945301,-0.2877578,0.018649177,-0.082353718
-0.41081912,0.31779073,-0.2410123,0.010506217,0.32336153,-0.23818509,-0.27789236,-0.036334625,-0.3589135,-0.43925875,-0.07530415,-0.081943838,-0.29050583,-0.044706199,-0.33741146,-0.36415385,-0.13598946,-0.086140369,-0.2898446,-0.067040509,-0.44456427,-0.36470804,-0.13034973,-0.14606928,-0.33555675,-0.10144023,-0.41109762,-0.40265439,-0.022788786,-0.12160552
-0.56841792,0.28856482,-0.35134245,-0.040682044,0.25508604,-0.37108094,-0.35332089,-0.063266489,-0.4428691,-0.52401977,-0.1042223,-0.1038711,-0.3792787,-0.065153333,-0.39751394,-0.44069405,-0.16320012,-0.11485688,-0.36935265,-0.10271109,-0.50544733,-0.4204463,-0.17002439,-0.18475576,-0.42822549,-0.13770741,-0.50627228,-0.4852234,-0.059424249,-0.15756233
-0.63001427,0.27620284,-0.39696497,-0.059624735,0.23983346,-0.4403399,-0.36929417,-0.060418775,-0.44703126,-0.54981571,-0.09923028,-0.10517034,-0.42029245,-0.064526944,-0.40612359,-0.458706,-0.1561596,-0.11314312,-0.39420977,-0.098724786,-0.51515379,-0.43651414,-0.17382374,-0.17694638,-0.46048317,-0.14542524,-0.54793852,-0.50639432,-0.069081735,-0.16493572
-0.67205456,0.26605496,-0.42093172,-0.073155229,0.23367295,-0.47790002,-0.37347801,-0.051875635,-0.44275661,-0.56235626,-0.093834381,-0.1042109,-0.43907606,-0.056697078,-0.41400201,-0.479727,-0.16088952,-0.11283552,-0.39792965,-0.08440615,-0.52440879,-0.44663972,-0.17284869,-0.17135966,-0.47515346,-0.14927756,-0.56634024,-0.51621413,-0.067690847,-0.16523527
-0.69223808,0.26099947,-0.4370567,-0.088000837,0.23571229,-0.49859398,-0.38108362,-0.041985902,-0.4489811,-0.56652282,-0.089197784,-0.10141253,-0.4378944,-0.047614435,-0.42039439,-0.48112558,-0.16170503,-0.10760634,-0.39525273,-0.074623658,-0.51621796,-0.44640203,-0.17257971,-0.16685425,-0.48244621,-0.14564952,-0.57534868,-0.5161169,-0.049635547,-0.16164074
-0.70102262,0.26937609,-0.43043533,-0.092957803,0.26519778,-0.53435983,-0.35260367,0.0022309202,-0.40083506,-0.54842686,-0.051636506,-0.069111294,-0.43402935,-0.02244701,-0.39131027,-0.45679885,-0.13085178,-0.076560875,-0.37216863,-0.038884344,-0.48596991,-0.42805238,-0.14739638,-0.13060069,-0.46536761,-0.12427708,-0.57115057,-0.48065379,-0.017198991,-0.13952056
-0.69934938,0.28343552,-0.40870167,-0.093994719,0.30296811,-0.57012568,-0.31393309,0.052430148,-0.33420303,-0.52422401,-0.013913674,-0.032552534,-0.41792912,0.008268433,-0.36201385,-0.44234691,-0.11418831,-0.03925358,-0.33204957,0.0079662307,-0.47300646,-0.41514582,-0.1139419,-0.10149572,-0.43573872,-0.10009456,-0.55337857,-0.43857933,0.020932333,-0.11332197
-0.71074836,0.30173862,-0.39062923,-0.10024151,0.3364898,-0.5794559,-0.27793719,0.10558747,-0.27338302,-0.48699044,0.020723479,0.0049856566,-0.39269556,0.050236511,-0.34078456,-0.4282764,-0.10682158,0.0052383358,-0.30799205,0.041620751,-0.46562181,-0.40478254,-0.080588285,-0.073111613,-0.40234473,-0.071228577,-0.53014903,-0.40632467,0.060716976,-0.088655665
-0.76084114,0.33657354,-0.38096982,-0.10666533,0.35769046,-0.56581942,-0.2880531,0.11916377,-0.31095494,-0.45790617,0.022952923,0.020936389,-0.35111559,0.081466489,-0.35118691,-0.43090402,-0.10622355,0.038063482,-0.27840685,0.049524638,-0.44727305,-0.39223252,-0.070064412,-0.070258185,-0.38948914,-0.064157202,-0.50590494,-0.39434159,0.10105273,-0.082676304
-0.74233087,0.38299551,-0.35007011,-0.10239121,0.4326363,-0.53998189,-0.24625959,0.17406504,-0.25677189,-0.41981478,0.068446497,0.063131874,-0.30559673,0.11766284,-0.30896422,-0.39288821,-0.054547756,0.07490938,-0.21582947,0.11660458,-0.3746197,-0.33723109,-0.021580628,-0.016313367,-0.35443309,-0.028299,-0.47032596,-0.3476489,0.15015369,-0.04434618
-0.73647451,0.41502593,-0.30821268,-0.10077261,0.51140591,-0.55684806,-0.16539207,0.27369086,-0.13055726,-0.36379081,0.1455077,0.13311122,-0.27433174,0.17133097,-0.24254014,-0.34003903,0.0060985845,0.12379556,-0.16326447,0.20576959,-0.29380776,-0.27697672,0.029223116,0.056043573,-0.30334995,0.029274655,-0.43478196,-0.27701435,0.20610413,0.012947389
-0.76722039,0.43192677,-0.28045487,-0.11099003,0.54938866,-0.5879488,-0.12437557,0.33333831,-0.076749175,-0.30942121,0.18668779,0.18376179,-0.23408115,0.21571512,-0.2168527,-0.30863466,0.025317304,0.159455,-0.12053802,0.25681266,-0.25301482,-0.24709911,0.052254594,0.092176989,-0.26122163,0.06851023,-0.39666662,-0.22113382,0.26323551,0.05211854
-0.76554715,0.4644369,-0.24475142,-0.11587113,0.58809368,-0.56940797,-0.10067714,0.37746683,-0.055150949,-0.26017812,0.21764151,0.21914123,-0.18272779,0.25560269,-0.19831246,-0.28273983,0.041926409,0.20561674,-0.069676513,0.2968132,-0.21976777,-0.21230132,0.10208328,0.13792195,-0.20907002,0.1029568,-0.3465167,-0.16243375,0.32461828,0.077038305
-0.75174287,0.50307267,-0.19746707,-0.118906,0.66401671,-0.55684806,-0.047378095,0.44241236,0.0070564417,-0.20294912,0.27467003,0.27370953,-0.13245763,0.30889052,-0.15491036,-0.24722451,0.08139682,0.26977298,-0.0013976355,0.35779913,-0.16223843,-0.16058001,0.16697489,0.19958605,-0.14988006,0.15022682,-0.29435518,-0.10050091,0.3927193,0.11656661
-0.72737624,0.56178281,-0.14410664,-0.11465717,0.76938274,-0.53890532,0.034580208,0.5338924,0.11744737,-0.12631699,0.35408992,0.34528794,-0.072315615,0.37575757,-0.08240055,-0.18140672,0.1464197,0.34104793,0.077032684,0.4468725,-0.07297768,-0.093622787,0.24871143,0.28566948,-0.082294968,0.2116396,-0.23717342,-0.021213273,0.46683001,0.17902155
-0.67278661,0.62362956,-0.074387539,-0.098041222,0.89301788,-0.48663215,0.15689756,0.66983208,0.30275715,-0.031180408,0.46774308,0.44487009,-0.016210966,0.45488395,0.021575781,-0.096559836,0.23634265,0.42181449,0.14729318,0.57365542,0.044531783,-0.012190252,0.3354241,0.40217947,0.0060998889,0.29447759,-0.17227764,0.093756235,0.54957472,0.26296302
-0.59393492,0.66053096,0.006678769,-0.082032245,1.0075609,-0.38077002,0.26924842,0.79140075,0.43812104,0.056317471,0.55451367,0.54521179,0.016777287,0.52606861,0.084886233,-0.063460228,0.26605419,0.49225453,0.18581303,0.65228191,0.098868623,0.022702615,0.35882543,0.4591279,0.097004807,0.36255276,-0.094630091,0.20376723,0.63323794,0.32895489
-0.64183157,0.72687969,0.076787363,-0.083701427,1.0502172,-0.44273226,0.25505327,0.80669893,0.33185476,0.12138942,0.54286564,0.56971755,0.13949851,0.58821537,0.080380907,-0.054433062,0.24680829,0.57233998,0.27550728,0.65026585,0.095224669,0.055361198,0.39221267,0.45366133,0.14135487,0.39046886,-0.024644097,0.24088318,0.72480035,0.34663951
-0.59947754,0.82208531,0.1548416,-0.079907831,1.1910168,-0.45768454,0.36174102,0.91418355,0.47828024,0.23143577,0.66076766,0.66752073,0.25165858,0.68830342,0.19584464,0.083008717,0.37919182,0.67187004,0.41196074,0.79691159,0.24849648,0.1860906,0.54200134,0.59510128,0.23700856,0.48312234,0.056047077,0.3521338,0.82932689,0.43990142
-0.52784172,0.90891431,0.23772554,-0.078820333,1.3324112,-0.40744489,0.46310932,1.0249353,0.60003274,0.33666198,0.77139976,0.77020107,0.34515812,0.78391727,0.28918274,0.19955663,0.47471457,0.76788469,0.53833229,0.92025804,0.37123002,0.29440586,0.65974767,0.71566614,0.33325583,0.57412671,0.1457467,0.46547477,0.93792112,0.52777153
-0.48381445,0.98504191,0.33154122,-0.066959022,1.480561,-0.35265974,0.57093268,1.1540979,0.7283097,0.44805634,0.88621611,0.87887793,0.43516189,0.88208141,0.39648499,0.28940448,0.57328186,0.86989752,0.6448529,1.0458726,0.48422485,0.398514,0.76263281,0.83668155,0.44028959,0.67059293,0.23885728,0.5801283,1.0427363,0.62049195
-0.46363093,1.0242312,0.39707977,-0.057019799,1.5773023,-0.28698933,0.66798266,1.2544963,0.83956306,0.5268126,0.9795781,0.96852585,0.5011384,0.94975381,0.47630711,0.35128083,0.64279001,0.94286426,0.69376756,1.1261257,0.54978378,0.47286338,0.83145827,0.90999965,0.52637791,0.73833828,0.31239418,0.67370813,1.1192877,0.69287793
-0.44930377,1.0553022,0.43569143,-0.059827061,1.6336391,-0.22538594,0.70668312,1.2777637,0.83926309,0.57619866,1.0087386,1.007763,0.57194005,0.98894788,0.49692311,0.38590616,0.65458764,0.9931566,0.74170878,1.1381762,0.57603314,0.50697187,0.86181947,0.93946505,0.56938814,0.78126786,0.36975085,0.70836913,1.1892257,0.73346615
-0.4146885,1.1007647,0.48796128,-0.056058755,1.7262592,-0.23878318,0.80406184,1.3754028,0.96630265,0.64429341,1.1041038,1.0817201,0.60214646,1.0485891,0.58087315,0.44210344,0.74190098,1.0512707,0.80157448,1.2309152,0.64655817,0.56330436,0.91941498,1.0271404,0.64524965,0.85758857,0.42063545,0.79465703,1.2558833,0.81152043
-0.39565534,1.1105805,0.51790025,-0.063418332,1.7336943,-0.23423769,0.82530973,1.3843653,0.95396617,0.67043657,1.122214,1.0970312,0.64279094,1.0785215,0.58861004,0.43782295,0.74519018,1.080185,0.83178545,1.2335498,0.61495574,0.57901566,0.92879569,1.0272005,0.6866487,0.89050476,0.47185239,0.81261949,1.287139,0.83934347
-0.33897415,1.1580357,0.57102699,-0.059624735,1.8214286,-0.10445191,0.8578988,1.4109881,0.96918992,0.71596243,1.1523277,1.1571363,0.71910705,1.122503,0.62918157,0.49741073,0.78794979,1.1375301,0.89165115,1.2826226,0.67838634,0.64409514,0.9887784,1.0785922,0.73340707,0.93415995,0.52627039,0.84455817,1.3274222,0.87636021
-0.24893263,1.2015424,0.6282304,-0.052593937,1.9168953,-0.01461862,0.94886729,1.4921811,1.0825806,0.7781954,1.2362711,1.2426066,0.76878638,1.1869316,0.70895651,0.58187618,0.8772747,1.1995991,0.95203832,1.3645023,0.76687316,0.72567029,1.0699097,1.1677994,0.8094721,0.99881817,0.58532381,0.92467223,1.3958907,0.9490803
-0.18461726,1.2296244,0.65198943,-0.05074772,1.9660944,0.055118808,0.9844747,1.5105919,1.0965295,0.81232447,1.2695189,1.2721894,0.82491565,1.2343806,0.73584694,0.62451153,0.90888908,1.2373238,0.99431282,1.3862437,0.80153909,0.7712592,1.1115345,1.2155568,0.86399809,1.036022,0.63566615,0.94873561,1.4480621,0.99313632
-0.16265592,1.2568945,0.68218806,-0.050393651,2.0303337,0.078444363,1.0399105,1.5541244,1.1236397,0.85466413,1.3305378,1.3198217,0.88129109,1.2830824,0.79403878,0.68142929,0.97176447,1.2851993,1.0435056,1.4366911,0.85729482,0.82402634,1.1645237,1.2675493,0.92361205,1.0852974,0.68604347,0.99870967,1.4934628,1.0428376
-0.11015784,1.2571529,0.7163595,-0.047864586,2.0876902,0.066004067,1.1190895,1.6424476,1.1934215,0.91710134,1.4249175,1.4052321,0.9163965,1.3293681,0.88676359,0.75199375,1.0590778,1.3333605,1.0925593,1.5109877,0.92449836,0.8913401,1.2465628,1.3583784,0.99384288,1.1487155,0.74154598,1.0813516,1.5439284,1.1156499
-0.0056845842,1.2179636,0.72017653,-0.036104438,2.0518743,0.055597281,1.1003519,1.6699535,1.1039164,0.93881242,1.4472604,1.4434099,0.92491437,1.3404417,0.90466695,0.77288762,1.0746539,1.3414459,1.0787228,1.4845956,0.91756518,0.90056246,1.268821,1.3799743,1.0073938,1.1533594,0.77423876,1.0850462,1.5547406,1.1427586
0.011257025,1.1677039,0.69828707,-0.014480938,2.001443,-0.058757747,1.0082478,1.6713442,0.88673419,0.96080943,1.4620426,1.474212,0.95032025,1.3603743,0.91636665,0.82026964,1.0994996,1.3385017,1.0679803,1.442808,0.93788103,0.94151642,1.2949458,1.4055951,1.0036796,1.1553911,0.81310627,1.0461802,1.5498331,1.1623442
-0.0062074734,1.1557109,0.716749,0.0065608771,2.058842,-0.14500249,1.065402,1.7907495,0.9474792,1.0315594,1.5883939,1.5938625,0.96905462,1.4118054,1.0259098,0.91571179,1.2111422,1.3694593,1.1069521,1.539098,1.0313984,1.0391832,1.3821292,1.5431604,1.0751824,1.2271471,0.86421826,1.1224052,1.5824796,1.2537051
0.053192738,1.1185881,0.71724235,0.0063332613,2.0508546,-0.048590197,1.1062242,1.8595803,0.974327,1.0461628,1.6534517,1.6603039,0.93372765,1.4249148,1.0581783,0.92223847,1.2489816,1.3849271,1.0900214,1.5703928,1.0103086,1.0402052,1.3696552,1.5489574,1.1216864,1.2684407,0.8861184,1.1380342,1.5653428,1.3102383
0.19876509,1.0951926,0.68722549,-0.026418121,1.9671141,0.31720235,1.0062306,1.694435,0.8026661,0.94955562,1.5058237,1.5330379,0.91671654,1.3603072,0.92518859,0.85095353,1.1391603,1.3519482,1.0549433,1.4457863,0.86303485,0.92069479,1.2376865,1.3853808,1.0595793,1.2208936,0.85291834,1.0190542,1.5076866,1.2421727
0.22856977,1.1323154,0.71955334,-0.051708764,2.0399356,0.46289735,1.0981255,1.6986955,0.97177721,0.97455502,1.5390715,1.5523666,0.99867019,1.4026109,0.98493724,0.9089732,1.1831976,1.4116662,1.1082037,1.4952028,0.89618516,0.9696589,1.2953156,1.4504991,1.1061512,1.2680185,0.87910405,1.0855323,1.5743704,1.2870813
0.22877893,1.171763,0.73110827,-0.072320638,2.0814022,0.61002778,1.145627,1.6566641,1.0690817,0.96248423,1.5179403,1.5258221,1.0627757,1.4209104,0.99260338,0.9174918,1.1944787,1.4471279,1.1097681,1.4871385,0.86719476,0.96079307,1.2874143,1.4057153,1.1202787,1.2823856,0.88471903,1.0834177,1.598278,1.2928878
0.28138158,1.2029078,0.74419521,-0.083878462,2.1408831,0.77139277,1.2001513,1.6242576,1.156787,0.95076066,1.5159208,1.513829,1.1017708,1.4484268,1.0180785,0.95237141,1.255125,1.4818206,1.1430036,1.5262456,0.88973568,0.98594065,1.3093362,1.414666,1.1418008,1.3148796,0.89407731,1.1068977,1.6231565,1.3203767
0.30072848,1.1774458,0.73103038,-0.1089162,2.1413504,0.82402479,1.263118,1.6279662,1.2486545,0.95470256,1.5478116,1.5342771,1.1013523,1.4704846,1.0517859,0.98339434,1.3080513,1.506033,1.1510344,1.5570593,0.89931316,1.0043854,1.3331074,1.4407974,1.1570817,1.3421492,0.89507437,1.1422393,1.6275653,1.3564948
0.32530427,1.1095841,0.67393082,-0.1353955,2.0523416,0.87749414,1.2164085,1.5408571,1.1691235,0.90646026,1.4843209,1.4735524,1.0870738,1.4393217,1.0090915,0.95690618,1.2767631,1.478459,1.1035104,1.4794638,0.82617609,0.95734656,1.2794457,1.3749884,1.1015042,1.307386,0.85431771,1.0682261,1.5666025,1.3274736
0.33032401,1.0705425,0.63607218,-0.15249198,2.0144863,0.90369053,1.2074132,1.5212322,1.150225,0.88746562,1.4801205,1.4632784,1.0687825,1.42921,1.014729,0.96012714,1.2896209,1.4736473,1.0881094,1.4757295,0.81850122,0.96509525,1.277462,1.3733364,1.0945845,1.3104732,0.83824245,1.0566076,1.5327225,1.3308147
0.30857182,0.98079825,0.54809888,-0.18251197,1.8865601,0.87450368,1.1578049,1.4595979,1.0649196,0.83305518,1.4336091,1.4236014,1.0339233,1.3922978,0.98642329,0.9322404,1.266678,1.4328026,1.0381865,1.4200128,0.73878569,0.93044007,1.2321724,1.3159674,1.0463846,1.2871614,0.79830793,1.0074843,1.476982,1.3112867
0.29790488,0.90817628,0.49315451,-0.19662415,1.8282689,0.85775713,1.1276813,1.4255137,1.0165485,0.78991897,1.4046587,1.4024937,0.99362348,1.3532827,0.97974786,0.90397224,1.2619209,1.4020867,0.99007146,1.3862208,0.67658048,0.89725857,1.1968686,1.2844295,1.0221659,1.2774382,0.76542273,0.98257019,1.4377747,1.3050078
0.24362898,0.79935404,0.40310392,-0.25575367,1.7049736,0.83227845,1.1319249,1.4302819,1.0225855,0.75029575,1.4157574,1.4240212,0.91610109,1.3150953,0.95901393,0.85853974,1.2525426,1.3470486,0.92426091,1.3606764,0.59157638,0.83120457,1.1326831,1.2361916,1.0031369,1.2667784,0.72517335,0.98791761,1.3882276,1.3083143
0.3355529,0.59591661,0.21020142,-0.31318872,1.3510202,0.89711153,0.81053183,1.0968125,0.55646132,0.55879712,1.1173189,1.1441238,0.87597358,1.1910479,0.71240037,0.6954998,1.0261314,1.1783309,0.80685879,1.0738684,0.35165586,0.64438036,0.96171221,0.96953118,0.75408116,1.0578167,0.58402939,0.66284315,1.2048404,1.0916172
0.36086073,0.58277971,0.21708245,-0.31240471,1.4255837,0.92151365,0.8593482,1.1426187,0.64139184,0.58959703,1.191763,1.1880383,0.88377752,1.2176023,0.8088521,0.76551331,1.1190174,1.2232402,0.82212072,1.1396195,0.45294489,0.7357721,1.0398511,1.0705726,0.79464917,1.1109575,0.59742836,0.69521934,1.2062313,1.142989
0.35845544,0.51787014,0.16605897,-0.33911163,1.3602822,0.93180081,0.86170908,1.1448483,0.6504661,0.5774037,1.2075791,1.191936,0.85224174,1.2023005,0.82482124,0.76008854,1.1409816,1.2076845,0.78860706,1.1387031,0.45952335,0.73921861,1.0302351,1.0735762,0.78401533,1.1102451,0.57418132,0.67713534,1.1673914,1.1435996
0.35803713,0.4065017,0.078033738,-0.38071474,1.2169759,0.9218725,0.80350897,1.0827285,0.56936026,0.52491314,1.1589675,1.1391267,0.81258198,1.1614063,0.78141914,0.72292035,1.1181203,1.1645768,0.74445524,1.0868582,0.40644416,0.70370775,0.98259184,1.0272005,0.73043909,1.0720122,0.52976882,0.60516394,1.1071108,1.1026197
0.35740967,0.3327727,0.022647949,-0.41164519,1.1568153,0.89878618,0.80685604,1.0807638,0.58038435,0.49999544,1.1718272,1.1471621,0.78584672,1.1486771,0.79394442,0.72601416,1.1413622,1.153701,0.72057153,1.092242,0.38867585,0.70385036,0.97119378,1.0327872,0.72446922,1.0786218,0.5144807,0.59984083,1.0830196,1.1149816
0.33241556,0.1961637,-0.09809463,-0.46247939,0.97225483,0.90010198,0.71907025,0.9899239,0.44985757,0.42401689,1.0940552,1.0685877,0.7539909,1.0912954,0.72129309,0.66138305,1.0715007,1.0923571,0.65118017,0.99876998,0.29057931,0.62405788,0.90300715,0.9356805,0.63980553,1.0178423,0.45726396,0.5096639,1.0041326,1.0596351
0.32436307,0.094537235,-0.18801539,-0.50997521,0.8451783,0.90261397,0.65211398,0.9303206,0.3472285,0.38151384,1.0398215,1.0163181,0.73830917,1.0639804,0.68277372,0.62497772,1.0381737,1.0554892,0.62611445,0.94438208,0.25771923,0.5955351,0.87624357,0.8913172,0.58634802,0.98445114,0.41757433,0.44328299,0.95652753,1.0271461
0.33942228,0.029701469,-0.22065484,-0.5486699,0.81331357,0.88814016,0.69460977,0.97071839,0.40606117,0.38670162,1.0842973,1.0549956,0.73084989,1.0791927,0.73763964,0.65138112,1.0969988,1.0675515,0.63195501,0.98699434,0.28645165,0.63028536,0.90492364,0.93856397,0.61009184,1.0142934,0.41495051,0.47194029,0.96104135,1.0628495
0.30689857,-0.082921615,-0.30584976,-0.59697503,0.67850454,0.83574737,0.67367566,0.93676658,0.36132734,0.34822216,1.0572532,1.0264322,0.70802891,1.0536002,0.71426383,0.62235009,1.0734035,1.0455142,0.59194025,0.94154126,0.22663275,0.58918879,0.87947134,0.89513178,0.5808191,0.99249879,0.38500399,0.44330729,0.92634788,1.0475036
0.29978728,-0.23838723,-0.43806938,-0.67370684,0.45885035,0.80871365,0.56298339,0.83861981,0.20766496,0.2858258,0.95726751,0.94629876,0.69052544,1.0086791,0.62547824,0.55602373,0.99481606,0.99759481,0.53930572,0.8401195,0.1503032,0.52346755,0.82335522,0.80105875,0.50480495,0.93396205,0.3465388,0.34746696,0.86795684,0.98418456
0.33095147,-0.32377708,-0.50054393,-0.73784391,0.38076053,0.82115395,0.5677948,0.84870822,0.22472606,0.28102608,0.97888342,0.96624717,0.69215023,1.0216096,0.65133079,0.57810426,1.0312419,1.0062515,0.54389472,0.86133399,0.17410177,0.55396315,0.83512313,0.83253657,0.50655181,0.95028163,0.34629391,0.34715098,0.86824551,1.0000604
0.33001027,-0.42868777,-0.5781048,-0.81113619,0.27768876,0.81421609,0.57971873,0.85572816,0.23380032,0.27628763,1.0006447,0.98163823,0.69318419,1.0306923,0.67388101,0.59484478,1.059404,1.018885,0.54963098,0.87294927,0.18925804,0.57487986,0.84537802,0.85893829,0.51014731,0.96355365,0.34706357,0.35145322,0.86643473,1.0191045
0.33450712,-0.53817423,-0.65704189,-0.87818168,0.16493011,0.8188812,0.58354394,0.85711891,0.22701338,0.27549108,1.0054752,0.9828975,0.69741851,1.0389248,0.68364648,0.59984575,1.0697609,1.0248612,0.55828752,0.87024591,0.19351469,0.58334162,0.84537802,0.86785901,0.51019819,0.97303931,0.35456769,0.34520646,0.86761567,1.0257866
0.36608963,-0.64101844,-0.72992886,-0.95223269,0.057397277,0.84268523,0.5997563,0.8711588,0.23841244,0.28237408,1.0214852,0.99804869,0.71292791,1.0598194,0.70067709,0.6098053,1.0881641,1.0328148,0.5700034,0.87892873,0.20364037,0.60361656,0.85721318,0.87732038,0.51976356,0.9946888,0.37260207,0.35546378,0.88349279,1.0449229
0.39192035,-0.74932406,-0.80058274,-1.0353883,-0.056763418,0.85524515,0.61986858,0.88535321,0.25622348,0.29170801,1.0415502,1.0155385,0.7387523,1.0786558,0.71891069,0.62442676,1.1107808,1.0535118,0.58436143,0.89301827,0.22140868,0.62750439,0.88461559,0.8931494,0.53577367,1.0171299,0.39268303,0.37160326,0.89582708,1.0694279
0.44117651,-0.86231616,-0.87744253,-1.1238297,-0.16833245,0.88227887,0.6518749,0.91672221,0.29450783,0.31158089,1.0719708,1.0482795,0.77245448,1.110803,0.74738152,0.66706211,1.1470164,1.0872158,0.61300797,0.92658115,0.24810951,0.657382,0.91591823,0.92378621,0.56513121,1.0549274,0.42392397,0.39102412,0.9241697,1.1032418
0.47610551,-0.98390629,-0.95308192,-1.2192513,-0.28482989,0.91014991,0.68654095,0.95484625,0.33162978,0.33733599,1.1043946,1.0867771,0.81103104,1.1534869,0.78266931,0.70232315,1.1852635,1.1249406,0.64026389,0.95957129,0.2826787,0.69586398,0.94520351,0.95655559,0.5969649,1.0998755,0.45719399,0.41866055,0.96371816,1.1398323
0.48771365,-1.1009575,-1.025865,-1.3227406,-0.38679702,0.90715946,0.74348591,1.0081581,0.38206314,0.38463876,1.1547187,1.1374477,0.85723921,1.2049179,0.83420931,0.73300704,1.2320735,1.1788801,0.68476337,1.007155,0.33192046,0.74708614,0.98581961,0.99692409,0.6465386,1.1557077,0.50627689,0.46506156,1.01442,1.188923
0.49377917,-1.2100381,-1.0990117,-1.4265587,-0.4910584,0.93515012,0.801432,1.058269,0.43024668,0.43020547,1.2027486,1.1866191,0.904826,1.2570872,0.88131473,0.78038907,1.2775242,1.2317431,0.73972717,1.0550594,0.38090423,0.79659693,1.0336309,1.0391248,0.69818142,1.2149041,0.55929553,0.51236192,1.0668276,1.2410551
0.52274723,-1.3114431,-1.1596166,-1.5322736,-0.58278633,0.9743849,0.8723928,1.1219342,0.50531552,0.48522864,1.2591148,1.2498824,0.95689328,1.3264598,0.93960092,0.85404735,1.340454,1.2914612,0.80296509,1.1123339,0.43682119,0.85834875,1.0913273,1.094211,0.75565843,1.2891799,0.62191733,0.57407599,1.1308871,1.3042244
0.59595171,-1.4172764,-1.2150544,-1.6453986,-0.66843872,1.0046483,0.95914757,1.2047607,0.61030689,0.56181992,1.3383731,1.3305155,1.0147212,1.3988078,1.0116861,0.92728182,1.4205093,1.356716,0.86397804,1.1916706,0.50547587,0.93298336,1.1547732,1.1594494,0.83338552,1.3711735,0.70253854,0.6505927,1.2086194,1.3790298
0.66298611,-1.5402687,-1.2728031,-1.7694239,-0.77320994,1.0741465,1.064117,1.2993092,0.72928462,0.66306338,1.4353216,1.4290983,1.0886001,1.4838849,1.0987498,1.0056868,1.506681,1.4403827,0.93799317,1.2864944,0.59963823,1.0243751,1.2385943,1.2434303,0.9321259,1.4633521,0.79360255,0.74305443,1.3018876,1.4671994
0.71883067,-1.6547,-1.3257221,-1.8956495,-0.85932967,1.1569223,1.1778574,1.3978754,0.84485013,0.77323228,1.5271004,1.5246827,1.1736556,1.5735033,1.1915454,1.0973146,1.585513,1.5271914,1.0320331,1.3793249,0.69383283,1.1244901,1.3306866,1.3332983,1.0286615,1.5687894,0.89229312,0.83891907,1.4052595,1.5632263
0.79004818,-1.7534851,-1.3707993,-2.0311568,-0.91485927,1.2363488,1.3137573,1.5216516,0.97012734,0.89802501,1.6390895,1.6402756,1.2764854,1.6843294,1.3061599,1.2030978,1.6895986,1.6374215,1.1557625,1.4980894,0.80505406,1.2465675,1.4368667,1.4400165,1.1487544,1.6967866,1.0169945,0.95345106,1.5274214,1.6781361
0.87266467,-1.8383952,-1.387911,-2.153083,-0.9433251,1.3332396,1.4721752,1.6642139,1.11989,1.036502,1.7744071,1.7811537,1.3895318,1.8137906,1.4380882,1.3190947,1.8061885,1.7682607,1.2763282,1.6373811,0.93091559,1.3808623,1.5556554,1.5625938,1.2853153,1.8322509,1.1456316,1.0862858,1.6619439,1.8021588
0.9815302,-1.9189141,-1.3824841,-2.2702798,-0.96303874,1.4426903,1.6446686,1.8122729,1.2836016,1.1932589,1.9163483,1.9284481,1.5208693,1.9527148,1.5681529,1.4487384,1.9243823,1.9021319,1.4090618,1.780682,1.0719979,1.5290381,1.6885319,1.7007898,1.4331205,1.9796416,1.2938423,1.2404373,1.8178546,1.9431059
1.076696,-1.9883625,-1.3800692,-2.3880584,-0.98462178,1.5613516,1.8093473,1.9578816,1.4357641,1.3570417,2.056157,2.0708454,1.6653776,2.0937195,1.6986895,1.5891468,2.0555698,2.0379586,1.5594213,1.9185304,1.224657,1.678236,1.8241991,1.831597,1.5903046,2.1293014,1.4487526,1.3977,1.9756285,2.0829354
1.2143205,-2.0558183,-1.3800692,-2.5019421,-0.99872723,1.714104,1.9892222,2.1074638,1.6072,1.5265637,2.2108287,2.2246161,1.8146863,2.2390194,1.8461387,1.7484996,2.2074982,2.187012,1.7184027,2.0777765,1.3756392,1.840697,1.9736851,1.9751395,1.7561213,2.291732,1.6073537,1.552994,2.1265792,2.2323503
1.3546639,-2.1074433,-1.3678392,-2.5906364,-0.9774416,1.8345596,2.1826498,2.2657878,1.8150829,1.6832592,2.3789578,2.3948172,1.9274126,2.370248,2.0112553,1.8959857,2.3670924,2.3209492,1.853535,2.2401384,1.5164636,1.9982379,2.1177916,2.1347212,1.9211748,2.4481202,1.7509816,1.7164062,2.2509981,2.3894957
1.4473199,-2.1991064,-1.3853403,-2.6849705,-1.0346706,1.9840824,2.3196106,2.3618595,1.9366855,1.8014753,2.4808014,2.5029743,2.030784,2.4678752,2.1226855,2.0024893,2.4700362,2.4197981,1.9501476,2.3156033,1.5935671,2.1060302,2.2169446,2.2213453,2.0340767,2.5577528,1.8606047,1.8302333,2.3368395,2.5089216
1.5494924,-2.3491475,-1.4681983,-2.8168359,-1.1963735,2.1534618,2.3617477,2.3631399,1.8822774,1.8814571,2.4866012,2.5262608,2.158035,2.5528852,2.1479719,2.0883957,2.5115182,2.5008283,2.0422059,2.3577803,1.6397453,2.1906002,2.282475,2.2441727,2.083379,2.6359733,1.9569688,1.8513799,2.4298715,2.5697752
1.6293899,-2.4473052,-1.513691,-2.9135726,-1.2089919,2.2211657,2.4933144,2.4661874,1.9909435,1.9796164,2.6115147,2.656805,2.227655,2.6465528,2.2729653,2.1976541,2.6501812,2.5921631,2.1177507,2.4863502,1.7532883,2.3140326,2.3886552,2.3660892,2.2148689,2.763456,2.060872,1.9514739,2.5193869,2.6889822
1.6837704,-2.5454261,-1.5609494,-2.9857015,-1.2599755,2.2653048,2.6033641,2.5428107,2.0963473,2.0320253,2.7026149,2.7517498,2.2578614,2.7020777,2.3604299,2.2666929,2.7523639,2.6480581,2.1417734,2.5473132,1.7948552,2.3770679,2.4601705,2.4449039,2.3054516,2.8431013,2.1189809,2.0253898,2.5512461,2.78494
1.7757989,-2.6898951,-1.667852,-3.0655441,-1.4526084,2.3812149,2.5736589,2.473715,2.0087545,2.0119073,2.645441,2.7125726,2.296758,2.7075138,2.3339405,2.2818653,2.7451874,2.6536388,2.124808,2.4805082,1.7305217,2.3571495,2.4494449,2.3951041,2.2853202,2.8304097,2.1228466,1.9660821,2.5346605,2.7892949
1.8382318,-2.7982745,-1.7304045,-3.1270762,-1.522116,2.4800196,2.6059491,2.4725009,2.0350399,2.0307794,2.6728244,2.753189,2.3272106,2.7402874,2.3810931,2.3185249,2.803197,2.6882656,2.1386446,2.4985382,1.7459682,2.3984362,2.4787974,2.4179615,2.3296194,2.8817036,2.1611719,1.974006,2.5504064,2.838351
1.8637488,-2.9015984,-1.7947486,-3.1758872,-1.6160532,2.5230821,2.6264798,2.4594765,2.03294,2.0209349,2.6923078,2.771978,2.3234194,2.741831,2.4025583,2.3270859,2.8323648,2.6934728,2.1212619,2.490726,1.7275227,2.4095363,2.4854547,2.4237585,2.3451038,2.9155829,2.1832295,1.9714052,2.5428221,2.8833057
1.908299,-3.0110111,-1.8840202,-3.2354213,-1.7619512,2.5982024,2.6047986,2.4005354,1.9480845,1.9944241,2.6588661,2.7351794,2.3244533,2.7183862,2.3851738,2.3153887,2.8333978,2.6638115,2.0975521,2.4377127,1.6864395,2.395275,2.4626922,2.3903884,2.3206476,2.9075352,2.1828097,1.9221846,2.521224,2.8885362
1.9632024,-3.0901277,-1.9350956,-3.2762404,-1.8249584,2.6711695,2.6445749,2.4026105,1.9734699,2.0002859,2.6844562,2.7658016,2.3213761,2.7210483,2.4174895,2.3450131,2.8973062,2.6587581,2.0808648,2.4493967,1.686117,2.4071832,2.4772844,2.410813,2.3540925,2.9396071,2.1989724,1.924591,2.5167101,2.9250345
1.9752288,-3.1282099,-1.953921,-3.2837012,-1.8456492,2.6775093,2.6958268,2.4324342,2.0293403,2.0087007,2.7282373,2.8128943,2.2868861,2.7209141,2.454287,2.3663731,2.9491994,2.663438,2.0492632,2.4726501,1.6778617,2.4082766,2.4792681,2.4403985,2.3979847,2.9706499,2.2079283,1.9538316,2.4991272,2.9702195
1.9048479,-3.1462547,-1.9772127,-3.2593969,-1.9383968,2.6659063,2.6260763,2.3496739,1.9450473,1.9706706,2.6512246,2.7351994,2.2211066,2.6552551,2.3798429,2.2987329,2.8658277,2.5976999,1.9883198,2.3726259,1.5658021,2.3251802,2.38573,2.3467159,2.339931,2.9028913,2.1635333,1.8892494,2.4324433,2.9173961
1.9057891,-3.2207956,-2.0525405,-3.2750265,-2.0791964,2.7117201,2.4797468,2.1796942,1.7502883,1.8938342,2.503419,2.5950009,2.2116286,2.5589477,2.2602041,2.2223199,2.7519289,2.5097706,1.9248385,2.2303788,1.4621912,2.2553945,2.3019762,2.20029,2.2193633,2.8145915,2.1134534,1.7478831,2.3705882,2.8159658
1.923149,-3.237475,-2.064381,-3.2899733,-2.0723136,2.6935381,2.5160714,2.1957208,1.7865478,1.9033519,2.5381046,2.6253432,2.2087236,2.5705359,2.2969544,2.2411371,2.7983311,2.5235467,1.9107238,2.2550756,1.4916976,2.2868409,2.3221497,2.2384959,2.2474997,2.8467029,2.1319775,1.7683248,2.3661793,2.8428903
1.9071486,-3.2557412,-2.0734951,-3.2815262,-2.1056229,2.6667436,2.5080923,2.1690759,1.7791609,1.8854398,2.521513,2.6066741,2.1710333,2.5393507,2.2828251,2.2320675,2.791943,2.492655,1.8707786,2.2279046,1.4602564,2.2575812,2.3030521,2.2205644,2.2349833,2.8270588,2.1177914,1.753352,2.3289927,2.8312772
1.8777623,-3.2593944,-2.0678086,-3.2567161,-2.1050706,2.6356429,2.4961384,2.1487446,1.7696367,1.8661592,2.5001879,2.5915429,2.1332446,2.4937809,2.2669975,2.2036722,2.7759047,2.4620709,1.8295471,2.2076981,1.4399405,2.236308,2.2794154,2.1938923,2.223298,2.8017153,2.0959438,1.74256,2.2918849,2.8176709
1.8577879,-3.2272164,-2.0301317,-3.1967772,-2.0463545,2.5900683,2.5074198,2.1511949,1.8110708,1.84839,2.4974415,2.5991185,2.0771153,2.4432671,2.2602749,2.1547645,2.7659012,2.4291799,1.7771559,2.1910427,1.4209791,2.2116358,2.2380932,2.1743689,2.2198212,2.7758968,2.0652101,1.7491227,2.2439386,2.8008619
1.7831193,-3.1938944,-2.0126565,-3.1176681,-2.1207905,2.4906656,2.3444147,1.9922087,1.6274109,1.7367506,2.3205723,2.4249996,2.000036,2.2920388,2.0909595,2.0129574,2.5719199,2.2822357,1.6522097,2.0035029,1.2762528,2.0499116,2.0798317,1.9925904,2.0539367,2.6131761,1.9519136,1.6088988,2.1385986,2.6476336
1.7086599,-3.173488,-2.0324167,-3.0858525,-2.1933571,2.4266698,2.2070206,1.858918,1.4690614,1.6500493,2.1895359,2.2882391,1.9408295,2.203785,1.9783735,1.9198886,2.4488603,2.1861112,1.5857386,1.8918863,1.2099844,1.9688356,1.9933207,1.8812466,1.9532629,2.5087018,1.8816477,1.4890923,2.0523635,2.5455006
1.6882672,-3.1331547,-1.9863268,-3.0373956,-2.0751602,2.4320527,2.2846606,1.9116559,1.6033378,1.6586275,2.2653208,2.3507428,1.8823369,2.2053734,2.0453637,1.9183205,2.5295409,2.1882644,1.5658877,1.9532388,1.2474559,2.0026114,2.0146038,1.9395767,2.0160653,2.5389266,1.8883472,1.5503202,2.0187985,2.5802822
1.5237663,-3.0361778,-1.9337973,-2.884716,-2.0538746,2.2790609,2.1549319,1.7843256,1.4929469,1.506221,2.1072565,2.1958928,1.7179372,2.0429596,1.8732178,1.7412948,2.3556482,2.0195686,1.4005791,1.7808882,1.06184,1.8075393,1.8105483,1.7474959,1.8600175,2.3674458,1.7457689,1.423392,1.8480604,2.414692
1.3501671,-3.0779871,-2.0184469,-2.8491321,-2.2854674,2.0303746,1.79182,1.4727327,1.0585826,1.3039384,1.7772827,1.8738798,1.6051617,1.8257815,1.5686955,1.526211,2.0263475,1.805546,1.2538699,1.4780663,0.82295135,1.5685184,1.5728701,1.4535928,1.5897958,2.1113327,1.5419681,1.1238879,1.6584798,2.1362542
1.2928584,-3.0838914,-2.0272494,-2.8425059,-2.2637569,1.9777426,1.793628,1.4611653,1.0946921,1.2932156,1.8046499,1.8795565,1.5579934,1.7970571,1.6052806,1.520659,2.0632083,1.7745005,1.2215035,1.4878946,0.8575528,1.5842773,1.5860166,1.4798443,1.5997004,2.1003827,1.5174442,1.1245199,1.6091164,2.1266573
1.2023986,-3.0375801,-2.0179795,-2.7843627,-2.2714044,1.8809715,1.7249086,1.3891998,1.0405466,1.2148474,1.7408362,1.8086178,1.4603088,1.7062083,1.5447064,1.434795,2.0007407,1.6716308,1.1304186,1.4100012,0.80044268,1.5100943,1.5085501,1.4070669,1.5146467,2.0108955,1.4318552,1.0533992,1.4996824,2.0442826
1.123024,-2.9873204,-2.0028672,-2.7097553,-2.2746334,1.7733151,1.6447882,1.2970575,0.97083978,1.127084,1.6599784,1.7261856,1.3478779,1.6056952,1.4642945,1.3301562,1.9108721,1.5717492,1.0289737,1.3235166,0.72088839,1.4137586,1.4131964,1.3164781,1.4222323,1.9138884,1.334669,0.96976069,1.385131,1.9518157
1.0235705,-2.9525224,-2.0181353,-2.6253605,-2.3134659,1.6477159,1.5042562,1.1594401,0.84301278,1.0001059,1.5165832,1.5877461,1.2240489,1.4667934,1.3235208,1.1926296,1.7507342,1.4384712,0.90771267,1.1803532,0.59176987,1.2672228,1.2752093,1.1682499,1.2822116,1.7701653,1.2129238,0.84443664,1.2559358,1.8101313
0.9097898,-2.901377,-2.0275351,-2.5352246,-2.3399348,1.4953223,1.3169251,0.98963692,0.65627812,0.85499092,1.345013,1.4103691,1.096404,1.3166613,1.1520117,1.0465845,1.5824413,1.2850236,0.77563963,1.0124701,0.45365433,1.1122966,1.128951,1.0149157,1.1173786,1.6082625,1.0806833,0.69235118,1.1176343,1.6417184
0.83940892,-2.8431097,-1.9962978,-2.4630198,-2.2956641,1.4330012,1.2733236,0.93747299,0.63801712,0.80056005,1.3089542,1.3599784,1.005194,1.2491008,1.1103316,0.98275863,1.5449825,1.2218121,0.70079013,0.96827702,0.41382881,1.0624768,1.0665138,0.97427688,1.0699757,1.5498313,1.012499,0.6423285,1.0315567,1.5823165
0.74445224,-2.7628123,-1.9587767,-2.3604663,-2.2667309,1.3405363,1.19661,0.86160019,0.59223338,0.71890353,1.2277087,1.2725892,0.89372323,1.1480507,1.0200363,0.88142551,1.4366019,1.1254239,0.59200978,0.87984512,0.32389086,0.96502394,0.94106793,0.8717637,0.97688301,1.4445127,0.9194409,0.56714865,0.9105495,1.4811628
0.62105039,-2.7013345,-1.9473776,-2.2508819,-2.3086224,1.1615874,0.99131825,0.67833107,0.39031246,0.57209337,1.0322447,1.0872369,0.77137128,1.0006256,0.8255053,0.71135032,1.2138333,0.96907604,0.45399188,0.69578766,0.15981618,0.7822167,0.76861764,0.68962485,0.80787787,1.2604986,0.78492645,0.4056566,0.76521483,1.3012405
0.54575435,-2.6312587,-1.9206584,-2.1649696,-2.2949418,1.0499836,0.8675515,0.56274481,0.28052148,0.47136051,0.91061074,0.96650702,0.65948202,0.88615294,0.72060903,0.60281242,1.1047189,0.85109007,0.36919953,0.58820316,0.082583695,0.68157882,0.67114573,0.58239601,0.70138683,1.1430425,0.67717496,0.30339937,0.6625778,1.1765264
0.4912693,-2.5531016,-1.8823324,-2.0845706,-2.2419614,0.97139445,0.82755107,0.52821904,0.27129724,0.42036093,0.86729815,0.92263251,0.57014293,0.81604209,0.67739564,0.53983417,1.0608991,0.78161677,0.30321516,0.54176496,0.043693351,0.62522256,0.61509686,0.5307039,0.64675908,1.0810757,0.61348613,0.26370693,0.58773228,1.1163872
0.34465117,-2.4453126,-1.8467068,-1.958345,-2.2481644,0.78586657,0.62590525,0.3530074,0.070163758,0.2734078,0.67369197,0.73646067,0.43284779,0.65148069,0.48807757,0.3627661,0.86482467,0.61527193,0.15567159,0.36419097,-0.10467686,0.44598066,0.45841556,0.35916779,0.47505733,0.89749698,0.46679717,0.10160722,0.42799012,0.93389572
0.24990365,-2.367303,-1.7978645,-1.8721039,-2.2024067,0.68311451,0.5495503,0.27305067,0.015980709,0.19871598,0.59561298,0.64821195,0.34892469,0.56573248,0.42129967,0.30550928,0.79132054,0.53112179,0.081517397,0.29571353,-0.14898476,0.37835791,0.37869638,0.28966428,0.39185219,0.81452706,0.38514393,0.040938319,0.34330341,0.85203953
0.16247658,-2.2904374,-1.7507879,-1.7702585,-2.1668456,0.58610413,0.46781613,0.19779598,-0.035502563,0.11877511,0.5118796,0.56250174,0.25601598,0.47016338,0.3427749,0.22549384,0.69375904,0.44178642,-0.0025101223,0.21261962,-0.21702674,0.28893899,0.2809555,0.20946792,0.30530596,0.7175991,0.2974559,-0.025539821,0.24798823,0.75669234
0.082892844,-2.2054535,-1.7051913,-1.6702846,-2.1261013,0.49914168,0.39246231,0.12384374,-0.074536857,0.047249063,0.42716074,0.48160874,0.15815903,0.36833038,0.26106573,0.12568644,0.59497428,0.35431861,-0.084868911,0.13163342,-0.28345635,0.19654896,0.17420375,0.12545698,0.22491617,0.6238638,0.21065997,-0.09257701,0.14642716,0.66010089
-0.015305745,-2.1081444,-1.6564529,-1.5590817,-2.1094891,0.39591114,0.30575236,0.034725759,-0.13411946,-0.039431842,0.32363701,0.39088145,0.041518478,0.26381287,0.14824386,0.0043918501,0.46305286,0.24951543,-0.18600091,0.022055768,-0.4029329,0.082980756,0.059853301,0.003180055,0.12390317,0.51086693,0.119526,-0.15766968,0.035287346,0.55118205
-0.11120362,-1.9985473,-1.6136866,-1.4185921,-2.1126331,0.23968974,0.029948107,-0.18808022,-0.43274494,-0.22261776,0.075910286,0.14952168,-0.095308921,0.078535882,-0.096742113,-0.18174577,0.21111638,0.056453474,-0.33736865,-0.19446491,-0.5735538,-0.1283255,-0.13546036,-0.21563286,-0.083007283,0.28683892,-0.038515353,-0.35717702,-0.11555839,0.32056766
-0.16255134,-1.9415346,-1.5720889,-1.3555931,-2.0435504,0.15619621,0.0084312504,-0.21704301,-0.40803447,-0.2570532,0.053922803,0.10988471,-0.14235411,0.02813392,-0.10818234,-0.19958819,0.20092257,0.0071718116,-0.3807904,-0.21444227,-0.54965849,-0.15299771,-0.16844413,-0.22944946,-0.11828382,0.24514947,-0.089207532,-0.38299047,-0.16872704,0.2792997
-0.24924637,-1.8619752,-1.5328021,-1.2629029,-2.0209477,0.033109053,-0.075768392,-0.2922094,-0.46866699,-0.32976386,-0.034851057,0.019996935,-0.22669572,-0.060656753,-0.1902925,-0.28201936,0.11230443,-0.083393954,-0.45856018,-0.2971238,-0.60383409,-0.2326238,-0.25058413,-0.30958575,-0.20009824,0.14921097,-0.16585803,-0.44591987,-0.26700771,0.17891786
-0.30561382,-1.7784304,-1.4838299,-1.1692517,-1.995201,-0.040456158,-0.17516431,-0.38132738,-0.54534819,-0.40649811,-0.13839094,-0.078345928,-0.299713,-0.15121474,-0.27603524,-0.35038001,0.012513885,-0.16758804,-0.51957313,-0.38028643,-0.64972212,-0.30699695,-0.34156688,-0.39512853,-0.27762182,0.052375358,-0.23838038,-0.51470713,-0.3584914,0.077660435
-0.34943193,-1.6948118,-1.419356,-1.0755246,-1.9308767,-0.10540886,-0.19723403,-0.4214382,-0.51805043,-0.44681576,-0.17978105,-0.12457907,-0.35909186,-0.21566572,-0.30162832,-0.37665626,-0.038971623,-0.22710833,-0.56431596,-0.42282996,-0.65630059,-0.34314957,-0.40383593,-0.43525675,-0.32349828,-0.0036679247,-0.29108415,-0.53996153,-0.42528026,0.021899149
-0.38247853,-1.6394966,-1.3765898,-0.98129163,-1.9200002,-0.17729941,-0.26196391,-0.49867966,-0.56600899,-0.50547447,-0.25871628,-0.20719107,-0.43663887,-0.29875177,-0.38428101,-0.45200979,-0.13351576,-0.3170589,-0.64288534,-0.51034546,-0.73169497,-0.43836812,-0.51112563,-0.52512473,-0.40992579,-0.094487595,-0.36330914,-0.60568617,-0.51432333,-0.069484842
-0.42138149,-1.5920783,-1.3582836,-0.87216251,-1.9515675,-0.24727608,-0.4360562,-0.67258886,-0.75960559,-0.62763245,-0.44144987,-0.37491362,-0.5604433,-0.44792189,-0.54677941,-0.58504394,-0.30295038,-0.46398109,-0.76991743,-0.67925954,-0.87445413,-0.59510079,-0.65593816,-0.69056351,-0.54967514,-0.257525,-0.4869085,-0.74941021,-0.66062899,-0.2286234
-0.427447,-1.5318921,-1.3183996,-0.79823796,-1.9335109,-0.30265932,-0.44766633,-0.70996234,-0.73497011,-0.65538913,-0.48090133,-0.40255756,-0.61061498,-0.50279806,-0.56119174,-0.61301544,-0.34176839,-0.50465,-0.80026746,-0.71586943,-0.88774005,-0.62155567,-0.69463777,-0.72792841,-0.58279777,-0.29161536,-0.521333,-0.77201521,-0.70734183,-0.25761006
-0.45014039,-1.4388637,-1.2941992,-0.68647861,-1.9514401,-0.3674924,-0.62976767,-0.88155363,-0.93861589,-0.7881065,-0.65218076,-0.57373811,-0.70913662,-0.62861282,-0.73583801,-0.73778528,-0.51408446,-0.64159721,-0.92083321,-0.88583736,-1.0138273,-0.77978579,-0.8410978,-0.89736199,-0.71191328,-0.45152605,-0.62098564,-0.90137413,-0.83126207,-0.42307361
-0.48036339,-1.3797107,-1.2594305,-0.6140715,-1.8853739,-0.37777957,-0.66398545,-0.92380575,-0.95500204,-0.81868174,-0.69382935,-0.62708711,-0.74429126,-0.67695664,-0.75244403,-0.73562384,-0.5316178,-0.68890146,-0.95744098,-0.91156508,-1.0047336,-0.78884177,-0.86490259,-0.9080248,-0.74600263,-0.5026484,-0.66803945,-0.92721189,-0.88128155,-0.47842014
-0.4883113,-1.3040998,-1.2009547,-0.53278737,-1.8365996,-0.4363925,-0.67493813,-0.95713945,-0.93591611,-0.83826869,-0.72678635,-0.66852304,-0.77986442,-0.72360027,-0.76645536,-0.74939769,-0.56614082,-0.73269029,-0.98737383,-0.93772809,-1.0138918,-0.80357854,-0.90171934,-0.9329848,-0.77515665,-0.54547243,-0.7005923,-0.95110513,-0.92867671,-0.51951529
-0.4930173,-1.2161268,-1.1477761,-0.44955587,-1.7882927,-0.47191911,-0.75771825,-1.0333213,-1.0309333,-0.89084094,-0.80880725,-0.75457304,-0.82796819,-0.79744708,-0.83719606,-0.80139925,-0.646468,-0.80526155,-1.0290573,-1.0061368,-1.0506216,-0.8668278,-0.96200465,-1.0045308,-0.83675491,-0.62305966,-0.74696392,-1.0209862,-0.99543933,-0.6027655
-0.50922687,-1.1503316,-1.1005177,-0.3802848,-1.7285994,-0.49608199,-0.78174541,-1.0663018,-1.040945,-0.90824248,-0.84126343,-0.79215121,-0.85541737,-0.83954939,-0.85033463,-0.8066545,-0.66854098,-0.84028383,-1.0429634,-1.0250374,-1.0362392,-0.88669867,-0.98769232,-1.0207803,-0.86852075,-0.66067251,-0.77335954,-1.0451954,-1.033387,-0.64545054
-0.50567122,-1.0714364,-1.0357062,-0.30016404,-1.6796552,-0.5145032,-0.8084024,-1.0992381,-1.0539564,-0.9238671,-0.87580365,-0.83078876,-0.88190644,-0.87518646,-0.87866393,-0.80996022,-0.69800787,-0.87704184,-1.0644831,-1.0530561,-1.033724,-0.90804322,-1.0186251,-1.0455901,-0.88961883,-0.70138569,-0.79272332,-1.0628176,-1.067608,-0.69015173
-0.48580143,-0.99862995,-0.96476668,-0.21384708,-1.61822,-0.51701519,-0.81647122,-1.1199889,-1.0314583,-0.93222066,-0.90321934,-0.85471486,-0.89968071,-0.9011145,-0.88656595,-0.81101975,-0.72309822,-0.89929878,-1.0769638,-1.0718422,-1.0211152,-0.91721805,-1.0370839,-1.0640022,-0.898845,-0.73184801,-0.80384832,-1.0624044,-1.095452,-0.7218458
-0.45923866,-0.91914432,-0.87362551,-0.11958885,-1.5370712,-0.52670426,-0.81996771,-1.1359494,-0.99493626,-0.92529681,-0.93360763,-0.88187908,-0.91208823,-0.9316286,-0.8898211,-0.81826691,-0.76776068,-0.91652429,-1.0820395,-1.089414,-1.009087,-0.93345226,-1.0636458,-1.0917255,-0.90498448,-0.76626819,-0.80510775,-1.0583209,-1.1258416,-0.7548187
-0.4236822,-0.8318356,-0.76976093,-0.017465234,-1.4682859,-0.52263724,-0.82745379,-1.1530136,-0.98679943,-0.90170669,-0.95971474,-0.90862354,-0.90672149,-0.96057674,-0.90814906,-0.8305998,-0.82019761,-0.93691368,-1.0845078,-1.1146835,-1.0026697,-0.95379851,-1.0959907,-1.1296611,-0.8990146,-0.79626876,-0.79667654,-1.0388028,-1.1386221,-0.78631691
-0.34190233,-0.73057815,-0.64779794,0.088831338,-1.3838656,-0.48447903,-0.86352441,-1.1972304,-1.034083,-0.89494623,-1.0126236,-0.96201252,-0.87474257,-0.99849565,-0.94430961,-0.82623455,-0.87353159,-0.9774947,-1.0625362,-1.1691631,-1.002057,-0.98617187,-1.1178118,-1.1592467,-0.88537886,-0.84429078,-0.76046785,-1.029858,-1.1452878,-0.83719332
-0.23847485,-0.6371438,-0.52705536,0.18832473,-1.2916278,-0.40254054,-0.85125681,-1.2042062,-1.0038605,-0.85613999,-1.0282459,-0.98346006,-0.83178399,-1.0201732,-0.92010822,-0.75410199,-0.86393582,-0.99713705,-1.0090673,-1.1647644,-0.92250273,-0.9495914,-1.1088345,-1.1402038,-0.85010233,-0.86269482,-0.70928589,-1.0010306,-1.1590917,-0.85273505
-0.12218429,-0.55245507,-0.38372224,0.30574918,-1.2046583,-0.30062581,-0.79386358,-1.1931906,-0.91548029,-0.78083544,-1.0239324,-0.97936244,-0.77311906,-1.0323207,-0.86741241,-0.6618808,-0.84270553,-0.99988347,-0.94429973,-1.1423128,-0.82724396,-0.89083448,-1.0928638,-1.1141625,-0.77681872,-0.86094017,-0.63258292,-0.92888903,-1.1637105,-0.8493479
0.10454046,-0.44603143,-0.17256554,0.46116018,-1.089478,-0.14715562,-0.73639565,-1.1909169,-0.84386117,-0.67899967,-1.0357097,-0.98775757,-0.66265765,-1.0563024,-0.82316114,-0.53800096,-0.83898139,-1.0113525,-0.84754814,-1.1400447,-0.72524549,-0.83067518,-1.0870471,-1.1000455,-0.65957512,-0.86136235,-0.51036544,-0.83659744,-1.1601677,-0.84940551
0.38135799,-0.32580665,0.064661173,0.63002581,-0.96210404,0.025692723,-0.65723155,-1.185398,-0.74464432,-0.55479925,-1.0388115,-0.99031608,-0.54254594,-1.0733939,-0.75572277,-0.40458538,-0.83109818,-1.0131761,-0.73970646,-1.1271465,-0.59019345,-0.74971802,-1.0720178,-1.0774284,-0.52221711,-0.8492381,-0.36953633,-0.7229891,-1.1513238,-0.83958968
0.5898862,-0.22499202,0.29511072,0.7854621,-0.86447052,0.16014361,-0.5584632,-1.1802324,-0.5914694,-0.41097104,-1.0368567,-0.98887691,-0.44562448,-1.0856085,-0.66014381,-0.28803747,-0.82606924,-1.0045634,-0.65018603,-1.1134235,-0.45201342,-0.66445868,-1.062738,-1.0551416,-0.39016754,-0.83777351,-0.22445665,-0.57374749,-1.1406428,-0.83024621
0.71151022,-0.14270189,0.54654091,0.94246641,-0.79492044,0.22904371,-0.48224272,-1.1832788,-0.41924604,-0.25051741,-1.0536906,-0.99879115,-0.36081513,-1.101738,-0.55515319,-0.20145296,-0.85719432,-1.0024102,-0.58208098,-1.1222208,-0.31899296,-0.58198031,-1.0840883,-1.0534896,-0.28427009,-0.84748345,-0.0708408,-0.40241133,-1.1317464,-0.830131
0.87517454,-0.036868663,0.84907248,1.1365215,-0.69813664,0.29626916,-0.37014588,-1.1672301,-0.18406536,-0.043925197,-1.0598135,-0.99589284,-0.24587322,-1.1088744,-0.4039299,-0.072487393,-0.87869645,-0.98417398,-0.4805318,-1.1130798,-0.12341259,-0.46506068,-1.0826425,-1.0239641,-0.15164389,-0.83663892,0.10693167,-0.19930663,-1.1214328,-0.80938181
1.1659009,0.081732448,1.2244391,1.36611,-0.59493741,0.47222757,-0.22315886,-1.1427486,0.050890341,0.22220397,-1.0642886,-0.98783752,-0.066284181,-1.1170622,-0.25077238,0.1183969,-0.90011703,-0.96160944,-0.30708815,-1.0976844,0.10380247,-0.32192387,-1.0796165,-0.9976525,0.067443749,-0.80896029,0.37613548,0.053699206,-1.0974465,-0.77817162
1.8488988,0.31668368,1.8998445,1.7575585,-0.33793777,1.0490267,-0.014206275,-1.1304747,0.35517785,0.63659344,-1.0797493,-0.98250062,0.31273608,-1.1290754,0.0057717564,0.49228262,-0.88367103,-0.93109128,0.051028305,-1.0570653,0.50757195,-0.055212111,-1.0568204,-0.93785064,0.45434933,-0.76515999,0.86243406,0.45341877,-1.0442516,-0.72691501
2.3128061,0.47661437,2.3244689,2.0185074,-0.13748739,1.3680485,0.18581083,-1.0882005,0.67030197,0.90582711,-1.0511219,-0.94915999,0.54823282,-1.1293663,0.23384506,0.76631855,-0.83237581,-0.89182854,0.26073207,-0.98991665,0.81047162,0.14437604,-1.011329,-0.85822497,0.70128507,-0.70415619,1.1361159,0.72924837,-1.0075374,-0.66318124
3.0016603,0.65816927,2.8636559,2.3500171,0.098311587,1.8383874,0.3947933,-1.0507387,0.98805087,1.2281436,-1.0434643,-0.91897753,0.87370872,-1.1435271,0.46255525,1.1097323,-0.81087367,-0.85814651,0.53099683,-0.92952638,1.1649671,0.38489438,-0.97259577,-0.79614037,0.99842204,-0.63895706,1.5001095,1.0376243,-0.95324032,-0.59208561
3.5317653,0.787767,3.2245334,2.5839556,0.26851172,2.2495152,0.50893723,-1.0399439,1.1902343,1.4396377,-1.051445,-0.90672464,1.0976596,-1.1558312,0.62276561,1.3508381,-0.80228369,-0.83797684,0.72616873,-0.90125566,1.4007922,0.54573908,-0.94294064,-0.75111627,1.1703273,-0.6061596,1.7287316,1.2331211,-0.9239267,-0.54446961
3.7205283,0.84776869,3.3625175,2.6806923,0.35123255,2.4230813,0.53965852,-1.0428578,1.3051248,1.5165149,-1.0720108,-0.91711861,1.1435969,-1.1773745,0.70445118,1.4000849,-0.83455048,-0.84175591,0.76781746,-0.89342051,1.4778635,0.5978407,-0.96486257,-0.74156479,1.1866936,-0.61007788,1.7792663,1.3142074,-0.91668359,-0.53608238
3.5665897,0.83736249,3.2648069,2.6235102,0.34222545,2.3345638,0.46236221,-1.076611,1.2820642,1.4270563,-1.1115592,-0.94684134,1.0409149,-1.2055844,0.67444713,1.2675594,-0.90786432,-0.87198844,0.67419474,-0.90849517,1.4112081,0.55244194,-1.0271989,-0.78616839,1.0569506,-0.64935303,1.6617192,1.2582539,-0.93172092,-0.5718779
3.1838349,0.77322785,2.9722463,2.4581093,0.25406637,2.0647051,0.32208426,-1.1257506,1.1303517,1.2109055,-1.1497506,-0.99213502,0.83156253,-1.2409307,0.54813287,1.0272164,-0.98571781,-0.92474157,0.48169976,-0.9529173,1.1976659,0.41023211,-1.0886274,-0.85483089,0.83604822,-0.71232257,1.4009641,1.0712158,-0.98470588,-0.63366463
2.5993493,0.6508628,2.4641927,2.1586934,0.1054068,1.6455628,0.058906209,-1.1939632,0.74342096,0.83111487,-1.2041619,-1.0577569,0.49200508,-1.2844423,0.26101855,0.61573865,-1.07227,-1.0070022,0.16808278,-1.0536976,0.79163915,0.13501106,-1.1767522,-0.97272254,0.48516541,-0.80993656,0.9740863,0.69023652,-1.0650887,-0.74034841
1.9606925,0.5038476,1.9066217,1.8248316,-0.068447151,1.1472332,-0.2443171,-1.2688868,0.28794587,0.39677082,-1.2619174,-1.1250378,0.1189424,-1.32084,-0.077258345,0.17213609,-1.1534127,-1.0977217,-0.16649763,-1.1624505,0.33956309,-0.18016565,-1.2715343,-1.1032294,0.12112175,-0.91693068,0.52310432,0.25770324,-1.1505102,-0.85338023
1.2488311,0.3460941,1.3108544,1.4679301,-0.26333182,0.59364008,-0.55330812,-1.3463049,-0.16977903,-0.056363621,-1.310109,-1.2000142,-0.27415941,-1.360571,-0.41430866,-0.24667355,-1.2276236,-1.1977132,-0.50806584,-1.2574346,-0.11980088,-0.49417769,-1.3543804,-1.2331354,-0.26612303,-1.0252969,0.046146534,-0.18112541,-1.2401306,-0.97165406
0.75292305,0.25491074,0.90193955,1.2360908,-0.39958539,0.23478539,-0.73349685,-1.3859742,-0.44035681,-0.3648733,-1.3340351,-1.2431492,-0.54417073,-1.3873044,-0.62646,-0.52511712,-1.266496,-1.2596064,-0.74652044,-1.3100584,-0.4337614,-0.70693385,-1.3976526,-1.3107187,-0.5338007,-1.0882136,-0.29251851,-0.47144165,-1.3045314,-1.0483489
0.094919295,0.11143808,0.35446933,0.92913824,-0.59234575,-0.22610365,-1.0043104,-1.4525754,-0.87085895,-0.7821426,-1.3830828,-1.3099304,-0.8930092,-1.4191831,-0.94850829,-0.91375144,-1.3333401,-1.3470962,-1.0680639,-1.4037825,-0.87567953,-1.0086811,-1.4753881,-1.4246456,-0.88127457,-1.1856957,-0.7203584,-0.873762,-1.3857277,-1.1559313
-0.39942014,0.011213865,-0.032971536,0.71037418,-0.71479127,-0.59153734,-1.2097067,-1.5042095,-1.1846332,-1.0809099,-1.4140366,-1.355304,-1.1593032,-1.4434557,-1.1851441,-1.1865583,-1.3692767,-1.4121313,-1.3053712,-1.4735658,-1.1673894,-1.2207242,-1.5314706,-1.504121,-1.1369447,-1.2592459,-1.0322255,-1.1708597,-1.4458246,-1.2352529
-0.71451316,-0.059046407,-0.29320425,0.56763379,-0.80426743,-0.8392667,-1.330231,-1.5308544,-1.3642059,-1.2822326,-1.4305474,-1.3835276,-1.3351257,-1.4610841,-1.3285361,-1.361465,-1.3883867,-1.4516796,-1.4641092,-1.5108859,-1.3706446,-1.3726318,-1.5690943,-1.5601984,-1.3116992,-1.3058563,-1.2494952,-1.3672316,-1.490228,-1.2875809
-1.0295016,-0.12148358,-0.55167127,0.42595561,-0.895528,-1.1041015,-1.4814467,-1.5728416,-1.6028738,-1.4926646,-1.462535,-1.4267825,-1.5101111,-1.4846856,-1.5051638,-1.5516288,-1.4243232,-1.5000605,-1.6195445,-1.568779,-1.597118,-1.5342608,-1.6087353,-1.6267284,-1.4796528,-1.3644854,-1.4488879,-1.5648673,-1.5342378,-1.3527087
-1.220147,-0.13332893,-0.691473,0.36207144,-0.9231441,-1.2383131,-1.55952,-1.5897071,-1.7080527,-1.6149247,-1.4784966,-1.446531,-1.6169044,-1.4968778,-1.5953411,-1.6495714,-1.4396819,-1.5255912,-1.7049626,-1.5915513,-1.7003096,-1.6073267,-1.6159978,-1.6431881,-1.5780201,-1.3941429,-1.5674496,-1.6738331,-1.5579616,-1.3845871
-1.3327773,-0.14174245,-0.77391551,0.33139389,-0.94408985,-1.3134334,-1.5955159,-1.5939014,-1.7461496,-1.6933746,-1.4886098,-1.455226,-1.676751,-1.4964303,-1.6420927,-1.7102187,-1.4537901,-1.5316772,-1.7598916,-1.6033957,-1.7675454,-1.6557203,-1.6206041,-1.6499162,-1.6387025,-1.4104757,-1.6447997,-1.7407245,-1.5733664,-1.4032625
-1.4206227,-0.15174273,-0.84477712,0.29874367,-0.97535977,-1.368697,-1.6477391,-1.6083166,-1.819831,-1.7590797,-1.5019865,-1.4687781,-1.7363761,-1.5064526,-1.7059928,-1.7759094,-1.4779019,-1.5484194,-1.8168718,-1.6281841,-1.8395216,-1.7166402,-1.6433329,-1.6742154,-1.6959081,-1.4355949,-1.7159227,-1.8030462,-1.5905032,-1.432157
-1.4830557,-0.1587909,-0.87375534,0.29302799,-0.99235429,-1.4109222,-1.6613067,-1.6055793,-1.8289428,-1.7890218,-1.5049268,-1.4722561,-1.7712599,-1.5174591,-1.7289205,-1.7966337,-1.4902703,-1.5652713,-1.8479171,-1.6295358,-1.8681895,-1.7414788,-1.6670705,-1.6945198,-1.7375616,-1.4464922,-1.7632564,-1.8314118,-1.6031786,-1.442595
-1.5349263,-0.16473203,-0.91078307,0.28468208,-1.002551,-1.4797027,-1.6941946,-1.6217163,-1.8716143,-1.8304628,-1.5199998,-1.4902056,-1.8050359,-1.5289355,-1.7723226,-1.8388876,-1.5132132,-1.5789375,-1.8788582,-1.6480011,-1.9378761,-1.7909421,-1.6855629,-1.7138631,-1.7647822,-1.4656351,-1.7852965,-1.8627428,-1.6071151,-1.462722
-1.5766529,-0.15203794,-0.94308495,0.27208734,-0.98989008,-1.5039852,-1.7353008,-1.6375443,-1.9280471,-1.8600985,-1.5312439,-1.5057166,-1.8282754,-1.5360942,-1.8045675,-1.8580015,-1.5121802,-1.5884291,-1.900795,-1.6712775,-1.9678016,-1.8211525,-1.6918504,-1.7201706,-1.7872201,-1.4842502,-1.8088409,-1.8967476,-1.618216,-1.4825841
-1.6346936,-0.13620724,-0.94838205,0.27846058,-0.98508913,-1.5547033,-1.7478523,-1.6396635,-1.9356215,-1.8822181,-1.5367691,-1.5105938,-1.8397228,-1.5376602,-1.8102758,-1.8684696,-1.5114191,-1.5933946,-1.9170304,-1.6801894,-1.9655443,-1.8228638,-1.6913124,-1.7281002,-1.8075041,-1.4921263,-1.83312,-1.9199116,-1.6315475,-1.4891971
-1.6788254,-0.11912189,-0.95051127,0.29097945,-0.97739911,-1.5898711,-1.7521855,-1.6425112,-1.929022,-1.894391,-1.5400809,-1.515351,-1.852992,-1.5381523,-1.8192393,-1.8816925,-1.5229177,-1.5948447,-1.9171694,-1.6779901,-1.9696075,-1.8282594,-1.6878829,-1.7274694,-1.8253798,-1.4965327,-1.8493527,-1.9312141,-1.6404439,-1.4949
-1.67893,-0.11535795,-0.95308192,0.29532944,-0.97608203,-1.5763542,-1.7566682,-1.6436591,-1.9322093,-1.9012944,-1.5391924,-1.5207079,-1.8692646,-1.5413738,-1.8324015,-1.8890244,-1.5321601,-1.5972396,-1.9215499,-1.6800062,-1.9782175,-1.8414987,-1.6971963,-1.7367205,-1.8378284,-1.5030104,-1.861807,-1.9421763,-1.6473984,-1.5034024
-1.6753743,-0.11561626,-0.95853481,0.29145997,-0.97446755,-1.5844883,-1.7706093,-1.6489351,-1.9554949,-1.9113023,-1.5429566,-1.5258849,-1.8820167,-1.5481298,-1.8445493,-1.901993,-1.534661,-1.6020513,-1.9409488,-1.688689,-1.9886657,-1.8501982,-1.7059382,-1.7420369,-1.8442731,-1.5124038,-1.8677894,-1.9459195,-1.6459287,-1.5112251
-1.6990089,-0.10484105,-0.96022261,0.30064047,-0.9650356,-1.6197756,-1.7749575,-1.6446967,-1.9646441,-1.9145702,-1.5452668,-1.5276239,-1.8865711,-1.5507249,-1.8497859,-1.905214,-1.5370531,-1.6035893,-1.9460246,-1.685138,-1.9938253,-1.8514342,-1.7044252,-1.7380721,-1.8550257,-1.5181558,-1.8769902,-1.9465758,-1.6481594,-1.5146929
-1.7108262,-0.093918233,-0.95874254,0.30673552,-0.95857768,-1.639393,-1.7857159,-1.6510764,-1.9837675,-1.9243535,-1.554023,-1.5351395,-1.8873589,-1.5545503,-1.8585135,-1.9041121,-1.5374337,-1.6111475,-1.9434172,-1.6883911,-2.0021451,-1.8620827,-1.70382,-1.7449504,-1.85913,-1.5291323,-1.8818355,-1.9539406,-1.6493666,-1.525177
-1.7157414,-0.085541615,-0.96019664,0.30751953,-0.95454148,-1.630302,-1.7897802,-1.6557343,-1.984405,-1.9272946,-1.5563655,-1.5400167,-1.8843555,-1.5592259,-1.8582776,-1.9004673,-1.5311271,-1.6162009,-1.9457464,-1.6888493,-1.9963406,-1.862558,-1.7023742,-1.7423373,-1.8632512,-1.5307023,-1.8883251,-1.9571491,-1.6511511,-1.5285872
-1.72599,-0.081002742,-0.95946959,0.31960845,-0.95653834,-1.6236034,-1.7820999,-1.6468821,-1.9566198,-1.9268861,-1.5560747,-1.5383777,-1.8902146,-1.5614406,-1.8587258,-1.8938558,-1.5310184,-1.6160251,-1.9560369,-1.6851838,-1.9884077,-1.8633662,-1.709704,-1.747083,-1.873054,-1.5261507,-1.9006571,-1.9623507,-1.6577907,-1.5273775
-1.7345654,-0.078419644,-0.95788565,0.33088808,-0.95488137,-1.6288666,-1.7857757,-1.6513413,-1.9527201,-1.9380378,-1.5640232,-1.5353394,-1.909786,-1.5600312,-1.8757328,-1.9088587,-1.5473828,-1.613762,-1.9630248,-1.6885744,-2.0116258,-1.88849,-1.7138395,-1.7563041,-1.8770057,-1.5284595,-1.9044004,-1.9677224,-1.6598639,-1.5322969
-1.7502521,-0.075209222,-0.95936573,0.32861192,-0.94617168,-1.6622401,-1.8042593,-1.6671914,-1.9826801,-1.9483316,-1.5695645,-1.5417357,-1.9131833,-1.5701877,-1.8914896,-1.9296255,-1.5620075,-1.6205072,-1.9648673,-1.7021141,-2.0270078,-1.9026325,-1.7183113,-1.7599384,-1.8704422,-1.5388027,-1.8962315,-1.9685731,-1.6575545,-1.5407878
-1.7653113,-0.076943588,-0.9621441,0.32699332,-0.94676649,-1.6905896,-1.8069937,-1.6615622,-1.984705,-1.9523144,-1.571697,-1.5452936,-1.9111892,-1.57238,-1.8895082,-1.9251331,-1.5604309,-1.6267031,-1.9764441,-1.707727,-2.018946,-1.8946937,-1.7241953,-1.7622212,-1.879414,-1.5437764,-1.9045053,-1.9726809,-1.6599426,-1.5431727
-1.7538077,-0.076943588,-0.96100159,0.33063518,-0.94311266,-1.6792259,-1.8103856,-1.6576549,-1.9889046,-1.9561746,-1.5742496,-1.5526694,-1.9191655,-1.5707917,-1.8940136,-1.9329736,-1.5614095,-1.6305042,-1.9809636,-1.7093307,-2.0211711,-1.8944798,-1.72591,-1.7659757,-1.8902004,-1.5494757,-1.9168023,-1.9806048,-1.6711484,-1.5480115
-1.7687623,-0.071334574,-0.96242973,0.3329872,-0.93767442,-1.6887954,-1.8114316,-1.6622465,-1.9870298,-1.9596672,-1.5758166,-1.560245,-1.9245076,-1.5749527,-1.897599,-1.942255,-1.5638288,-1.6339317,-1.9837101,-1.7105678,-2.0234606,-1.8961911,-1.7342821,-1.7686189,-1.8990026,-1.5532093,-1.9271052,-1.9839834,-1.6748487,-1.5521014
-1.7829849,-0.058455985,-0.96133915,0.33501046,-0.93045175,-1.7000395,-1.8217567,-1.6639684,-2.0011661,-1.9663663,-1.5826827,-1.5600251,-1.927831,-1.5808363,-1.9034252,-1.9452217,-1.5706247,-1.6403034,-1.9861089,-1.7180823,-2.0384234,-1.909169,-1.7420825,-1.7763682,-1.9030051,-1.5573123,-1.928592,-1.9878724,-1.6698625,-1.5572743
-1.78173,-0.043215705,-0.96058613,0.33865231,-0.92675544,-1.6853264,-1.8319772,-1.6731517,-2.0133151,-1.974965,-1.5865923,-1.5638429,-1.9264278,-1.5807468,-1.9048877,-1.9403055,-1.5687219,-1.6422808,-1.9842315,-1.7233515,-2.0408742,-1.9152776,-1.7319957,-1.7744158,-1.9007834,-1.5634469,-1.9238341,-1.9902545,-1.6696788,-1.5628619
-1.791142,-0.039636269,-0.96204024,0.34487381,-0.92726527,-1.6974079,-1.8307669,-1.6784277,-2.0055908,-1.9785801,-1.5828927,-1.5684802,-1.9293573,-1.5819772,-1.9050056,-1.9416617,-1.572147,-1.6418634,-1.9860393,-1.7213584,-2.0328769,-1.9141605,-1.7268851,-1.7705712,-1.9053626,-1.5674312,-1.92749,-1.9874835,-1.668944,-1.5657537
-1.8002403,-0.033658241,-0.96209217,0.35238513,-0.91906542,-1.7131975,-1.8314094,-1.6769928,-1.9988413,-1.9809289,-1.5815195,-1.5697394,-1.9355611,-1.5867646,-1.907789,-1.9414498,-1.5755721,-1.6452909,-1.9856569,-1.7143021,-2.0332961,-1.9173693,-1.7359968,-1.7756773,-1.9130284,-1.5679457,-1.9390173,-1.9916643,-1.6717258,-1.568392
-1.8007632,-0.019967821,-0.95902817,0.36194499,-0.90946351,-1.7225277,-1.8331576,-1.6734829,-1.9944542,-1.984544,-1.5867054,-1.5697594,-1.9344779,-1.5884648,-1.9116339,-1.9346264,-1.5702441,-1.6452469,-1.9883686,-1.7124465,-2.0350697,-1.914826,-1.7373081,-1.7789813,-1.9191679,-1.5679985,-1.9423583,-1.9907163,-1.6743501,-1.5689565
-1.8128942,-0.017458525,-0.95191344,0.36563742,-0.91201269,-1.7411881,-1.8369231,-1.6725116,-2.0033784,-1.9834002,-1.5891287,-1.5699593,-1.9363243,-1.5907914,-1.9226023,-1.9383983,-1.5793506,-1.6466092,-1.9928533,-1.7190445,-2.0369723,-1.9148736,-1.7339458,-1.7805131,-1.9183199,-1.5704128,-1.9358687,-1.9914698,-1.6770531,-1.5707307
-1.8127896,-0.0068309209,-0.9440457,0.36642143,-0.89714248,-1.7542265,-1.8410173,-1.6766838,-2.0131651,-1.9838292,-1.5905503,-1.5717383,-1.9385153,-1.591127,-1.9220834,-1.9378474,-1.5844611,-1.6510474,-1.9883338,-1.7218853,-2.0321029,-1.9153965,-1.7327018,-1.7779601,-1.912808,-1.5739485,-1.9334373,-1.9955047,-1.6765545,-1.5726086
-1.7941748,-0.001443316,-0.9391381,0.3732752,-0.8924265,-1.7568581,-1.8376851,-1.6732842,-2.002591,-1.9864843,-1.5913743,-1.5730775,-1.9378998,-1.586608,-1.9145824,-1.9417888,-1.5812535,-1.6492018,-1.9926795,-1.72019,-2.0255245,-1.9139228,-1.7324665,-1.7728239,-1.9177433,-1.5767322,-1.9381952,-1.994265,-1.6778142,-1.5728506
-1.7944885,-0.0015171188,-0.94087783,0.37992664,-0.90100874,-1.7385565,-1.8394931,-1.6745646,-2.0047283,-1.98724,-1.5896133,-1.5804932,-1.943242,-1.5840354,-1.9203379,-1.9486122,-1.5824767,-1.6470486,-2.0007102,-1.7194339,-2.0348762,-1.9240959,-1.7380142,-1.7782304,-1.9219832,-1.5786451,-1.9427781,-1.9964769,-1.6791526,-1.5781502
-1.8034822,-0.00088979491,-0.94274739,0.38235454,-0.89824713,-1.7303029,-1.8439609,-1.6725778,-2.0092654,-1.9865047,-1.5915197,-1.5839512,-1.941888,-1.5838788,-1.9222249,-1.9478493,-1.5817428,-1.6472244,-1.9966775,-1.7213126,-2.0385524,-1.9284694,-1.7366693,-1.773725,-1.9256466,-1.5806109,-1.9461541,-2.0016299,-1.6760297,-1.5818945
-1.812685,0.0016195005,-0.93952759,0.38427663,-0.89323374,-1.7287479,-1.8450068,-1.6736595,-2.0050283,-1.9884246,-1.5944923,-1.5830517,-1.9403616,-1.5849749,-1.9236874,-1.9539098,-1.5866358,-1.6491578,-1.9922275,-1.7260778,-2.0350374,-1.9245,-1.7331053,-1.7692496,-1.9322609,-1.584107,-1.9506321,-2.0061266,-1.6779192,-1.5826434
-1.8149857,0.0059369648,-0.94178664,0.38351791,-0.8849914,-1.7240827,-1.840569,-1.6777655,-1.996029,-1.9905283,-1.59467,-1.5834515,-1.9423803,-1.58757,-1.922791,-1.951155,-1.5866358,-1.6524096,-1.9961212,-1.7298121,-2.031587,-1.9211486,-1.7413764,-1.7796721,-1.9384852,-1.5857165,-1.957419,-2.0101858,-1.6814882,-1.5820097
-1.8243977,0.0038335848,-0.94394183,0.38549058,-0.88924003,-1.7444178,-1.8442896,-1.6773019,-2.0010536,-1.9945111,-1.5971741,-1.5857501,-1.9409032,-1.5926035,-1.9230033,-1.950816,-1.5915016,-1.6554416,-2.0051254,-1.7342108,-2.0448406,-1.9323913,-1.7494459,-1.7891635,-1.9364331,-1.5881044,-1.9579962,-2.0079982,-1.6817244,-1.5859268
-1.8314045,0.0016195005,-0.94311092,0.38389727,-0.89629276,-1.7616429,-1.8524182,-1.6765293,-2.0085905,-2.0033752,-1.6007121,-1.5879688,-1.9505289,-1.5920442,-1.9298911,-1.9591227,-1.5991402,-1.6542552,-2.0096449,-1.7310034,-2.0500002,-1.9380008,-1.7450077,-1.7848984,-1.93182,-1.5871149,-1.9531334,-2.0007549,-1.6787327,-1.5905698
-1.8303587,-0.0013326118,-0.94378604,0.38207634,-0.90385532,-1.7664276,-1.840554,-1.6718714,-1.9866923,-1.9995355,-1.595397,-1.5853903,-1.9559449,-1.5914402,-1.9263764,-1.9572579,-1.5936763,-1.6539696,-2.0163546,-1.7264214,-2.0385846,-1.9340789,-1.740704,-1.7731243,-1.9401981,-1.5822864,-1.9632089,-2.0050571,-1.6816719,-1.5874822
-1.8420714,-0.0074582448,-0.95139412,0.37744816,-0.9067019,-1.7634371,-1.8579319,-1.678494,-2.0177023,-2.0022928,-1.5992258,-1.5849906,-1.963478,-1.5992924,-1.9417559,-1.9659884,-1.597482,-1.6606488,-2.0180929,-1.7399841,-2.0577396,-1.9542825,-1.7547582,-1.7894038,-1.9363822,-1.5893973,-1.9611448,-2.0148526,-1.6881015,-1.5932887
-1.8386203,0.0027634441,-0.95051127,0.37924379,-0.89004727,-1.7588916,-1.8693627,-1.6828428,-2.0358508,-2.0064593,-1.6043794,-1.5882287,-1.9633057,-1.5971224,-1.9448223,-1.9623013,-1.5956335,-1.6621649,-2.0127738,-1.7388615,-2.0561917,-1.9547817,-1.7540185,-1.7965825,-1.9346184,-1.5956639,-1.9598504,-2.0167242,-1.687288,-1.5963418
-1.846882,0.014239781,-0.94498048,0.38829784,-0.88316449,-1.7617625,-1.8607709,-1.685536,-2.020777,-2.0053564,-1.6014068,-1.5925462,-1.9597115,-1.5950867,-1.9358588,-1.9483579,-1.588892,-1.6606708,-2.0089844,-1.7336609,-2.0474204,-1.9433488,-1.748807,-1.7946301,-1.937722,-1.5943314,-1.965273,-2.0170888,-1.6870256,-1.5939454
-1.8424897,0.015162316,-0.94503241,0.39388707,-0.88044537,-1.7660687,-1.8602629,-1.685845,-2.0170273,-2.0055198,-1.6008413,-1.5938654,-1.9608439,-1.5989121,-1.9354107,-1.9436536,-1.588294,-1.6638347,-2.0018923,-1.7293997,-2.0486136,-1.939522,-1.7494459,-1.7942396,-1.9408596,-1.595598,-1.9642234,-2.0190819,-1.6879703,-1.5962726
-1.8345418,0.015826541,-0.9441236,0.39464579,-0.8809552,-1.7797052,-1.865149,-1.6809222,-2.0256516,-2.0066023,-1.6059141,-1.5957443,-1.9572989,-1.6004333,-1.9367552,-1.9509431,-1.5911754,-1.6644499,-2.0042911,-1.729583,-2.0519351,-1.9427784,-1.7502192,-1.7941195,-1.9448621,-1.6006376,-1.9655878,-2.014804,-1.6830628,-1.6004086
-1.848869,0.017044287,-0.94417553,0.39560684,-0.88503389,-1.7759971,-1.8690489,-1.6813196,-2.0342759,-2.0090124,-1.6091452,-1.5990024,-1.9573727,-1.5997398,-1.9402462,-1.9564103,-1.5960684,-1.6620111,-2.0043954,-1.7330882,-2.0498067,-1.9431349,-1.7480337,-1.787872,-1.9456423,-1.6009147,-1.9655353,-2.0085572,-1.6803598,-1.5996367
-1.8329731,0.014350485,-0.94238387,0.40233415,-0.8952306,-1.7730066,-1.8553319,-1.6788472,-2.0094154,-2.0079503,-1.6051225,-1.5967637,-1.9620994,-1.5981739,-1.9420153,-1.9527231,-1.5970471,-1.6613519,-2.0003974,-1.7223435,-2.0424543,-1.9383573,-1.7421834,-1.7788311,-1.9562083,-1.597313,-1.969681,-2.0168457,-1.6872355,-1.5974593
-1.8386203,0.012579217,-0.94046237,0.40536902,-0.89884194,-1.783533,-1.8535837,-1.6785602,-2.0048033,-2.0152009,-1.6085959,-1.5947049,-1.9666784,-1.6003215,-1.950625,-1.9640389,-1.6076486,-1.6629558,-2.0122175,-1.7284833,-2.0606096,-1.9519294,-1.7550272,-1.792888,-1.9566153,-1.604358,-1.9697684,-2.0228737,-1.6927466,-1.6044525
-1.8700983,0.016232456,-0.93947566,0.403017,-0.88507637,-1.7877196,-1.869034,-1.6818053,-2.0283514,-2.0166102,-1.6142988,-1.5938254,-1.9638719,-1.6034534,-1.956522,-1.969167,-1.6100136,-1.6701185,-2.0114179,-1.7392738,-2.0725411,-1.9643368,-1.7586248,-1.7924375,-1.9447434,-1.6094373,-1.9637512,-2.0169673,-1.6933502,-1.6066645
-1.8553528,0.012210203,-0.94176068,0.39798416,-0.88749809,-1.7621213,-1.8678834,-1.6784277,-2.0214145,-2.0072354,-1.6093068,-1.5918066,-1.957742,-1.6026033,-1.9472755,-1.9608603,-1.5992489,-1.6695692,-2.0055078,-1.7336839,-2.0535797,-1.9521433,-1.7527745,-1.7851387,-1.9457271,-1.6074847,-1.965168,-2.0170402,-1.6893874,-1.6049825
-1.8489735,0.0084093588,-0.94801852,0.39140859,-0.89200164,-1.7401116,-1.8691236,-1.6788692,-2.0254266,-2.0073376,-1.6071419,-1.5951847,-1.9600807,-1.6019098,-1.9493748,-1.9650136,-1.6000644,-1.6635271,-2.0112441,-1.7367079,-2.0445504,-1.9493386,-1.7497485,-1.7910858,-1.9451504,-1.6071417,-1.9658502,-2.0165541,-1.6816457,-1.6091069
-1.8577581,0.015199217,-0.94858977,0.39376062,-0.88911257,-1.7588916,-1.8669122,-1.6774785,-2.0198771,-2.0111365,-1.6080628,-1.5968237,-1.958579,-1.5985989,-1.9486436,-1.9660308,-1.6004994,-1.6590669,-2.009193,-1.732378,-2.0435507,-1.9513352,-1.7480673,-1.7924074,-1.9465242,-1.6040414,-1.9685615,-2.0188146,-1.6831416,-1.6090033
-1.8640327,0.018298935,-0.953783,0.39234434,-0.89263894,-1.7971695,-1.8654927,-1.6742997,-2.0096029,-2.009237,-1.6082243,-1.5943052,-1.9548125,-1.596496,-1.9429589,-1.9660732,-1.5991402,-1.6610223,-2.0112093,-1.7318511,-2.0428413,-1.949909,-1.7483363,-1.7882024,-1.9476775,-1.6038303,-1.9711153,-2.0201757,-1.6845587,-1.6068488
-1.8538887,0.014276682,-0.95705474,0.38938534,-0.89650519,-1.809849,-1.866434,-1.6768162,-2.0029285,-2.0091962,-1.6084828,-1.5956244,-1.9570035,-1.5979949,-1.9441147,-1.9655222,-1.596884,-1.6633513,-2.0102011,-1.7319885,-2.0398423,-1.9491484,-1.7458819,-1.7866405,-1.9506963,-1.6040414,-1.9716751,-2.01687,-1.6846637,-1.604994
-1.8455225,0.0070809083,-0.95736633,0.38819668,-0.90292062,-1.8091313,-1.8643122,-1.6762423,-2.0017661,-2.0141389,-1.6083697,-1.5959842,-1.9600069,-1.6004781,-1.9455064,-1.9705232,-1.597482,-1.6615716,-2.0026223,-1.7294226,-2.0383267,-1.9477936,-1.7420489,-1.7830362,-1.9517648,-1.6049385,-1.9705556,-2.0198354,-1.6847686,-1.607229
-1.844895,0.011693584,-0.95471778,0.39259725,-0.90593715,-1.7940594,-1.8644467,-1.6738581,-2.009078,-2.015732,-1.6122147,-1.594645,-1.9600807,-1.5967645,-1.9471811,-1.9679803,-1.6000101,-1.6621429,-2.0090539,-1.7298579,-2.0382944,-1.9476272,-1.747294,-1.7821952,-1.9511712,-1.6064557,-1.9709754,-2.0229953,-1.6827217,-1.6083235
-1.8538887,0.0070440069,-0.95484762,0.39090278,-0.90105122,-1.7858057,-1.8691834,-1.6770811,-2.0138776,-2.0173251,-1.6142826,-1.5953645,-1.9605485,-1.5956459,-1.9499174,-1.9555627,-1.5987868,-1.664384,-2.0124957,-1.7282771,-2.0483234,-1.9508836,-1.7542203,-1.7874214,-1.9496278,-1.6061259,-1.9701883,-2.0245509,-1.6826167,-1.6071829
-1.868425,-0.0038050058,-0.96224797,0.38508593,-0.90716925,-1.801715,-1.8707374,-1.6775889,-2.0117402,-2.0130564,-1.6076589,-1.5956644,-1.963158,-1.598666,-1.9509552,-1.9462812,-1.5990858,-1.6647135,-2.0066551,-1.7269942,-2.0532895,-1.9518106,-1.7465207,-1.7858295,-1.9502045,-1.6071813,-1.9694361,-2.0228494,-1.6808322,-1.6089802
-1.8714578,-0.0011850061,-0.96217007,0.38794377,-0.915709,-1.7902316,-1.8668225,-1.6771474,-2.009078,-2.0099519,-1.6052356,-1.5986626,-1.962838,-1.595288,-1.9450818,-1.9422126,-1.6003363,-1.6629339,-2.0066899,-1.726284,-2.0442924,-1.9476748,-1.7401324,-1.7860398,-1.9549702,-1.6071153,-1.9759607,-2.0172346,-1.6829579,-1.6084733
-1.8777324,-0.006388104,-0.96063807,0.39082691,-0.9222094,-1.8060212,-1.8619364,-1.6756904,-2.0021035,-2.0161405,-1.6080466,-1.6015809,-1.9599084,-1.5958025,-1.9434542,-1.9414922,-1.605039,-1.6641203,-2.0052297,-1.7236035,-2.0511289,-1.9494099,-1.7486725,-1.7947202,-1.9631788,-1.6059675,-1.9837796,-2.015363,-1.6861333,-1.6118374
-1.8615229,-0.018085849,-0.96772682,0.39214202,-0.92263427,-1.8283898,-1.8710213,-1.6748736,-2.0241892,-2.0232073,-1.6176106,-1.6022206,-1.9662106,-1.6069657,-1.9604141,-1.9645475,-1.6178152,-1.6673721,-2.0061684,-1.7313012,-2.071606,-1.9634574,-1.762794,-1.7988952,-1.960991,-1.6118648,-1.9777449,-2.0189118,-1.68902,-1.6192338
-1.8437446,-0.013620779,-0.96884337,0.39024522,-0.91226761,-1.7927436,-1.880674,-1.6801275,-2.0478498,-2.0214712,-1.6200986,-1.6011212,-1.9694849,-1.6059814,-1.9636692,-1.9800589,-1.616293,-1.665153,-2.0081848,-1.7409692,-2.0688004,-1.9664998,-1.7614828,-1.7939393,-1.9493226,-1.6148331,-1.9669872,-2.0216827,-1.6885739,-1.618485
-1.8561894,-0.011480498,-0.96775279,0.38829784,-0.91957525,-1.7751597,-1.8750408,-1.6807677,-2.0283139,-2.0148946,-1.6125217,-1.599762,-1.9597853,-1.6012611,-1.9515921,-1.9693365,-1.6074311,-1.6625164,-2.009193,-1.7356541,-2.0491295,-1.9535457,-1.7553971,-1.7858295,-1.9504758,-1.6100837,-1.9655703,-2.0198111,-1.6893087,-1.613796
-1.8537841,-0.013657681,-0.97206317,0.38452954,-0.92373891,-1.7775521,-1.8693627,-1.6768604,-2.0099029,-2.0117901,-1.6098883,-1.6008014,-1.9577913,-1.5983528,-1.949823,-1.9584022,-1.6014508,-1.659792,-2.0128085,-1.73389,-2.0389716,-1.9488157,-1.7493786,-1.7809637,-1.9532912,-1.6065612,-1.968474,-2.0174048,-1.6877604,-1.6120909
-1.8526338,-0.013952892,-0.97484155,0.37714467,-0.92658549,-1.7942986,-1.8697363,-1.6729972,-2.0115903,-2.0130564,-1.6097591,-1.6018608,-1.9619517,-1.596496,-1.9491154,-1.9495446,-1.6022391,-1.6592207,-2.0091234,-1.7345773,-2.0399713,-1.9534269,-1.7495467,-1.7843578,-1.9532742,-1.6072209,-1.9714477,-2.0137831,-1.6788639,-1.6103282
-1.8492873,-0.015908666,-0.97876244,0.37142898,-0.93117401,-1.7892747,-1.8704834,-1.6710104,-2.0124152,-2.0139142,-1.608919,-1.5995621,-1.9572743,-1.5961828,-1.9430532,-1.9513246,-1.6085185,-1.6601874,-2.0011274,-1.7299266,-2.0372303,-1.9509549,-1.7553634,-1.7905152,-1.9510016,-1.6075639,-1.9675819,-2.0129081,-1.6744551,-1.6078742
-1.8493918,-0.023473454,-0.98185241,0.37125195,-0.93423303,-1.7921455,-1.870334,-1.6766617,-2.0075031,-2.015732,-1.6089513,-1.6003816,-1.9564619,-1.5913731,-1.9443977,-1.9604789,-1.610231,-1.6575509,-2.0025876,-1.7267193,-2.0337798,-1.9495525,-1.7543548,-1.7874815,-1.950832,-1.6064293,-1.9659901,-2.0155818,-1.6831416,-1.609395
-1.8762684,-0.03125965,-0.98115132,0.37259235,-0.94659654,-1.8231266,-1.8684064,-1.6767721,-2.0123027,-2.014772,-1.6100014,-1.6008813,-1.9583082,-1.5922008,-1.9473463,-1.9600551,-1.6039245,-1.656672,-2.0040825,-1.7244741,-2.0341023,-1.9519294,-1.7489415,-1.7767286,-1.9520022,-1.6071945,-1.9703457,-2.0172832,-1.6862383,-1.6110655
-1.8804515,-0.032698805,-0.9870716,0.36806533,-0.95046279,-1.8198969,-1.86488,-1.6686263,-2.0102404,-2.0110752,-1.6086605,-1.5974433,-1.9565111,-1.593901,-1.9501296,-1.9554779,-1.6015323,-1.6586714,-2.0031786,-1.7256196,-2.0457113,-1.9573012,-1.7462181,-1.7735147,-1.9540544,-1.6088304,-1.97185,-2.0161895,-1.6802811,-1.6116531
-1.8581764,-0.03705317,-0.99242063,0.36432231,-0.952927,-1.8110452,-1.8643421,-1.6657786,-2.0003037,-2.0104829,-1.6090644,-1.5984028,-1.9616809,-1.5950195,-1.9513562,-1.9489088,-1.6022119,-1.662055,-2.0011622,-1.7230537,-2.0476139,-1.9562078,-1.7433266,-1.7755872,-1.9545462,-1.6079597,-1.9703457,-2.0141963,-1.6730642,-1.6108927
-1.8446858,-0.047939085,-0.99795142,0.36090807,-0.97051633,-1.807337,-1.8604272,-1.6640346,-1.9952041,-2.0087877,-1.6066734,-1.599742,-1.965669,-1.5971,-1.9477001,-1.9359826,-1.59808,-1.6622308,-2.0010927,-1.7166619,-2.0397778,-1.9464863,-1.7427886,-1.7818948,-1.9562931,-1.6068383,-1.9735467,-2.0157033,-1.6714896,-1.6084272
-1.836215,-0.058935703,-1.0012232,0.35549588,-0.9796084,-1.7805425,-1.868257,-1.6689133,-2.0114028,-2.0149763,-1.607255,-1.5998619,-1.9649059,-1.5928495,-1.9557672,-1.9439503,-1.5989771,-1.658232,-2.0087062,-1.7238326,-2.0479364,-1.9505983,-1.7495467,-1.7915965,-1.9518157,-1.6110072,-1.9698909,-2.019009,-1.6760821,-1.6120448
-1.8400844,-0.052773168,-1.0011453,0.35600169,-0.9681371,-1.7826957,-1.8716041,-1.6716727,-2.0094904,-2.0186527,-1.6102276,-1.5976832,-1.9593422,-1.5914849,-1.9518516,-1.9514517,-1.5978354,-1.6582979,-2.0062379,-1.7231453,-2.0433573,-1.9522622,-1.7491433,-1.7856193,-1.9510185,-1.6088568,-1.9667423,-2.0144637,-1.6753211,-1.6118835
-1.8611046,-0.057090633,-1.009013,0.35046304,-0.98033066,-1.7977676,-1.8679731,-1.6669707,-2.0044283,-2.0148537,-1.6073196,-1.5924063,-1.9520552,-1.5933865,-1.9425815,-1.9539946,-1.5990858,-1.6562106,-2.0012317,-1.7195485,-2.0378752,-1.9490058,-1.7447387,-1.777089,-1.9541392,-1.606271,-1.9720774,-2.0118386,-1.6766857,-1.6087152
