R,R.1,R.2,R.3,R.4,R.5,R.6,R.7,R.8,R.9,V,V.1,V.2,V.3,V.4,V.5,V.6,V.7,V.8,V.9,L,L.1,L.2,L.3,L.4,L.5,L.6,L.7,L.8,L.9,g,g.1,g.2,g.3,g.4,g.5,g.6,g.7,g.8,g.9,E,E.1,E.2,E.3,E.4,E.5,E.6,E.7,E.8,E.9,N,N.1,N.2,N.3,N.4,N.5,N.6,N.7,N.8,N.9,J,J.1,J.2,J.3,J.4,J.5,J.6,J.7,J.8,J.9,A,A.1,A.2,A.3,A.4,A.5,A.6,A.7,A.8,A.9
0.0442118634987876,0.0193145366649195,-0.0594229495785597,-0.1628239999256115,0.17923828787569,-0.1263448267994581,-0.1284158590191756,0.1651066385120325,0.0324601103481049,-0.056450436966005,0.268251952279774,0.0384498438947602,-0.1024416812711158,0.4058272991523982,0.1922329790036233,0.2285280878908804,1.6131600785167102,-0.7729452338688801,1.3635221162328794,-0.1292729217099509,0.0100960219821871,-0.0228481767080186,-0.0132774751791444,-0.0125278963927853,-0.069051026545677,-0.0959862193384033,-0.1230368152620358,-0.0353319385125855,-0.1408286459466326,0.0584121966370958,0.3405774769622545,-0.0332993769000144,0.0474722862863697,-0.128326997942373,-0.0429678546681593,-0.0295550447609934,-0.1647168410946964,-0.0797677337867312,-0.0469611064244615,-0.105031376226858,-0.2790515018228292,-0.0724895373127232,-0.0197521944842824,-0.0779778988855516,0.1660334954347261,-0.1709379848857157,-0.2306566468380574,-0.0364261481143597,-0.409619804090348,-0.1765681682353055,0.085534393269589,0.124560569112312,-0.0043484257192932,0.2936357105129319,0.3014200723675445,-0.2951231306832852,0.1083841356745815,-0.1271220907908758,0.0294870527138569,0.2554537062792466,0.4317862556693667,-1.0040412835365753,-0.858740114291607,-0.9182902491306116,-0.8719698122718936,-0.4313800812221714,-0.0608036414043419,0.1531608163082055,0.3997878588336549,0.2317409300143909,0.2155606690977847,0.1685028775166714,0.0099013632387143,0.1007668099572162,0.0204958223221392,0.2870997224257007,0.1994847950099869,0.1651179486969333,0.2876937244903118,-0.0183384319941395
0.0582039362335976,0.0096258169403445,-0.0718835332873864,-0.1556568621600454,0.1663598003478466,-0.1140915402625876,-0.0791260462222673,0.1875701673179793,0.0518508301094125,-0.019481872674125,0.283438635347338,0.0779414913117782,-0.037163952768223,0.4032464492949687,0.2137072915077137,0.2443167334696659,1.645437981576162,-0.7312390900259111,1.4011839350290307,-0.0847027241704209,0.011744500140345,-0.0363424293469076,-0.0203059023714441,-0.0128828598781775,-0.0642400306299613,-0.1007818467320251,-0.1264560722640623,-0.0359117898302458,-0.1484256742798977,0.0570816573269557,0.3470788908681191,-0.0499507802386506,0.0464862076751077,-0.1248893643736,-0.0336374841952747,-0.0104619981058247,-0.1599199691553174,-0.0793289660286405,-0.062240028393863,-0.1056507443474793,-0.272055977439008,-0.0667935058521891,-0.0337445825848598,-0.0673064815644288,0.1597319653133176,-0.1623291105675076,-0.2363976664535841,-0.0408962332235857,-0.4043873273211103,-0.1708958601147439,0.0952563477013214,0.0820231918998165,-0.0589684210061361,0.2556942033051387,0.3747365572914058,-0.2730150108752764,0.1292138351727458,-0.1096804399541488,0.0365567702611916,0.2802212366475697,0.3937352452505662,-0.9757825134124456,-0.7641860108365801,-0.9777250137272752,-0.8857507229884095,-0.3461605515982413,0.0716455446642925,0.0916466700766637,0.4184741256827685,0.2148752182256114,0.1529824674154711,0.1580457046333971,0.0478410217929429,0.1224255337890024,0.0690640695131485,0.2878129758303788,0.1633113793816194,0.0850193088608802,0.451874610281052,0.0609907311170264
0.0911482055547033,-0.0192386273407435,-0.0715080202987443,-0.1355625512736612,0.133035695594516,-0.0886932161621246,-0.0237886708667052,0.1866067015557288,0.0474061735692912,0.0184207921105899,0.2957882495987645,0.1130138233580241,0.023282368232268,0.3993408045856031,0.2317386129921265,0.2549530704648415,1.6751710590367357,-0.6828259582957157,1.4400240402447797,-0.0393186998678349,0.0166671312110812,-0.0459467475497885,-0.0282770841075529,-0.0130652335205202,-0.063900504622006,-0.1039338890126059,-0.1279256069297019,-0.0378886245597647,-0.156231609112759,0.059522094288817,0.3478648078352649,-0.0546280786090705,0.0417534824734007,-0.1080540199282509,-0.0301980186397653,0.010213285933451,-0.1510690018494943,-0.080834509820352,-0.0794859096880908,-0.1144545530872732,-0.2584652165515416,-0.0629980799316349,-0.0411835781995997,-0.0537450832960066,0.1475462435769604,-0.1506655537344468,-0.2387446261351146,-0.0475523958800143,-0.3988261813823321,-0.1687852214532527,0.0981584416777329,0.0601199003016542,-0.1070583178447642,0.2426366646028363,0.4438410461263964,-0.2714168713704537,0.1469650793813848,-0.1000160998027012,0.0723657944421201,0.3019608276762913,0.2953808994361516,-0.9640153465196888,-0.6524279672826278,-1.0475153165725917,-0.9390002228924346,-0.2549550963414615,0.2011811016268672,0.0650751678781119,0.4212587633652396,0.2302174895179585,0.0980090950466151,0.1347537432652231,0.1074271995675446,0.1359756226746066,0.131486808225426,0.2483186763785546,0.1095811407208138,0.0183803520619344,0.648948975271956,0.1623594014013046
0.1346707558186795,-0.0615750357778246,-0.0588024841316942,-0.106868825897427,0.0895737733609351,-0.0597094278533588,0.022951060960956,0.1630330324890913,0.0187835624688938,0.051028025317472,0.3021265667894489,0.1456012951827248,0.0768885209182798,0.3949966571190797,0.2469527120049997,0.2608122898841294,1.7011916901220754,-0.6280412888542781,1.4776865635665215,0.0064900544386533,0.0226586391753242,-0.048988708513683,-0.034146105861055,-0.0131271573892229,-0.0695016950891369,-0.1050206420820073,-0.1277654995888606,-0.0433250428392979,-0.1626716754329739,0.0656539606517035,0.3422064914761829,-0.0447798024059619,0.0322813103491513,-0.0821268936679325,-0.0365982400555252,0.0261515578342679,-0.1386164205592126,-0.0842922922702695,-0.09660496827613,-0.1296509416523796,-0.2426368298605524,-0.0594202001469839,-0.0408340305346777,-0.0359891400786126,0.1329063333091415,-0.1360994419988672,-0.2393161557261513,-0.0560280711924061,-0.3933831705191795,-0.1703530230478592,0.0997286077945274,0.0623011701039227,-0.1411184298725334,0.2646560001802604,0.5003080439875551,-0.2867924362009351,0.1617944112886304,-0.1019859731878915,0.126472915870398,0.3188684508851371,0.1634283286689492,-0.9686607499778616,-0.5341246321137222,-1.1137438037757863,-1.0267155818696747,-0.1584039534812037,0.2990678355242604,0.0813098704186883,0.4014544226645968,0.2798355928888291,0.0640382076250146,0.0979592545108779,0.1661344693040412,0.139365648835737,0.1948983992988435,0.184476123756295,0.0376089900296478,-0.00756919874195,0.8288840381533226,0.2652243106604782
0.176858110669355,-0.1080226645760511,-0.0375007469098566,-0.0753690527454902,0.0486209476242362,-0.0369081516315814,0.0491907080350911,0.1232384742084018,-0.0256905246432639,0.0722271586504895,0.3017340781989727,0.1770582599676793,0.123058338805752,0.3899356896930921,0.2604018540807279,0.2625966052131038,1.7213756662150093,-0.5676609704494237,1.5116120852293722,0.0513875121907397,0.026447162938506,-0.0456634244004472,-0.0362104739105101,-0.0129020260369519,-0.0802285450344116,-0.1048230802679617,-0.1261098514101876,-0.0531178300904367,-0.1665818729788227,0.0740730211589191,0.3331345397723044,-0.0228570343742253,0.0195244261574409,-0.054916043707398,-0.0554875969089272,0.0315133086362323,-0.1241844565120914,-0.0901384520092198,-0.1097481928263256,-0.1461881022312877,-0.2289772311632514,-0.0536821002498256,-0.0336724807717601,-0.0148137379234154,0.1212029881020435,-0.1200292560055877,-0.2407072567631258,-0.0659684545868386,-0.3888016878618445,-0.1729724095960941,0.108489080110968,0.0853839980111276,-0.1581197670884618,0.3208797501498361,0.538570682055479,-0.3093797623175973,0.1741041552912769,-0.1185339935143924,0.1839980218299048,0.3312181709976289,0.0364095055086211,-0.986417628943261,-0.4185648980905032,-1.1638309136609644,-1.1326055831274744,-0.0589027464203444,0.3464233895615523,0.1346508532414529,0.3576100542945852,0.3521320325305005,0.0536688809519383,0.0517782029577187,0.1989713807238038,0.130777546103774,0.2420392836938915,0.1183087206407899,-0.0437469648621773,0.0176209738118814,0.9305893836328892,0.3438943451516491
0.2058094718966773,-0.147778483216816,-0.0140551396872647,-0.0480027247981908,0.0214226874940698,-0.0274944209977722,0.0486504792204996,0.0779755297433293,-0.0717172488920307,0.0769873094603103,0.2966234319398522,0.2072542356876343,0.1622038613620807,0.3834529149757332,0.2735785685640235,0.2613996362994686,1.7338308003512588,-0.5028214043976718,1.5403135614757768,0.0939532614186853,0.0258533747027753,-0.0387140096749291,-0.0351711531900488,-0.0117420743098718,-0.0929046002098042,-0.1047165670057711,-0.1233045308035812,-0.065940640138997,-0.1680956421931167,0.0821267252130879,0.3254776985458363,0.0039738091904615,0.0065807306901304,-0.0339517626906785,-0.0854791841075758,0.0242131104860625,-0.1113026561958202,-0.0984632882969079,-0.1138696080252718,-0.1585632357736893,-0.2201994261012036,-0.0449360241767183,-0.0221374395187898,0.0067708967629436,0.1168202313813706,-0.1038485773582621,-0.2438687267612885,-0.0770779356691401,-0.3857463009167556,-0.1737621402936343,0.1327516991188335,0.1225974142514692,-0.1594697953690792,0.3997145135427443,0.5585034705108458,-0.3278064531293329,0.1857929742630585,-0.1492911163767682,0.2314609314788081,0.3411356049870991,-0.04863989177989,-1.0144804796869376,-0.3083783120827462,-1.1878428456869294,-1.2355238386641716,0.0392736693745491,0.3387427981486794,0.205073035608157,0.2967242289221072,0.4239804164054744,0.0581039855529752,0.0034863214431512,0.1865878695310752,0.1074655119054325,0.2556279975149595,0.0674451044742617,-0.1165511433288423,0.0820977246189416,0.9004824332524559,0.3718762107785265
0.2130597234753757,-0.1710139762334504,0.0039808942277581,-0.0322851671226227,0.0147016697021437,-0.0345041322604727,0.0220790881515728,0.0396708991027969,-0.1041782278908037,0.0630472699282388,0.2901146359782319,0.2349118467868533,0.1949764036028881,0.3754217091759431,0.2874494999283565,0.2590151931969012,1.7384144411002438,-0.4354244133946079,1.5640453557392524,0.132862518868673,0.0211656559546142,-0.0318241681013337,-0.0335717958656843,-0.0090023974570208,-0.1032688093805981,-0.1055437405898985,-0.1204036828092829,-0.0784035540593879,-0.1687945784224576,0.086967422041928,0.3223005390356844,0.0265014095201157,-0.0040357911381538,-0.0233311831813615,-0.1195058343026443,0.0076721533781614,-0.1041577436893029,-0.1081284023403237,-0.1053077666859173,-0.1636030340880467,-0.2163250662181089,-0.0344622531868537,-0.008994084316623,0.0253159340551905,0.1206679025408358,-0.0881455282002066,-0.2473125469347403,-0.0884033775322045,-0.384238986669171,-0.1720601843229973,0.1768943335443091,0.1668553543991706,-0.1488078139650117,0.4831207962566524,0.5660971095745003,-0.3341572980956931,0.2009102023116629,-0.1893081325371693,0.2600427399015843,0.3524308134386884,-0.0676783428352167,-1.052806018920089,-0.1994635573910607,-1.1794072141129357,-1.3173469761204963,0.1307155181371749,0.2869214346883077,0.2629947504752002,0.2339904256559852,0.4692028867527935,0.0611578057678654,-0.0399688471087723,0.1220140498137083,0.0662947895641442,0.2242251520009297,0.0365624553405264,-0.1607397650741074,0.15483679260489,0.7137478398370517,0.3305802543615689
0.1958965436563941,-0.1710831743960847,0.0103118279169731,-0.0346776447971303,0.0290580123938147,-0.0566375208465939,-0.0231007200418367,0.0188776931593476,-0.112523212583268,0.0324517151752428,0.2850281434743741,0.2587461217088462,0.2219141257534675,0.366547753036023,0.3014991998425663,0.257756374147105,1.7372289520512487,-0.3684058502031285,1.5842617379271515,0.1665035820578822,0.0146264680892627,-0.0278799040621048,-0.034057337591926,-0.004902452216993,-0.1080485538321509,-0.1069726116714027,-0.1190220938577876,-0.0866527339333885,-0.1706380773997479,0.0870727754753137,0.3227846680539928,0.0375747632570698,-0.0118528698623772,-0.0231879692656375,-0.1466602071041286,-0.0106155552431792,-0.1048723961990595,-0.1169489612867751,-0.0849678064638245,-0.1613307889237323,-0.2149895436784841,-0.0242086316200838,0.0035201132084479,0.0392099374531364,0.1299066436251951,-0.0729472642870843,-0.2489996574880436,-0.0978118737619347,-0.383623912799185,-0.169626150973595,0.2381571563641734,0.2120987060451716,-0.1300343588662226,0.5528844809553871,0.5709216298966984,-0.3267775288782148,0.2240366573951986,-0.2303284692475039,0.2656774769281131,0.3698023577977711,-0.0153297441234154,-1.1023469833410064,-0.0861272732524667,-1.1378998011493509,-1.3678791295994843,0.2090252776445249,0.2138150002763854,0.2800114449191452,0.188807070163994,0.4694280553462618,0.0464994802846505,-0.0754235441152202,0.0137341518613441,0.0056640191698338,0.1473162594976706,0.0155124529162408,-0.1639750090147176,0.1972358742672533,0.3897311749124821,0.2193515104047496
0.158059200827539,-0.1462170848479855,0.0020645053961681,-0.0580270487975434,0.0592734436802979,-0.0890867628834636,-0.0746527040777752,0.0211610674532787,-0.0941667974869203,-0.0081191294461905,0.2827375867947474,0.278275855806099,0.2436565562473875,0.3576621702983925,0.3138833463603545,0.2594553288717489,1.7335413938924358,-0.305118268909936,1.6022831332506593,0.192949551231002,0.0086034208935352,-0.0280925856173677,-0.037744613751237,-0.0009196776819147,-0.1065803170697665,-0.1079296119158239,-0.1203884843020218,-0.0884859203107901,-0.1743346289877372,0.0831466422078671,0.3234394431587403,0.0353559549121054,-0.0176436964590343,-0.0312725806676913,-0.157510394408715,-0.0231291570817812,-0.1115844911214749,-0.1229017124740075,-0.0594807864758382,-0.1537692516788938,-0.2130187919903258,-0.0147720274952965,0.0139356063407779,0.0494072381733316,0.1398816953146871,-0.0584354521040193,-0.2490019468471678,-0.1027297200103158,-0.3832838259576715,-0.1685412564477005,0.305329509537839,0.2527880185615537,-0.1069849162824782,0.5959227102273208,0.5812821525734149,-0.3100040919182529,0.2567203706154942,-0.2639528111409551,0.2478096234478718,0.3968726022151126,0.0955930239815237,-1.1602264974093437,0.0328309330922759,-1.0712090278128168,-1.3850248208759242,0.2662390369917951,0.1464380117028489,0.2415511820702693,0.1784452621089166,0.421316208258421,0.00515037751083,-0.1048116381923119,-0.1160999826403668,-0.0722078843193594,0.0366615868610326,-0.0144940379565148,-0.1287656167758397,0.1791097762402693,-0.007157799566198,0.0609252987348402
0.1087495347818628,-0.1003350902455942,-0.019240336797881,-0.0993860812309049,0.0963036906630582,-0.1247142865797225,-0.1184389093653475,0.0455000361608891,-0.0548196257854823,-0.0486694555995955,0.2833064672655034,0.29361081459906,0.2611748409279883,0.3488206453870391,0.3227135227084908,0.2642688893302323,1.7298628714749322,-0.247940720943995,1.6182693852250487,0.2108847017483014,0.0041033585591341,-0.0321175303173865,-0.0438433380028243,0.0007989650245097,-0.1009404705672618,-0.107712076654073,-0.1243460863079513,-0.0845531788989428,-0.1785898754274647,0.0776299474764727,0.3215042216904099,0.0235836466287942,-0.0212544723712981,-0.0446222285359678,-0.1497660957383382,-0.0263494381835937,-0.1192233431299213,-0.1251688255174847,-0.0386670776656759,-0.1430653064110588,-0.2084873478293089,-0.0047884736848307,0.0213719446614707,0.0580128576616329,0.1465411755157497,-0.0451032289024957,-0.2501445445212423,-0.1019988713947512,-0.3835288034649866,-0.1689781123911197,0.3607916971757808,0.283374028719718,-0.0839430426311497,0.6067480798434577,0.5998451500349514,-0.2919121462515641,0.2945633207477774,-0.2844790699387016,0.208973984914027,0.4337386167990897,0.2386296664511076,-1.2160966590668918,0.1520615091212921,-0.9962440678543808,-1.3721037041975028,0.2934478173085384,0.1063895606330359,0.154634826565406,0.2113681770001873,0.3363498646042042,-0.0601933044725246,-0.1333547542619375,-0.2379455746383444,-0.1598017151187119,-0.0877812072286064,-0.069420106220207,-0.0727185897702282,0.09236152765513,-0.3846174630498555,-0.1027220849507116
0.0602224333918294,-0.0425383225634134,-0.0482432431635958,-0.1497606131397464,0.1302066712553108,-0.155293498264405,-0.1419474122190688,0.0845779582261118,-0.0061639932331113,-0.0785021561195986,0.2860676688515391,0.3046111905702345,0.2754723921833526,0.3391951477195938,0.327383536551642,0.2703985987364705,1.7265563249423466,-0.1971553256853319,1.6312822802204228,0.2209454635148386,0.0008211776109718,-0.0385691429854928,-0.050616132756697,-0.0013259520323581,-0.0946134436293734,-0.1067473848166549,-0.1293288053696745,-0.0778011709135338,-0.1810725672946322,0.0730849157161105,0.3174247461953313,0.0085923993133363,-0.0205093984372782,-0.0600456928685562,-0.1302327450228852,-0.0220421340672304,-0.1226049356656997,-0.1240244077550463,-0.0304163422372594,-0.1305117713292417,-0.2020359909302585,0.0077217251299561,0.0253529537325969,0.0660837845255284,0.1475332043548027,-0.0330669901633325,-0.255778396655959,-0.0973331691480297,-0.3857229667125577,-0.1690897149708052,0.3862088906199155,0.2993133387011102,-0.065193205181022,0.587285114164123,0.6224052814211338,-0.2814861019693902,0.3278433875336116,-0.2895939460390252,0.155613533048473,0.4757238429960227,0.3801746852093232,-1.253519977743445,0.2631025547393585,-0.9347532706519364,-1.3355525302700366,0.2844193662820404,0.102934213792254,0.0458515735749921,0.2824913226754417,0.2343419455624048,-0.136112821418772,-0.1655420702238872,-0.323677064334807,-0.2446742848153576,-0.2060292499323593,-0.1514433819723874,-0.0217421118037325,-0.0441873110414852,-0.6527464188303569,-0.2245237307387798
0.0244885561850033,0.0149272422587838,-0.077294705533166,-0.1963513297140878,0.1529572431347685,-0.1728902454119661,-0.1378828035027856,0.1268050707646175,0.0378157678569261,-0.0892857439140691,0.2900062120226964,0.3104439082238839,0.2869270715802283,0.3279758401545642,0.3288148220854737,0.2751999899409326,1.7218130706279855,-0.1511026535954075,1.6401906377002533,0.226177394009528,-0.0016030015100663,-0.0453883279502606,-0.0567070651854706,-0.0073589375876868,-0.0907443295559483,-0.1062606951866551,-0.1335701275990098,-0.0715628809459008,-0.1803893269718802,0.0706207258837528,0.314228018831945,-0.0047920291240416,-0.0126751245457169,-0.0739926714658032,-0.1113183248124201,-0.0151676883827546,-0.1194192885799515,-0.119891038804488,-0.0364589246450667,-0.1169359887454681,-0.1965620901101728,0.0234185306745284,0.0257943563475864,0.0725770540166055,0.14178456287002,-0.021378406078602,-0.2666437467608312,-0.0928291473398918,-0.3912499267171643,-0.1671403370003416,0.3699079495254395,0.299288475226738,-0.0531550333671124,0.5453554440420264,0.6403527669278978,-0.2857768248375818,0.3461254847199114,-0.279157166453319,0.0985355291415444,0.514618772586393,0.4871573955726379,-1.256282331788641,0.3599377246940481,-0.905162519395532,-1.2843777106497702,0.2411477839485148,0.1321518609215354,-0.0496765917562341,0.3729188200586332,0.1356108810620226,-0.2041666238353574,-0.2012351848571859,-0.3550386227171587,-0.312215538325669,-0.3060845764036674,-0.2447108466594422,0.0001860813685102,-0.1916384034263496,-0.7551663103268447,-0.270998158671853
0.0099168758421019,0.0598550348463714,-0.0982297610938564,-0.2264892952919169,0.1602145332150325,-0.1714797680675844,-0.1068698152327318,0.1596129706829716,0.064584012167583,-0.0775702246004102,0.2939420645030268,0.3100995866927385,0.2950191997943319,0.3154600222518132,0.3285059934821325,0.2769135022018536,1.7127266650617845,-0.107618829178326,1.6444327830659458,0.2308191819429718,-0.002564606959141,-0.0501856068146489,-0.0617239183407568,-0.0159295494741984,-0.0910714972748435,-0.1070889634687474,-0.1365997564530067,-0.0676559659156109,-0.1773872505957761,0.069506287150115,0.3144668257754021,-0.0154248824943336,0.0026285955880036,-0.0832344154692373,-0.1041784449551133,-0.0103494263824073,-0.1108412180993392,-0.1128723372138352,-0.0520898648439938,-0.1035871785212715,-0.1954399712178647,0.0409960556179326,0.0230154170091906,0.0751396512527669,0.1289025962439491,-0.0083789791738997,-0.2796915586072972,-0.0925672665928624,-0.3999855623584652,-0.1637324108006163,0.3122905149549224,0.286594268837278,-0.0467724115417213,0.4926571972184302,0.645021349074167,-0.3071433045522058,0.3440702778987784,-0.2541278744292145,0.0511103406832383,0.5420161829253453,0.5355318734906211,-1.215666265419437,0.4414377655873325,-0.9145583507996357,-1.2298688425604252,0.1772259711268685,0.1818058284526462,-0.1023529247010948,0.4557320191172348,0.0564211834408766,-0.2484099892253201,-0.2342400970221365,-0.3289863250153989,-0.3501600510908366,-0.3871036748103966,-0.3210935229803137,-0.0202199438700235,-0.306701324792501,-0.6874299796915517,-0.2365385775253259
0.0186956853544275,0.0834062118292479,-0.1041093999351986,-0.2317222681860047,0.1517135713076676,-0.1486313475554287,-0.0580249635009055,0.1731923636225333,0.0661726998994664,-0.0458605017285819,0.2969223306537239,0.3034279994236383,0.298917583280213,0.3032375592873488,0.3273296719625122,0.2756462148055069,1.6965099541656858,-0.06567913144457,1.6439129949400402,0.2380400500889095,-0.0008557148745167,-0.0510613197071288,-0.0658231338752466,-0.0252368625720386,-0.0957999686368741,-0.1086783963198692,-0.1396472886088758,-0.0657795048136892,-0.1746795427247574,0.0681580030211698,0.3175003609513868,-0.0245650537383606,0.0218042231678108,-0.0866657060127955,-0.1129179502668843,-0.009611901588184,-0.0997058798016099,-0.1035749365396305,-0.0698203291229826,-0.0923135193151262,-0.2004759687870409,0.058351435246017,0.017609090562898,0.0717473421426674,0.1095718662068042,0.0069529579255289,-0.2899434322587429,-0.0981098194870689,-0.4095791576414975,-0.1617995132668704,0.2261864294480715,0.2679264257640154,-0.0422124259838424,0.442070251212915,0.6313498112351363,-0.3412288908489229,0.3245778581806244,-0.2173002063189543,0.0250964459991217,0.5527773769046248,0.5177185950460836,-1.1342148315330345,0.5084140031392077,-0.9555085116102784,-1.1834599487285795,0.1150641200963204,0.2379359009470922,-0.098128913199727,0.5063693117894285,0.0083872585751573,-0.2611054119943187,-0.2543541655142671,-0.2582076458142481,-0.3529729049742108,-0.455811229686104,-0.3538608070225014,-0.0815655565957964,-0.3589627769786006,-0.495210277944997,-0.1458957143304672
0.0460635446463274,0.0824524726539891,-0.0910780329966803,-0.2106417179199965,0.1307131071471413,-0.1067851864418816,-0.0065762268825272,0.1635417269571261,0.0412767968896245,-0.001810962393811,0.2988844628744334,0.2917526663265677,0.2985414386198747,0.2932067453765627,0.3251883715307189,0.2729280791377525,1.67114881186366,-0.0259757504481421,1.638261212092967,0.2482814298839628,0.003832603366029,-0.0478745194242404,-0.0690333514333233,-0.0341583289715614,-0.1039151326955087,-0.1091887702719375,-0.1444636266362327,-0.064425612114566,-0.1748106097044895,0.0656045212937099,0.3194891522193663,-0.0325743223851665,0.0387318397298463,-0.0866271639287523,-0.1333764572152467,-0.0125435954683584,-0.0882582112754908,-0.0944812233301644,-0.0839179817612821,-0.0847596416917599,-0.2109813081113787,0.0742833897560256,0.0102385378592649,0.0617090732651153,0.0864653961479052,0.0239354165066315,-0.2937772579151255,-0.1079038006420952,-0.4163518639141647,-0.1641455956651192,0.1317449617729712,0.2499677055473388,-0.0359033721804271,0.4041171314206772,0.5994359616132674,-0.3769749415296147,0.2974795992459247,-0.1751136747054018,0.0261336268555824,0.5465846004728919,0.4455338159172342,-1.024399929598565,0.558167094406511,-1.0093788156152934,-1.1528658235391445,0.0770204895843125,0.2888339540059095,-0.0408133001859875,0.5125853612656969,-0.0011626162307772,-0.2442397294536323,-0.2520718764927982,-0.1666711787354755,-0.3239263518639518,-0.5184078057148972,-0.3323680917379943,-0.169015234219243,-0.3418665263317635,-0.2545304260317723,-0.0432618487661391
0.0818456527231169,0.0602849311592282,-0.0600995983265185,-0.1696013978041642,0.1031570501953191,-0.0535191164797545,0.0310462237833189,0.1338465937663537,-0.0041203623131735,0.0442444407904592,0.3009916494231152,0.2775508178679314,0.2951806735441191,0.2862647398826489,0.3217841875430071,0.2704588046133653,1.6355846628813226,0.0099646834759824,1.6263673006002872,0.2595023339719893,0.0096567635693281,-0.0430202662671256,-0.0711707285184691,-0.0426692187674522,-0.1134573243092906,-0.1066774209301638,-0.1515267801496355,-0.0623449366033179,-0.1785368710895447,0.062234467031362,0.3161017856902405,-0.0368025508267467,0.048446656501462,-0.0877787936396663,-0.1566837854818299,-0.0178308223436575,-0.0774983955602999,-0.0900750027071096,-0.0925102151373399,-0.0814751104105853,-0.2244668260445012,0.0889928658729526,0.0015242731634402,0.0455135823544438,0.0639872541528637,0.0406256677942717,-0.290931557648115,-0.1189589428941221,-0.417344471928934,-0.170707325206003,0.0485487768613407,0.2361984737718132,-0.0275196543923139,0.3835773083689849,0.5541663540362534,-0.3996053359493157,0.2751135282429377,-0.1378845229458327,0.0514402112871075,0.5269515777313123,0.3460903532806428,-0.9039644600380012,0.5819900165876537,-1.053689285121884,-1.1391038607273267,0.0754076215428662,0.3252503236483967,0.0521519504480221,0.4781893024465388,0.0291134240131761,-0.2067686943010191,-0.2237548517455954,-0.0817451084616901,-0.273757083800232,-0.5730820630830318,-0.2697140953805958,-0.2591639877590221,-0.272873433000071,-0.0439930593353748,0.0268343795635056
0.114041994347279,0.0256898295842662,-0.0176523644093871,-0.1210465321868121,0.0767081972900298,-0.000347440612578,0.0428818181358614,0.0938294615590815,-0.0579637251262013,0.0826790287030085,0.3049958098686134,0.263512289258616,0.2911053550957471,0.2818058481325108,0.3176431858633576,0.2692372913951398,1.5899520067034114,0.0412839516396293,1.606842968922656,0.2691400668144522,0.0129227936022848,-0.0406499658752682,-0.0723921600193487,-0.0514524716698486,-0.1218538238952488,-0.1004185588761404,-0.1592303179230532,-0.0593359850301676,-0.1844686396407122,0.0593465784845519,0.3056880314512366,-0.0328110280301999,0.0501684937592585,-0.0935751481123226,-0.1746322771627617,-0.0243582443004137,-0.0683275948038837,-0.094604725976951,-0.0963736521655488,-0.0819135072341105,-0.2382553042039983,0.1029966642055104,-0.0079880292523801,0.0241909644907611,0.0460277591935226,0.0556301598099111,-0.2839026264946924,-0.1292418751035564,-0.4120982100396032,-0.1780955937858094,-0.0109531714324064,0.2262918880920489,-0.020263252158954,0.378180428096117,0.5037111277504178,-0.3960640388163201,0.2675382395138559,-0.1166569037065808,0.0907593307717106,0.4987643934098653,0.2518687700852354,-0.7908038185687085,0.5687347287344967,-1.0692844539609818,-1.1368453881565364,0.1076586200412907,0.3393170768364389,0.1565578128984651,0.4184007020979771,0.0912582613853089,-0.1596279910675372,-0.1747443759769727,-0.025684072048,-0.2165440613694405,-0.6080453394309943,-0.1986575761976217,-0.3265588583205996,-0.1836446294767427,0.0793621647756297,0.0376667928877401
0.1331872378483564,-0.0092316780053818,0.0254616575676372,-0.0797022904134415,0.0593351478756402,0.0400205696996669,0.0256017026228028,0.0573904927964396,-0.1050191327776909,0.1078326603538722,0.3118005302351589,0.2517363754028288,0.2884823875646461,0.2783680576647414,0.3142443316027807,0.2696165844035322,1.5359577065869736,0.0685712165147893,1.5790827639855347,0.276215046004253,0.0100244911916862,-0.0443580984124015,-0.073628044471966,-0.0612273920427298,-0.1267203215332718,-0.091363569447509,-0.1648314222986128,-0.0559286076647872,-0.1901325156073057,0.0580578851528957,0.2904673816632416,-0.0181076064929366,0.0472467476535281,-0.1028938114203473,-0.1833327393309918,-0.0311609894020775,-0.0628630256157601,-0.108535353325127,-0.0963730124020244,-0.0852788055407672,-0.250730877930095,0.1157952414967524,-0.0179291855300011,-0.0008930360940946,0.0331795883648573,0.0697200231447081,-0.2757847951609571,-0.1387929467315954,-0.4029529413540204,-0.1819184528645683,-0.0437698220919198,0.2183252223266731,-0.0180876985509825,0.3805365746780942,0.4572236646854611,-0.3607907426496862,0.2793041659584355,-0.1179448574241534,0.1296850590531074,0.4661518561580017,0.1896983388946486,-0.6990007054695093,0.5124961075258802,-1.044668503478119,-1.1377567195412237,0.1592602685679219,0.3253594277502411,0.2478058826384788,0.3504333005477598,0.1668456099995443,-0.1113954069376809,-0.118739514963407,-0.0094698035140081,-0.1647507485654675,-0.6068114776685644,-0.1570486852654196,-0.3505776007344074,-0.1057493677639069,0.0929849913883476,-0.0107261929586451
0.1356069876513099,-0.0319964897753978,0.0570842533702952,-0.0575242351026299,0.0574140789494083,0.0574224102128862,-0.0144607501931367,0.0392096934939694,-0.1305975607307573,0.1200445353984635,0.3203008826957595,0.2435691397360822,0.2884740317017263,0.2746994781124154,0.3129891581714423,0.2717635254105899,1.4767800049580933,0.093281914032505,1.543844755888576,0.281922737660363,-0.0002659004445083,-0.0547691080331424,-0.0762260260078252,-0.0723550375322771,-0.1271156937577681,-0.0815512525762053,-0.1664014155355067,-0.0525519770731961,-0.1934500825010716,0.0585448232047501,0.275087064283179,0.0047158799922345,0.0441613039137441,-0.109742888670674,-0.1836104574200729,-0.0370151134448094,-0.0640899930232954,-0.1265368680560315,-0.092288971465803,-0.0911974513519188,-0.2613937103791953,0.1259385391248262,-0.0282797916991558,-0.027638853784032,0.0220512986117149,0.0856294897810191,-0.2686740671528042,-0.1488871872657983,-0.3937589014083632,-0.1798397682081161,-0.0542970088474476,0.2117685967659604,-0.0221705011488316,0.3823021565556787,0.4217272598213159,-0.2990560456841421,0.3082177397333522,-0.1399697134069204,0.1538090685627871,0.431820648416643,0.1735429534530196,-0.6360157573418129,0.4191339478785106,-0.9775806249054791,-1.1339099198415026,0.2115955999190472,0.2830533574697514,0.3060749059734979,0.2860259163835273,0.2313392666099525,-0.0666726883458993,-0.0734030292509386,-0.0308651875473417,-0.1256087265427932,-0.5580645164525418,-0.1696445890109648,-0.3217686387797171,-0.0589642539414749,0.0090858717931606,-0.0949322809046621
0.1242322274510113,-0.0327931416759844,0.0674174955925566,-0.0590863776396367,0.0740401657491862,0.0477956268923955,-0.0636988964423542,0.051009872508386,-0.1240066451634634,0.1256628402065986,0.3276100242690897,0.239917997699523,0.2911370617320563,0.2702307554593237,0.3139602809729279,0.2757142468357765,1.415931327854126,0.1164277690620509,1.502598111343434,0.2883640141613547,-0.0158024421179021,-0.0688355417282658,-0.081025227226156,-0.0847615431123137,-0.1244913968291479,-0.073113254962996,-0.1641612768869175,-0.0490503110191231,-0.1935431246681284,0.0601124851871226,0.2639621122761219,0.0282238626507654,0.0431653061999873,-0.1067466964731792,-0.179047948884417,-0.0407762749810386,-0.0736714627707749,-0.1393291936858262,-0.0839372461729854,-0.0992920576971605,-0.2699491892110924,0.1326218539780614,-0.0393832864232019,-0.0529139342060664,0.007845585143624,0.1059641519508906,-0.2636865611827471,-0.1602665217936638,-0.3879373045148808,-0.1727558945543996,-0.0500322833583003,0.2087431042745225,-0.0294867283253359,0.3780048558830157,0.3988468362101418,-0.2258609665633509,0.3459516243048647,-0.1732995429663331,0.1527184654365969,0.3975650663024559,0.2027560419007638,-0.6006966210577157,0.3072111549487819,-0.8750182939201411,-1.1186083539784952,0.249264384971878,0.220118316448152,0.320757682270308,0.2303062493644667,0.263319969182843,-0.0274134634070692,-0.0538631046064393,-0.07671576735476,-0.1002378636313072,-0.4645014587022016,-0.2355525058228425,-0.2461185409433035,-0.0470019367872873,-0.1346260449799723,-0.1809713258356623
0.1070927898341631,-0.0068402984007736,0.0522260933435349,-0.0794488457767006,0.108482978778271,0.0151407804141251,-0.1059794655179455,0.098234227583521,-0.0808979958909885,0.1349246228243449,0.3307628191969865,0.2414090970671018,0.2960022532375365,0.2646978257553528,0.3157103368113865,0.2809329808159885,1.3554917434608724,0.1378031668417946,1.4561059348656575,0.2966039755984626,-0.0320543635351876,-0.0815073696898618,-0.0877901458944796,-0.0978291393209136,-0.1224125261106727,-0.0676106676619586,-0.1601547158609424,-0.0448383005933419,-0.1905713044570486,0.0618011004523372,0.2594191005037262,0.0438831980969299,0.0432259543631229,-0.0901854328619535,-0.1735450709762195,-0.0424745875104497,-0.0897933660474765,-0.1388483181065296,-0.0729044097934409,-0.1078971764340369,-0.2754705858659231,0.1371606263973769,-0.0516041079176036,-0.0731495847479157,-0.0115920908460435,0.1309546115036685,-0.2617675142774584,-0.1720584709648006,-0.3870341876216511,-0.1633810525967918,-0.0377863207672317,0.2126553476201945,-0.0344394749524523,0.3665076084566464,0.3832440469244563,-0.1603940336779506,0.380585823357932,-0.205666640074656,0.1234401463985668,0.3647685680777342,0.2641164941040174,-0.5826228648458466,0.2027682501669376,-0.7520026299508282,-1.084878879041809,0.2634630464292428,0.1512695373955843,0.2936210968935957,0.1857977660629831,0.253646966287555,0.0043033577192285,-0.0667516746942395,-0.1280475169501628,-0.0854834558767397,-0.3452520193098642,-0.3279838996083484,-0.1449542978657876,-0.0610558128514312,-0.2889933841843138,-0.2395516873902413
0.0947613996198051,0.0447519395836137,0.0145477403717161,-0.1057762491173239,0.157066672168326,-0.0290339224769009,-0.127798592733187,0.1780666224563858,-0.004117826409464,0.1583902959970188,0.3287183182229549,0.2479487591310654,0.3026891830336473,0.2576127400780791,0.3163693876647503,0.286056223044937,1.2949825683311076,0.1564384765539852,1.4036245112066297,0.305655445912349,-0.0443358740210807,-0.088646238243453,-0.0956476391296236,-0.1101326402425833,-0.124880381958668,-0.0658450331147305,-0.1566624555677138,-0.0393090186733589,-0.1851292494593798,0.0629311360565093,0.2615666666027859,0.0466455788888597,0.0416418219936873,-0.0630752845686103,-0.169625863433102,-0.0439194939424529,-0.1073317009854453,-0.1233184448075503,-0.0625873277507037,-0.1133712728360314,-0.2765612133873528,0.1425734701255134,-0.0647629071057411,-0.0857674686912094,-0.0336700281093517,0.1580353026655977,-0.2637659930244035,-0.1821522265217385,-0.3903494621043908,-0.15393986383317,-0.0219470889629541,0.2255229216890599,-0.0320598050495823,0.3501635591594287,0.3646913425101139,-0.118368146255493,0.4009759087129172,-0.2278443601570577,0.0725155425978513,0.3342505754629148,0.3354044571332882,-0.5640699813761634,0.1309889136817386,-0.6282003209345304,-1.024512783032843,0.2520935309979052,0.0930895165904915,0.2385205093737697,0.1565869333191613,0.2089782666076067,0.0243056437071632,-0.1072198365096495,-0.1659891784745808,-0.0770043525313914,-0.2297713533085793,-0.406460751730086,-0.0490017758580676,-0.0876333502853974,-0.4079627504413253,-0.2564912013604892
0.0979077208578737,0.1159105940276277,-0.0355905496208594,-0.1221342249929425,0.2147833359339871,-0.0687753964296683,-0.1218665504840456,0.2795899160091212,0.0970074903346062,0.203093022011026,0.3231063451082062,0.2580160290176058,0.311014292020238,0.2483670547193707,0.3150894698866894,0.2893938237362216,1.2319221011190382,0.1717588102461359,1.3436600612866825,0.3130237657220296,-0.0498460932668928,-0.0891560666952148,-0.1041270059155526,-0.1194294303506885,-0.1341597262570986,-0.067780271300794,-0.1547559027412281,-0.0319951193006456,-0.1778598724427246,0.0633142340422641,0.2691887918698894,0.0371001744917428,0.0364182961592946,-0.0341240002453164,-0.1676889768134526,-0.047661453969458,-0.1206995213508138,-0.0985438935855823,-0.0561597897237868,-0.1114159692729023,-0.2724730967345146,0.1512929251653653,-0.0777898440909689,-0.0903737796540487,-0.052844863131655,0.1835808820609983,-0.269350980754838,-0.1884697728377803,-0.3955100488297555,-0.1451989417779931,-0.0046232019660817,0.2462374252374395,-0.0204282214136938,0.3332069020944402,0.3337523798568405,-0.1059464144530348,0.4016174607274369,-0.2369995664529723,0.0151080289980382,0.306131056273638,0.3901114285869096,-0.5252661343587423,0.1087906866916704,-0.5219387830554606,-0.9301776941340756,0.2193788828219837,0.057998134063476,0.1759022466270731,0.1485976788929532,0.147745865034131,0.0268831792283731,-0.1602043712177242,-0.1768898686498832,-0.0715402284690714,-0.1458142819916172,-0.4349018849367714,0.0121114034624488,-0.115804592489601,-0.4604535193408028,-0.2342748809061977
0.125192337872259,0.1977623082305323,-0.0834012915520001,-0.1151919780034193,0.2765652378476906,-0.0882163594229554,-0.0880411448609808,0.3861787005599624,0.2087447578150114,0.2695712686755488,0.3171062070125339,0.2685986900956352,0.3206339655747263,0.2369253249538168,0.3125049684470673,0.2899237347292414,1.163835415959763,0.1842517964958446,1.275741338859788,0.3161528443800687,-0.0485329221924359,-0.0850240931974667,-0.113699126970138,-0.1233717207374807,-0.149484927898661,-0.0723484505025126,-0.1540775654486232,-0.0224224068441619,-0.1694336708565982,0.063284800885154,0.2803365594830663,0.0200456379794086,0.0273277468451167,-0.0133614096834359,-0.1660224778925388,-0.0546835181635837,-0.1271799876755579,-0.0745366542093046,-0.0543927905555708,-0.1001454740827619,-0.2641817307485825,0.1629415344484005,-0.0890325155060529,-0.0886416461760962,-0.064878418835137,0.2052068390785568,-0.2759937748749204,-0.1899526227462144,-0.3995158056779186,-0.1373576672747807,0.0135470068361002,0.2710506596074578,-0.0011237383642552,0.3205702031694077,0.288198149845452,-0.1182845562523396,0.3854493333656001,-0.2359853722814438,-0.0300127362241553,0.2806841298212958,0.4042217958707996,-0.4515692230272544,0.1406535476538115,-0.4433052385359713,-0.800038310412438,0.1761972397060396,0.0511382500705964,0.1235557915269125,0.1660229345328642,0.0915673097727889,0.0080018873343195,-0.2056655156143429,-0.1556448261938895,-0.0671301424128194,-0.107703693088859,-0.3963790628814986,0.0206765765549268,-0.1404182941394579,-0.4372962675493475,-0.1858934552947044
0.1811877721137954,0.2809610895207857,-0.1129570791360153,-0.078299355669164,0.3376687791321336,-0.0758659310101435,-0.031807463300425,0.4794161138310441,0.3158409867584528,0.3506795160096142,0.3133296232768559,0.2763457312668831,0.3307420690255817,0.2243323894376181,0.3098229205008021,0.2879267167657304,1.0902480062244724,0.1949761276820642,1.201596644931942,0.3136238785144593,-0.042725570146022,-0.0796022294512762,-0.1251653336478355,-0.1207677180388912,-0.1674741247413659,-0.077432374567371,-0.1537361291143353,-0.0100371259994497,-0.160535507096634,0.0637372706297331,0.292184420635046,0.0011988288383385,0.0153450258459755,-0.0074308071779298,-0.1616641012825998,-0.0626883438906637,-0.1279595823684458,-0.0600896821777652,-0.0554502818930408,-0.082659274735865,-0.2544073194577139,0.174205644396838,-0.0972479138692573,-0.0829208802170119,-0.0699597879126403,0.2226893209069694,-0.279621598258597,-0.1866082896115013,-0.3998476667579445,-0.1312514759653285,0.0328367468863634,0.2957121531577575,0.0217503616382189,0.3169517672871115,0.2359838348062733,-0.1430877886511095,0.362477580993535,-0.2298601588604932,-0.0483943832319272,0.2596998550259796,0.3647190444184421,-0.3393356557269185,0.2176677722889541,-0.3899959865004465,-0.6414657151954571,0.1393081941678952,0.0711507757385075,0.0887118729546848,0.2072131435524909,0.0572880345456779,-0.0305433922425081,-0.2260375564078828,-0.1066840211036651,-0.0618665666185204,-0.1112881924630666,-0.298138495845378,-0.0228403651806786,-0.1607330099084447,-0.3518287070438635,-0.1262152291993261
0.2643705633628986,0.3573373026516909,-0.1112904648322483,-0.012659176423005,0.3935161956005039,-0.0271516957886478,0.0385889266559853,0.5435132085542961,0.4044089755610035,0.4326842580845489,0.3123100962104119,0.279396454016061,0.340218467729533,0.2124401501825158,0.3074835903743202,0.2846743187860072,1.0131155569625274,0.204440999960975,1.124559327869919,0.3054870815082536,-0.0360579508508089,-0.0755916934339436,-0.1384602457980878,-0.1125315871140166,-0.1839253633640482,-0.0805078250206492,-0.1532816653805972,0.0054670565963983,-0.1515331612787767,0.0660696367469442,0.3010335016308954,-0.0152580069875411,0.0017500859069738,-0.0172617694314909,-0.152218862794132,-0.0667869309480629,-0.1261379942919089,-0.0590326369402948,-0.0568346476785513,-0.0665862302687284,-0.2465052150625525,0.1809892014425365,-0.1026869840269002,-0.074781828073362,-0.0722367387714262,0.2370358638662655,-0.2770963208021672,-0.1790120349924831,-0.3953788211049281,-0.1280817866157272,0.0539704565452084,0.3174957531796543,0.0427843917272846,0.325366784634817,0.1923021177585137,-0.1668019551341305,0.3444949470659176,-0.2223994062854031,-0.0367675689363366,0.2463844939586033,0.2764957633480867,-0.1975231315973782,0.3190097060356152,-0.3490262290700566,-0.4705454344146362,0.1268345226399922,0.1124488694627673,0.0668840242392622,0.2632039657732967,0.0530820912400474,-0.078810785923684,-0.213069339121478,-0.0423588180629388,-0.0530775194402234,-0.1382959204491803,-0.1663382810945975,-0.1006344909578488,-0.1765113076198326,-0.2339544677444321,-0.0664869379619639
0.3659421380232903,0.4206392298069779,-0.071847445458647,0.0740306534404769,0.4398023122492701,0.0552228315909479,0.1149972287952056,0.5693314508573808,0.464120038741719,0.4985539959457093,0.3125847697483315,0.2785241112968405,0.3480708538507402,0.203080236808029,0.3047319543602626,0.2813926020621694,0.9353710190451966,0.2120320393991235,1.0475648631574437,0.2929521296231755,-0.0321860389293285,-0.0740359712408485,-0.1521193045578542,-0.1015072304359629,-0.1957819645701339,-0.0799376012329867,-0.1528483218535481,0.0236213719806603,-0.1420177709373193,0.0717706421788495,0.3034693065026422,-0.0271130756545837,-0.011933032291986,-0.0387427694629731,-0.137991300274816,-0.0626052514258954,-0.1237241725904477,-0.0699517621893557,-0.0576276237597834,-0.0601808572045594,-0.2430620727810535,0.1809891773583213,-0.1073425865364416,-0.0647187092273921,-0.0765446672370799,0.2490305404950862,-0.2686968306808867,-0.1681660985017889,-0.3868704778639352,-0.1277183642713959,0.0771503790036052,0.3356839244552431,0.056288242811859,0.3452503425851423,0.1720549926989181,-0.1801636822591799,0.3388516582283033,-0.2145796951833145,-0.0044693786609494,0.2425873574818055,0.1630245503064862,-0.0445023456646658,0.4159225107583191,-0.3039808793654271,-0.3071610668988452,0.1501469315004675,0.1661625645272128,0.0485527532860496,0.3195844661853372,0.078330214920445,-0.120445247313524,-0.1711118531032481,0.021009502132185,-0.0384335867096938,-0.1673888631779203,-0.0348649764107251,-0.1844407800728467,-0.1846568572789062,-0.11924423693129,-0.0140851330301212
0.4704921608756188,0.4666481185917208,0.0037437421464374,0.1701516322181591,0.4733703342666918,0.1624117298294864,0.1911405286813866,0.5571194358405996,0.489553012978761,0.5325362617145873,0.3120203356986562,0.2766144391787193,0.3536676564276066,0.1974407494347022,0.3004634537758848,0.2783152151713731,0.8587872718847217,0.2166138791198048,0.9713190174915456,0.2780024434841865,-0.0335574607515348,-0.074568688550226,-0.1640453082661272,-0.0911503326666702,-0.2020940963005801,-0.0761288130467703,-0.1524842151607432,0.0430509633880804,-0.1308009064533532,0.0816017592786507,0.2983071759865264,-0.0334682461895933,-0.0234088275084898,-0.0651126161656234,-0.1229375110438488,-0.0496680136370565,-0.1203968957153417,-0.0882797435745766,-0.0589400979573493,-0.0674116127750276,-0.2450958310432274,0.1744977978497829,-0.1138743986738614,-0.0530798169165651,-0.0852738257115417,0.2589009193254378,-0.2582914843590471,-0.1560137902944279,-0.3768397646629964,-0.1275297147662396,0.1007571138909811,0.350508430011667,0.0575501174994385,0.3713822504373975,0.1822708419859106,-0.1810601900452929,0.3450345630571864,-0.2049855872061763,0.03202497166882,0.244952936557056,0.0587823685050808,0.0979633635014124,0.4788096513005848,-0.2435701948044377,-0.1685775567825051,0.2063856989246094,0.2196846390997749,0.0288521040868423,0.3603578035098563,0.1248039869533323,-0.1386026187687485,-0.1152318173478558,0.0682824696964323,-0.0186004221701507,-0.1854252412526191,0.0660317608254171,-0.2451178096306349,-0.1786744930386884,-0.0364734425580779,0.024754785152175
0.5589992120217135,0.4931771585649188,0.1060475877062337,0.2627137073423669,0.4935766457580824,0.2810713257604884,0.2629092094110247,0.5168710524358793,0.4809056273821569,0.524545414473929,0.3091787285738587,0.2768104143104597,0.3564926256967637,0.1961207730908851,0.2943786826391233,0.2745601151279373,0.7828893590028381,0.2177843975000892,0.8940818251674875,0.2631349222662291,-0.0404518334374593,-0.0762284886946937,-0.1729191660191983,-0.0839219004274449,-0.2036802331477544,-0.0714822311770464,-0.1515014108314891,0.0620594778857183,-0.1166736241687972,0.0947705507829889,0.2876342945067868,-0.0344164651420342,-0.0297375428073527,-0.0894612402474832,-0.1132380253390259,-0.0323452253549539,-0.1149073722392056,-0.1084954909306677,-0.0622137228866186,-0.0854962651439763,-0.2520586057066205,0.1629192166244739,-0.1237908211604147,-0.0411116181852972,-0.0975962776501815,0.2673265197260762,-0.2506401452496014,-0.1457955321027168,-0.368700398033828,-0.1235109763838887,0.1209773653304773,0.3617683935089494,0.0445516364177611,0.3950598523432814,0.2189687256377273,-0.1744054084772825,0.3559758072911893,-0.1908898255807944,0.0585660622010115,0.2436142314136669,-0.0035520609936811,0.2109696425235875,0.4866066063757773,-0.1660486485314938,-0.064848081154335,0.2773403253371976,0.2575502298652637,0.0127774457210015,0.3722897810068185,0.1777023303415703,-0.123710619311145,-0.0649674411498874,0.0899957239598207,0.0007470352717569,-0.1924953277142421,0.1173732665480825,-0.2614792220672965,-0.1513495219899669,0.0020355947496529,0.0433961060880969
0.6136673367562642,0.5003177973596395,0.2200105115318517,0.3393167830479899,0.5032028163220623,0.3951357921022911,0.3275361914490352,0.4654791709456372,0.4439922228844894,0.4730294916706234,0.3037776281812778,0.2806646857672308,0.3557315889630171,0.1995712583645564,0.2872600943586224,0.2689204636198523,0.7057791863612117,0.2166232465904775,0.8132393189907641,0.2509236602939585,-0.0506826838876539,-0.0780647902792782,-0.1789703782705073,-0.0804684954242004,-0.2021347671921842,-0.0687701627790282,-0.1486013567099858,0.0795151829007732,-0.0994435698227398,0.1087436452232399,0.2756681408107687,-0.0312687382267586,-0.0287958405612386,-0.1066307723738019,-0.113927086956661,-0.0174393436136092,-0.1073556533481421,-0.1252813813506956,-0.0671452524236956,-0.1065215154170995,-0.2621746264494402,0.146668731503463,-0.136230959620449,-0.0309356885861016,-0.1109041742877939,0.2763636176907434,-0.2478315180510757,-0.1411488376382801,-0.3653517159016237,-0.1132122764850174,0.133423757399422,0.3683287935541917,0.0193763113064227,0.4076977847977515,0.2697556155878388,-0.1696058090824188,0.3628688072703397,-0.1693268578712426,0.0713130256650347,0.2258084336586895,-0.0048481140158239,0.2832797542684609,0.4350330050670957,-0.0769197947999073,0.0028803581286416,0.3371394600459075,0.2659821994035649,0.0116747430669194,0.3490336954089101,0.2175639312876809,-0.0792776782152202,-0.0367532216082097,0.0844282932417623,0.0098475181230644,-0.1982078033421221,0.114154254113744,-0.2260718442164951,-0.0992619253593356,0.0034472990980213,0.0368010301883708
0.6231637038501869,0.4907717512883236,0.3281866089668008,0.3896605520858212,0.5079389106518509,0.4880499399610185,0.3825481901068759,0.4211381603139421,0.3890616007087805,0.3856111099104988,0.296258722626995,0.2874933277518744,0.3503463368204896,0.2081877879403142,0.2802169219968459,0.2609294787844003,0.6261864112714296,0.2152343102119442,0.7275114031257837,0.2431538572136692,-0.0603530386420557,-0.0793794418051081,-0.1834399543411324,-0.0800435275957722,-0.1990513603361777,-0.0689036224339545,-0.1426827710513678,0.095243551610691,-0.0803158558122793,0.1200425937175118,0.2660697747106983,-0.0263443599561983,-0.0212049906379233,-0.1145647706958697,-0.1257021415830173,-0.0102143263498726,-0.0998462935005517,-0.1341732317496397,-0.0714301874298041,-0.121727618773654,-0.2726787532537707,0.1247359678530892,-0.1483589241880528,-0.0243510087026252,-0.1227453939457934,0.2888154540424216,-0.2478104919019031,-0.1440028057448189,-0.367783277391026,-0.0979276312019796,0.1361396495339044,0.3686537061282722,-0.011943661938979,0.4052336081020429,0.3197457733039084,-0.1763532674797081,0.3601654532452238,-0.1386087968958323,0.0787178264868849,0.1829536368393216,0.0549334257145273,0.3139433742515111,0.3392864699813402,0.0175707602672128,0.0422073401333956,0.3649587107129305,0.2398212382619836,0.0335301055477503,0.2943534019576641,0.2248637938905102,-0.02245103003979,-0.0385919985623164,0.0566506101355184,-0.0008293222697543,-0.2122017413274054,0.0637273568479512,-0.1468238171870093,-0.0268681921314517,-0.0107652229484242,0.0057296951126961
0.5863693317267754,0.4696200988596337,0.4142287783903305,0.4070112992185898,0.5141535262144977,0.5458346260516356,0.4253566782184454,0.3970748837019709,0.3282502747911359,0.277355765351941,0.2871921854578916,0.2951196929695315,0.3399319819945943,0.2216842830114136,0.2737763658343034,0.2513094306375281,0.5450882515221036,0.2154802238514649,0.6382659269359018,0.239869495225129,-0.0655864668988109,-0.0799874949587147,-0.1872695553717786,-0.0816411070591884,-0.1957683931171666,-0.0698267385361849,-0.1335152517089007,0.1095218017184564,-0.0611877162131702,0.1256357165988947,0.2598197747941517,-0.0216369775137617,-0.010953845127935,-0.1149600903725071,-0.1442089506462784,-0.011853810841995,-0.0948551532730209,-0.1325933694528041,-0.072646408856004,-0.1253958045354254,-0.2801179407425093,0.0965096448387453,-0.1571623600510989,-0.0215432036886334,-0.1318713829751934,0.3063002444667003,-0.2462385133515101,-0.1528672590652195,-0.3745063660253276,-0.0819736935402049,0.1317007948261633,0.3616489077690523,-0.0416217061330587,0.3906816634368188,0.3570746220912618,-0.1999419192945895,0.3478110045919738,-0.1006233018482801,0.0966754226633515,0.1165809301198909,0.1583532540865782,0.31215542117443,0.2288529744189615,0.1154248834531592,0.0682708580539376,0.3546558786830788,0.1871054014975424,0.0743748562995816,0.2228377995519329,0.1871167015032343,0.0216862761773803,-0.06905268486374,0.0155299304970733,-0.0348782119225268,-0.2354717854081737,-0.0185864884743344,-0.0444370319701346,0.0520397289790735,-0.0163737790474691,-0.0406666808107639
0.5130217151416093,0.4429847682579359,0.4660506705770639,0.3897324987088607,0.5257152872759292,0.5606431173790163,0.4538230104433211,0.3972714898873695,0.272307069387192,0.1669983707792129,0.2771485368810642,0.3012440448650958,0.3257679133178613,0.2382320459521715,0.2677072333018609,0.2414216361950613,0.4656459502695819,0.2180096371837752,0.5491777937860918,0.2391108428495867,-0.0644336255717432,-0.0807026643470099,-0.190215693972146,-0.0847989703598455,-0.1932988536855382,-0.0675886844451175,-0.1216094169651479,0.1220362147493091,-0.0434619468254663,0.1240399710295591,0.2552578699925241,-0.0171756637912205,-0.0036834935782417,-0.1125542301367953,-0.1623736001697435,-0.0198870168355481,-0.0930189480179083,-0.1210590753139555,-0.0703166913053207,-0.1162845996978529,-0.281237764763623,0.0640374070866459,-0.1613408782820179,-0.0209592658106241,-0.1383305408621393,0.3279499320953718,-0.2400236588324567,-0.1632914373028189,-0.3823048386682972,-0.0694399372942538,0.1262850341026704,0.3472765639095192,-0.0633052642655667,0.3728245936823813,0.3757910588786275,-0.2381208115786805,0.3300883930266725,-0.0627474385762204,0.139783006353208,0.038969502557808,0.2765991964442591,0.2939046597496916,0.1362946961516024,0.2181733024898343,0.1005773868357148,0.3149872283499408,0.1269600293656335,0.1172009730779713,0.1562902834248164,0.1054002072691942,0.0300240414563822,-0.1201065301721922,-0.0295052123549554,-0.0862027130978064,-0.2583615171816281,-0.1145029903262905,0.0536287247500621,0.1168330823610813,0.0007854685532864,-0.0869882952182491
0.4207084062632899,0.4157884534163732,0.4782258540542518,0.3423816289289694,0.5414150290029449,0.5335506880459939,0.4674716433545889,0.4158209872889524,0.227797976392902,0.0721281075639361,0.2669864630653359,0.3044255598944191,0.3109497490273629,0.2543445155404139,0.2616382958644321,0.2322247469055071,0.3916491564852958,0.2222946599700378,0.4647109497727008,0.2378018728688944,-0.0578316843764394,-0.0836018480629356,-0.1911747756108149,-0.0894364406189323,-0.1920876567903317,-0.0589379472500816,-0.1074733635998361,0.1311225260324414,-0.0274816757571163,0.1155066806113103,0.2499110923534011,-0.0108540639286948,-0.003482446689428,-0.1126673544693111,-0.17406536835865,-0.0304533188490558,-0.0926064572604482,-0.1033785631514951,-0.0660062570781248,-0.096927750766882,-0.2745283403311013,0.0322494727688158,-0.1619188305688634,-0.0205565383435087,-0.143297958583682,0.3513487504805807,-0.2294255021536972,-0.1705479537093313,-0.3879081822472581,-0.0611290788639293,0.1259045618726066,0.3271927267374859,-0.0742420205426991,0.3612610812896748,0.376209852901155,-0.281460637199617,0.3127256260924814,-0.0370720820187829,0.2131871488133121,-0.0319152067745677,0.3768859204488743,0.2760124034764157,0.0853172424606508,0.3253419366942084,0.1566046205570563,0.261025188462603,0.0810577398989327,0.1392412496607853,0.1159473897953061,-0.0038668289942229,-0.0087801425340128,-0.1813593147666503,-0.0706437845392664,-0.1398363624186435,-0.2664660924556447,-0.2062913647331726,0.1207856135670369,0.1462707774345654,0.0369825374434305,-0.1183241648190945
0.3292663395054073,0.3896838332769001,0.453256074300262,0.2755285095712907,0.5545267243981691,0.4750222959827773,0.4685373420219567,0.4397634760350105,0.1958422193669163,0.0049068078508157,0.2579691261950405,0.3041991359185726,0.2990781559196188,0.2660362058727369,0.2557486700963187,0.2237009540476492,0.3258461161941952,0.2273511286765106,0.3885804172993047,0.2333874049924782,-0.0490073640712121,-0.091403258353623,-0.1894234643505741,-0.0950409128884292,-0.1917621781392357,-0.043580476251689,-0.091120734467761,0.1339218808836048,-0.0131274881077865,0.1014410310462587,0.2422592262892717,-0.000521230255086,-0.0105096458292104,-0.1179030227723886,-0.1765309392181639,-0.0400295720235146,-0.0912421967893912,-0.0851111650804004,-0.0614607330016276,-0.0723939523000712,-0.2615735859831765,0.0065773717957135,-0.1612942767229186,-0.0193252085174017,-0.1489561587116999,0.3750978929281154,-0.2170669550076316,-0.1725430292204355,-0.3894569587602223,-0.0543077429621318,0.1325567465340633,0.3056982017733569,-0.0749847770373205,0.3605482752261046,0.3637261938067515,-0.3174671150406637,0.3004650109435473,-0.0356831356346916,0.3084854425170539,-0.0797849325014356,0.4297713727056336,0.269936517835829,0.0837309713324124,0.4291591024137005,0.2432804503001744,0.2039586879417373,0.0638919227190205,0.1228841373969693,0.1138754663393507,-0.1139209158070878,-0.0890595587520227,-0.2430729899593016,-0.1026915428075113,-0.1775587313279889,-0.2503571972420836,-0.2781100954611474,0.1383852734358492,0.1263702723528541,0.0717970756697652,-0.1279129570227451
0.2548907357618185,0.3624927646528925,0.401240199617414,0.2037182355267654,0.5551025096967146,0.4022460947283169,0.4618758427386106,0.4539402752361061,0.1727045061510676,-0.0302855164849306,0.2512804178233681,0.3006774007384997,0.2922865381170547,0.2706809270838413,0.2507594230912943,0.2152402760403771,0.2693824025139317,0.2322509871851131,0.322976507510298,0.2251815163696614,-0.0417506124514397,-0.1059752877032588,-0.1856892062183682,-0.1001230889977502,-0.1913692180699352,-0.0245822512490338,-0.0724620338706493,0.1274148884118323,-0.0010565105117245,0.0837260374627649,0.2320085392206403,0.0131439341667292,-0.0214134191948384,-0.1261689817561465,-0.170382864299881,-0.0455833123071652,-0.0882467982307667,-0.0710661152446832,-0.0569189478755752,-0.0493376448980943,-0.2469048392552117,-0.0100858784261165,-0.161683760222544,-0.0177016359051987,-0.1580406596220774,0.4005262995042882,-0.2051303355605275,-0.1706387322574513,-0.3868367386860743,-0.0453647265131961,0.1433477812401319,0.2901924075898843,-0.0670820762324192,0.3671333257748083,0.3465721908710741,-0.3362122294999154,0.2960670131335309,-0.0637641157268343,0.4050402145515654,-0.0954979174381879,0.4164788128340183,0.278587037806758,0.1237930182518143,0.5143066064387671,0.3506861670644218,0.1470582926693263,0.0778996985148204,0.0638344464063309,0.1484199126386446,-0.1973013664883753,-0.1897319705348268,-0.2969126752400988,-0.1234941386964517,-0.1857901798259117,-0.2126176962505113,-0.3166012784136953,0.1004586076830248,0.0567110871858749,0.0778051921702777,-0.1208243327931336
0.2062694913343627,0.3297632526318206,0.3374658471040653,0.1417954510709344,0.5341641695177303,0.3339237578084026,0.4531658665412133,0.4460562473538133,0.1517939668082589,-0.0368731051912814,0.2472037290329819,0.2943256812584117,0.2901197224891988,0.2682326271520704,0.247177968902535,0.2065173912605074,0.2223405179412513,0.2359945928369982,0.2684594656009391,0.2145710962462444,-0.0387128284706898,-0.1269302211878578,-0.1821413175364434,-0.1025885481307301,-0.1902316859494215,-0.0068602068673827,-0.052281622970998,0.109680063016541,0.0065169794061685,0.0644330772286336,0.2191966024227874,0.0257365559008445,-0.0323265134195652,-0.132031211258966,-0.15808274199637,-0.0443324687588318,-0.085343926551605,-0.0635591571110771,-0.0515113518564844,-0.0347365359412016,-0.2358267777131887,-0.0185452197795364,-0.1642116828244771,-0.0165541044574268,-0.1727121526623889,0.4306364864958298,-0.1935690625370752,-0.1678488123405454,-0.3809604879849834,-0.0328312457349596,0.1532336567648836,0.2894956134797098,-0.0509024726259792,0.3711589974335774,0.332559423007117,-0.3342196801019798,0.3002272446337589,-0.1147968898180711,0.4762198854769102,-0.0786665669954781,0.3356238981577866,0.2979166037990502,0.1880554730719885,0.5634484857394206,0.453051861435939,0.0898621901737936,0.1153595826291794,-0.0272291569926,0.2064974641954439,-0.2350220597216354,-0.2818207439099294,-0.3353446423709027,-0.1341790060694787,-0.1618602854006284,-0.167661013366869,-0.3130555786561322,0.0151857513089011,-0.0477027985199087,0.0338896773426761,-0.1108875009338122
0.183783053435083,0.2876506564342533,0.2780513542201874,0.1007068531018428,0.487898997030938,0.2843157797728716,0.4458730379400283,0.4103927122762824,0.1262023748713652,-0.0243623355320303,0.2447055613277353,0.2861227769055546,0.2901327277384512,0.2608255245690789,0.2445558706081126,0.1979324102980236,0.1844028350942355,0.2371841347714476,0.2240695691999458,0.2040873882858805,-0.0407218071743066,-0.1513966602493646,-0.1813355227144171,-0.1008038138767825,-0.1888425767869946,0.00501792782415,-0.0328448754389777,0.0806781837119602,0.0062493664657356,0.0457937773518134,0.2036497928517922,0.0316120981401659,-0.0419633706617885,-0.1313492550950154,-0.1427333881384745,-0.0346988520405142,-0.0850409463729948,-0.0625442973844974,-0.0453204481719336,-0.0335749335201857,-0.2313252571029745,-0.0218620314829995,-0.1690630127918369,-0.0158015055608112,-0.1932366069915226,0.4670011915997967,-0.1808350110031552,-0.1660617792750644,-0.3728934402923172,-0.0180194610301071,0.1590558363693635,0.3094780758119881,-0.0256643681039513,0.362021105137181,0.3254363966114071,-0.3147115607572273,0.3115481416526822,-0.1716457325800558,0.4987040867617361,-0.0361953886506272,0.2066934216433672,0.3217926805572313,0.256494165370622,0.5650415460323744,0.5185827614142968,0.0357170001121919,0.1638994730745011,-0.1290645552808987,0.2710610619091585,-0.2208274148619236,-0.3385180211032318,-0.3514905629246781,-0.1388862823944714,-0.1155093837744297,-0.1346036777227333,-0.2677928674227284,-0.0970927170418205,-0.1602029144325466,-0.0643453553688984,-0.1122743920531357
0.1811821597650906,0.2353380389826369,0.2349236685877338,0.0843071622973608,0.4199385287308974,0.2587500902207102,0.4386082649813976,0.349121699750444,0.0909260817570027,-0.0057308741509346,0.2418978999895746,0.277629844193771,0.2896530738487211,0.2510124295797826,0.2415886592161974,0.1901877584201668,0.1548921845999148,0.2342560960833068,0.1875971724624836,0.1961379777897232,-0.0472355852720786,-0.1751956038788919,-0.1849853052888277,-0.0944896078055105,-0.1889265687957332,0.0083639862831594,-0.0174828780688674,0.0423796194513678,-0.0048692326219224,0.0299549881359367,0.1857421733944063,0.0280657193857703,-0.052238914384538,-0.1263906597479877,-0.1279415575742905,-0.0181875677687998,-0.0882237328092217,-0.0671332063035859,-0.0407890722680894,-0.0461647259452401,-0.2322857306474761,-0.0229198589337788,-0.176080572540649,-0.0140447913942211,-0.2175532814382701,0.5074429122158535,-0.1659531602955741,-0.1646397167712613,-0.3635898450662605,-0.0030236067803831,0.1616410423809244,0.3480578446294784,0.0082482046644571,0.3341353170795408,0.322554412606735,-0.2848785481872043,0.3265443909422548,-0.2137707048572051,0.4617586905372559,0.0204144951048032,0.0668333057451999,0.3461593859648936,0.3117494010379216,0.5187083486697349,0.5238530816417952,-0.0044423818262748,0.2109194020548698,-0.2171868365499993,0.3287387966813344,-0.1598666135370618,-0.3437216070401644,-0.3404183401327459,-0.1433178189024951,-0.0648258244926411,-0.12761984395093,-0.1942952561787548,-0.2089583579866609,-0.2507593060062547,-0.2017896917029495,-0.1305637130134865
0.188311344400911,0.1755584639033492,0.2121705716669391,0.0882824948502043,0.3407041803505666,0.2523439068085398,0.4248054824383794,0.271007087524772,0.0442261374925506,0.005537989886169,0.2371018187694797,0.2704528009600051,0.2872676070399338,0.2399543561000373,0.2370806379146849,0.1834828224867503,0.1324601169640948,0.2264421099533399,0.1563381835469942,0.1922277164738966,-0.0572311189838318,-0.1945951915616569,-0.1934258940575418,-0.0847565724899129,-0.1923533607321066,0.0027193134707845,-0.0094363047134269,-0.001454649876316,-0.0279464672525451,0.018321060751778,0.1677206004751384,0.0176198203195073,-0.0661834557246763,-0.1275544389080597,-0.1179063946129906,-9.839800720368978e-05,-0.0932468819871273,-0.0768679340245736,-0.0417514145465916,-0.0671497512138211,-0.2345490964590798,-0.0231897093214112,-0.1849357867536395,-0.0095687097390967,-0.2423562500741277,0.5467680419361651,-0.149599692463081,-0.1614741938299772,-0.3541952251597149,0.0115452943073465,0.1645720553430654,0.3934160500064706,0.0468527734202889,0.2895699448019466,0.315836674237576,-0.2524947380182042,0.3404720163022741,-0.2267966632446527,0.3726033262119111,0.0779084478469954,-0.0400639518374754,0.3691183020572988,0.3420603393215098,0.4356110014948531,0.4648999045938275,-0.015420032790751,0.2450420420077444,-0.2707941162148586,0.3730973503716798,-0.0647506570712754,-0.2960793213838207,-0.3012364857693007,-0.1520625176003819,-0.0284267356341905,-0.1491478928034564,-0.1188069289361616,-0.2931164576098742,-0.2958765263412027,-0.3492727636801143,-0.1584855922128347
0.1937654379173922,0.1132235530121095,0.205352083418565,0.1014409093492202,0.2640863503379569,0.2525282306373163,0.3955134627848634,0.1883184694698699,-0.0120057092561319,-0.0014490776665213,0.2297304407922827,0.2652900764816636,0.2829919707137131,0.2268117495476576,0.2309105096627335,0.17718410532363,0.1152391274259526,0.2147202711414398,0.1283221885165899,0.192874349483386,-0.0697109978172395,-0.2075006650309677,-0.2058600693816323,-0.0734123746125899,-0.1995868750956803,-0.010587040669338,-0.0108465360436909,-0.045584838367428,-0.0614789774613646,0.0109123013415549,0.1538684201334943,0.0062252229217463,-0.0854999863870372,-0.1497554822002718,-0.1165243509800781,0.0125458188091573,-0.0973025022377293,-0.0914540735122036,-0.0507320613773833,-0.087707843550302,-0.2341174993082823,-0.0233356019226791,-0.1946681640343702,-0.0018043518207858,-0.2650527610070182,0.5800397233512606,-0.1331902568617777,-0.1554662934635601,-0.3462463262367749,0.026655131827486,0.1710872885315522,0.4279970566160846,0.0826305894591221,0.2366852598545373,0.2966410590017773,-0.2239088920329904,0.3493812994386537,-0.2091192775535012,0.254732872850099,0.1241984082584257,-0.078416269494398,0.3872041072073248,0.3430488169488702,0.3346822027972536,0.3589016768544832,0.0143061107003146,0.2564953314445689,-0.2775578621980466,0.4027037629673615,0.0474787504377587,-0.2076723219063725,-0.2384536368880511,-0.1658237173927081,-0.0173895424444896,-0.1891251817964474,-0.0726326110596142,-0.3299173133373182,-0.2863754732232245,-0.473908125538434,-0.1787401817386743
0.1872283268078931,0.0534435486377949,0.2039577714985742,0.1089249115518603,0.202828239201042,0.2443886580603882,0.344137954864757,0.1133848166182769,-0.0726869931708669,-0.0320345552674402,0.220387651799473,0.2613891540149028,0.2773170748287996,0.2095399279152546,0.2241039407423529,0.1703290756180702,0.1016825856050126,0.2017608756466099,0.1032945034204598,0.1977825178958917,-0.0836276575120005,-0.2135046721231044,-0.2207701941628083,-0.0622684417204891,-0.2089059275594893,-0.0290798266289162,-0.0224928507157872,-0.0839202220758851,-0.1017869223522573,0.0064252164709541,0.1485976121240306,-0.001284977112162,-0.1102730278140878,-0.2051198785789323,-0.1255102366450719,0.0149741150364168,-0.0985930772228371,-0.1092075036808625,-0.0668186544213653,-0.1000907596785561,-0.230034461357011,-0.0243470112450015,-0.2032344342042985,0.0079554782450498,-0.2850579887725638,0.6055165145634427,-0.1172320169024446,-0.1481749325475442,-0.3412488584824298,0.042789887817996,0.1818885277700542,0.4368582621381174,0.1077470842951638,0.1864801142026505,0.2623314666127226,-0.2037852947984706,0.3523502320688219,-0.1721002594448472,0.1390353651192402,0.1513227167350694,-0.0335787897535845,0.3918723439057983,0.3187704106407788,0.2375155512937602,0.2363166829108207,0.085468876712336,0.2391644661356755,-0.2360426124917887,0.4170510989676962,0.1565566330307773,-0.0985243009170914,-0.1615195256296556,-0.1802400187618186,-0.0305487818853793,-0.2300985433057351,-0.0787934113648813,-0.3128457762491915,-0.2299848639489004,-0.5495398996771701,-0.1722927298566914
0.1617092167745516,0.0003332053339411,0.1957665716012438,0.0965611079416536,0.1644705390094936,0.2165276720190926,0.2705818636005294,0.0559439545133026,-0.1304981125689182,-0.0838131368679348,0.2102488363145589,0.2570076258915378,0.2702688963906832,0.1862862553180474,0.2179894899349071,0.1624820893247371,0.0913136599015859,0.1906143338252488,0.0825944691092455,0.2057730697177803,-0.0977083424503882,-0.2131317501260566,-0.2359739543006269,-0.0529567015921361,-0.2171394814567804,-0.0497508252655801,-0.0440427815227499,-0.1108937024184024,-0.1440894269714578,0.0031787250424309,0.1535061956594715,-0.0048290571174937,-0.1409010065070256,-0.296076422232982,-0.1429686521175047,0.0076432450938997,-0.0971528899330054,-0.1258851344717863,-0.0858548853434765,-0.1015373583215815,-0.2247706791179833,-0.0275423557989093,-0.2078852387759178,0.0170598771536423,-0.3033386542420904,0.6247471123157,-0.1009658040347992,-0.1431255664789271,-0.3397947190175153,0.0580695078179288,0.19539148432494,0.4153448191988833,0.1183428485705612,0.149006014790087,0.2202706360271074,-0.1954378363733596,0.3519536074368937,-0.1341530075160027,0.0516091901466683,0.1576135927869807,0.0833811883304806,0.3706358586891273,0.2808822471183625,0.1640369921693243,0.128955944194451,0.1856616017675851,0.194317608807402,-0.1557993279852319,0.4144360827409084,0.2404633089197785,0.0106154863246552,-0.0826515305390537,-0.1872820034828381,-0.0552032659605418,-0.2553977385042884,-0.1391227088629062,-0.2500652405082758,-0.1475784655499256,-0.5636318639834674,-0.1278540696137801
0.1156023629870627,-0.0429537245436712,0.1711784807290092,0.0553777203702157,0.1493944735563981,0.1650292880045949,0.1824409513327038,0.0217170283804301,-0.1771679237330159,-0.1462396295305746,0.2003364757076897,0.2505532845761824,0.2614412791795822,0.1564525960876681,0.2132752892978243,0.1541162969568827,0.0844829470562196,0.1829813141129431,0.067846506034821,0.2145297315502123,-0.1106968191227355,-0.2071455483785793,-0.2485212538682879,-0.0470470568884437,-0.2214553971915198,-0.0696955700208355,-0.0740945444302177,-0.1234721373758917,-0.1835316466856269,0.0002809123113034,0.1656550767246654,-0.0090921075669788,-0.1798299493932554,-0.4125033852367477,-0.1639426988802211,-0.0041599797996491,-0.0937863695982736,-0.1355756694828306,-0.1026924828632658,-0.0948737243691293,-0.2220478374591161,-0.0333025742735096,-0.2065018282481609,0.0228043028102857,-0.3206679810334045,0.6400565705050704,-0.0838918584516245,-0.143386614093196,-0.3409215463948095,0.0687288253164832,0.2095603378013414,0.3711175442352877,0.1167244545337612,0.1310433194855731,0.185816561967311,-0.2004605885190687,0.3520515390107697,-0.1121911186463383,0.0044763817762025,0.1477484208786382,0.2400168392203422,0.3136831074001276,0.2447459093928913,0.1290955391649011,0.0605095524530402,0.2921966657058667,0.1329006467609303,-0.0547804778199966,0.3935357838641652,0.2795059469480359,0.1045168575148147,-0.0138762386926703,-0.1786985628361471,-0.0727778156099221,-0.2563183149838799,-0.229033151654305,-0.1614774340383241,-0.0645213394024009,-0.5190797710811931,-0.0480876009103617
0.0538774608056557,-0.0736124140475449,0.1259606873106322,-0.0148834076204645,0.1515808665370796,0.0943492734272829,0.0925838752670451,0.0121135213119738,-0.2050852818845477,-0.2029941723599163,0.1912326074054659,0.2414333683469117,0.2508797061578719,0.1210948888379219,0.2098844340681175,0.1461660455209074,0.0812366988397181,0.1783447175675147,0.0594070576567436,0.2208023685579211,-0.1219001925817509,-0.1965325792610776,-0.2551130336733704,-0.0458550139435529,-0.2208842146880452,-0.0867136293471165,-0.1096936617844253,-0.1227813182006973,-0.2159276215888002,-0.0019797172608068,0.1785762397359908,-0.020286286185713,-0.2307221236104003,-0.5340616546230221,-0.1829543437852422,-0.0138149630293187,-0.0887171306350972,-0.1337295636116206,-0.1136750883633977,-0.0856687574713031,-0.2240447432859835,-0.04005716645427,-0.1990800882663663,0.0237883226106973,-0.3362807182080247,0.6520954677046337,-0.0676601998608097,-0.1495442826202583,-0.342352237412628,0.071703986488168,0.2233000556895656,0.3194559494654356,0.1098723031572661,0.1349063738559185,0.1747822154372445,-0.2176336650148146,0.354326799361023,-0.1148567864174613,-0.006099737563731,0.1301160534417079,0.3933569842357975,0.2220384360770228,0.2233784423871625,0.1391751648837745,0.0425196847479845,0.3782774588518585,0.0733156905291679,0.0458518749483216,0.3569913726895868,0.2626845157357536,0.1767196701159716,0.0357600274574597,-0.1498209095496362,-0.0668201500773951,-0.2347713989547576,-0.3040491142903214,-0.0722897221177182,-0.0007749724491983,-0.4312543898526154,0.0500136117765079
-0.0125285511242457,-0.0890469993968702,0.0619808338149232,-0.1045800525897678,0.1615541457747969,0.015531689417485,0.0145079863984138,0.0247014288556881,-0.2092336536428302,-0.237052764187027,0.1832134673769486,0.2299781185998429,0.2397691848329652,0.0829172019206915,0.2075737751385693,0.1392036373933011,0.0803979384687124,0.1746230913136678,0.0557951142435145,0.2215351001506471,-0.1313939379787474,-0.1829531536267406,-0.2533543645337789,-0.0496703618028816,-0.2165372019427129,-0.0996166264689701,-0.1459110213306124,-0.1140210586996975,-0.2384370454775536,-0.0028924312445419,0.1854287053329847,-0.0423529054383377,-0.2952346521451935,-0.6363088897533637,-0.1967341926546008,-0.0173412149886452,-0.0817889561447974,-0.1204082564832138,-0.1176284212608911,-0.078368668395754,-0.2301823100717624,-0.0450205873467798,-0.1882108804037893,0.0207485642910866,-0.3482812179681232,0.6598560201147874,-0.05622732339294,-0.1596804255508021,-0.341610233417351,0.066893163220997,0.236345283307374,0.2753552859987578,0.1054694229313265,0.1579997159895806,0.1948774277907675,-0.2423855880394755,0.3564210531708518,-0.1404421245774449,0.0065562829611413,0.1127061288723684,0.5031681223492384,0.1113498908110025,0.2223678782919425,0.1895085645679367,0.0745549165442669,0.4204757847236064,0.0348903248946409,0.1279198703635445,0.3136661146444415,0.1931649407480215,0.2291110588292449,0.0621968224158557,-0.1019560521219098,-0.0298239172285478,-0.2002488439401273,-0.3165622742534549,-0.0051847635268078,0.0360181530984776,-0.3218745214246791,0.1405612857872931
-0.0695230867378084,-0.0877637816235861,-0.0134829378706786,-0.1963234959260558,0.1700493069555718,-0.0571190469117781,-0.0419896465043651,0.0538614165887151,-0.189161756378786,-0.2368551259114341,0.1763694472708419,0.2167686023549464,0.2300220904859557,0.0461249188043413,0.2065463954296921,0.1330564505525928,0.0798357347635346,0.1698340462564352,0.0545427973340358,0.2154634144124247,-0.1394715147709552,-0.1688789332144989,-0.2432298517821688,-0.0569141538824691,-0.2105919768916647,-0.1080819080378104,-0.1764697561980207,-0.1042275761093168,-0.2503199616800514,-0.0025582859510954,0.1820975678262225,-0.0751445613571559,-0.3700200256339804,-0.6981028110728349,-0.2049903745235791,-0.015143161220826,-0.0741337189293962,-0.1011765425799565,-0.115134209703346,-0.0741929468765807,-0.238099138103769,-0.0464104424888711,-0.1780353495422891,0.0165186772663463,-0.3554960430488695,0.6629050138536066,-0.0537789065033859,-0.1709684231124926,-0.3373006726778896,0.0569288346854874,0.2483979043047186,0.247588887106473,0.1082180932680101,0.1932995891968041,0.2415586884715536,-0.2679162575798731,0.3534359637077299,-0.1795838689442298,0.0292554733478447,0.1000468249201483,0.5437799601831531,0.0079284494467432,0.2387001896893858,0.2636265163146808,0.1460251862942742,0.4061657181915345,0.0306207991194353,0.180729914828963,0.2774298366542618,0.0892718143194328,0.2685718583566763,0.0671827978864263,-0.0423862063608237,0.0340068186994389,-0.1633189243900068,-0.2360880637437457,0.0263182796819428,0.0516241121212613,-0.2120843450032613,0.1979426850993014
-0.1042562013172955,-0.0709463975780725,-0.0891060590158709,-0.2703530367570711,0.1707444755684867,-0.1099793395795872,-0.0728335038810128,0.0911551171652667,-0.1503031269458836,-0.2009516373883293,0.170416474305969,0.2022707373948099,0.2229487255485218,0.0159735281149447,0.2072634560883599,0.1272324766830781,0.0777776222019463,0.1634861973548332,0.0537111205270486,0.2039755258576384,-0.1457549541347135,-0.1569648175256403,-0.2276460802477591,-0.0641756640724955,-0.2050044556507629,-0.1122334780902737,-0.1957405141214912,-0.0989929119481577,-0.2534399255461657,-0.0024529641757824,0.1682651307880285,-0.1150746899037326,-0.4464831035195043,-0.7080646316534006,-0.208759229744614,-0.0107742620971306,-0.0692400820085002,-0.0845112600962536,-0.1073425454239166,-0.0717103276045846,-0.2454967281633581,-0.0451610418065508,-0.1722617857767984,0.0149829478378643,-0.3590734704684791,0.6632706821553935,-0.0621114851372779,-0.1811100670772239,-0.3297230481428236,0.0447020876235833,0.2589573635647055,0.2376362869929836,0.1184817529315444,0.2311872391032125,0.300645912517491,-0.2875450770539,0.3417677554868069,-0.220480019432348,0.0561466725004172,0.0931094953007803,0.511369342754479,-0.0612358884645653,0.2637339183872624,0.3375132335448156,0.2386591820924275,0.3392066895307489,0.0631008689354023,0.2020270799873674,0.262850769995043,-0.0204185493896956,0.3023434675949832,0.0576651687673711,0.0180562920023957,0.1110891163187599,-0.1300298258614652,-0.0641026515907505,0.0210914076662179,0.0603047774457888,-0.1171048908480047,0.2064367019902915
-0.1096204712701524,-0.0436968828307673,-0.151391879783562,-0.31137908500877,0.1611051825165019,-0.1340234298696364,-0.079188128479177,0.1256510819944669,-0.1037774993009216,-0.1389382552495263,0.1644355647794833,0.1872435811438551,0.2181629103845253,-0.0023860182871862,0.2095367017095279,0.1216734402179138,0.0740419456633897,0.1566688353009533,0.0527945096029293,0.1903825280961434,-0.1489427019534814,-0.1490837019746454,-0.2113630557278614,-0.0676001695860476,-0.2008469135069762,-0.1123905096157974,-0.2012067714483175,-0.1001719419340633,-0.2518810114021128,-0.0047311098582042,0.1463327851481079,-0.156831287522537,-0.5134039692795584,-0.66843952858398,-0.2081667503522094,-0.008149844472014,-0.071596338749263,-0.0771696773906182,-0.0956722557678616,-0.0688378047801181,-0.2510095768513729,-0.0443179660453503,-0.1724975212219877,0.019362174468779,-0.3623646266343649,0.6648079484691496,-0.079754402243257,-0.188414623869554,-0.3205324816912868,0.0309919728612546,0.2682045456402706,0.2425089135678186,0.1332784542815495,0.2624758154963976,0.3555099661705748,-0.2966420047440513,0.3222325521631542,-0.2537563867576657,0.0894823122324183,0.0917883246702256,0.4244274596335267,-0.0790645476736407,0.2876876086242348,0.3881236478197092,0.3303251237594498,0.2410952946965895,0.1248055280430811,0.1958486722564437,0.2797799212003107,-0.1061689610831631,0.3340178455599334,0.0437784585504817,0.0690599919552217,0.1846089264599471,-0.1007261004425661,0.1634290095417594,-0.0106159993426752,0.0765042958195971,-0.0439421067203452,0.1666126706836552
-0.0871153784394828,-0.0148644205830185,-0.1874282261626285,-0.314111672252725,0.1415489883242706,-0.1278665107712559,-0.0658323273440792,0.1452128508319723,-0.0640874711686072,-0.0682098764977654,0.1570991889015346,0.173388368624265,0.213761198755279,-0.0057529063405036,0.2119025981727167,0.1169742661742794,0.0701304335076156,0.1508869080206993,0.0523552433621674,0.1780203523782032,-0.1477466887407205,-0.1458756746713025,-0.198807068463441,-0.064961559497623,-0.1984247714583082,-0.1092976055846611,-0.1948253200218377,-0.1059587902081647,-0.2503800940661828,-0.0107858245607852,0.119801445526067,-0.1945575287580799,-0.5602412005730114,-0.5949734776438013,-0.2020592913649156,-0.0093961234542073,-0.0834987407298907,-0.0806309408529043,-0.0824636109997146,-0.0643348416618876,-0.2535779053307733,-0.0463764931115272,-0.1778439636000704,0.0307443669158959,-0.3691366095322656,0.6704952423824634,-0.1034767138901844,-0.1910974189443654,-0.3117941621361673,0.0143470974572649,0.277746568916119,0.2583096447140434,0.1482466020454047,0.281558543141288,0.3941720449244983,-0.2929629330613902,0.3000536439359151,-0.2749886519824437,0.1346075189049642,0.0975276033340183,0.3167511929635705,-0.0444794809574309,0.3024699648308836,0.4025989459206613,0.4005025347178931,0.1451709135678421,0.2009435169909809,0.1694984288139134,0.3287499173521203,-0.1464150238607078,0.3617711623473459,0.0358148302846767,0.1050153786948653,0.2414588474072973,-0.0733780702342298,0.3872352901418813,-0.051466793473788,0.1073113453775592,0.0077800845640727,0.0957119565117311
-0.0468036386607995,0.0050543884511722,-0.1886859975878698,-0.2851027588734029,0.1140689764968278,-0.0987060692566438,-0.0398487259025857,0.1395588994376752,-0.0449146583872509,-0.0080368904885062,0.1475870867849248,0.1632150952443972,0.2077123342124855,0.0054305764475571,0.2122056938700046,0.113768687505875,0.0680951567987526,0.1466978179030051,0.0528906389155322,0.1685978432289509,-0.1423823820080893,-0.1471517190922856,-0.1921255628728782,-0.0570072583660871,-0.1976840836186841,-0.104632604704157,-0.1822282292397177,-0.112952518358498,-0.2521781926432623,-0.0202609947244647,0.0926369823526625,-0.2221752406444588,-0.5789818242585856,-0.5119937756358396,-0.1901559313651906,-0.0145304511984164,-0.1027503491640256,-0.0910120811603314,-0.07134190472124,-0.0579140758523872,-0.2515801077678188,-0.0508708302451954,-0.1857418806759114,0.0477671827742215,-0.3814392577638499,0.6802385254513439,-0.1305776919700229,-0.1873059583128347,-0.3049635694595855,-0.0068479465321055,0.2898752446346482,0.2820854592928301,0.1593834136947362,0.2882498668522282,0.4127393426681915,-0.2758448752686979,0.2819495123321888,-0.2843383043937159,0.1934707610882134,0.1137580244449328,0.2250960600980329,0.0277585829564696,0.3017804672161789,0.3829830847501304,0.4358671110816136,0.0845775784662533,0.2726360953457711,0.1316614596165672,0.3985442268116396,-0.1334807087517282,0.3796189225119077,0.0408896328413316,0.1272397489777636,0.2766309097324436,-0.0482152926292828,0.5449231046658264,-0.0826159422585831,0.1493602476155875,0.0430768054001273,0.0215092254913793
-0.0041666113728091,0.0074250285012783,-0.1549944697286308,-0.2401818367626836,0.0815323141784166,-0.0603020252728016,-0.0099398683337076,0.1044902220819471,-0.0542972313663586,0.0264482589255489,0.136566420351709,0.1587610714824687,0.1993417027405158,0.0268289544393699,0.2091461276335331,0.1119223827743346,0.0690854374679532,0.1432615779355942,0.0540471681055417,0.1619229856370438,-0.1351769556338964,-0.1526179170016607,-0.1906781902640464,-0.0470938182606581,-0.1984068224092871,-0.1011127945037023,-0.1701064413370301,-0.1185001653513333,-0.2576148278639804,-0.0313503203605969,0.0694687798780906,-0.233737088654004,-0.5645023444541618,-0.4435603872966166,-0.1757096863968477,-0.0224487734861051,-0.1235111249826892,-0.1022125503578586,-0.066108728861665,-0.049620762485736,-0.2433018216558712,-0.0544553572944156,-0.193288678730578,0.0675646411343115,-0.3984878954940262,0.6912708790279264,-0.159766357704138,-0.1764255250343175,-0.3001912144043879,-0.0321788976296912,0.3055500897721271,0.3117106630866416,0.1643948582154246,0.2874591693185067,0.4145736543556518,-0.2457835034969329,0.2728367002804483,-0.2841436652790352,0.2611894264145631,0.1438828241333755,0.1763987119884823,0.1120177045326131,0.2801593732515524,0.3433639106222132,0.4333543684183137,0.0789653622812432,0.3200895629175866,0.0918240669772723,0.4672972999076284,-0.0742169018056872,0.3810854787987655,0.0603982645599839,0.1426171780794861,0.2931283349397267,-0.0297037808729631,0.5919605690691419,-0.0888836034262367,0.1914096144476215,0.0686232895758263,-0.0279947463211551
0.0250390408233983,-0.011094579253766,-0.0967286715691773,-0.1986999653588777,0.0479102958893927,-0.0284996140263229,0.0144294432506601,0.0450688640445738,-0.0912332310835465,0.0281055272272052,0.1261962669012332,0.1600441478941153,0.189742524387838,0.0520894851287384,0.2034294935339087,0.110440564104541,0.0726716690620716,0.1390145255252195,0.0548568074366574,0.156908510342891,-0.1294554983455775,-0.1620759560181076,-0.1921129323711231,-0.0394203527646118,-0.2001681987886568,-0.1016632558704429,-0.1633245032792862,-0.1217974712658022,-0.2644860676364904,-0.0420759598113125,0.0551934153483554,-0.2245719775278954,-0.5150844719201186,-0.40398332205007,-0.1656791706764341,-0.0318012270682948,-0.1398249086280786,-0.1097145135406965,-0.0684853687423622,-0.0396549247654309,-0.2287698889048054,-0.0534566860222311,-0.1982554922125518,0.0872327222884604,-0.4170546730350223,0.7007323027557992,-0.1900458223794075,-0.1604808498043149,-0.2962196296960367,-0.058829880427174,0.3229295254467253,0.3449563523329793,0.1638912199776424,0.2868914371134912,0.4068508447978146,-0.2052955939847248,0.2745211636789763,-0.2762419715120678,0.3273786143233987,0.1886228006707712,0.1799526403464989,0.1792394000287225,0.2335799602363595,0.3010644301333309,0.399215644611852,0.1267680550763164,0.3270423916247874,0.0594414723522157,0.5082956333008943,0.0131233537783516,0.3633211340801002,0.0895349138043909,0.1589283252206539,0.2979681221980511,-0.0240568588895691,0.5157718755223016,-0.0626810288049986,0.22079632750025,0.090625304908276,-0.0348094836413725
0.029987726722564,-0.0468466237846656,-0.0332515100020649,-0.1770099273357959,0.0184867980025009,-0.0161469271241794,0.0248510697321149,-0.0247023656677236,-0.1455333626691701,-0.001394906935314,0.1188029369014431,0.1646663139827905,0.1808985605936885,0.0760912520014913,0.1973579835711845,0.1082866768246973,0.0773359957539448,0.1327395453673176,0.0546912237595978,0.1527822771244477,-0.1274675884682664,-0.1748343409367498,-0.1941078883243243,-0.0371656935937346,-0.2024274927417927,-0.107893365593998,-0.1633937214152014,-0.1235324973852361,-0.2699067311291363,-0.0513819317726643,0.0531552619473954,-0.1927252494261011,-0.4340354445897107,-0.3923795875978894,-0.1672743539211865,-0.0410295599094821,-0.1489367599882597,-0.1124665547765828,-0.0765466465037645,-0.028895464664576,-0.2111884119154526,-0.046600420653276,-0.1995834562574561,0.1049134254869196,-0.4329794296209679,0.7079770920820282,-0.2191103923127114,-0.1439421689649389,-0.2910103687945694,-0.0831039769995197,0.3381206151457435,0.3787895444834335,0.1619528812089483,0.293744426376672,0.3966568188890644,-0.160263566699591,0.2865163218764234,-0.2608318178610987,0.3805127395097759,0.2446984081221256,0.2271095196398473,0.2052741604333609,0.1623579612275615,0.2674455525230075,0.3451674771034544,0.2070697460263639,0.286811155416275,0.0414967752426945,0.499776203399034,0.1036545493704755,0.3293521268523141,0.1195013155603883,0.1795600425709727,0.2970387506085948,-0.0338073516173553,0.3388287888645238,-0.0062538414521704,0.2300109065756441,0.1136090157242527,0.0030570836223373
0.0081332814635319,-0.0900508836395035,0.0127356434044153,-0.1836006441396907,-0.0010721610779209,-0.0294399278217552,0.0164809228221474,-0.0863802889082794,-0.2014040705661906,-0.0532549503978374,0.1151901562896119,0.1691169459685483,0.17436783782517,0.0976379440952934,0.1931166071548392,0.105390601737648,0.0815535983504429,0.124178803433324,0.0540003104479614,0.1494882629416378,-0.1291430826756274,-0.1889737595782518,-0.1955785332585011,-0.0416641879519812,-0.204981841563411,-0.1188723717389388,-0.1688585450719901,-0.1249369847879414,-0.2722619991712798,-0.0591570633391299,0.0628873485996185,-0.1392580708712158,-0.3310736902008788,-0.3945150636665105,-0.1830166893383682,-0.0482464616208567,-0.1516893787300623,-0.1123095482501448,-0.0854902828281695,-0.0191501905933432,-0.1961378808422746,-0.0355967158588685,-0.1975499923552106,0.1200847867111167,-0.4430276728342931,0.7145139591364488,-0.2432340307208777,-0.1316157798149469,-0.2829125393792892,-0.1022429364906721,0.3478712161202058,0.4091956259649189,0.1649611260363907,0.3115142670713294,0.3881005109514878,-0.1198611392835104,0.3071298049527163,-0.2375543024998478,0.4120184644246047,0.3052210057673098,0.2968285882718176,0.1787962356850821,0.0742174057337196,0.2439925292998232,0.2843733157240822,0.2892963973147832,0.2073501154214064,0.0392190473454098,0.4348998882966639,0.1713728614580485,0.2872987174057838,0.1415724275203711,0.2011458191296307,0.2920134500278118,-0.0532398749358714,0.111054537358561,0.0683160901133703,0.219914569397042,0.139660749361426,0.0721169062985246
-0.0345123204425998,-0.1280350383033999,0.023022725503841,-0.2173302589729839,-0.0067741389149845,-0.0667492291468886,-0.0100306550988296,-0.1238687286903916,-0.2433811186163242,-0.1145332543324803,0.1141322043023403,0.1708314241911056,0.1705779411203044,0.1197636311011861,0.1912234589913241,0.1028988700457162,0.0844817856551023,0.113956780192502,0.0541066926369222,0.1471481688521151,-0.1327998410101397,-0.2014448554027015,-0.19677863714282,-0.0526633952335887,-0.2084622478059576,-0.1312192121759801,-0.1768691552028254,-0.127120401456027,-0.2718765662822436,-0.0654109137208362,0.0794610874671353,-0.0666764886955725,-0.2209902603659426,-0.3911911907729998,-0.2081985478513383,-0.0520130315603225,-0.1499459100719472,-0.1122609569151661,-0.0904167499102398,-0.0121781494724306,-0.1885655352371358,-0.0234304504274292,-0.1937175872141446,0.1331739931121462,-0.4463435668582067,0.7218630165035693,-0.2591029633145584,-0.1261123498994507,-0.2717353723742984,-0.115004942217875,0.35201268122709,0.4315101751320459,0.1783500116517914,0.3378504153614495,0.3810793543304486,-0.0938707850642541,0.3331957583468311,-0.207717032069165,0.4179229113088185,0.3607295387571095,0.3630009230303591,0.1064669390213668,-0.0158889339006893,0.2253791263399761,0.2291344206244693,0.3447600708053868,0.110993122314801,0.0465849115358712,0.3264511141533241,0.1954438495016732,0.2473162923770388,0.1509447335965894,0.2159366870255263,0.2809373015346927,-0.0683405486564829,-0.1048572952726504,0.1418724649465151,0.1983920711269628,0.167846504937025,0.1498195512264853
-0.0862158108212771,-0.1497235073034128,-0.009341732352956,-0.2689148302603377,0.0017269433003866,-0.1197751537433617,-0.0483702618629181,-0.1292210607714469,-0.2619145275090201,-0.1713747784444983,0.1136688007883062,0.1694045533618558,0.1690160726553811,0.1472454580683018,0.1904476827280539,0.1023650240737081,0.0857713499424735,0.103215643000765,0.0561520661366654,0.1453437372099868,-0.1371608321175981,-0.2093417156673826,-0.1986456541901274,-0.0688179612272905,-0.2142240642257409,-0.140729703375092,-0.1847444888656496,-0.1308434951086229,-0.270196341705701,-0.0696088853104191,0.0955339807564191,0.0232406852384269,-0.1187885591218796,-0.3684735968754176,-0.233039471957369,-0.0528124806207278,-0.1437390967573798,-0.1150423686217985,-0.0889663991401668,-0.0080012832896899,-0.1896808348887216,-0.0122707206256021,-0.1904881190355566,0.1448412659745841,-0.4449236467985627,0.7296725190415976,-0.2660522571712477,-0.1267424151970994,-0.2589898988238268,-0.1209582666507923,0.3534591758808328,0.4414082413335394,0.2027700650377226,0.3643488893738585,0.3718218688098228,-0.0883457384777438,0.3589307485340872,-0.1755278230162217,0.3983531913239251,0.400129361556114,0.4005254452702799,0.0121593473115548,-0.0906999597467091,0.2060577170463117,0.1897348010304961,0.3545479439939795,0.0266126474982359,0.0525597581105946,0.2028976166257067,0.1663246191984846,0.2182369710797334,0.1483547588459722,0.2175455135180517,0.2616794307767738,-0.0624814984808412,-0.2504157889949815,0.1935896625979082,0.1758984721922145,0.1940486771315056,0.2138053658787094
-0.1341507731344676,-0.149793221187335,-0.0772398853270562,-0.324714521064953,0.0205075563616507,-0.1762314958217631,-0.0883509254062287,-0.1048953087940826,-0.2560568948936128,-0.2118962537812477,0.113171163332097,0.1661513891338678,0.1687535152918404,0.1827018194793812,0.1891714415642419,0.1045114999844313,0.0849641968449058,0.0934135665233968,0.0600273112609446,0.1430970198822987,-0.1428548952509668,-0.2115981412894482,-0.2021402835519106,-0.0877312464317435,-0.2233546380879668,-0.1446434082764213,-0.1908370195859559,-0.136367245348715,-0.268465689584811,-0.0708920432686988,0.1048884861872756,0.1297128821837795,-0.0337571052723337,-0.3240101754030136,-0.2481296126149349,-0.0536089733519101,-0.1310747568660502,-0.1221211189659199,-0.0818473695139437,-0.0043147914277166,-0.1961979095412387,-0.0028854164259342,-0.1900971193737206,0.1553319912329584,-0.4428591708654941,0.7360868987762692,-0.2666098843795798,-0.1303493068939558,-0.247131486251239,-0.1198103558725197,0.3555924636166971,0.4365388260930098,0.2323184289716469,0.3790475330728013,0.3550988246293979,-0.1023761288978304,0.3760374838390818,-0.1468551687700644,0.3566372250172522,0.4122635187724907,0.389936565511174,-0.0714763990268985,-0.1380691341057838,0.1846184412107329,0.1724812690007924,0.3121991018236651,-0.0229557711144713,0.0461685072469954,0.0972555350407034,0.0891569920072401,0.2055342018516467,0.1388242636171948,0.2064449369921709,0.2357690334839407,-0.0256125069302603,-0.2863655097170104,0.2078649088847877,0.1606459180471666,0.2117478344565063,0.2500870243585781
-0.1686271406439141,-0.1308680602116062,-0.1618485059683523,-0.3712011060624847,0.0424335083202659,-0.2232474428416305,-0.1189712031464681,-0.0619128266770161,-0.2323869300505923,-0.2284904912250457,0.1143651282452743,0.1626336348558116,0.1687071024061279,0.2235432852976978,0.1869301699332081,0.1085796500951029,0.0813838474170532,0.0862642482457789,0.0641448438620418,0.139664944486072,-0.1520279518652689,-0.209773529062627,-0.2079240150542607,-0.1057830195002899,-0.2353776961739457,-0.1430351074223169,-0.1947661926857772,-0.1431702116025392,-0.2670813962098726,-0.0689430081846361,0.1048415744982374,0.2501284624806213,0.033433795893329,-0.2663189005317086,-0.2492248593480318,-0.0582308205887317,-0.1106994991832789,-0.1329470540395448,-0.0712643455101942,0.0017658186218677,-0.2025648671308261,0.0043983540630387,-0.1933696277930551,0.1642692564909751,-0.4446151139836717,0.7399294044003639,-0.2647082368829112,-0.1330791511095463,-0.2383946145610364,-0.1118988575664329,0.3591290594541925,0.4179894108509355,0.2565653199774425,0.3715041909457462,0.3275488824930589,-0.1284132178104125,0.37647379454973,-0.1260275024101008,0.2990796872286647,0.3893034536160485,0.3217973478579618,-0.1167806531678839,-0.1562177727942713,0.1626353551847996,0.1763043156873118,0.2230379712414362,-0.031326564882922,0.0211387849596299,0.0342807760082849,-0.0179482943301098,0.210833869158753,0.1285678541587136,0.1916892809264503,0.2100935414122529,0.0379204724871397,-0.2027441429293794,0.1806166369852676,0.1556583548867237,0.2140454409124497,0.2572358779241981
-0.1851477511541272,-0.1027386463091511,-0.2392561869030918,-0.3985415786959054,0.0593128864986183,-0.2508172745818725,-0.1318218823827623,-0.0152852751729274,-0.2013583330911768,-0.2193757642041132,0.1203315280927966,0.1595043585388497,0.1676881425808987,0.2614600399202508,0.1847664674660923,0.1127576426151732,0.0748364460511015,0.0834039020849445,0.0662283902928959,0.1353885949212805,-0.16629032799947,-0.2071280124346697,-0.2160979537941047,-0.1186018578375975,-0.2477912173320539,-0.1383631877873471,-0.1973353450236212,-0.1498381335149602,-0.2659818113104594,-0.0645919959025594,0.0959549323446852,0.3760316348669295,0.0884419129145795,-0.2083396651121378,-0.2383294116052259,-0.0683540922953399,-0.0851524073523157,-0.1445955473386128,-0.0590491382872036,0.0105962967946582,-0.20444666601051,0.0087233490062973,-0.199072069379083,0.1710204399890476,-0.4531143723418368,0.7423138980785203,-0.2630649111529853,-0.1318041230108883,-0.2339776219890038,-0.0993983442333552,0.3610455219084519,0.3902230505989307,0.2654733127032374,0.3386000580273428,0.2906757894366705,-0.1561039094452477,0.3567324202066294,-0.1129967078421962,0.2348544974168086,0.3314042988335329,0.2007148355620938,-0.1138270900805174,-0.1533268099333775,0.1399576180496114,0.1901507395779813,0.1022617599562868,-0.010682538379629,-0.0226939566741235,0.0220433745254962,-0.1305354997069427,0.2321570193536532,0.1220266990230894,0.1875760657136854,0.1953069505523683,0.1080289405037105,-0.021910839346517,0.1224858362120068,0.1585277114372896,0.1964331172735694,0.2455602583077784
-0.1840141646986384,-0.0787868132946313,-0.2887303862199539,-0.4024713158006755,0.0642890608547351,-0.2545251030679673,-0.1239644432469351,0.0210718353362661,-0.1732184491762118,-0.1890765972404376,0.1332153528259889,0.1565189214732427,0.164748677773082,0.2846179788956074,0.1841105255420448,0.1152428860039155,0.0664239391036425,0.0855878989652354,0.0645080772944758,0.1317429246657563,-0.184576151344193,-0.2064941025699943,-0.2257336456992485,-0.1225944853399348,-0.2571327003461014,-0.1336236826699547,-0.2001644946694825,-0.1546084660572537,-0.2654304191963146,-0.0594838041631485,0.0800533458555619,0.4918084505713437,0.1376536870315708,-0.1597211756556467,-0.221210429632907,-0.0815027904731547,-0.0609541174588019,-0.1526392733216409,-0.0462666142015325,0.0182522539546613,-0.2008686085098967,0.0090184076864328,-0.2045352205113345,0.1753358365066647,-0.468486402093398,0.7459240889938258,-0.2619718513848876,-0.1247317037902194,-0.2338432253499653,-0.0865947439049014,0.3563922211913999,0.3589341697949186,0.254091931795594,0.28781631592418,0.2515127447449879,-0.1769790243176436,0.3205224105645762,-0.1033032410801704,0.1748201034178304,0.2496137431411927,0.0465728692145373,-0.0752083005383223,-0.1420718091335673,0.1117526425718508,0.1946026991293264,-0.0280248637386952,0.0153254534266352,-0.0811842731825644,0.0509170546638777,-0.2261788985331577,0.2642618866940798,0.1207191103981223,0.2068800156080483,0.2016432146462345,0.1561880205431446,0.2066572711217063,0.05686895688302,0.1634792956573083,0.1589393971083506,0.232043515926162
-0.1686263294818649,-0.070992366587585,-0.2994697178780266,-0.3845078638033506,0.053837659178278,-0.2366399420090486,-0.0993423311431323,0.0380949867541975,-0.1551295604206515,-0.147462642923418,0.1524871854604683,0.1533993998779918,0.1600476815962561,0.281372660576338,0.1852118517134895,0.115062436212304,0.0584542486081713,0.0919016803125864,0.0584928856564942,0.130499770898031,-0.2025753305904019,-0.2084530781472023,-0.2345666685004907,-0.1167990086044224,-0.2609949628271656,-0.1305930614035375,-0.2048537496886221,-0.1565487134922761,-0.2662952557509078,-0.0549931454436351,0.0589939108352147,0.5784488883070361,0.1837294284112464,-0.122339655713067,-0.2039415169088403,-0.0919725534864956,-0.0453203635781799,-0.1535383583931149,-0.0343741768248483,0.0181622696823587,-0.1937852949933287,0.0053455749677806,-0.207299852337084,0.1777246645327414,-0.4879399979091863,0.7526916524110518,-0.2602967357596487,-0.1115537571652526,-0.236889763188697,-0.0782176752051834,0.3414334851758412,0.3280192115570018,0.2241609651800442,0.2353293219281521,0.2198789519232208,-0.1870502777239254,0.2774945143395317,-0.0913391258573554,0.1290055878438636,0.1637150073007323,-0.1095640871412808,-0.029951646452797,-0.133351823997083,0.0708917504105366,0.1688623301291034,-0.1436732972663683,0.0232625568224447,-0.14830866825899,0.0988586013396513,-0.2906484623569826,0.2993527538939689,0.1243339631660343,0.2541336464392972,0.2341705554930762,0.1586908496521913,0.4195567091822724,0.0123926007952536,0.164671157213564,0.1062844328635884,0.2330563071792553
-0.1439652906941796,-0.0854539945301125,-0.2733899535776371,-0.3509660651336645,0.0289467328757299,-0.2050447555689674,-0.067912352609253,0.0332188544006386,-0.150022219485839,-0.1072829299963888,0.1751643531218897,0.1504971496868726,0.1557206508820797,0.2437540262336293,0.1865580490372824,0.1121986505547705,0.0532038662755619,0.0998351286715253,0.0489861452599458,0.1327606857361702,-0.2142822034649411,-0.2111075226361966,-0.2395591285875149,-0.1036665548974982,-0.2594540826818364,-0.1293534549807095,-0.2118012086923439,-0.1565538688757142,-0.2695909408178556,-0.0512861027413823,0.0353988573042975,0.6207385418017076,0.2254732224029978,-0.0908611796097173,-0.1908062575449338,-0.0942875122303834,-0.0419431386351541,-0.1473107809640179,-0.0262808931159725,0.0053453582003717,-0.1860597472516704,-0.0001770875808291,-0.2066346544386766,0.1793005559675645,-0.5067162498331399,0.7622473928575375,-0.2573665101958171,-0.0935746955041467,-0.2411780281030739,-0.0767653542091824,0.3156408180014613,0.2978663864965119,0.1822764488012395,0.1991404368808587,0.2034927300739842,-0.186539303299058,0.2386705530575908,-0.0747227309358051,0.1038983126146606,0.0947135881234678,-0.2346048671274771,-0.0098780745564919,-0.1334737512500315,0.0140866415607091,0.1001701138741331,-0.2249215627378314,-0.0004092136997917,-0.2169419923655939,0.1394562238989291,-0.3198446870537271,0.3288407906885455,0.1329724661687077,0.3222865058830992,0.2897557736107731,0.109230077432646,0.5579469675076635,0.0121442268591888,0.1593998215312188,0.0459810685356887,0.257565553350552
-0.1159315569748127,-0.120090577016043,-0.2231801081779428,-0.3111982510462489,-0.0048528732978772,-0.170385665329277,-0.0424268184281149,0.010101368134138,-0.1568833955176326,-0.0807877411068052,0.1977739268669439,0.1485315273424573,0.1558023336399566,0.1692427450089938,0.1858724098621531,0.1073117698838628,0.0514226926243358,0.1065342852584658,0.0376681149730396,0.138704371404181,-0.2147896259877521,-0.2114739210543019,-0.2384220741760319,-0.0879854464664438,-0.2547511753608209,-0.1290818808879221,-0.2194030734421184,-0.1571382263960561,-0.2758741879081625,-0.0473463688125107,0.0140112171305955,0.6133369195132096,0.2612577050976603,-0.0569735291824904,-0.1837761173951313,-0.0867087257372239,-0.049208806471596,-0.1382791214189691,-0.0255968661219454,-0.0198978402635182,-0.1798312969585254,-0.0040796185061676,-0.2037965173910724,0.1813188915648473,-0.5198086455688166,0.772608835148635,-0.2537675516442257,-0.0737345735702027,-0.2441601698515077,-0.0809914252526996,0.2813276372259596,0.2663745580343146,0.1366863402051359,0.1907532563915205,0.204095745257508,-0.1782358448466652,0.2118082450310584,-0.0563867261403903,0.1010428337656766,0.0559327339924725,-0.3039197498810823,-0.0358615398793384,-0.1454147346985305,-0.0534724541881366,-0.0095107435672569,-0.262121551128455,-0.0558254519196392,-0.2784372828957508,0.1496137451565091,-0.3183372273746392,0.346196013637121,0.1486507419038695,0.3943004169448336,0.3571057823852036,0.0239647828781338,0.5859166675351606,0.0641965057817045,0.1499386242665261,-0.0141109568660336,0.3034748243014517
-0.0910673273654824,-0.1653400015730979,-0.1668542876140521,-0.2754330629680098,-0.0387502500001453,-0.1426733366744449,-0.0339024693278737,-0.0229576262278343,-0.1718407251407447,-0.0765354127048716,0.2184278278967171,0.1477589406363744,0.1646565553607528,0.0602180085342396,0.181939233516639,0.101616344690716,0.051878301477833,0.1105073411882566,0.0267146048100566,0.1481563944920687,-0.2027286790547776,-0.2073433689690931,-0.231172863973927,-0.0745729643704484,-0.2495329404324496,-0.1291496085888074,-0.2245153223172491,-0.1608359737468876,-0.2851351476691406,-0.0419821336447316,0.0012195828862762,0.5621258180739168,0.2922278279578343,-0.0143734183922065,-0.1823070123126817,-0.072232070103062,-0.0619985385875349,-0.1326624226274829,-0.0342099192212622,-0.0516373346773535,-0.1762786897424711,-0.0036165339656075,-0.2009270807447423,0.1848155207216636,-0.5239764396523127,0.7821949431820558,-0.2504970454493013,-0.0559695161792615,-0.2430759437685785,-0.0869090971403102,0.2418516857226637,0.2321097957856201,0.0950298791240361,0.2100744828527264,0.2172147883759056,-0.1662318889480148,0.1997160079976229,-0.0425302002265721,0.1175042803908539,0.0483541335099606,-0.3084631511425787,-0.1105986883261347,-0.1709489001154605,-0.1190151356607863,-0.1431696880375511,-0.2580522816321028,-0.132186437248917,-0.3235529148360437,0.1154086963646675,-0.2966806667660884,0.3497630672700831,0.1746629106812653,0.4489593747099692,0.4198110746549597,-0.0639801169855547,0.5020628347030005,0.1578751735138869,0.1431572012956245,-0.0670678446939017,0.3585209050135997
-0.0757920056134099,-0.2075583722826143,-0.1213355515199018,-0.2526414162471577,-0.0630035145750698,-0.1286952650519434,-0.0475428149352444,-0.0553186291463635,-0.1894448616183669,-0.0973050021565491,0.237399065365012,0.1476344929163534,0.1844749896795323,-0.078419645985484,0.1758437325883056,0.0970351912754544,0.052442390973909,0.1125247010434743,0.0184900422571795,0.161268570495717,-0.1810877893665579,-0.1983534054575302,-0.2204747299903877,-0.0662883401868983,-0.2451475061231923,-0.1296283080876618,-0.2242820309320464,-0.1682922477126245,-0.297116513289366,-0.0350145936312705,0.0018963031468894,0.4808833397677385,0.3221035914770674,0.0377903881104122,-0.182832702687142,-0.0565209692521753,-0.0751494652409399,-0.1342675866115452,-0.0502796633932716,-0.0813834972694971,-0.1760810202282247,0.0014084721533935,-0.1995949080909637,0.1905084605136511,-0.5192894931568264,0.790979821532809,-0.247723626770867,-0.0435662677126639,-0.235628788206963,-0.0905235270846166,0.2003368315673866,0.1973007197658869,0.063665613392214,0.2462721715502856,0.2354431056562015,-0.1552995029994861,0.2018878199438146,-0.0378818106296412,0.1474411725503142,0.0630299856429698,-0.2560915979166179,-0.219652315314476,-0.2100756178743559,-0.1680389399525862,-0.2744520331970786,-0.225837327106684,-0.2129754490500567,-0.3460561344835013,0.0356290375997161,-0.2687707876768275,0.3438159036527163,0.2128628669793106,0.4685078562545798,0.461166295751465,-0.1181685415557415,0.3393941256396313,0.2675549672482713,0.1478798757227448,-0.1067032849682389,0.4052063437574248
-0.0749012302443722,-0.2337834368367586,-0.0975732704920733,-0.2488076142394668,-0.0698120873961016,-0.1309658328970141,-0.0807842652497434,-0.0765895225500804,-0.2038332812495149,-0.1393808203645531,0.2559298437903084,0.147582563441294,0.2134025123028801,-0.2420667330519939,0.1707659638712063,0.0961728987748409,0.0518586145157566,0.1149734016771887,0.0149969912884704,0.1785198802456463,-0.1561163705204357,-0.1858786847184244,-0.2102905413208206,-0.0635484757675535,-0.2413367187180786,-0.1310502278769144,-0.2182100487542183,-0.1775870220142084,-0.3114480958353213,-0.0277372266696148,0.0155305807937946,0.3862240684102505,0.3537609105444567,0.0938133058254967,-0.1790093776040681,-0.0445619543962206,-0.0856775391492446,-0.1414213208387248,-0.0686618872401167,-0.1021207492133647,-0.1792374194187293,0.008653499355678,-0.2001102638942185,0.1988029291205987,-0.5092492214186002,0.7996891324491731,-0.2447320481059174,-0.0371285141487351,-0.2208123738809087,-0.0900458457007557,0.1599279127162631,0.1682090160402879,0.0475462209493681,0.2837086782328737,0.2526012112917594,-0.1499162905127591,0.2172656428188057,-0.0419912320081012,0.1836167899395181,0.0882462714079941,-0.1678997913674869,-0.3377670747218372,-0.2574831018898,-0.1907588584437677,-0.3758623493911052,-0.18387233315835,-0.2807372775018357,-0.3468318991508602,-0.0775624985615563,-0.2488124594404212,0.336783795658329,0.260493673052651,0.4452224457022277,0.4691089184781905,-0.1142574836434941,0.1531631892812994,0.3622080355303296,0.1708669095721328,-0.1270535903722634,0.4276257867921421
-0.0899769943323671,-0.235988486183684,-0.098595017190154,-0.2657890914542014,-0.0558654405116345,-0.1480299612701369,-0.1242854682941588,-0.079081692823801,-0.2097668583754497,-0.1931507858664608,0.2744075548980614,0.1483390567538139,0.2457880941314373,-0.4281452359835356,0.1706571599709079,0.1016348060828693,0.0506889771404759,0.1201326352501459,0.0170396129489532,0.2000249767806059,-0.1349105208374306,-0.172260410426052,-0.2036793541406997,-0.065245340508403,-0.237360732704736,-0.1339228594689245,-0.2088660403644397,-0.1854346617099477,-0.3272669765161681,-0.0223767902126334,0.0349774482785208,0.2936167953345127,0.3855945232868102,0.1426361439755975,-0.1641619424546956,-0.03851656526675,-0.0926493225779261,-0.1477008981189704,-0.0836564989749965,-0.1106338820286995,-0.1838983644431732,0.0151356390586772,-0.201782996525121,0.2097224853098732,-0.4990005116514675,0.808174843643573,-0.2411777908623071,-0.0336511269943815,-0.1995545949543029,-0.0859152697364407,0.1247599598353289,0.1520762367453608,0.0493886137438298,0.3093060732136992,0.265975625141816,-0.1522872158842354,0.2455370537277361,-0.0494215935707753,0.2183896666664551,0.1159914984630951,-0.0718731270644354,-0.4361394265693535,-0.2993585657247974,-0.1848355310629939,-0.4256220970179769,-0.1500471040238927,-0.3203087980289784,-0.3343905306128166,-0.201378057719537,-0.2470183211610679,0.3371712222075918,0.3088949857572948,0.384561880158578,0.4397725650702906,-0.0501362300353584,0.001253007997467,0.4165484558377125,0.2129505215773286,-0.1228389909062214,0.4175430392074641
-0.1186508065288296,-0.2132819259567062,-0.1205266736490226,-0.3008092163047425,-0.0236569752820472,-0.175360625574678,-0.1654188152270697,-0.0596503271200218,-0.2036348898666701,-0.2451426623081279,0.291371154898028,0.1526519192625489,0.2747493938494762,-0.6358674587354876,0.17884442078041,0.1148637297991904,0.0507001145114748,0.1287237777924894,0.0236534270248444,0.22497790362539,-0.1227340957055347,-0.1600827037510494,-0.2012841198293141,-0.0699455992546552,-0.2333387240999523,-0.1385127790335849,-0.2004832188247967,-0.1894019965117113,-0.342756767906209,-0.02105188319846,0.0495778218364739,0.2151039739461832,0.4106439606039455,0.1713078380597807,-0.1355771697597446,-0.0379001357703526,-0.0959973268833832,-0.1462316473672722,-0.0919748995047025,-0.1073346402192032,-0.1854229999679862,0.0194245793408076,-0.2033806132487403,0.2228363116148285,-0.4923964448158242,0.8150828177151149,-0.2381610270678326,-0.0278548512165912,-0.1747980225333536,-0.0789878955574254,0.1000206505241946,0.1524026732748926,0.0681068591978668,0.3174402103983045,0.2757781478254726,-0.1603236856322896,0.2861069341222514,-0.0534841662791426,0.2446440365950126,0.1436523785663083,0.0045784353699788,-0.4883649777936946,-0.3143820062216798,-0.1533839092379202,-0.4113670744695674,-0.1365114236081718,-0.3210296367366544,-0.3197819439973262,-0.3081739408022702,-0.2645996658381886,0.349106290635101,0.3455485514588196,0.3037815409769392,0.3786493700127535,0.0535112131235646,-0.0752403006150621,0.4193642709055575,0.2670030515516893,-0.0911106519165752,0.3776918289078081
-0.1551128949770531,-0.1715781116635616,-0.1555094673803272,-0.3466676513445015,0.0189728387291354,-0.2062357158451714,-0.1926893723355205,-0.0205235739971387,-0.1843878888086716,-0.2814879205143959,0.3039879633589762,0.1645708499586695,0.2955870176846596,-0.8642705987958946,0.1973170561562874,0.1353240942624479,0.0533773086123542,0.1398125979236296,0.0324536106748955,0.2520059084419587,-0.1211689698296677,-0.1517149706733999,-0.2015392980459533,-0.076361468244908,-0.2305067848331582,-0.1449341058173936,-0.1964207117708917,-0.1894964357131472,-0.3554001590602058,-0.024936895280858,0.0511218879890948,0.1577441680139231,0.4191484564355015,0.1702870174450311,-0.097911958089118,-0.0412385063954231,-0.0961174897720355,-0.1345628978236839,-0.093820755808598,-0.0948240427975086,-0.1773343768444201,0.0223447682833621,-0.2031630072909938,0.2373878595861137,-0.4898120986577512,0.8195439875765875,-0.2376262784734724,-0.0152542573554907,-0.1507310489059126,-0.0688302715557686,0.0904677646489063,0.1659403223310563,0.0978499093800051,0.3104581956794164,0.2830293269310083,-0.1676693021055255,0.3360390198960378,-0.0504557822435975,0.2572378728258548,0.1711607177830476,0.0425065645962088,-0.4753819780008869,-0.2798574255096935,-0.1008699681551021,-0.3310481064599803,-0.1451944163638719,-0.2781783112007719,-0.308465516533896,-0.3723283483023065,-0.2906071181805633,0.3697323016724594,0.3588204051133961,0.2265190553174406,0.2990559007318503,0.1620146611854406,-0.0639450127007206,0.3761530045711801,0.3189871300879153,-0.0332151674804976,0.3214201738914558
-0.191425735455516,-0.1213347472873997,-0.1948765247694725,-0.3928680382067425,0.06092753404177,-0.2326314220052341,-0.199182709886643,0.0309835299819806,-0.1541863714125048,-0.2919505527614188,0.309522104025792,0.1876709495609584,0.3079408865845819,-1.1098283159808018,0.2266411357007134,0.1607890265830826,0.0589250797024787,0.1519097661292265,0.0408962362954056,0.2801867928909519,-0.1278596535379322,-0.1488703841592441,-0.202283179712685,-0.0830720158342653,-0.2302168621410825,-0.1531889987417765,-0.1973524876778998,-0.1880109852780319,-0.3632059065197031,-0.0338942152393284,0.0387753132142579,0.1222493754965356,0.4028144307566305,0.1387651997902493,-0.0626011539259262,-0.0474170030662252,-0.0945295292403432,-0.1166410898306544,-0.0917227340467555,-0.076849208633072,-0.1544188689254982,0.0258340043515674,-0.1987164943998209,0.2526282441882522,-0.4883918159743404,0.8232444203864774,-0.2402988533198902,0.0051696785978897,-0.1311413561307242,-0.0537469337395723,0.0983699818484519,0.1839402998620618,0.1291373111584635,0.295576319697667,0.2876820201285011,-0.1668749430208391,0.3890572191519661,-0.0412668414862138,0.2547424277068046,0.197208661020485,0.0382636648988178,-0.390162583606232,-0.1801947217902883,-0.0304064119518145,-0.1921113949111497,-0.1648873945246611,-0.1927705952769404,-0.2946719650485844,-0.3756164203826711,-0.3034813205945998,0.3897446344022369,0.3429577411942855,0.1753303687616542,0.2183572059897529,0.2404826544285448,0.0181757693172954,0.3055486590574299,0.3522676965660453,0.0440607189652616,0.2688592136486766
-0.2189671954116172,-0.0743664437680352,-0.2311714345992583,-0.4277983238876788,0.0909252834965562,-0.2465992032734214,-0.1839190498858583,0.0837807582884202,-0.1184823603014606,-0.2729753333953872,0.3067895486378842,0.2233274059956843,0.3155020905987617,-1.365421687371522,0.266018616716956,0.1886042947118693,0.0664588166798152,0.1641302520164372,0.0476132155135634,0.3095590246990889,-0.1379623761073063,-0.1520260937394059,-0.2024467259972681,-0.0882654065351137,-0.2327206983506513,-0.1628949304586699,-0.2014697804009839,-0.1878518403222205,-0.3661548163079262,-0.0462825925267996,0.019556408991365,0.1027634734387938,0.3583439030887312,0.0869320599952408,-0.0426040240652828,-0.0556511984021049,-0.0941776316286996,-0.1005709075950209,-0.0884782789361831,-0.0580330630296159,-0.1159433797820391,0.0313012892162453,-0.187269806748567,0.2680885840855364,-0.4846290228402799,0.8304549178787648,-0.244061340200303,0.0307530193403317,-0.1173276737863972,-0.0323610373580088,0.1223821977910342,0.197130484889545,0.1522483136632798,0.2805711241169708,0.2880132671665266,-0.1541146991659473,0.4366418578673147,-0.0300112028008697,0.2403346082976902,0.2180721585059364,0.0062692267903588,-0.2409974891569645,-0.0134527727310622,0.0562109992719676,-0.0095499267530236,-0.1719874731117486,-0.0691938534733757,-0.2626400095485834,-0.3097149772211693,-0.2778434451048994,0.3969354899183179,0.3007788558586194,0.1647669896772084,0.1530614801583713,0.2662153490034528,0.1346034105578584,0.2314013645771205,0.3538515500561426,0.128835883356019,0.2406169751912724
-0.2298757861094584,-0.0406184165609712,-0.2585471983377907,-0.441661620790556,0.1007180136625478,-0.2423191228620479,-0.151269035523888,0.1252985233031047,-0.0852123912482496,-0.2286052864695256,0.296825887435324,0.2699410851354493,0.323741417837981,-1.6217701663896518,0.3132735530071216,0.2168603391658308,0.0748672685547742,0.1764436729049016,0.0527591886274113,0.3402173088446986,-0.1466318131406423,-0.1600099356854746,-0.2026020509070428,-0.0900722910225864,-0.2369132134179859,-0.1728663354127659,-0.206409872671977,-0.1906187209686839,-0.3665888881880852,-0.058672039498691,0.0040226721226534,0.0891306510192005,0.2888097862077277,0.0328494062617494,-0.0453041505294786,-0.0645735543594449,-0.0980339896106427,-0.0939577795678003,-0.0858344112630063,-0.0433572652254948,-0.0660755501713259,0.0391354481112118,-0.1666602708152383,0.2836326668669263,-0.4771214081341202,0.845533248603037,-0.2445647126772512,0.0576542808028931,-0.106460237848023,-0.005042384406739,0.1579574301572002,0.2009649696963265,0.161333213474888,0.2706013618049264,0.2812161643336231,-0.1319551889357185,0.4704883326449884,-0.021034324108672,0.2207020872086985,0.2297117256756881,-0.025145765508284,-0.0505399060846769,0.2066835603091495,0.157081308504907,0.1969064552136122,-0.136718422932803,0.0876938394487612,-0.194574422097893,-0.1767825388711853,-0.193758257652593,0.3813932516106628,0.2429620416636751,0.1971066136285215,0.1142887536115866,0.2348113082779117,0.2445712059102402,0.1740262126797427,0.3200395987532342,0.205934614188191,0.250769498591282
-0.2188596801171977,-0.0256284861578273,-0.2722569710378544,-0.4292344570670066,0.0876273508882339,-0.2183131023439551,-0.109359119659624,0.1446789068203673,-0.0628857846990205,-0.1692091005440159,0.2825029128058713,0.3230703216738041,0.3370898333904576,-1.8707217949377373,0.3649975883515109,0.2443556352310231,0.0832137435250685,0.1890050215410506,0.0570087117403212,0.3703817399801944,-0.1513107177662902,-0.170224922039367,-0.2041443122523761,-0.0871772608369214,-0.2411915589383782,-0.1810314489819559,-0.2113417826813332,-0.1957039053624732,-0.3678664155122259,-0.0658394298271527,0.0002296470018302,0.0715467028105124,0.2030751761562325,-0.0052912510105118,-0.0680222530616084,-0.0718188980803506,-0.1065196776741517,-0.1001203700687748,-0.0844052254287034,-0.0365550872832427,-0.010408273076396,0.0496652901600299,-0.1361589408259557,0.2995578283424287,-0.4668973937969085,0.8702333503476105,-0.2378729754617393,0.0843591769633072,-0.0912349110416859,0.026345281217183,0.1986529226420909,0.197443969272449,0.1570839892331722,0.2671946085940707,0.264593328261649,-0.1078188563184056,0.4847797194144829,-0.0169094849184545,0.2030389479848866,0.2309488582122746,-0.024516195241478,0.1509945274292334,0.4532151342539353,0.269236666238848,0.4057298635435231,-0.0340680904736317,0.2728392141700074,-0.080611135988254,0.0101158692847862,-0.0442779093073682,0.3404189950215064,0.1846307349805925,0.2618117355917974,0.1050287763799054,0.1587094862798278,0.3175225292918918,0.1442913011004305,0.2589529625998038,0.2596906948063382,0.3015204467390083
-0.185412367600527,-0.0293387467629311,-0.2685736818787564,-0.3913394034933721,0.0556267051990351,-0.1788114348477309,-0.0682267100973381,0.1362564122152487,-0.0578854321232676,-0.1087403448251907,0.2671969581765934,0.3757004101788048,0.3567715620250567,-2.1082909168404504,0.4170381978684154,0.2693030984054674,0.0900870147759375,0.2012429241661224,0.0599840475519712,0.3949189178742927,-0.1525655952696473,-0.1795399748904772,-0.2078355481110588,-0.0789074290646198,-0.2444882747410734,-0.1849564775036184,-0.2175749581864515,-0.2007446662852345,-0.3719491364273137,-0.0618472432580666,0.0099812403078915,0.045376541293473,0.1141770599254113,-0.0173911815154153,-0.0990423573712693,-0.0748623849912991,-0.1159723144510499,-0.1172461891553569,-0.0840480460188021,-0.0382005890930422,0.0492523134117612,0.0643253182816483,-0.0960334910323601,0.317171265520537,-0.454607511320058,0.903827142057099,-0.2228217790412185,0.1139298056886889,-0.0610053744145938,0.0603280185569905,0.2373291093909102,0.1925307261747351,0.1465773335000212,0.2690824291167117,0.2368472278072389,-0.0891840973648386,0.4773623554837968,-0.0182646444690478,0.1917877911790903,0.2249047148814267,0.0299354837553349,0.3361752093399435,0.6906861493053184,0.3883113721766328,0.5955677909255606,0.1446070754404947,0.4770892215001472,0.0751130148260281,0.2268411045054094,0.1613817476517172,0.28127128592528,0.1408725527898518,0.3387789504173336,0.1199844375437618,0.0606307319188581,0.3415360872553528,0.1425105678624681,0.1886154071600718,0.277365756364417,0.3817146842331067
-0.1355982033987969,-0.0466424182629748,-0.2459832310525948,-0.3345458571591822,0.0144285574937007,-0.1334078286978492,-0.0378762997754086,0.1019888255836022,-0.0720589541190957,-0.0613965430107432,0.2528335453710169,0.4181786829820436,0.3797384372796537,-2.335345426496685,0.4649651277729287,0.288009348672111,0.0925133362960854,0.2113227718334495,0.0594403623860465,0.4056784897653904,-0.1529239785664474,-0.1852373618099873,-0.2126705976043721,-0.0645977006215541,-0.2464095563991384,-0.1826312486835873,-0.2272055468712994,-0.2027361028779133,-0.3775684528949029,-0.0424185870904691,0.0291249990153066,0.0131001862305405,0.0370038841198659,-0.0053043075801738,-0.123513406593262,-0.0724524931950433,-0.1200732159896765,-0.1400722671705221,-0.0837792364376654,-0.045416230432005,0.1179146604942517,0.085721395871715,-0.0455666022986827,0.3398258971299076,-0.4366883622079367,0.9465796185186758,-0.2006218963101517,0.1539635915446337,-0.0039195323902621,0.0979119554717342,0.2668998781404496,0.1915370678634166,0.1403334483842338,0.2739978488894043,0.1991919550909776,-0.0792020975508307,0.4499601397866032,-0.0247019304508359,0.1872741009052581,0.217588857676033,0.1417942273583017,0.4887069116887634,0.8815846487200972,0.5076980278308428,0.746059674491658,0.3848091573994426,0.6816483627366694,0.2552512783574062,0.4407943686949785,0.3989491396490914,0.2204264276750662,0.1226659549808585,0.4045085141696175,0.1479474605414659,-0.0339965595858182,0.3235729661680253,0.1614644582381388,0.1311316351729921,0.2528712498082416,0.4700756187547661
-0.0819814557528726,-0.0694378855128291,-0.2071363570776293,-0.2695339040708526,-0.023423979241828,-0.0947707007722167,-0.0261719004517184,0.0514001221717044,-0.1018538860441424,-0.0383823758418694,0.2378864962601691,0.4384507935946619,0.3987884978206916,-2.55550037923899,0.5038332306543369,0.2949474163822029,0.0857297575958531,0.2161625378613778,0.0518601898369598,0.3937876119518292,-0.1543578890572219,-0.1852927806251349,-0.2156098426198475,-0.0431759280311871,-0.2463187077089802,-0.1728207666395951,-0.2407780012618428,-0.1988566440604531,-0.3803390696903319,-0.0075721106993551,0.0504345217126189,-0.0181641086888081,-0.0151929906862778,0.0196538438051613,-0.1307610120247285,-0.0653341618038349,-0.1138364212754098,-0.1623385547719856,-0.0814813966979644,-0.0541538558702843,0.2057733948051355,0.116734329152807,0.0193026625867789,0.3737623813967241,-0.4037724815050076,1.0037464043191824,-0.1715050269974855,0.2148927311883588,0.0905075639250589,0.1434840779963072,0.2811470221365306,0.1960142075431115,0.1477705076831316,0.2806134093553387,0.1559589214994705,-0.075915502595546,0.4078612442384687,-0.0355039353326764,0.1870772391387767,0.2147768688277835,0.2960087930580708,0.6049768576877664,0.9944671923006464,0.6169709923890285,0.8390034326405282,0.6505641584282683,0.8563928233238832,0.4352786159807851,0.6184841095422982,0.6331245170499027,0.1791641792785381,0.134047012222098,0.4393718784257966,0.1759030332208142,-0.1026051138167975,0.2828281689395431,0.1910696750020183,0.1051327632073883,0.1900227542444268,0.542130621391262
-0.0406096156366233,-0.0893118304869657,-0.1599391745969891,-0.2088486877719951,-0.0466431906792243,-0.0747953655694276,-0.0368542747685802,-0.0013433459076444,-0.1393666430403189,-0.0452285744380933,0.2161995193281234,0.423872328813797,0.4040250513008303,-2.7717969723820497,0.527108528217973,0.2844045671104966,0.0645056278611835,0.2118546053338303,0.0338255709268744,0.3526615305991924,-0.15596803918918,-0.1779021482045965,-0.2122415143890048,-0.0142565376156999,-0.2422884327930623,-0.154730717417287,-0.2556047456368664,-0.1867514056518362,-0.3748192498231318,0.0371661800938457,0.0664988246293287,-0.0421064319424197,-0.0354289152833114,0.0432710978605881,-0.1192743317121444,-0.055703477656038,-0.0974630745965155,-0.1788710194113295,-0.0747649992772976,-0.0625393974564205,0.322894533918627,0.1600625334177138,0.1066899261423039,0.4279501753593165,-0.3429388062271527,1.0862031006230142,-0.1310340464811668,0.3077587038976462,0.2287418507972662,0.2042255274851012,0.2762152542025428,0.2039565117144655,0.1726930486550057,0.2898644115788516,0.1141426031968045,-0.0751210812489231,0.3590748679178722,-0.0496435488580268,0.1888312750330601,0.2192666070164886,0.4652403524181622,0.6886731408848143,1.013321056164245,0.7014957581945818,0.8618589049912017,0.8939123281486846,0.9661993788233608,0.5904984972834729,0.7364419124483434,0.8238807878005922,0.1766884723521381,0.1709778229468953,0.4335145193652042,0.193506039554065,-0.1285470659256047,0.2409587488051814,0.222249039035117,0.1193117983173644,0.1037652057123269,0.5783066954971681
-0.0252568992054864,-0.0996812868337953,-0.1162612964510738,-0.1643282716841798,-0.0488283363043256,-0.0799723382243858,-0.068253683444564,-0.0419897392615786,-0.1743716305434036,-0.0798707324238367,0.1775021494287399,0.3649175961965151,0.3856368859464283,-2.9845414114582858,0.5257551473869962,0.2523351949161034,0.0252879409724031,0.1942595338980256,0.002950601760846,0.2799594428236161,-0.153377683960036,-0.1610176012297543,-0.1982902160245109,0.0191133142072954,-0.2311350384610301,-0.1276211196657465,-0.2658695250239367,-0.1648718603514047,-0.3572227744356995,0.0819373670949605,0.0715543356389172,-0.057870546299001,-0.0269923922533605,0.0545730275462988,-0.0975154256650611,-0.0460157644880249,-0.0771243037921105,-0.1872324238768704,-0.0636641945857451,-0.072173298325751,0.4737567713193809,0.2191679555259354,0.2264225103115038,0.5125934088535512,-0.2424136990670088,1.2061836024936183,-0.0694655892972591,0.4417836279961959,0.4109001218308131,0.2886151482167038,0.2525137701705686,0.2123133375223807,0.2104121726841786,0.3048287443910961,0.081458980302356,-0.0739886137510472,0.3126372510848649,-0.0657123148745204,0.1920898557497508,0.2298563510169238,0.6184285900582421,0.7432388531183118,0.9450332349535993,0.7456956902219993,0.8136247622438437,1.0680083806563716,0.984134712382033,0.70071591749853,0.7897924203751938,0.9350942363332798,0.2229235718091634,0.2223266694656777,0.3892089596370205,0.1963561978944104,-0.1029798654198694,0.2136673670007868,0.2488486169866614,0.1692854378580856,0.0177026013533918,0.570261620821566
-0.0407960824794141,-0.0964491698047611,-0.0879573343096426,-0.1441161858650309,-0.0297650066643346,-0.1071990297263808,-0.1130021568820839,-0.0601870188046785,-0.1958849729816983,-0.1316894447925633,0.1098393745743341,0.2590995473892926,0.3371735110964889,-3.1915825486851093,0.489011912906665,0.1967140804805829,-0.0323954008044221,0.1595734561774252,-0.0421876805270756,0.1774359651170608,-0.1403641664835314,-0.132905857565077,-0.1719110681747969,0.0477122334214556,-0.2100012572475033,-0.0913962370159804,-0.2645443473844843,-0.1334386457212971,-0.3273487042724372,0.1155179062745102,0.0631155564119283,-0.0704803115456889,-0.0038395520770916,0.0485604079980204,-0.080803772158945,-0.0380323262666543,-0.0617720809794098,-0.188796077185135,-0.0534515532607561,-0.0854145685616172,0.6549637147991583,0.2997525477034856,0.3851815242661661,0.6365622262747778,-0.0958229408006909,1.3704651525894491,0.0246577307687285,0.6213920242528781,0.6294401719650515,0.4045201526686032,0.2157009013512193,0.2193471940713368,0.247780453071449,0.3286701121607442,0.0632880938669654,-0.0724157726500377,0.2761098643391546,-0.0825449318635463,0.1979653779846805,0.242038317184636,0.7275994003148892,0.7679398778864925,0.8199017463244483,0.7399491044684938,0.7099650420780877,1.1389274156958236,0.9046873184630304,0.7522461843057254,0.7924361220768993,0.944290992764351,0.3132625233771867,0.2730644891750064,0.31890852738295,0.1869034192495935,-0.0268057661902687,0.2068434378627986,0.2677703418283675,0.2386103422616515,-0.0424025912012168,0.5232116562445327
-0.078630531994489,-0.0769301703177847,-0.0814216023135299,-0.1494656800249904,0.0065554567396964,-0.1417935333895631,-0.1585712771219688,-0.051004712060013,-0.1926215229514807,-0.1820155877657318,0.0030340435809081,0.1123290189355294,0.2576092372518391,-3.390137862010952,0.4073577531682073,0.116003431695655,-0.1063333711818654,0.1047285510485622,-0.1026039636925263,0.0490427926975078,-0.1119794962295593,-0.0940205888393789,-0.1364169613965069,0.0558690504456185,-0.1788100406052901,-0.0485489147114009,-0.2463335032191898,-0.0956234193276457,-0.2892629455709341,0.1283485448087855,0.0443481454914274,-0.0865987393447249,0.0145629769896781,0.0261788238710223,-0.0854610272316651,-0.0321642918665229,-0.0577538142187818,-0.1881040305763254,-0.0541793513442857,-0.0999873205858674,0.8568436926001404,0.4096114689347481,0.5816949610744131,0.8043150421504607,0.095798593657464,1.5754599298227463,0.1589049076767345,0.8430295668955882,0.8696734549239393,0.5569148416464974,0.1754183093295208,0.2251780745856992,0.2667668084971599,0.3612822256598052,0.0599099886221976,-0.0715930497009123,0.2530961194400519,-0.100358194490599,0.207386289234447,0.2496789623020804,0.7719556764850104,0.7597426015525627,0.6819941636430983,0.6872582628229251,0.5827970271988784,1.0931953131920853,0.7486443876371269,0.7388780956901455,0.76744299421226,0.8498697632150395,0.4273104460010142,0.3089384960026485,0.2402597928177046,0.1727769019531461,0.0875920551305693,0.2178520260719602,0.2780821259121769,0.3033739354760402,-0.0572850659599567,0.4535196412402753
-0.1167871842581865,-0.0378178952880679,-0.0929134267570921,-0.1722727041929513,0.0561857119172291,-0.1594156633040423,-0.188398608403342,-0.01351798723631,-0.1531270047486549,-0.2068244939266563,-0.1483766281396394,-0.0638277324780695,0.1505547380217843,-3.5778257337493,0.2761612175812734,0.0071935690385479,-0.1935443663571626,0.0275343513013843,-0.1791327674529079,-0.1014024455167772,-0.0675864534901091,-0.0492247682426011,-0.1023509798913602,0.0249727267848199,-0.1422784953267452,-0.0065214600052475,-0.2106335722295787,-0.0578000541812916,-0.2512307965943758,0.1140153889515182,0.0264434666792276,-0.1084323574652258,0.0127103452927205,-0.0058046718309539,-0.1215360397791245,-0.0263769593164069,-0.0643610362092964,-0.189192138819339,-0.0749544210974295,-0.1049986016782702,1.0669827676608392,0.5556602775453789,0.8050430688476509,1.0130845811979825,0.32392267095339,1.807321336759652,0.3331523520053008,1.0935207246205123,1.112497567593007,0.7454582284797576,0.1417687647581757,0.2307585741945288,0.2510015728500959,0.3966356532041837,0.0657712966134078,-0.0717807674372728,0.2420426388494661,-0.1212264034424006,0.2198527813418658,0.2470648706822818,0.7405927156668816,0.7182164644353972,0.5719559205270557,0.6042961062126458,0.471411130739626,0.9404243702414268,0.5557020470728585,0.662898367384488,0.7328900428866418,0.6716883403358476,0.5331054952832083,0.3209989041172661,0.1706351125450848,0.1632868768853924,0.2163937393012989,0.2399818085787378,0.2798207626870546,0.3389958141848566,-0.0215367493409475,0.3825595544311637
-0.1255243593330865,0.0261334161345916,-0.1069754503801602,-0.1948332501515118,0.1190721235195578,-0.1324425012827692,-0.1838450370810036,0.0521828434220598,-0.0671592975082503,-0.1820244088934819,-0.3438929922345571,-0.2577038805400159,0.0204817697167111,-3.75121372708283,0.0974522059391726,-0.1344811944155221,-0.2923541740653066,-0.0734603274771416,-0.2722202301584081,-0.2717807152795292,-0.0123345697392654,-0.0086869084959134,-0.0872591675917926,-0.0603425141705927,-0.1104610183061065,0.021369758672986,-0.1636021000842017,-0.0282099445427511,-0.2253513018692669,0.0687992372251275,0.0286520850776626,-0.1295768194934358,-0.0114597803347802,-0.0337224572864388,-0.1860127279085946,-0.0143230011977644,-0.0727112901071758,-0.1894072322211383,-0.1149525247963494,-0.0821790913503399,1.2731649437005397,0.739536090719429,1.0374237989290482,1.2514829474960871,0.5733267144285575,2.0465892712789384,0.5397850654662051,1.3519798746737215,1.3388832570302358,0.9629782590217816,0.1212422446065365,0.2366153514266533,0.1931195129624726,0.4231849724524535,0.0716172115636511,-0.0716198918461582,0.2371229306314518,-0.1480011353180146,0.2336020464861932,0.2309677782561679,0.6350464283804423,0.6485589053299545,0.5107233190487019,0.5143968110683198,0.4072543131933881,0.711480830142408,0.3687420880736864,0.5355934518878541,0.6919352788045819,0.4442012430198158,0.5967687237940837,0.3082051427760006,0.1233678293570856,0.1653750672050045,0.3278981439106446,0.2668898819145619,0.2729887551475163,0.3276186562955835,0.0536471835020769,0.3292487298126661
-0.0770320977982333,0.1209745946046232,-0.0994489877593656,-0.1931757313042072,0.199837985937703,-0.0394729497708554,-0.1276851252318795,0.1469787796849842,0.0706575281879351,-0.0907829233922302,-0.5775335773516086,-0.46242013887485,-0.1319294460691191,-3.9026187278680062,-0.1215783477912224,-0.3133377925200457,-0.4032693257189649,-0.1992443424924617,-0.3818979578686383,-0.4620223705528252,0.043437470927255,0.0135916623602055,-0.1120420291343947,-0.2063578450222516,-0.0975784379612174,0.0178692667483323,-0.1185596350550313,-0.0147202425583649,-0.2265106224013078,-0.0097220525328453,0.0738242094237058,-0.1349336721976396,-0.0419384232300507,-0.0366107439331208,-0.2596209396224351,0.0160703094505837,-0.0683747903419054,-0.174327553666657,-0.1566863092869617,-0.0129672788019176,1.464764225062452,0.9548981409823396,1.2598872066500997,1.5008502992208586,0.823760671122127,2.274136314618752,0.76694882775424,1.5955668667965326,1.5346782958575502,1.196202338730992,0.1144459842168239,0.2422139849298577,0.0995078283981029,0.4282523797300476,0.0686469938088056,-0.0695221218368933,0.230830075921294,-0.182305708152901,0.2464089968915125,0.2022623067254061,0.4710721729174468,0.56019731078203,0.493434712787815,0.4358944854872459,0.3997075643110662,0.4524491000168951,0.2189441327959547,0.3759792039386052,0.6333789112966677,0.2061507755195307,0.5950143733416001,0.2772148080705767,0.1062362782340957,0.1805186692361846,0.3901963153148726,0.2946031014972039,0.2571369627954858,0.2642657498797116,0.143900428067134,0.3042098974691596
0.0438755297469938,0.249534586462706,-0.0451260093148649,-0.1441810469984267,0.3044908703638043,0.1250385134173339,-0.0094875330308545,0.2715069388596095,0.255522924305154,0.0689381652713397,-0.839237576433052,-0.6769450349152935,-0.3119755411409791,-4.0180569682668175,-0.3722125698576728,-0.5298843313652143,-0.5282372667809733,-0.3504150750501283,-0.508333514382304,-0.6733490038355212,0.0862400781524991,0.0031214293843655,-0.1945346032058094,-0.4077186080114661,-0.1194489252612271,-0.0336589917767092,-0.0941662338418757,-0.0231716085247172,-0.2698890224788419,-0.1235337371598792,0.1795792557113608,-0.1045482627447288,-0.0475448111351181,0.0099429303869189,-0.3107111430773862,0.0810736693822792,-0.0365077278039119,-0.1190255158430848,-0.1672361723300503,0.1115812203021587,1.633356581360666,1.1885355713858865,1.4577363634576177,1.7398222248397663,1.053321711858901,2.4752763706325704,1.0021109176106546,1.8067272234832608,1.6937404382546328,1.4290449442268949,0.1168521172615497,0.2457952758488668,-0.0105687544390735,0.4046960303099368,0.0524596187481278,-0.0657293796879178,0.2169385299924058,-0.2233343713077465,0.2557958744304976,0.1662736382672068,0.2776515751203471,0.4627858876868145,0.4969244250717731,0.3734064638108541,0.4313605421701705,0.2147271552964755,0.1193688012070439,0.2075869218165781,0.542000269310165,-0.0074605794081908,0.5257437708999328,0.2398333951582709,0.121360636570138,0.2040900908362884,0.3816049306432849,0.3206144694911527,0.2319083351133743,0.1598465950499142,0.2203459795392184,0.3079698999957704
0.2317197984252898,0.4061857686132227,0.0717733639696368,-0.0348739277793696,0.4342801531000644,0.3447332595361714,0.1681009659628066,0.4216426645008694,0.4679429642434741,0.2793642206132053,-1.116459378946222,-0.9029373292596364,-0.5284962836089876,-4.0790605625860215,-0.6471636242366287,-0.7787850651457466,-0.6690084761241178,-0.5267041249147991,-0.6524027792861637,-0.906703460846774,0.1018141623503234,-0.0514537314548544,-0.3429415662008106,-0.6491735208010347,-0.1899426946019222,-0.1439307669719989,-0.1103839203225733,-0.0572964934235338,-0.3670659148322264,-0.2737009943182487,0.3482118628069048,-0.0204018530027263,0.0079065782920882,0.1239525766995195,-0.3073759209461226,0.1949008343179245,0.0320831769248904,0.0014664092409552,-0.1097540132336205,0.282651687548588,1.773462929760732,1.4244648570839713,1.622903105478197,1.9506308741681315,1.2434180453019843,2.6411353394049075,1.2339806418334889,1.9780671356707809,1.8178303213973428,1.6470281495934282,0.1216960820144862,0.2443302526544762,-0.1119300497639576,0.3562221345170653,0.0244774015865484,-0.0632406958312931,0.1924758147943679,-0.2684511942419817,0.2585820444324492,0.1311111401200148,0.0917604716369706,0.3635398371520775,0.4952711727405566,0.3183961329397876,0.4664829086552753,0.0427999764700093,0.0678972789791117,0.0545905621576632,0.4115727460003212,-0.1687385749464092,0.4117318964910224,0.2094703271437891,0.165580398080003,0.2279693828003564,0.3005420839714041,0.3416381368721907,0.1988157604536135,0.0396640635036969,0.2603207900639615,0.3337776038471544
0.4580491434547939,0.5734786261301626,0.247865930124442,0.1293091696113404,0.5796590955217676,0.581864577366226,0.3846788787807877,0.5832479897049833,0.6732977683255145,0.5029604288955554,-1.395945485249888,-1.1401058072637276,-0.787774744901459,-4.068451470117583,-0.9407568725955828,-1.0498524181859978,-0.8256886709713317,-0.7260699064953019,-0.8152677349142656,-1.1609189763602576,0.0772008391244135,-0.1558838524627215,-0.5523781761088546,-0.9103335088552708,-0.3170064511074593,-0.3140049656167598,-0.1831924346832967,-0.1198352993659654,-0.5221014679618404,-0.4589205380209613,0.5598420696514017,0.1244195505027636,0.1504793818961016,0.3037848837246196,-0.2343451237893116,0.3598083824018014,0.1350149012052376,0.1954396592755865,0.0375323989859498,0.4707036893925231,1.8832549641773544,1.6480923593713404,1.7530329062206682,2.123935403444469,1.3832803833002074,2.768370663020922,1.4528215751546596,2.1121307169382453,1.9132665495610344,1.840439478479108,0.1229732294657062,0.2337923116453951,-0.183387350032348,0.2979592242458326,-0.0099348693472665,-0.067055861611075,0.1580940684331124,-0.3147482340184692,0.2509193837716433,0.1041484731428224,-0.0504870662186838,0.2677116359734291,0.4726326019867551,0.2588378928593468,0.4682314818892064,-0.0372538998902342,0.0541563254173425,-0.0615023718775948,0.251914124603268,-0.2584657228746987,0.2948644625409993,0.1977683260158353,0.2312282001319464,0.2455464813422517,0.1706172610286717,0.3524691489034444,0.1639529167710604,-0.0625154370273106,0.2559898292940663,0.3732357961912418
0.6763443962559462,0.7232006896761835,0.455907229087635,0.3208686180231438,0.7177200598826724,0.7851345805900912,0.6019985202468544,0.7300805082248056,0.8276681951632228,0.6887272851565043,-1.6661120213583729,-1.3837681292585111,-1.0874386141874453,-3.9772458498012457,-1.246798390818756,-1.3316920056134265,-0.9960804879567388,-0.9441300588380102,-0.9967023391281034,-1.431546691657867,0.0025280296990831,-0.3094211687488116,-0.8063151003375129,-1.1710589082804708,-0.4993194060250722,-0.5345315513310296,-0.3198921271550085,-0.2135110426947012,-0.7295310941622416,-0.6741653227819072,0.7717823566203955,0.3152770950205081,0.3797400235243842,0.517840254017595,-0.1070248268065761,0.5568445231641739,0.2535506682395541,0.4396549777892388,0.2619891346964697,0.6283745455216402,1.96445804808228,1.848112941149561,1.849227885380608,2.2593802695098564,1.4715212742188142,2.85858539300554,1.6503225335404048,2.2166529523859824,1.9863695444935063,2.0046582010595007,0.1170601260622024,0.2101391578780843,-0.2155169844535915,0.2512813551218512,-0.0453333040158104,-0.0826766932012035,0.1169471794860113,-0.3599908024254131,0.2295810820118991,0.0880371189921817,-0.1239159970298449,0.1798609292280905,0.4252682095757257,0.1906029890902657,0.4144394063845947,-0.0252880429878035,0.0639382416260728,-0.1251068700144471,0.0853191516782709,-0.2704616603838744,0.2224339100359708,0.2119012698698047,0.307854121243408,0.2564728312707582,0.0374891613634896,0.3474847987191566,0.1401100477199672,-0.1131535132961099,0.2173827980488239,0.4215051174635439
0.8332257565855837,0.8223022421440412,0.6482247719039035,0.4936934996065951,0.8152158731709589,0.9027761360557188,0.7702441755398222,0.8274821790722892,0.8892053441547692,0.7838401525916114,-1.919885840207888,-1.6263152905276657,-1.4143020386708267,-3.8090382393570232,-1.556773962157237,-1.6157517407976385,-1.1757847299384172,-1.1748375850685358,-1.1932250499403945,-1.7112034303645045,-0.1273090875080543,-0.5051415021585219,-1.0820581659589796,-1.4154366439148514,-0.7251384488675078,-0.7880072685470545,-0.516880074733034,-0.3407427761216432,-0.9754028086313276,-0.91030512096299,0.9238199090117,0.507741540280452,0.656303637791081,0.703547302506655,0.0251415179007011,0.7425287511910916,0.3508223542965615,0.6748362897290774,0.5059887227701316,0.6977573567339579,2.02138113303948,2.016352671108679,1.9147164167226445,2.3619531495539445,1.5142521621423566,2.917851323751191,1.8199138262683257,2.29901392370791,2.040668290197446,2.138306451303257,0.1028368237355941,0.1706848827951798,-0.2128205455614243,0.2347672947275992,-0.0797484927469429,-0.1151894907910217,0.0723692464560484,-0.4026817478582818,0.1934913420507281,0.0781530250008643,-0.1228171899844934,0.1019656882300945,0.3533850134130606,0.1211272393016128,0.3030417032590595,0.0511813373485557,0.0787481860799848,-0.131393572286382,-0.0654990093343516,-0.2192603373807639,0.2305237595764511,0.2528094877863474,0.3850769594076256,0.2680625214968791,-0.0435157410281818,0.3242054027884617,0.1456988820914417,-0.0878130206651638,0.1686428836495933,0.479295133182219
0.8827342558827501,0.8418008050398262,0.7683592100143422,0.5938149935851019,0.8369216192647362,0.896794258903809,0.8400592665504137,0.84134214864508,0.8312523071968021,0.7478060585460119,-2.156729336355884,-1.8611202553632065,-1.7477584852481791,-3.5798921003465427,-1.86070891195449,-1.898201654790608,-1.3588700010252135,-1.4124298953042893,-1.397640892764417,-1.991460776286259,-0.3113190680529585,-0.7310500947142348,-1.357344576465778,-1.6334429991932926,-0.974513986169775,-1.0529695163881114,-0.7607380435380677,-0.5021188866877496,-1.2408860536473882,-1.1549873917179854,0.9470320784519988,0.6273064428871008,0.8992915987175206,0.7780459553309903,0.089139454527527,0.8544508959374094,0.375492395410293,0.8152308721646967,0.6723761200069165,0.6202554542262597,2.0599914362248715,2.147682132391846,1.955137972462363,2.4374175731288688,1.5218772403219307,2.9559809520866223,1.9575945926156129,2.3639596341761995,2.0776079320314205,2.241621934090825,0.0808334661907409,0.1146196141984461,-0.1907019612682184,0.2550086800907203,-0.1164277651658451,-0.1694437946490765,0.0246758635956831,-0.4426499780599252,0.1433185358638244,0.0626793884025213,-0.0654854231495607,0.0276787884809384,0.251557549927553,0.0614210304950025,0.1455200286991175,0.1414909530777349,0.073784875533331,-0.0924382975920582,-0.1904103823312697,-0.1449536198473527,0.3307826734453145,0.3148654722913945,0.4556130186613027,0.2918080121157473,-0.0264626908104746,0.2866196564416417,0.1985183510653205,0.0221109554845187,0.1390188669404325,0.5506694565880265
0.79930571652745,0.7654717424591111,0.7675866111443075,0.57497092120497,0.7568222974369869,0.753894232607967,0.7771417925581051,0.7490402496238591,0.6520316077824219,0.5651928704126327,-2.3821341399356912,-2.085679279062047,-2.066993095922332,-3.3143059773000725,-2.150373710718174,-2.178606961887598,-1.539082110227883,-1.653403963387552,-1.6007465003967645,-2.265140642313943,-0.5420542179959851,-0.971932186335892,-1.6150379844854137,-1.8204478608729413,-1.224514946266008,-1.308620071481499,-1.031913925213113,-0.6946977533394116,-1.5067238171435733,-1.3945603150802333,0.7745984139348009,0.5817607763882836,0.9981814844681752,0.6576549808011722,0.0091280666345975,0.8247251127222355,0.2721090514019144,0.769582400908954,0.6479040434962325,0.3482805306567464,2.087819842615905,2.2415788891226067,1.9792448278917465,2.490639154929664,1.5071256106776358,2.985162210163218,2.0629002286285565,2.415656362773701,2.0998088195008955,2.316883768446986,0.0516783715969583,0.0415191795481155,-0.1705756749839372,0.3011245194863927,-0.1636463837634112,-0.2507498464289082,-0.0319695326829183,-0.4833241759440728,0.0782216323196657,0.0252222829489284,0.0077038922074269,-0.0624967790212137,0.1077423797855279,0.0118782811558603,-0.0451728501552443,0.1830878095634545,0.0203960916889717,-0.0403059648440263,-0.2973015849430793,-0.1060858164220777,0.5054231677230867,0.3872198238498482,0.5167266982682756,0.3363082042759715,0.1055613888858673,0.2458490199239326,0.3053619249005733,0.2060406243706986,0.151961153904552,0.6376113419738457
0.5854821896167666,0.5952660302877564,0.6209829529228209,0.4143664646954262,0.56829145432945,0.4896748910392733,0.5745840904445069,0.5482094303126859,0.376737959221766,0.2529503458001156,-2.604031121308496,-2.301687343472276,-2.358075228954071,-3.0393569255626334,-2.422102862902185,-2.456635016303949,-1.711508259362074,-1.8969037811861764,-1.794346214479646,-2.5274313601373386,-0.8066215692529811,-1.2120306558774527,-1.844581730707315,-1.9752988220804493,-1.4552541985734997,-1.5385135495112263,-1.3092525917036817,-0.9113148278124804,-1.7566916707650322,-1.616556392066172,0.3552605080955316,0.2857926182535212,0.8389642924725459,0.2800910445609599,-0.270476261926361,0.5971602462529875,-0.0035588459053704,0.466914554981915,0.3392551218949119,-0.141607594816135,2.11422434025464,2.3045060395609336,1.998346824346212,2.5276483558444585,1.4846163649669972,3.017941257581388,2.139696217527121,2.461270197583254,2.113954706760308,2.370207276216822,0.0140071305326218,-0.051689310075444,-0.1759965976115544,0.345560786826981,-0.2328469283813923,-0.364979254315235,-0.1104871286557687,-0.5345700168761724,-0.0080377463328135,-0.0509653430336744,0.0450612954539413,-0.197964545837436,-0.0854818454832433,-0.0466376141720423,-0.2624592936358688,0.1203936990317285,-0.1034550096589693,-0.0204921624132949,-0.4052738112346284,-0.1564722148598968,0.7118030302045012,0.4560576999133751,0.5687374600950903,0.4002056611671364,0.3280776771467714,0.2169989061283374,0.452259704640679,0.4343758980674974,0.2159417673636421,0.7335591309595779
0.2720234045462751,0.3515656407047672,0.33774283399709,0.123241680948129,0.2892946050984727,0.1446535942825256,0.2581358331451219,0.2601349597198094,0.0506880228600462,-0.1406733961625433,-2.827717163245106,-2.512289751034462,-2.61729930916622,-2.7790664023720493,-2.6767183637129754,-2.7292725687911896,-1.874118761931128,-2.143025935030292,-1.9736784995071064,-2.775102050274442,-1.0887734053926597,-1.4381292731755546,-2.0408973785389986,-2.097940133701729,-1.6538612421564969,-1.7324287580456017,-1.5737367671558171,-1.1413139021591954,-1.9791937368830248,-1.8120911247718845,-0.3299932825077508,-0.3091717615064276,0.3384041557185015,-0.3765961567758412,-0.7674135105095686,0.1434058362136471,-0.4688918963274112,-0.1199383095573119,-0.2900117576384999,-0.8363909162031623,2.149534422407835,2.3504226869174163,2.02398660002752,2.558368880891396,1.4696592704275573,3.064768643885123,2.196549641319125,2.5118335129547043,2.130640685353523,2.412070184562645,-0.0372931229957084,-0.172652536926449,-0.2297030115126279,0.3516923549583264,-0.3346666423753425,-0.5171804400423817,-0.2270383577340231,-0.6128650258180256,-0.1273179773991141,-0.1779587600942706,0.0035097267563273,-0.403303282234113,-0.3128638343517766,-0.1471153740286871,-0.5031868020566417,-0.0699399640674899,-0.2972241652283864,-0.0726473196215973,-0.5272937156588798,-0.3126824961808589,0.8941638707205527,0.5062315793737259,0.6107307945866504,0.4688969780884636,0.5763727743565974,0.2127827369164681,0.6017341508221847,0.6618067323546085,0.3196440682680725,0.8186651401098243
-0.0898160457834319,0.0679445751526371,-0.0379916844468267,-0.2521916686638474,-0.0402177902548348,-0.2268473755149384,-0.1185784390059402,-0.073573889791249,-0.2744625772776531,-0.546689835247782,-3.052287007973621,-2.718707498661066,-2.849624619762932,-2.5501504005409275,-2.9166351060826656,-2.990327536301028,-2.0281395697350084,-2.3902371539920373,-2.137694724301857,-3.004714161989177,-1.3712854939672705,-1.6419471848606004,-2.202359580634694,-2.187626871379928,-1.814877683354647,-1.8862057263082443,-1.810745696997642,-1.3722867066202271,-2.167341014712778,-1.9773705967584108,-1.251329252580598,-1.1908233918529263,-0.5244274371956137,-1.282842944576892,-1.45409968801965,-0.525560942417407,-1.1041110640195866,-0.9589864603987154,-1.195791110048983,-1.6801260978024182,2.2020278791641617,2.3973535889864666,2.0647719423103306,2.5958887582152124,1.474026792692758,3.131290015562827,2.2461290993806085,2.5783149911173413,2.16059301953514,2.4545697306076613,-0.1106856302243116,-0.3311276548514681,-0.3489918044395307,0.2865650020257139,-0.4723512302235959,-0.7085532975840764,-0.3917218108721041,-0.7359798413828144,-0.290830728504841,-0.3577823458837156,-0.1269562585929027,-0.6764416710030292,-0.5223718904324873,-0.3155960612916833,-0.7543510963311395,-0.3540835346143496,-0.5237865772982453,-0.2039576696769374,-0.6496699294927522,-0.5280749490046484,0.997865243709858,0.5213180924600377,0.6353315027841707,0.5166482628843126,0.7617078578543334,0.2359058236643343,0.7007397903143741,0.8335142693071315,0.4326128310994105,0.8594101228289123
-0.442003201535589,-0.2182765120780307,-0.4370995301491709,-0.641276109801725,-0.3690724385191948,-0.5715655024440399,-0.4884642582852885,-0.4005871082766402,-0.5566006221419452,-0.8935411429997585,-3.27078167454194,-2.918460322995922,-3.0638707298149863,-2.359658390824357,-3.1425989552152136,-3.232136286489072,-2.176527920037512,-2.633856408485145,-2.287059440747586,-3.211688770244684,-1.638035272906996,-1.8207344238966368,-2.329067215464792,-2.2427237582045696,-1.937951190241774,-2.0000979043239684,-2.011077387200152,-1.5921719940906278,-2.318410454040747,-2.113549819695268,-2.321507076677641,-2.277328861413531,-1.690699506744188,-2.356991601954422,-2.2612977190348955,-1.355132668069774,-1.8511630486141373,-1.9568354698022248,-2.2544112751317376,-2.578573037994829,2.273403422006373,2.460629095061276,2.123640935312576,2.65110800449479,1.499581813453804,3.2156250208473325,2.3027253708090747,2.664717680476277,2.20902691749718,2.506061556827945,-0.2138131363974315,-0.5312905813704,-0.5378248110484956,0.1351568156231662,-0.6341147273485623,-0.9325025451506695,-0.5972085281470898,-0.9126633768714632,-0.4981961564243251,-0.577591125172489,-0.3044999047094811,-0.970499069233033,-0.6245609737285556,-0.5441982757820928,-0.9765421943634026,-0.6288199304945848,-0.70519798396002,-0.3682943359001724,-0.7184735650245481,-0.689600141993684,0.9815150499140964,0.4827886291637113,0.6252831695829507,0.5127801824024374,0.7980219297007776,0.2729289416587573,0.6970274985037295,0.8940360578970433,0.5108878740233548,0.8141598225539064
-0.7356713557281342,-0.4767849774956921,-0.7842972941211336,-0.9688856178319006,-0.6506239544920177,-0.8510079166453721,-0.7904819557378376,-0.6716034530221214,-0.7748946577639946,-1.1275400635993236,-3.473647241530919,-3.105960744498703,-3.2675738606916034,-2.204894370285895,-3.352506919614925,-3.448006506974484,-2.3210749567351368,-2.866731586695021,-2.421221411034732,-3.391379529306845,-1.8758180513517857,-1.9758645817845208,-2.421784900900356,-2.2624470491814765,-2.0252472400880834,-2.076811987340525,-2.171224942686873,-1.791343233605896,-2.4332333710982934,-2.224769329277031,-3.403581273142563,-3.428432020917588,-3.0257094339922666,-3.476394082478777,-3.0914544482743054,-2.2519826670525025,-2.6223773134381925,-2.972734022098748,-3.291262232768997,-3.41606144461777,2.355178230205427,2.5459312189666385,2.196171414471346,2.7258432101527625,1.5340834732678226,3.306421868778652,2.377391851750385,2.762686037610858,2.271146806232452,2.5661415147183924,-0.3460779044027284,-0.7624240289749238,-0.7783631772987937,-0.0890205495398903,-0.7890613793307095,-1.1712757988138307,-0.8123412456918788,-1.1321731796840095,-0.7281775300731675,-0.8076598078139021,-0.4341703378833064,-1.1902819010283756,-0.5089209806408911,-0.7717457068172572,-1.094215282162271,-0.7349860731954697,-0.732309683985689,-0.4648888690608775,-0.6420041872887071,-0.64426868838426,0.8241245029571568,0.3702654470144316,0.5541764492905761,0.428800047344573,0.6298612906836267,0.2923807043862722,0.5564659257757956,0.7980219457408436,0.5060771394643366,0.644091739187442
-0.94397003468953,-0.6922313649300422,-1.020179468924969,-1.178617443500496,-0.8571633717686529,-1.049097184325095,-0.9866541225303562,-0.8543455063699513,-0.9320093543651814,-1.227896898623516,-3.652671067353424,-3.2746814743898462,-3.463651301093209,-2.075902989713032,-3.542612845320026,-3.6338531941994514,-2.4598855784646934,-3.0814785310725434,-2.5364945500807545,-3.5413777569659945,-2.0761888146431926,-2.110399635845116,-2.4815891937747154,-2.2496545636238614,-2.0804735503331813,-2.1204408535848884,-2.292999983078217,-1.9644766859109537,-2.515435515535141,-2.315235933362552,-4.337027508518763,-4.47349297163487,-4.344312194911164,-4.49874920565647,-3.838339343073735,-3.099223669191089,-3.316453075878219,-3.847885451970388,-4.128369040284607,-4.079579850946875,2.428830719584344,2.645671412595753,2.27007604418879,2.809214302070273,1.553553936621037,3.383242633113837,2.471788632093356,2.851636254517823,2.3313707743424703,2.62409557109582,-0.491678559716682,-0.9945303615949936,-1.0284240811242018,-0.3424787228601839,-0.8919264899389903,-1.395242705679394,-0.9871758746984056,-1.3605327828514182,-0.9382462381982272,-1.005132584680532,-0.3902978562711026,-1.208424831877907,-0.0738143598232517,-0.8840712449213489,-1.0016100242951105,-0.5012336657086828,-0.4878787282226438,-0.3622410435036828,-0.313718832739243,-0.2487560219725049,0.5266882487295911,0.1645760858270743,0.3921469059690043,0.2437957195525757,0.2512652223298304,0.2491845521062624,0.2732618052406845,0.5211640642025761,0.3759838129453462,0.3263120608908151
-1.0663205349029208,-0.8653951428785337,-1.1182689390067762,-1.250116363090184,-0.9859059220787604,-1.1706176499180905,-1.068818800794958,-0.9424309012860832,-1.0448353069454002,-1.2094982558828713,-3.8024114241422926,-3.419360812604469,-3.6493381853744338,-1.9600402742120688,-3.709260855609412,-3.788262343269901,-2.5869446673370105,-3.272333520483444,-2.6263958379740484,-3.6628106451956777,-2.237117279918976,-2.22709115046225,-2.510347897149748,-2.212699410758361,-2.1094492769665933,-2.13671124350506,-2.382246439761728,-2.111689185591792,-2.5703317698959536,-2.3870139682856,-4.975333836242091,-5.248434478089483,-5.450887222023635,-5.289213005646496,-4.40802002408197,-3.779919933302781,-3.837730812244009,-4.442625255871016,-4.632718488027107,-4.481586557436192,2.470862193298671,2.740415001557256,2.3264208171903618,2.880030865422045,1.5315409181461297,3.4208409024221136,2.573783383416525,2.905240791279671,2.367159390004568,2.6620086505677216,-0.6184442721765735,-1.1837073276226138,-1.2302586797283082,-0.5625387377084184,-0.8978867503561745,-1.5667634481258583,-1.0699454836868882,-1.5477820068427774,-1.0758505943187484,-1.12483161959605,-0.0577316440415066,-0.8981904961730848,0.7380359376713337,-0.7390794653528084,-0.5881406515923203,0.1918736417162753,0.1203315744868808,0.0590048865080079,0.3476442978515804,0.574585454214082,0.1095214032010604,-0.1463872501864079,0.1153059048853656,-0.0525564354229915,-0.2911817496726437,0.0958807122468703,-0.1303872689525202,0.0688995453700511,0.0950147859052173,-0.1355465609728136
-1.1210586501416315,-1.0058049400007958,-1.0894067017742644,-1.2022956726737788,-1.0524729222293354,-1.2305353107205326,-1.0514418035079605,-0.9540840305326178,-1.1268316987641236,-1.111090801315525,-3.918440812311781,-3.5369357562469204,-3.816686402760885,-1.8468560622942023,-3.849063956034687,-3.911014773430764,-2.693995364954421,-3.434942702784152,-2.683912209008916,-3.758859603344148,-2.3635219478278504,-2.3277013437058347,-2.511954028595816,-2.164546850231878,-2.12058103303486,-2.133782962140789,-2.446665113568608,-2.238104519498956,-2.603697374527844,-2.4399474189368053,-5.221792530653119,-5.6316938726345365,-6.182174460018744,-5.746527887719598,-4.735542909879417,-4.202733590520203,-4.114436425627361,-4.669257863297704,-4.746331108216803,-4.574771968095614,2.461112694882388,2.8046379967043946,2.3435685584166106,2.913917521515523,1.450691745210079,3.397323159827071,2.6584424914976803,2.9014239798302524,2.3563032420864407,2.6612085056905426,-0.6855904729514738,-1.2862095923179797,-1.3295598354800466,-0.6878930768240092,-0.7818883320744686,-1.649115864416847,-1.0283160009331975,-1.6442471899298587,-1.097178791284927,-1.134352163686936,0.6227202781415219,-0.1744280538845245,1.908224812618487,-0.2123093043655651,0.2205893704858089,1.3506390377258146,1.1226006794614063,0.8592276941978773,1.3528638273487907,1.794837155171244,-0.3923083822329847,-0.5608667155477174,-0.2840130086639754,-0.4580099496124849,-0.911440648278922,-0.2011277009522833,-0.6123741992124345,-0.5195004726550287,-0.3372376707846251,-0.7071753417503773
-1.1285243314159643,-1.118004517325409,-0.970475281365862,-1.0797097846452883,-1.073816800922485,-1.2381293516582563,-0.9537582004410792,-0.9191540299952752,-1.1697679169744903,-0.9729933531553384,-3.994485964351778,-3.6257313080689753,-3.95383854756698,-1.7307779382489898,-3.957252145463259,-4.000728629546555,-2.773254981740834,-3.5641985004470125,-2.704027575527168,-3.830973180716114,-2.465707077165312,-2.4134076212634645,-2.493513832715305,-2.119022272796507,-2.1237314111932584,-2.122147104826491,-2.493459785110798,-2.351406377842418,-2.620922759939942,-2.473703793557492,-5.050810584568019,-5.570181509257719,-6.440866055361012,-5.821086825208906,-4.792947499090101,-4.320911763845935,-4.112064671539084,-4.509245183494604,-4.488799624211604,-4.356960199401382,2.390621165563181,2.8146358288649176,2.3040601466428385,2.8914060495852247,1.3103944590668493,3.303513853429965,2.6959243468067253,2.831255447708811,2.2850545302884826,2.6092653414415423,-0.6580991408862935,-1.274097324281135,-1.2962308591666538,-0.6804440364280777,-0.5522158243554807,-1.6180732997711502,-0.8630511999663757,-1.6181776345023355,-0.9839310799028144,-1.0265678950906214,1.621756759531146,0.9679167756350564,3.325126770829714,0.7497780753722261,1.418530997347467,2.836578446640563,2.4561433633664778,2.0055308718315823,2.610369828666684,3.258218188183342,-0.9333078442956368,-1.0580210988210528,-0.7895040222487686,-0.9549144116990068,-1.5073053267782743,-0.6444036530597065,-1.1202703098458435,-1.173138138270885,-0.8907786123360628,-1.3270462988925222
-1.0921649735764924,-1.1875521516407466,-0.8018101440345323,-0.9274101037420436,-1.0488302529925204,-1.18312471263438,-0.7808480023862248,-0.8588603180946459,-1.1346382333256355,-0.8140502999488883,-4.021409795981583,-3.6834598802244463,-4.046831164501028,-1.6100557350356262,-4.026002470965679,-4.052851766630496,-2.81908878297064,-3.6520898415226073,-2.684801319521604,-3.875436023163863,-2.555700404430405,-2.485347126332236,-2.46517557437196,-2.086067111472248,-2.127492493775395,-2.112628227498355,-2.5278066871457554,-2.4581353958109813,-2.62677056703792,-2.4902622616875973,-4.508963843612113,-5.088900439117394,-6.21163062469474,-5.520226022601617,-4.587617140416265,-4.138090877627868,-3.8390732494200703,-4.010532145553197,-3.937375779180578,-3.868326859708192,2.265531058393324,2.7562215005151174,2.2024487749403048,2.8038112266198247,1.126965649706599,3.1489089955816896,2.663737916766912,2.7030668375960287,2.154004253029512,2.50491214347982,-0.5205765424507316,-1.1438101800481135,-1.13592931817968,-0.5377984026342665,-0.2494080643039421,-1.4710780925597582,-0.6056328492986652,-1.4660605274514362,-0.7489893889762903,-0.8220895594731371,2.813540344063877,2.4288883880420244,4.788669315748506,2.0869401363112567,2.8900738609958103,4.381938942063719,3.952907761543436,3.361585190627693,3.925406558044705,4.710008140380298,-1.4607028433316198,-1.5960069578859384,-1.3579036167287752,-1.5061257984777594,-1.985006171642148,-1.193244207507005,-1.597647997142006,-1.798548917518965,-1.5048691845154545,-1.915717729129162
-0.9878285719926082,-1.1744602790242862,-0.6039859072192795,-0.765979278418039,-0.9477257314639748,-1.031679594460511,-0.5148736011560868,-0.7679124716994825,-0.958906382578894,-0.6191834389477173,-3.989317827885003,-3.705359286069848,-4.081962725263474,-1.4829643991755224,-4.044937059360471,-4.059435851492625,-2.82795993630956,-3.687796365075921,-2.6265822862203314,-3.883104811821332,-2.642822938268672,-2.5445853370117604,-2.437815031162088,-2.068662343650668,-2.1363954819734468,-2.11288678321627,-2.5525938259004253,-2.560562706940684,-2.6254122644033457,-2.494686365067431,-3.698579300881787,-4.281967079985419,-5.557416416449615,-4.900687852102186,-4.154127466143346,-3.70082062035755,-3.343691684370957,-3.2696203182596726,-3.1988689855769743,-3.1837078994028905,2.105632546477497,2.630204424309979,2.050078118998426,2.6559465658507246,0.927363517717612,2.9602687412932496,2.5575738662599647,2.540544247509584,1.9791831181902484,2.35930759522351,-0.2830496551197155,-0.9134076039091368,-0.8859078747330923,-0.2902415161088326,0.07078910991564,-1.229007715426171,-0.3008945919227568,-1.2113087568909089,-0.4281131552509954,-0.5590575783689224,3.9950121990632095,4.003167009289007,6.042585823153628,3.611504097643186,4.413532534651221,5.652659763172398,5.3585459789965775,4.705837788861599,5.038184211354083,5.850960660916178,-1.917007959970728,-2.113818047238029,-1.9214719417994868,-2.0519069844564344,-2.277625486424901,-1.76259165325813,-1.9868617837145524,-2.294878976677899,-2.093840865554165,-2.3880506338954195
-0.7686344541600607,-1.0196758758516025,-0.3659600537156132,-0.5792351857806907,-0.7181363369298467,-0.736517111707246,-0.1226706087881104,-0.609401571297753,-0.5798800384813579,-0.3447318524582175,-3.8914147644502735,-3.683863541322717,-4.048415114687279,-1.3445408899619948,-4.004209892366693,-4.011425986660075,-2.797548179037945,-3.6605628451234375,-2.530442576072175,-3.842921616364341,-2.7303976941645187,-2.5916052004318844,-2.419274850136508,-2.063002171019656,-2.1498405952040724,-2.124171136515441,-2.568975061552992,-2.6558529238032227,-2.62024061703958,-2.493279745067312,-2.7517377465288693,-3.287877947441201,-4.599625974045284,-4.0528387354436655,-3.54509101418679,-3.0836411859008668,-2.702738556992861,-2.4075372661855643,-2.3861187409474915,-2.400958827638481,1.9384396296197424,2.4538728328630888,1.873108456340987,2.4659778657763534,0.740166041068368,2.772388157529555,2.394906546758369,2.375688255482629,1.7874369992714814,2.193139387578916,0.0240268986503734,-0.6117404855034144,-0.5974257619884082,0.0150576159491301,0.3622033459635894,-0.9292102446669004,0.0148356247589972,-0.8937667255306463,-0.0630742092216141,-0.2756208245464501,4.928474802818962,5.412154641176424,6.831838962384563,5.036837316452046,5.704581242494447,6.341308224638549,6.386368478337479,5.775725682050705,5.6933749140432175,6.416215774308353,-2.2436535917313303,-2.5368423297914293,-2.395675803087639,-2.51198025131812,-2.353877773992658,-2.2370469619566804,-2.231858853666908,-2.573031798336868,-2.559472753551455,-2.666207410353889
-0.3850298810374964,-0.6646468009346458,-0.051279671927695,-0.3213270898104531,-0.3074611133327631,-0.2584361837721332,0.4235326944534139,-0.3275519883298192,0.0350154068754247,0.0599672468901565,-3.726855778167909,-3.6103653774955946,-3.9403294999501774,-1.186980995106805,-3.898258204257709,-3.902676184720298,-2.7263938431684265,-3.5636222790990515,-2.3973656737345643,-3.746961378568661,-2.814805397441559,-2.6259646083820503,-2.411184009228964,-2.061376840932293,-2.163367748600247,-2.140342407133317,-2.576889296755634,-2.7378010643905184,-2.6133248728146,-2.490229086490269,-1.8026435765058475,-2.256499426563143,-3.489053934411257,-3.0829071249096,-2.824981176992027,-2.3736504454571974,-2.0053335855433,-1.5469108744952689,-1.6029636608804447,-1.625016542938443,1.7910020886645708,2.257108107466299,1.7034353354693073,2.262208669266673,0.587397170161276,2.6149709551892446,2.2090173262712414,2.23880746284896,1.607437135450606,2.0300853909012475,0.3614865414531749,-0.2679669005440202,-0.3145428578951891,0.3324513055722549,0.6072292295671002,-0.6136326819412111,0.3267505564732023,-0.5569775532917901,0.3134763473663073,0.004217481842093,5.398942081432887,6.367600062425437,6.97214584419296,6.04752050161874,6.490601044757236,6.2609344764812604,6.795244980789148,6.330009645125568,5.718921841566902,6.254779769303304,-2.387225584706912,-2.7864208911616046,-2.6916075832813555,-2.796288061898231,-2.2177586929927364,-2.498764878440272,-2.284905452123992,-2.575062241533654,-2.8087495329316075,-2.692564056836848
0.1891001422868086,-0.0772471601044559,0.3803901307281551,0.0597987287372857,0.3084824816858367,0.4104521820250859,1.1235864500541473,0.1258440064093294,0.8656031080574436,0.6250041895962358,-3.5008446407180003,-3.478325826929665,-3.757631392877995,-1.0039182622982397,-3.727550662070152,-3.733474383753144,-2.6145373280005804,-3.396594655486004,-2.2288968681464425,-3.593581706953813,-2.886733512828532,-2.646535106856813,-2.408370419524501,-2.0556473370495585,-2.171296961096515,-2.150020094234588,-2.57506607903989,-2.799737217265041,-2.6049014488500952,-2.4849418427772747,-0.9637135552877942,-1.3174106316567458,-2.3750876088464588,-2.097422033820894,-2.066444464928558,-1.657913834234435,-1.3356472392558196,-0.792555763254989,-0.934005409379881,-0.948649498536568,1.6819776281608048,2.0732377037257645,1.5665744773970478,2.0761425858299547,0.4792493883666457,2.5019735980909603,2.0360123458934765,2.1486042554921045,1.459950367420476,1.8885639059190709,0.6921359098275499,0.0915322768614488,-0.0607008587525775,0.6283582152682996,0.8194439351809883,-0.31855334236532,0.6383495908489303,-0.2395295308517352,0.6829680622052464,0.2727785552245099,5.273747031351968,6.652259780598401,6.409241075342184,6.392904643421757,6.591790872742909,5.408392966270473,6.466258292914169,6.215406678165759,5.085787555975353,5.382183364804207,-2.30867773000481,-2.793702663424986,-2.732382483857186,-2.8245776833709235,-1.9016341904068648,-2.4615743397777323,-2.11770553802032,-2.2888045105838377,-2.77403610928025,-2.4416551679135754
0.9375813471493446,0.7272368569957749,0.9475954175552684,0.5942032329636402,1.1052302188311929,1.2337255028967564,1.9378873950261803,0.763690651172297,1.8360439864647968,1.339999391902159,-3.2226858203645774,-3.286135981337665,-3.505656589237683,-0.7954687707524272,-3.497342061268511,-3.511230797873406,-2.4644654036114977,-3.1651553521906592,-2.028766423345244,-3.386764898955264,-2.9335705836400146,-2.651998799961127,-2.401339870244812,-2.0392869746373354,-2.169006792886256,-2.1407908995483065,-2.560720577059519,-2.836568185698345,-2.593385526960351,-2.4716926714896004,-0.3086947662050618,-0.5578939768075065,-1.3796157381039615,-1.1905852353819042,-1.3449823772951326,-1.012959613743828,-0.7588312313027502,-0.2156860976625502,-0.4348986604139541,-0.4342112412688712,1.6163576201068626,1.9274230377860049,1.4728018293589185,1.932698721623716,0.4127195349756645,2.428607156586059,1.901012952653496,2.106008046729876,1.3519006398949067,1.7752114203039406,0.9850587476538076,0.4387317983271457,0.1609423194398496,0.8805586776487356,1.0288466612818754,-0.0704123982054381,0.9553672065001244,0.0278420762323558,1.034505019225478,0.5288766690613672,4.547748373888277,6.190893098718474,5.244146179106276,5.971247077892947,5.978977299945263,3.973091814348666,5.448304946078633,5.418088906242399,3.925071571077972,3.983628649741047,-1.993994598883456,-2.5166690884606173,-2.4715229875574205,-2.5500993109284886,-1.4556816235902692,-2.0992600798445173,-1.7328701364438135,-1.7528007961328762,-2.431249633026745,-1.9287832827642404
1.8002810102945572,1.6807672788841632,1.630972280340482,1.2711695113441064,2.0092405169602907,2.135520345149057,2.793532871570423,1.5489517871285985,2.83422783552988,2.151529696928602,-2.9041644538434275,-3.038384675348512,-3.194384821403537,-0.5701734347148789,-3.215107389758335,-3.247658897715304,-2.281420111365005,-2.879098260542928,-1.8044492597214776,-3.1328435995896515,-2.9420288881271666,-2.6408554715107524,-2.380320695663116,-2.007511206006165,-2.153665504902798,-2.1032484443655246,-2.5295361921033908,-2.84484568701258,-2.5758691053843124,-2.44157199786216,0.134601717351821,-0.0148322740264153,-0.5803758970003075,-0.4337262843013243,-0.7286106839778259,-0.4948477725377299,-0.3129219324072815,0.1564323957773384,-0.1240549140746267,-0.1029157769845048,1.5847441807359617,1.827752580497346,1.4160292510589552,1.8414122996700109,0.3747584671360231,2.377084519207688,1.8099764513390484,2.094889426557073,1.2772549736296577,1.6837436336734537,1.2145079518953867,0.7387731238166024,0.3562344355859805,1.0715058863814633,1.258709893747123,0.1128291488662462,1.2683648102214031,0.2221881883534392,1.3533732386337023,0.7645250806847005,3.356510462496987,5.082472545419436,3.710937193245885,4.869930889729289,4.785231902635079,2.283879045946797,3.952119985025183,4.079767607830305,2.493507723970131,2.361751443313893,-1.4628806931394247,-1.956465774409852,-1.9092512499893088,-1.97897672674136,-0.9363050774965938,-1.4565610108475624,-1.169518035204812,-1.048850662851599,-1.810731619303692,-1.2115139143322358
2.6895590062859545,2.677194154474384,2.3752234799999963,2.0387135325612844,2.918595999336145,3.021944945793458,3.6050686276271655,2.4014749225903,3.744894004872254,2.9785209658240137,-2.559898689725595,-2.7452793851430246,-2.838117722890477,-0.3424688904295514,-2.889473493251488,-2.9543613718413564,-2.0729295444975926,-2.5510660548618405,-1.567862162387811,-2.837966291513503,-2.900772619877371,-2.6106268616619883,-2.338500545959359,-1.9566611417342024,-2.123498997893968,-2.033137144264261,-2.4763817394615617,-2.821452417449395,-2.5484945000020494,-2.3854861485768657,0.3804845394926242,0.3200444487584676,-0.0062489866900372,0.1327787594129649,-0.2639906080030394,-0.1309266210547675,-0.0074560645865999,0.3413063000805386,0.0186903004812319,0.0636354130493804,1.5679271021273262,1.7640011927798578,1.3803528565781285,1.7938999160446916,0.3495078637524952,2.327709663146107,1.7505047783057932,2.090371596808514,1.224190962767585,1.6006862088665963,1.358751284623606,0.9517152145183982,0.526626738636081,1.18417272574139,1.5071404649336182,0.2192967899474701,1.5456895928906045,0.3289157649009757,1.6134458254084283,0.9586432487096423,1.946650379002916,3.5764222634917107,2.1121343570976907,3.342370762157984,3.2662380758526024,0.7094599736803497,2.291884449484436,2.466523710270802,1.0975493737794837,0.8459601839097035,-0.7710977149458716,-1.166667738127708,-1.1008387885512725,-1.1765108083941354,-0.39586215733224,-0.637700915908965,-0.4985611895662667,-0.2833772475285505,-0.9958661946732252,-0.3809699827721098
3.5166708987577304,3.601827734900419,3.1077352338907054,2.820464682193253,3.735291109258738,3.809198533864605,4.299281574109977,3.223613470400058,4.481584857080107,3.7375867062544734,-2.2087705820239028,-2.4210570603621786,-2.455643123387077,-0.1276668448121563,-2.531895202569427,-2.640206676673232,-1.848325495029352,-2.1970921951431377,-1.3347989939866978,-2.5089634222788217,-2.8031749376831323,-2.556960222124768,-2.2729887808261986,-1.88435818767806,-2.0766636672002363,-1.931475850105644,-2.3966980796241844,-2.762615051143388,-2.506272305219945,-2.2969202002430267,0.472010748166993,0.4859098996519345,0.3559791985858452,0.502709651351424,0.0344943719669952,0.0830237886781155,0.1721731767699629,0.3897971668887233,0.0419320936214939,0.110362435905086,1.5456067079636078,1.71538370651909,1.3501052455704816,1.7703600535333268,0.3270554123120028,2.26959597016218,1.7005023519467375,2.071628123445988,1.1843444473008002,1.5155807199264222,1.4028164989255651,1.0432571115175977,0.662089324078448,1.2049577305760888,1.7428394700125345,0.2439431977466313,1.74130871464147,0.344056874632417,1.779363029760374,1.0824322367288297,0.6078718190360697,1.998280456694204,0.7344391681712932,1.728406680725978,1.7246606123058643,-0.4523905139952924,0.7943398128246748,0.8957883654325708,0.0024897185306281,-0.3027716525533757,-0.0031788457286643,-0.2490542095646455,-0.1514914969908632,-0.255647068142288,0.1243901159612966,0.2235491832269713,0.1922614904275774,0.4373867859917781,-0.1071132290992735,0.4567289684693169
4.215803177435972,4.363587404014766,3.763534520305541,3.540606030352086,4.394155839943666,4.445467160661552,4.832438841672199,3.932374073437244,5.00430520971042,4.366542613905403,-1.873646691796692,-2.082570005501461,-2.069940688261019,0.0623082863499136,-2.159380863063756,-2.31265768968551,-1.6189069625462509,-1.8376988399338323,-1.122895668864788,-2.1570995726657927,-2.649903329671341,-2.473977659326811,-2.183900365177896,-1.7907628131157791,-2.0108649843754707,-1.8036884703823977,-2.288038437992686,-2.6646448058284213,-2.4428742368741814,-2.173929844536837,0.4633388774194451,0.5356000442671376,0.547118234532941,0.6999483137512201,0.1857859966245003,0.1773070889407238,0.2564203356221424,0.3652263436873882,0.003093928616179,0.0900874950652667,1.506018691363212,1.6634332126754388,1.3180408116226408,1.7523157426231255,0.309268417390626,2.2061533931259967,1.6402175457387045,2.032937423656588,1.1587098542224967,1.4300677595117628,1.343884770644969,0.9989782728333612,0.7435965915960663,1.1312818720337172,1.916361483337755,0.1925276053199089,1.812969839332376,0.2765170017977984,1.8182545931532943,1.1126528197215906,-0.4112184919539664,0.6522115948384923,-0.2253314479168053,0.3491547590779993,0.4267334754552863,-1.0554865748018218,-0.2924052403233424,-0.3543713432726456,-0.6408339525619868,-0.9564916535309984,0.7442986920013439,0.6666671808361943,0.8041044622553096,0.6503472130580249,0.5971347144653882,1.0008381054033348,0.8189874409521116,1.0312648685900312,0.7259124596723674,1.204045959876613
4.755896864592189,4.916336801048445,4.303893836577863,4.145095676775735,4.876151135275878,4.91758291757728,5.19364268083938,4.483138397574184,5.317900735057497,4.836679385223379,-1.5774284382760282,-1.7485541956643482,-1.7061909626071068,0.2206179075492358,-1.79497152041061,-1.9818759128344785,-1.398253450243288,-1.4969631207371707,-0.9482249396797382,-1.8011679160964198,-2.450280121941475,-2.356648715229408,-2.0731555734894385,-1.6797396836802967,-1.9241264371248976,-1.6585885445809796,-2.151155140076241,-2.526388382317084,-2.3516093890683862,-2.0203428977056377,0.4045696688982141,0.5206484566116542,0.619020441684361,0.7676932750396315,0.2315473468809298,0.1955831265710949,0.2813931965320955,0.3213958079233006,-0.0519063533046157,0.0470036819421504,1.4521676873825873,1.6029110003227565,1.2881906925226247,1.7342511539208572,0.3088689457196721,2.153521585118632,1.562370227117985,1.9869231647956445,1.1569787298332253,1.3602308807715442,1.194695332910546,0.8333584079968586,0.7528125935479412,0.9775523473093296,1.980529144337247,0.0848023069941348,1.740927996928484,0.1479144812500176,1.7152604385620371,1.0442100010464626,-0.9720014008445784,-0.2627721538612881,-0.7004736698356138,-0.5831265450115539,-0.4606713727293091,-1.1272943842808996,-0.85928672028206,-1.1198586217184756,-0.8263535001937825,-1.134036238503572,1.3843870176184978,1.4548551356353638,1.633323861536952,1.4223191821732637,1.0079619426027993,1.6058043331839162,1.3207236945549448,1.4562058222763503,1.396363366715882,1.7930787472002825
5.137402317373102,5.261718390648659,4.720728088816104,4.611078908523965,5.202223163028795,5.241689110005956,5.395768629648441,4.875292862350886,5.455581544377361,5.150700525094141,-1.3366007275383671,-1.4388176611657926,-1.3876971519226426,0.3451638564213908,-1.4639971734810533,-1.6637055348847911,-1.2012395981093893,-1.1982263510991178,-0.8213908583176766,-1.4662456261968662,-2.221166551221298,-2.20432505539094,-1.9442143747786704,-1.5584270421920583,-1.816203074968331,-1.5071337203777155,-1.990279072449317,-2.351943235984176,-2.2281509515421183,-1.845959849009972,0.3333814813614286,0.4815049440277481,0.6210825477838339,0.7549891009066217,0.2191608363699884,0.1801405934857302,0.2790198801312986,0.2889347804448151,-0.0999330855591038,0.0073250863765641,1.401440618278959,1.54488577007055,1.2732079722394447,1.727056829328862,0.3416077630759253,2.133394975895735,1.476392374608959,1.9580413618139936,1.1912193867974128,1.330319064532968,0.981798813659601,0.5878507928109378,0.6834868523273668,0.7745086894368046,1.9101860392007912,-0.047681055712862,1.5381464004173846,-0.0110800962759375,1.4845791723016089,0.8946971763530192,-1.0736084028905253,-0.6938513749557406,-0.7519272424159372,-1.0086951267412836,-0.8953680776717594,-0.8299684697043272,-0.9477974246822668,-1.3815834564786562,-0.6721301580527085,-0.9664111323696276,1.8592787514860256,2.026881231415295,2.2384552276806664,1.984767757175499,1.352041299528019,2.002887440399069,1.6714264471906342,1.7142867247062463,1.845476164830289,2.1973385409384343
5.378451670813642,5.434834055523856,5.027250101592903,4.94306830453199,5.413056083150012,5.44483585993906,5.46102093948196,5.13971836151747,5.457643604696029,5.330023664927915,-1.1561349863447894,-1.1719590964722797,-1.1308559575239654,0.4377454236170439,-1.1873385493832818,-1.3780880838870646,-1.0408589931618817,-0.9580258854037368,-0.7448076353600169,-1.1775110148116057,-1.9830228391331268,-2.0231714172303743,-1.8025797480702817,-1.434976620298977,-1.6896874082456022,-1.3604177308148448,-1.812602163095112,-2.1517522456868106,-2.073893981651462,-1.66516223930715,0.2732418328375258,0.4433968736108763,0.5922906818292044,0.7056571841487376,0.1869794892402728,0.1613029551889562,0.2701194596579131,0.2745946981996345,-0.1387482421215205,-0.0217461520165759,1.3783964780144675,1.5109847564474157,1.2884817633743462,1.7513973961951674,0.4159151872114248,2.1636591417094704,1.4052622121479224,1.9700540265754645,1.2679620091191044,1.3611540042593542,0.7395459027169169,0.3186853993305409,0.5487809103702662,0.5616085917544051,1.7128916028385526,-0.1701736364429263,1.2477364227568102,-0.1671607177446566,1.1694159810652214,0.6989563575378449,-0.8321354887221037,-0.7233649050488007,-0.5296553483990861,-1.0078270934252584,-0.945943010662294,-0.3834380370238321,-0.7132515841691481,-1.2452958255868145,-0.3608302933210242,-0.6345349789997429,2.151274464259682,2.3524610537082555,2.579531444689384,2.3202394278829246,1.630574628821814,2.2065099368926893,1.8811282333874644,1.8434193354002868,2.072602414683931,2.431244170662969
5.49896161117101,5.481499916029434,5.242116942758412,5.160333477680865,5.545450417326095,5.547634423909239,5.4088832832151095,5.3165016311051305,5.355116761849318,5.399313041067926,-1.0292889749303766,-0.9612766125761514,-0.9413581976292024,0.5034938459621568,-0.9753338298077332,-1.1429340839263475,-0.9239240819528468,-0.7817404739048482,-0.7127053088271966,-0.9522973770171254,-1.7544265734094644,-1.8254724484427127,-1.6558686100127078,-1.3157837596927828,-1.55006171818294,-1.2269508449485909,-1.627180621387432,-1.9410340138337727,-1.897582443066533,-1.493567853137366,0.2350999416209451,0.4169149877127155,0.5585063830100734,0.6523986681926566,0.1578652775800331,0.1541652438977478,0.2625763570690677,0.2708236084568756,-0.1758715380465429,-0.0464709274206661,1.4039727136176037,1.522761559687358,1.3458037142199473,1.8254723090471363,0.5262158137856267,2.2505548043997687,1.3761921363460912,2.034512692639,1.383063164421107,1.4595656464272355,0.5030080453838733,0.0801995694731304,0.3806340072122692,0.376226069452983,1.426927216955776,-0.2559844948126499,0.9293530638292806,-0.291572549046095,0.8296813695256465,0.4973150144437824,-0.4248607225539689,-0.5171647156862378,-0.2145533821583128,-0.7455430182531189,-0.7497544400839382,0.0144075076153181,-0.3574859002745033,-0.8849385166776543,-0.0674989586520424,-0.3061781293973479,2.2823194095762127,2.46143739304026,2.6793658032573706,2.4646388154071386,1.848629572556918,2.265546314084392,1.9874356447322463,1.9005107823089484,2.127180578518564,2.538857853668117
5.51041531470534,5.437920709308664,5.376250651365679,5.282710151518591,5.615849401817687,5.555835576322375,5.2509020629591365,5.434277870453179,5.1633040952143325,5.375905326594809,-0.9425789183535366,-0.8106575254649337,-0.8134773849896014,0.5501181858589558,-0.8257261269505229,-0.9671524168064924,-0.8484002018927548,-0.6636050900625221,-0.7138468364922782,-0.794917208418031,-1.547498389717842,-1.6257711805465878,-1.5124756784235982,-1.2038703320332216,-1.404539723685156,-1.1102798533850449,-1.4434478517390463,-1.736053796632612,-1.713387634556431,-1.3434111124203507,0.2199660811375864,0.4020024254311063,0.5332878585625737,0.6153803797791546,0.1410536969656085,0.1615076806226092,0.2550345189496626,0.2680062529313073,-0.2165810875906929,-0.0775184194588131,1.486201285452108,1.591959477638086,1.448481949065618,1.954576276350937,0.6536482307668655,2.3851615694891763,1.4089498591191272,2.145950104270771,1.52144193458218,1.6141846462440286,0.3021208327538213,-0.0893123981392337,0.2207062945015082,0.2444647818895668,1.1085145223780049,-0.2943835463214039,0.6406525993054106,-0.3658989600016131,0.5229131698784492,0.3236388959195094,-0.0255377797800316,-0.2565753345685813,0.0393127601423645,-0.4011385920406084,-0.4603477912405369,0.241179106978736,-0.057828717314204,-0.4770829200560221,0.0966964407477216,-0.0927430585565166,2.3033634719873715,2.426771828468065,2.609952823541159,2.487283241579348,2.014777303796864,2.2430490365929083,2.0409543395872225,1.942197835362349,2.0869279196630326,2.5766731872299595
5.414603438206751,5.320222636528679,5.428352645784966,5.321256440968221,5.61670629583634,5.462805218476387,4.992135292317292,5.499683711113599,4.884583391917384,5.267558607506359,-0.8826501475742355,-0.713395829488912,-0.7328622559764707,0.5862885965753618,-0.7265660126838231,-0.8474050115455108,-0.8047625609263575,-0.5909059959013085,-0.7349953998526031,-0.6968442286587052,-1.3663199941520794,-1.4359992891392752,-1.3791128851139456,-1.099067818673774,-1.260121330131553,-1.008325056646964,-1.2694920404942651,-1.5499195449343472,-1.5358560484926909,-1.2195226902829233,0.2218973948859153,0.3937031957081969,0.5206439084269713,0.6030141486263886,0.1378623423459149,0.1791097402346564,0.2437010891041118,0.2619884893203384,-0.2579099234170638,-0.1210203504692438,1.6166167713160802,1.7157847925789174,1.588891664417564,2.1276757455258104,0.7731809627750507,2.545405301612479,1.5069437193850137,2.28487281464901,1.6607863650154788,1.7990566426785677,0.1573178372791803,-0.1745061429612872,0.1063484322254895,0.1765519233024078,0.8140924259335438,-0.2910785511079686,0.4212584118653583,-0.385000644076969,0.2875571555880403,0.197914355771428,0.2442705962871755,-0.0793739056210067,0.145025350406844,-0.1109224135901651,-0.2017088167077832,0.265096882083452,0.0824080065066946,-0.1519843721719021,0.1058517666859927,-0.0341558574264627,2.277672170345769,2.3371570259638075,2.466387441629105,2.4649301051501347,2.1416266483840305,2.1982231454385786,2.089395983514592,2.0093481856553854,2.0313165823763564,2.596434368317558
5.209339210954449,5.12527040143583,5.389233793890044,5.276686718746922,5.52475997025142,5.258929136482067,4.636108224828126,5.499185952221027,4.51644783764676,5.076475079472608,-0.8407901485460968,-0.6555617665686698,-0.6817154378446917,0.6194019874594708,-0.6621991781712303,-0.7706039293679329,-0.7811833904661817,-0.5496658469864892,-0.7626979847172657,-0.6415095536613757,-1.2086116249220202,-1.262400251318468,-1.2586345783549364,-0.9993796580699826,-1.1216261866506738,-0.9149882680755428,-1.110465104691726,-1.3896423133062223,-1.3744490546718635,-1.1180691767905102,0.2318216114017427,0.3874348238302655,0.5186962516640009,0.6136428886433481,0.146488739419742,0.2001662604067541,0.2280109937167116,0.2541900806372237,-0.2900777726728776,-0.1732738709594963,1.7734252424768675,1.8780622330005945,1.7491575964462114,2.321258713685763,0.862643777326928,2.702879399980621,1.6552496986321394,2.42534770985643,1.776672545542148,1.982639637209092,0.0763203639902383,-0.1815708051679169,0.0577331263696776,0.1671686435300891,0.5846682501070265,-0.2617655332285485,0.284866348840419,-0.356630925627725,0.1359498721422011,0.12471237018171,0.3347155343460772,-0.0472077832753922,0.0953308841779512,0.0581464617882152,-0.041983541722698,0.1273699209300427,0.0477875464505645,0.0263302035854746,0.0040148871030215,-0.1086904733032284,2.2632416734249983,2.270334500710718,2.3384293814540085,2.459770918662867,2.2454857869617766,2.1745774402537466,2.164809413846658,2.1195841979157857,2.019883967262114,2.633177742928815
4.896113246532832,4.839351651772367,5.250147027981811,5.144069894281721,5.315194378295972,4.941405147410954,4.189954361656672,5.409695846578264,4.060305899874035,4.804555328325373,-0.8129038637554439,-0.6224641487675422,-0.6443701529234106,0.6538696412928952,-0.6191229956675249,-0.7203269431920827,-0.7694145583549421,-0.5287379261546047,-0.7827055572003359,-0.610865901351751,-1.069002783353354,-1.105611195582488,-1.1495025247007655,-0.9024436004686338,-0.990524464377886,-0.8232073238513509,-0.9677752721465132,-1.255313011457979,-1.2308751521385422,-1.028975899917723,0.2416540371066301,0.3815516098097365,0.5233448849026939,0.6384738961267726,0.1640793849360552,0.2179050413499894,0.2118931844649584,0.2471752407239338,-0.3019759997172755,-0.2213005980348569,1.929206105456013,2.0545351898104816,1.905298665051478,2.507045666139618,0.9090967288702388,2.831906118450693,1.826360360069703,2.5427625198329644,1.846992825688243,2.1378214747743027,0.052839536561661,-0.1306140979048321,0.0721179228743413,0.1995173125883402,0.4376263378443412,-0.2231290539914985,0.2212639298471313,-0.2979459069891739,0.0583734909827027,0.0962369513324132,0.2595726194928766,-0.1450123676048828,-0.0535353627887884,0.102284808628618,0.0084748869742415,-0.0926076981018585,-0.1093261145008813,0.0536437004653204,-0.1328903711401772,-0.2580373665323673,2.2990975609679047,2.275628671403401,2.289230657382903,2.507877387000387,2.3436652879859703,2.195252074900919,2.277264244560118,2.268889291816234,2.081440030013365,2.7013728399535912
4.485071583075483,4.449664432485091,5.009150951605969,4.919304024297286,4.974367154297705,4.5195723926783895,3.668024041858099,5.211361669556519,3.527859098284115,4.456073190393331,-0.795920444816053,-0.6043491005577913,-0.6111837500693729,0.6909192810543863,-0.5890880987709761,-0.6831147349742449,-0.7673496615408447,-0.5207971521494686,-0.7789375381017914,-0.5908824326440415,-0.941716100093544,-0.9630023425439758,-1.047089684395818,-0.8064672200222751,-0.865149805730574,-0.7277996110629612,-0.839609845116011,-1.1412614842290765,-1.1005621286917862,-0.9408004260835384,0.2470226779436015,0.376515623459777,0.5308452813293391,0.6661402064546776,0.1871910387335323,0.2273638984704306,0.2006984666603484,0.2409548425801798,-0.2861725112275228,-0.24865909667403,2.0593941247399457,2.2197071483039688,2.033891215732476,2.659806187379619,0.9104986717389146,2.9171575107280385,1.9904070726114096,2.619119042037936,1.855128980928304,2.248941697905554,0.0688672291365056,-0.0458398325924465,0.1277864884378719,0.2516187554633752,0.3677017558092655,-0.1862821089677928,0.2058757614922726,-0.2297068558950004,0.0335646234330174,0.097768800502008,0.0719098122941058,-0.3069026771864986,-0.2175779151368936,0.0543649015612895,-0.0212210326444894,-0.3129403145377692,-0.3075989603792227,-0.0353750139689459,-0.2371880083152849,-0.4163749735088346,2.3989660735329066,2.368926355958453,2.3463085373295747,2.6190524909240045,2.4495478361888914,2.264609020583142,2.4166407821074043,2.4399667838329377,2.215025775722024,2.798825414231548
3.99557333868677,3.954508713243876,4.672336690108507,4.60321254986789,4.506315774546745,4.014732067281118,3.093609652762496,4.896584989750308,2.943480405903615,4.037640405541875,-0.7835247590328903,-0.5977964542345889,-0.5792563038113809,0.729788220439652,-0.5686091874247202,-0.6513669674943287,-0.7764036477754407,-0.5207553760510432,-0.7349430146863897,-0.5742915306237536,-0.821677679512371,-0.8311865161014801,-0.9458622942706446,-0.7106642209685199,-0.7423378681592245,-0.6267691922091967,-0.7226663690311071,-1.0385938017344645,-0.9768643303218626,-0.8453706706975971,0.2473729223765005,0.3724260566647739,0.5386057958773931,0.6877035106933761,0.2123730411721192,0.2270543116643897,0.1969385500603744,0.2331408446906323,-0.2410264969349269,-0.2429508562482225,2.1484540017096805,2.353168139934288,2.118630952039565,2.763227552647658,0.8734559265050694,2.9566339385735243,2.1246234644656603,2.645624050418494,1.79219410264619,2.313654328234384,0.1011687862148574,0.0522640644798149,0.1951777657834262,0.3032620276325516,0.3547130147635707,-0.1550215819418395,0.2117109968006043,-0.1698161349521162,0.0389539267421957,0.1135036529075032,-0.1631160812557424,-0.4551041243104963,-0.3243907245014462,-0.045092999181874,-0.0897338425147736,-0.4745778082009342,-0.4743947437938905,-0.1901411586245326,-0.2750899687469218,-0.5337777331659842,2.5536197439746946,2.538241503168479,2.5042887950111785,2.784251246220431,2.567550925490818,2.3739736374554523,2.561776002403601,2.6127807536166388,2.3991945536885955,2.91509485181148
3.4536024304309545,3.3697465889829683,4.251110276163733,4.202244650038011,3.9324991861834784,3.456359457783211,2.4986431220369054,4.472749653540934,2.3423125638010456,3.5579773762596414,-0.7640278907343833,-0.6021552285602714,-0.5497249786823121,0.7691401693594125,-0.5558132143302263,-0.6222271217747624,-0.7955779288831991,-0.5232976597397251,-0.6391082701088903,-0.5600950444135574,-0.7046641743721567,-0.7072890749109204,-0.8412561396159731,-0.6153960336287644,-0.619764804056451,-0.5209073192767532,-0.6141429044048777,-0.9384019889850842,-0.8550905497739294,-0.7399509966788821,0.2440660929358195,0.3678169575389348,0.5447150033528495,0.6997046840971881,0.2371957951123788,0.2197316281209598,0.1984704214690002,0.221858569944176,-0.1702119279932012,-0.2005776878492002,2.192376491529661,2.444107491034881,2.153728532454821,2.8131179674029863,0.8091729567054893,2.959063995020159,2.2180856312959283,2.623267183155177,1.6583204399697329,2.3398562429342573,0.1298519763435646,0.1499117541545865,0.2491525689386599,0.3415624920795969,0.3732343549969543,-0.1278562261149433,0.2184559280947242,-0.1285095561219886,0.0563774344369188,0.1311601967074305,-0.3888851277374319,-0.535217012672617,-0.3402024310513549,-0.1656379908381776,-0.1659050538277839,-0.5518767903445296,-0.5679483576263896,-0.3616644903112314,-0.2519456986623084,-0.587854711775683,2.7402067193363373,2.754968504822937,2.735098132809525,2.984807281868523,2.6909524266227485,2.508770445991945,2.6932427371845624,2.772638342285016,2.604331911526483,3.039928681836109
2.8884427340850243,2.730179666122862,3.759401383814045,3.727808061600735,3.287486218342241,2.8773413154196814,1.920860420713005,3.959957916467869,1.764815652302921,3.029611680529211,-0.7217516224497446,-0.6137018934452606,-0.5230421506326431,0.8076065431765888,-0.5465351369684106,-0.5942300434604489,-0.816508163736372,-0.5211731500020322,-0.4914773846560953,-0.5502883508727092,-0.5875610895354768,-0.5891041293026686,-0.7307273633155242,-0.5219541030925445,-0.4976820867234536,-0.4125513752726786,-0.5127550310214092,-0.8347398860278978,-0.7341469766500627,-0.6265848788142437,0.2384951024854626,0.3611256105970553,0.5476072919037038,0.7036989649806674,0.2607478193595882,0.2110240614422761,0.2004061640226677,0.2080278874102591,-0.0811153886493176,-0.1264990167067627,2.1975327967882365,2.4929430830314483,2.1427544040430053,2.817372990396446,0.7294932130031804,2.93776424823712,2.2710288536155634,2.56155258527234,1.4624301887386466,2.339885016626478,0.1448421870994277,0.2379991128980873,0.2765588057450268,0.3629643914572627,0.3999558106230431,-0.1011596312953038,0.2159089099122838,-0.1070015313968981,0.0732715051817713,0.144188719122932,-0.5676337044767698,-0.5339623269613635,-0.275884011225678,-0.2897168917626138,-0.2370381163158913,-0.5497664024423194,-0.5809371201503685,-0.5126456318395044,-0.201124650771988,-0.5825750682451526,2.934061911789993,2.9855315587178066,3.0002885792054275,3.199120489089556,2.804450413746598,2.654510730238908,2.803797327861606,2.913154735324079,2.8032696665545687,3.1680608398457912
2.329984964427356,2.0852196258653466,3.213855443210609,3.1965616497071734,2.6138376835925308,2.309956077834621,1.3981050487993407,3.3868462597795195,1.249295531663181,2.47204156362327,-0.6415159091662863,-0.6217122087627936,-0.494938776488541,0.8434860842391728,-0.5317446693371001,-0.5641428892518935,-0.8230788309670957,-0.5050547277658904,-0.3076114631418441,-0.5451759175240206,-0.4689916453968888,-0.4750721489384188,-0.6141907568435582,-0.4317974734985465,-0.3789557227019778,-0.3045471289832963,-0.4182185451354738,-0.7262169172680806,-0.6156405309633632,-0.5099310323412369,0.231788396071058,0.353270689578578,0.5467143302288966,0.7031579491697862,0.2829063328599231,0.2062662183094274,0.1989428393346939,0.1948994285608577,0.0168779184857731,-0.0304352616207413,2.1766890739489555,2.5092559738763125,2.094305147394836,2.792177188799698,0.6440011662369026,2.904686129524355,2.290859582128587,2.4751705353457467,1.2202651260748982,2.3249158271591712,0.1469299969214227,0.3077589136146147,0.2767895816122476,0.3709225209024016,0.417276308524119,-0.0716061632381379,0.2024492272696658,-0.0995241929928398,0.0819710673056567,0.1512744882825834,-0.6812887221254332,-0.4745005470695875,-0.1738075814764939,-0.4064633341530524,-0.3030266364687682,-0.4927123580132604,-0.5316217289422939,-0.6211770094517958,-0.165196630254695,-0.5382829401786364,3.117535947714009,3.1997904781226723,3.2613229812534814,3.4057181471219,2.8908262367953363,2.800073467990081,2.900904839373393,3.034211258582856,2.9774517179769204,3.2989060150532183
1.8063953041353145,1.4894691075679012,2.6366942973863736,2.631760005656147,1.95755936396021,1.7829856344790358,0.9606945828380604,2.786855954134739,0.8245158734463114,1.9136460409857208,-0.5144292767003656,-0.6093828594180429,-0.4556701122343508,0.8746445991966499,-0.4979327555445342,-0.525556072136867,-0.7961153304505179,-0.4649455102311003,-0.1156518012548142,-0.5394455691641266,-0.34968123392273,-0.3645682780408427,-0.4941280679774101,-0.345450621024455,-0.2674160109221563,-0.1998322026884519,-0.3298617669325724,-0.6153873796797162,-0.5019316152591038,-0.3951820638004948,0.2257836031226824,0.348290981597286,0.5433860393066299,0.7005195283623533,0.3030330463698519,0.2078109038914175,0.1940387633591229,0.1856547556131758,0.1140238984957807,0.0768699543088836,2.14360629907092,2.506442563862576,2.017576887143889,2.7551078194070824,0.558350961334508,2.8674700480335304,2.287726890998087,2.3791571209439866,0.9513276516028945,2.3016478038908503,0.1435136433407777,0.3482797859835285,0.257187831356918,0.3710758867215815,0.4143919596313664,-0.0377025190006138,0.1814968617567112,-0.0969510194518602,0.0793756089562916,0.1540062967716534,-0.726396424729083,-0.3957104954602745,-0.0855840204025461,-0.5053984842124346,-0.364516579006811,-0.4119234446212204,-0.4512996235632537,-0.6797018454764919,-0.1774992747964873,-0.4795725784714365,3.2821739341643257,3.374934068372861,3.485688184615577,3.5842342353698258,2.938533511531263,2.9378518041857618,2.999448050386789,3.137071814043726,3.1182102109575647,3.43207344346208
1.3413983395368414,0.9906648824505572,2.0579419685709195,2.063563414421491,1.3633694531223286,1.3195063526852906,0.6244546324626619,2.1955036487635167,0.5046190561639327,1.389604078359297,-0.3425485320429424,-0.5594323665154083,-0.3933221207238248,0.8994361872275638,-0.4309479504098614,-0.4695532663068846,-0.72067235858085,-0.3926661706524348,0.0533337156242825,-0.5212619737080102,-0.2319797560429321,-0.258125719731439,-0.375172617140525,-0.26181403189002,-0.1657416714733006,-0.1013252838213632,-0.2457595417876215,-0.5062641247752582,-0.3947693419438046,-0.2867662655003742,0.2234971186033886,0.3506598882790351,0.5405763605586354,0.6966557074125842,0.3195028743258917,0.2149248497862681,0.1891386384864394,0.1813842410944148,0.2017829465680377,0.1848624047513499,2.108259067194038,2.4953744489951104,1.9203086775027856,2.717859412758162,0.4736152628656176,2.8296120957771365,2.271361304225466,2.28429190416518,0.6757127898827365,2.271610858213152,0.1425030930164112,0.3488492255568884,0.2272616354380094,0.3673444201216526,0.387769193548547,-0.0008440175639856,0.1586695157213373,-0.0900473389929404,0.0672026541727904,0.1543486422271354,-0.7079290019837945,-0.3291327007360145,-0.0520710249875707,-0.5752272046180633,-0.4151401725182898,-0.3357723856487773,-0.3735117522058109,-0.6910040984707275,-0.2494779044794483,-0.4268094902149698,3.424273752909369,3.495467295064074,3.648808280028461,3.7163295625014254,2.946002811062255,3.0612659820094925,3.1081705007893445,3.219402171772784,3.2243334482019863,3.561360132960848
0.9512959980132428,0.6188245689375835,1.5135787178287612,1.5262065282891886,0.8687121888131525,0.9348962861570166,0.3876420223511539,1.6477610756702177,0.2878913322686156,0.9352604978911768,-0.1401909652570739,-0.4613322505117472,-0.2994570940372418,0.9181933058170492,-0.3219984781434838,-0.3870965051574737,-0.5923336169048454,-0.2847472895629138,0.1771430002670148,-0.4754744175807199,-0.1187737527449603,-0.1570445790625859,-0.2627910026710306,-0.1786550598923296,-0.0744228058837112,-0.0116248055511709,-0.1632821136238502,-0.4015582096843004,-0.2950857311309005,-0.1876070036965158,0.22781756366458,0.361215649196859,0.5408431274112997,0.6924596143136386,0.3306797781420386,0.2259996715714567,0.1885899001618321,0.1808381885145636,0.2739163127674678,0.2825941809597909,2.074626532484771,2.4802452244098787,1.809216122358972,2.6823389828947795,0.3864873859914468,2.791703414723159,2.249258419744609,2.194707900079389,0.4113539248115639,2.232046643371641,0.1483496179484356,0.3053670502638962,0.1948950242128991,0.3612681975265027,0.3414221155187616,0.0344143543741366,0.1403330575479623,-0.0716660276705247,0.0515659924842881,0.1532428168082571,-0.6359447289124582,-0.2862638635518401,-0.0921294313332394,-0.6068764610795735,-0.4428262870915008,-0.2849457381453668,-0.325889510532884,-0.663393525073313,-0.3669361763563971,-0.3934825832129482,3.5374127384424714,3.5508344389349715,3.733316339786783,3.7872901996547865,2.91992264564176,3.160981323183675,3.2173901202663173,3.272266371064448,3.297664321238293,3.670394526438341
0.6428295193146271,0.3802700162935136,1.038893894295529,1.0518854690234234,0.4970321889394823,0.6352230628933538,0.2335623669840145,1.1744170677853338,0.1594736293250931,0.5772011483638185,0.0692206587451157,-0.3162682078282902,-0.1738866533702615,0.9338371303862046,-0.1729031061999549,-0.2725005504879059,-0.4197982999591916,-0.1447599207332763,0.2500841741142184,-0.3898497704345961,-0.0126030979648121,-0.0625146889218286,-0.1612746214257095,-0.0942665321177022,0.0075423908055539,0.0675699009420501,-0.0806417298715517,-0.3015015772382935,-0.2034287475085665,-0.0985805027257731,0.2391769293997698,0.3753425291561035,0.5441102734699595,0.69015119039298,0.3363338246991352,0.2406384239069635,0.1949710354912672,0.1815523670522135,0.3266042008751453,0.3591024873643592,2.041701410004311,2.4584915260185043,1.690973678429146,2.6422629236118502,0.290413830695139,2.751877662302787,2.225504803070317,2.108472171316333,0.1717686134571416,2.1772101600817053,0.1617044818430815,0.2263306229585837,0.1653348616728536,0.3538536045075932,0.2857863076917568,0.0618266245998425,0.1325287886657171,-0.0383249024681263,0.0409715851295195,0.1504972476891162,-0.5259789694211885,-0.2606763444509031,-0.2002494558098662,-0.5969418466982195,-0.4377163995828902,-0.2705865736786385,-0.3238579484019014,-0.6073005519839755,-0.4963298859919349,-0.3874224804615627,3.607026830198266,3.53247176861531,3.727726474457772,3.787592374384016,2.868177381384911,3.2219233363774897,3.295307337874794,3.27998399248224,3.338353037118351,3.732235004417309
0.4130011308339529,0.2583677911758333,0.6596580175094775,0.6635217823466897,0.2526035285759361,0.4168046610466782,0.1378750894425479,0.7973034214372013,0.0966978944777247,0.3259956740364884,0.2600656611340131,-0.1374127814545216,-0.0258561563102615,0.9506182858481272,0.002550373218519,-0.126929452004564,-0.2228772410566663,0.0161254817388611,0.2826873833500584,-0.2612674387366772,0.0844645163005332,0.0249715594242273,-0.0720621099470093,-0.0092335524683435,0.0809781367977513,0.1359246235610051,0.0018866562527121,-0.2049238138951994,-0.1202549090074166,-0.0183199543068678,0.254367386422914,0.3853344532374342,0.5472838614507393,0.6924487573330458,0.3378216948095773,0.2594707378584475,0.2081602254031692,0.1811657596804936,0.3577492664259018,0.4063338888173027,2.006414011368203,2.424003992975794,1.571741367425995,2.588783677719561,0.177848126488843,2.705512391993409,2.199909022946007,2.020212904584384,-0.035458860858441,2.0997460763269844,0.1812496930720227,0.133234254136423,0.1418582564527076,0.3470382535605898,0.2341159284943824,0.0767630632643514,0.1392998555179805,0.0085613945231333,0.0433000185583991,0.1452217380833476,-0.4003574228598563,-0.2398523610461311,-0.3501331032639726,-0.5491134673390211,-0.399859538557026,-0.2930898813283945,-0.3668618215440281,-0.5344353536613516,-0.5989467504387015,-0.4118557280147603,3.6107253929368808,3.4320046727391147,3.6258650276120568,3.713366942987874,2.791428575784684,3.22338369551033,3.295740455405004,3.222674273729916,3.341245199426486,3.713605308166135
0.2510672999834835,0.2202620808862892,0.3853498696576017,0.3696712070792372,0.1195563918968349,0.2677374530957622,0.0772010949914753,0.5247804261788952,0.0750472168550325,0.1740780148646933,0.4125952532891764,0.0542954656601366,0.1289798611391024,0.9716532034370804,0.1825127748266883,0.0397771358340203,-0.0268352511702749,0.1812182104372725,0.2945749745201315,-0.0984810034695764,0.1704647354397644,0.105359814389943,0.0065059301617206,0.073108098748409,0.1454377898655529,0.1944031127632024,0.0820798077123678,-0.1114841159717018,-0.0458320466678789,0.0561446259680784,0.2678611161582421,0.3853132062405332,0.5463420136510766,0.7002909133532338,0.3365851158522878,0.2820315817082665,0.2261878295595252,0.1782835482527567,0.3665487653317049,0.4230460238383623,1.96608029601332,2.37095097985346,1.4550743376474065,2.515958131508073,0.0434161020804213,2.645635462742581,2.167922510300188,1.92406282493152,-0.208907746511718,1.9923699082756128,0.2052472266934193,0.0536641679437904,0.1268005426355326,0.3427159179098922,0.1971921079171827,0.0796027539030785,0.1608412560213475,0.0624907098605865,0.063194244644785,0.1362547934153068,-0.2864045824546357,-0.2169473128600843,-0.5021876531994985,-0.4739423639108143,-0.3410986532583488,-0.3413823065468171,-0.4391471894572664,-0.4586031040744199,-0.646822820230246,-0.4638770681179808,3.524537792352987,3.2418705678049005,3.427295983901988,3.565464074013963,2.6784293523085085,3.1434497884355417,3.174174120331512,3.080698588332155,3.294788771270206,3.583000571543795
0.1419421099878448,0.2268379482056506,0.2076872667465049,0.1640881735820249,0.0663179470896466,0.1714168450382998,0.0352428717672618,0.3496832875992998,0.0729064014138287,0.0997400225698714,0.5187463773288131,0.2366264541851578,0.2740683810717393,0.9971731744079204,0.344721026878583,0.2105710799355004,0.1448452521952302,0.3327363105790905,0.3052277182448052,0.0801847956539838,0.2434746981802169,0.1782622184256833,0.0777638502991072,0.1481040349497936,0.1996911810729603,0.244685272315337,0.1570292914187392,-0.0230875678960299,0.0198897475340467,0.1277912926028758,0.2747224859234632,0.3749593180782398,0.5393395955692905,0.7115223911858963,0.332495441934845,0.3051919027700799,0.2464810879045955,0.1730117463226829,0.3543840630968285,0.4162593797299118,1.918779597161266,2.2958270517684416,1.339958555692404,2.422501946987743,-0.1131387276259325,2.564914708651292,2.1220911734679864,1.8156383873637296,-0.3519278227207512,1.8498064426982528,0.2316517968521325,0.0104716081398444,0.1223237583609677,0.340202384216679,0.1788903342811195,0.0766050326818445,0.192949575233605,0.113780654083483,0.1007624673059876,0.1228476550646496,-0.2101053242834464,-0.1951903046664176,-0.6144444904397844,-0.3880635674879791,-0.2804310370308512,-0.3947954424507237,-0.515815661570938,-0.3955872028800883,-0.6326612906084519,-0.5318950147604031,3.3319000062790343,2.958619577032682,3.138260970231721,3.3478438532873347,2.5083914208664533,2.966623774755195,2.9050935852009663,2.8400125004969987,3.1833011814113275,3.320840677220722
0.0698534701903961,0.2425115980276358,0.1049972466814749,0.0301675376966536,0.0543824664841112,0.1109486968417664,0.0043302731874332,0.2512689952605841,0.0740568230103959,0.0751313693253696,0.5831822919296669,0.3920764365051365,0.3970904958401398,1.0249094899841384,0.4741308313850697,0.366148271838589,0.2768822279893955,0.4569185225810394,0.3274524421691462,0.2530329654130958,0.3023185493709204,0.2425934351256132,0.1445106335257061,0.2122373637316258,0.2433465060333014,0.2885283386050193,0.224417076607138,0.0566921100730775,0.0770554631229901,0.1977510727078302,0.2728109146275357,0.3594364266177161,0.5279759893370014,0.7221002566358509,0.324108027787985,0.3242437573918892,0.2663105011797907,0.1672980889365547,0.3266338315496715,0.3982713434465922,1.8620551753026795,2.197249734371059,1.2208878944561152,2.3097095677680164,-0.2859962967728154,2.458330462909237,2.054947443961111,1.6927760112505044,-0.4700153789216679,1.6703282323818385,0.2575450479635439,0.0131193260060482,0.1306652800786998,0.3350823544421016,0.1750640603792499,0.0770457435567788,0.2286533115880889,0.153549330579147,0.1515000335050175,0.1060007021810018,-0.1879649467326274,-0.1842118137768998,-0.655609472557883,-0.3124546014728983,-0.2364973812684139,-0.4292750514676242,-0.5718594049562201,-0.3600089590053263,-0.5691242901202495,-0.596129331344077,3.031018490060533,2.5876818217289563,2.772540503126823,3.066410044765452,2.2600766219208834,2.691172979989578,2.493439219095896,2.4974260056694497,2.992241075885544,2.928828703508564
0.021260004548837,0.2422225521580378,0.0502341076158932,-0.0520130790493525,0.0484864739821104,0.0726778730352227,-0.0171054898544153,0.2009487984617396,0.0679725908257125,0.0743740902705177,0.6193727665362192,0.5115780335023088,0.4925519305214117,1.0521923822328574,0.5667654352688531,0.4914298095443632,0.3656812840010041,0.5475759595858081,0.365499284155283,0.4019452196208884,0.347554012081099,0.2971628988513233,0.2073891384439134,0.2649153265648146,0.2781003710867,0.3274807799917739,0.2828322606295501,0.1246208383378036,0.1255024308485305,0.2643580217074762,0.2628091281503946,0.3459714176109241,0.5165989771966442,0.7289140480823286,0.3112069224846842,0.3361527050381735,0.2826601539542719,0.1646230462104373,0.2933874510891892,0.3807692054801178,1.7916901901977171,2.0747967406719945,1.090301286497798,2.1785002094541555,-0.4653544928111576,2.324683604567299,1.961926730867497,1.5554487769520486,-0.5679876684526526,1.456200493430979,0.2792707676367222,0.0555786971435668,0.1535075023475645,0.3214509674903855,0.1762141917237963,0.0881098752375342,0.2611494582799241,0.1779104014819284,0.2069637787033916,0.0898345693683845,-0.2217778883495483,-0.1928954652897668,-0.6161721328070374,-0.2681090437156216,-0.2218119307882771,-0.4266084404405995,-0.590221083489857,-0.359880520024438,-0.4791882430159712,-0.6345378275411198,2.637695995490713,2.147272220912783,2.351636204078106,2.7289075422834763,1.923707926610664,2.332319981567414,1.976103138861334,2.06469893028904,2.71480357674374,2.4349145199633875
-0.0135618029112358,0.2144308491780006,0.0191310414230539,-0.0994796462871748,0.0247482492715905,0.0474929449125338,-0.0288036198264571,0.1698852288104202,0.0488954568552077,0.0784772062044875,0.6430364577631069,0.5952726577288074,0.561507107496967,1.0779183963267156,0.6283675136562227,0.5803683857322725,0.4186057400370502,0.6066463722128372,0.4166850692331434,0.5169958291746856,0.3817249984089445,0.3418015043819298,0.2647729666041673,0.3084214319535709,0.3074216152849585,0.3628619457646065,0.3312487188303904,0.179562256838088,0.1647983706343386,0.3238452873601512,0.2467171987915996,0.3398343962919973,0.5095830453559602,0.7317063188091391,0.2975748661026615,0.3422117266280606,0.2926876036361,0.1684506179795357,0.2671519730085478,0.3700070144032185,1.702005099174196,1.9284550286541264,0.9419248480312744,2.0286180410415606,-0.641658166880693,2.1660489924379305,1.842469519038827,1.4053637840814877,-0.6481146684650615,1.2130553149533423,0.293618635567731,0.1207671866954017,0.1903486836352953,0.2964724679347704,0.1721915846082878,0.1108207993376248,0.2860766319772134,0.1897105832045756,0.256181726152161,0.0813941182842493,-0.299074768341234,-0.2241729949971538,-0.5121405732143942,-0.2689036324047835,-0.240913046579269,-0.3822907261254201,-0.5660382403155492,-0.3923576338761563,-0.3843871007033634,-0.6319656172564715,2.1832133557556115,1.6690888851682355,1.903406233592575,2.345643399061017,1.5101066353582884,1.919397568200156,1.4137300869878742,1.5701991821676151,2.357442795921029,1.890720627822161
-0.0403898544646987,0.1601762128796334,-0.0044968080096881,-0.1235514112153455,-0.0257325083709434,0.0298726883210745,-0.0322246369117278,0.1358278824993,0.0148673111410859,0.0760978485156024,0.6663752287266792,0.6506223330452051,0.6095522147337412,1.1028583490447108,0.6695583366301263,0.6366692419243445,0.4492595046982249,0.6420065362587862,0.474252037705185,0.5973789978367889,0.4084382480026136,0.3779932372917715,0.3140316425425715,0.3462781217953112,0.3348537601136118,0.3955722850236131,0.3687012682882625,0.2227285675081746,0.1950452594912638,0.3723493052498595,0.2267063949997647,0.3423317433833773,0.5091631656326409,0.7323564210019453,0.291028836333834,0.3475742922613337,0.295269859083976,0.1797963506982531,0.2579311971186944,0.3661574578239462,1.5877024627611536,1.7591048513983878,0.773179655577714,1.8603728933963508,-0.8093218805108024,1.9861098121157497,1.6987246750988538,1.24539916983177,-0.7099665081320978,0.9489638368208524,0.2990553687815921,0.1880910171507998,0.236614295004212,0.2638146594596012,0.1564612383872962,0.1397175153664056,0.3018959240965516,0.1965067312362545,0.2882942923452686,0.0878781914740029,-0.3981705148005102,-0.2742437204872162,-0.3786272803414917,-0.3146224067471695,-0.2913044953122477,-0.3075456503577843,-0.5066987838908771,-0.4441996266977072,-0.2980749319303238,-0.5871100658258038,1.7085313858859232,1.1945537753279656,1.4583110212837245,1.930314393573641,1.052472923024581,1.4883348196785702,0.876455124268494,1.0568010825764094,1.9420814811291456,1.360553290376511
-0.0620837720735435,0.0891322158700118,-0.0275144407854114,-0.1308192953929732,-0.0983610598252518,0.0158640320937762,-0.032045938492882,0.0870551350521162,-0.0326864050437765,0.0615698935933749,0.6954887251008578,0.6887066109075596,0.6443827774252934,1.128396558594864,0.7007960838530752,0.670420851916707,0.4708935072063309,0.6640870690921501,0.5300635183423883,0.6493010072749044,0.430948648148419,0.4083506083465323,0.3531706584475925,0.3813379480996089,0.3622749075568322,0.4255938978858876,0.3949669680976724,0.2565819305251419,0.2179152558829486,0.4080126994990279,0.205470831186927,0.3514363489259907,0.5150996987609552,0.7322321720785273,0.2995938396196211,0.3577430010417924,0.2925199234750152,0.1956005545629328,0.2685702012876285,0.3665307426305881,1.446029726009025,1.5691601808851492,0.5858955362159092,1.6766542846955774,-0.9675292017687204,1.7890428968821117,1.5332043222626546,1.0787723887908944,-0.7519156898294018,0.6739237673308903,0.2958409446833009,0.2402605448671173,0.2830408195021655,0.2330772274841744,0.1284049505022434,0.1665008930094717,0.3089197287457696,0.2061361705695394,0.2965548517499731,0.1123989846969944,-0.4944376905568458,-0.335101677904082,-0.2559358338547659,-0.388818247046068,-0.3647366420814509,-0.2243637598722296,-0.4288969425585672,-0.4972672980784931,-0.2263854202410919,-0.512973078795988,1.2564717840224418,0.7669571124269121,1.0435889648066357,1.5003344765881237,0.5994701849128915,1.0732550567517298,0.4282932957639342,0.5752944349605166,1.5036327254483828,0.9046363043730392
-0.080186385328673,0.0142459027156231,-0.0497207052500776,-0.1262581015398763,-0.1801543264863531,0.0015377272847309,-0.0355244002354196,0.0225761925909496,-0.0890689761210862,0.0325010146971641,0.7310450013868366,0.7199682424963922,0.6735233759050351,1.1550930025002208,0.7295140042925726,0.6929499193669673,0.4911555048563411,0.6828250165055348,0.5769964885475328,0.6825080363597219,0.4514153772777823,0.4353038577730651,0.3817846862907019,0.4148392906584583,0.3893790741415875,0.4517006913896066,0.4118414183134948,0.2835733635775143,0.2368605571744159,0.4319987355508193,0.1872884546875731,0.3636890408035764,0.5257355421313076,0.7301431484006008,0.326037243572563,0.374690970523884,0.2894637640410087,0.2097881950385157,0.2935415227916085,0.3693476760113967,1.2778800096936234,1.3623402002041531,0.3857909574007109,1.4827460779548476,-1.117866857198528,1.5796020230665817,1.3474383405719383,0.9079932948999078,-0.7733410767767992,0.3996248277550523,0.285037041340717,0.2673553334236455,0.3176758177608094,0.2152998726572158,0.0934900782371264,0.1852009802591069,0.308449670614147,0.222870355690381,0.2823769626972288,0.1511075769367494,-0.565248993351516,-0.3976941757965691,-0.174971725683304,-0.4641214475538504,-0.4478013438451351,-0.1566599417180391,-0.3538837150941563,-0.535698700187692,-0.1738148085109646,-0.4308036095316379,0.8635136447704325,0.4214751051743799,0.6775588257936337,1.07634227051912,0.2022281266625739,0.7009296291512519,0.1139497900800482,0.174033426488417,1.0828960857050565,0.5623353477366638
-0.096417757751063,-0.0531222701919689,-0.0680311210221825,-0.1161012440323529,-0.2560103546540573,-0.0171485727322807,-0.0503393949926293,-0.0507624233464201,-0.1468217888131979,-0.0115026530097297,0.7705212133449224,0.750904608062602,0.70237404379492,1.182334765281124,0.7596146291365075,0.7128226930677609,0.5106722397717941,0.7055664671428405,0.6111384880896684,0.7069351136039251,0.4713180269530168,0.4600985324675353,0.4010235415734074,0.4466803740055391,0.4145374091947365,0.4720775456239435,0.4236434042322798,0.3056960011458882,0.2559399041293147,0.4480381711589555,0.1779098195161872,0.3755960310025153,0.5389245813678072,0.7229054693937009,0.3648788217011131,0.3955791189401454,0.2913756831909924,0.2171408269880617,0.3219834020684123,0.3747713953752486,1.0874109141140424,1.14260150805669,0.1813539706373156,1.283791283901501,-1.2608518603830492,1.3635140961975774,1.1424573060877703,0.734063170285652,-0.776231768229647,0.138622234856191,0.2676536161598242,0.2680072192098742,0.3303505474643171,0.2174176606603705,0.0617164470304012,0.195410177903924,0.3027288457872663,0.2463424558449914,0.2567195375563249,0.1940797199415037,-0.5935192128954635,-0.454000062926259,-0.1486615257227638,-0.5129117182883558,-0.5231009196454218,-0.1223609145951213,-0.3016866901113482,-0.5505522215615726,-0.1474246711758287,-0.3615870338452434,0.5529543772874901,0.1762314421951627,0.3670876319340501,0.6806579212958889,-0.0994390185215533,0.389373463733119,-0.0497481870540959,-0.112596487887348,0.7167168124009482,0.3419218272019891
-0.113423278331475,-0.1059998777056653,-0.0807609327135011,-0.1087849478897822,-0.3139944670905468,-0.0432711962253474,-0.0818104989820018,-0.1225459169804303,-0.1971746833224777,-0.0688111667102046,0.8102659171633914,0.7829796605472021,0.7329199314933195,1.2091397684070797,0.792062933605048,0.7345383784277677,0.5256117194119622,0.735812597050425,0.6332190825174243,0.7302204993713024,0.4923704039282592,0.482904607459326,0.4131140444636061,0.4762281567059558,0.4361612371695523,0.4858273051548897,0.4359842351645214,0.3247715742387904,0.2779080809280201,0.4610152626884237,0.1823432591913379,0.3839855882244385,0.5520270218753276,0.7081151835991685,0.4044342948645428,0.4148738314250808,0.3005341805877354,0.2175158413897801,0.3428860754710677,0.3828141075184355,0.8808595367959978,0.9132680471285148,-0.0178743614881842,1.0823354231098812,-1.393939955956732,1.1469217217416532,0.9201440053811134,0.556498800587289,-0.7653855443608085,-0.0976356899072066,0.2451268791151505,0.2483087148093375,0.3174185606199201,0.2389963738312492,0.0445869558136884,0.2015652235903022,0.2950176033410711,0.2730715187558071,0.2365159471995272,0.2298464855224004,-0.5711150454002963,-0.4981074558909451,-0.1719368924148347,-0.5177108385887432,-0.5727789929264735,-0.1293693404298967,-0.2854114762019436,-0.5403494854550049,-0.1554906059152699,-0.3199222643417774,0.3311382849758674,0.027781669804849,0.1098842917694302,0.3345029851922578,-0.2862949344691623,0.1489955287948175,-0.0765485131366846,-0.2730638243011284,0.4288392740539359,0.2209543453558615
-0.1344502193730964,-0.1420460048637402,-0.0903085380961288,-0.1135857016922979,-0.34844992507332,-0.0776999338397128,-0.1305768279287061,-0.1826131900857477,-0.2323931961422848,-0.1352951581056135,0.8468160379915322,0.8140940936249672,0.7637554805290124,1.235141046612372,0.8255720664978923,0.759388850443609,0.5320291545447032,0.7727769595938944,0.6482717366383538,0.7563081688034599,0.5167489558669205,0.5037999752580222,0.4210839133521125,0.5028317287396044,0.4536055548414004,0.4943398886256742,0.4533370986449539,0.3426358237650224,0.3029856528236025,0.4754367878648765,0.2017360449979144,0.386190802611454,0.5617524104858349,0.6867151669289363,0.4326822916101728,0.4280648830047703,0.3150576508141868,0.2169638516443828,0.3493401883169884,0.3908094844669845,0.6654429484198466,0.6772785140157479,-0.203825826789074,0.8786489963570913,-1.5121319776324014,0.9347741013479416,0.6839320240111686,0.374350507796678,-0.7473393588017184,-0.3012606685641459,0.2208902873053196,0.2189676788270214,0.2835525953891269,0.2728094643787597,0.0508764238818496,0.2091416064135854,0.2886987570499944,0.2986589115096671,0.2367070364998459,0.250801954271885,-0.5022149184055513,-0.5268882434161046,-0.2279300791209248,-0.4761868217767436,-0.5841848045809473,-0.1752627516087239,-0.3075598322622225,-0.5092820299051087,-0.2014568718849069,-0.3123147611275431,0.1879075522011618,-0.046853152504323,-0.099566831839115,0.0542219540557607,-0.3616660529312449,-0.0163096145946363,-0.0067415545954408,-0.3213335111585082,0.2250999375289148,0.1568809345863611
-0.1621972901292967,-0.161979921495183,-0.1031530059456986,-0.1377447536090895,-0.3606086998876424,-0.1187488005674433,-0.1917920204310639,-0.2235500518450092,-0.2483122105792131,-0.2044354626867264,0.8778811953314852,0.8415257317810493,0.7917023264093438,1.260824334417321,0.8574326509131,0.7868824475623764,0.5291086256656592,0.8121235715234982,0.663196933200956,0.7852831898531345,0.5460947458804218,0.5235942181869797,0.4286806513722002,0.5258291077911117,0.4673568778326516,0.5012819302497323,0.47709629614718,0.3606793653080833,0.3292491943037784,0.494333992784734,0.2317880125415094,0.3809292168782752,0.5651494498487182,0.6632089742505346,0.4430619165240117,0.4342533621562066,0.3308711991154712,0.2243139638066125,0.3401516237304468,0.3935486179994403,0.4486161227980751,0.438448353436799,-0.3726133269462236,0.6740399883095136,-1.6102760597398404,0.7296093536761288,0.438327632646784,0.1877471698114937,-0.7288407844396538,-0.4693159448662996,0.2013313893380645,0.1912750015208595,0.2388355402528804,0.3084753645917741,0.0822922327677354,0.2206945084032264,0.2853950761647257,0.3190109681642295,0.2619574208343716,0.2560602994556432,-0.4044895730113203,-0.5399325280802425,-0.2957648975645498,-0.399701035850522,-0.554835008473926,-0.2492246908907922,-0.360176171663082,-0.4656450481290471,-0.2782551710407889,-0.3381550489755628,0.1013414656415025,-0.0818761830750444,-0.2639564333052294,-0.1523993178569127,-0.3469027525143337,-0.1094987593583358,0.1035529202748022,-0.2917131081648666,0.0949608184208515,0.103519789543999
-0.197512271524333,-0.1676785478280173,-0.1272304384999965,-0.1835063945648565,-0.3570213691559057,-0.1629535687806845,-0.2562845830321573,-0.2421310036212041,-0.2459898653910825,-0.2684481417999596,0.9032661373298412,0.8643253475755592,0.8142858401688663,1.287022709395382,0.8849257991786215,0.8156154561350671,0.519687544646844,0.8481033724762956,0.683327367922994,0.8145430975936692,0.5800253429271993,0.5436586411528861,0.439908038783277,0.5445194102809132,0.4788428169722121,0.5109185148800204,0.5054875174785871,0.3791377158605058,0.3542502424721856,0.5186479495617133,0.2642687522243028,0.3694440608929192,0.561718950658394,0.6435025466194247,0.4367666167865098,0.4361073661993044,0.3451470240254625,0.2454258950414143,0.3191699088985404,0.3865684812499944,0.2374564123639603,0.2027188407897198,-0.5257579608486526,0.4743536727285482,-1.685304058267219,0.5323741781578877,0.188082298102192,-0.0008575097728216,-0.7156342249655793,-0.6031822071487778,0.1944690309731101,0.1729934467177103,0.1927321812944452,0.3369847181637191,0.1310955638420356,0.2343430060361329,0.2835387691717939,0.3306131349168689,0.3032587655659425,0.2502466308050516,-0.3055455171827189,-0.5379498686054461,-0.3565822340184638,-0.3082723799724458,-0.4934243629294369,-0.3353412592116519,-0.4287899083679965,-0.4210394492076867,-0.3679707608665017,-0.3904531400713363,0.0453380250417386,-0.1108855440556563,-0.3807318755374085,-0.2879354377394723,-0.2735594169956541,-0.1413868201617336,0.1977005084217056,-0.2275759473656217,0.0185774107361842,0.0273371374277299
-0.2385990262688156,-0.1612813250538526,-0.1679663440658728,-0.2465315136885809,-0.346694978303229,-0.2062812444446938,-0.3131606758211103,-0.2402594292462219,-0.2316075934968794,-0.3200113629615733,0.9252334286055808,0.8837085010182283,0.831583585884458,1.314452980321644,0.9070491250728094,0.8436434823819249,0.5085291241502139,0.8764090377803451,0.7100113806504319,0.8409531933953113,0.615609931940375,0.5649254162822958,0.4578386571135632,0.5585939902880752,0.4901429433873047,0.5258490149387062,0.5352000632795928,0.3970325973910498,0.376528929546704,0.5469690841508263,0.2909051542440723,0.3555465913596471,0.5548262849828335,0.6322012849967171,0.4209096463238891,0.4378090340509483,0.3583019974328369,0.2793836844089185,0.2935356766095578,0.3699358782731533,0.0380842012050877,-0.0217287648603844,-0.6684928710985284,0.2902425097628321,-1.737349379595348,0.3451947047777871,-0.0617880804863738,-0.1863593275845826,-0.7117673561349654,-0.7065944872479092,0.2064855927852345,0.1657691509159191,0.1491392306064781,0.3539822330704161,0.1816522734280704,0.2451521840992269,0.27907411747215,0.3309909436302564,0.3419340574959938,0.239632753408219,-0.2344911570293371,-0.5201820505114303,-0.3971462904109878,-0.2255104752406793,-0.4161384270542169,-0.4170146761100043,-0.4977994653332744,-0.3886318719715713,-0.4476557772106506,-0.455662591152683,-0.0027247957469642,-0.1558125287138233,-0.4448661506392249,-0.3637875116923763,-0.1758583785060076,-0.1302923405714887,0.2340969053005427,-0.1683706365997991,-0.0238657420703403,-0.0820448836211574
-0.2810854552632378,-0.1456943982648823,-0.2248999621922376,-0.316615757722941,-0.3381958492003066,-0.2448234944941073,-0.3527741686319536,-0.2252446338792307,-0.2144378970302039,-0.3538413619086439,0.9476126213444396,0.9017057581608798,0.846289014962168,1.343892906604266,0.9254276543511852,0.8690010843785949,0.500105203775923,0.8962740279401021,0.7406470826526892,0.8629488903923316,0.6486341587692948,0.5870419407532088,0.4831870930628412,0.5688613928769609,0.5035074145013536,0.5458051629821096,0.5633650656059892,0.41314277624428,0.3959858521753553,0.5757648276047395,0.3070395649487379,0.343914210361584,0.5504333037105854,0.631182632408644,0.4046179458057213,0.4428319770899976,0.3729973221394894,0.3194671606994043,0.2715410069210482,0.3491868598064543,-0.1446368484677744,-0.2258508532654769,-0.8055428676171752,0.1333649819050351,-1.7698440321149282,0.1737711951881706,-0.3048826630841747,-0.3616511665997421,-0.7191576142014756,-0.784104677497446,0.2383197629710456,0.1653262300893524,0.1060677906086547,0.3606656514914757,0.2161327644843057,0.2480127672561999,0.2684349230548936,0.3198750273709577,0.358870571550967,0.2285640022826328,-0.2119149431967274,-0.4832273489853594,-0.411855475933099,-0.1747002397162029,-0.3408271518070732,-0.4815413010668151,-0.5543773810467861,-0.3789328944417339,-0.4975562444824566,-0.5148550436906283,-0.0570120806417768,-0.2208794195239249,-0.4550212793840816,-0.3954791287640203,-0.0854194564931879,-0.0988657540840253,0.1966566121735785,-0.1398227410968769,-0.0447421398058638,-0.2104808008793318
-0.3189793298615886,-0.1256752614606406,-0.2906135154935228,-0.3806655333602205,-0.3377637414458048,-0.2747033081927377,-0.369209050665305,-0.2086301322830108,-0.2036505963089346,-0.3677271451463565,0.973785374578264,0.9196481945086814,0.8621124205347913,1.376700602306287,0.9434615513459272,0.8906007184804776,0.4974037021259064,0.9105976181397494,0.7708627814544745,0.8813876023176281,0.6759734451331227,0.6085172628265264,0.5136756073402654,0.5775098603954977,0.5205291471837951,0.568357412961501,0.5885560917386088,0.4273273483488654,0.4132301744508339,0.6004677613368115,0.3126771152818663,0.3376794314093246,0.5532342313742411,0.6397343190610989,0.3956658391156765,0.4528514353968502,0.3912987634296558,0.3579279683211852,0.2601697777888993,0.3324870029642727,-0.306976984755882,-0.4019536060577761,-0.9369096259040036,0.0111908351355862,-1.78899709611398,0.0266929811692478,-0.5323677465866711,-0.5188987740548459,-0.7372513657879547,-0.8410073134670022,0.2848429139675549,0.164344926546655,0.059867432002828,0.3622878685327187,0.2219423408259723,0.2403603774084413,0.2517426544930088,0.3001228348436696,0.3436133038966641,0.2181836392017385,-0.2430718555935044,-0.4236229797318167,-0.4033893184058969,-0.1748552320087155,-0.2827521175320933,-0.522840873815189,-0.5898282385740455,-0.3943129351292095,-0.5069722042420926,-0.5486067553624693,-0.1220526336151717,-0.2939969489427897,-0.4190231098352965,-0.3970200876153156,-0.0280540611172601,-0.0686928095899963,0.0963896861972269,-0.1502348519997598,-0.0467465707211108,-0.3271546643710665
-0.3462988699212479,-0.1080609764894219,-0.3526109638911731,-0.4268655045385295,-0.3486599332371271,-0.2919329070589954,-0.3618705373207515,-0.2031624043722692,-0.2054316932258686,-0.3631082761575163,1.004747836103158,0.937807593371912,0.8818102753780703,1.4147855905951938,0.964098938935331,0.9089534347367068,0.5020020287592223,0.9241173950060064,0.7971272449011005,0.8987508464825397,0.697357541777252,0.6277533786250721,0.5448969997258425,0.5873516938280129,0.5412194226966998,0.5908816526166082,0.610585703472433,0.4410285156717635,0.428858026310092,0.6174353112736971,0.3107656421423402,0.3372079281283047,0.5628697853901796,0.6551629200223573,0.3987398940949789,0.4676758649497764,0.4126743388773991,0.3906271695061544,0.262661061961974,0.3262422733101734,-0.446116093619065,-0.5456203955513486,-1.056698351651342,-0.0757660329826573,-1.8025447129112768,-0.0886835349161712,-0.7337105220246344,-0.6511166750392133,-0.7630296919853712,-0.8839795921115576,0.3371626494589889,0.1563241181298956,0.0103426806947824,0.3649783019990559,0.1968605013278818,0.223851870780024,0.2333885029553457,0.2770134047190138,0.2984371318367531,0.2072159889748431,-0.3173207090053713,-0.3437213626542188,-0.3810212136857777,-0.2357602566257548,-0.253555679461686,-0.5408491742866285,-0.5997134192804229,-0.426191226235759,-0.4757154020360877,-0.5447917227650466,-0.1944340779223404,-0.3548405295644167,-0.3549143074166453,-0.3774969896385584,-0.0211610732114072,-0.0550721758993023,-0.0364170221723841,-0.19279157160322,-0.0266355358006661,-0.3983860435843901
-0.358962353472984,-0.1002744340755222,-0.3974040986633755,-0.44843915559567,-0.3711796708791058,-0.2932520507054923,-0.3359448817262612,-0.2186092681644726,-0.2216970954494404,-0.345251262471398,1.0386612418765513,0.9561556515700332,0.9061689323179936,1.4595408075371696,0.9879304278061686,0.9259764283079432,0.5145683483233214,0.9408898294993444,0.818153284620493,0.9174891660003524,0.7152107391250134,0.6440695737888861,0.5723768425353595,0.6003685249789343,0.5636633525321079,0.6122513796612064,0.629864295826806,0.4564095610670901,0.4433862256138738,0.6259385431385109,0.3047345189737924,0.3410340006688135,0.5735074649747689,0.6729540913634606,0.4147816648979477,0.4854426594591,0.434423920004971,0.417921458443157,0.2772034921188547,0.3323871047486931,-0.5603596524296542,-0.6565841893674291,-1.1561249991429263,-0.1328160957268477,-1.8174921285731576,-0.1709968973292752,-0.8997315571757101,-0.7538204351818445,-0.7917479469013882,-0.920709859701171,0.3861009024641204,0.1381775734667039,-0.0372699011380831,0.3720340098686902,0.1489662365200715,0.2046178922704795,0.2189656869226593,0.2558607654744682,0.235988575337417,0.1931943857082899,-0.4132481019389754,-0.2567189287294955,-0.3559839845066921,-0.3533383232858448,-0.2617605768709478,-0.5385352749545517,-0.584487321666411,-0.4583208201636713,-0.4125694967944113,-0.504965112063415,-0.2656079312931539,-0.385758740251525,-0.286566030202203,-0.3417814392737102,-0.0707368182612141,-0.0643172191285728,-0.1659713074991073,-0.2515920315515141,0.0172527844053862,-0.4020909350706299
-0.3563338946644858,-0.1076133744834166,-0.4151455068544616,-0.4456131613853981,-0.4027260994658725,-0.2780999591593476,-0.3015067892956872,-0.2580435779576944,-0.2505443994665354,-0.3226944899414029,1.0722964046144443,0.9751939628316892,0.9342510685137064,1.5103270168889045,1.0131702829559397,0.9438597658684588,0.5349168263069825,0.9626494422744278,0.8347258634847331,0.9388153983750072,0.7327678515078775,0.6579382183162282,0.5936467602971357,0.6165818723432477,0.5848148520769407,0.6331160771565244,0.647122721072393,0.4747933623505377,0.4576493209113125,0.6288533351887677,0.2973986034373306,0.3479751403550356,0.5777059419965782,0.6869954774882701,0.4407896403996873,0.5029406600443557,0.4537113525548348,0.4414782148110603,0.2979033454237222,0.348741621469856,-0.6499337553278611,-0.7384482725863448,-1.2288001178847694,-0.1679910385256952,-1.837417394394566,-0.2265178674564018,-1.026392372417541,-0.8263768085881861,-0.8183746037990769,-0.957754257230806,0.4243408927899312,0.1104457615442874,-0.0745669014175463,0.3811943525593183,0.0917210644206301,0.1916115304571163,0.210661663910699,0.239668445851176,0.1728038271932376,0.1731005739084927,-0.5062877513379248,-0.18563156637198,-0.3356358037248503,-0.5083890887046683,-0.3117390301803562,-0.5196118855313886,-0.5505640282239366,-0.475378791074394,-0.3331543230092883,-0.4446176141454126,-0.3246396398880651,-0.3803790356020665,-0.2360914594110662,-0.2944759920783457,-0.1687432096981124,-0.0942358506172524,-0.2645741673410993,-0.3085331782120345,0.0778770607582658,-0.3376345207825817
-0.3417970275745382,-0.1308274354238547,-0.4030753669339813,-0.4252003328859985,-0.4379716236716122,-0.2505602778082371,-0.271241663601431,-0.3162530797952041,-0.2874938782714373,-0.3055299948926674,1.1033283884866,0.9959735697987862,0.9642253474811382,1.56384696147644,1.0374581781000891,0.9638418851065688,0.5615725466873812,0.9888246529087864,0.8487471138332385,0.9626516250307288,0.7519984885420362,0.6704573160514857,0.609112340442909,0.6341351346383485,0.6022309975691768,0.6548380207302089,0.6635466206497665,0.4957241266480748,0.4728895078190586,0.6313230808867027,0.2914483894143096,0.358304141975085,0.5718706246502562,0.6911307562242462,0.4704941694256145,0.516665444416075,0.4691613186006126,0.4601250027142984,0.3179708226768526,0.3712018884846267,-0.7177581523085724,-0.7975758348016788,-1.2746499519296135,-0.1898483650751456,-1.860967245561732,-0.2661854329908454,-1.116643706639266,-0.8724371617237775,-0.83910118267278,-0.9979294155262772,0.4465851808522396,0.0759186527711161,-0.0941994905368257,0.384451832937592,0.0374833565379597,0.1928406430952742,0.2048117183092697,0.2287313650151448,0.1225323644016498,0.1439333465881467,-0.5756251173262548,-0.1545730932937338,-0.320281615589065,-0.6707689759471595,-0.400143519274306,-0.4891892894534252,-0.5099284271892016,-0.4714737275546998,-0.2578020747750557,-0.3862629737495889,-0.3607963862481863,-0.3460612968428666,-0.2170313504758464,-0.2439804163904032,-0.2930624165353104,-0.1368095830886096,-0.3201195698921463,-0.3488337959229972,0.1367008181289976,-0.2276323087800737
-0.3220263380099863,-0.1653508887527158,-0.3666244163015394,-0.3982027171290087,-0.4696246580382522,-0.2196130837515747,-0.257135767549414,-0.3811414779434387,-0.3265663090790759,-0.3025648183739224,1.131794083529614,1.019366954358424,0.9940115368542454,1.6153183472393031,1.0598561426970357,0.9858719055029976,0.5915544523135479,1.0177327368558822,0.862457213114589,0.9883490093939192,0.7728906222870492,0.6827277515780945,0.6213805480693814,0.6505956046042888,0.6157032838009794,0.6781533831553206,0.6807316477306865,0.5174432307808358,0.4901350023016945,0.6380491278599935,0.2899744831099306,0.3726873943414908,0.5590069239888398,0.6821090841611673,0.4965909993809017,0.5248573859563453,0.4809392244099652,0.4684769088837477,0.3334119857946096,0.3955860217493154,-0.7692485009491458,-0.841535023356181,-1.2999084336957558,-0.2069455256779432,-1.8830044607928664,-0.3001481427466302,-1.1788887829689836,-0.8990113577314888,-0.8521535935220838,-1.0395529369400969,0.4491916095743595,0.0383480543862873,-0.0928428928168759,0.3710998371982393,-0.0069261369194142,0.2106656040242437,0.1936826485934141,0.2222567456698399,0.0916701541483208,0.1042548561329962,-0.6088642633454248,-0.1767814196493212,-0.3055261871807899,-0.8079490417506947,-0.5124334398512954,-0.4562391057522998,-0.4769051342274193,-0.4525403196377772,-0.2079406888230236,-0.3494478097924614,-0.3663413832754193,-0.2996017203507372,-0.2314852129459687,-0.2034880053485435,-0.4120505138857947,-0.1817272917150615,-0.3349748829593164,-0.3641804905124586,0.1669556071820512,-0.1110657865989718
-0.3051496292363276,-0.2025748476021925,-0.317890002739106,-0.3764890077261812,-0.4901700480363674,-0.1968850081179889,-0.2669168743654189,-0.437744665486814,-0.3611232044677085,-0.3181878479079978,1.1597543109101076,1.045383128324179,1.0216326873069737,1.660936522688681,1.0814311404349952,1.009333111371252,0.6210079193509552,1.0477591662902837,0.8781267080448857,1.015228473465014,0.794373945309646,0.6956778919386715,0.6337321251922597,0.6645680979416362,0.6275997213128998,0.7026495967314235,0.7000560271013948,0.5383263937162168,0.5093599196941921,0.6509211386137033,0.2955853533824045,0.3897723358374019,0.5465520372199197,0.6620146689863735,0.5140020912475659,0.5294630038694957,0.4899159222059875,0.4594924172201919,0.3447841703606602,0.418221342994681,-0.810721815410349,-0.877448972949535,-1.3136125678398642,-0.2273494129737443,-1.8980922465992376,-0.3336717842533388,-1.2232081403629589,-0.9144264831557178,-0.8576570924018347,-1.0784806134348248,0.4308571265977072,0.0020106295574165,-0.0715092725746108,0.3329455172449973,-0.0410163636202785,0.2389207659758547,0.1701092697480156,0.2200617494439665,0.0785664630981691,0.0564952272559075,-0.6042623094796438,-0.2473195108284442,-0.2889273484686723,-0.8942156830553115,-0.6237520637840676,-0.4341631209034068,-0.4631462676362892,-0.4310244042441806,-0.199851689686673,-0.3438948890847857,-0.3394616501774205,-0.2590611159408855,-0.2718288413722282,-0.1877504366350203,-0.4935526455063695,-0.2199518324487249,-0.3184921312388165,-0.3535112795237721,0.141942880180943,-0.0300750116798279
-0.2984330542135819,-0.2325342800935798,-0.2720950328628172,-0.3696255673699196,-0.4943356654673537,-0.192658832563802,-0.3013269518885794,-0.4733261679753612,-0.3849906503464324,-0.3503859341800399,1.189654143077849,1.0731992108895214,1.0457132229182975,1.6999036887976544,1.1042199817053808,1.0340045273466818,0.6465646551590123,1.077706476005121,0.8978339186249149,1.042397647817483,0.815792381317657,0.7102351467549096,0.6487467290446288,0.6764815741787619,0.6415556926185876,0.7272660399578295,0.7218634184832385,0.5580209031704163,0.529357896365575,0.6684771934452087,0.3084706490848859,0.404864907535242,0.5410699728650177,0.6378763338549889,0.5222218788483477,0.536072193762375,0.4971194341662267,0.428733528175807,0.3556976091523194,0.4361439004192735,-0.8470681057113703,-0.9106357540087948,-1.3234912397111227,-0.2566564120121309,-1.9040137402523647,-0.3668257153902644,-1.2580357295713362,-0.9260610112468642,-0.857025109969388,-1.1113553891546892,0.3940944994676292,-0.0285704358918755,-0.0341645243663122,0.2689739088006269,-0.0686749342811916,0.2644528845848082,0.1314816789416684,0.2223624913859882,0.0751614453404285,0.0081410556861881,-0.5704259091601144,-0.3457640904048415,-0.2758399428096842,-0.916820740936889,-0.7059966461187771,-0.4368950747351176,-0.473683441950701,-0.4171995234525771,-0.2376336841614552,-0.3690441694662678,-0.2863623188881276,-0.2362752057044404,-0.3252556351708655,-0.2071352827488883,-0.5154779061589677,-0.2467905354877113,-0.2786294092542038,-0.3220153262378391,0.045341278361916,-0.0151536492780493
-0.3062404043428384,-0.2469450001938062,-0.2432628537429258,-0.3825448675604623,-0.4813571291272223,-0.2119768871535382,-0.3533026357766576,-0.4815244553339951,-0.3940283311079798,-0.3912578791761715,1.2228127139318348,1.10181871666317,1.0663420317441297,1.7344581513199888,1.129721737138205,1.0602381938748404,0.6666727183237342,1.1065217818468844,0.9229307336978728,1.0682676663935238,0.8375983517068935,0.7273454042064892,0.6676296479374321,0.6880741430882427,0.6603602019104393,0.7510794793433496,0.7453137373434169,0.5773645652442808,0.5487086343697755,0.68731283389595,0.32534992010755,0.4114907557650251,0.5439792827122814,0.6180810433758437,0.5249269237483769,0.5507916020474751,0.5038775321179317,0.377004443722414,0.3692108917883666,0.4480730260454262,-0.8801372885635096,-0.9439371688065232,-1.3341229991290904,-0.2953086178100915,-1.902786639634742,-0.3972018219169347,-1.289064927153443,-0.9387670640242743,-0.8525218139837765,-1.1374094102950023,0.3456723100691452,-0.0496678934929416,0.0135513293724657,0.1866753342264818,-0.0955023908991561,0.2731377994705808,0.0805327241280138,0.2277309074729781,0.0706795971432263,-0.0300568990051404,-0.5231145130232183,-0.4471955427582949,-0.2792925450585143,-0.8778396452781797,-0.7382723674888697,-0.4720562719364551,-0.5061168471331897,-0.4137621150036378,-0.3097299597480801,-0.4180311574028962,-0.2211027491077457,-0.2336240805634792,-0.3785478082979001,-0.2622176610237607,-0.4735477921618691,-0.2635635881276683,-0.2180525375918276,-0.2791052755105829,-0.1203376061147332,-0.0742947250572969
-0.3288351637991643,-0.2417084896869778,-0.240467925764101,-0.4143668025107252,-0.4557965773437838,-0.2525718915305167,-0.409669032353722,-0.4640294907093722,-0.3875044834857277,-0.4301895475606473,1.2591611037805994,1.1306529809308938,1.085770052247811,1.767871383293588,1.158226455831493,1.0881885473447266,0.6821776138384672,1.1332184774527034,0.9533918476002206,1.09074020601055,0.8609144649024868,0.7476021758646078,0.6901514818253901,0.7011227335412498,0.6844909619137056,0.7735449928578595,0.7692671541976809,0.597294512346837,0.5671528837690538,0.7041956898369021,0.3408688736555951,0.4051438104021048,0.5512859358683845,0.6077542400891293,0.5269266251492774,0.5755629460691004,0.5119513234578862,0.3099564778748028,0.3850803691084013,0.4558552887970484,-0.9090502953498268,-0.97791624662799,-1.3478958302243975,-0.3377596628999036,-1.898646609443562,-0.4228507771722926,-1.319863850683359,-0.9543735908964188,-0.8470765570631044,-1.1577123842604924,0.2945979054203227,-0.0599368109549386,0.0646872996526557,0.0991235077700716,-0.1267902760487747,0.2572225053863431,0.0232172542029002,0.2314061440716714,0.0563001788561274,-0.0486482823831792,-0.4794566550777507,-0.5340092240998154,-0.3129195724252589,-0.792844963957201,-0.7150610541243055,-0.5359292780811576,-0.5525838230063601,-0.4172222403637395,-0.3924402295383776,-0.4815131032955749,-0.1623893091003729,-0.2458701829548016,-0.4212826617928659,-0.3419994643880156,-0.3827046740764022,-0.276660615617127,-0.1369298351975886,-0.2360357745850762,-0.3306844323784437,-0.1903089104529903
-0.3623080626535671,-0.2183772584378246,-0.265676995086698,-0.4585582223345512,-0.4261868799995063,-0.3054058046704683,-0.4550602348356861,-0.4294669769165544,-0.3683832890764219,-0.4581344441000299,1.2981322984953914,1.159490315490497,1.1080321774682036,1.8020025394012065,1.189317584035805,1.1170052786109428,0.6959660024394007,1.1574188745660334,0.9876581905115124,1.1084693475324618,0.8867078812912692,0.7708262015569535,0.7148673128049248,0.7164622324906289,0.7122312616630162,0.7941652469496091,0.7935526448175666,0.6178186524364024,0.5861573154684958,0.7174261290662577,0.350821983141302,0.3864184532493795,0.5568496291432466,0.6061874555091414,0.5306922194882776,0.605449145095029,0.5228269624469833,0.2360017774726203,0.4001701184480475,0.4646076616252885,-0.9323591592418478,-1.0116948165319406,-1.366766576171555,-0.3752026306761049,-1.894987869859416,-0.4432248433277785,-1.3523999926525712,-0.9721119321525264,-0.8437779726702235,-1.1732676738507215,0.248248048591683,-0.0612324744381952,0.1112165550639465,0.0194919589524036,-0.1661314673384058,0.2195383623260612,-0.0340306089249046,0.2261461413397305,0.0290227438657041,-0.0442028407124659,-0.4515194126574333,-0.6010992482214013,-0.3812744215995131,-0.687685623223217,-0.6477629120178016,-0.6142175368642098,-0.6025547501653358,-0.4240720436250509,-0.4596306363564355,-0.5486939065383486,-0.128089522861173,-0.2650946159611285,-0.4470751932768099,-0.4269755718043858,-0.2715596862902383,-0.2936241800527769,-0.0402807788855541,-0.2035681712847711,-0.5439002716405248,-0.3273657689216505
-0.3996064674466668,-0.1842073392191971,-0.3136011001320153,-0.504563107165934,-0.4020323370218828,-0.3575639138768438,-0.476874095075821,-0.3903273536599166,-0.3422580083154932,-0.4706672877926025,1.3396034764673086,1.1880754416759896,1.1371689379264731,1.836247598103537,1.2227342191640658,1.145052644645612,0.7119436236364634,1.180042006140395,1.0232609603071503,1.122358226601826,0.915476083259082,0.7961543696717408,0.7394912053253094,0.7339000925208585,0.7410700517425128,0.8123285749028323,0.8194773782123405,0.6379735917101227,0.6080443388304128,0.7269507329916373,0.3546972065932191,0.3610509269038851,0.5561799756869682,0.607959012286734,0.5351576021359109,0.6305729541775899,0.5363913298175408,0.1647732912326705,0.4115585793127628,0.4802373825403155,-0.950493873142011,-1.04393034950234,-1.3924361602287116,-0.4007350954057918,-1.8928498000429128,-0.4583043863095185,-1.3866020576942322,-0.9895642009545548,-0.8446477622720152,-1.18418566118277,0.2090360786896502,-0.0576250486464938,0.1455191823501405,-0.0438186463956926,-0.2141349243465386,0.1719568126203959,-0.085800992680386,0.2055974668776575,-0.0074522196813964,-0.0210440552132292,-0.4423917714054262,-0.6525080720896256,-0.474215304452416,-0.5932787171575016,-0.5594943578283358,-0.6883498141769703,-0.6450672226923565,-0.4363713721378936,-0.4936415280423423,-0.6069298161049475,-0.1295877089955194,-0.2854348189281457,-0.4534227925515061,-0.4957470045264406,-0.1725871058624312,-0.3178777586085423,0.0554022722234863,-0.1898906565717953,-0.7126652798732801,-0.4440900541775203
-0.4323381929855953,-0.1504707390539074,-0.373364165431235,-0.540743315435438,-0.3906988034060855,-0.3965381835763385,-0.4696033855066562,-0.3592824791314438,-0.3155564150861568,-0.4684482003654366,1.3838977037223663,1.2160116972983286,1.1749154670228248,1.86839965233782,1.2585024124565611,1.1712259963864466,0.7337193111461056,1.2032412486478994,1.0578007773339728,1.135839793731091,0.9475542530482516,0.8227658776069093,0.7615805342014177,0.7527354966261208,0.7691711131340512,0.8278860079161401,0.8489932682025332,0.6567253187371362,0.6343085707344881,0.7338264594508188,0.3554563351516715,0.336930295048969,0.5481139970041446,0.6067897077304109,0.5376361292607668,0.6419202744930893,0.5503017114182456,0.1068666989493586,0.4194540674961595,0.5053362632431831,-0.96650313439669,-1.0734926027056957,-1.4246372977062811,-0.4135403529208313,-1.891710064312256,-0.4678206275532918,-1.4199364436001751,-1.0038134025424144,-0.8492968542131449,-1.190615058557105,0.1739312786612869,-0.0531201071345957,0.16326080933315,-0.0889072393209308,-0.2674974460652277,0.1291527210543522,-0.1280173639884993,0.1677742125814435,-0.0456933117106635,0.0111144284872518,-0.4470728986254382,-0.6938298296473968,-0.5695805083495403,-0.5379084374993263,-0.4766994829761575,-0.743266175884426,-0.6707168584790025,-0.4623607007091812,-0.4915619065527953,-0.6432488121744413,-0.1681903611323599,-0.3049801751809066,-0.4409674601971616,-0.5321810497751261,-0.1124667805037531,-0.3453177701104146,0.1216920175283969,-0.1990855788186879,-0.8000725771104005,-0.5079246414772742
-0.4528968692879084,-0.1291775615922283,-0.4313835435695873,-0.5578941277238051,-0.3955662408136542,-0.414478373198869,-0.4369819955179966,-0.346003607309413,-0.2939919551213086,-0.455511454241329,1.430903549231638,1.2433273917872425,1.21947390879376,1.8963263762529776,1.2961244525388078,1.196253046927673,0.763287420646661,1.2292653711907937,1.0895536545778022,1.1533170179078138,0.98339367460606,0.8506906784345194,0.7795906743186805,0.7721588035462043,0.7958589525599955,0.8420695149808737,0.8830807144346797,0.6739314546272165,0.6644801104303493,0.7398225226712511,0.3568949316413211,0.3204548355331524,0.5341491832862878,0.5994029367570503,0.5370463417181259,0.637022226507285,0.5611089788375622,0.0735262804200755,0.4272291987127797,0.5364850667688993,-0.9843357489930188,-1.0996929319912323,-1.4596082024912314,-0.4190924282120925,-1.8910866291270283,-0.4719389274876518,-1.4484850157817335,-1.012623943281128,-0.8547712835112381,-1.194037296636122,0.1371690630246156,-0.0499099389443813,0.1658213701826111,-0.118681970519737,-0.3195907195821833,0.1015832938548565,-0.1582741599087885,0.1158749170635575,-0.0796640974351954,0.0417541378292412,-0.4574167892584889,-0.7265880715052636,-0.6428532202444206,-0.5384454884710893,-0.4217727714022025,-0.7722980446724154,-0.6744253652325791,-0.5116468853499305,-0.4641919875015147,-0.6490784541056644,-0.2347167718863215,-0.3242814514558491,-0.412815046880859,-0.5301659727449688,-0.1059750412969821,-0.3655352690889774,0.126318097818046,-0.2304781449412981,-0.7937398496635101,-0.5051490341435602
-0.4565239714031852,-0.1292263909901473,-0.4747687341173657,-0.5521618051380832,-0.4157943312388442,-0.4108235420486342,-0.3910198520396445,-0.3550642093643697,-0.2818281036036854,-0.4368898728920877,1.4792997877663043,1.2711758810982696,1.2664519985269929,1.918916223317474,1.3337895287822,1.2226618650963588,0.800033426780123,1.2589846072319475,1.1173887816529915,1.177726974227216,1.0232581667500158,0.8809069666322721,0.7938706646066452,0.7912388738653187,0.8211026772495256,0.8576751020428385,0.9206400208239024,0.6905484668423549,0.6964255071999238,0.7472615557274422,0.3609938841490703,0.3145642458794138,0.5171737301785717,0.586971111814931,0.5355685019837968,0.6214507250326865,0.5666401463643571,0.0744711065252965,0.4385446607240816,0.5655242498485992,-1.0059725757389295,-1.122223981498448,-1.4910149413400735,-0.4254026444931593,-1.8910510173943649,-0.4726813427259726,-1.4695227495559189,-1.0154188690843922,-0.8572279155382039,-1.1971658005155617,0.0941856319292131,-0.0485967212804289,0.1598981626698202,-0.1377102150660978,-0.3632421709364796,0.0916209569654473,-0.1768132454821167,0.0557428203058171,-0.1085989408610441,0.0631167732758211,-0.4674840864968043,-0.74783101762242,-0.6780669918524052,-0.5943568393075438,-0.408776401432751,-0.7775441465430313,-0.6587003286578,-0.5883184213158817,-0.4295117988540353,-0.6255665321078823,-0.3122158934498434,-0.3431580156035644,-0.3742489406793257,-0.4945495740847127,-0.1541475527990941,-0.3677054780295086,0.0473671711718108,-0.2789106243291686,-0.7117181792067482,-0.4431325688136208
-0.4429056143932413,-0.1534968340162082,-0.4945695644027275,-0.526309528209615,-0.4471776575174632,-0.3921754883189363,-0.3481366349532791,-0.3851401951076549,-0.2817828624173951,-0.4170310825751345,1.5267926123388047,1.3017208338764297,1.3114617602861938,1.935715339519943,1.3687611635380554,1.253153324658011,0.8405446533425195,1.2913265536382208,1.1403824251075942,1.209034217019562,1.066566364253588,0.9144601976273814,0.8068280324693484,0.8089195933933974,0.8448688969694081,0.8778999717981006,0.9588438820455834,0.7080597987853142,0.7277684309699972,0.7585808716182397,0.3674084944150612,0.3187965142959456,0.5010856313621292,0.5737111390039229,0.537338896820395,0.6052150713212848,0.5677810499332084,0.1137779878630461,0.4541699912901569,0.5843953363497132,-1.0298217881980634,-1.1410930986541843,-1.5133335714142322,-0.4383041822775451,-1.891373877526842,-0.4740584657924248,-1.4837369664222568,-1.0136311203870405,-0.8544346305951384,-1.2023175240757225,0.0440846663092826,-0.0499385132166518,0.1538163686219074,-0.1500533819296581,-0.3945104977826227,0.0942446349350449,-0.1873422950060696,-0.007932120582328,-0.1369288573558181,0.0709150202106852,-0.4757122038004098,-0.753758808797163,-0.673874159260734,-0.6882657805308132,-0.4417778782023704,-0.767109451688605,-0.635201960019887,-0.686459760769048,-0.4050339996863615,-0.5850940710524757,-0.3810218935942809,-0.3584519293468973,-0.332777878969804,-0.4386839992136457,-0.2453543652716085,-0.3478832423506535,-0.1131090264987016,-0.3356769300923427,-0.5963911423418874,-0.3450702745046676
-0.4167876821349673,-0.1980137711201434,-0.4881303554074144,-0.4888956790303732,-0.483405665815955,-0.3694519120326855,-0.3238480465994591,-0.4295357235181454,-0.2949278321046503,-0.3996081231395531,1.5712989406144036,1.3368537420935256,1.3525117032019038,1.946041203551615,1.3989877480654418,1.2885621322983385,0.8796745749550677,1.324192101147731,1.1578102414751117,1.2447286377596372,1.111660360820324,0.9512269380144296,0.8218612842175627,0.8245224491015168,0.8671178258997311,0.9044735992765008,0.9947395398040162,0.7277573717764498,0.7572739051481328,0.7753231432121003,0.3750095143218139,0.3301326314658371,0.4909157451540942,0.5641587311236083,0.5453998380828232,0.5968993878691086,0.5680476840019125,0.1861620505293759,0.4712815935726169,0.5902099387159251,-1.051835617597019,-1.1567147982344586,-1.5252075587209233,-0.4590327563210187,-1.890765132627338,-0.4798748997554102,-1.495041973197028,-1.010115060382733,-0.8471184066408537,-1.2098956468153874,-0.0106163818050965,-0.0561131047432936,0.1527953483381026,-0.1589880831935452,-0.4147931488189831,0.1006725464558049,-0.1963683188411116,-0.0734719320740875,-0.1702545333019407,0.0630559667251552,-0.4835308235772969,-0.7439721577668079,-0.6422886498067044,-0.7933631873153988,-0.5144912914132799,-0.7513986659527299,-0.6223325082162322,-0.7904889559735453,-0.4028288169460235,-0.5468166074733116,-0.4247749996683364,-0.3645228883285134,-0.2979421183982673,-0.3800186333070594,-0.3578212644004186,-0.3130631605490186,-0.3238483595134886,-0.3899224903837522,-0.4976952414451746,-0.2406490291699957
-0.3872028798284718,-0.2533715019574351,-0.459875918039388,-0.4516974870700116,-0.5174221783953998,-0.3536985435542485,-0.3280652337976227,-0.4778951873726897,-0.3201336172203805,-0.3881707395537471,1.612080253810913,1.3765513730146146,1.3904570997958416,1.9487875437861624,1.42467833535478,1.3271015291727857,0.9127549465832974,1.356113273514835,1.1697697791787198,1.2817754054680013,1.1564644365348906,0.9893938741910072,0.8415882519850412,0.8385486281520591,0.8883245801039015,0.936524558695114,1.0268808280616102,0.7504258610226218,0.7852365691284474,0.797108609047928,0.3834171174352131,0.3436627662459455,0.4918419790542754,0.5610689342788832,0.5594937380804845,0.5997113995703482,0.5711164409153996,0.2768024962313428,0.4856584116053397,0.5868674228317026,-1.0685314030070108,-1.1700808428696874,-1.52999243261041,-0.4849508166192727,-1.8876660065158768,-0.4906093269807757,-1.5077760794649664,-1.007833906743847,-0.8379999688007963,-1.2185838075530038,-0.0659563907992795,-0.0698997218161151,0.1563620904997232,-0.167541796482867,-0.4293860471758146,0.1020313533725994,-0.2106685109173209,-0.1405959944314986,-0.2101463320166617,0.0386216540651715,-0.4932619340103376,-0.7237085611221349,-0.6022324229711555,-0.8837771676002101,-0.6110313288949056,-0.7397037278164921,-0.6388960468891888,-0.8795004478658099,-0.4282884331118586,-0.52846793592253,-0.4354086398091582,-0.3563344990335122,-0.279990866278321,-0.335246347856233,-0.4633608301920253,-0.2791155466701589,-0.5318699616971245,-0.4305899004363733,-0.4525140056375351,-0.1571175190019947
-0.3652809679575294,-0.3076991708908229,-0.4203219910116645,-0.4263253975823342,-0.5429268317614048,-0.3525086659580869,-0.362582067434555,-0.5188122448592832,-0.353350509683514,-0.3863546234353288,1.6498474105315637,1.4182800669041715,1.4273842902722629,1.9432453684373632,1.448447681332237,1.3655835957703228,0.9379282578386008,1.3872500467060862,1.1778814496134686,1.3184116246783744,1.1996012582116449,1.0262336551613214,0.8665517664162884,0.8529405995167828,0.9097272336766088,0.9711466497778268,1.0558174740569226,0.7763769407470074,0.8128486593167469,0.8215805777326303,0.3927165688491711,0.3534034436110888,0.5064675847988567,0.5647027404086756,0.5763701438257093,0.6116266212143416,0.5782709850389339,0.3659637553721589,0.4946371136441319,0.5821998787413789,-1.0794945665204272,-1.1827361894653547,-1.5329566314501455,-0.5117618431595129,-1.8822729944076948,-0.5021790561943656,-1.5233618114923893,-1.0085282147644636,-0.82929491350122,-1.227030565339264,-0.1182390901903181,-0.092271858463421,0.1594457909958851,-0.1783053891340234,-0.4433740960337617,0.0912417889189939,-0.2341381119941831,-0.2069295548658712,-0.2514919230192469,-0.0016373704226157,-0.5080305735247626,-0.703477844870732,-0.5723454294524248,-0.9425730129035956,-0.7089680713763704,-0.7376077945531413,-0.6967373915664865,-0.9330603988150789,-0.4810190428408174,-0.5395135437625531,-0.4150965449720307,-0.3333437265405336,-0.286986987085382,-0.3161558430065104,-0.5329269521701786,-0.2634090039905908,-0.6807035793473472,-0.4489801238174974,-0.4698382853102811,-0.1137917931165681
-0.3610280440394865,-0.3499700884641848,-0.383590019596868,-0.421188327947675,-0.5559198664965025,-0.3683593700794737,-0.4211118143330155,-0.5428995953179362,-0.3876101700136645,-0.3967851130464863,1.6858147210852517,1.458170582364154,1.4644664467306732,1.9300175551744765,1.4737989136772294,1.4016403708472358,0.9570630988810156,1.4189945470856715,1.1851277155707145,1.354545475355644,1.2409861186975384,1.059681136073931,0.8952887365044235,0.8702172723347915,0.9327635584769558,1.0052599973377283,1.0833030264782957,0.8053878442008304,0.8413147079450236,0.8457022592256287,0.4017770374102326,0.3540903099902988,0.5320454309558226,0.5729515657247906,0.5920303932835963,0.6283961262759075,0.5878954760030658,0.4363548713185858,0.4983418332182121,0.5830610591226596,-1.0874100404108469,-1.1963271074526682,-1.5374234203646486,-0.5351914873746387,-1.877749796622356,-0.508203466428257,-1.539203623573548,-1.0120547485324762,-0.8207812302092997,-1.2351862798076292,-0.1645347809571552,-0.1207036064947036,0.1560183167441078,-0.1922519920196164,-0.4580580040859024,0.0634252099945704,-0.2661216447441557,-0.2661016008624118,-0.2845037819697737,-0.0540360455221879,-0.533254584355051,-0.6967371952542164,-0.566266214190612,-0.9644562257862096,-0.7855262438196584,-0.7461083685748306,-0.7960905417526017,-0.9365684143063912,-0.5557294719181956,-0.5796858117004897,-0.3743689552683065,-0.3019412699500782,-0.3211348381246593,-0.326988120923981,-0.5440212058567955,-0.276044465570116,-0.7316020645275308,-0.4414859525720637,-0.5289791122713466,-0.1203735007064637
-0.3798697397272885,-0.3726032915966034,-0.3637922952087969,-0.4396434651288264,-0.5557785813543877,-0.3989041977601939,-0.4912766792554135,-0.5456030667503383,-0.4144658156093587,-0.4191766041538272,1.720613188798238,1.4932307518828734,1.50104346154982,1.91085002056232,1.5030492020003214,1.4351731409726254,0.974375106289529,1.4527444787570372,1.1944220843456403,1.3908203013477525,1.281339253205493,1.0894993375632698,0.9255925592150772,0.8918791027645196,0.9580624496540032,1.0373248364975691,1.111088967918485,0.8363718859029534,0.8714585178401185,0.8676147342972159,0.4074122745424678,0.3437451330925137,0.5604214146069392,0.581728660238237,0.6037464588734895,0.6463153162250411,0.5974041939773789,0.4790942378167527,0.4986863454781624,0.5920120966961139,-1.0957475185009249,-1.211826963084355,-1.5429737764400704,-0.5516530268146344,-1.878853765114127,-0.5045056000692499,-1.5508836250332894,-1.0166262510816375,-0.8100461211726023,-1.2438250306141847,-0.2026741300047514,-0.150178447461653,0.1427264562539053,-0.207752852242343,-0.4707673026535521,0.0163103172783064,-0.3025086196490161,-0.3097438811394823,-0.3003563818901255,-0.1116329731716218,-0.5767159331641989,-0.7160852994390217,-0.5905569452929098,-0.9541943892346144,-0.8254805464835128,-0.7634783470344189,-0.9254538738344964,-0.8857724651338926,-0.642799422745074,-0.6428406377611141,-0.3274944243477208,-0.27482284794953,-0.3763028444079936,-0.3638153876250182,-0.4883358681879096,-0.3142469713703472,-0.6781159850548728,-0.4113760622142323,-0.5914761359729194,-0.1774718917429431
-0.4201473865645791,-0.3728944753606537,-0.3707556821681267,-0.4794921603087996,-0.5453269522950368,-0.4383895103910359,-0.5578466603618214,-0.5287645263734588,-0.426717168287005,-0.4491891604268383,1.7539489321270376,1.5229628632998504,1.5353953291929638,1.887266667710194,1.5361615511133264,1.4680154050104854,0.9935107091038564,1.4889895074094717,1.2066344563665072,1.4274589155294355,1.321067248165135,1.117165873038375,0.9558931242609956,0.9172564596627046,0.9849421165945216,1.0676745473728064,1.1402465508512871,0.8672379103384108,0.903857897367516,0.8876767911484365,0.4059360740523664,0.325343094141915,0.5817944484770495,0.5859500057037285,0.6101975265200082,0.6627320691421811,0.6057924714862415,0.4950332533104918,0.4977712423156371,0.6073314832103163,-1.106099676212145,-1.2289398393487423,-1.546925701907041,-0.5588461907103605,-1.8885183985615623,-0.4925490247502374,-1.555912090782364,-1.0196689156956045,-0.794647374374731,-1.252793301396934,-0.231802223276851,-0.1765641053468778,0.1206123917840565,-0.2211435423181886,-0.4780420221904262,-0.0485359461570676,-0.3387968204037436,-0.3324276288485098,-0.2968976571913661,-0.1658156892513915,-0.6451629910065971,-0.7682201057835673,-0.6437875191097324,-0.923780898435622,-0.8269983629392811,-0.7892108624726614,-1.0651052476053824,-0.7902065332377404,-0.7299668879348695,-0.7222906619524705,-0.2874574527035997,-0.2669440230181044,-0.4387170602740738,-0.4161370847498316,-0.3766193247455111,-0.3624983208605065,-0.5474742402563563,-0.368397317258235,-0.6202034162874314,-0.2775797973387107
-0.4728237449042077,-0.3533245751716144,-0.4062365215708817,-0.533536943864974,-0.5298689555163679,-0.4793297018219313,-0.6067423774528126,-0.5001386683675465,-0.4213369733814486,-0.4792819687531059,1.7850443358035426,1.5492601137290865,1.5662269513205642,1.8591933225519828,1.571128008355621,1.5023273866715805,1.015176361918192,1.527298936303716,1.2195464715726847,1.4639487960887725,1.3595553361632586,1.1447218187544073,0.9857372418081446,0.9437621216898036,1.0119901537064788,1.0974660470621378,1.1712081418583469,0.8955834252657331,0.9389336600120498,0.9078993765259076,0.3961051322135467,0.3057331336550014,0.5901856860336133,0.5816317032035939,0.6102429064532966,0.6749422889230171,0.6144068263189852,0.4914086270624561,0.4974212965008897,0.6251120712816237,-1.1173162512364037,-1.2461921130416522,-1.5474287425013136,-0.5569722478826391,-1.9051435683084217,-0.4791245445166147,-1.5558996927998994,-1.018764790655248,-0.77432985317659,-1.2600627122763972,-0.2533845505231779,-0.1997813147666616,0.094656132662873,-0.2289703393836111,-0.4793110111546731,-0.1244578097669549,-0.3727631720737848,-0.3359493751691488,-0.2807891450650507,-0.209153815711083,-0.7389499418687397,-0.8490558592501584,-0.716248684759972,-0.8900653096108261,-0.8018554948498203,-0.826860555090896,-1.1922628965385076,-0.6739939520059065,-0.8059599163505333,-0.8132905149210502,-0.2626399731249901,-0.2892936351587821,-0.4913262726110134,-0.4703097666999246,-0.2377866286998931,-0.397993302354678,-0.3885638189472339,-0.3258713024904852,-0.5959061248870882,-0.4060529899308531
-0.5240244153519809,-0.3209262829284148,-0.462454171814077,-0.5910236369455225,-0.5156660001472322,-0.5140137904204496,-0.6290246114143503,-0.4709277397694048,-0.4011652113754472,-0.5013855097466092,1.813203809767916,1.5748950844259986,1.5935302208393003,1.8248959828703344,1.60531549110204,1.5391341807368062,1.037117150180452,1.566900532952712,1.2287297374338335,1.4996411030189791,1.395495699969785,1.1736397696685978,1.0152896470635608,0.9684082873179294,1.038273127279355,1.1273502751065347,1.2040150555645712,0.920187926583088,0.9765706249301572,0.9302726011982148,0.3807220133724525,0.2917591494439331,0.5867402678581011,0.5685134770577641,0.602432652941008,0.6796751913373028,0.6252520214464065,0.4767791307439664,0.4998539486519266,0.6411148724416694,-1.1269537610580973,-1.2617606130593133,-1.5453220630664803,-0.549715889196973,-1.9231220716663784,-0.4724769791076481,-1.555407173753883,-1.012299367481284,-0.751526404756451,-1.2630168693675488,-0.2713852703612847,-0.2241648256046955,0.0719358039882232,-0.2305713178180989,-0.4779047127650473,-0.2001568253080917,-0.404886077951702,-0.3296039625014966,-0.264844757383656,-0.237831492117948,-0.8487896573365443,-0.9422224028416334,-0.7915860063500061,-0.8719698122718936,-0.769699241258987,-0.8822363896909469,-1.2865026880587058,-0.5716099118271595,-0.8645184765580637,-0.9113545505352698,-0.2559746010280163,-0.3431707273727821,-0.5202062582991244,-0.5136815086471148,-0.1111561609116453,-0.3988801073017303,-0.2524828640401941,-0.2963759040361153,-0.5236417088911626,-0.5428471457928165
-0.559765564323169,-0.2857940385467759,-0.52425411259186,-0.6400253564936015,-0.5084320189880034,-0.5358091772835271,-0.6235163617577595,-0.4523389251300786,-0.3743957245877248,-0.5100068392970424,1.837962991814585,1.6019333033074712,1.6183233492321691,1.7823449919185357,1.6366052289713275,1.5779788032527815,1.0564085517777468,1.6071766050789322,1.229863153657179,1.534422262647565,1.427885906682452,1.2045137254754537,1.044650390516343,0.9894326338801032,1.0640616329507635,1.156973656091131,1.238273813751573,0.9422706417922232,1.0155753662686142,0.9553496528179022,0.36512975857671,0.2860119745027129,0.5784136224339408,0.5513745516658732,0.5864562846803861,0.6744266459571716,0.6385568676951474,0.457590413345901,0.5079271500902859,0.6514193656274189,-1.1335908624808453,-1.2745414687179637,-1.5433580960587738,-0.5433193412515464,-1.93643201547144,-0.4778281992467527,-1.5586311686687384,-0.9998481282547576,-0.7299387186388595,-1.2610725678120325,-0.2907130638459237,-0.2556476043835829,0.0592138623900885,-0.229240786009849,-0.4787109191302093,-0.2627617417813581,-0.4368221881334228,-0.3259967660023508,-0.2623982017970008,-0.2522866136459846,-0.9576808816916098,-1.0240074066948897,-0.8517641478448917,-0.8857507229884095,-0.7499598144640202,-0.956875252894499,-1.334630496326693,-0.5178780560493933,-0.9058936312725164,-1.0088846203466724,-0.2659045065577637,-0.4180715038547178,-0.5199588070358864,-0.5379343387697402,-0.0338197790838581,-0.3523567859237957,-0.174458387999471,-0.2878783265038738,-0.4273742700862311,-0.6657376904719221
-0.5709799040210406,-0.2588072705792794,-0.5744869894075639,-0.6705713741201302,-0.5121980382339948,-0.5403979584448451,-0.5968714140188192,-0.4524426507347114,-0.3519297056370432,-0.5042925269943688,1.8588992559766744,1.631127483504033,1.6418328718717683,1.7307914001091256,1.6636778576707263,1.6175042817917211,1.0721462501442187,1.6476680095787453,1.220830082488341,1.5686502390189363,1.4567320940578723,1.237424983291374,1.0737656728370415,1.0068947815693727,1.090371285594073,1.1854611973138574,1.272920956231346,0.96525344855693,1.053730537185645,0.9821512619314136,0.3535790567053106,0.2854730553193338,0.5730823601426142,0.5384026108481459,0.5652074018825121,0.6596176303489155,0.6520200016565678,0.4375455352151652,0.5237715299162556,0.652768950090997,-1.137959779137844,-1.2847547427173234,-1.5438849885997057,-0.5433392939941668,-1.942414579370857,-0.4955278056390778,-1.5667989395299482,-0.9825562112145536,-0.7125364689937761,-1.257091497043784,-0.3146940940083129,-0.2978891401495796,0.0603999775087023,-0.2312947056242449,-0.4847104990204314,-0.3025046009115516,-0.4699123594316221,-0.3351816973117631,-0.281941486439383,-0.2560789168731527,-1.0472827693865734,-1.0741519647112214,-0.8844643635068219,-0.9390002228924346,-0.7561181327432939,-1.0415752696025666,-1.333891277437625,-0.5352545228432498,-0.9344026829435628,-1.0939621680409946,-0.287866839694682,-0.4948798245998913,-0.4953841611757646,-0.5405377865085084,-0.0281188061223067,-0.2604079976488833,-0.1643276179472558,-0.3017467894868481,-0.3367080060143413,-0.7547182972212286
-0.5566613236308657,-0.2488883433133708,-0.6004993211410797,-0.677687877046535,-0.5286296289579948,-0.527008116860229,-0.561082696346806,-0.4741716890393662,-0.3437339473385556,-0.4883740363905274,1.875538022123876,1.662217388568108,1.6649659663762104,1.6712206976896904,1.6857518185130076,1.6561193460569343,1.0863383482214042,1.6876724073175589,1.2021964929788993,1.6024177686214385,1.4828213008196474,1.2722629462935129,1.1029038321687108,1.0220857616773729,1.1177312916972828,1.2121283333553292,1.3063367480552612,0.9928255543762284,1.0888057818423524,1.009268375934558,0.3464291788467245,0.2843016939815485,0.5747400632514156,0.5368382416933138,0.544897350184042,0.6393095570525372,0.6624861029388898,0.4185870794475552,0.5464907181294901,0.6437492105437795,-1.1420988886647212,-1.293658757562435,-1.547236197234105,-0.5510735258595185,-1.942720755074595,-0.5226441557014633,-1.5782224451461562,-0.9634709443794076,-0.7005433624921124,-1.2559301327252792,-0.3435148385950521,-0.3501108365108251,0.074376359887994,-0.2439257567854752,-0.4954596896686908,-0.3165318236817204,-0.5052287527618866,-0.3608786280708456,-0.3243363125350922,-0.254281337299185,-1.104790397338694,-1.0869833900936905,-0.8892010170352076,-1.0267155818696747,-0.7943200809046703,-1.1161929561804935,-1.292125036218811,-0.6243445133838649,-0.9538888812128348,-1.153173871406421,-0.3154631194348766,-0.5532282144223677,-0.4587081635338589,-0.5241804713916589,-0.0950541697546885,-0.1416627015663431,-0.2081109244836872,-0.3329667072557174,-0.2728066128946042,-0.7963167076752773
-0.5238889927313913,-0.2605300463545151,-0.5990144968783443,-0.663177847722608,-0.5567198179516817,-0.4993583237527069,-0.5296349904666027,-0.5147219780466982,-0.3557288982998301,-0.4701497826033061,1.8875497009638675,1.6942909866661673,1.6882919561369236,1.6054565099436078,1.7024329360171904,1.692246275839033,1.1023407488001806,1.725891157167469,1.176120583977091,1.634976243498518,1.5068342660304288,1.30860423356032,1.1329486801798452,1.0365421707099092,1.14531903175617,1.236665406573032,1.337082474502911,1.0266106783993103,1.119958098919584,1.0360482211634543,0.3405632867327794,0.2786077291443848,0.5820730730197262,0.54832308446841,0.5322530128622317,0.6192798351044028,0.6684649990881291,0.4017959571177309,0.5711174452918157,0.6264394196591209,-1.1475931413630225,-1.3025622979823597,-1.5520581564688938,-0.5625837566061759,-1.9409866970846048,-0.5559416756849654,-1.5904564132415189,-0.947303091983458,-0.693874720715209,-1.2611442292655202,-0.3749577305219756,-0.4078038077620561,0.0941091715971666,-0.2733059949295261,-0.5087935072796217,-0.309808023503703,-0.544649728094971,-0.4006273180772409,-0.3829886096486562,-0.252643427654775,-1.1264316905980816,-1.0756444530817777,-0.8780365900534445,-1.1326055831274744,-0.864526769468254,-1.157766214045461,-1.22444363480885,-0.7628315376574282,-0.9649435665176068,-1.176976820470473,-0.3414483632742726,-0.5794675834551763,-0.4240951675417529,-0.4950542177612471,-0.2169172598241378,-0.0282788279487213,-0.2780694544572866,-0.3720201764719902,-0.2401711018265659,-0.7864445125039093
-0.4850133029070339,-0.2924831924543845,-0.5773165794834572,-0.6353274657597655,-0.5927988244438291,-0.4656301598096688,-0.5137851423994674,-0.5663190711917226,-0.3882235169763464,-0.4589669146203446,1.8949553675720945,1.7256480804705436,1.712052226684002,1.5348729052820924,1.713857679405164,1.724377624614707,1.1221613341993235,1.760573380688249,1.1449540767420168,1.665035171689268,1.528670957534416,1.3454689552162291,1.164893487190551,1.051527346787116,1.1712631918796672,1.258795203736976,1.3648080497128274,1.0652186186377437,1.1484071533836635,1.0628421925025826,0.3327023255234257,0.2692597033553177,0.590807966589182,0.5671108905786789,0.5306825249935373,0.603702128388176,0.6711572535012011,0.3877049854038702,0.5905043460059779,0.6067710593789086,-1.1546558594277414,-1.3118479581008406,-1.5568284755128854,-0.5713638798471818,-1.9396253490597524,-0.5934488298625776,-1.6022714856367255,-0.93913281150326,-0.6921701325689428,-1.2726286537093436,-0.4068245899012241,-0.4651355816374534,0.1081028312307718,-0.3235151061968446,-0.5242852866833345,-0.293070443609123,-0.5910334592554148,-0.4487776799044629,-0.4462813796058269,-0.2574324263362955,-1.1166743747097985,-1.0659299489416398,-0.8697905121810622,-1.2355238386641716,-0.961156907578476,-1.152520339245516,-1.1479171453780992,-0.9137002801860384,-0.9663478113934604,-1.1642252188527311,-0.3592207640684209,-0.5714047889602486,-0.4024416410628028,-0.4612735090457524,-0.3673413735073001,0.0424028884644879,-0.3455482119124461,-0.4075547584736415,-0.227725826695556,-0.7310451777350607
-0.453445743918104,-0.3381044637548127,-0.5502180921376988,-0.6065268593122926,-0.6309767704557387,-0.4368390218916991,-0.5199352107958045,-0.6182132980578994,-0.4360869639396765,-0.4626827688516265,1.8979200665123728,1.7534904042714488,1.73579786149832,1.4598423508628418,1.7207195462944782,1.751388190814442,1.1447547253748172,1.790161316294265,1.110638839474667,1.691751973602079,1.54758250707656,1.3815118711525267,1.1988114044612252,1.068122046723214,1.1938483987209207,1.2780376055412406,1.3904814723669827,1.1053600560390022,1.176691655223535,1.0903070294198558,0.3227903092351275,0.2603966885270301,0.5973371350764861,0.5826830781535138,0.5384493817666306,0.5931038051485452,0.6731275492851393,0.3766369834099943,0.5994398712329467,0.5923141648182902,-1.162734636340406,-1.3207237066819155,-1.5608319812550149,-0.5726297848181893,-1.9385736634564272,-0.6336798289602443,-1.613701599652258,-0.9423454386046796,-0.6952469383039319,-1.2870950307071514,-0.4389775102347544,-0.5168717620366794,0.1043704247010511,-0.3957052989282622,-0.5455468677550575,-0.279424054738981,-0.6463208353520655,-0.4996506117554126,-0.5015341166862481,-0.2747026533061982,-1.0851493723516237,-1.08293108876554,-0.880908293936806,-1.3173469761204963,-1.0723018702054885,-1.1040615611828477,-1.0769955448256603,-1.0387652105464715,-0.959305367433695,-1.1232838403112275,-0.3650772994507708,-0.5379766196645239,-0.398766616332055,-0.4320545735133472,-0.5225268286505087,0.0399456184576783,-0.3909656414506319,-0.4289658775800929,-0.2179579448166091,-0.6446357534666944
-0.439775244805359,-0.387202691334449,-0.5341381927354212,-0.5895155851349188,-0.6642635451015837,-0.423762143445589,-0.5484977738841479,-0.6595506924121962,-0.4903659095388168,-0.4848088307872957,1.896095817312304,1.7742225510296636,1.7579726431707454,1.3801701362681893,1.723774000065642,1.773084398239162,1.166532730847154,1.8139003145148007,1.0748164392401536,1.7154458839530171,1.5628771190139088,1.4156939957404886,1.2332972918717624,1.08735722809447,1.2125527123476925,1.294040515777488,1.4155456742637385,1.1440150632494397,1.2069144867636197,1.1186302350046764,0.3145664015831597,0.2550781793654103,0.6006559246676368,0.5853291955495721,0.5501977698638835,0.5851254993619908,0.6760100230686609,0.3694213022723159,0.5980680648240053,0.5883901315838479,-1.171662785867974,-1.3278504398154192,-1.5637393434823343,-0.5659123937453407,-1.936668928058361,-0.6740603332393336,-1.6245929514176063,-0.9568919051506212,-0.7026729775409993,-1.3007265667721115,-0.4732780609668505,-0.5587336110851762,0.0753763006769946,-0.4869261195759428,-0.5793435238779873,-0.2810526385011972,-0.7086789137429225,-0.5489738719775111,-0.539702833062457,-0.3082382225096482,-1.0436782613297164,-1.1382278979176312,-0.9182902491306116,-1.3678791295994843,-1.1794657839146228,-1.0326989775566164,-1.021596887278633,-1.111365533880899,-0.950081530626082,-1.0695389923807137,-0.3604522958020755,-0.4948185798692329,-0.4126090360958946,-0.4170459334291807,-0.6670522700070514,-0.0470298575171304,-0.4077722677545134,-0.4282884638635434,-0.198761217435002,-0.5473190105182626
-0.4493813900728711,-0.4288098359427422,-0.5408429771935734,-0.5933887656842236,-0.6864074965385841,-0.4335689379928275,-0.594321460024028,-0.6823832681330514,-0.5408591726432078,-0.5227970725773546,1.8880424620449257,1.7846897247565978,1.776148299769443,1.2958118322869243,1.723021059660724,1.7904292907240222,1.1835679963385417,1.8318167064156785,1.0387255318583009,1.7372531841487324,1.574461962031997,1.447801953816195,1.2660687397682442,1.109837669367388,1.2280700512199128,1.3071731124354842,1.4405639916535775,1.1799016870101973,1.2392361076138585,1.1474638569561997,0.3129328091008233,0.2520850993864702,0.6016995757889306,0.5711983315775123,0.5603083777192566,0.576976999230672,0.6794640519897244,0.3677379892894645,0.5918713633530942,0.5951949796151902,-1.1818686640466214,-1.332302135157462,-1.5646358074116364,-0.5543239815192713,-1.933786719795638,-0.7107920960116303,-1.6336313780433624,-0.9789725581388744,-0.7132286232567903,-1.3115749732981072,-0.5115784949819014,-0.5870405323987039,0.0211890444165358,-0.5892380275284723,-0.631917022179175,-0.3064517854842112,-0.7712908644960429,-0.5936233787658414,-0.5593214277184252,-0.3571851352742641,-1.0040412835365753,-1.2246285245049358,-0.9777250137272752,-1.3850248208759242,-1.260364569830673,-0.9668444305045764,-0.9874143465997176,-1.1236109983219558,-0.9475876921574292,-1.020994398447577,-0.3526546412884492,-0.4584086394626096,-0.4401969950551813,-0.4247405942379093,-0.7921184508286365,-0.2036554204486864,-0.4003402864518012,-0.4014182860955146,-0.1714121010669733,-0.4608374878965301
-0.4817732744324059,-0.4542470148795088,-0.5734257324134243,-0.6206542102619348,-0.6939474157799104,-0.4675686436401748,-0.6484059539567454,-0.683872801753722,-0.578916489285386,-0.5684317315300755,1.871451761059528,1.7837515636444088,1.78808397830879,1.207074639182912,1.7173033173879906,1.8049270281604173,1.1937535404376924,1.8440569075759945,1.0023817820152678,1.757983527416481,1.5827285205914858,1.47814158885489,1.2953127005408671,1.135018782679449,1.2414700210712564,1.3186194672216556,1.4644581052490278,1.2132643790033393,1.2717095192148498,1.1764974559876094,0.3204140600061577,0.2468479040964376,0.6015874765974253,0.5438485054074124,0.5653030612175299,0.5671513419490513,0.6822014320546662,0.3730677489745064,0.5880989389268174,0.6081503346188829,-1.19330668020321,-1.334126680690061,-1.5620100910748598,-0.5418213307066336,-1.931374647821247,-0.7407254267549278,-1.639178246019428,-1.0023717382635482,-0.7251501565900639,-1.3198006520509604,-0.5536348194961197,-0.5991933233082862,-0.051210581075081,-0.6906044415028508,-0.7049268552290228,-0.3581888679883548,-0.8244761628141303,-0.6308654627053116,-0.5675657716795436,-0.4154592069668457,-0.9757825134124456,-1.320447348726111,-1.0475153165725917,-1.3721037041975028,-1.2951349662300031,-0.9318699161726378,-0.9762243718976178,-1.0868620856568534,-0.956891039466154,-0.9937724645190704,-0.3530673454980754,-0.4413328354377969,-0.4767757367540188,-0.4598321944061733,-0.8899737699687303,-0.3908326056495371,-0.3781476924179129,-0.3492877684521799,-0.1506095735407185,-0.4040839852163084
-0.5312018007586199,-0.4598208578727971,-0.6259901854303591,-0.6663902752449098,-0.6875573654286162,-0.5207945538030094,-0.7002760549641005,-0.6670019544596718,-0.5996244391046078,-0.6104682189038754,1.84438117489514,1.7730631380311677,1.7928556253748211,1.1142652969020903,1.7048649103551137,1.8173571069465289,1.1974055518455489,1.85024347998219,0.963716714827633,1.777276243634392,1.587944651879632,1.5064812492436657,1.3206071580795442,1.1609286378359858,1.253417229457366,1.3296218388594316,1.4850233124671344,1.2444977424727233,1.3014875193644102,1.205902529851301,0.335411302010221,0.2356650358619514,0.6007889578238859,0.5118806240851778,0.5639318633893619,0.5552363294038267,0.6837299713257438,0.3845743740590131,0.5912790571789353,0.6211881778872959,-1.20431255190373,-1.3342454288518553,-1.555112547843091,-0.5311766913073888,-1.9308642822061208,-0.7635604445928073,-1.6411465225569328,-1.020633894287185,-0.7370682447395849,-1.3260337695964464,-0.5968275562226073,-0.5953612198782982,-0.1320152502193663,-0.7782520690436067,-0.7935524303072073,-0.4317528879369253,-0.8602312036243064,-0.6580071215054488,-0.5770643332474024,-0.474032156559601,-0.9640153465196888,-1.3997953474676748,-1.1137438037757863,-1.3355525302700366,-1.273458608963495,-0.9417873584928346,-0.9847696485620508,-1.0265255569887275,-0.9737755177967792,-0.9982470093730256,-0.3731415132725372,-0.4498941202697565,-0.518185479786058,-0.5207341628908209,-0.9508442662899916,-0.5573165141645954,-0.3496680835152608,-0.2794358658236469,-0.1571348621385792,-0.3887117970438515
-0.5880962602564299,-0.4483327360362626,-0.6867558354626737,-0.7198098610389656,-0.6720031408937998,-0.5832510808933857,-0.740349862843891,-0.6396582620142147,-0.6028754761638414,-0.6385536759440599,1.8067321649697865,1.7563174592958466,1.791029349573055,1.017501023104283,1.6845377418269811,1.8267907871672144,1.196182335000368,1.8494824385066264,0.9189138594181164,1.793873494573975,1.5897714256406517,1.5311796542739635,1.3426335731457244,1.1849120851229564,1.2641739494919992,1.34040562972204,1.500376409350596,1.273013704892267,1.326413270402548,1.2360199926349915,0.3530409600809726,0.2193221860318037,0.5996475168505369,0.4846677983015257,0.5560103214493691,0.5408830394795059,0.68482787004881,0.3978790411287986,0.6009520476194632,0.6303070985195385,-1.2118525400222906,-1.3339970144494293,-1.5454084980673863,-0.5240640523160779,-1.9316884182065,-0.7821369325535572,-1.641840190199462,-1.0288708581381931,-0.7485516788118549,-1.3298346325348644,-0.6379012198144063,-0.5799430904186161,-0.2132754827357705,-0.8432235147835079,-0.8876566058849281,-0.5164849438389202,-0.8763457466420079,-0.6725540244078991,-0.5994439922857093,-0.5249679376682556,-0.9686607499778616,-1.4428349286972642,-1.1638309136609644,-1.2843777106497702,-1.1990428692818067,-0.9959519542893543,-1.0035715705973287,-0.9729345233018843,-0.9854368530569388,-1.0358147464047094,-0.4197067691006423,-0.4839597699911024,-0.561599632727333,-0.5988897390941145,-0.9658678041757296,-0.6580096643180029,-0.3190160608119756,-0.2072536731893892,-0.207445708318293,-0.4161114913277322
-0.6412385514322082,-0.4286610642976907,-0.7427622567184565,-0.7676250796245002,-0.6547563882064155,-0.6423474076038554,-0.7619558340656594,-0.6124168198768305,-0.5932877629815627,-0.6467809772437964,1.760695030063349,1.7372681630890403,1.783626020413754,0.9172928439247626,1.6564829752233274,1.8307990261827545,1.1914548321875376,1.8409400905624,0.8643665347694347,1.8066991849675007,1.587388614598037,1.5495286874116914,1.362048057899059,1.2050431053064294,1.2741954308179215,1.349770992538621,1.5102214967687282,1.2973660588531544,1.3458939738440647,1.2664657211032542,0.3672957083722842,0.2028327754212998,0.5989962883706477,0.4686978424461085,0.5419843791267362,0.5236130982271542,0.6863244910663379,0.4065196366626774,0.6127249141470212,0.6347374783315606,-1.2133372395030118,-1.3346959977194903,-1.5364173255411295,-0.5222508005057641,-1.9310555410276693,-0.8002544190743084,-1.6445444176373532,-1.0245197136840098,-0.7593897564984885,-1.3298523421337904,-0.6751192291157049,-0.5609196591216887,-0.2912324083585926,-0.8835662112005577,-0.974995854414437,-0.5989031748481584,-0.8775754888264988,-0.6727523255747435,-0.6391129406563038,-0.5646680050891747,-0.986417628943261,-1.441436009703975,-1.1878428456869294,-1.2298688425604252,-1.0894032566674177,-1.0801075856771754,-1.0187577069048854,-0.9503980941217086,-0.977929644241615,-1.0969413170039772,-0.4913951300792873,-0.5382255148661418,-0.6056258007851597,-0.6806612362573561,-0.9338883714821796,-0.6712019057942871,-0.2868120110088628,-0.1550281781434873,-0.3054244802959885,-0.4772196672450474
-0.680570625731547,-0.4132643512136582,-0.7838994147171202,-0.7980508744959025,-0.6438576669604539,-0.6861209676487086,-0.76288476372919,-0.5956302168866165,-0.5791020203917449,-0.6353950334386339,1.709545900528154,1.7177676822585597,1.7707557960391085,0.8155729571883014,1.6216669194303002,1.8268219719508785,1.1833384827842357,1.824311167337698,0.799188767916597,1.8156369678398507,1.58008172006143,1.5594080284364742,1.3786594954698896,1.2211514917460844,1.2844385052518463,1.3558666829485055,1.5159603134447177,1.3164268887283035,1.3607383650089588,1.2954957535794744,0.3729494029881584,0.1916451755926008,0.5996580952597359,0.4657410092255801,0.5238554636051473,0.5037279582283587,0.6877074945186035,0.4056317430585817,0.6211354214556029,0.6354516017717307,-1.2085761545794709,-1.337257239375343,-1.5316014025899134,-0.5278300753767381,-1.9258808934852565,-0.8197644904588501,-1.6508777605215192,-1.007343814563751,-0.7681522815535334,-1.3253177922540282,-0.7089342676922963,-0.5467770337876648,-0.3654492579181093,-0.9042876791487976,-1.0447704420145452,-0.6672042803465235,-0.8734609784122515,-0.6586683715010596,-0.6911961388325503,-0.5944210672187126,-1.0144804796869376,-1.39934658069761,-1.1794072141129357,-1.1834599487285795,-0.971526486641319,-1.1703760703770585,-1.0182014413568328,-0.9676397954201744,-0.94570096528111,-1.162233229056636,-0.5775642785164635,-0.6039679679400081,-0.6499126105765983,-0.7512478593329335,-0.8663362059996947,-0.6074936821345005,-0.254362998421954,-0.1471049439378948,-0.4397912972044596,-0.5557007417215791
-0.700018873989062,-0.4142699368848179,-0.804885229231608,-0.8042395012913875,-0.6457426788455024,-0.7066404579846491,-0.7462747662281766,-0.596636218975667,-0.5701410642716997,-0.6101286192587065,1.6555705240829173,1.6970484870443734,1.751179212926804,0.7160447543543458,1.5804308049138336,1.8136440498803044,1.1706988157309972,1.7997066017888352,0.726461275689759,1.821223895574344,1.5676376745722955,1.561075237480482,1.391701832136864,1.2346829626214166,1.2957517766016733,1.3576241235879936,1.519646477357549,1.3304827546532212,1.3724882787760375,1.320353681505218,0.3667585012943304,0.1877555288867399,0.6012185312160563,0.4726016293564114,0.5061306220502161,0.4830045264327658,0.6872323516210986,0.3951078544661582,0.6219746498000153,0.6331618317035822,-1.2001038856478974,-1.341792267396674,-1.5318677513265484,-0.5416161961652273,-1.9151153238722287,-0.839385944873365,-1.659337524294201,-0.9794049073576884,-0.7716416135916243,-1.3170875071737194,-0.7407433569516192,-0.5429089063213005,-0.4363234217391829,-0.9143256715653876,-1.0904188158504846,-0.7146977180500075,-0.8744467854559266,-0.6337974545810929,-0.7449728287207054,-0.618406448896981,-1.052806018920089,-1.3289048748648278,-1.1378998011493509,-1.1528658235391445,-0.8754157770157084,-1.239237307911842,-0.9990467936004944,-1.0139126082994565,-0.8966441851933107,-1.2079885760575757,-0.660449221077032,-0.6707326583945777,-0.6944136302334962,-0.7991269974143215,-0.7855839924109448,-0.5064263530635815,-0.2280989459318022,-0.2015203785536063,-0.5878858826061899,-0.6334083775356988
-0.6993338954629654,-0.4393854553882113,-0.8052823383330138,-0.7862347213653197,-0.6636752748732879,-0.7025204361718803,-0.7204651472424469,-0.6179079058392921,-0.5751067963574776,-0.5798481181133448,1.5986974348176122,1.6725373144430633,1.723248304532332,0.6230567790360834,1.5315410023153266,1.7918247959250777,1.1516778205134384,1.7672196655678134,0.6521659205628625,1.8235445960630887,1.5501201335358537,1.5574901786919972,1.4008605207451583,1.2475985550213533,1.3077021576942272,1.3556390060238426,1.5227422205519872,1.3412685559077775,1.3828989758301995,1.3385118901463116,0.3484014597408758,0.1888801693902967,0.6016158175128381,0.4819887587688862,0.4949529199036219,0.4639341203763318,0.6835289484931215,0.3795401606124751,0.6131091912323535,0.6279673115987844,-1.191428212984318,-1.3472932852745187,-1.5348105705978712,-0.5609772861024638,-1.900325767288912,-0.8561095978491831,-1.666590455636904,-0.9451580609423488,-0.7662353055994965,-1.3070379896602409,-0.7711069765040037,-0.5500737991364654,-0.5033018330028421,-0.9225913102201077,-1.1112830431598433,-0.7405645867798265,-0.8884984519879331,-0.6062276941463614,-0.7903542205914436,-0.6409940451386187,-1.1023469833410064,-1.2467721989740583,-1.0712090278128168,-1.1391038607273267,-0.8269673558243181,-1.2623492639626417,-0.9710271719288976,-1.063884127243104,-0.8490851946115989,-1.2152328810301678,-0.720362790131921,-0.7279441305912042,-0.7386354784851782,-0.8193675498877109,-0.7167908044606429,-0.42162551325461,-0.2206496343079381,-0.3213011821066532,-0.7238896701157039,-0.6958574154104349
-0.6841209592487383,-0.4890454096259921,-0.788551550029056,-0.7509918213754582,-0.6971634632048505,-0.6794695566896746,-0.6974668716196406,-0.6566369116491834,-0.5989413973663236,-0.5538418508790346,1.5368553349428502,1.641420511164282,1.6864366447348238,0.5395134484971087,1.4728622929134263,1.7628569367373983,1.124316431097777,1.7267746936842987,0.5824706924393496,1.8213943229834788,1.527344430208331,1.5525863060168192,1.4069731832078118,1.2612581719619915,1.3179705699764952,1.3516462346835187,1.5256633992036768,1.350960160856722,1.3936533474492907,1.3489614624391812,0.3212785191428225,0.190773939859616,0.5984004609559299,0.4846636745710109,0.4950527532075475,0.4478269659195122,0.6771143135625498,0.3648452872576943,0.594604450273048,0.6205909729969569,-1.1846093311852317,-1.351717344044792,-1.5364100399913148,-0.5794594530000323,-1.884177087256374,-0.8677067967102328,-1.6705055869790977,-0.9109573952781324,-0.7502504907750412,-1.296451681350616,-0.799167354479256,-0.5657452515128744,-0.5648994270053319,-0.9352908520603852,-1.112781851381468,-0.7482365039744616,-0.9193785246354592,-0.5876478910860017,-0.8229690524240093,-0.6652073684210129,-1.1602264974093437,-1.1698211366994118,-0.9962440678543808,-1.1368453881565364,-0.8407653866060953,-1.2242303528864884,-0.9519287919121812,-1.0901239286427185,-0.8227026564828005,-1.178257355047158,-0.7425420019813885,-0.7666205715712884,-0.7813618385924564,-0.8147210397609017,-0.6775799226281354,-0.3997884594100129,-0.2468092241015256,-0.4901644797942396,-0.8278508799275323,-0.7355887231755016
-0.6639128623638259,-0.5559896631472723,-0.7610208774225203,-0.7104818297862673,-0.7422352346386074,-0.6485119241880881,-0.689964000481764,-0.7056968854177991,-0.6412190340942358,-0.5397909231227771,1.467637229782646,1.6018265892122274,1.642136076343404,0.465409526111987,1.4033315387511645,1.7278755565411137,1.0872680638617565,1.6784259898607572,0.5211965788306359,1.812590950307602,1.498754160090431,1.5486078107400068,1.4116831181549372,1.2760544130169194,1.3231807053813056,1.3469269616920336,1.5281885376250883,1.3610180518639108,1.4059168387676206,1.352700227133997,0.2924020837928093,0.190113015894613,0.590673139391141,0.4730186043539447,0.5063352323609546,0.4334966249549938,0.6703096602094152,0.3542960502637928,0.5691152012908492,0.6132185127535257,-1.1792299042861727,-1.3526248720665204,-1.533749150361618,-0.5894412754051596,-1.8685305509222985,-0.874038244997259,-1.672096692139832,-0.883294040144193,-0.7252575733448431,-1.28511566651033,-0.8235929337106913,-0.5866787510175345,-0.6199023995908642,-0.9553141362504732,-1.1045560623843025,-0.7431574582292843,-0.9663013638759756,-0.5893870387051376,-0.8449177096842617,-0.69278639653973,-1.2160966590668918,-1.1111746138456784,-0.9347532706519364,-1.1377567195412237,-0.9140569205018882,-1.1209693401680203,-0.9570447129480936,-1.07701937512112,-0.8293006240566386,-1.1078336593328622,-0.7231621311664362,-0.7811172638652438,-0.8212117988537794,-0.7942755381784096,-0.6711095218296841,-0.4618282292245025,-0.3160987665129557,-0.675827111905213,-0.8916876870843341,-0.7526878371184226
-0.6490321742653355,-0.6276971445487863,-0.7309907673960409,-0.6783263934418287,-0.79215633002238,-0.6225118744137635,-0.7073656522967586,-0.755510239281366,-0.696182563304508,-0.5426560647642336,1.389842698486219,1.553054250515413,1.5930014157283632,0.3982854685179678,1.3245595084879254,1.6870375232237191,1.0406529003478862,1.622662021170587,0.4689448382066976,1.7952999681320974,1.4639139669847188,1.5445220900636527,1.4163381072305157,1.2917260229979164,1.3208172973712684,1.3409581580054386,1.5299543765542951,1.371744299070334,1.4195666389266413,1.3522681859825716,0.270416397513103,0.1855131470258146,0.579728866362549,0.445028532686587,0.5228115950181742,0.4180366034028802,0.6655476076181868,0.347074948486845,0.5422191698252733,0.6084520584707358,-1.173537275298767,-1.3481217812760784,-1.526441096723886,-0.5864623861782148,-1.8539667716190984,-0.8763030432872592,-1.6744184667353703,-0.866216884182749,-0.6950646232119184,-1.2720559593102267,-0.8437774333397297,-0.6102829667715467,-0.6684643412021134,-0.9828442654513672,-1.096697218948381,-0.7314376985720082,-1.0241971450263332,-0.6170718791212978,-0.8617815896246389,-0.7248163528779182,-1.253519977743445,-1.0767341963190855,-0.905162519395532,-1.1339099198415026,-1.0248323312520948,-0.9598503730129404,-0.9891049566642588,-1.0281999277805307,-0.8687561369544216,-1.0268619305222175,-0.6719290228920876,-0.7705672204785378,-0.8578264005202041,-0.770299381104812,-0.686041068498858,-0.5944625750261504,-0.4264117076036996,-0.8401110251822161,-0.9198804990762406,-0.7532771202536114
-0.647572781908313,-0.6907893360101959,-0.7076935020997539,-0.6658752130482894,-0.8384249551648286,-0.612319846868837,-0.7522011232955078,-0.7962358536795691,-0.7543404080269227,-0.5641669693048702,1.3037645478849578,1.4951866957032989,1.5412806860775148,0.3353782769770785,1.2405268881040017,1.640023681335933,0.9866915056522476,1.560255823684512,0.4239703952199933,1.7692256560143478,1.4230244250718045,1.5367262007049196,1.4210737773399535,1.30767910815623,1.3108135594634192,1.3314409284480495,1.5303567421769644,1.382642919205679,1.4325928542593152,1.3508491857939862,0.2619147779040703,0.1766141294951768,0.567551212959111,0.4062319767289394,0.5351810079044811,0.3994034694922643,0.6634839120439542,0.3401115413879959,0.5214110867356386,0.6072215531810398,-1.1665002858767688,-1.337575809527561,-1.51573949923745,-0.5720327115124259,-1.8406835718923271,-0.8754857081232414,-1.679386719924583,-0.8594847836004472,-0.6631864097255724,-1.2570523624372614,-0.8599220976429736,-0.6341062365161385,-0.7123647262618001,-1.0158997438331208,-1.095612643641345,-0.7193579108499827,-1.084533611548334,-0.6673133682488251,-0.8789243276453882,-0.7616941389453751,-1.256282331788641,-1.0636885074206874,-0.9145583507996357,-1.1186083539784952,-1.1370445705882453,-0.7575330199307806,-1.0351033368646374,-0.9631858395555688,-0.9312530148664528,-0.9606734441045456,-0.609890275588417,-0.7397508884055632,-0.8928489778917167,-0.7544490483982735,-0.7033240853690387,-0.7564420961874057,-0.5631016043374497,-0.9514082405484696,-0.925164987679285,-0.7473559846895085
-0.6636036983087015,-0.735426511444722,-0.6997344383246736,-0.6790499505499011,-0.8723079353152909,-0.6239524651429492,-0.8184866728896467,-0.8198694242967876,-0.805051186246111,-0.6026312056713254,1.210378640047126,1.42885158856124,1.487352023222127,0.2758119021508018,1.155453239726369,1.5870273649068647,0.929469140612731,1.491752504831093,0.3837709830766459,1.7354948165166242,1.3767160510871623,1.521427899016709,1.4247611809279574,1.3228805198109015,1.295491983250063,1.3156690101798003,1.5280261132981523,1.392977736795791,1.4414529780706191,1.3514842517841652,0.2679734641191062,0.1630672612779027,0.5545315599970491,0.3677235655406509,0.5356220440609955,0.3786196135829392,0.6624975944621398,0.3312070442794362,0.5131703077804077,0.6079675173214543,-1.1587366136599857,-1.3216761138400182,-1.5025141670096478,-0.552577183598897,-1.8291639814512413,-0.8718995475018257,-1.685579103648899,-0.8588492393415861,-0.630992134634364,-1.2412479857575631,-0.8720037966230674,-0.6549849480806763,-0.7545384991136932,-1.0504616175721366,-1.1019741426899394,-0.7124955476713394,-1.1373612908786992,-0.7290315277088526,-0.8997035872492251,-0.8023747160002117,-1.215666265419437,-1.062549280337752,-0.9555085116102784,-1.084878879041809,-1.212918301261675,-0.5382862285749747,-1.0717026461572288,-0.9058724247654198,-1.002697856263476,-0.9272652842196496,-0.5631120556328895,-0.6992324074890082,-0.9297941488896136,-0.7545903566666992,-0.7064981595573797,-0.8966569981383657,-0.7045703209989561,-0.9943791810930922,-0.9218998394626214,-0.7466605055609649
-0.6968551112207145,-0.7578153133166247,-0.7129350665821811,-0.7171438192077491,-0.8871360733705338,-0.6576488597987293,-0.8931375229450295,-0.822066936260222,-0.8394219145706022,-0.6531007872046831,1.110610429587921,1.3554467111539763,1.429553037693255,0.2211398168899448,1.0715287207301882,1.529077436900339,0.873513906831515,1.4171316139334251,0.3462978189084257,1.695249573661098,1.3251556111705474,1.496804831469535,1.42568422202749,1.335638801463241,1.2778201837636016,1.292103164562172,1.5206625744437885,1.4019227720660623,1.4425964574164196,1.3564816426416395,0.2834536154852896,0.1448843997933533,0.5387992580773263,0.3405136377687875,0.5215913929361577,0.3593649036440756,0.6599655655561226,0.3207578804834461,0.5194296008410823,0.6082718506382234,-1.1515187655652517,-1.3018501253996626,-1.486261000969609,-0.5352498633934074,-1.819516842334328,-0.8663294725687077,-1.6891625097655345,-0.8584647853731235,-0.5980459195435862,-1.226161851595612,-0.8789452963466038,-0.6697698809317004,-0.7982275748635499,-1.0809645497066005,-1.1121924974304511,-0.7137083453020087,-1.1746753973913284,-0.7888238866748818,-0.9258844521724174,-0.8440872769366206,-1.1342148315330345,-1.062263592813567,-1.0093788156152934,-1.024512783032843,-1.2275336649310735,-0.3318214676577787,-1.0752477289921545,-0.8724906178907729,-1.069110918790612,-0.932133990798751,-0.5545397971885975,-0.6644526450910414,-0.97252804460048,-0.7731080640136192,-0.6906501396101027,-0.975364996501122,-0.8311196757338288,-0.9738586456296016,-0.9206263790823088,-0.7621805243446733
-0.7433921935560189,-0.7602228476737536,-0.7481119665696319,-0.7738230054222184,-0.8808893492098019,-0.7086482073120058,-0.9602348481359584,-0.8034992282680938,-0.8528645004785192,-0.7081132031549163,1.0055612267661358,1.2773824951862531,1.3654436606684988,0.1739907383351114,0.9882979983569932,1.467233536196512,0.821706707187277,1.3360808765301493,0.3104222534164186,1.6483163063968802,1.2673954148807434,1.463427531014719,1.4222501895471054,1.3439700076090435,1.25932001442332,1.2609551288683531,1.5057367314529588,1.4082952549284056,1.4343534543517746,1.3668178284965349,0.2999860139533541,0.1236789031996169,0.518141010034588,0.3294729472411397,0.4962886235828868,0.344999065190783,0.6541593852388465,0.3110524153789232,0.5360704875026928,0.6075126741805404,-1.1450477198357665,-1.2795268159212985,-1.4661251057481304,-0.5238821619439079,-1.8102277652820369,-0.8612946966646701,-1.6870620544912749,-0.853915275657283,-0.5640338729545319,-1.2121061084034928,-0.8791697507794985,-0.6777572298162237,-0.8458161980142341,-1.1018895185882895,-1.1223015702038717,-0.7209562820406504,-1.1936834099696976,-0.8367834058757532,-0.958629267013774,-0.8835168023262684,-1.024399929598565,-1.055359061589726,-1.053689285121884,-0.9301776941340756,-1.1781981304825475,-0.1687362941428797,-1.0301518689629114,-0.8660023089602711,-1.118080255971848,-0.9688370565737292,-0.5969090909919853,-0.653343679605999,-1.0229600870564148,-0.8070548994867356,-0.6658177362747122,-0.9785508285154194,-0.9316799884270036,-0.9127253988894656,-0.92613501612711,-0.8008508046045392
-0.7965875155865711,-0.7492554483742432,-0.7999096150301277,-0.8394818036062828,-0.8578652310716248,-0.7688112161764821,-1.0065687300055957,-0.7703178551011949,-0.84664483230022,-0.7591020544225049,0.8973351831863051,1.1976917512774337,1.2935663939143929,0.1361826871682012,0.904019611743454,1.4014787620521996,0.7737727169908204,1.2487991846886637,0.2760032418046955,1.5933672121111693,1.2018960193378667,1.4230342694877047,1.4132295484688802,1.3467594032632864,1.2392501959471427,1.2235291235092969,1.481699714405205,1.410418058167053,1.4178461512630678,1.3815591193662478,0.3107249365657121,0.1031038731687654,0.4929269951013995,0.3309422897341481,0.4661627320535684,0.3356064948635751,0.6451329046236698,0.3043374862415045,0.5551136064227601,0.6078072972841996,-1.1378528465104711,-1.2558113526067067,-1.442768256320869,-0.5178908109428327,-1.798011790557753,-0.8604594540897531,-1.6793477435416306,-0.8439375898827715,-0.5301751822509059,-1.197578397394946,-0.87224212566155,-0.682907929296392,-0.8973373241564199,-1.109947784639032,-1.1311679665694852,-0.7271255793266447,-1.197853511839662,-0.869050482528537,-0.9984012216732692,-0.9187923745962512,-0.9039644600380012,-1.0395888792502743,-1.0692844539609818,-0.800038310412438,-1.083291632290655,-0.072582056689168,-0.9318818574429673,-0.8784587088078508,-1.1386893089003685,-1.0229716538901747,-0.6889639841270256,-0.6823393535325978,-1.0791941641881606,-0.8500781051287754,-0.6531698210908603,-0.9196849968117708,-1.004675178566111,-0.8452202112546267,-0.938937304343142,-0.8620523317902712
-0.8480673798129706,-0.7336410484349128,-0.8577226671558359,-0.9037830276394412,-0.8282554308542562,-0.8283466543758722,-1.0261059765890586,-0.73320350166789,-0.8278964884478849,-0.7982849438202811,0.7893155250352953,1.1189849908192615,1.2144128379913353,0.1079484087059234,0.8176942888843001,1.3306009528437508,0.7265571168893803,1.1567371961837951,0.2439483826308559,1.529538885344652,1.1281254179369011,1.3770602454135354,1.397694349096763,1.3449706217723831,1.21558107879819,1.181116263751137,1.4487692491144464,1.4066022480136209,1.3961599489823182,1.397776434676864,0.3135066597923238,0.0875155495662047,0.4672188281612059,0.335731294742876,0.4378635080886676,0.3278300693110954,0.6340488246470386,0.3016129731587242,0.5694144806922564,0.6119445880636983,-1.127921616188527,-1.231684916561013,-1.418975530117467,-0.5140784129486716,-1.779435563070278,-0.8659568050547397,-1.6686372291706113,-0.8299335628868972,-0.4986361937416155,-1.1801810217832596,-0.8599952755746691,-0.6936489029136073,-0.9491523986412866,-1.105272262144274,-1.140525447455034,-0.7231060237438158,-1.1947464365460174,-0.886240522644218,-1.0436594785327782,-0.9503375344129872,-0.7908038185687085,-1.015180516142284,-1.044668503478119,-0.6414657151954571,-0.9713396706362564,-0.0507777269477483,-0.7853701647215301,-0.8974320977729235,-1.1226427000842971,-1.0764774807836903,-0.81597268115112,-0.7613643845619493,-1.1354840073684522,-0.8956268770816953,-0.6756107282656166,-0.8300429959735703,-1.0535177535855011,-0.807685512153835,-0.958180906757145,-0.9358959443143076
-0.8888720162994167,-0.722352321923537,-0.9088170552586288,-0.9577055472238136,-0.8053988062155991,-0.8776063606980395,-1.0215119665374517,-0.7048296392093274,-0.8079686368873649,-0.8205967883207097,0.6852660357162225,1.042484809978531,1.1300146026062103,0.0886158664641077,0.7300992052345426,1.2533830599404083,0.6762248788932442,1.0625922345499823,0.2161358007459903,1.457948309503008,1.0479960677693254,1.326215125234642,1.375178456872714,1.3416918059376794,1.1867626809284757,1.1344554371059594,1.4086450316453765,1.3960794786334707,1.3723229529574708,1.4114476130579168,0.3103980631405877,0.079652432739641,0.4466211849094308,0.3352465596746801,0.416613971576767,0.3177342871098588,0.6219707394982789,0.3029400933343883,0.5764131687012009,0.6199444889530844,-1.1143699709032509,-1.2082691114188056,-1.3981210326779634,-0.5088810333532,-1.7531132596810697,-0.8757911004519278,-1.657209224897611,-0.8139838637129033,-0.4705635892395629,-1.1582247338305882,-0.8458095864969514,-0.7197115050230842,-0.9938583088526542,-1.0904911503471222,-1.1521320161985766,-0.702921653050012,-1.1918156518676268,-0.8900594067023798,-1.0898040625208685,-0.9794190004352108,-0.6990007054695093,-0.9804972723348812,-0.9775806249054791,-0.4705454344146362,-0.8668764542564956,-0.0892812544338107,-0.6023466417487069,-0.9112375449792524,-1.067430333330562,-1.1109527713734375,-0.9541944490018488,-0.8891617127853093,-1.1845676379728518,-0.9402719430723104,-0.7470897574823454,-0.7440375169860455,-1.0809115388910484,-0.8287053816959696,-0.9838628671394,-1.0053589374766414
-0.911289782611272,-0.7232361220357503,-0.942615589240958,-0.9949969134881302,-0.8016430913917679,-0.9092618549192768,-1.00241535757499,-0.6963475003933759,-0.7994583036776371,-0.8251678957455547,0.5878704099808335,0.9678937343298764,1.0427329701269592,0.0775743514738268,0.643248508909565,1.1700291924874575,0.621037603952536,0.9693767778551948,0.1947329685188666,1.3815382152609526,0.9657439964905904,1.2711324268214097,1.346177371281952,1.3405079754602698,1.1527735998248267,1.0840357665651548,1.363415662366884,1.3796000037987648,1.3475579310407706,1.4191887655172517,0.3045992636677084,0.0791290519309461,0.4343126137230642,0.3262467935222864,0.4059374066034364,0.304136942875742,0.609548690974397,0.3083185831304419,0.5781689577429588,0.6275436164118103,-1.097972678909238,-1.186596108781144,-1.3817753295342188,-0.4990400708891491,-1.7205645635808469,-0.8839944223851837,-1.6446734703136194,-0.7970351990827816,-0.4447929487718582,-1.131733012221008,-0.8323578716600623,-0.7675519101068927,-1.0222571415092252,-1.0683228225283985,-1.164832177979917,-0.6678911547277693,-1.1928067756199774,-0.8811588379605524,-1.1299531808746723,-1.00550720299348,-0.6360157573418129,-0.9303323074117004,-0.8750182939201411,-0.3071610668988452,-0.7810863590686905,-0.1553786786002336,-0.3998980777450868,-0.9103679644810164,-0.9792284286735604,-1.1107029868927474,-1.077895582646933,-1.050846544794901,-1.2213994947469429,-0.9854342146640332,-0.8654840836698836,-0.6869924648830565,-1.086597486940885,-0.9207574864904944,-1.0172824997431942,-1.0526942889981772
-0.911369688056324,-0.7419190741586952,-0.9544762148520758,-1.0131298264725626,-0.8243674567247994,-0.920670395199773,-0.9816513751036994,-0.7141558203484455,-0.8126605322816264,-0.8158997193963216,0.4979404951474644,0.8941228425262269,0.9543474346840698,0.0742124798942196,0.5591127374765545,1.0824663456014114,0.5626853541387377,0.8791659416427967,0.1808734267561124,1.303269890962922,0.8859882527475283,1.2130261970974037,1.3124256429219592,1.3431115061857275,1.114836122734736,1.0306134603165442,1.3146022634283443,1.359046214568358,1.3209829006299032,1.419829017133524,0.2976604779289726,0.0829351295997958,0.4284227022024628,0.3111924374855543,0.4074179045451238,0.2894491961909997,0.5977854456466637,0.3177145035640376,0.5781204097857804,0.6285227348206416,-1.0801138864386295,-1.1668660140616172,-1.3686572644076642,-0.4811106127819899,-1.6849777262467942,-0.8839972974966451,-1.6284658750889949,-0.7785160062607676,-0.4186473956137029,-1.1022278602374254,-0.8195900622475701,-0.8367934716668576,-1.02710174869601,-1.0396635370202512,-1.1741937243236606,-0.6271323568809911,-1.1968557737966856,-0.859430005675755,-1.1576197779247144,-1.0249587853913131,-0.6006966210577157,-0.858740114291607,-0.7520026299508282,-0.1685775567825051,-0.7114053314672816,-0.2088602091542022,-0.199403821801268,-0.886322172753245,-0.8722447371007412,-1.066393382394589,-1.1668193719646691,-1.2195191951631816,-1.2459934868386209,-1.036252639580468,-1.012010882748693,-0.6698115598049214,-1.070138424367329,-1.0756767559854985,-1.0599325355114328,-1.0679247938450789
-0.8912426688077463,-0.7807955188929168,-0.9473643281406692,-1.01381074504027,-0.8735380539861647,-0.9153869802737076,-0.9712757659627864,-0.7581778420093369,-0.852407433911339,-0.8007934938442787,0.4149366558854636,0.8202275776821026,0.8659980085668914,0.0768431167580488,0.4788756359004955,0.9932801212773544,0.5051327054865054,0.7924973625479296,0.1734610468519542,1.2243026170472484,0.8112860194818888,1.153445073875672,1.2763046495466226,1.3478970947116211,1.0744372683520644,0.9751864487392016,1.2630626534162814,1.3362698508828452,1.29071726676401,1.414706530722383,0.2893087605319457,0.0875250036267903,0.4228826024201006,0.2948558915441566,0.4198906433656609,0.2773889189236959,0.5885866440439861,0.3300572037157321,0.5777296984491603,0.6193855003105568,-1.0613754512189446,-1.1478295012664654,-1.3558575372768935,-0.4517734447916752,-1.6489885859534623,-0.8727443119741733,-1.606731510689858,-0.7572883406172182,-0.3901945878313946,-1.0716654547224669,-0.8046572192847564,-0.9194225206045896,-1.006942137253171,-1.0036476476351066,-1.1749391442640755,-0.5938524752448582,-1.2002335267543012,-0.825633430860524,-1.1695747604002744,-1.032504394683906,-0.5826228648458466,-0.7641860108365801,-0.6282003209345304,-0.064848081154335,-0.6481833240496833,-0.2168142922111368,-0.0235083594300165,-0.8306744396922872,-0.763678605266469,-0.978479382604992,-1.2117998645968882,-1.362772336542901,-1.26338113440479,-1.0979431398595827,-1.1568923059055394,-0.6906809680314474,-1.0361463733560037,-1.265862608801754,-1.1118118702029436,-1.0551936497346857
-0.859838595410751,-0.8381737381640996,-0.9305718991710312,-1.0029638493093445,-0.9414936763153882,-0.902623920882029,-0.9796364115809651,-0.8221049147534765,-0.9162647831786924,-0.789966120343985,0.338284083840185,0.7459038683670169,0.778582916933401,0.0819607250599334,0.4031983510110723,0.9043381739593326,0.4519417200922656,0.7089204610913233,0.1691603380722778,1.143824743601752,0.7411061369661508,1.0933296594139326,1.2394677880497995,1.3506504231394632,1.03263218861135,0.918421123417913,1.2095550268073854,1.31210216213466,1.2552912174999016,1.4064271653230245,0.2795567935570426,0.0908756919412023,0.4110049958052496,0.2804454081308966,0.4389506810669169,0.2697606330887482,0.5838539687254465,0.3425721891152788,0.5758612374055027,0.6025801662485648,-1.0413272442999095,-1.1270013364198426,-1.3410618614811036,-0.4098509966442965,-1.61340251168397,-0.852313582275497,-1.580858811675856,-0.7327866390517354,-0.3598978092611715,-1.0414026323833374,-0.7838705154842145,-1.0019177499179288,-0.9677688620853948,-0.9593495158412064,-1.1640522558399116,-0.5792546160409479,-1.1987797582631314,-0.7824873687722679,-1.1668539688447996,-1.0245433312361036,-0.5640699813761634,-0.6524279672826278,-0.5219387830554606,0.0028803581286416,-0.5825568516697922,-0.1649764553220924,0.1093493943313607,-0.7360994853893887,-0.6670875446358144,-0.8580310240101982,-1.2167219778840113,-1.4529135252852987,-1.2806719710729455,-1.1717711871778005,-1.268500730562846,-0.74088832872329,-0.9971987159655828,-1.4516797365016751,-1.170335996115924,-1.03283902262554
-0.8310130238604393,-0.9079339255804032,-0.915986974603458,-0.9899018764335222,-1.0149915349053111,-0.8943984671440438,-1.0098513979572863,-0.895224419806509,-0.9947290202850676,-0.7928209195776277,0.2683226641633029,0.6714503772564595,0.6928883299619132,0.0850661219389182,0.3328534423681725,0.8163244925423231,0.4042705109058849,0.6282318923400135,0.1639419332937431,1.0606229863004413,0.6730882735235206,1.0324143910938703,1.201637736258638,1.3468329601481714,0.9899171829600644,0.8602914469774345,1.1550787192598804,1.2862922846153857,1.214276259699954,1.397010218926066,0.2706162039734299,0.0930981908639263,0.3889611347409252,0.2680933338189449,0.458016432677171,0.2652330622260915,0.5835652820576344,0.3518106267393092,0.5709360188113777,0.5854890661286359,-1.019734613882837,-1.101760136453571,-1.3236350437053956,-0.358522954992124,-1.5778461059876605,-0.8279469883194187,-1.5551686258862518,-0.7053360505743482,-0.3301438858156705,-1.011855534635974,-0.7550730988069999,-1.0691902757506884,-0.921086736193154,-0.9074675819587246,-1.142251660249966,-0.587148490913564,-1.1891440232884325,-0.7342894511172166,-1.1533521685776598,-1.0016686291414658,-0.5252661343587423,-0.5341246321137222,-0.4433052385359713,0.0422073401333956,-0.5103947105746437,-0.0608036414043419,0.1901993323130083,-0.5990235565708416,-0.588238246052133,-0.723144458922956,-1.1962999661530562,-1.4773860635394704,-1.3033004213885766,-1.253157925553146,-1.322598055169861,-0.8109895793941597,-0.971149708070992,-1.5930981314724282,-1.2305994968488494,-1.0259466377535902
-0.8193828378719128,-0.980235271913758,-0.9137418217185383,-0.9853094951045548,-1.079039999796602,-0.9014168314202043,-1.0594421113217891,-0.9651255580113408,-1.0735066960723552,-0.8152846301731135,0.2061393102267957,0.5975742217412636,0.6093118442699522,0.0828341650805438,0.2688536267590257,0.7294288900465451,0.3610273436079494,0.5513497817621609,0.1553371965627657,0.9748808378995566,0.6055656121913057,0.9697103453933428,1.1606484325988176,1.333805325677168,0.946230725905845,0.8005527424611659,1.1003965877871258,1.2581663529120015,1.1680302188629554,1.386791319978418,0.2664082934891503,0.095547680079844,0.3568330603586621,0.2560616183420597,0.470904155622346,0.2610847731979749,0.5847411701706923,0.3559521804966258,0.5634388107627359,0.5759115641604357,-0.9977559991653376,-1.0706284858112545,-1.3037764922370505,-0.3052815074176274,-1.542505459519874,-0.8043813669806952,-1.5338097403646185,-0.6756979841476303,-0.3031115535430366,-0.9828436991863794,-0.71857809730353,-1.1087989621100016,-0.8792338567292282,-0.8506372269015684,-1.113242561538924,-0.6118577102457889,-1.1686977907902143,-0.6856925940914279,-1.1333662441785166,-0.9685321343402384,-0.4515692230272544,-0.4185648980905032,-0.3899959865004465,0.0682708580539376,-0.4313800812221714,0.0716455446642925,0.2211620828937974,-0.4226883653509676,-0.5253404566899734,-0.591894713037773,-1.1707251748289258,-1.4446980618077068,-1.3329598100137845,-1.333021479866243,-1.309124475658129,-0.894424085542636,-0.9735452680910778,-1.6614708098918112,-1.2868310266771366,-1.0545472530951516
-0.8354276022608211,-1.0436670061958857,-0.9293013996874796,-0.9981465858220526,-1.1215044303327044,-0.9294424295921372,-1.1209393942662675,-1.020662357071268,-1.1373281446955077,-0.8579831432257138,0.1526042332138484,0.5253865982329239,0.5277636306573005,0.0750405687637632,0.2119697171727399,0.6443626996846668,0.3206808596921619,0.4801298426344536,0.1438422205705725,0.8885786563907911,0.5392805836250281,0.9047111629529558,1.1139481074054862,1.3115910922658631,0.9007228809022984,0.7397132464380981,1.045117588978863,1.2271247933464702,1.1173177079692669,1.3747462073054086,0.2698218246428386,0.0995509681531977,0.3173218774912528,0.2427873956499544,0.4743004040759491,0.2560809348907439,0.5826932842166269,0.3563076361030577,0.556406340391441,0.5775591529732911,-0.9775489839734468,-1.033880316188278,-1.2810433048599064,-0.258860307226099,-1.5090450289059034,-0.7834438709080608,-1.5174222321495066,-0.6446748487208186,-0.2789627862933572,-0.95405796128266,-0.676241407620249,-1.1142373837561033,-0.8505597716647443,-0.7924299511646619,-1.0819154064645955,-0.6401608651102361,-1.1353899363368496,-0.6410098782936543,-1.1100366498619911,-0.9313646406494038,-0.3393356557269185,-0.3083783120827462,-0.3490262290700566,0.1005773868357148,-0.3461605515982413,0.2011811016268672,0.2126945122639362,-0.2195804318847271,-0.4721318457829465,-0.475546583456464,-1.1593599293839203,-1.3824017526499297,-1.3681842599473446,-1.4013912437497282,-1.2352113442751045,-0.9874538858589608,-1.0095871930258251,-1.6469743280463165,-1.334031381786758,-1.1237436934159928
-0.8817772522554939,-1.0885364448224712,-0.9629267186383548,-1.0325200152726672,-1.136961429386816,-0.9776174990293108,-1.1835987735809064,-1.0545940861738572,-1.1742204687847144,-0.9158307985498668,0.1076618668063958,0.4565243542115041,0.4482423817884257,0.064694833716696,0.1623366768335181,0.5626578362716317,0.2828892531700648,0.41639816190655,0.1324240797252508,0.8042109428737736,0.4769586607637692,0.8381980113387022,1.060596329189937,1.2821044539359303,0.8516055274122191,0.6794527024643794,0.9873746837259152,1.1924517687490916,1.0634371979199757,1.3596850148409427,0.2800477111831089,0.1057700138843756,0.2740324768254724,0.2277405160789231,0.4683580344918163,0.2516141007746603,0.5738972988784804,0.3563988611095681,0.5536587911287013,0.5887548938163146,-0.9603273409493356,-0.9932135827924344,-1.2541340224404978,-0.2250735981457535,-1.4795967038689997,-0.7643222679598074,-1.502341767972885,-0.6132930661469521,-0.2559773752890905,-0.9251147805135014,-0.6298092560920135,-1.086551918095081,-0.8369964657441451,-0.7361527752173354,-1.052957446058377,-0.6560845304994949,-1.0885091205819784,-0.6046497235493178,-1.0854730616583548,-0.895184589148011,-0.1975231315973782,-0.1994635573910607,-0.3039808793654271,0.1566046205570563,-0.2549550963414615,0.2990678355242604,0.1791804845788426,-0.0120183529034142,-0.4208099066865104,-0.3759723889983936,-1.17568099022884,-1.3270980810823716,-1.4064630999531762,-1.4511703503615652,-1.1239770176140167,-1.0862913339872402,-1.070942383442729,-1.5592409982125437,-1.3687204107816986,-1.2214309876738902
-0.9520214442397452,-1.1100882570963182,-1.0109719968301576,-1.0860969513943126,-1.1283012488901003,-1.039173060283996,-1.2362516644593162,-1.0652634397267804,-1.1789470591980746,-0.9791520579496747,0.0706039542152932,0.3930026937824731,0.3717218510393862,0.0561949297205769,0.1197414740061114,0.4859472344110616,0.2486098812521895,0.3611397087404886,0.1244945369374192,0.7230342671090877,0.4212411389387794,0.7718382140375556,1.002275613486126,1.2478842428081225,0.7967087865217558,0.6218405260209489,0.9247615208603074,1.15285212542333,1.008580963771072,1.3411543645831951,0.2923070911553934,0.1141841998057194,0.2308571505902372,0.2108601514924289,0.4551826101636233,0.2499813378898156,0.5582856594354836,0.3592291162893791,0.5575079585917535,0.6046159617697553,-0.944692929904396,-0.9509746877231876,-1.2223476625080167,-0.2045237581908402,-1.454742435332291,-0.7454848987676589,-1.4829074156225623,-0.583120551939715,-0.232417149592433,-0.8952328288029864,-0.5799703821749462,-1.03380966751547,-0.8347762676145778,-0.6843565273883271,-1.030275042044125,-0.6465835906461934,-1.0298820466788168,-0.5816485002126146,-1.0616732577124262,-0.8625161427997482,-0.0445023456646658,-0.0861272732524667,-0.2435701948044377,0.2432804503001744,-0.1584039534812037,0.3464233895615523,0.136186754843162,0.1707957452619962,-0.3633061161886028,-0.2884595412259098,-1.2246440943670762,-1.3103678064218436,-1.445841063796307,-1.480197773768601,-1.0091701195640883,-1.1837504453521293,-1.1399425515814114,-1.422039998037108,-1.388606060684988,-1.3248554905070389
-1.032428358818928,-1.1101855844581197,-1.067766141833737,-1.1510298377548982,-1.105429658014674,-1.1038094849860411,-1.2706705407179202,-1.056822670879189,-1.1545346980649722,-1.0362028533306058,0.0409957698363216,0.3365400580137929,0.3003998127408275,0.0528082694524093,0.0843224228867232,0.4149352337970754,0.2190044597796915,0.3145159403359125,0.121862035653192,0.6444094338882492,0.3727729425817402,0.7068905574647567,0.942513134324462,1.2113750899184352,0.7348181705228158,0.5678944899455826,0.8560745359099686,1.1065594808311097,0.9555492283791232,1.3193782526789286,0.3001942716021815,0.1240249648219003,0.1920838322697095,0.1920669274068754,0.4368002728923568,0.2515232225966206,0.539159402917876,0.3651041582806383,0.5677613869238245,0.620312452427418,-0.927072916775658,-0.9096037512718328,-1.1871550146603242,-0.1935361643312795,-1.4326252981120156,-0.7261536160404154,-1.4548697585529946,-0.5559084123003406,-0.2083505531198491,-0.8630950414682337,-0.5265561867094932,-0.9682677768202474,-0.8371369457184628,-0.6388800702188678,-1.016501004430491,-0.6064336484000779,-0.9641147376730566,-0.5765438472899138,-1.0407410695662365,-0.8337512922318738,0.0979633635014124,0.0328309330922759,-0.1660486485314938,0.3506861670644218,-0.0589027464203444,0.3387427981486794,0.099884580690676,0.3001767260147598,-0.2919131851277536,-0.2074000402416049,-1.3023813553612114,-1.3467522205725106,-1.4846877198162365,-1.4909823259517505,-0.9263317692957432,-1.2680765005804024,-1.1991038351281793,-1.2654302197599867,-1.3920836834535235,-1.411845561372405
-1.10608396565859,-1.0967026999291938,-1.1270747402169965,-1.2169235304155506,-1.0816866824466558,-1.1605516787309325,-1.284209457244526,-1.0379789282085687,-1.1114062164693506,-1.076561699995327,0.0191961662834156,0.287675428647733,0.2368386441517166,0.0551572066066204,0.0568267421537171,0.3491283460253286,0.1944967692499015,0.276477645682105,0.1240848332608689,0.566775330890535,0.3299379123417245,0.6432202795783446,0.8846848071564458,1.1748810006903223,0.666977162805755,0.5167852817221551,0.7825731121348369,1.0522879564577683,0.906427721946734,1.2945967045682951,0.2987248360637221,0.1334505970081454,0.1617378832930088,0.1720507718334987,0.4145639597050873,0.2535202829788895,0.5208271263872821,0.371898422940501,0.5823340250225192,0.6328408899155934,-0.9041762506841348,-0.871448920834744,-1.1519333871656112,-0.1870698766437061,-1.4102978434612772,-0.7062225049210287,-1.4172572065904645,-0.5325178963886661,-0.1857772452142591,-0.827357773806616,-0.4691894908033381,-0.9019069177816416,-0.8371726378759706,-0.6005108042605198,-1.0118723216151144,-0.5410073459299811,-0.8970274681179587,-0.5901517323737678,-1.02381835709114,-0.8079821759705464,0.2109696425235875,0.1520615091212921,-0.0769197947999073,0.453051861435939,0.0392736693745491,0.2869214346883077,0.0859993298716007,0.3580265016174422,-0.2011083375874954,-0.1305858175097684,-1.3975216841132023,-1.4290365841995982,-1.5199521784580905,-1.4887824469089583,-0.902316513190746,-1.3255532286536464,-1.2403837742852069,-1.119007902162164,-1.378668632611519,-1.4699608101571822
-1.1582037166857948,-1.0809748263014485,-1.1828505668229354,-1.2741884398266872,-1.069497482266798,-1.2002966549827037,-1.280535865626773,-1.0197209748443,-1.0644154489624609,-1.0943325174012883,0.0057657927829315,0.2454612073064822,0.1825950732283782,0.061445026088372,0.0379614963128866,0.2877075198207207,0.1748335932362321,0.2470992905688775,0.1294123996629771,0.4893540431493895,0.2902467917237202,0.5796213498525061,0.8302960497216304,1.1405013861532451,0.596658064326138,0.4665060106040024,0.7077415572566188,0.9903538607879122,0.8610368542957985,1.2666937912517982,0.2859590611992806,0.1395910558658212,0.1416510399580002,0.1535538025631034,0.3904375870679059,0.2520294684396675,0.50585584848045,0.3774348143925573,0.5983430936013459,0.640762942803108,-0.8754194008569351,-0.8385168377001575,-1.1196410926810831,-0.1810863345059086,-1.3861297922985585,-0.6853357840332835,-1.3717296257731382,-0.5121135800151344,-0.1670022254235749,-0.7876274661960854,-0.407428575581327,-0.8420682995623477,-0.8296638889512905,-0.5678175252145834,-1.0128522151085526,-0.4656204126760846,-0.8329081229922973,-0.6162307487918911,-1.0095578690789253,-0.7834163560857739,0.2832797542684609,0.2631025547393585,0.0175707602672128,0.5185827614142968,0.1307155181371749,0.2138150002763854,0.105730126961634,0.34501698204206,-0.090780173523068,-0.0593640082772576,-1.4935899101607693,-1.53251400166276,-1.5455491933639869,-1.4793172617701194,-0.9464105494395708,-1.3463367995440652,-1.268455454125364,-1.007779715660333,-1.3504716168141626,-1.4988534934823186
-1.18083464488381,-1.0742902307311335,-1.2295868661492546,-1.3161423121537312,-1.076855355549459,-1.217878173199179,-1.2680727219183523,-1.0126859075515915,-1.0287291327202568,-1.089922231085683,0.0002039891486846,0.2082171349665249,0.1374724238688391,0.06881713813023,0.0273295115176724,0.2308057724655528,0.1597449019676023,0.2260806484024854,0.1362201910441753,0.4131352774632093,0.2520808208801586,0.5152388031427378,0.7787065466264866,1.109488175308684,0.528424151490196,0.4155090190062471,0.6357210351374717,0.9229712839086835,0.8165923732494148,1.235578673256391,0.2627304795983934,0.1396499017171533,0.1297118599013285,0.1411621550659127,0.3685195713320437,0.2449249302078199,0.4940650530433332,0.3816790498394782,0.6125004896282963,0.6432230143351213,-0.8432217475403501,-0.8118083136270237,-1.090396092268552,-0.1728576145461921,-1.3609567129878903,-0.6626333541079286,-1.3207017716288625,-0.492632783488194,-0.1528104935179844,-0.7451751267187714,-0.3402278818831276,-0.7893569110590225,-0.811821864745963,-0.5360435159042578,-1.0118223159616646,-0.4006509333435849,-0.7722870048389995,-0.6411802722879999,-0.9935161851588178,-0.757692494458181,0.3139433742515111,0.3599377246940481,0.1154248834531592,0.5238530816417952,0.2090252776445249,0.1464380117028489,0.1596761901974079,0.2821565268963739,0.0312891475660539,0.0044876632885217,-1.5723586479688778,-1.6256770524073567,-1.552682297439889,-1.4670994345508146,-1.0467163536531263,-1.3305942642902535,-1.2958382294553743,-0.9496006881567318,-1.3135959287407684,-1.5060447134032495
-1.175203298295743,-1.084497336337932,-1.262753176629141,-1.339398820609668,-1.1056506861634985,-1.213494811546904,-1.2568274790552938,-1.0247247226508474,-1.0157871392798736,-1.0697229784122837,0.0002695755715394,0.1748736671167351,0.1000110716110338,0.0746534832143053,0.0229927488509867,0.1800395491113759,0.1492321891478905,0.2118780705938629,0.1436626749044847,0.3404740635202849,0.2154267847994136,0.4507901325537696,0.7282125124980293,1.081366624255154,0.465881967578047,0.3639400203693661,0.5695989441086311,0.8533603106683282,0.7692440450163709,1.20188842750746,0.2316914384249645,0.132806406103745,0.1204128634864376,0.1388645706503938,0.3545387875030638,0.2332523916842913,0.4838822827673233,0.3865548005599749,0.6208310941558415,0.6396312490873967,-0.8109961438425641,-0.7905430526323567,-1.0613257016937332,-0.1599054006799874,-1.3368584401222976,-0.6377247790218169,-1.266247546882291,-0.4724325075935363,-0.1420785474514564,-0.7026968057313367,-0.2655176660385723,-0.7389790200870966,-0.7833835991330457,-0.4976859524551887,-0.9988528698314492,-0.3634419826851263,-0.7117552679225431,-0.6483287100493522,-0.969162566582726,-0.7289075460475963,0.31215542117443,0.4414377655873325,0.2181733024898343,0.4648999045938275,0.2662390369917951,0.1063895606330359,0.234394298011904,0.2041076988241054,0.150353639189084,0.0616311443289888,-1.618045908649993,-1.682198541811804,-1.532782959700416,-1.454710774968041,-1.1738899258900133,-1.2909276930305007,-1.3329860510477116,-0.9522293013102948,-1.2780140606232862,-1.500261832618885
-1.1508102863986582,-1.1137429742989555,-1.2795769615115278,-1.3433875445482415,-1.1520039040014818,-1.1929286448858598,-1.2550132806065073,-1.0590745672935324,-1.0304777004120318,-1.0440459986170874,0.0027341835190175,0.1457612895510482,0.0687542880434722,0.0770977070995537,0.0222695840422885,0.1378233269794883,0.1430964763432852,0.2015446820550886,0.1512567749179046,0.273920305043556,0.1812980169910246,0.3884263966978955,0.6773650864133305,1.0537858800076798,0.4103184987281246,0.3134967531486733,0.5106758347290818,0.7843042773877856,0.7165738250161376,1.16713330723136,0.1969193222890164,0.1215938116591303,0.108223379045002,0.1470725197494332,0.3527644155273765,0.2197902969258632,0.4745925472027312,0.3934257441849345,0.618920346700654,0.6301513890345952,-0.7807004701448881,-0.7720017555200547,-1.029105665821444,-0.1396080217772101,-1.3147756369353845,-0.6118527569384595,-1.210490360049826,-0.4517861199826113,-0.1329827097287212,-0.6630733465900185,-0.1808464931560689,-0.684637197013051,-0.7461783464331008,-0.445422684475629,-0.965062247184894,-0.3603481173209802,-0.6460670966312804,-0.6250164025617337,-0.9300495581540096,-0.6972831415178025,0.2939046597496916,0.5084140031392077,0.3253419366942084,0.3589016768544832,0.2934478173085384,0.102934213792254,0.3057791098291676,0.146967084580342,0.2495349452029661,0.114837736701435,-1.6216785204636026,-1.689167612581625,-1.4820085727269088,-1.442935883407971,-1.2910593441930565,-1.2485563567580087,-1.3798668698144938,-1.0095825313812032,-1.2553131591546591,-1.4868415072689087
-1.1217691613575551,-1.158125334739921,-1.2800910867879491,-1.33020743089844,-1.2080149589565563,-1.165983823540013,-1.2668853785624752,-1.1134453261799562,-1.0702257828209385,-1.0243347619249654,0.0051007918862302,0.1221084234202619,0.0431623233470724,0.0750828666992005,0.0232488873026815,0.106038554033174,0.140289573911954,0.1918178895551877,0.1581958909016414,0.2153899764967251,0.1506588018383315,0.3303534851657032,0.6254847564371683,1.0236155253197792,0.3608683184841114,0.2661503946712162,0.4588408517661983,0.7172401849366611,0.6592221235858886,1.1328706745049202,0.1639214138253784,0.1113276435083257,0.0917275064984219,0.1617165468598474,0.3624532188551839,0.2065240961416141,0.4672247655750821,0.4006872132542645,0.6036200985798811,0.6161190033788132,-0.7520492122102226,-0.7523889844409152,-0.9930791455922392,-0.1105975545843324,-1.293280133071983,-0.5877259393291068,-1.15635853731556,-0.4327299475730912,-0.1244528670830304,-0.627911393791308,-0.0850907794675102,-0.6224633845003458,-0.7028454159845338,-0.375983162961825,-0.905701865555676,-0.3831587499561177,-0.5713297533982266,-0.5682814837232848,-0.8720408558062213,-0.6661333500095094,0.2760124034764157,0.558167094406511,0.4291591024137005,0.2363166829108207,0.2844193662820404,0.1321518609215354,0.3487795614949807,0.1359098952085713,0.3160107499709209,0.1658068421248106,-1.5842104190926576,-1.6488719296726533,-1.404941122099873,-1.4315711318924698,-1.3657301963693644,-1.2243900355356987,-1.4245494247683137,-1.0993432987560128,-1.2550338088025887,-1.4670203917540454
-1.102054407379353,-1.2093185228755214,-1.2680235968849036,-1.3051855230404077,-1.264020715763989,-1.1434081309219275,-1.292428871824011,-1.1802226854008775,-1.1260405086900491,-1.0205802851283767,0.0068695826524938,0.104701256789884,0.0234203778536419,0.0685060092246921,0.025700766034221,0.0850562865369717,0.1389947163560178,0.180802969836667,0.1633233820685707,0.1661070973505216,0.1238508110807175,0.2774634684955026,0.5723238636321474,0.9886689325800732,0.3158552638220486,0.2228400235347166,0.41331215885442,0.6524625682502262,0.6004522922771032,1.099478457030233,0.1387768975302586,0.1074123288155112,0.0752188759479098,0.1763885941476715,0.3769901593679023,0.193678530135207,0.4631833035463111,0.4040737947662633,0.5754162946545605,0.599636079801725,-0.7237773015339746,-0.7283686603540233,-0.9561718375327358,-0.0746939552025355,-1.2696454867844624,-0.5677322812605979,-1.1071844392852346,-0.4170037438192324,-0.1164794043987006,-0.5969453909983945,0.0198988364256041,-0.5525965904911391,-0.6546560895485836,-0.2923249473693452,-0.8212290345230273,-0.4121733356538161,-0.4875495519028317,-0.4855673511520939,-0.7946941768227175,-0.6406739498277597,0.269936517835829,0.5819900165876537,0.5143066064387671,0.128955944194451,0.2411477839485148,0.1818058284526462,0.3481513988352925,0.1776359374640969,0.3449894435633642,0.2123564244506882,-1.5168165428226634,-1.5746125517730525,-1.315050408846945,-1.4206131351286426,-1.3787743232233525,-1.2294892206745611,-1.4494849293807397,-1.1855035975559662,-1.281196590354995,-1.4398847807910031
-1.1015026656261877,-1.2573103940034902,-1.2508422961334476,-1.2772608325725203,-1.310646795617353,-1.1335524040795757,-1.3284041284871824,-1.247891816843394,-1.1850507495295286,-1.039272116380773,0.0092860380517569,0.092972014327464,0.0094762637612088,0.0586965895030843,0.0304838017060425,0.07365586048827,0.1376511740259821,0.1689675997396021,0.1658467626259526,0.1267867901948279,0.1007496143327492,0.2291210094308104,0.517660766349928,0.9487735669190308,0.2741676658984868,0.1831226702191132,0.3730200486420175,0.5900423295406119,0.5440862237877666,1.06565429904872,0.1257532863168946,0.112140412220191,0.0660543119262215,0.185878016598096,0.3869780377218001,0.1811533970278286,0.4620287832622067,0.399835748707685,0.539266753974706,0.5825333843178806,-0.6954207105512312,-0.6984256365720627,-0.9227327433568104,-0.0368660999960294,-1.2421543570676858,-0.5519495808993347,-1.0650048218318369,-0.4036062116897009,-0.1092222300449895,-0.5687024228313167,0.1289720618339009,-0.4779182685307929,-0.5993945412979754,-0.2023879870267852,-0.7163260206516063,-0.4243958306077327,-0.3994232607125866,-0.3901478653438537,-0.7015446643385095,-0.6246719605349622,0.278587037806758,0.5687347287344967,0.5634484857394206,0.0605095524530402,0.1772259711268685,0.2379359009470922,0.3042730686583374,0.2597782862306014,0.3398839090447784,0.2488956787083498,-1.4376522006017085,-1.4835449040955817,-1.230790628754075,-1.4112738055135312,-1.327578751006248,-1.2599822611636775,-1.441039295156573,-1.2281783586842423,-1.3304324592673027,-1.404544992993008
-1.1236338781127149,-1.2930697851836483,-1.2383521807909248,-1.257808165640883,-1.3403933124783622,-1.1401889608140272,-1.3696798662490248,-1.3036233018569316,-1.2338773965018373,-1.0818068299532635,0.0138263097262818,0.0853626069381483,0.0004098378121175,0.048562154974351,0.0379639288803013,0.0695774637013341,0.1360866449275486,0.1586745134488231,0.165998760198017,0.0973742070271305,0.0810996352009774,0.1841284807739493,0.4614798176887688,0.9054154326188908,0.2357399978325327,0.1459002329786178,0.3366018516327729,0.5305158528418371,0.492410215747094,1.0292432273618868,0.1245899369057607,0.1233148207976629,0.0695192770808558,0.1883374347695076,0.3852688233066351,0.1705861752075012,0.4607739181151033,0.3881239360897918,0.5024607175086199,0.5656694288035441,-0.6677860114501559,-0.6633013120557117,-0.8951928140099327,-0.002233453419556,-1.211548688510413,-0.5377674166660755,-1.0290451373567466,-0.3882127111393739,-0.1021207958528857,-0.5417046416951871,0.2347997779777202,-0.4015889017507604,-0.530966380587507,-0.115130847347182,-0.5984896903448651,-0.4024341197944622,-0.3152712451780085,-0.294432214493044,-0.599393350607214,-0.6168343164490137,0.2979166037990502,0.5124961075258802,0.5650415460323744,0.0425196847479845,0.1150641200963204,0.2888339540059095,0.2317623295623002,0.3565642498926858,0.3100911015393068,0.2699919163620772,-1.3660097858440867,-1.3902599753505571,-1.1683641767667896,-1.4060373378073143,-1.2235159945762857,-1.2990070997284835,-1.3959886908286092,-1.1989843245516203,-1.3922207881104356,-1.3609483829882625
-1.165422077953035,-1.3104526440849442,-1.2399049263105897,-1.257353901060936,-1.3488267613897629,-1.1621330743195672,-1.4101807480782813,-1.3365439588418535,-1.2621268690176874,-1.1434546732588762,0.0207279511658533,0.0805416312189735,-0.0050980062977112,0.0417192628619875,0.0469646169647792,0.0700815636747911,0.1356081671664895,0.1526242067784843,0.164865508865614,0.0763998992470226,0.0645081569745581,0.1419014039707855,0.4045694573262571,0.8603821716607449,0.201083615052184,0.1105125628299973,0.3024962514983267,0.4747408695609719,0.4454278320929183,0.9888055826451172,0.1298030303426496,0.1357988915621102,0.0851344308829749,0.1847286365632797,0.370312182144511,0.1655293607084963,0.4556416299223211,0.3734922318913619,0.4705990124180989,0.5492814589142664,-0.6418130299745315,-0.6253261759328681,-0.8724535694244163,0.0278649925727641,-1.1805333285784732,-0.5215669607252529,-0.9960052814412756,-0.3654745217992277,-0.0940870130980498,-0.5150650707417764,0.329291255585436,-0.3255559968521678,-0.4417554253764823,-0.0365369544072229,-0.4776617785443105,-0.3398753162788813,-0.2445638863358762,-0.2053215287081373,-0.4965828844813736,-0.6094989540510284,0.3217926805572313,0.4191339478785106,0.5187083486697349,0.0745549165442669,0.0770204895843125,0.3252503236483967,0.1531608163082055,0.4384413283481609,0.2688232655952303,0.2740712753339664,-1.3161720940631734,-1.3036706749296954,-1.134193954414842,-1.40714044458832,-1.0861092361505025,-1.3245105516684144,-1.321264493962485,-1.095467371971353,-1.4509493870274983,-1.309319451553269
-1.2186760015985638,-1.3073553756457832,-1.2611785590753348,-1.28127509719386,-1.3354656808849807,-1.19434353996215,-1.4435733503673822,-1.3407137263753692,-1.26514011857157,-1.2135194349518788,0.028723852221114,0.0782032380966598,-0.007596364334517,0.0407731024040976,0.0552403104113251,0.0722484060729633,0.1377364786954361,0.1523419095499053,0.1634600514277534,0.0607776540576772,0.0502176433234025,0.1028765359418815,0.3487962508377718,0.8146001100651645,0.1705263925577428,0.0773232184291614,0.2694551703212712,0.423153146475327,0.4015943507163991,0.9446463382699384,0.1333105933619671,0.1448562931841794,0.1071003964946414,0.176711171878339,0.3456996622804666,0.1691499900982844,0.4447891426809863,0.3618264848751893,0.4447300538145419,0.5339007645698283,-0.6172610695030701,-0.5871628641372618,-0.8512652474901534,0.0572665862098548,-1.1520187944417457,-0.5010988633891621,-0.9622323790775916,-0.3328217777993249,-0.0845556580178839,-0.4880754958706788,0.4041573459962859,-0.2508035880649726,-0.3269455334097912,0.0318078739968338,-0.3664670247958826,-0.2417345747323266,-0.1946408788249381,-0.1237440214302013,-0.4003183379323677,-0.5909393510837166,0.3461593859648936,0.3072111549487819,0.4356110014948531,0.1460251862942742,0.0754076215428662,0.3393170768364389,0.0916466700766637,0.4826674163024245,0.2317409300143909,0.264412969368254,-1.2933339371469723,-1.2275647207987364,-1.1208953643506203,-1.413734769129698,-0.9367168338970462,-1.3189488186406673,-1.2282692521742935,-0.9461159489053496,-1.489296815444478,-1.2492140270424996
-1.272548298577254,-1.2863139989899803,-1.3018658768244462,-1.3267500529694494,-1.304207006570107,-1.2296847984103243,-1.464189328546697,-1.3168145125052777,-1.2450864578260217,-1.2774867519111313,0.0360013578877171,0.0786115455904265,-0.0062678539770543,0.0458959313114479,0.0609469760764236,0.0733347699694038,0.1425263986281767,0.1576173193111807,0.1619023067797151,0.0467485503897131,0.0371600236767141,0.0679886524257243,0.2965610013317666,0.7680480937122853,0.1438395709854354,0.0474953844594607,0.2371896295930685,0.3752197271182388,0.359094428225083,0.8985096380228773,0.1290300943740566,0.1488228300006324,0.1281197026933024,0.1652929424948771,0.3169222436214602,0.1814434204170534,0.4295067892060956,0.3560252072900579,0.4219505779548699,0.5204480142765059,-0.5927974686230538,-0.5507948241567681,-0.8291477550580767,0.0921859555594895,-1.127579078656221,-0.476676493815194,-0.9261284536405592,-0.2928428725388666,-0.0741151555917633,-0.4594952733920241,0.4508651296573966,-0.1783063118108078,-0.1885398473149704,0.0910923389260666,-0.2790445292194666,-0.1215240262294709,-0.1675093766427575,-0.0473095542566446,-0.3138996511340858,-0.5502973593430536,0.3691183020572988,0.2027682501669376,0.3346822027972536,0.2386591820924275,0.1076586200412907,0.3253594277502411,0.0650751678781119,0.4812755744716834,0.2148752182256114,0.247186730342126,-1.292725077728392,-1.1631260630267224,-1.1093212919157909,-1.4192561277696942,-0.7936364726178675,-1.2762523702038029,-1.1268393152171865,-0.800930206101123,-1.49244572407705,-1.1792468783170964
-1.3164990953823326,-1.254383593074766,-1.3551906547441064,-1.3829696215515157,-1.2629293188462356,-1.2606060674532646,-1.468435604233953,-1.2721668551629872,-1.209890898385017,-1.3212585256512224,0.0413953362302851,0.0813763618439828,0.0002146498043132,0.0548687393013666,0.063686356425432,0.0715696760187275,0.1479384981832287,0.1668982174461213,0.1594807609408143,0.03165339756931,0.0244940851771576,0.0378510435901054,0.2497151586778901,0.7205761565287473,0.1203620185749923,0.0223696516730319,0.2065019166335466,0.3297097859487722,0.3166576919103843,0.8523050515300798,0.1162442810205131,0.1493472173343497,0.1433465336679691,0.1513926061659628,0.2882557976597735,0.1985427149862348,0.4128478887812936,0.353776083467152,0.3988885944613775,0.5088016888615285,-0.567521955248733,-0.5172539542866167,-0.8061824588413535,0.1361385963761646,-1.1070182599121867,-0.4504510845148575,-0.8888376706584213,-0.2521652179594934,-0.0638632443411478,-0.4276144847502733,0.4615131622280574,-0.1092259383747217,-0.0368567505147746,0.1425290386681335,-0.2270928923767669,0.0026736671152622,-0.1580539678835193,0.0266172951009339,-0.2355878151577616,-0.4824598630891469,0.3872041072073248,0.1309889136817386,0.2375155512937602,0.3303251237594498,0.1592602685679219,0.2830533574697514,0.0813098704186883,0.4430348053564533,0.2302174895179585,0.228644962673881,-1.3015530236595525,-1.1109340125269913,-1.0762853891223705,-1.4111257732426696,-0.6692305082248234,-1.2029554833630305,-1.023463651580233,-0.710123562152787,-1.4523314587768277,-1.0979472158649553
-1.342872321352092,-1.221829574655722,-1.4094441311443326,-1.4349650618254477,-1.2220169328237669,-1.2803980325958535,-1.45636305018297,-1.219273611190444,-1.170354793304378,-1.3362801412872765,0.0448214759350888,0.0848514091932241,0.0119181538862915,0.0646041759789264,0.0642725164720778,0.0671526018156033,0.1509567236134042,0.1779805043091099,0.1555270214957186,0.0152712232605632,0.0122236970886999,0.0123855316002158,0.2087503826199115,0.672649076410329,0.0992088471841444,0.0029984295430377,0.1785759000776032,0.2856471980778822,0.2736557197816125,0.8070134525697442,0.0993022833344543,0.1494465383256492,0.1517048382625493,0.1372798784833232,0.2618586013662996,0.214739627277599,0.3970304819205916,0.3490664054418185,0.3750171394793148,0.4959905593910999,-0.5423373918784401,-0.4868881795955325,-0.7842764943701936,0.1865386715840678,-1.0889266581447818,-0.4246728605846102,-0.852720038096731,-0.2175227171718841,-0.0541352382130721,-0.3914240332209512,0.4316950525842613,-0.0440891836933486,0.1113460239294499,0.1859209255181903,-0.214340441649168,0.1120154664001139,-0.1549574288301465,0.0991728215383792,-0.1604214719015684,-0.390277848827847,0.3918723439057983,0.1087906866916704,0.1640369921693243,0.4005025347178931,0.2115955999190472,0.220118316448152,0.1346508532414529,0.3882511777163631,0.2798355928888291,0.2135679304755991,-1.3027015853066797,-1.070877640721279,-1.0043999114494917,-1.374003561399679,-0.5688606256718289,-1.1135022580265803,-0.9240935019427684,-0.700738182687323,-1.370658269737801,-1.005272577945501
-1.348417013426682,-1.1995028818730311,-1.4511842729742903,-1.4693643648402892,-1.191932790980419,-1.2841041731466365,-1.4325285635566196,-1.17313293179382,-1.1366906241890828,-1.3233165215312124,0.0468192150312362,0.0870420907534098,0.0265664395904376,0.0729260748081215,0.0636932272532724,0.0625694676974406,0.1496654596276889,0.1885055746136785,0.1502613861221331,-0.0003592331231096,0.0012531543944957,-0.0089107583543606,0.1728892969480372,0.6252358360826226,0.0792201769954202,-0.0100778603471011,0.1539049779029821,0.2431186481061513,0.2299400530698875,0.7626563571171443,0.0840695781203705,0.1512119864911995,0.1544476096269094,0.1267739734504117,0.2387499877574285,0.2253669553767108,0.381959241184269,0.3361654748199364,0.352903056571851,0.4762413382712499,-0.5195719816955439,-0.4596290390236677,-0.7649161085229225,0.2354551995238903,-1.0715850935756193,-0.4005115510855586,-0.819061064253918,-0.1920101544601026,-0.0441551685216023,-0.3520198738754721,0.3643233317508198,0.0179489123358069,0.2373637500942308,0.2202340269768644,-0.2329502801848212,0.1909027065414839,-0.1446289885464521,0.16930934500342,-0.0843535738797772,-0.2832967838055059,0.3706358586891273,0.1406535476538115,0.1290955391649011,0.4358671110816136,0.249264384971878,0.1512695373955843,0.205073035608157,0.3389879723254742,0.3521320325305005,0.2051762778594183,-1.279331584525428,-1.0403934686831593,-0.8892378082666709,-1.2957577380136895,-0.4913242677438796,-1.0228835563508418,-0.8375418636388319,-0.7629616927815137,-1.2594155818105643,-0.903643994414644
-1.3345491594911665,-1.1956257820518872,-1.4693117292528095,-1.4792814810142982,-1.1803478207322189,-1.2693043570692968,-1.4052356581543235,-1.1475051337907307,-1.1158595961785271,-1.2927602773795122,0.0478765501978471,0.0873596314527282,0.0402983840048457,0.0792805615047635,0.0624347642793136,0.0615122206092301,0.1446359082132146,0.1963582375632739,0.1447987588832047,-0.0124589976828611,-0.0073461253433609,-0.0265027432740812,0.1409608065708651,0.5790380043231457,0.0588461747294862,-0.0171072100457633,0.1318443886627328,0.2031608102764128,0.1859406629936683,0.7191571118002581,0.073988318531157,0.1549212036093661,0.1530215419284877,0.1231898496150055,0.2198025923069927,0.2282133966377114,0.3659950042948267,0.3131469386028197,0.3351872367421117,0.4439771642339569,-0.5009457456335468,-0.4350013980805065,-0.7476786122727487,0.2734730379156661,-1.0536647444198746,-0.3782474861122042,-0.7870888806420112,-0.1743111472741327,-0.0333005974673685,-0.3128523363149897,0.2716361161432487,0.0786336513684345,0.3258899577086009,0.2447467054020248,-0.2650633023286353,0.2312497116184836,-0.1167709341879024,0.2332664178452811,-0.0079929993223042,-0.17424450103001,0.3136831074001276,0.2176677722889541,0.1391751648837745,0.4333543684183137,0.2634630464292428,0.0930895165904915,0.2629947504752002,0.3099917839763739,0.4239804164054744,0.2052912934419784,-1.219679477546452,-1.0129942686269338,-0.7406182546687714,-1.1734837419896826,-0.4306446061949061,-0.9409043509928792,-0.7748689992795205,-0.8532610923076985,-1.1382834959947818,-0.7975953577624147
-1.306558193638394,-1.21329415950534,-1.458806803131397,-1.4661466304729158,-1.1895883282482618,-1.2368208141923982,-1.38399067472389,-1.1507980174329244,-1.1103796192087263,-1.260957477962828,0.0482130286651229,0.0874944933996227,0.0498353218701699,0.0841468042572717,0.0607770997254877,0.0667545983700548,0.1385608559705441,0.2002496994265921,0.1403156706907335,-0.0190885475519619,-0.0133300554748941,-0.0406912218966454,0.1122750010532577,0.5339464121723417,0.0364902791628859,-0.0195114941718948,0.1113031623194985,0.1667856955807482,0.1430339840485537,0.6770702569731331,0.068567052994084,0.1597806121420608,0.1482418875247181,0.1264680161266652,0.2055298059819339,0.222956130458457,0.3478905614697171,0.282827362291961,0.3210624713822237,0.398211029625916,-0.4857073145724834,-0.4120816077378595,-0.7308258585518815,0.2934412025306053,-1.0344978365123196,-0.3582433245885981,-0.755057264577565,-0.1611310377708508,-0.0227934443439512,-0.2782529947358433,0.1731209860370479,0.1390619819904513,0.369313641091348,0.2591316833891391,-0.2895396691092409,0.2354550424621551,-0.068882970478912,0.28453939332353,0.0630077415489771,-0.075330445462515,0.2220384360770228,0.3190097060356152,0.1895085645679367,0.399215644611852,0.2520935309979052,0.057998134063476,0.2800114449191452,0.3049540698175287,0.4692028867527935,0.213904459566673,-1.1208463625112093,-0.9790149033823558,-0.5779835916987205,-1.0165404801496258,-0.3788364682097864,-0.8707092519679709,-0.7437144178975998,-0.912934137557329,-1.0292689277239218,-0.6922229519538075
-1.2721799403207643,-1.249676035969677,-1.4227503146782712,-1.4381631857007775,-1.2153103083153785,-1.1911636526346614,-1.3761847900860682,-1.182963191026803,-1.1183004298225376,-1.2441637272248929,0.0480513712637518,0.0903056355371326,0.0543807319162383,0.0880326085296483,0.0595217885401431,0.0783488851454598,0.1345516580108253,0.2003834259340405,0.1372059283126712,-0.0196679599786438,-0.017654879246901,-0.05186413113823,0.0867407736901436,0.4893363910722464,0.0114646633569124,-0.0199336055622833,0.0919633124155958,0.1340489060939397,0.1036780273341201,0.6373463888143571,0.0647846876413081,0.1650435171850228,0.1409657433835294,0.1323023089139432,0.1952656853230668,0.2100818222052911,0.3277989298733403,0.2512267372139899,0.3056446458387405,0.3449628140826548,-0.4707936616486513,-0.3897367484948056,-0.7132113260025438,0.2919360147648759,-1.0139736038933618,-0.3414287989507201,-0.7221836643984326,-0.1504350220258151,-0.0157808215109237,-0.2511998373319154,0.0897370657596336,0.1983201875693516,0.3697392965919385,0.2625781924601015,-0.2903609698021911,0.2156639424486756,-0.0071084589200093,0.3157539885594527,0.1216221182305023,0.0043709277463186,0.1113498908110025,0.4159225107583191,0.2636265163146808,0.3451674771034544,0.2193788828219837,0.0511382500705964,0.2415511820702693,0.3189629759222125,0.4694280553462618,0.228643234712897,-0.989885913524168,-0.9288567177043552,-0.4225602133801749,-0.8448920642178072,-0.3286511086329686,-0.8110909917195448,-0.741180846013338,-0.8931854900259519,-0.9498951260184562,-0.5916354697485685
-1.240026893782456,-1.296911702963946,-1.3717010318344849,-1.4068063749986466,-1.2471975286024437,-1.1403879280420717,-1.384616114918204,-1.2349075091836264,-1.1337132988109246,-1.2528725865384331,0.0478768156683458,0.097445242178935,0.0557752539728304,0.0910401352375263,0.0601136564157917,0.0934483138624336,0.1344824731271248,0.1986487992864307,0.1350638890455196,-0.0144761390831956,-0.0218433786533861,-0.0606573441196245,0.0642286426573996,0.444927106833694,-0.0150393894176762,-0.0214728586973651,0.0748023089977514,0.1040385295014604,0.0708180597430781,0.6003373218544749,0.0595121149810915,0.1702449937624471,0.1328898581270131,0.1346645361077323,0.187221743058668,0.1908438776380436,0.3064981047703237,0.2251157359038721,0.2832066387749921,0.2953061414063775,-0.4530897832100552,-0.3672037850524176,-0.6955103275528789,0.2689294296499356,-0.9922795298637856,-0.3287081177112522,-0.6895241972497129,-0.1426713316463862,-0.0151444939966334,-0.2320877549732204,0.0374547034629984,0.253521135342173,0.3385070434554054,0.2535953091932392,-0.2620749032427145,0.1885236004783672,0.0572735308918533,0.322750986532576,0.1647282844946813,0.0603963958889751,0.0079284494467432,0.4788096513005848,0.3375132335448156,0.2843733157240822,0.1761972397060396,0.0711507757385075,0.154634826565406,0.3439704617778895,0.421316208258421,0.2451819371022904,-0.8411396858576127,-0.8570570783296199,-0.2900557358738176,-0.6832252052375463,-0.2750750962595891,-0.7598485831693994,-0.7508140212146523,-0.7751609939983097,-0.90710038449587,-0.4985457072402763
-1.2181852501904125,-1.343994199028788,-1.320481567681593,-1.3831922389961508,-1.271881771800107,-1.0949155826531194,-1.4069063012449492,-1.2910909256714205,-1.147646129889577,-1.2887446700985712,0.048274882965882,0.1076979825591224,0.0568508779845866,0.0931856253018878,0.0637679739364486,0.1079222244962752,0.138452901412668,0.1978325848400879,0.1334521552523377,-0.0040600450713025,-0.0268946980059734,-0.0676415500875468,0.0439599213831357,0.4013492370149177,-0.0399013841556441,-0.0262669279938268,0.0613087440492657,0.0757526006815129,0.0466483906962153,0.5650717275575659,0.0507667619996163,0.1745784734815495,0.1262370996867332,0.1300198535798972,0.1798905229870103,0.1681599986276956,0.2840988111838232,0.20991492908874,0.2517996286861697,0.2599343568878979,-0.4319502952623572,-0.3446717321721642,-0.6795382509295859,0.2274701600200082,-0.9697095235867376,-0.3199225201576268,-0.6590033637607655,-0.1392498885119399,-0.020784966325055,-0.2195037687786638,0.0235181985234652,0.3013463777967217,0.2936357105129319,0.2316091076302198,-0.2098847244946939,0.1678006636979006,0.1137146819148205,0.3086044265537243,0.1961839511351675,0.0935508049720356,-0.0612358884645653,0.4866066063757773,0.3881236478197092,0.2291344206244693,0.1393081941678952,0.1124488694627673,0.0458515735749921,0.3728457064314767,0.3363498646042042,0.2587983624553319,-0.6906989085732531,-0.7647874221021719,-0.1868453074139434,-0.553112344828886,-0.2151253925102632,-0.7153906093547525,-0.746977835997356,-0.5765072666656473,-0.8942742239269573,-0.4149946564675282
-1.2128744668179123,-1.3789768406082323,-1.2834346581529676,-1.375360577930479,-1.277309597244186,-1.0649341212594028,-1.4366654123733584,-1.3346185798629038,-1.1497604659817502,-1.3448377430793714,0.0494649503439623,0.1174921391761908,0.0593459230692869,0.0948634590245213,0.0703294366063202,0.1186353958787198,0.145309769113363,0.200006526615749,0.132519738038387,0.010699554637792,-0.0327191015790986,-0.0727869673663171,0.0246773341381978,0.3598169702997299,-0.0593555778693726,-0.0342803261781041,0.0520400986711595,0.048971231739334,0.0314732825502397,0.5296278240666795,0.0374005280180149,0.1764687637058914,0.1225351643030158,0.1197615783569727,0.1734690778478062,0.1469157582994126,0.260069533518912,0.2081499799541323,0.2154293458717649,0.2438715432405111,-0.4098732698071013,-0.3233583323823498,-0.6663650620378753,0.1740891403802425,-0.9465657246026048,-0.313464965627113,-0.6315626946645091,-0.1401614384796635,-0.0290051420874913,-0.2122537535267222,0.0466477994683923,0.3399483642114503,0.2556942033051387,0.1994480743370601,-0.1454916266990468,0.1590867762793323,0.1570697208396818,0.284088363065874,0.2255775559352771,0.1095552166436462,-0.0790645476736407,0.4350330050670957,0.4025989459206613,0.1897348010304961,0.1268345226399922,0.1661625645272128,-0.0496765917562341,0.3997878588336549,0.2343419455624048,0.2659476795204319,-0.5508747010232914,-0.6593497220323566,-0.1105019536247064,-0.4660795506994639,-0.1467723108500953,-0.6757148565832555,-0.7052076834737941,-0.3428782376421255,-0.893142553370737,-0.3430347202152408
-1.226871938308471,-1.3913385396419755,-1.2697879443303914,-1.3865784561130894,-1.2569498343762382,-1.0566435076793008,-1.465484800746127,-1.3529064594914382,-1.1311144725235147,-1.4083854458937404,0.0510341963064552,0.1232307123613,0.0629852126489337,0.096789858181575,0.0780222032256632,0.1247938669222052,0.1533489783639029,0.2050730227851343,0.1326615339538492,0.0280403239617891,-0.0385625310331069,-0.0754041059043565,0.0055053911596815,0.3211552639519107,-0.0709879406996016,-0.0432365048090056,0.0458507270185656,0.0242862104653705,0.0234771133816628,0.4924114471999994,0.018606879614871,0.1741385816551217,0.1217876334448949,0.108766669583528,0.1695012103751994,0.1324254305349027,0.2347652138373324,0.2183383858746431,0.1819537869680677,0.2446877058350962,-0.3908078684529589,-0.3048437725330779,-0.655114314316168,0.1187637134014212,-0.9229974429509082,-0.307002286477187,-0.6061027431621904,-0.1432789497079216,-0.0348186467360246,-0.2107387632602971,0.0995802540107428,0.3697191159744811,0.2426366646028363,0.164509052028806,-0.0818313898130839,0.1594422680564783,0.1884362190708816,0.2631502467069957,0.2638181620442591,0.1171805249703736,-0.0444794809574309,0.3392864699813402,0.3829830847501304,0.1724812690007924,0.1501469315004675,0.2196846390997749,-0.1023529247010948,0.4184741256827685,0.1356108810620226,0.2645056916801802,-0.4278586613647593,-0.5510479374119245,-0.0533639800210928,-0.4199217789427338,-0.0684996041766415,-0.6362965189990956,-0.6132695422897807,-0.1294591264454897,-0.8804114225707665,-0.2842103603232623
-1.2578092345280505,-1.3744715674317105,-1.280773729106612,-1.4144849813952225,-1.2121215420561693,-1.0687946011814624,-1.4849265981351667,-1.341572018791921,-1.0873780134800974,-1.464728625992356,0.0522305623217287,0.123610988137632,0.0662338166302593,0.0994217177357088,0.0845336549439437,0.1275168957707426,0.1605441560847714,0.2106246529887022,0.1335165033556031,0.04514695071411,-0.0439511479066428,-0.0749058608016546,-0.01335384701949,0.285110183610418,-0.0751165923070931,-0.0499457571854524,0.0405585141357914,0.0023332524122619,0.0195529248502307,0.453284959946224,-0.0054538596820873,0.1668848198265121,0.1229268509920487,0.1013150049988279,0.1686104467375952,0.1276035409553902,0.2107007386655147,0.2348089458015583,0.1583763452683299,0.2547383863755352,-0.3775504377488983,-0.289993140232402,-0.6435938709166809,0.0728966951125882,-0.8987622177755643,-0.2987808399863498,-0.5800674267442881,-0.1460217084450844,-0.0352421158143228,-0.2163979775879229,0.1713711135482407,0.3923816541707789,0.2646560001802604,0.1371792344256624,-0.0292919909209292,0.1613392697675131,0.2123347240387087,0.255841643344811,0.3187489962991012,0.1250795016377704,0.0277585829564696,0.2288529744189615,0.3433639106222132,0.1763043156873118,0.2063856989246094,0.2575502298652637,-0.098128913199727,0.4212587633652396,0.0564211834408766,0.252798462709245,-0.3236824829793303,-0.4492011628849767,-0.0068566530686049,-0.3995598467159377,0.0195421344866691,-0.5893405741874869,-0.4771297116534652,0.0191755169127658,-0.8367384088860695,-0.2379229738885518
-1.29718324004868,-1.327849240933807,-1.309555262921962,-1.451221685790943,-1.1515012951043326,-1.0916386574899224,-1.4881732500354905,-1.3049995167790878,-1.0210841999877194,-1.5011980417049386,0.0526289376769738,0.120190154299982,0.0678014401275211,0.1025069537043604,0.0886537148072514,0.1282596944971934,0.164569303217528,0.2134296678345636,0.1334778484960109,0.0589587587149249,-0.0492184934992254,-0.0718728009006871,-0.0307824043259619,0.2506721607690872,-0.07452001144463,-0.0523007484161102,0.0345267067641798,-0.0169242364477066,0.0165620667603765,0.4135926111480455,-0.0323052626399792,0.1559912540065843,0.1250055324726038,0.0979299507592918,0.1684229451899797,0.131028248172117,0.1917835179348598,0.2493668608734502,0.1470623591546484,0.2652052051544492,-0.3702838356933725,-0.2781917052246767,-0.6300853661636606,0.0454141284709706,-0.8732779804035337,-0.2885643563907125,-0.5510595289794683,-0.1476271261667965,-0.0307364280581805,-0.2298190543742585,0.2484294146837667,0.4092786532600151,0.3208797501498361,0.1272139279718969,0.0060343285250234,0.1577082841140748,0.2328646443407609,0.2633919224646425,0.3931937497378991,0.138775182901241,0.1120177045326131,0.1362946961516024,0.3010644301333309,0.1901507395779813,0.2773403253371976,0.2659821994035649,-0.0408133001859875,0.4014544226645968,0.0083872585751573,0.2292434142898314,-0.240498346891911,-0.3592726814027836,0.0352720342925118,-0.3823806352080482,0.1132056089500847,-0.5256979945087719,-0.3189382462992972,0.0832871641177356,-0.7541058096703355,-0.2000571486890004
-1.331287628146486,-1.2580088897558064,-1.3438115331763725,-1.4849924899017268,-1.0880908758063776,-1.1095959820573564,-1.471302508820554,-1.2537079360726069,-0.941577495730929,-1.5102155202979834,0.0525778860982453,0.1159596033657677,0.067504237279927,0.1053433789361735,0.0910993447856392,0.1276253261152701,0.1633614610372075,0.211600858237296,0.130490192214789,0.0675720743379523,-0.0550770040229862,-0.0684305700255185,-0.0455715964242831,0.2171764907719191,-0.0726810154574824,-0.0506456173380482,0.0278297993689457,-0.0340960015321683,0.0122313205387603,0.375103275704534,-0.056818459448551,0.1443971646290233,0.1277460859155189,0.0958241131775122,0.1640756404100798,0.1377995955178218,0.1806878929278658,0.2548304252397318,0.1452325927614703,0.2692321822331121,-0.3671275765801073,-0.2674704125562526,-0.6146014809043768,0.0391292979082084,-0.8463726958952984,-0.2775842161840962,-0.5181118541797562,-0.1496984733841096,-0.0238335062572878,-0.2494070962756067,0.315568925501638,0.4202907420195464,0.3997145135427443,0.1403160290026673,0.0229545516165008,0.1451320518263718,0.2515795072621238,0.2786155176216603,0.4853413307133605,0.159642333034122,0.1792394000287225,0.0853172424606508,0.2674455525230075,0.1946026991293264,0.3371394600459075,0.2398212382619836,0.0521519504480221,0.3576100542945852,-0.0011626162307772,0.1941993073663229,-0.1834648744938174,-0.2821803699884597,0.0755786624002769,-0.3464002808615436,0.2024896539304821,-0.4387235026094255,-0.1684225601778056,0.0719421852877683,-0.6383195309887,-0.1633625888956886
-1.3446817306436605,-1.1775742661588957,-1.3696040556106786,-1.5031956038376422,-1.03485151105564,-1.10691233837006,-1.434117899786428,-1.2000957296722272,-0.8622788488789684,-1.4910893428927277,0.0529956816843007,0.1132711731346735,0.0659421488180983,0.1075310036788151,0.093763949262302,0.1255632716306444,0.1563454337312745,0.205905783198372,0.1236166851708708,0.0711389083541624,-0.0615996232768437,-0.0673953501660168,-0.0570929960523658,0.1851528803682709,-0.0718667827884746,-0.0475748459843799,0.022084273391806,-0.0495846315411691,0.0053982682976438,0.3388147941188814,-0.0730525818680153,0.1352887283376668,0.130802778983593,0.0923102894023829,0.1514630449017479,0.1428661737954951,0.1765415449161706,0.2487316074366101,0.1473465573594796,0.2630960614541753,-0.3658050743419183,-0.2555026622949058,-0.5986158142739444,0.049878545956089,-0.8194323734559488,-0.2675799071816679,-0.4817608121033293,-0.1544274927106357,-0.0166453852282734,-0.2718799002599543,0.3589067728334699,0.4241090244821456,0.4831207962566524,0.1768417163687101,0.0252608487228461,0.1243878909419214,0.2677573642229739,0.2909730881055765,0.5896206649642022,0.1864730967826841,0.2052741604333609,0.0837309713324124,0.2439925292998232,0.1688623301291034,0.3649587107129305,0.1871054014975424,0.1565578128984651,0.2967242289221072,0.0291134240131761,0.1531575811333223,-0.1595181825840879,-0.2155639617458386,0.1133023319662658,-0.2783183880010651,0.2720671359390476,-0.3280247982542209,-0.0521845004098117,0.0164513120563799,-0.5058666932395304,-0.1199374420379218
-1.3254023831513664,-1.1021536017598446,-1.3749022599775975,-1.496393173504816,-1.0004854008847917,-1.0737345462883554,-1.380339072384254,-1.154465126524777,-0.7960948844536196,-1.4500071205255871,0.0547046562071683,0.1127673672270901,0.0636816862688525,0.1093599430398266,0.0979517068059475,0.1224795530336045,0.1453794311715934,0.1992681603607814,0.1140345046131958,0.0714998746504254,-0.0675702590783044,-0.0706499844537366,-0.0652712942589651,0.1561102882836306,-0.0724159636376606,-0.0463136379238165,0.0191817594704883,-0.0630294348549413,-0.0041023497557095,0.3045702748909156,-0.0773645556456728,0.1307580769879477,0.1326246312327712,0.0878754769432694,0.1307108768524573,0.1442567640714308,0.175105967205967,0.2346422121740041,0.148161220790236,0.2461890921390345,-0.3648090177877621,-0.2408418225848399,-0.5838187641393509,0.0691063259952695,-0.7957930760659843,-0.2596012841671611,-0.4432719874034759,-0.1621268946281358,-0.0097366565895363,-0.2940135532053718,0.3704478346603999,0.4193898943553583,0.5528844809553871,0.2327603367928943,0.0208186846050579,0.0993939262779049,0.2796852549356168,0.2926075430019944,0.6967240710266018,0.2181607822438409,0.1787962356850821,0.1237930182518143,0.2253791263399761,0.1001701138741331,0.3546558786830788,0.1269600293656335,0.2478058826384788,0.2339904256559852,0.0912582613853089,0.1180248960410877,-0.1723351173048307,-0.1559434470405283,0.1458644962846846,-0.1784199627695126,0.3051071978308267,-0.2011036129936987,0.0142521557046768,-0.0432602548519427,-0.3770405929816076,-0.0646898534787998
-1.2698395814702534,-1.045758171420234,-1.3520294569740603,-1.461569198426912,-0.9866505018390082,-1.0096912257042192,-1.3169891480610334,-1.1225629917329192,-0.7507293322062114,-1.3980387808877286,0.0579570987217306,0.1138446293352252,0.0609766685971704,0.1112902578753318,0.1030571937255198,0.1198779215017106,0.1342514314070102,0.1948650175015071,0.1045649737888636,0.0708508194738725,-0.0708903722449217,-0.0779052056736055,-0.07012361899285,0.1314638050472611,-0.0734956305240654,-0.0488180750993587,0.0199681178858222,-0.0736771761048326,-0.0155089509756704,0.2716026093753881,-0.0704119040832446,0.1315591675936535,0.1304682727478248,0.0861044251286107,0.1069100583851763,0.1435841350188523,0.1715287103027851,0.2198440583995435,0.1445519605017955,0.2208988246715214,-0.3632951967448597,-0.2235779701043763,-0.5712449961384115,0.0881327744262123,-0.7794146055369525,-0.2534131255856729,-0.4040348806836981,-0.1703490210057535,-0.0031500067842133,-0.3139350716539867,0.3516353112721479,0.4056885326738393,0.5959227102273208,0.3014200723675445,0.0190062284389099,0.0758899604718191,0.285410486156861,0.2816712511267952,0.7934283336412346,0.2550504737425362,0.1064669390213668,0.1880554730719885,0.2060577170463117,-0.0095107435672569,0.3149872283499408,0.0810577398989327,0.3060749059734979,0.188807070163994,0.1668456099995443,0.1036460116524089,-0.2166800186228032,-0.1006419378433418,0.1706504804849324,-0.060494428695805,0.289468109956046,-0.0721265347201402,0.0290207795318937,-0.073571886948406,-0.268640616445126,0.0020302293768903
-1.1850048599776244,-1.016110307126571,-1.2991973150483906,-1.403118205466184,-0.98748195972341,-0.9234005467198207,-1.2529933090993766,-1.104962072941975,-0.7260063101462728,-1.34768255623746,0.0625848038577351,0.1157844271657091,0.0582471355156264,0.1130173004479827,0.1068357490887441,0.1196987136189654,0.1266157042153547,0.1942662468310545,0.0980782859463335,0.0704953240436104,-0.0698514843832469,-0.0867698489807986,-0.0715753893864304,0.1115990483797165,-0.0743792768113265,-0.0548217191909191,0.0237674822969516,-0.0813999811883894,-0.0271072625156469,0.2393184477129185,-0.0564503389454036,0.1377829376463416,0.1221229674855355,0.09067737044651,0.087330888670209,0.1435266878612198,0.1634563488000514,0.2106491754878525,0.135842438016519,0.1923173784372838,-0.3603939189760615,-0.2049761830942185,-0.5614222533197206,0.1014039417828537,-0.7723917789894587,-0.2479133441665049,-0.365656234663213,-0.1754220325023404,0.0019290602353494,-0.3309239111863766,0.3128686695517699,0.3834827967776495,0.6067480798434577,0.3747365572914058,0.0271029600564986,0.060290517684197,0.2828501729732062,0.2617579090343924,0.8641036751672562,0.2977814531862829,0.0121593473115548,0.256494165370622,0.1846184412107329,-0.1431696880375511,0.261025188462603,0.0638919227190205,0.320757682270308,0.1784452621089166,0.2313392666099525,0.1202112807929612,-0.2761139235406659,-0.0487924275851071,0.1862735089944799,0.0531559658801541,0.2237307938577773,0.0413760670326383,0.001712061238218,-0.0576688121240616,-0.1892852196795623,0.0739210384729821
-1.0869192132319665,-1.011633366777514,-1.2212551787319306,-1.3310542502745586,-0.9916685697020706,-0.828507596578246,-1.1971900013961736,-1.0979627857775534,-0.7146111040973895,-1.309169476727851,0.0684976499203908,0.1183412312737025,0.0565453605217111,0.1132237878408805,0.1071131531161215,0.1229104899028181,0.1237161171923322,0.1969063096812079,0.0960008023263529,0.0705431397888887,-0.0643727179849485,-0.0940735217220365,-0.069880426916781,0.095846113999207,-0.0750844822186242,-0.0622541608616569,0.028855765247192,-0.0873464998616088,-0.036411368452651,0.2075901365139114,-0.0406564416741675,0.1492144931184649,0.1081175318181164,0.1022466202157913,0.0771371952950811,0.1446703798272234,0.1520275568049075,0.208522500389281,0.1235615470440213,0.1667912196707107,-0.3551636828116243,-0.1863911185325965,-0.5548607407744824,0.1072410132544079,-0.7732964102470772,-0.2421615484080545,-0.3302801192021624,-0.1750600725330044,0.0029923171322216,-0.3443476949596682,0.268670086641064,0.3536443970578434,0.587285114164123,0.4438410461263964,0.0474850677098357,0.0583267750875243,0.2703309408000497,0.2389636323923271,0.8947793348560045,0.3449074780432779,-0.0714763990268985,0.3117494010379216,0.1626353551847996,-0.2744520331970786,0.2039586879417373,0.0778996985148204,0.2936210968935957,0.2113681770001873,0.263319969182843,0.1661093005216951,-0.3262973784028129,-0.0012675041558276,0.192774446474659,0.1397366214931937,0.1201756097018643,0.1223964208597717,-0.0509228049051852,0.001623616818276,-0.1387637596489512,0.140447896562959
-0.9954378739186612,-1.021655673805178,-1.1291521448619948,-1.2574206886110486,-0.9864474289171884,-0.7385264755072389,-1.1561176365533126,-1.0953449156828388,-0.7057987601407509,-1.2878322811165046,0.0758538629507452,0.1214449030679575,0.0571824961730303,0.1105273962513139,0.1035765487357201,0.1287192830438403,0.1236765767761811,0.2009720446603263,0.0979654514393262,0.0705496021646219,-0.0563052551348011,-0.0974692596915226,-0.0662039508996348,0.0831747011886736,-0.0760653581572086,-0.0684924949817193,0.0333115269373641,-0.0934847336613418,-0.0408085289453937,0.1764930999258807,-0.0267767158731319,0.164485589813215,0.0922821270977271,0.1177716479734298,0.0766468093412038,0.1446095390246254,0.1402260273860933,0.2096848543445931,0.1111403688121041,0.1490561212666396,-0.3474877206292299,-0.168305774390572,-0.5517825427969411,0.1066603040865219,-0.777952524334415,-0.2361134923962337,-0.3003251728445185,-0.169741697762067,-0.0019821441241701,-0.3532555556680567,0.2314670292840601,0.3173197497871712,0.5453554440420264,0.5003080439875551,0.0772364549946365,0.0732456502309759,0.2482088466513299,0.218972139576755,0.8781549680448482,0.3917206604270221,-0.1167806531678839,0.3420603393215098,0.1399576180496114,-0.3758623493911052,0.1470582926693263,0.1153595826291794,0.2385205093737697,0.2824913226754417,0.253646966287555,0.2265609757012692,-0.3429655948198466,0.0401888025118273,0.1907645328617976,0.1839953373454593,0.0029157462077562,0.1581075244992094,-0.1089456160949787,0.0864698060160472,-0.1107381091401283,0.1899570710599993
-0.92736779809377,-1.0301243307592445,-1.037499333983339,-1.1926992209514036,-0.962004965066371,-0.6628869074026069,-1.1320708147339136,-1.0901704424252503,-0.6897966203817371,-1.283271019292054,0.0846094830494072,0.124703886293201,0.0606291894382168,0.1048893806593809,0.0981910935974901,0.1351843315939383,0.1229915656637152,0.2046787837532921,0.102607409834301,0.0703437991786832,-0.0485826779781612,-0.0962523780489152,-0.0626236943192286,0.0727546696539505,-0.0776106260211542,-0.0715482348837653,0.0356457221031875,-0.1013177016915775,-0.038475321964154,0.146072331811798,-0.0167803655055149,0.1797441205398056,0.0796318779660342,0.1324196001672862,0.0817751855114495,0.1400516906399413,0.1302893065891035,0.2083349605565612,0.1029625595543583,0.1395073178103293,-0.3388862733256098,-0.1502020447502201,-0.5510340510313408,0.1019203807039255,-0.782096804225882,-0.2305067192395927,-0.2774981638967302,-0.1616794694427759,-0.0124157630440899,-0.3573073818863957,0.2077980030427997,0.2765671683001653,0.4926571972184302,0.538570682055479,0.1101290241155675,0.1042656278272522,0.2207015742094163,0.2054430917097715,0.8165174767918975,0.43143583744155,-0.1138270900805174,0.3430488169488702,0.1117526425718508,-0.4256220970179769,0.0898621901737936,0.1638994730745011,0.1759022466270731,0.3729188200586332,0.2089782666076067,0.2798146126382355,-0.3109809242512247,0.0740149707660147,0.1803555414890764,0.1832548304925071,-0.0985801336234705,0.1435040788787052,-0.1523007033272963,0.1732227417628246,-0.0966450280309224,0.2131231587927527
-0.8906208250445566,-1.021398611568314,-0.9604752408311168,-1.1435758879137832,-0.914495571108186,-0.6053437704863832,-1.121969858055948,-1.0760573692649975,-0.66047518017933,-1.2902605352894962,0.0939220877040533,0.1275090627242135,0.0657314069167251,0.0981358188905474,0.0939082074954274,0.1406555639195012,0.1190717132405432,0.2069053448594858,0.1085800017688372,0.070267405908221,-0.0438096417478274,-0.0910916107224357,-0.0613086447609066,0.0638323038528298,-0.0796797115013228,-0.070685955518782,0.0350814769728523,-0.1108502557352628,-0.0289483748595404,0.1166209348488392,-0.0120977883881505,0.1887619461385854,0.0729192089378371,0.1420208263383092,0.0868511837920557,0.1298968025690869,0.1223019555439964,0.2009791567317921,0.1021846113884225,0.1339248971688615,-0.3319972520333565,-0.1311795327311163,-0.5494935129153533,0.095887911236513,-0.7836134866608133,-0.2261789326226359,-0.2617932922439539,-0.1524470685475591,-0.024912673348362,-0.3580109866357582,0.1984597184344061,0.2348027528317326,0.442070251212915,0.5585034705108458,0.1393895917432803,0.1465414630111591,0.1961967192541027,0.1995182102650849,0.7207622599152357,0.4577673874964173,-0.0752083005383223,0.3187704106407788,0.0708917504105366,-0.4113670744695674,0.0357170001121919,0.2109194020548698,0.1235557915269125,0.4557320191172348,0.147745865034131,0.3073862236728297,-0.2301896961969997,0.0994486885925001,0.1611445851338289,0.1476892288390038,-0.1583586556588464,0.0849982628764702,-0.1638595932219311,0.2422025762107773,-0.0885986023040669,0.2059258123043846
-0.8818243227386324,-0.9856373989186484,-0.9074464056990624,-1.1122722711128392,-0.8465924107403293,-0.5644909265424765,-1.117521248535442,-1.047886309826873,-0.6155624524214145,-1.300780403279549,0.1021753367895026,0.1297273324022475,0.0702005517724046,0.0929350660675134,0.0927306476460941,0.1446801494950477,0.1118767657384213,0.2070990980543092,0.1148902797245012,0.0707072437072218,-0.0431820121652687,-0.0832533798389557,-0.0634366971962406,0.0552555819673189,-0.0821811443921055,-0.0665415140509569,0.0317106453930573,-0.1207024730624817,-0.0128436547390644,0.0891955810008,-0.0144800189763463,0.1856116886301809,0.0706540754619444,0.1441569785650804,0.0875563031264518,0.1164713802780558,0.1146449697873426,0.1886803812168908,0.1082170738981696,0.1264842922415052,-0.3287197088617125,-0.110571176561127,-0.5433139241023233,0.0919411402871802,-0.7825787372092997,-0.2235114398694112,-0.2512858647271829,-0.1416207772418295,-0.0353980128916746,-0.3586100714817026,0.2010023393643469,0.1957516342030236,0.4041171314206772,0.5660971095745003,0.1596490250738849,0.1931557185967772,0.1851696672362735,0.1998938695564564,0.6065006449707385,0.4671085898324407,-0.029951646452797,0.2808822471183625,0.0140866415607091,-0.3310481064599803,-0.0044423818262748,0.2450420420077444,0.0887118729546848,0.5063693117894285,0.0915673097727889,0.3020156041275185,-0.1154203944787251,0.1164991690730413,0.1337121887529894,0.0960768503869156,-0.162009450349166,0.0022571895390894,-0.1332146736292757,0.2844700404337952,-0.0802570822367629,0.1715810109035886
-0.8882647167827918,-0.9216580150296764,-0.8800829946685659,-1.0968494451549924,-0.7658082033433513,-0.5354425839512256,-1.1069380684381045,-1.0023244894198973,-0.5556158325281373,-1.3062980597261271,0.107837174283974,0.1321760978394222,0.0722261371496861,0.0909777814300872,0.0946675370804977,0.1476493157239536,0.103520402231859,0.2051114622299903,0.1205271744261596,0.0715220445314941,-0.0462277720535357,-0.0741091541716914,-0.0686932582120533,0.0454486459860033,-0.0851145032246081,-0.0609412775048584,0.0266409149510026,-0.1292586454983499,0.0090933016913076,0.0655812300825075,-0.0250177116466976,0.1686056818212779,0.0683231667748979,0.1377523559043494,0.0822460353413981,0.1039007178188538,0.105323053396969,0.1758399619102107,0.1160136680571307,0.1142311546798027,-0.3285096710276138,-0.0880001496359998,-0.5306732851078646,0.0934343006958258,-0.7796305221951395,-0.222332411712943,-0.2428722114487118,-0.1278286597459386,-0.0417915743119703,-0.3622461585452441,0.2118840351295028,0.1610171939683126,0.3835773083689849,0.5709216298966984,0.1678122751681692,0.2381145018917194,0.1966468438378061,0.2034075987736378,0.4898877224183257,0.4593930166169281,-0.0098780745564919,0.2447459093928913,-0.0534724541881366,-0.1921113949111497,-0.015420032790751,0.2564953314445689,0.0668840242392622,0.5125853612656969,0.0572880345456779,0.2688601159005334,0.0091588607474761,0.1255687567708302,0.1015283790110234,0.048995220317112,-0.1110089121786474,-0.0746217017703763,-0.0606936171670483,0.303533392207639,-0.0661277587682892,0.1208437679987747
-0.8930630215284692,-0.8365549727530496,-0.8721055825156786,-1.0919126045252214,-0.6817925940254607,-0.5117730592221682,-1.078090677341242,-0.93848628009473,-0.4834089131140456,-1.299528186735887,0.1105009384188859,0.1361553390056797,0.0719067554616717,0.0918849946707677,0.0982559854785213,0.1497892584174567,0.0964651638461898,0.2013873833938534,0.1241339433502744,0.0720389427135506,-0.0512115786450733,-0.0651206241321847,-0.075668137530684,0.03318194520088,-0.0882274076803405,-0.0563670202852521,0.0219075499752237,-0.1358313273320324,0.0367853446807431,0.0473240859599502,-0.041990592418246,0.1424061619535164,0.0618396617758785,0.122565901041208,0.0716032774684629,0.0951744189080954,0.0929161242144854,0.1668723966546212,0.1185357389613101,0.0997200984403704,-0.328470236361491,-0.0631500915121905,-0.513853684363096,0.1024146513481726,-0.7747257151851029,-0.2220773373626908,-0.2334394167717073,-0.1112193707126637,-0.0449082912678487,-0.3698780899641369,0.2270845618140711,0.1282596394483893,0.378180428096117,0.5812821525734149,0.1636872149530032,0.2784237233089696,0.2350682811611062,0.2063198533584836,0.3849921000234554,0.4379540802766229,-0.0358615398793384,0.2233784423871625,-0.1190151356607863,-0.0095499267530236,0.0143061107003146,0.2391644661356755,0.0485527532860496,0.4781893024465388,0.0530820912400474,0.2203996807986727,0.1185928155689731,0.1272033632117059,0.0714284792470603,0.0221937141538286,-0.0220142855300843,-0.1140391891681988,0.0402816616941403,0.3119819516328296,-0.0407336444183647,0.070104313701562
-0.8811730813293754,-0.74279979425199,-0.8715737190068189,-1.08959055645729,-0.6037592667010342,-0.4870895479419141,-1.022387192330177,-0.8586477451169414,-0.4041591550546095,-1.27538917593828,0.111179126588371,0.1422457858239897,0.0711643578188588,0.0937418832874178,0.101942203023196,0.1507101150529016,0.0919558936880943,0.1971498148463437,0.124376069308707,0.0716581080867901,-0.055772503997221,-0.0577968137718672,-0.0826966040235693,0.0185756439625346,-0.0905496134116522,-0.0549311350662102,0.0198489453163227,-0.1408521353910466,0.0707838739347745,0.0344144507682547,-0.0598411463144783,0.1161277223368257,0.0504477853098319,0.0997470555633367,0.0578242888981427,0.0904410337609857,0.0768741895305502,0.1634982332928128,0.1111899060136505,0.089630868949086,-0.3253800427139304,-0.0359734590040432,-0.4984554702652338,0.1184489505516263,-0.7675804682632243,-0.2219569036654052,-0.2208153199345055,-0.0948710164931773,-0.0470404164779732,-0.3798670622190651,0.242126088491934,0.0921225457832888,0.3805365746780942,0.5998451500349514,0.150802133069995,0.313960139630787,0.2986624396845753,0.2060177265939935,0.3025103705225015,0.4089855500099265,-0.1105986883261347,0.2223678782919425,-0.1680389399525862,0.1969064552136122,0.085468876712336,0.194317608807402,0.0288521040868423,0.4184007020979771,0.078330214920445,0.1696310723626077,0.1949669236485414,0.1222880660293881,0.0517331280321008,0.0225335640627447,0.0784329220273761,-0.0954340393766091,0.1447169854153083,0.3247882633632422,0.0010083363992196,0.0371168766499986
-0.8438082362348118,-0.654239047088484,-0.8646110009921645,-1.080915264589046,-0.5385220742767489,-0.4559673858902712,-0.9381380117571874,-0.7685660944464782,-0.3255635470149119,-1.2314932775599967,0.111536720912186,0.1494404269226961,0.0721137386932488,0.0947142499816174,0.1049939838201222,0.1499916909093843,0.0897998976264266,0.1939646321923413,0.1208233584374125,0.0704422093355836,-0.0575876218944577,-0.0531622926303537,-0.088452863125022,0.0033545600040949,-0.0905034035723491,-0.0571525586203816,0.0220258303126209,-0.1450446070728162,0.1115767173065847,0.0247600997682249,-0.0709108272638801,0.0983485039038734,0.0369401135681322,0.0729224754183648,0.0442542817399036,0.0877114782409784,0.0577313135604859,0.1643691349924118,0.0950024852653873,0.0901656336062441,-0.3180561111289994,-0.0075360880463028,-0.489792021564131,0.1386333134141963,-0.7590225714860726,-0.2212040322925442,-0.204123843351818,-0.083562036833469,-0.0498392753843455,-0.3896476093870017,0.2530209470663442,0.0479314546333705,0.3823021565556787,0.6224052814211338,0.1365271019756596,0.3455311834948996,0.3790730758947342,0.2022848724879994,0.2486620038429314,0.3805252376020714,-0.219652315314476,0.2387001896893858,-0.1907588584437677,0.4057298635435231,0.1856616017675851,0.1329006467609303,0.0127774457210015,0.3504333005477598,0.1248039869533323,0.1262305367190944,0.2317429942008751,0.1126355248489537,0.0488270796123286,0.0476347143369334,0.1618182363045623,-0.0194028106841985,0.2225416568730868,0.3519011451291013,0.0618245746986341,0.0352114161546468
-0.7800425970252183,-0.5823195878000281,-0.8391915548911634,-1.0575864837182414,-0.4892241915589976,-0.414426899340626,-0.8319842837213756,-0.6768633284349039,-0.2564683682210997,-1.168660492667333,0.1126709102746084,0.1555393727878933,0.0753298102916098,0.0943181574515943,0.1073121530839123,0.1480468522801909,0.0891972598820964,0.1927209377819078,0.1144657910970907,0.0690789894663579,-0.0551268154070747,-0.0510634883638453,-0.0920343254213382,-0.0100628966567632,-0.0868197980282213,-0.0613637431270411,0.0282692665970409,-0.1484887797851327,0.15914759329867,0.0151546596434865,-0.0691918044562477,0.0924742017308364,0.0253764891689894,0.0480285457401225,0.0350448687603552,0.084886697100793,0.0376357474870136,0.1665988762726523,0.0759510560553775,0.1025315759726602,-0.3081362242432451,0.0192656589100466,-0.4890938122294588,0.1588512007082445,-0.7514615107940215,-0.2195292381738338,-0.1834901219926816,-0.0807733121864133,-0.0535343032564002,-0.3979694908712138,0.2582485592747281,-0.0043484257192932,0.3780048558830157,0.6403527669278978,0.1301365719961764,0.372846308836423,0.4614709770995884,0.197272096703447,0.2239560345008566,0.3603715486586469,-0.3377670747218372,0.2637339183872624,-0.1848355310629939,0.5955677909255606,0.2921966657058667,0.0733156905291679,0.0116747430669194,0.2860259163835273,0.1777023303415703,0.0967413958238468,0.2336987802434279,0.1015214354068735,0.0641615827975563,0.0886969089454717,0.2055640649357812,0.0906028355678333,0.248893620602934,0.3927857639093347,0.139458766939468,0.0680684562481118
-0.6957490180012443,-0.5334054789356524,-0.7880196771735795,-1.01381949115399,-0.4549073500994892,-0.3604318830049787,-0.7174571793750685,-0.5932359385757112,-0.204225499181428,-1.0914439427153206,0.1144205519028936,0.1586398429503866,0.0795802545280042,0.0933452873657243,0.1087276338575681,0.1461441424468723,0.0894987558329939,0.1928887369865064,0.1071730978666521,0.0682495035941152,-0.0484285737827641,-0.0501737557376181,-0.0928297110141883,-0.0200057303660174,-0.0796396370587524,-0.0644762570844597,0.0365546536509492,-0.1505269335380194,0.2134361072704271,0.0032720697011798,-0.0535397498812942,0.0956147689303492,0.0184266814268945,0.0309625789923204,0.0337407354211283,0.0810453983553796,0.0207135535533203,0.1675603335774374,0.0609057463185178,0.1217504833057657,-0.2987659538398724,0.0401261582792963,-0.4925884929266225,0.1752961464929213,-0.7477301162841004,-0.217547130603116,-0.159327605961229,-0.0864197212684474,-0.0579445364539457,-0.4056806098138374,0.2600982834308468,-0.0589684210061361,0.3665076084566464,0.645021349074167,0.1386831344939859,0.3939963777200725,0.5251098970677219,0.1940470744804192,0.2228826458443114,0.3529762952470717,-0.4361394265693535,0.2876876086242348,-0.1533839092379202,0.746059674491658,0.3782774588518585,0.0348903248946409,0.0335301055477503,0.2303062493644667,0.2175639312876809,0.0860232784931438,0.2133776523753357,0.0936455878603513,0.0934006538686082,0.1346751615857538,0.1988001187233485,0.1968534278894756,0.2146180431501416,0.4350099069509357,0.2251345765359413,0.1275851716086347
-0.600957210577463,-0.5075909049570398,-0.7101069219558412,-0.9478173055679644,-0.4310679690236491,-0.2946609608229418,-0.6108731828295448,-0.5258467816951834,-0.1720540627942997,-1.0079977248301906,0.1157506159466619,0.1585207858936757,0.0831826454088826,0.0927061879316603,0.1088066995127319,0.1453995864384683,0.0901907949722876,0.1929256797269741,0.1003992596670662,0.0680471271047931,-0.0394066379662059,-0.0490229710820957,-0.0905997474507073,-0.0263807084253161,-0.0708115144720849,-0.063886111921964,0.0439487993796691,-0.1505417155227743,0.2753181802451687,-0.0107393896093017,-0.0282023838627394,0.1014101402308604,0.0163861986403436,0.0244704746096766,0.0408351251355214,0.0760512062760477,0.0122312778411105,0.1658030376932796,0.0533712990420902,0.1394735496840526,-0.2924501380575366,0.0509812878518304,-0.4942860880596627,0.1853252457153513,-0.7493460129683661,-0.2166807240147245,-0.1317262674695838,-0.097101605994675,-0.0638550537498459,-0.4144653486532291,0.2635804890935769,-0.1070583178447642,0.3501635591594287,0.6313498112351363,0.1625601607746327,0.4066034126517224,0.5453247685678827,0.1946450013662926,0.2357267493158579,0.3567975042458334,-0.4883649777936946,0.3024699648308836,-0.1008699681551021,0.8390034326405282,0.4204757847236064,0.0306207991194353,0.0743748562995816,0.1857977660629831,0.2248637938905102,0.0967072513091105,0.1859756519577034,0.0943851829419907,0.128022560594465,0.1758321489122276,0.1449110489480774,0.2624722847631485,0.1321669296307764,0.4578830135348811,0.3045871964976886,0.1962568247792484
-0.5069049656987812,-0.4990821902008356,-0.6109607683679745,-0.8624537138750505,-0.4110614206276173,-0.2212088167406146,-0.526094769484035,-0.4787641490965146,-0.1578691250314946,-0.928551199430628,0.115902044344817,0.1567575788282166,0.0856199651275357,0.0923663228666592,0.1074470304605457,0.145730507802954,0.0904556667343202,0.1916983047000501,0.0942554975239598,0.0680599040238329,-0.0311271733155629,-0.0472536820304193,-0.0858275006679176,-0.0303095305210478,-0.0629531251798425,-0.0592659508861929,0.0481622099136612,-0.1487033983195962,0.3470074137233512,-0.0243152125343334,-0.0006156653173512,0.1044532171120985,0.0180604004487896,0.0269478715758845,0.0521680037536517,0.0694451774309733,0.0161218957088228,0.1611754796053753,0.052195947937705,0.1485825053282487,-0.2898643370946006,0.0497563023077597,-0.4903281896938951,0.1876158781650026,-0.7557799026615245,-0.2183417137699921,-0.1005186090250606,-0.1084214008363159,-0.0730172434702495,-0.4249824042579542,0.2729671608689456,-0.1411184298725334,0.3332069020944402,0.5994359616132674,0.1935942097110779,0.4094040332356066,0.4980579177081022,0.1990041648082105,0.2523101834498165,0.3643618895290803,-0.4753819780008869,0.3017804672161789,-0.0304064119518145,0.8618589049912017,0.4061657181915345,0.0631008689354023,0.1172009730779713,0.1565869333191613,0.1871167015032343,0.1264048458651869,0.1646450131374789,0.1086187709429032,0.1582288379662328,0.2056265286938866,0.0604922855003956,0.2660733022228582,0.0331178996674055,0.4404329036397401,0.3617792045707482,0.25335557866958
-0.4236440206006435,-0.4979519762254608,-0.5013491776455556,-0.7649455207689374,-0.387915239613579,-0.1475456943598747,-0.4703655049152864,-0.450436834529275,-0.1551043723406083,-0.862534817849258,0.1153586243195351,0.155471122515683,0.0879205620702553,0.0913379973291406,0.1055087105446198,0.1458871716811277,0.0891630389867549,0.1896775864545425,0.0878232306764409,0.0680390839213448,-0.0261602780548748,-0.0458782663100849,-0.0798897240056283,-0.0330506612977417,-0.0578798079579105,-0.0528649031566007,0.0487499857734906,-0.1458394461188444,0.4311892498815234,-0.034168296856081,0.0217248637244132,0.1032360668303915,0.0220123439471341,0.0343628187933465,0.0602830007544088,0.0602558880158016,0.0320455561130969,0.1547715337529005,0.0537129147060859,0.1464207850748744,-0.290323429894211,0.0368715920191223,-0.4815850308407921,0.182216153473927,-0.7651713316539476,-0.2228173821470537,-0.0661718023011859,-0.1173393621280921,-0.0865551820329837,-0.4363662608834526,0.288268404039122,-0.1581197670884618,0.3205702031694077,0.5541663540362534,0.2174056609562035,0.4029366156006678,0.366551242917218,0.2054335599128844,0.265807221664054,0.3661186495412665,-0.390162583606232,0.2801593732515524,0.0562109992719676,0.8136247622438437,0.3392066895307489,0.1248055280430811,0.1392412496607853,0.1485976788929532,0.1054002072691942,0.1656903118759696,0.1574984441110873,0.1394076898145394,0.1756431561229494,0.2210433212961515,-0.0294028605549913,0.2095053834197839,-0.0429257551990554,0.3709641049288456,0.3838950593873969,0.2824105993152874
-0.3584127519847219,-0.4927882613304837,-0.3946865737742562,-0.6655219638086277,-0.3560197053456994,-0.0832605679547173,-0.4428497035781277,-0.4339057646251036,-0.1549413474071459,-0.8154381659448923,0.1157632689919574,0.1557243212462015,0.0915975124719551,0.0886046911219507,0.1045374268947181,0.1446134758223011,0.0855836006202292,0.1886752491107697,0.080438662328073,0.0683942485154595,-0.025024438572959,-0.0461581570502018,-0.0745323151706416,-0.0352078659727277,-0.0555896901343021,-0.0479659960570646,0.0471429650882474,-0.1425740941064035,0.5293800557009207,-0.0383379526882045,0.0333787374298582,0.1001262758578966,0.0268588479810692,0.0436310844260748,0.0587155526966922,0.0481755434008428,0.0543487990054253,0.1488145736314765,0.0549138045628108,0.1349688206896747,-0.2930111884370914,0.0142969723210332,-0.4726941751463675,0.1708136583053101,-0.7754819127069962,-0.228695007797625,-0.030934549079611,-0.1229830128395225,-0.1033665849982338,-0.4474769967778935,0.3044467220547839,-0.1594697953690792,0.3169517672871115,0.5037111277504178,0.219272614903743,0.3891360570102234,0.1475876234548201,0.2118200081017283,0.2744060798054771,0.3564132123151066,-0.2409974891569645,0.2335799602363595,0.157081308504907,0.7099650420780877,0.2410952946965895,0.2009435169909809,0.1228841373969693,0.1660229345328642,-0.0038668289942229,0.2000801399923071,0.1665676190213642,0.1866603725948143,0.1750730005661371,0.2219920092407187,-0.0991366383044623,0.1159056012243672,-0.0637942681141871,0.2541066457081085,0.3656734563295077,0.2769737676035133
-0.3146113224098321,-0.4735445024739383,-0.3034389802377529,-0.5752463405630065,-0.3123001276010709,-0.0375872000140429,-0.4359900519225801,-0.4188305001758856,-0.1488382506458705,-0.7868293379080735,0.1187634167741672,0.1567811725562871,0.0972635862662864,0.0839497233564778,0.1055309555369683,0.1418544372467676,0.0801371065330818,0.1901708863083374,0.072769060704027,0.0698406954943516,-0.0259356097625886,-0.0480587431474005,-0.0707386911338016,-0.0367797813803629,-0.0545630236012734,-0.0465909992190433,0.0454892854595626,-0.1386957714850556,0.6407712253400887,-0.0371729405511715,0.0315614018798634,0.0991521843329696,0.0309192653899658,0.0544090989042193,0.0464484792291948,0.034850360394876,0.0744280867764359,0.1459675225292896,0.0548228491609626,0.1186485357075618,-0.2975287135156352,-0.0157179807633593,-0.4685649267478928,0.1568773383993013,-0.7848459006199892,-0.233407640077652,0.000766926053018,-0.1260155423349053,-0.1203220366208595,-0.4583136668025277,0.3142403369851435,-0.1488078139650117,0.325366784634817,0.4572236646854611,0.1906036775913626,0.3707371325217224,-0.1465489426369817,0.2160792902008507,0.2799643446151363,0.3376713101654531,-0.0505399060846769,0.1623579612275615,0.269236666238848,0.5827970271988784,0.1451709135678421,0.2726360953457711,0.0638344464063309,0.2072131435524909,-0.1139209158070878,0.2161175677535817,0.1881844793663113,0.2460084630774704,0.1555815658949107,0.2103002949008275,-0.1312439924537445,0.0196079708069001,-0.0177440852470109,0.1117628086042513,0.3117226872419621,0.2423739312119454
-0.2913135349464046,-0.433900355740069,-0.2355427607476954,-0.5032751189672249,-0.2567543377333505,-0.0162827303061139,-0.4384610219433291,-0.3946761730149032,-0.1304637546776245,-0.7703486860570811,0.1247262261364243,0.1566686054418743,0.1041672674288882,0.077863796602899,0.1077727711711975,0.1388533935629343,0.074242929774379,0.19364964021462,0.0666916009640219,0.0723954806502929,-0.0261684832943947,-0.0497367511054642,-0.0678520434364604,-0.0377322111539092,-0.0530548458824727,-0.0482037026223933,0.0452037003376444,-0.133440401823363,0.7624217007941501,-0.0328356939923744,0.0161644025208987,0.1034295781949045,0.0324556871778432,0.0678088486839212,0.0290747955359555,0.0236072693490285,0.0853112274884428,0.1477782532062146,0.0534982791690558,0.1017567319524901,-0.3032817711807858,-0.0509871707756886,-0.4712026310087973,0.1450365013514719,-0.7910147858749337,-0.2346936660172301,0.023415184261965,-0.127795761754015,-0.1343856395745649,-0.4698220657761923,0.3126817758796602,-0.1300343588662226,0.3452503425851423,0.4217272598213159,0.1328164317814131,0.3513230735395201,-0.4927849957495162,0.2153342706780649,0.2849176978313008,0.3194080336441419,0.1509945274292334,0.0742174057337196,0.3883113721766328,0.471411130739626,0.0845775784662533,0.3200895629175866,-0.0272291569926,0.2632039657732967,-0.1973013664883753,0.2080654886208576,0.214201108434564,0.308457746368793,0.1213151491110139,0.1886930223129776,-0.122445575235331,-0.0473127643152112,0.0816806018411096,-0.0231248449659034,0.2362613506485628,0.1927768716514863
-0.2834895132986471,-0.3726953454649765,-0.1922199982480776,-0.4541551836239832,-0.1924716958917816,-0.0190196091573612,-0.4382194312803789,-0.3539844014047423,-0.0967386919328287,-0.7555486536785648,0.1324154030623925,0.1534825694104112,0.1109045439084963,0.0708055459922999,0.1088937977524785,0.1370212464787569,0.0691923897567067,0.1964915126690799,0.0640598035009978,0.0747284470315645,-0.0240490013399643,-0.0486564233982944,-0.063881785098028,-0.0383484063414863,-0.0503089805867677,-0.0503914626049823,0.0463270805924624,-0.1263920147627402,0.8905099600536213,-0.0280473599216389,-0.0099467291878058,0.1134571171384683,0.0308754905107642,0.0834656742361309,0.0154744510446033,0.0173112735166751,0.0851979260194699,0.1529795461381096,0.0505611388231762,0.0869978338333417,-0.3086649948460742,-0.088762208340512,-0.4791730427729773,0.1394574444874676,-0.7910351732671109,-0.2320327955804252,0.0327798947464082,-0.1302012331665373,-0.1448278778948552,-0.482168085998084,0.3001682143605929,-0.1069849162824782,0.3713822504373975,0.3988468362101418,0.0569571686041664,0.3357113270910828,-0.8672741933201545,0.2051739704769983,0.2898609347827975,0.3121291091912851,0.3361752093399435,-0.0158889339006893,0.5076980278308428,0.4072543131933881,0.0789653622812432,0.3270423916247874,-0.1290645552808987,0.3195844661853372,-0.2350220597216354,0.180756223726403,0.2339573638833805,0.3615098917658053,0.0818092747784783,0.1602030986945798,-0.0839359297900268,-0.0661248518483462,0.2006654476369257,-0.1177109555273482,0.1600729517644099,0.1448613482369694
-0.2831100253314703,-0.2943158846946491,-0.1681456765476596,-0.4261418677313098,-0.125255976883996,-0.0386707182358467,-0.4248443163726145,-0.2947528679679611,-0.0481870257330798,-0.7308900701680919,0.1398421447140169,0.1464817553540895,0.1164732430510208,0.0628463728146934,0.1062985154401311,0.1366140602382763,0.065046919299782,0.1956702846959756,0.065390524145241,0.0747435183103491,-0.0200530000317142,-0.0434756328505045,-0.0570292155777051,-0.0389690805064674,-0.0468228495783596,-0.0508886576395061,0.0480099308362988,-0.1180847512676292,1.0215387261075508,-0.0250628549161857,-0.0408474923244023,0.1264722777616078,0.027765835631532,0.0978882033802379,0.0122964222905661,0.0160302289360895,0.0774421827924567,0.1571647429549449,0.0452039862702297,0.0751418977296442,-0.3113975978085188,-0.1252903519824822,-0.489680368893784,0.1418141374307617,-0.7822371224142138,-0.2270656125331417,0.0283269422504242,-0.1357715821853712,-0.1534553097570195,-0.493415703898009,0.2822052704215785,-0.0839430426311497,0.3950598523432814,0.3832440469244563,-0.0204453463705727,0.329407202830678,-1.2558068069518442,0.1810424812136395,0.2934037945466194,0.3200441746772168,0.4887069116887634,-0.0906999597467091,0.6169709923890285,0.3997075643110662,0.1267680550763164,0.286811155416275,-0.2171868365499993,0.3603578035098563,-0.2208274148619236,0.1466563796438574,0.2371696199334472,0.3920314954244846,0.0506372689393792,0.1283575721138296,-0.035753390147192,-0.0360599976073759,0.2975914223297705,-0.1506926364782074,0.1047635042077603,0.1109520656667717
-0.2810334413254024,-0.2080457333465036,-0.1537504970173927,-0.4114684831522466,-0.0627814858816313,-0.0632244862368948,-0.3912213873336403,-0.221314214720683,0.0111215741952763,-0.6870981956172558,0.1454340060947199,0.1363966523619152,0.1206196867145948,0.0542767836256178,0.0988406035555289,0.1364401377292294,0.0606919962762761,0.1899611942370336,0.0695285665146949,0.0711776257605826,-0.0161955912607342,-0.0351420918105603,-0.0473523831840856,-0.039463231168936,-0.0436708688283467,-0.0492344019945274,0.0494091872751469,-0.1097126688749174,1.1526153425296328,-0.0252483175409079,-0.0689580524326544,0.1368509872958527,0.0263313402571349,0.1057412399992058,0.0202319819530973,0.0167883007633136,0.0674118319359612,0.1548606148302315,0.0374729891584217,0.0651021290243349,-0.310197914909239,-0.1566026631824677,-0.5010640089604336,0.1500846253178634,-0.7641516412183055,-0.2227168874069915,0.0139373657451766,-0.147108041854124,-0.1626119134155571,-0.5003468912840073,0.2663977842146204,-0.065193205181022,0.4076977847977515,0.3646913425101139,-0.0833178311505014,0.3363677565388427,-1.659068084351013,0.1420484736362258,0.2938075334840814,0.3375835758030581,0.6049768576877664,-0.1380691341057838,0.7014957581945818,0.4313605421701705,0.2070697460263639,0.2073501154214064,-0.2707941162148586,0.3722897810068185,-0.1598666135370618,0.1192192792152246,0.2174736810178545,0.390269482637589,0.0414706146262751,0.097922615420973,0.001931610949597,0.028319009458542,0.3378488466640586,-0.1194128961782993,0.0853909975589613,0.0947394075182952
-0.2692351888430522,-0.126320896391016,-0.1384480459782503,-0.3987687318800225,-0.0131041558692053,-0.0797361488749432,-0.3349172030907698,-0.143420356030503,0.0740394278015321,-0.620105754397993,0.1484909033858637,0.1250602205688758,0.1232541506942666,0.0465991266668797,0.0874034532815482,0.1348771295071218,0.0551013296587697,0.1808909301102436,0.0744745382045906,0.0649229762827183,-0.0142901050940353,-0.0263167060763497,-0.0371959081413396,-0.0391336283082312,-0.0416251441697083,-0.0467578711616909,0.0500870885051923,-0.1022481630872122,1.2809365544556406,-0.0289408184685103,-0.0881703381253282,0.1379039006677665,0.0291384818999247,0.102982271764241,0.0344512081923477,0.0159785561877302,0.0590360101713863,0.1431386553140172,0.0289480291849499,0.0542754429459237,-0.3063466549077078,-0.1802913050228466,-0.513425538108499,0.1591707193739067,-0.7396473997281013,-0.2216890879462349,-0.0040263257834583,-0.1650946890536026,-0.1728791642458309,-0.5010124159729696,0.2587726161663834,-0.0531550333671124,0.4052336081020429,0.3337523798568405,-0.1214228599679493,0.3561250677453183,-2.089956067169596,0.0945686580413535,0.2905364657485536,0.352046423046066,0.6886731408848143,-0.1562177727942713,0.7456956902219993,0.4664829086552753,0.2892963973147832,0.110993122314801,-0.2775578621980466,0.3490336954089101,-0.0647506570712754,0.1069568595226176,0.1755310580609123,0.3536016941252172,0.0623225121299823,0.0753103465252066,0.0165251753356747,0.1047239851104632,0.3053787857863044,-0.0400511390333055,0.1040096749111421,0.0915194681928587
-0.2427430058518141,-0.061895104696339,-0.1134988189763298,-0.3768501946284491,0.0173918475017372,-0.0786191820753263,-0.2591688713009033,-0.0735751566955304,0.1315046751374348,-0.5327620066884049,0.1487774062626999,0.1148152637956851,0.1237623143455147,0.0427372258412969,0.0740821485314272,0.1312899222255568,0.0486311385499863,0.1716899292807567,0.0785482904367662,0.0588150133540842,-0.014537667756921,-0.0196314888816538,-0.0298812033905774,-0.0373484258698443,-0.0407946146316896,-0.045095916408455,0.0497564413244425,-0.0958824500211701,1.4034262274820837,-0.0352449161617639,-0.0969759171564508,0.125142002685933,0.0358051129703484,0.0891984733517943,0.0481729118587528,0.0124217076586483,0.0535882933564861,0.124156654264064,0.0216468620314944,0.0397379307109826,-0.3033570732210596,-0.1968727755175715,-0.5271646877968755,0.163221064687231,-0.7139571857612109,-0.2253741015055377,-0.0204945135049907,-0.1870385942990992,-0.1826942087567434,-0.4967278871316242,0.2612203810493382,-0.0467724115417213,0.3906816634368188,0.288198149845452,-0.13325728940201,0.3826405338496207,-2.564340268637875,0.0519978888461202,0.284481586351366,0.3504193043319865,0.7432388531183118,-0.1533268099333775,0.7399491044684938,0.4682314818892064,0.3447600708053868,0.0266126474982359,-0.2360426124917887,0.2943534019576641,0.0474787504377587,0.1115358796761834,0.1201019562901529,0.2884222040657582,0.1107272012929913,0.0676569740600643,0.0066906490060442,0.172032254061968,0.2070329646188066,0.0587346550374736,0.1474431315786155,0.092633948496296
-0.2007383849443032,-0.0243486403395456,-0.073868617968973,-0.3383804091994635,0.0260441440811551,-0.0564875319495153,-0.172832468373571,-0.0232274416105995,0.1746005627827399,-0.4345291056380714,0.1460420951239361,0.1079636652267265,0.1211814593146067,0.0458822856401141,0.0608973412058917,0.1265821702239218,0.0430596633535937,0.1651349860235768,0.0808489910447518,0.0558855507237828,-0.015518755553318,-0.0161581481689675,-0.0275176634536849,-0.034380825618438,-0.0408601219345018,-0.0447084706236643,0.0480063125755773,-0.090396889108452,1.5173241330161915,-0.0419703527298106,-0.0991043269493067,0.0997811861210958,0.0427279330332259,0.0674037216507761,0.0562504833425005,0.0082537353644407,0.0508892283534437,0.1043325665256423,0.0161164411343435,0.0204707353534382,-0.3045516568767831,-0.2094615316422067,-0.541369107052791,0.1583607431334842,-0.6920843120412236,-0.2337207468484009,-0.0349019547761458,-0.2066850117736497,-0.1901536801868443,-0.4915575055169247,0.2706786953721053,-0.0422124259838424,0.3728245936823813,0.2359838348062733,-0.1253716301028954,0.4065079599426485,-3.0896799441924707,0.0294870527138569,0.2773239924651247,0.3258100823424281,0.7679398778864925,-0.1420718091335673,0.6872582628229251,0.4144394063845947,0.3545479439939795,-0.0229557711144713,-0.1557993279852319,0.2228377995519329,0.1565566330307773,0.1297163410929646,0.0658623560287034,0.2091648126911165,0.1729473799995578,0.08039086292532,-0.0186475870633893,0.2170499125749882,0.0690629458261002,0.1460080778457528,0.1915081414475829,0.0915539509960516
-0.1466147971034367,-0.0169071942097427,-0.0190674881111644,-0.2820989831393118,0.0151682491816276,-0.0166333144498015,-0.0886176733302514,0.0009486260020038,0.1972011243644468,-0.3388920942348766,0.1402019737995369,0.1061673851741259,0.115228224764599,0.0576197507776982,0.0491806451824663,0.1224171311642663,0.0402594655137397,0.1620120129969508,0.0808245369978516,0.0574018117130699,-0.0153993882243999,-0.0151502119553162,-0.0295058695318805,-0.0315846231498979,-0.0414107992298849,-0.0447194074347175,0.0445913401740464,-0.0860807426009149,1.6215039892228138,-0.04623799705607,-0.1006800349463373,0.0701004387496437,0.0454289939645048,0.0418585673370079,0.0565250609186958,0.0067979158279582,0.050977994289342,0.0903969633947202,0.0108149627751882,-0.0006379247688956,-0.3104121970337831,-0.2218203295993681,-0.5539855867001873,0.1442324302963923,-0.6764649389451922,-0.2457477032951594,-0.0514368497197479,-0.217038257404892,-0.1950681634467846,-0.4895715444624253,0.27995376501876,-0.0359033721804271,0.3612610812896748,0.1923021177585137,-0.1081285469277723,0.4196269854705345,-3.656476347976692,0.0365567702611916,0.2713201709742339,0.2798473413943805,0.7597426015525627,-0.133351823997083,0.6042961062126458,0.3030417032590595,0.3121991018236651,-0.031326564882922,-0.0547804778199966,0.1562902834248164,0.2404633089197785,0.1562354750784003,0.0281792383061422,0.1345531122333678,0.2284191225405106,0.1143158849451872,-0.0445058446428219,0.2369164737908468,-0.071935090878751,0.1988908017167151,0.2109040115258958,0.0880934639092942
-0.087092417867286,-0.0347697648565483,0.0469072234631821,-0.2128264428525626,-0.0080186957531559,0.0326008132236724,-0.019680401489068,-0.0007002682292517,0.1983074754396617,-0.2591823950884001,0.1319952295274092,0.1097220895526734,0.1071143374920562,0.0767395003484771,0.0398824141870926,0.1198718447812898,0.0406644824167354,0.1612657070711356,0.0777867318599163,0.0621453801443177,-0.0132118979187042,-0.015015298277409,-0.0327338161721823,-0.0305537098258114,-0.0419497337004793,-0.0440762590644352,0.0400799398416774,-0.0841648676992775,1.717345378645226,-0.0458277923158005,-0.1056291483311862,0.0487791820034793,0.041740057686265,0.0159627644318721,0.0492293229130279,0.0094494768967921,0.0542701290720361,0.0852162794003857,0.0037457291971495,-0.0170133033742144,-0.3180170887727982,-0.2361953497855858,-0.5635219308125313,0.1236030089025407,-0.6663993404479903,-0.2600616660035922,-0.0758872504493922,-0.2146113238410706,-0.1991351034067075,-0.4921746488992866,0.2799935421496075,-0.0275196543923139,0.3605482752261046,0.1720549926989181,-0.0893608829369978,0.4192574435484577,-4.235897136435035,0.0723657944421201,0.2698725354686135,0.2206995910187616,0.7182164644353972,-0.1334737512500315,0.5143968110683198,0.1455200286991175,0.2230379712414362,-0.010682538379629,0.0458518749483216,0.1159473897953061,0.2795059469480359,0.1850758940084118,0.0169670437082169,0.0822054951653769,0.2578218655510741,0.1639056378226247,-0.0550597378438607,0.2366013955537925,-0.1799629559587939,0.2096780619964443,0.1905187190863478,0.0882045270125323
