1.0,1.0,1.0,1.0,1.0,1.0,1.0,1.0,1.0,1.0,1.0,1.0,1.0,1.0,1.0,1.0,1.0,1.0,1.0,1.0,1.0,1.0,1.0,1.0,1.0,1.0,1.0,1.0,1.0,1.0,1.0,1.0,1.0,1.0,1.0,1.0,1.0,1.0,1.0,1.0,1.0,1.0,1.0,1.0,1.0,1.0,1.0,1.0,1.0,1.0,1.0,1.0,1.0,1.0,1.0,1.0,1.0,1.0,1.0,1.0,1.0,1.0,1.0,1.0,1.0,2.0,2.0,2.0,2.0,2.0,2.0,2.0,2.0,2.0,2.0,2.0,2.0,2.0,2.0,2.0,2.0,2.0,2.0,2.0,2.0,2.0,2.0,2.0,2.0,2.0,2.0,2.0,2.0,2.0,2.0,2.0,2.0,2.0,2.0,2.0,2.0,2.0,2.0,2.0,2.0,2.0,2.0,2.0,2.0,2.0,2.0,2.0,2.0,2.0,2.0,2.0,2.0,2.0,2.0,2.0,2.0,2.0,2.0,2.0,2.0,2.0,2.0,2.0,2.0,2.0,2.0,2.0,2.0,2.0,2.0,2.0
-1.1667610839720135,-0.703282494128539,-0.9609998933367712,-0.6805010090228002,-0.7439329685462135,-0.6551179718949827,-1.1772973261015371,-0.745168390570347,-0.6197539200217943,-0.6369234285725203,-1.108156712148758,-1.1470265779025135,-1.7502447572874296,-0.6941451233877222,-1.1162503563591935,-0.6673560888814236,-1.1602236216922373,-0.630851520225774,-0.7424625145535177,-1.1434200469153994,-0.8066203384588903,-0.6655996115598883,-0.6966826226897391,-1.036447540098333,-0.6240115837882038,-0.5134031159834926,-0.6800462013238401,-1.1109912969941371,-1.1087571390606437,-0.8014245402436766,-1.4608743401037498,-1.3928630805836144,-0.5316990074121072,-1.185169687881908,-0.6591731722832037,-1.1662072358580862,-1.107554917428535,-1.1714271705210324,-0.5782136474086577,-1.6561153666696402,-1.0491980520400932,-1.6897876314808675,-0.5777496763188795,-1.0151106978867588,-0.9881198057644669,-0.7583704479185783,-1.1170012709367605,-0.5811855419166048,-1.4028860833274495,-0.7251674556928919,-0.7294962824096355,-1.1537481701386538,-0.737911276449093,-0.7739335366122043,-0.973725946203826,-0.5882368943398179,-0.61757111881093,-1.0331512894226258,-1.043631499063131,-0.5887686458122201,-1.075258064637761,-0.6776815135220522,-1.2004865234078244,-0.6515729775629646,-1.0496256918569156,-1.0281542840413274,-0.9121873179809752,-0.8743938488137668,-0.7432463392073871,-0.5411244381883087,-0.7081975550123055,-1.0015018245045655,-0.9263861517662901,-0.879354802303014,-0.5771589724634952,-1.0835767827063831,-0.6762035751792898,-0.6123086603909456,-1.0366014520437254,-0.9165561332104337,-1.0182843057453723,-0.8745856968009503,-0.9688964549400836,-0.844539064281664,-0.9658954813730677,-1.0287553501905957,-0.9014936397428341,-0.599151353678843,-0.5577611076200074,-0.6727721748273,-0.8578868689424757,-0.6310973447737579,-0.44086842781194635,-0.9017316866278161,-0.4830294881774491,-1.237160879568624,-0.8274612295924356,-0.5287816072685745,-0.9954057487401323,-0.9389456649655659,-0.8875508133164879,-1.226806424919097,-0.9267228452126558,-0.9051675685598571,-0.7975973655907009,-1.0342058468467812,-0.9015072432806549,-0.9924828686608549,-0.5899983751111091,-1.3090418246217177,-0.877183384523293,-0.9175078649359887,-1.0177621213689,-0.7774423765370437,-1.0968123231899811,-0.9009912128191688,-1.0976936116196543,-1.0728368701072135,-0.7994145983888659,-0.6666266663177711,-1.0427350155559065,-1.1483812066731827,-0.9859663322546609,-0.8869965560663804,-0.8839140839129243,-1.2283920849401764,-0.6096489451684147,-0.8420939126756003,-0.8337772505560216,-0.9969931946318541,-0.8528823291015588,-0.7970453462933765,-0.5528341405801296,-0.9797003883282708,-0.5999019256803109,-1.0464174169145994
-1.16695683686254,-0.7042590875978294,-0.9610756684683835,-0.6795410600251419,-0.7430430253832851,-0.6561203878526007,-1.166134139803054,-0.7405571987086564,-0.6228794804751929,-0.6324937419558971,-1.1087052429017872,-1.1472501063134641,-1.7240455773913905,-0.6921813233320873,-1.14774133336742,-0.6657867016307237,-1.155845248931183,-0.631873514449975,-0.7442782813401069,-1.1449974010421258,-0.8106621858692398,-0.6666928856984077,-0.6962707784777178,-1.0336749403422527,-0.6248680678592942,-0.5141447266089102,-0.6800613008155059,-1.1053758279235828,-1.1002138835581148,-0.7993446703500477,-1.4639441356387872,-1.3923065330036855,-0.5328160737721367,-1.15666942582488,-0.6587056972841859,-1.0957129197024014,-1.1078439282824966,-1.1712824115873932,-0.5767073890573843,-1.657690874754193,-1.0503952347851406,-1.663631602949036,-0.5859221759339706,-1.0216173522581085,-0.989361425607983,-0.757494534367501,-1.2005652976147125,-0.578800096087167,-1.4255799720371316,-0.7251132062997446,-0.7285211560800596,-1.1540045087996247,-0.7388954172407977,-0.7756220623899833,-0.9720173301327569,-0.5884302990813666,-0.6142309393535641,-1.0344035159144398,-1.04029679948531,-0.5908573258351325,-1.0971565058244348,-0.6772728653612954,-1.2019910542710128,-0.6517178547586618,-1.040846963779272,-1.028250634946588,-0.9111557728760998,-0.8714081274884514,-0.7447814481471957,-0.5410779428778348,-0.7078304930544973,-1.0002376159444129,-0.9226451123703493,-0.8736297158026638,-0.5778636285976116,-1.082866708450561,-0.6783137568844154,-0.6120923022934487,-1.0342781711439666,-0.9171676281775629,-0.9791368819441643,-0.8746780490750713,-0.9683527312828166,-0.8454352043371604,-0.9638775063774547,-1.0292073341390016,-0.9014115327465994,-0.598918194794711,-0.5578834383671526,-0.676596615788444,-0.8584175217818105,-0.6310892559828659,-0.4441533967603616,-0.9006433544473954,-0.4830211967761459,-1.2372430693263727,-0.8289239671837648,-0.5288199772633579,-0.9875289323210353,-0.938881480291587,-0.88836443035235,-1.1884486243655146,-0.9273832994124358,-0.9055204377749555,-0.7967294602689347,-1.0178265994143363,-0.8979508201362618,-0.9925002359711393,-0.5903226156044992,-1.301540053574818,-0.8812201264443679,-0.9147651783012513,-0.9946141146706657,-0.7800887787500702,-1.095924840996143,-0.9017374051569687,-1.0976014975139705,-1.0730409253293118,-0.7987910639663319,-0.665552632192466,-1.0284276419503096,-1.1450131997497486,-0.9846676519942915,-0.8864856970169906,-0.8803242856570145,-1.2281263642310825,-0.6097186333208894,-0.8425250167624109,-0.8337295063862828,-0.9955073303030123,-0.8561220529830128,-0.8500137607945546,-0.5546209322771201,-0.9778984548465586,-0.5980397190011266,-1.0467488214596041
-1.1673501613746056,-0.7041936663363918,-0.9631891802474115,-0.68068762818715,-0.741365717842674,-0.6558467207419973,-1.162645701475511,-0.7374208857616242,-0.6249681049401196,-0.6297604954774381,-1.1124146403181225,-1.1459024045390274,-1.7141192360680821,-0.6863369818734535,-1.1675057510076847,-0.6635250254923171,-1.1507360408362513,-0.6329598315812357,-0.737651186123572,-1.1469167511250755,-0.8113607308702642,-0.6655067452455182,-0.6966567955639572,-1.0362128513230127,-0.6247013349415966,-0.5170054775056233,-0.6748704730680187,-1.1128265124649346,-1.1006474222095695,-0.7968451094242675,-1.4611696728793435,-1.3950820576499667,-0.5352859383930473,-1.1380068811458153,-0.6557061021445203,-1.0389043169416172,-1.1106920486680412,-1.172496415161702,-0.5746101595556254,-1.6592775853225605,-1.04810314740738,-1.648845870572415,-0.6060341072694553,-1.0235729633774973,-0.9905672562028691,-0.7581236602668867,-1.2696017270812245,-0.5747084288560782,-1.3994089940972152,-0.7243505648309154,-0.7267335571770355,-1.1533932738737467,-0.7387657250862828,-0.7768698274483045,-0.9690692547286279,-0.5867962327642012,-0.6140122899761153,-1.0350251109337842,-1.0369938771094882,-0.5912345593286986,-1.0970407485895284,-0.6757598744988987,-1.2038705124803921,-0.6523891887512206,-1.0403323798777118,-1.0281520942480262,-0.9093578672844481,-0.8685115095391507,-0.7461429638366047,-0.5411026683791258,-0.7073257073861844,-0.9985378194148028,-0.9190160005768867,-0.8694164892409366,-0.5785726074071694,-1.0816356442116353,-0.6805753032373666,-0.6119979406857327,-1.0306600464350544,-0.9173842446773302,-0.9304287488209023,-0.8746969297507027,-0.9670975333501938,-0.8466313390886249,-0.9550630713400755,-1.0296222305203029,-0.9014140544602435,-0.5989538029644867,-0.5579002706986396,-0.680481476651454,-0.8594488102313887,-0.6311000595049471,-0.44786199157334733,-0.8993681582030363,-0.4829544539358669,-1.2371206298873696,-0.8306413559104414,-0.5287703350414531,-0.9819890783225553,-0.9388307908567527,-0.8890876622706011,-1.134804170663562,-0.9276938887226083,-0.9058663477362372,-0.7960085974342598,-1.0032746250828795,-0.8936045065321244,-0.9925291814882801,-0.5905876338525442,-1.28357429086726,-0.8846757284921463,-0.911122513611995,-0.9543428215515599,-0.7827027352899417,-1.0823226919051556,-0.902625986419287,-1.097204478577844,-1.072865910407588,-0.7980787896937328,-0.6639920099517805,-0.9994592503839198,-1.1356922175528323,-0.9823333573440616,-0.8861187899968453,-0.875893155703749,-1.2275704645357286,-0.6098091537220562,-0.8429833262081176,-0.8337098732697548,-0.9932119696541464,-0.8587020604206561,-0.8699754707934634,-0.5563496648007602,-0.9740472720167203,-0.5960022470908761,-1.047145238144169
-1.1658743090195247,-0.7053794398262013,-0.968482907009556,-0.677914257159112,-0.7417668340519263,-0.6559115035042736,-1.1608095423571343,-0.7366366694586161,-0.6263396492115203,-0.6261541489229413,-1.1135080537349307,-1.1463584700626295,-1.7131716270083623,-0.6826540458559494,-1.1701398777082994,-0.6628752654819221,-1.1434763406942963,-0.6355894430985137,-0.7368122208920934,-1.145275862495139,-0.8121275640259298,-0.6671874074317907,-0.6976079981830033,-1.031974909462855,-0.6252382386171782,-0.5185811789107977,-0.6746330335615706,-1.105928255321667,-1.1016926890282408,-0.7927349303493367,-1.4605818531471924,-1.393648423543709,-0.5341280486699798,-1.1235212326685582,-0.6581860158557135,-1.0255283758737985,-1.11310032032006,-1.1706670476736205,-0.572975396596185,-1.656892726654769,-1.0478719246121668,-1.6323338481952967,-0.6184621991733036,-1.0197481057402848,-0.9903829682808192,-0.7583168120399439,-1.3457293717271406,-0.5723972475262435,-1.339561893865683,-0.7220128243150221,-0.7219902096678794,-1.1521170251264956,-0.7393922363322994,-0.7781411480640887,-0.9394414153493056,-0.5837463726879994,-0.6126740787667748,-1.0361948797908318,-1.0339387109852556,-0.5902788724198132,-1.0780427183242915,-0.6766119141863063,-1.2040425933413657,-0.6525055084227656,-1.0364874282020335,-1.0280643120991622,-0.9091536059499153,-0.86451518406463,-0.7461991023884461,-0.5410204774024194,-0.7062782606568745,-0.9951716594426622,-0.9166762246362096,-0.8660861959843095,-0.5800241257981145,-1.080630609615704,-0.6807864710543635,-0.6114486398320298,-1.0259948897437405,-0.9190044885854591,-0.8671029619633775,-0.8760323036642595,-0.9668879285000269,-0.8477540634989339,-0.9351724420179398,-1.0289358968360924,-0.9012957860903602,-0.599675934515319,-0.558083766819358,-0.6841635294522572,-0.860171862059845,-0.630798945953603,-0.4501562081468953,-0.8957377152174366,-0.482858250159042,-1.2371708391946326,-0.8310091290653492,-0.5289777884430592,-0.9768459687636412,-0.9379656143667365,-0.8897091857686462,-1.063926769788331,-0.9283921942827634,-0.9060057831454386,-0.7938339509006811,-0.9933867253206355,-0.8893882991307991,-0.9925483045102599,-0.5905991247359693,-1.2478064290452735,-0.8866273139420223,-0.9076246088808304,-0.8987489307520449,-0.7849202999904226,-1.0653798176989917,-0.9037591599453745,-1.0976498157657892,-1.0695536732860151,-0.7976487112166977,-0.6621098604840758,-0.9492777816196221,-1.11814212536101,-0.9809357528765141,-0.8861129174768239,-0.871139539636517,-1.227448500507338,-0.6098722212146723,-0.8429710764172224,-0.8338668886234026,-0.9888995847691141,-0.8605755162757687,-0.8555652139630175,-0.5566710539688772,-0.9683062841652401,-0.5939756544625042,-1.0475823734759018
-1.1653814329152106,-0.7059563650434357,-0.9759993709656651,-0.674124108319286,-0.7414004812474757,-0.655257953022657,-1.15739881108236,-0.7363240874674168,-0.6273597564359275,-0.6170737826867324,-1.1126091037422983,-1.1462236773634313,-1.7070534290388115,-0.6794774285880413,-1.161293109190955,-0.6608072390910517,-1.140804149443005,-0.6383423496748096,-0.7396377549034896,-1.1449667870570808,-0.8124811749653097,-0.6689868788088837,-0.6968161593535355,-1.029129280974288,-0.6262364833419856,-0.5211081047605993,-0.6724706605258988,-1.1096158281974184,-1.0988588266236132,-0.7897416523274418,-1.459475883548938,-1.395444410924465,-0.5343534468373315,-1.1219165731175988,-0.6568344975429834,-1.0327856130921178,-1.1122645506772386,-1.1689478830462667,-0.5707015402435013,-1.658028912590543,-1.0505442075252205,-1.6191951020582545,-0.6288908635541641,-1.0177230316890937,-0.9898739062816494,-0.759509949464654,-1.3881738429463755,-0.5712051818194863,-1.2861064296408595,-0.7235551403954749,-0.7212541729854243,-1.152091469039793,-0.7411252991912063,-0.7779594984767271,-0.8893381849306482,-0.5835578788177926,-0.6122214831131604,-1.035717529154497,-1.0337204016075197,-0.5906089247968224,-1.0568201658611944,-0.6762358822465934,-1.2058387088522344,-0.6508762204086611,-1.0370095694105599,-1.0281566166472356,-0.9088789669236922,-0.8609281642993206,-0.7459496669612632,-0.5409011697536598,-0.705398453709102,-0.992580435554405,-0.9145914000274757,-0.8638610363942889,-0.5815212724298306,-1.0795519160569507,-0.6809224276567505,-0.6109817254704819,-1.0211463504996716,-0.9203174013390178,-0.7904233672933667,-0.8773043037222832,-0.9663151738321273,-0.8490046019868623,-0.8989646111886018,-1.0278710420284585,-0.9012255815825234,-0.6002105901183928,-0.5584422243575049,-0.6878170925490845,-0.8607201369540698,-0.6305067522333108,-0.451965811081438,-0.8916678854526984,-0.4827337615309621,-1.2369397119103351,-0.8315389391327865,-0.5290756291533453,-0.9717021583312695,-0.9346214831350537,-0.890254767650614,-0.9784891930348334,-0.9289749189885155,-0.906094250782084,-0.7915250292054213,-0.9872261125851753,-0.8860201187252443,-0.9926378932583935,-0.5907912980623917,-1.1995261477762844,-0.889147031980197,-0.903155502200953,-0.82820274600472,-0.7865062001241182,-1.0495964304455945,-0.9048278565995755,-1.09773083809544,-1.054258422502626,-0.7972667150935062,-0.6603192913506385,-0.8838144385543528,-1.0820303527753057,-0.9796171549905385,-0.8828047813905376,-0.866195507240181,-1.2268008471986014,-0.6098126923506014,-0.8429460356800106,-0.8340056094821032,-0.9844786321423374,-0.8624169773422379,-0.8321010378813561,-0.5572093808254729,-0.9623990962721088,-0.5925296347115917,-1.0478442907643264
-1.1676948587627654,-0.7088424612703144,-0.9861708902089671,-0.6713958048306587,-0.7403999369751156,-0.6557873174670487,-1.1564989243856,-0.733894011005094,-0.6292604232762172,-0.6095495668015655,-1.1133623328365645,-1.147275330678226,-1.7145778392068678,-0.6756595978050348,-1.149717533206142,-0.6605127624546068,-1.1380465816864216,-0.6375722963237457,-0.7407065948384252,-1.1443184415655767,-0.8102432166300378,-0.6656246361044282,-0.6965839468549132,-1.028509078504328,-0.6250877591988817,-0.5262363888293193,-0.6710627587571392,-1.1123191112139015,-1.0951731722681923,-0.7883443972449234,-1.4577842022326346,-1.393150145526118,-0.5358774167432327,-1.1168969355670295,-0.6555338859145758,-1.0463263458339367,-1.1124623970336416,-1.169410845817967,-0.5675473362248601,-1.6554340939683663,-1.0478336687725693,-1.6167341773688768,-0.6439610128828985,-1.0065386203913143,-0.990521851932219,-0.7593255630881048,-1.4106905035911066,-0.5684455655908672,-1.2440057092346148,-0.7229660969847177,-0.722708161072555,-1.1496618629883044,-0.7406572888533116,-0.7781496416545199,-0.8294753621581102,-0.5833683400813428,-0.612309948394545,-1.0345415477359263,-1.0350430746787427,-0.5886802081485369,-1.0525968431644126,-0.6750563804268962,-1.2063183311585373,-0.6511241833012954,-1.035091616506435,-1.0283948756792658,-0.9086695863730536,-0.8578590378025426,-0.744744821457523,-0.5408608131883335,-0.704286289460986,-0.988098577433479,-0.9130964329610688,-0.8635478058802427,-0.584082397591734,-1.0790585539793482,-0.6807492811317376,-0.6109201802852177,-1.01507545600769,-0.9194318323084409,-0.69412209281228,-0.878591240025097,-0.963852543275016,-0.8501485753541023,-0.8398614519456966,-1.0256074657657277,-0.9006338866931973,-0.6011215835637103,-0.5586903827093929,-0.6910213392128569,-0.861223560234013,-0.6298797047311744,-0.45184329740514934,-0.8856088502081071,-0.48132269439850706,-1.2369334528793114,-0.831863823142409,-0.529228609378566,-0.9637049919269716,-0.9222269837201974,-0.8912644036358595,-0.8772234750572635,-0.9283035092575128,-0.9066923961442832,-0.7887094520240286,-0.9845040457096959,-0.8818864895065227,-0.9927328914966159,-0.5905457779197059,-1.1349693971756791,-0.8892369004947279,-0.9000039695586767,-0.7407010585631175,-0.7881459545289834,-1.0343693640365619,-0.903260858688044,-1.0970222021382245,-1.0209820072310019,-0.8074832167700305,-0.6597443672012101,-0.7974765612603396,-1.0184403274178442,-0.977416870211055,-0.8720395487265524,-0.8604631597315556,-1.2263940821990065,-0.6096440938228288,-0.8419865671184369,-0.8349620793913449,-0.9749304852077227,-0.8638733439007484,-0.8173612443995024,-0.5569918377806846,-0.9575449968179908,-0.5909245054632023,-1.0478568309274037
-1.167953022843817,-0.712101868226583,-0.989548686165889,-0.6700909278292887,-0.7411523240193517,-0.6568875943111431,-1.1502967078474065,-0.7350683473055991,-0.629585742955602,-0.596902787467403,-1.1129925584567748,-1.1475589921730294,-1.7071718105678382,-0.668577004777579,-1.1498225507814566,-0.6592861149483131,-1.1374331779491305,-0.6390007202438809,-0.7406644474553565,-1.1453386631014473,-0.8120458661511527,-0.6669163847269355,-0.6954747702467791,-1.0288554774030811,-0.6234094508368807,-0.5262135047094958,-0.6717847661169698,-1.104688093525223,-1.0967417006613558,-0.7862346019211806,-1.4536917036563446,-1.3931206162701553,-0.5407848147000415,-1.0777219164161407,-0.6536072303810897,-1.050213508271643,-1.1125398697418292,-1.1700598797514998,-0.5670387837930407,-1.6544520865469505,-1.0495156880259264,-1.6121800633513734,-0.6483722695253645,-1.0021383244020414,-0.9908938464508154,-0.7587166810806548,-1.4094303189498931,-0.567756921182305,-1.2260990234502334,-0.7225401517494887,-0.7211632916209856,-1.1493174113849194,-0.7407486748629205,-0.7788984365869596,-0.7641324732861361,-0.5855712315811052,-0.6127193276350044,-1.0370409177146718,-1.0340538503805004,-0.5878919172559289,-1.052177309097614,-0.6740392506641334,-1.205745149211345,-0.6515408213264199,-1.0342563050774445,-1.0284300551846945,-0.9083842477239785,-0.8548074194987826,-0.7430128200903761,-0.5408689981818644,-0.703360153772016,-0.9832926053742318,-0.9112296503347391,-0.8632691431543494,-0.5870191152197725,-1.078151005096956,-0.6805317949076181,-0.6107314570697856,-1.0103356496054832,-0.9146135627628976,-0.5822608280455978,-0.880450066207632,-0.9543677450425861,-0.8521292664425058,-0.7612399175816164,-1.0226992021649464,-0.9001514324389108,-0.6014566628379797,-0.5589039280979423,-0.6949284727469834,-0.8615791374602202,-0.629322298394454,-0.44723501333539584,-0.8789337217654429,-0.4801893010033183,-1.236923173448798,-0.8322778274539232,-0.5294027458527195,-0.946787208275191,-0.894665974996343,-0.8920597524101999,-0.7632605855068264,-0.9264000952628254,-0.907103893317793,-0.7858231089406852,-0.981230527194775,-0.8771769160193188,-0.9927988967660298,-0.5903344184576098,-1.0565763976937574,-0.8980203160396619,-0.895879285491271,-0.6399550525353077,-0.7897873728145236,-1.0215461174619516,-0.8989949488870899,-1.095227857442852,-0.9651671297509892,-0.8207173342020216,-0.6589840056813404,-0.6919966331852012,-0.9351928774034425,-0.9738472231357171,-0.8405960688324148,-0.8547074170038973,-1.2257816431975468,-0.6093704779317853,-0.8408729184578035,-0.836327275090125,-0.9626161665447382,-0.8656662091089962,-0.8118370399751688,-0.5568478730437336,-0.9530244785162605,-0.5887624113790307,-1.0478900254767252
-1.166565043913432,-0.7158591278320888,-0.9943998549521552,-0.6639222953621743,-0.7388813644890466,-0.6574273743586572,-1.1548005030269315,-0.7392116602574943,-0.6292861035330714,-0.5781675150024199,-1.1140299331692738,-1.1479407359076002,-1.7061401205538238,-0.6620846535790202,-1.1510118335846276,-0.6584378072017029,-1.1365573166682326,-0.6405900083545919,-0.734718347751082,-1.1470328116779693,-0.8103599600759261,-0.6649187832403212,-0.6950841204922384,-1.0291544184608412,-0.6236812394858063,-0.5269066340295135,-0.669393761611655,-1.1154893405168091,-1.097511412365169,-0.7846948597907191,-1.4557412203663467,-1.3937804035388683,-0.5478553393269118,-1.028278056419851,-0.6552115491219265,-1.0508497622212278,-1.1145017890603715,-1.169206610566528,-0.5655712161536506,-1.654573812505103,-1.0479084926941347,-1.6096336243655827,-0.6533710804235876,-1.0009606785793348,-0.994555140002454,-0.7586001221770865,-1.365714315408469,-0.5664861000548767,-1.226068512340516,-0.7217719103433025,-0.7194412091959548,-1.149433080455604,-0.7398928543803208,-0.7794046545766757,-0.6986553374527147,-0.584880157048096,-0.6127068119906004,-1.033926278233769,-1.034164223195445,-0.5882131366385137,-1.0252554555557587,-0.6745918356264523,-1.205880494998595,-0.6521787221199724,-1.0355762001894355,-1.0285269773403816,-0.908433549003413,-0.8529758603147662,-0.7398131623388783,-0.5410206479231182,-0.7024681608283364,-0.9776556409363931,-0.9087287189466355,-0.8634132331357793,-0.5913096707812104,-1.0782692580951676,-0.6804826886908569,-0.6105245408903278,-1.0064384664477672,-0.9044502551034941,-0.4592674476452131,-0.8827412546028941,-0.9308568213873711,-0.8504718478018849,-0.6567142066239849,-1.018797267191986,-0.8994488830178137,-0.6022797552773688,-0.5593370642898701,-0.6969555272568262,-0.8644899126454396,-0.6285450542340483,-0.4296350776806291,-0.8723880804189945,-0.47147227443302003,-1.2366963406821374,-0.8332133880776428,-0.5297978290840969,-0.9155733582657174,-0.8414959396593276,-0.892768591152707,-0.6369355714415991,-0.9194706122089541,-0.9112576666479061,-0.7828000354407735,-0.9819958477430654,-0.8725410880737947,-0.9922984240295013,-0.5858070103881039,-0.964813353878382,-0.8981476790385997,-0.8930727195013969,-0.5286327740616086,-0.7913220808861292,-1.011002955223584,-0.8936743174190506,-1.0799789980023744,-0.8874578952272977,-0.8207492866927553,-0.6588598685097825,-0.5681845936183324,-0.8319513294746779,-0.9714813667095263,-0.7923643592013248,-0.845049955489152,-1.224427038118417,-0.6090646719359134,-0.8400393423255522,-0.8363499324998555,-0.9345606781718712,-0.8709239187634419,-0.8081718560574912,-0.5555192260084854,-0.9476632279970126,-0.5875657991651877,-1.0471629910809173
-1.1656923401956172,-0.7180507925952669,-1.003533537708173,-0.6608331393120289,-0.7367475332201445,-0.6590678890789746,-1.1530072721769973,-0.7423032397393547,-0.6294583251705288,-0.5580119913840549,-1.11204598063227,-1.1474497616649073,-1.7079180707992616,-0.6583112042035952,-1.1498201315284127,-0.658745544246523,-1.1362922656706373,-0.6422999730696972,-0.7333643215863532,-1.1444163643807554,-0.8128097694519991,-0.6665443455120106,-0.6944283662941331,-1.028516446388318,-0.6229309951757018,-0.5272097896374865,-0.6667689666437113,-1.1175735711511197,-1.095778304701278,-0.7868989464696964,-1.4532855947397267,-1.3956109919943585,-0.5543672284595745,-0.9552947550728209,-0.6541026499004376,-1.0424560928029736,-1.1141978313363468,-1.1654464225045087,-0.5676783058922329,-1.652384593090737,-1.0487159159439903,-1.61029158282779,-0.6591746009823518,-1.0015829140401624,-0.9939978960596058,-0.7582156969302237,-1.3303030381824326,-0.561986963887912,-1.223705421987583,-0.7212077166545681,-0.7143349049484712,-1.148532617296304,-0.7407479361769307,-0.780953545727761,-0.6547078558822225,-0.58471266498937,-0.6140895232689321,-1.03577875112442,-1.0338080007610313,-0.5872722072934837,-0.9515135805226521,-0.6755234068963323,-1.207437258544734,-0.651796794256317,-1.0356124981637995,-1.0285650607021448,-0.9083529328795106,-0.8502574491174943,-0.7366190657078019,-0.5412118016262052,-0.701525392901709,-0.9720157573749896,-0.905625150153927,-0.8660915216920421,-0.5954042650559703,-1.0780941731973845,-0.6802712991753644,-0.6101363283699924,-1.0016191027239993,-0.8817047802821452,-0.32950612916990635,-0.8850352829883628,-0.8924670042482757,-0.8416498468111111,-0.5286539040238961,-1.0136974655350017,-0.8987674655570501,-0.602698790939957,-0.5594527569344568,-0.6981956744133992,-0.8723808597498363,-0.6276190538849836,-0.40291501827867043,-0.8650200358685235,-0.44087147602264004,-1.2358324573417978,-0.8340933497857504,-0.530548792628882,-0.8651563264453923,-0.7607689002832444,-0.8935649967686227,-0.5022020720660008,-0.9004057419970005,-0.9240354574538882,-0.7792747259135245,-0.9820816492645971,-0.8648571578057117,-0.9908451218107033,-0.5656551725522094,-0.8628954548349983,-0.9180564619383372,-0.889683849439575,-0.4054177431424699,-0.7930101432932481,-1.001765682499407,-0.8740439589077978,-1.048823722458984,-0.7914639501805095,-0.8500267292396324,-0.6587409108350668,-0.430618056270149,-0.7120629578736783,-0.9688271132787225,-0.7324484428116068,-0.8247862997265435,-1.2227237038369445,-0.6088573197181076,-0.8390526684050829,-0.8409160698713681,-0.8942955292360948,-0.889234445752502,-0.802935859503754,-0.5545746500356153,-0.9426569123592105,-0.5860168070112924,-1.0458901399400424
-1.1676053580524268,-0.7203877912682837,-1.0202897891090958,-0.652628557333564,-0.7341579269732093,-0.6580192324217817,-1.1480753421277128,-0.744394556849378,-0.6294779951545024,-0.5376399698900337,-1.1160664789929615,-1.148407949699557,-1.7106337185747083,-0.6531941617745329,-1.1483443871716355,-0.6587803080198312,-1.1345590085012374,-0.6437114339577054,-0.7311176780095994,-1.1407600900161523,-0.8131417445404038,-0.6661118111825337,-0.6929287715648734,-1.0282635546054935,-0.6212333117813021,-0.525489470031777,-0.6621492771684915,-1.1113534489230843,-1.0933618580424476,-0.7847438954955016,-1.4587473538755242,-1.395993857958113,-0.5577325468983065,-0.8681678031917287,-0.6548875876478617,-1.0366262496473653,-1.1176744048539957,-1.1674217672493135,-0.5664534929963773,-1.6532239709501806,-1.0496423823652994,-1.6105132511715647,-0.6559597568375983,-1.0029542940313132,-0.9943211744666338,-0.757910160251935,-1.2767902362905583,-0.5628877769332467,-1.2219417621181647,-0.7207009223237442,-0.7115472698049676,-1.14577100434452,-0.7391459373179481,-0.7831088792356538,-0.6324072924867663,-0.5841922171138156,-0.6109111914182594,-1.0362227798398558,-1.0336412763745408,-0.5856279776973135,-0.8501073954503506,-0.6762350550235959,-1.2064547101197358,-0.6519016212657033,-1.0354126875478178,-1.0286775970361548,-0.9081472879730574,-0.8453237230409526,-0.7320640766163293,-0.5414708794075521,-0.7009652213330778,-0.9658353342297074,-0.9006850644015113,-0.8659769696636841,-0.60032653160345,-1.0702290740388085,-0.6794508484680138,-0.6096625628605996,-0.9944849676272272,-0.8283381852376959,-0.1987875984821652,-0.886311490439285,-0.8312208197872927,-0.8136806136092681,-0.38067413087636987,-1.0080476661799251,-0.8929085665118665,-0.6023265576322541,-0.5596876390812288,-0.6889759957616911,-0.8825072690546105,-0.6244731236575737,-0.36587068533606953,-0.8575578729587183,-0.3702357346252342,-1.232580182586455,-0.8329270891078162,-0.5316401996440223,-0.8042084206080398,-0.653348058445064,-0.8953554877008851,-0.3640198118487013,-0.8596696806951368,-0.9185969758293041,-0.7767926269069372,-0.9835264888396467,-0.8580020937779567,-0.9819086916360338,-0.515360979663947,-0.7496182811931772,-0.9714017026756772,-0.8881184652137715,-0.27617959131422926,-0.7969795524933764,-0.993526960578964,-0.8262698356784257,-0.9950177073383775,-0.6719761605309849,-0.8499987196043264,-0.6586909941457242,-0.28505778717273306,-0.5806314331418512,-0.9619907202497678,-0.6677387431551265,-0.7853970524046008,-1.2147940778469093,-0.6089167915075254,-0.8381339832838801,-0.833084389941174,-0.8349812527491782,-0.9204835445337124,-0.8003019357485024,-0.5536633686597853,-0.9388954907798376,-0.5836204275918626,-1.0392239367796166
-1.1670824250250686,-0.721095243978242,-1.0602630727271476,-0.6475305131121296,-0.7322431586367206,-0.6607723853613281,-1.1439134809366631,-0.7544957046441305,-0.6298747824423248,-0.5140024997519513,-1.11388715100947,-1.1481426434344686,-1.7106419596218843,-0.6500326815528298,-1.1419399645681534,-0.6588073066891366,-1.1350911852596175,-0.646168682853234,-0.7268031577092116,-1.1424143984751496,-0.8075090986497412,-0.667110841508818,-0.6930892935215268,-1.027922681619733,-0.6226770746122107,-0.5250579746177838,-0.6604922337872428,-1.106450398636075,-1.092624182761562,-0.782841058146332,-1.4583124705664237,-1.3978467624162005,-0.559445593433017,-0.7992199575400203,-0.6544902988859532,-1.0249326444670006,-1.116871495505663,-1.1659896838430717,-0.5666442671436144,-1.6510099212881835,-1.050360016909276,-1.6108388265514846,-0.6490594441256798,-1.0015768567943513,-0.9954142956367302,-0.758315559840443,-1.2702111468873583,-0.560232218631801,-1.2187745912017478,-0.7209789358804555,-0.7119781316428812,-1.1456404460754956,-0.7386332892409485,-0.7833127254060097,-0.6150236251438919,-0.5820615258714329,-0.6111661040730845,-1.0375767793849915,-1.0309234782115357,-0.5851258973679275,-0.7323254398497798,-0.6761243253166466,-1.2078310126162082,-0.6530380017694493,-1.0373159838566155,-1.028144810805089,-0.907877675924812,-0.8328800850380781,-0.7276462458483569,-0.5420533212736038,-0.7005512817153375,-0.9580118550191086,-0.8960961249732762,-0.8623385743523088,-0.6056455236970013,-1.0515959059999824,-0.6786878730956306,-0.6094538619283417,-0.9785681454648323,-0.7487516401645268,-0.07302729634410625,-0.8870766048378683,-0.7626518608315341,-0.7586374330316528,-0.21722969272184378,-1.0024168142502965,-0.8825540572514825,-0.5949349838989874,-0.5599078818411086,-0.6534111876721492,-0.882167621369546,-0.6094537348440248,-0.32490776830223683,-0.8491645010799428,-0.25232054125942893,-1.2239432223237283,-0.8240423520111247,-0.5329621597971357,-0.7406803492601759,-0.5396591168939479,-0.8853963159501075,-0.23155716366698126,-0.7964926379019789,-0.8946345126090025,-0.7753585943695651,-0.9841704083979055,-0.8518967760906152,-0.9626216292418706,-0.4217306617685058,-0.62711690617092,-0.9714196862325871,-0.8851761159246538,-0.14959814010770742,-0.8050926346629578,-0.9872037832835328,-0.7478611611861096,-0.9175712615515783,-0.5348582026360201,-0.8617828391515447,-0.6586291816889103,-0.1439012473375733,-0.4411694498508923,-0.9498178846125219,-0.6088030356842069,-0.7273733716196726,-1.1975190984774688,-0.6090578800520934,-0.8376040445388017,-0.8187853333651782,-0.7747032997143491,-0.9529334037081904,-0.7979014489768184,-0.5524642128424447,-0.9350163402340644,-0.5809971607488511,-1.0262489005179056
-1.1690468459636452,-0.7213607093858077,-1.1173961566452373,-0.642644275917719,-0.7306243605804992,-0.6611711541665735,-1.1450638207931594,-0.7558491957113226,-0.6282516809314397,-0.4934729397264901,-1.1136511399021718,-1.1457895705502252,-1.7134665228586548,-0.6485339080323135,-1.1468056322696685,-0.6593192062376824,-1.1306873966494786,-0.6478332230729116,-0.7250224584303203,-1.1443834438625904,-0.8074542202152354,-0.6651626003623511,-0.6942529039822062,-1.0265821601385405,-0.6208657243610716,-0.5194159774468373,-0.6592915725415996,-1.1047023784703538,-1.0930502881253434,-0.7807636032874133,-1.4583909940916975,-1.3975544002407578,-0.562858999542496,-0.7589548261969884,-0.6541938486838419,-1.0228851054161583,-1.1191224256781667,-1.1665362678809528,-0.5656642453445501,-1.6527312926413766,-1.0513364409564123,-1.6103659898203389,-0.6392481111631048,-1.0029287949803984,-0.9986026369385624,-0.7573445834772347,-1.2825302880299703,-0.5592299764911381,-1.213116104786415,-0.7180499353119348,-0.7104572621511325,-1.1464696855322891,-0.7382841018208592,-0.7827865757907472,-0.59858100069568,-0.5839747804486826,-0.6111574393961895,-1.034556231972254,-1.0348303792733597,-0.5857722140330888,-0.6655397989923558,-0.676229382637327,-1.2086411357889169,-0.6530406717818699,-1.040384823007866,-1.025620883608442,-0.9062455222492388,-0.80813030119377,-0.7244737225292607,-0.5431754611506007,-0.6997538674696242,-0.9413101807648495,-0.8893255200304533,-0.8483768863467473,-0.6106002103102925,-1.0192235103508562,-0.677631147216663,-0.6095821338392579,-0.948105345378622,-0.6456680693983008,0.05211749483293607,-0.8840954040072602,-0.7005239249687916,-0.675445097179688,-0.05420102359943632,-0.9922002579767162,-0.8626357472607913,-0.5602208563736917,-0.559936330852073,-0.5745260342594918,-0.8637949366332484,-0.5606279093308562,-0.2854202770742122,-0.8409655428661221,-0.06998927475478738,-1.2045664044333955,-0.8040844174044192,-0.533884427877241,-0.6900925045656806,-0.4309505220327108,-0.8635041446658132,-0.10020602413503693,-0.7162337308258889,-0.8946724630722612,-0.7787150914830627,-0.984487901237357,-0.8439212284714019,-0.9256432565780085,-0.2812229989679842,-0.5021845656431814,-0.9778153288500442,-0.8838340600901937,-0.023775489180348646,-0.8119101084138802,-0.9815192838289194,-0.6418158400703683,-0.8129944267957939,-0.38320327920521363,-0.8644445225943702,-0.6589006783914918,0.00201286034508314,-0.3044991735618687,-0.9268677749721819,-0.5579764752832854,-0.660285175486252,-1.1595053239200084,-0.6090221513187198,-0.8382155501646208,-0.7969958957836841,-0.7126186411157267,-0.9741137022584535,-0.7909265451096096,-0.5508781793107438,-0.9303315588439824,-0.5686375349848697,-1.0074096414073783
-1.1712463618162234,-0.720397557202977,-1.1807256373617705,-0.6408783153145245,-0.7301963963263073,-0.6629804932232104,-1.143081430086559,-0.7550931449234223,-0.6269521506569196,-0.47741143170652955,-1.1145100622488695,-1.147396159889788,-1.7055286125802753,-0.646574123927713,-1.1515980625835824,-0.6597577554191785,-1.1322088204971217,-0.6456249550583372,-0.7245420225125575,-1.1416729529195357,-0.8082182362028059,-0.6644026807070595,-0.69372489561252,-1.0275450775652588,-0.6184930363657158,-0.5180232310408713,-0.6558418420123022,-1.114372143528048,-1.0926216701009404,-0.7809619511382345,-1.4578159278448588,-1.3992592075906989,-0.5678477372828019,-0.7310736414346174,-0.6534135683564735,-1.0247728555760605,-1.1195611334292452,-1.1639348158279124,-0.5637224217492482,-1.6525723790565399,-1.0507575400895637,-1.6108692820620785,-0.6266608445896397,-0.9985289874786906,-0.9973565300847707,-0.7574199241472226,-1.292936506186554,-0.557575564983753,-1.211552876419095,-0.7171439121136898,-0.7075933048605215,-1.1460294541604796,-0.7363693222084337,-0.7839110139160029,-0.5793741827882725,-0.5791729931431239,-0.6099836431052149,-1.0376834095318679,-1.0340569221766935,-0.5864300566787783,-0.6153959052105819,-0.6749935114790869,-1.2071164006351804,-0.6555151928583689,-1.0404744801495933,-1.0147552720596102,-0.902793648664734,-0.7681992137323223,-0.7211809160107022,-0.5438212798762838,-0.699008380936202,-0.9117170639007905,-0.8752303008082211,-0.8214196824800991,-0.6165497726838665,-0.9672280703305615,-0.6768887898043646,-0.6096450607686251,-0.8970411160918361,-0.5205166865320681,0.1664045653577877,-0.8706754510259532,-0.6508982009854791,-0.5722249253588124,0.10148239262221018,-0.9746948313286027,-0.8253255817446222,-0.47286996468422,-0.5553089806812241,-0.4400334452906843,-0.8115471866191074,-0.45176530493401457,-0.2501708980419038,-0.8299102274242206,0.15723393177272946,-1.1668623213513187,-0.7617660471435413,-0.5353079491308729,-0.6502152078053869,-0.3422469734419442,-0.8216293638470076,0.0258955552922121,-0.6205864654833225,-0.7511443116950558,-0.7802036306789151,-0.9838417141970279,-0.8282116522186546,-0.8677502293266642,-0.10102442095343447,-0.3832764495411113,-0.9555536069262153,-0.880545882752118,0.10063137097452533,-0.8133284003009498,-0.9759242081610652,-0.5273911646627971,-0.6842014839164333,-0.2319535187005952,-0.8470637501950833,-0.6590557217914557,0.14172088105902506,-0.17797418735203477,-0.8858557495819804,-0.517721956695386,-0.6021004638993517,-1.0994918668534106,-0.6088885395538194,-0.8411482189792909,-0.7601084428563712,-0.6543477377184459,-0.9732462712198214,-0.7763674226486121,-0.5493853156183622,-0.9203277147223712,-0.5272996364230369,-0.9739369463510336
-1.1727851996979384,-0.7197726423926812,-1.2468113043970048,-0.6386240016052895,-0.7283003467462505,-0.6600827808689042,-1.1392479586709472,-0.7592196690192534,-0.626247200286845,-0.46226546612741454,-1.1139848387327138,-1.1474461581842272,-1.7030261183763769,-0.6442284996045361,-1.2064127282898842,-0.6601041985208782,-1.1322700260112435,-0.6453598080662282,-0.7196876617151214,-1.1445487803503172,-0.8098343891959815,-0.6675128413022976,-0.6919386545320931,-1.0284970515172274,-0.6176460245326864,-0.5192147387436467,-0.6533879229583791,-1.10976062040126,-1.0945952603251772,-0.78012424909808,-1.45668634848867,-1.399963176036272,-0.5713817718259203,-0.7140971796249559,-0.6536479557285482,-1.0233147444253607,-1.1206039913862946,-1.161882827485496,-0.5665983956070878,-1.6530189770453223,-1.0543881317845316,-1.611707346053603,-0.6075689626388397,-1.0015176521014229,-0.9981782939667465,-0.756173255193837,-1.3056610062287122,-0.557598567262391,-1.2099685551624209,-0.7177443887298847,-0.703961917575084,-1.1422547090410626,-0.735921256392266,-0.785099437089176,-0.5620857418291959,-0.57429984147318,-0.6069298258706631,-1.037096153034399,-1.0320577124749022,-0.5846303879246373,-0.5953601834985874,-0.6749943387020844,-1.2075327697364155,-0.6556194394302719,-1.0415958241967627,-0.991887784259543,-0.8946315889530757,-0.7111335332773192,-0.7180307809953721,-0.5446849103742623,-0.6980873501914637,-0.8635274879209847,-0.8434301741154887,-0.7655316562229257,-0.6207017624825426,-0.8911681683520228,-0.6757918256484581,-0.6098993592562895,-0.8312665714597873,-0.3756916062089036,0.27224884468558347,-0.8416500148222396,-0.6184367164314298,-0.46403452641095627,0.25053399677951765,-0.9453724795221395,-0.8252679353707303,-0.32583988706142714,-0.5240810940337142,-0.2629668567395885,-0.8115471866191074,-0.2849953789597496,-0.22904114546195112,-0.8130052980943994,0.409750028574106,-1.1050095259891926,-0.6858314483726692,-0.5360861214997446,-0.6193247608343483,-0.2772664643645829,-0.7526012530772996,0.14033264027972991,-0.5162880005775314,-0.633247542723182,-0.7687531403065986,-0.9796242882459777,-0.7959900379285036,-0.7834945266452923,0.11850396736388624,-0.2645791227856677,-0.8918366330436474,-0.8742097670418064,0.21662655368352823,-0.7949429070849187,-0.9700481053542066,-0.42462018902613047,-0.5390704025442645,-0.08702980832079958,-0.79551752104951,-0.6604924914483223,0.27190526851348645,-0.04934515257695844,-0.8309253384888932,-0.49639206051276463,-0.5616078206926614,-1.0106307837940365,-0.6062714383715289,-0.8422735762753986,-0.6969574823937096,-0.6111304584569445,-0.9302215810298691,-0.7503379003366395,-0.536262511599098,-0.9021865408184329,-0.43438953564681126,-0.9189629368599006
-1.1703303914448542,-0.7175054754032216,-1.2939436313053232,-0.6379574599831487,-0.7280803211349349,-0.6608083249149579,-1.1348061454832907,-0.7609060654297228,-0.6276302187155638,-0.451471829160101,-1.1125735348721129,-1.1467724199057805,-1.7015300342174533,-0.644282045618323,-1.2902133444435047,-0.660118892486916,-1.1316013298349237,-0.6447185143751369,-0.7129209602061118,-1.1415322543992257,-0.8077040466819675,-0.6677249759734419,-0.6903870581011465,-1.0271446114001694,-0.6177380559365803,-0.5175496241280272,-0.6465921450758904,-1.111147859992767,-1.0952089776820533,-0.7786508679214139,-1.4508475710308528,-1.4008217786008526,-0.5819043773272532,-0.7067841852906412,-0.6558737692665032,-1.0211196232742452,-1.1190338854402375,-1.1605478776559965,-0.5646156305936709,-1.6526012514375057,-1.0506282578551591,-1.611914204658893,-0.5907856581016752,-0.9970478931803476,-1.0014092618662012,-0.75419206688305,-1.3065767147457008,-0.5615317378401967,-1.2061565304705304,-0.7177098557828485,-0.7028672464219466,-1.140969015653073,-0.7336903191761572,-0.7830917788069184,-0.5396666003571,-0.5732003287258479,-0.6015863945094352,-1.0375523809615537,-1.0327170894163906,-0.5839947354844514,-0.589134820278498,-0.6741223274880233,-1.2101882563782036,-0.6552579429660095,-1.0437877867307128,-0.9541360333689977,-0.8792977841914027,-0.6515735097330617,-0.7120299485349952,-0.5459565400636649,-0.6968847241358902,-0.8058411363695827,-0.7898322160451442,-0.6807328282913329,-0.6095280667264938,-0.7871997243957667,-0.6749240977369344,-0.6101118024121606,-0.7602865827234461,-0.22189745463389465,0.3627798746114443,-0.7931566561229313,-0.6023381868112022,-0.3675159979815675,0.3839972728515119,-0.8978993963948493,-0.6845164709842939,-0.11281342501431527,-0.4334520281059019,-0.039212524358705265,-0.6053720316385119,-0.07852649832931312,-0.22623170177831092,-0.7842919691825296,0.6705228321627821,-1.0218738322014158,-0.5853244075454508,-0.536479261243687,-0.6089989924285384,-0.2400574019678123,-0.6590109865969589,0.23863601357348976,-0.40907202292939376,-0.5087786346866743,-0.7347957648795418,-0.9729869600801055,-0.7444953207416337,-0.6739595175532995,0.3423240186581807,-0.14775033747533933,-0.7958871142360685,-0.8613776785550292,0.32483311284470207,-0.7431332124885005,-0.9613441752945957,-0.3483123809445623,-0.380199324105654,0.056743162036672616,-0.715937589817675,-0.6617478648806348,0.3923806786876274,0.07032682472625076,-0.7763512996816545,-0.4856729547368114,-0.5393317044154271,-0.8935131419791678,-0.5899200066116687,-0.8322176294571166,-0.6084648288795541,-0.5865523958546232,-0.8320300274411572,-0.7121776745764086,-0.49487006320326093,-0.8716997462537666,-0.2865938385672039,-0.849454534122704
-1.1337067007742938,-0.7140837229089396,-1.3133315325473807,-0.6366779790086058,-0.7263578746502428,-0.6604932243062203,-1.1259080566432087,-0.7640108992716347,-0.6257998174291348,-0.4436226051168399,-1.1056246342019755,-1.1469168969593069,-1.7041485712748279,-0.6444814015465758,-1.3935260061584913,-0.6598350480697995,-1.127497240767662,-0.6418904695357266,-0.7081742356389279,-1.1368889935441604,-0.8044577675418615,-0.6658652390647745,-0.6896363342028565,-1.0184679528411336,-0.6168485266713434,-0.51751930856723,-0.6469221947978901,-1.099421291395412,-1.0942997086195372,-0.7799545666592625,-1.4533345006668772,-1.3995388338656694,-0.5915358262068737,-0.7068201956034666,-0.6522796490412007,-1.006237344227027,-1.1190321739665665,-1.1506189875526744,-0.5644385750367971,-1.6546226645736977,-1.0509561329039443,-1.6119895671184414,-0.5773246860032719,-0.9793119843527132,-0.9980494526716783,-0.7530203211998191,-1.312091194322415,-0.5594636139213055,-1.1924681282376521,-0.7171538286694266,-0.7022637213659886,-1.1428459435512595,-0.7335244314081362,-0.7830476121366748,-0.5248529333913876,-0.5709787341203384,-0.5978329848441016,-1.0382120420396879,-1.0370453561767274,-0.583820445423746,-0.5866631725842338,-0.6752537321991524,-1.2098861103968277,-0.6548310892411885,-1.0442030950998626,-0.8961886281312796,-0.8496128335650744,-0.5997194806862841,-0.6984182433708217,-0.5473183183623727,-0.6962915625513115,-0.7457173622527521,-0.7142445902529564,-0.5802133987512968,-0.5454928532941636,-0.659223696736384,-0.6738132220004323,-0.6099429993408834,-0.6942984444674665,-0.06433565075655916,0.4412990764468779,-0.7177347732480858,-0.600140315257463,-0.2876515797989047,0.5071460159799303,-0.8351331291305245,-0.5860754276635762,0.14175034021602706,-0.2748435763293065,0.21673064655003774,-0.4934982170517501,0.16332613322461953,-0.23532246768506476,-0.7436793251903139,0.9117755601297519,-0.9122909454708101,-0.4686468423957728,-0.5229020024963471,-0.6110484465442432,-0.23401932476598192,-0.5481757831950742,0.32772459623067046,-0.3081828645625494,-0.4009267725670154,-0.661116566602915,-0.961527105697964,-0.6822783382760421,-0.5450975866664906,0.5510899727665866,-0.034516991848058017,-0.583991248197342,-0.8363903779279543,0.417679289250308,-0.6487762033099138,-0.9495302797126768,-0.3103352634897173,-0.21885696940431884,0.1867584712916442,-0.6227639732212683,-0.6522334706877307,0.4992976663113033,0.17631155636027704,-0.7303222286845518,-0.48219070094151223,-0.5268360160562015,-0.7527388278338639,-0.5337619145280205,-0.806061226550889,-0.5128080213971589,-0.5751028097311469,-0.6991591413397961,-0.6647750211126844,-0.40045307982142425,-0.8316817241725714,-0.10737502206954513,-0.7607838770158034
-1.0742503738081615,-0.7100607878757664,-1.3087869751044727,-0.6343992060112382,-0.7240108634866633,-0.6617232955892216,-1.119302153687604,-0.7628340225521194,-0.6268817758253697,-0.4354926969614908,-1.089428029955279,-1.147629372655067,-1.6956121827866781,-0.6424881511833587,-1.4941314137513093,-0.6610978929070641,-1.129508827419077,-0.639746182890653,-0.7046290986698875,-1.1382559289449088,-0.7931799675341906,-0.6663174027388216,-0.6887929569385326,-0.9903112591206351,-0.616825276632465,-0.516894831606682,-0.6398728712845102,-1.109493891905785,-1.096919785482926,-0.7797467686726162,-1.4505577190919219,-1.4006668063605934,-0.6041049201981592,-0.6903029653109758,-0.6504199303819937,-0.973197464063136,-1.1186808654709692,-1.120149945559347,-0.5641212254581632,-1.6524309043898064,-1.0510153169381447,-1.6134785430030558,-0.5715448903382294,-0.9313713261951583,-0.9844999636410919,-0.7488115743263878,-1.3052519963361564,-0.5624269646178619,-1.1421414753025592,-0.7163505876547581,-0.6997316687329892,-1.1412643551246207,-0.7302634493423783,-0.781826913319862,-0.5273123417686827,-0.5692174030947967,-0.5923498489393567,-1.0395061750828694,-1.0341682483076984,-0.5803634053012426,-0.5616656971629623,-0.6750472809739233,-1.2098913910636757,-0.654662414108699,-1.0438570620445635,-0.8157879868610725,-0.7952033604809289,-0.5647021755854469,-0.6757537532707971,-0.5477899217743597,-0.6953401217086774,-0.6983393482353084,-0.6358202041285432,-0.4854842463192253,-0.41739564985662975,-0.5120949944325484,-0.6717321382228465,-0.5989515704357574,-0.6485757216651412,0.08201544504988721,0.51245980084796,-0.6164756061383273,-0.6085512044463273,-0.23585975657843355,0.6135704915352591,-0.7693711266922975,-0.5860640295179075,0.3934430634940684,-0.06456093372533717,0.4747773475087467,-0.4054178104927063,0.3994235346564498,-0.26020655590882846,-0.6988832871320146,1.1274184428368672,-0.7824232701742186,-0.3564287862615946,-0.4749046928282781,-0.6178563308152498,-0.24452706905934235,-0.43641614536925544,0.40492561695626045,-0.2362784812641659,-0.4009915587140552,-0.5506164564057225,-0.9411819414256812,-0.6266763495925716,-0.4004115686238926,0.7332443927310014,0.06723320121250623,-0.583991248197342,-0.8029458405760743,0.5044301732540504,-0.6487887378776627,-0.9319474831994774,-0.3020919404029458,-0.06353911523566029,0.3016012624802833,-0.437310948915759,-0.6135690959399677,0.5959986876786062,0.2707705346314748,-0.700292577770355,-0.4808072456479059,-0.5254448967115741,-0.5938781555259517,-0.41315928965212717,-0.7464733240412357,-0.42294828819829405,-0.5848083949283743,-0.5555446969885126,-0.6238436709808591,-0.24365627497700923,-0.7882630734961108,0.10451400592792601,-0.6543939694810409
-1.009138463452793,-0.706704666663023,-1.2969962866074245,-0.6351316315882214,-0.7200133928274124,-0.657834498537836,-1.1149688089857175,-0.7650875951197649,-0.625800691650645,-0.43315042202091264,-1.0385320167944567,-1.1474989716979485,-1.7030293479759457,-0.643449714023247,-1.539761935106691,-0.6603393019774798,-1.129226867101479,-0.6378331171734335,-0.7024706216661142,-1.1392460607078068,-0.7587918107697609,-0.6637436627703479,-0.6877819928983947,-0.939615449816874,-0.6163809425561216,-0.5195353523399382,-0.638996094135103,-1.0993952356554944,-1.0982648964691335,-0.779477334800087,-1.4522080833318403,-1.398317990733674,-0.6137569342305889,-0.6764731046417284,-0.649103830124101,-0.9162231691274011,-1.1198629232866184,-1.0475535064741288,-0.5645632212914239,-1.639410384490329,-1.0529554505916094,-1.613143054653021,-0.5633096892183008,-0.846813053948894,-0.9506772006813321,-0.747014354992316,-1.2859264022572543,-0.5608515276004683,-1.0734672461423453,-0.7168651985648092,-0.7007446717764056,-1.1426434948992057,-0.7279254026577319,-0.7812347401949793,-0.5345154797490416,-0.5698891476023131,-0.5860365086224865,-1.0405956324627672,-1.0197816497224859,-0.5761609466249203,-0.5472228466377508,-0.6743397689616473,-1.2106325211760474,-0.6548456001782579,-1.0449877954731146,-0.7134911739325657,-0.722213531123611,-0.5453474885733203,-0.6409625209812271,-0.5361208493304337,-0.690864897049459,-0.6682666741030945,-0.5752354446004485,-0.4010100893108821,-0.23375290751662453,-0.34800308263969676,-0.6655107241918977,-0.5500807208214801,-0.622634046650735,0.22656224468349448,0.5780322514858565,-0.4999511761144125,-0.6214554171675712,-0.21034547196353234,0.7083597590213794,-0.7090231967421701,-0.3850572263039672,0.62541429789182,0.17865262444497748,0.7139641058731292,-0.34693130546962186,0.6042012485610765,-0.29639670125774403,-0.654931111446687,1.3152028052072344,-0.6298610336811717,-0.27102905442796316,-0.3557561415895626,-0.621156443554203,-0.27295725895799927,-0.34775393115604475,0.47065673068505426,-0.1930099393647893,-0.25640484975812894,-0.4188929047247891,-0.9082072648202312,-0.5885910768014087,-0.24769691825649012,0.8884415121497166,0.1629667759227403,-0.4962371072587498,-0.765256477005538,0.5856970733933053,-0.3983353732965992,-0.9026065254128062,-0.31959840076502755,0.08747731962478503,0.4032228891638546,-0.437310948915759,-0.5217196555075302,0.6783249861720629,0.3582006438056804,-0.6820145813180822,-0.4795586073523994,-0.5327132629859335,-0.43155642655501036,-0.2181543171090788,-0.6556018661863143,-0.422968367522016,-0.6073716387334196,-0.4321040233082979,-0.5968596224280552,-0.03031280703894834,-0.7420766110401664,0.3273967658495022,-0.5309583903955389
-0.937989993422468,-0.7019559021610612,-1.286415562148877,-0.6337404705448848,-0.7175265792943684,-0.657419705727787,-1.110532390526983,-0.7677909323051361,-0.6252524454862258,-0.4277634823635473,-0.9713720110716292,-1.1457313518154844,-1.6941980636375036,-0.6440074163514585,-1.5467875559122173,-0.659758591661148,-1.126913506143996,-0.6322599072757455,-0.6971175721472249,-1.14069928141572,-0.7241716320409647,-0.666885161442005,-0.6863264085180013,-0.8602722240486511,-0.6177025350438496,-0.5221006149884131,-0.6350119674299259,-1.0995156863128341,-1.0866230069489542,-0.7798653153764682,-1.4552654415836803,-1.3833519551937674,-0.6216327738711787,-0.6634196663284553,-0.6473571892913487,-0.816994968243324,-1.1203014028412075,-0.9293081628027081,-0.5617404069712417,-1.5842559370890663,-1.0534977833764902,-1.6151498936511093,-0.5602640665093832,-0.7622012434654596,-0.8961031903644268,-0.7428674876442345,-1.2733110373034355,-0.5629646702646944,-0.9992427419945108,-0.7138574488772033,-0.7013144148983991,-1.1418169221645025,-0.7233128362835721,-0.7800041888132663,-0.525919630633248,-0.5701417962598299,-0.5868878933559107,-1.0397192094652943,-0.9740959901039197,-0.5707355490986693,-0.5294193053630767,-0.6725923194668206,-1.2108618857926081,-0.6545552653493816,-1.0413608606529263,-0.5921348761508856,-0.6444828003425039,-0.537377033050073,-0.6043111418513488,-0.4868773135976605,-0.6699997274621473,-0.6567741302391857,-0.5407175440910686,-0.3468625339279613,-0.008606056962647986,-0.1861612227010918,-0.6429696959322573,-0.4395726848145363,-0.604595155625965,0.3618555061608329,0.6363922500314995,-0.3891644203785254,-0.6359477072093656,-0.2069338931999812,0.7908675219983188,-0.6615454598612609,-0.38504850117476075,0.8258627070219864,0.4183770299580982,0.9272222156417095,-0.32158058567588443,0.7776631531259124,-0.3402404535464656,-0.617698263686336,1.4777060381566522,-0.47174502647038496,-0.22553805205628413,-0.17151803056095805,-0.6196106671427853,-0.3119736410848798,-0.29990049689236187,0.5294018929652743,-0.1812326337447322,-0.2299646919128566,-0.2902941286572885,-0.8599710733939576,-0.5714784191811961,-0.09885195136912146,1.0236845305183562,0.2469715697032192,-0.4261683410755735,-0.7309733927745897,0.6601793034300967,-0.28780122879606235,-0.8579244103321075,-0.3448392067861367,0.22748081098892398,0.48868714020666515,-0.3670874648182071,-0.3768384852639501,0.7473058353598563,0.4350122382245547,-0.6702604754560837,-0.4784939746842321,-0.5482626877778669,-0.26238507054789095,0.032570242951309676,-0.5455924960608769,-0.3062307986390665,-0.6221263757759292,-0.34173122134733835,-0.5863196897261053,0.22838786292985,-0.6996898840447149,0.5427798928079685,-0.3947130593153926
-0.8929678815508607,-0.6980410224698127,-1.25955820288821,-0.633505765460886,-0.715235189578472,-0.6546941369679381,-1.1050527233199254,-0.7701598178052241,-0.626070279708771,-0.42016211754924815,-0.8970945832224873,-1.1472463902240124,-1.6997684547008651,-0.6462011553470663,-1.523990934479569,-0.6601179367818076,-1.122961600956763,-0.6321737259648705,-0.6984760232340602,-1.1201949358772523,-0.6697494660803469,-0.6694355987382696,-0.6858193629723802,-0.7965493457436181,-0.6177825108720286,-0.5251405461841571,-0.6290703174593459,-1.1054287393603461,-1.0584855004466125,-0.7787393841936435,-1.4551780643991803,-1.2889749879464145,-0.6280709967848249,-0.6237563073241953,-0.6458129837628511,-0.723354876037391,-1.1210866269616033,-0.7647451659289289,-0.5618127511001098,-1.4703801483420014,-1.0527088129433813,-1.6172051031660237,-0.5583268563097283,-0.6905366982058803,-0.8282134428855992,-0.7409138477224733,-1.2727576651737726,-0.5627631264899595,-0.9095277180112307,-0.7132376058109826,-0.6991260962870932,-1.1408885695366697,-0.7192741233970049,-0.7789266353071918,-0.5178593541091306,-0.5708683962450953,-0.5848504106297474,-1.0395920213875582,-0.9161513214980104,-0.564623978712905,-0.5009414546551494,-0.6715587634188226,-1.2106104801318134,-0.6551470794068026,-1.0388396972473732,-0.45638963700265955,-0.5849970018819712,-0.5425148835187015,-0.5702880632903496,-0.37597804048385886,-0.6164876161361639,-0.6551668790488457,-0.5246155173976916,-0.32343435111573693,0.2341373846817899,-0.016440032451244403,-0.5795642587570159,-0.27133244396865147,-0.6015404606408867,0.48161394486527925,0.6871742941757096,-0.30347528920600403,-0.633900472755132,-0.22023120214499414,0.8594135007997038,-0.6264378749719576,-0.3032977222096082,0.9968346945338225,0.6371943758512826,1.11035668862302,-0.3180409918540348,0.9270636749218887,-0.39637521551744254,-0.5880943106303523,1.6205898162772532,-0.31406536966329984,-0.21957752422887108,0.06572947764528504,-0.6105067214236696,-0.36192550075555874,-0.2858503417281363,0.5850340757541084,-0.1928449490645706,-0.2299646919128566,-0.18605693718578625,-0.7996142379606818,-0.5682990423170785,0.054643705992736144,1.1381560872602536,0.3212440975463658,-0.38827762717647074,-0.7034081136016429,0.726845470757336,-0.20703058180362113,-0.802276903403593,-0.3796318265331502,0.35777257175844457,0.5644299453392804,-0.31800137263544903,-0.19981176392948624,0.8048357065474845,0.5057109755580796,-0.6679005943175748,-0.4718130545989446,-0.565893532379237,-0.0955899086537189,0.3128650099999845,-0.4380749006697723,-0.29401914889433733,-0.6242734206594112,-0.29134576782492555,-0.5825102423905132,0.493619777157574,-0.6672776161720377,0.7412060270661359,-0.2507513970656154
-0.8736394613024291,-0.6959572030284583,-1.2490603727177847,-0.63237012591698,-0.7143892087520773,-0.6534559392253584,-1.086365267552983,-0.7715744998346515,-0.6258648376539361,-0.4236017262420018,-0.8461239869036689,-1.1477289188088602,-1.665238132937556,-0.645544289920246,-1.5034051804309012,-0.6599683689323842,-1.1151520885693076,-0.6326461862556625,-0.6932264062694202,-1.070290890138828,-0.6220659662047869,-0.6707330869352133,-0.6863606902634336,-0.7128421656287661,-0.6188954988442635,-0.5256180457565591,-0.628310813028545,-1.0344266195249097,-0.9950239639809834,-0.7787590194758588,-1.4482514462643803,-1.1796651210417988,-0.6286464118066974,-0.5865658565245737,-0.6455992840007881,-0.6664224043680383,-1.120966025116899,-0.5470620642948201,-0.5632566327358263,-1.2949912899887677,-1.0521214732883861,-1.6182630440007004,-0.558695197389305,-0.6535248746518791,-0.7639873392971259,-0.7413865530341696,-1.2759533694874785,-0.5652670888217142,-0.858450354428044,-0.71191882056337,-0.6980904582104813,-1.1426176054722412,-0.7183481277453637,-0.779188804131844,-0.5045986252622067,-0.5702401181732804,-0.5832650956719203,-1.0397192094652943,-0.8654328945507801,-0.558677326796201,-0.45920267504525447,-0.6710754288388642,-1.210526907839092,-0.6547040895199607,-1.0259859776502074,-0.31126460866478867,-0.5525504417022852,-0.5527577278732608,-0.5484484407590564,-0.22127643344790024,-0.5157009766326329,-0.665147544962638,-0.5261472554035772,-0.32513399156404066,0.4709971847531362,0.14974047482863662,-0.45161296734550116,-0.07741364041775801,-0.6047546754846468,0.5887807143817451,0.7371136443116425,-0.2480906942707362,-0.6221514940431994,-0.24681588961796194,0.920846019074203,-0.603711601585489,-0.22654840921655514,1.1419390524839679,0.8264016355204461,1.2687847937405736,-0.3180409918540348,1.0591552922632312,-0.4580956205394389,-0.5647302629572433,1.7485055568959742,-0.1526791329585414,-0.23788678388711967,0.33139088320392257,-0.6061828828746614,-0.423069960676821,-0.29678296522164155,0.6348355585817198,-0.2251120560651039,-0.22919296573783862,-0.111317123359414,-0.7419172950445243,-0.5753516957936443,0.20375777128617834,1.243342386255264,0.38970249884907654,-0.3747016676200533,-0.6786857150839102,0.7903451888100321,-0.16602135851709635,-0.7439212602052991,-0.4212431004014367,0.4790434815280706,0.6310774830185246,-0.2942234965264888,0.00699285234618348,0.8522188544899303,0.5671612705725431,-0.6728193285673165,-0.46676549815928864,-0.5753730770266603,0.06217243268379909,0.5935764220225048,-0.3502150711250509,-0.2908944590731712,-0.6155457972392728,-0.2737941612469767,-0.5881036167037903,0.7407840068331604,-0.6487906724827538,0.9215758171901567,-0.10854860333589134
-0.8603476007289541,-0.693551212752289,-1.2530205741907805,-0.6321059656051444,-0.7114875875765045,-0.6498314237960484,-1.051923825956482,-0.7688963459333767,-0.6262684001584609,-0.43068552418890815,-0.832848488787919,-1.1473613637794688,-1.6268953245658961,-0.6480939039613299,-1.510167432552785,-0.6611265640603079,-1.0881737353260401,-0.6322454488523884,-0.6914312153706281,-0.9905788878382358,-0.5854654309913949,-0.6691497679313698,-0.6848825216250692,-0.6579928200770242,-0.6178206151024126,-0.5263375979778175,-0.6271540661378305,-0.9754115114064457,-0.9282623618711888,-0.7779952384981598,-1.4053251119136951,-0.9803799493415428,-0.629612155475164,-0.5228170998156809,-0.6420541208421108,-0.6280275452166045,-1.120588017632029,-0.3179834330782366,-0.5633777421663756,-1.0471371440127708,-1.0499043223493665,-1.6207448695306816,-0.5681467834940079,-0.6227601231769653,-0.71741259996655,-0.7411798357665166,-1.273367183655393,-0.56442071450249,-0.8281908877860003,-0.7110140806841025,-0.6994274038395311,-1.142428712657482,-0.7160299200558747,-0.7771214642208206,-0.5001289495089036,-0.5691344407151157,-0.5826765394709778,-1.0413628273330904,-0.8424647566416125,-0.5451044613889277,-0.3514533076842569,-0.672004045740896,-1.2104566520105962,-0.6538109123214912,-1.0134998179827281,-0.16508529006070882,-0.5394935351311478,-0.5693447417907006,-0.5398809115206771,-0.041782253645829624,-0.3672973934449288,-0.6810322751204619,-0.5366864894811219,-0.34306979171656077,0.6851473290955289,0.3022941666976143,-0.2664109215425373,0.14166706868887938,-0.6118051560803095,0.6815603771970804,0.787435177006255,-0.2255270772652842,-0.6045821552241891,-0.2772517636719935,0.9725113805021766,-0.5927830684955131,-0.22654840921655514,1.2669717034768344,0.9868481304804098,1.400524927219898,-0.3444232987762468,1.1870850604827754,-0.5192915307013068,-0.5482132458541776,1.8616814205593206,0.0016955270362576146,-0.2724135079359259,0.5903189377243565,-0.5946170690722514,-0.4962083418168779,-0.32387852116641036,0.6834792723485943,-0.267753777245555,-0.25002041028024324,-0.06870633848795471,-0.6942557289244482,-0.5898400776549837,0.34408449954405873,1.337076278086374,0.4506918937371158,-0.38423073563149585,-0.6599897828828883,0.8496491641519378,-0.15340781189872857,-0.6935673570034927,-0.4752072432458151,0.5845388391103011,0.6908399085507634,-0.29146605802329195,0.22298185487312847,0.8982405954865282,0.621588970209181,-0.6814770607808851,-0.4635671832166517,-0.5706882315831175,0.20798220570831585,0.8499820219132592,-0.2934320263587977,-0.29429936701205606,-0.6144794174121202,-0.2866037980653972,-0.6017818483261514,0.9557531866574094,-0.638872715705009,1.0795848753047064,0.0352366606199352
-0.8623809420006256,-0.692931653454567,-1.2476265941013547,-0.6326951742439545,-0.7105898360180363,-0.6481514213496089,-0.9966713566827385,-0.7675281646171278,-0.6275942663559677,-0.43708825807985374,-0.8130137262010707,-1.1476449126655006,-1.5492488462680738,-0.6487446939750476,-1.5092892436978502,-0.6612715923104682,-1.0369934769411226,-0.630373823025735,-0.683555849627721,-0.9057334863946122,-0.5590744256437619,-0.6691182002719733,-0.6847781707715737,-0.627024736858264,-0.6214107009668189,-0.5274229422381119,-0.6273404190308081,-0.8792925725266285,-0.8410536698688633,-0.7763467148041983,-1.3743015737853719,-0.7528981702382146,-0.6291559364882275,-0.4036814811218977,-0.6398107607448784,-0.6180216789293991,-1.1207968174199288,-0.07031884019745795,-0.5622463871673684,-0.774347077491674,-1.0519156793747868,-1.6238786818541269,-0.5743887304051312,-0.6145039017413194,-0.6847038975581745,-0.74084622894941,-1.267147273023943,-0.564074365906995,-0.8181282060734587,-0.7108878487628435,-0.6997826259936506,-1.1427669419093218,-0.7148072892159979,-0.7751860580811673,-0.48445440368499576,-0.5712077688007674,-0.5812348869954959,-1.0412921170873863,-0.8257876573362807,-0.5422540971761226,-0.1637895242858223,-0.6711319163521207,-1.2102216623358706,-0.6551106279328857,-0.9895455594997437,-0.014359674937754346,-0.5415964260931458,-0.589241815160279,-0.5413342336377345,0.16073892760945255,-0.18675527705051417,-0.6958706819254734,-0.5500802465153575,-0.3714627669382095,0.8698666577690919,0.44680517131074154,-0.032880321876303666,0.3542881241129429,-0.6200498519544589,0.7616008914620164,0.836942986652245,-0.22985711566672368,-0.5848112265939204,-0.31193187662097405,1.021771130746748,-0.5930396422792109,-0.2288415043011934,1.372044056307082,1.1302400360551543,1.5124870494661593,-0.36008835975671755,1.3057304480336442,-0.5538351855163212,-0.539692400106124,1.955510681181422,0.14278098494978783,-0.3099745250814607,0.8327534473092963,-0.5874283602016512,-0.5616753926664765,-0.35634232905745067,0.7314862498466747,-0.31286251972446233,-0.2808343339827489,-0.05621269215619665,-0.6610901756783394,-0.6109242925430012,0.4694822214491404,1.4351189912271758,0.506839995077351,-0.3842367958438248,-0.6539910626026173,0.9081399606938186,-0.16229709440303308,-0.6583189180831976,-0.5386993883573634,0.6786183313406643,0.7429655565239774,-0.3081665598466279,0.4303119908668127,0.942447936513852,0.6702789125477829,-0.693740649291727,-0.4665422420135148,-0.5663906807836845,0.33956539859293877,1.0847591816891091,-0.26787345260502055,-0.3097450769190144,-0.6140996809340705,-0.32438707783285414,-0.6137001209297107,1.1433321947584563,-0.6383738793662381,1.2220768136756097,0.17330965899717263
-0.8586132971247671,-0.6928264333840047,-1.2363655513440581,-0.6318998830923654,-0.7084485172465615,-0.6481952584484634,-0.9328543535103391,-0.7601447128978024,-0.6302484028601334,-0.4499159924225924,-0.7942932522084037,-1.1467505738041561,-1.4645415723885877,-0.6531605925428126,-1.504075753388251,-0.6615055011356843,-0.9535086369882727,-0.6332443323683894,-0.6598222267918004,-0.8169290256931994,-0.5636502954383432,-0.6677226801436683,-0.6845044958916512,-0.6168669169148199,-0.6196686702760401,-0.5280048358622866,-0.6259970675889215,-0.7390140685070727,-0.7687204522185973,-0.7760670957852803,-1.2923942642760204,-0.49690003373500174,-0.6288098075730439,-0.2449979364821891,-0.6413569158910735,-0.6104961924833964,-1.1192677868419831,0.18640952264076868,-0.5629295300968559,-0.47752271713828426,-1.0501358826961058,-1.6230007271153928,-0.5827609548908441,-0.6266973329542236,-0.6647644785602511,-0.7405305703251533,-1.266429408857877,-0.5626323421057028,-0.8134021234740545,-0.7052949113273747,-0.6998573557263618,-1.1444187540176833,-0.7140800000956431,-0.7757374619719787,-0.4607495038524735,-0.5709543887368808,-0.5811389337217329,-1.042556090968263,-0.82543291783796,-0.5385930364263174,0.03039092997983263,-0.665752248850059,-1.2092450833603525,-0.6544547335773675,-0.9473250610718282,0.13403033521247099,-0.5517361635079953,-0.6016030130102035,-0.5510720910806861,0.3676197547246105,0.012856276182934504,-0.6983024943003009,-0.560709723952526,-0.4018343412067068,1.0331953470949333,0.5698632463686966,0.2132122133685536,0.554619717192243,-0.6272948810427449,0.8308539337323733,0.8842729019675499,-0.2512073205602627,-0.5788057163303617,-0.3460859444125645,1.0703176425494623,-0.6006776866369999,-0.254964389843328,1.4712463916886223,1.258478694477442,1.6099936649214228,-0.3778249082234227,1.4207918363873742,-0.5768627939279384,-0.5373429642699078,2.0404746108779968,0.27414452297467806,-0.3452244401255022,1.0483928179903474,-0.5827309560995774,-0.6020311498490752,-0.3896748607236527,0.7750616687926221,-0.35567503763668,-0.30932787223648195,-0.07172733866151806,-0.641982829868109,-0.635752004975504,0.580797332393616,1.5270933740306527,0.5586680051931713,-0.4016841471377833,-0.6567240018552722,0.9624516579508716,-0.18323187466338103,-0.6332930580146439,-0.5719404846420977,0.7612242143379239,0.7908512240025916,-0.30815380957388344,0.6167624936582252,0.9866138579839905,0.7181389104595484,-0.706519133959911,-0.4791914493698601,-0.5667779754277944,0.44984407587104347,1.2825268528566784,-0.2694706482323619,-0.3097039267000284,-0.6180720272410816,-0.3700341333410123,-0.6146709143973884,1.3011128136710957,-0.6451432949342353,1.346734889226785,0.30491704764610744
-0.8409350402405364,-0.6915007865069811,-1.2263839087819013,-0.6286074547455245,-0.7065153510466087,-0.6494483356240748,-0.8809186094903678,-0.7312355177378946,-0.6326192915950806,-0.4743468002614708,-0.7894243704255139,-1.1476603400671634,-1.387015034736825,-0.6572800315457835,-1.451850568167299,-0.6615543615593381,-0.8797708270283894,-0.6339899088610145,-0.6205121037780263,-0.7565454564096152,-0.5838993109035999,-0.6676990330969927,-0.6834686312593913,-0.6130242403604649,-0.6208709986754468,-0.527453021880148,-0.6221263129003359,-0.5081175865580894,-0.694087626628415,-0.7756186343396174,-1.2191389824433954,-0.23657248002080822,-0.626108405933197,-0.08531150463029269,-0.6407044438349841,-0.6275723920137959,-1.1206536241227625,0.3901007374449826,-0.5609874921485796,-0.17597806896552493,-1.0543146580690697,-1.625714253392639,-0.6019050073987584,-0.6317788737022267,-0.6583678180775001,-0.7395962207973547,-1.2671133286565028,-0.5642701043447399,-0.8209769234138545,-0.6747472530440374,-0.6979911597985233,-1.1398031025323254,-0.7138624043083285,-0.7744087246848779,-0.3882321864406908,-0.56968195062636,-0.5816655535285736,-1.0430780590919033,-0.8344517114614276,-0.5364731177645888,0.25005751425380757,-0.651310353410567,-1.2102433589887887,-0.6533595641348976,-0.8937001284143601,0.2765764535001493,-0.5654979077345096,-0.596548935339138,-0.5675966727691024,0.5603831732059036,0.21449114387201454,-0.7009976663542538,-0.5602949551370769,-0.4376306419218623,1.173030295396466,0.6765151201800921,0.4495893662928324,0.7376656915402037,-0.6343248757406655,0.8927828440287618,0.9278047927538282,-0.27992992966011027,-0.571830932603432,-0.3654647261869757,1.1171914644819352,-0.6070701395925306,-0.2549241432935768,1.5584672176082532,1.3782549575133805,1.7102188741629272,-0.3924301071398897,1.5482396013140594,-0.5985440075310294,-0.5434415319707288,2.1082071269296594,0.3852383032453116,-0.37357695016849607,1.2329152889947619,-0.5853436121011018,-0.5986563526064915,-0.4185596997817401,0.8168405893301084,-0.39216977458086427,-0.3267916941231037,-0.10322558535548156,-0.6337888299114913,-0.6423334440688254,0.6780786601432853,1.6102878899781603,0.605265003481416,-0.4208383104275664,-0.6701254734656553,1.0131730733443078,-0.20877294218342246,-0.6219682821013545,-0.5403391401717758,0.8326762454394842,0.8358705510182945,-0.33229468441170446,0.782140981936102,1.0281400960218725,0.7637663465900338,-0.7200365114672557,-0.4919081154177338,-0.5763052067011094,0.5438234860068346,1.4604924728357895,-0.29189435782777523,-0.3599900892433628,-0.6262282414941441,-0.41244468456908917,-0.6153775590862757,1.4376195608852773,-0.6585993567487477,1.4653500676584155,0.4218812141043136
-0.812801951716537,-0.6912412016622408,-1.226183207081955,-0.6252391505644328,-0.7028298953159947,-0.6451832033741683,-0.8378817577807441,-0.6811225496336413,-0.6315478238569651,-0.49708399048398333,-0.7715500504671704,-1.148042196410505,-1.3314536719462553,-0.6607397218750382,-1.3645167429091143,-0.6631474025114643,-0.8010075256683136,-0.634229212844447,-0.565056324980392,-0.7404628397042936,-0.6144525130826332,-0.6655204054326748,-0.6742445254038805,-0.6123325260753102,-0.6220045457098382,-0.5300360963950834,-0.6173556285084558,-0.26147418105424114,-0.6664287819745272,-0.7747166713758511,-1.155142941749378,0.014768148950409172,-0.6265577698691966,0.0811855776920041,-0.6417479225515127,-0.6371241056548044,-1.1207212843819019,0.5897080225169188,-0.556694002070878,0.05189800623533192,-1.0156672587016733,-1.6259435654724064,-0.6088390917706177,-0.6304482335740315,-0.6636519136789586,-0.7397083970026692,-1.2726692519376495,-0.5646317877926602,-0.8149504396591333,-0.6424589475655145,-0.6987803148754623,-1.1273720663930038,-0.7133246409076718,-0.7767608829950362,-0.2467964417334506,-0.5693859400197653,-0.5803904553978516,-1.0426097449086935,-0.8262764966270383,-0.5333531317829672,0.4674477359397339,-0.6125150129251659,-1.21201777784674,-0.6535159339927528,-0.8339146165241914,0.40355599766716105,-0.5828591065503841,-0.5857199111679515,-0.5870490884780674,0.7236828885851714,0.402543566392845,-0.7165041875651936,-0.557146633758052,-0.45763789582178954,1.2932607098278235,0.768180663123296,0.6562112556388929,0.9009659669263778,-0.6501604746953091,0.95316945672434,0.9661890219815025,-0.31406324602736463,-0.568101091281712,-0.3808290033922529,1.1595235018102958,-0.6079243408179908,-0.328617139350631,1.6587079469227841,1.4950061423834768,1.7902876178410017,-0.4036553561046521,1.6705027836952453,-0.6250827777838869,-0.555472210108755,2.1600342655023077,0.4786621536407597,-0.3843356441585963,1.3941681073019123,-0.5894021700462918,-0.5514752410799524,-0.4324967225715842,0.8568360189216268,-0.41411238895682434,-0.3267916941231037,-0.14867486312060738,-0.6367870761031056,-0.6215663630501618,0.7628552872298545,1.6867766175304615,0.651679083636164,-0.433195920955846,-0.6873734433924731,1.0589597379300164,-0.23853383294512745,-0.6264196488702684,-0.4662849037249764,0.894995174863526,0.8802962672351624,-0.35629013445195645,0.9275362883881555,1.0646949189322528,0.8090022144203951,-0.7340544852981736,-0.5032445886831243,-0.5911160783889785,0.6212790150323823,1.6138064082801875,-0.32578037878896016,-0.35499594001582285,-0.631068929240666,-0.4431183299111701,-0.62191470595541,1.5590094603956832,-0.6689887963052531,1.5843889941192217,0.5272218296407433
-0.7903828374195357,-0.6906991397817592,-1.2175769270437748,-0.6220029265392589,-0.6996696344086958,-0.6443682682727475,-0.8231458835583632,-0.6286397019522961,-0.6295340546088272,-0.5287148423526895,-0.7315143990029331,-1.1453770846211007,-1.3042202406296473,-0.6641787146105023,-1.2805266552557377,-0.663339977090754,-0.7587422134987858,-0.6280888229061027,-0.5389102346117585,-0.7328180453634159,-0.6439061182105292,-0.6652548927192777,-0.6453226613796733,-0.6051448301896131,-0.6232981520396568,-0.5322341514919555,-0.6164487782048139,0.019141223840563104,-0.6567358795433297,-0.7725216148266628,-1.1131313801179585,0.24605052362740923,-0.6235139226251165,0.24886759936355024,-0.6392234925695601,-0.6305254347985182,-1.1220911479084157,0.7212144806814682,-0.5569793058798354,0.2850593440063006,-0.9635215113666852,-1.623962285216542,-0.6154309808641462,-0.6194708433064757,-0.6490691302819566,-0.7380319105705031,-1.2733979704072573,-0.5650949003359087,-0.80189766919429,-0.6015495385256359,-0.6972810567219403,-1.084942629001469,-0.7123315303575181,-0.7765495624651008,-0.08088559568821689,-0.5700275923794886,-0.5805209604078753,-1.0144060710598677,-0.7863142288605914,-0.5284866904526359,0.6368042033626415,-0.5620867899502978,-1.2048957654285943,-0.6533443566728494,-0.7874871027141604,0.5195163591290322,-0.6036973599597169,-0.5793084200754881,-0.6136407363502512,0.8651951743093004,0.5778951072331471,-0.7436337921969621,-0.5529587144125624,-0.4512947806639235,1.4047953421627875,0.8420219423078737,0.8352665998039036,1.0497728981231436,-0.6646007814059359,1.0097568921666311,1.0008681385962153,-0.3452617480707158,-0.577357741046346,-0.3897678202568078,1.1979544345253779,-0.6087832432843515,-0.35229678697778904,1.7405966093353868,1.6137629825265367,1.860750140358329,-0.40277624455280864,1.7815773953875729,-0.6369859171791313,-0.5728658045225287,2.187669329633716,0.5562373608161953,-0.37678224284447887,1.5366301785257024,-0.6020783676555884,-0.4780862654178996,-0.42091615454064363,0.8952077185782757,-0.4284577258732136,-0.3269147577625351,-0.19982185993655258,-0.6493343695364122,-0.609078177122857,0.8320676724915557,1.7553324759236035,0.6940894427491201,-0.4411666768085242,-0.703581889022678,1.1043740495925418,-0.25997570857241853,-0.6363247999461488,-0.3917865265932304,0.9519263097825521,0.924059903259467,-0.35629013445195645,1.063792913379744,1.0970808852627985,0.8486228095167485,-0.7483252086909524,-0.5054038691217904,-0.6124945446391691,0.6842636617384679,1.7416308032698662,-0.3630419304830472,-0.3550337188915667,-0.6296819086730061,-0.45519092954655965,-0.6361977412246376,1.6675988255732104,-0.6756722300438569,1.6885325517957512,0.6248106081340463
-0.7789792982501783,-0.6898403675890868,-1.211141307082081,-0.6167692633712839,-0.6945113869220289,-0.644891909858281,-0.8084645305325333,-0.6081853526158251,-0.6132575799814584,-0.5554853116860373,-0.7304161214671253,-1.1257500514431558,-1.2803118491174894,-0.6669587824570766,-1.1894754277635096,-0.6645687749335416,-0.7319700917166609,-0.6079603068305873,-0.48338111273020107,-0.7238495106965795,-0.6515206981999211,-0.6667410981236682,-0.615932782040287,-0.5978273295242144,-0.6230775995875185,-0.5330759096314471,-0.6169510879609036,0.27223513916751024,-0.6661221326844741,-0.768972038809188,-1.0824714744221116,0.40898134919731943,-0.6198228357956233,0.3931871303604344,-0.6408366929021296,-0.6180054699122843,-1.1231441606092492,0.8153692574845008,-0.5579074542590893,0.43308215125328825,-0.8502377565649891,-1.6158022387446973,-0.6187257149571483,-0.6081005136412991,-0.6303495370776372,-0.7348790809264434,-1.2753122748501,-0.5627474630335538,-0.7886282796610995,-0.5799886130469332,-0.702089806965204,-0.9938510691252787,-0.7125692817196998,-0.776455679978865,0.12152283428382753,-0.5705769830499694,-0.5813359748926045,-0.9338748951437187,-0.7719923498434508,-0.5267590860066602,0.7859389913102699,-0.5165232290742015,-1.1721115488840477,-0.6516729288974962,-0.7460249685897681,0.618637543332721,-0.6188435984880314,-0.5797766838205047,-0.6376269993049484,0.9925201379131539,0.7245371004178627,-0.7645701569065461,-0.5486259258701308,-0.41931420160279304,1.5208657818533335,0.9057188201300119,0.9844414207407186,1.1806459423134752,-0.6736736928602303,1.0634713504454565,1.0321515563488928,-0.3519857930313738,-0.5834852864284917,-0.3840653049557925,1.230187438521674,-0.6137196886918596,-0.35687979978787526,1.8142202317423428,1.7443178645914816,1.9275331451756308,-0.3792787775316421,1.881159275692443,-0.6345406063840217,-0.5932904951115378,2.1868601829533283,0.6179722396887442,-0.36141663688501213,1.6619617962175284,-0.6214046028206925,-0.4060236084419871,-0.3872805106453948,0.9316666918551589,-0.4407891074848754,-0.3088549934429799,-0.24932727333538718,-0.6695180890853055,-0.6146194675969304,0.8927902901242352,1.812698501638352,0.7352021947714115,-0.4395846165006344,-0.7042499700569528,1.145918289906353,-0.2581127723063943,-0.6456039845147165,-0.3617277687908512,1.0004615890988544,0.964358756025291,-0.35019801316986127,1.1857507120353958,1.1275824316926966,0.8838481251896928,-0.753267282312238,-0.5035046359158701,-0.625599735055536,0.7344686481813528,1.8672641022943495,-0.38603370568275136,-0.29758052682252123,-0.6220507392467084,-0.45250970589075595,-0.6377707866173231,1.7603454657991078,-0.6816835409875284,1.7737564943210549,0.7115930609213145
-0.7707288643199155,-0.6886370574208504,-1.2097179633936854,-0.61130016654477,-0.6887134927870069,-0.6422629429559595,-0.811314898688228,-0.5813562083598977,-0.5964312200243398,-0.5697092534779574,-0.7178442992333322,-1.088788474452571,-1.27483901423421,-0.6668600312508811,-1.1099357760164783,-0.6673375720949533,-0.7123924187741474,-0.5751343350556611,-0.505991579712324,-0.7307202534909223,-0.6320965495531028,-0.667065039704821,-0.5918279665161855,-0.5852350740295722,-0.6231472420650853,-0.5365512289007428,-0.6149563192827249,0.48433011917449814,-0.668876741585323,-0.7687300103305521,-1.0668723808738025,0.5362442147773794,-0.6198057493253794,0.5365234797885378,-0.6415754896973801,-0.5928006484101559,-1.1199198583107508,0.8806467867810206,-0.5567069704258307,0.5455635194892197,-0.6729565953210302,-1.5902567536252459,-0.6216506554260605,-0.6092086965322033,-0.6261463836183822,-0.7235917546227878,-1.281672699374674,-0.5595333874998414,-0.772278935856311,-0.5714345920685009,-0.7031976724090484,-0.8518617847450451,-0.7067950788631162,-0.7788300348720176,0.3466423524332827,-0.5666566449068638,-0.581138398865134,-0.7977659179268046,-0.7557547292417713,-0.5258309752754887,0.899459529381876,-0.5035548541426557,-1.098687090684971,-0.6510351441914406,-0.7290138141243666,0.7008175344729043,-0.6168025993099444,-0.586876370972376,-0.6466783460200007,1.106280748348808,0.8476013871965056,-0.7685484662125182,-0.5537090353520119,-0.388706323709719,1.6364090952886563,0.9570926322765263,1.1146787561889417,1.2943939955244677,-0.6826519639693513,1.1169146050645322,1.0638315445947581,-0.33611845219344955,-0.5881550841831409,-0.36635248411624544,1.2595309059331834,-0.613573665300249,-0.35687909370805515,1.8757226839017398,1.8581174645740561,1.9869631505471113,-0.35987828893289087,1.9631563462095247,-0.6277499166605157,-0.6136709862182342,2.185242477635198,0.6665758542190673,-0.35591325569707355,1.787109615526238,-0.6391286412610173,-0.3683870322295621,-0.3596573391254437,0.9692443069064098,-0.44494832013603813,-0.3088642056926358,-0.286209675750555,-0.6901609737533887,-0.630775863319895,0.9506266600846517,1.8573465631640071,0.773338843762718,-0.4235298822917742,-0.6986302642613819,1.1847527005840366,-0.23369127462963343,-0.6562453262485861,-0.3699205899928525,1.0417729327368397,1.0013846558029935,-0.31252423438814286,1.3061193727589608,1.1552420040980358,0.9160337749133586,-0.7479608182840259,-0.5040037499252169,-0.632074786432893,0.7758499487052233,1.9572451479815158,-0.39063829876881884,-0.2903297095015264,-0.6189508445153221,-0.4246848543946826,-0.6335666881564764,1.8331324078427538,-0.6897106534028367,1.8471557453723564,0.7898838070439105
-0.7597130020242173,-0.6852554187658448,-1.2072694611679535,-0.6074683848740794,-0.6871040006268404,-0.6432438409642709,-0.8143611988071077,-0.5857879140958995,-0.590981650964464,-0.5543981181047641,-0.705939874660623,-1.0196978132812429,-1.2891381220083247,-0.6652816595214088,-1.0662381278771231,-0.6693670118920824,-0.71355096653976,-0.5417607647268299,-0.5210862058727297,-0.7311052348371064,-0.6237313632962763,-0.6672395227676674,-0.5937463544599186,-0.5740474839473269,-0.6219021809553321,-0.5421370774065547,-0.6137667309976368,0.6743563445892579,-0.6739910528926256,-0.7664720578773714,-1.0586757896436656,0.6412877804379562,-0.6160990084243445,0.6814154747306993,-0.642432021739139,-0.5721022338329139,-1.0731424304178057,0.9153107366638619,-0.5578221417752685,0.6196033912803456,-0.4463732207959225,-1.5208911632627629,-0.6238896317484183,-0.5926488703670658,-0.6168997237753245,-0.6982164534811242,-1.288463052994994,-0.5525149541486967,-0.7408228646958666,-0.5624237095340142,-0.7023400435130953,-0.6518539611980182,-0.6839951136781556,-0.7809708726522412,0.5526933432199544,-0.5460156257395917,-0.5796191921828765,-0.5766138637483667,-0.7450521676083603,-0.524165417229368,1.005446421659068,-0.5004186154097682,-0.9729153820241042,-0.6501774897669153,-0.7256937517688381,0.7716719146583602,-0.6182333049138901,-0.595905359897631,-0.6396090113875973,1.2183748031571935,0.9536541334720271,-0.7562657520886218,-0.5673782284071855,-0.36441547486904374,1.7338752201764518,0.9997299073525173,1.2363180697340816,1.4013444434743056,-0.6827759149066789,1.1679058915591,1.093105772645447,-0.3047734802848208,-0.5891059570387875,-0.3494961350533009,1.2891123387527563,-0.6045738756488592,-0.33281377519625,1.9270394937246078,1.9606239925793598,2.038280833430348,-0.34993068872745053,2.0187573651346304,-0.6226781852970019,-0.6308573097677471,2.1837323841212197,0.7046574436759507,-0.36021969046676733,1.8802470862204534,-0.6379720498682981,-0.35306960664867054,-0.34682607457843734,1.0049041079816778,-0.4320515783356126,-0.2831873127713392,-0.3085709369099167,-0.6922949918288158,-0.6352373283908889,1.0011077843329577,1.8900399463317046,0.809583548000175,-0.3949268133113498,-0.6985485675985312,1.2178313847336961,-0.20668865432498115,-0.6661625219796412,-0.3950245251101073,1.0764100262667058,1.0352725119414026,-0.29576464093931554,1.4204041168077048,1.1781511951675583,0.9455934320452436,-0.7454435368323918,-0.5051612888716723,-0.6353298349519562,0.8094987859475309,2.0335984785446932,-0.3844042375139346,-0.2902800317672814,-0.6208579977958545,-0.3770741438867007,-0.6369289006699488,1.9019740777181957,-0.6901511921715685,1.9093058189610397,0.8583680964631487
-0.7273686897027455,-0.6809707986869226,-1.205979333476704,-0.6053049348182064,-0.6832540337682717,-0.6419552820637379,-0.8199380859162257,-0.6271732174656701,-0.5831689518855426,-0.5233339658902968,-0.6905362231466906,-0.9162185729338432,-1.2927845626526324,-0.6548226814053786,-1.0566985732608447,-0.669630069723097,-0.7218825930841221,-0.5194860266267362,-0.5383029140525791,-0.7239044481217977,-0.6028572745739321,-0.6693846313172804,-0.5987915618738823,-0.5658892860484513,-0.6240053407222085,-0.5446953804515782,-0.6119326460766039,0.797830153436931,-0.6665067791479958,-0.7650475024024688,-1.0606026199329712,0.6990750691639359,-0.6129840528160754,0.7944623496975852,-0.6411571883891761,-0.5522700011146995,-0.9828160985654687,0.9459724952176581,-0.5569257176362296,0.6464254867291922,-0.2088883947088348,-1.4263930883911593,-0.625251997456811,-0.5814818492266154,-0.605031795262459,-0.6520400316256576,-1.286201410838811,-0.5371438457507345,-0.7179993773497323,-0.5739207309243591,-0.7012842727687666,-0.40790400215349365,-0.649931347939284,-0.7829230394770128,0.7309497541497769,-0.523181014382118,-0.5815643586601456,-0.3118560661476481,-0.7324351354784898,-0.5211612296502548,1.0911277865571543,-0.5117468434867327,-0.7811760907387169,-0.6496920118563358,-0.7333423189411858,0.8288110481468589,-0.6257068992378978,-0.5964222421943873,-0.6309726872543483,1.3238719805405832,1.052587403760148,-0.7422628531814661,-0.5802673423598437,-0.35192412600663564,1.8240252168795836,1.0370931265216088,1.352118399153072,1.5143670810311054,-0.6767138451091094,1.2125502700697395,1.1212047259237408,-0.27536327800054433,-0.5895518619213119,-0.34756621722630787,1.3145872870757143,-0.6060057596577152,-0.3331548621836785,1.963183385216569,2.039826039103278,2.0778320271330872,-0.3420325235497229,2.0562677478278313,-0.6089978501963743,-0.6415252162896274,2.1845668166353684,0.7341104334735917,-0.3555637116948254,1.9561036219270405,-0.6325577022811736,-0.35658824339140194,-0.34546013200483916,1.0382348389785236,-0.4257310584847723,-0.2949311787531157,-0.3205590735411557,-0.6847828690803103,-0.6307857708324653,1.0465230634683091,1.9103387738845352,0.844282995589084,-0.3947762934035139,-0.7173388907274414,1.2429086293963427,-0.18007787791920835,-0.6593334247216468,-0.4328884031843749,1.1076762671746183,1.0642313448508716,-0.29611063930451725,1.5505102315936519,1.1943668304118782,0.971879237054613,-0.7420565701334487,-0.5011796701046324,-0.6317854592684833,0.8355040140700633,2.0987634646937674,-0.36511598242825416,-0.2704421557158235,-0.6030803057650689,-0.336441818741879,-0.6400435505967095,1.956349933084865,-0.6809481601323992,1.961555746040068,0.9202546372592287
-0.6681710054310891,-0.6725461573685623,-1.2141495895593637,-0.602550090399903,-0.6687525596784013,-0.6434368157649725,-0.8302422477199956,-0.6489951958533882,-0.6044220417359113,-0.4834369930550491,-0.6788479478620312,-0.7553059314159235,-1.2726911077898777,-0.6158187352319638,-1.0470573000506749,-0.6717636813770135,-0.7235776746108153,-0.514150185332976,-0.5187559312681542,-0.7193439079318028,-0.5848236800991811,-0.668110216209569,-0.6134668127032933,-0.5611040620995851,-0.6238838162134415,-0.5481673968582186,-0.6140047996495709,0.9313927904926439,-0.6626716214855781,-0.7626156674501037,-1.0824154012470166,0.7291722561215539,-0.6065688505958717,0.8935699326556936,-0.6416434013805087,-0.5323992469669223,-0.8218664902561068,0.9496490620134971,-0.5593411541285201,0.680185153366074,0.04648947517818398,-1.291057517947372,-0.6264549464048355,-0.5650105370083318,-0.5926574755898724,-0.6114903682287522,-1.2836086137491138,-0.5123097094556917,-0.6997975873273131,-0.5806310891933063,-0.7071365094167351,-0.13209004752745399,-0.60581417140426,-0.7856913837183144,0.8906002236321637,-0.505195627257627,-0.5819572643173727,-0.03277989561450581,-0.7217603259348254,-0.5214676914689856,1.1635713936367669,-0.5289238926800464,-0.5332193941776614,-0.6490712920122731,-0.7303611903525954,0.8782117853377026,-0.6380483146498704,-0.5966729172414006,-0.6256702548138061,1.4495576718289374,1.1503833144302364,-0.7294889965177666,-0.5942706111650359,-0.36496821429472703,1.9026588857607736,1.0674065015221448,1.459605034989502,1.6304318585218374,-0.6631303441875641,1.2513511005277125,1.1454793662096179,-0.26475102348519547,-0.5911342188456782,-0.33309941481000294,1.3350694651083892,-0.6144730744180062,-0.32622988347854187,1.977515673551416,2.094000660919301,2.104602087748876,-0.34883687682888487,2.071652517298438,-0.5865700744838934,-0.6577112405820834,2.181724218486391,0.76062903419372,-0.3350928796234277,2.019076501787642,-0.6331764734197273,-0.37542600633459067,-0.3484685070385342,1.0648492611262907,-0.4175179158374993,-0.29613988598792046,-0.2930505069153068,-0.6782442670837692,-0.6269008108325521,1.0874946837542285,1.9158387994443162,0.8752855714273161,-0.39312170762775744,-0.7429027376705363,1.2586005312041884,-0.17163784319705877,-0.6505682047008328,-0.48833785324306633,1.1310678231408025,1.0886011821416075,-0.29205774236692117,1.6709796363766645,1.2067214636983516,0.9964483956572306,-0.7466229666932975,-0.4857650579354388,-0.6243996923889371,0.8587263766107496,2.151283561259896,-0.34971986471881583,-0.2601448835683125,-0.5823075775974168,-0.3364276826796009,-0.6315621739374383,2.005028835252311,-0.6744591776079616,1.99720824068489,0.9742982158271548
-0.5463165062252033,-0.6562257053459651,-1.1890816741725148,-0.6014613918727966,-0.6373900855093523,-0.6368543835061669,-0.8215057711846375,-0.6567991421453268,-0.6176143721539138,-0.43909507107790263,-0.6842302982068267,-0.5427205030300472,-1.24361635925698,-0.5362370019722127,-1.0541945363943632,-0.6713987214888436,-0.7046270988426508,-0.510120269821304,-0.5051071484061963,-0.7195231884606632,-0.5671975608178,-0.6677309451308557,-0.6277056661786846,-0.5363510057286413,-0.6247111300968652,-0.5479416226038764,-0.6123271202963785,0.9505829572217486,-0.6578236522041865,-0.7625163360224289,-1.1010270577475119,0.7455707986968803,-0.5921885907587136,0.988673468913555,-0.6420224937105743,-0.5075112016881599,-0.5904094152081459,0.963947744747126,-0.5543309748808338,0.6813331192332824,0.29975258475569294,-1.1029151974011733,-0.6281043107000428,-0.5413461476917748,-0.5893136914320503,-0.5883864526322752,-1.264731598432952,-0.4913173918318632,-0.6527627986219835,-0.573244771819205,-0.7067639981920344,0.13932770461861005,-0.5743182892194676,-0.7869576081798396,1.0147732041334954,-0.49880428493684814,-0.5808398419118755,0.2588148122998631,-0.7158134344286435,-0.5222385318116343,1.2167819214092714,-0.5279314614324943,-0.2718848169404516,-0.6486272573379622,-0.7377555571997391,0.9210359067856774,-0.6479837907301872,-0.5926190582822123,-0.6305975992700548,1.5749244894109813,1.2503831338196325,-0.7088179071621475,-0.6144418936451332,-0.38210767320490974,1.969227487187591,1.095372848865903,1.5823733481231537,1.7383662234185122,-0.6338511787513367,1.2864944427977023,1.1635991407486217,-0.2664254606739557,-0.5817306025690894,-0.309440836840853,1.3496033681163844,-0.6184659475356603,-0.3123560202229272,1.9820663763265347,2.1259726077410677,2.117627073386812,-0.3391339444194416,2.0764808606286387,-0.575459596780479,-0.6713497549607549,2.182135848338332,0.7850117976849688,-0.31836282158738877,2.0648450755937597,-0.6395087649871529,-0.39987866650091664,-0.343442168504871,1.0857727610851862,-0.40691000362018726,-0.2728219297775455,-0.24937801526970838,-0.6664685524492665,-0.6299409684516349,1.1211918210660263,1.9172130259100473,0.9066388777605404,-0.3842403925552067,-0.7632742675198861,1.268161954508436,-0.18506558209222065,-0.641574136231698,-0.5073608096319094,1.1527573389340546,1.109689707089872,-0.29205774236692117,1.774904817566544,1.214270602873622,1.0179996992873575,-0.7524557156750314,-0.4559116757701932,-0.6072865141764486,0.8797494115857935,2.188271932246216,-0.3516198122062774,-0.24580973378819485,-0.5533143767072117,-0.3535972131258781,-0.6250408841969944,2.0376861571947735,-0.676070675510397,2.019025552564517,1.0251395285163056
-0.3838152833497073,-0.6243964239807869,-1.1510784464536943,-0.6002398846152323,-0.5817503469271714,-0.6203378694696094,-0.8116572918025694,-0.6434898869532677,-0.628316701156241,-0.42040495896168023,-0.665032735208939,-0.3106750402740036,-1.2339178717515338,-0.39340270127633786,-1.060464910386004,-0.6723991058107859,-0.7127285304110192,-0.5186220504467802,-0.48461920593572727,-0.7200074555734146,-0.5546128201871444,-0.667732667003186,-0.6255608565717057,-0.49217577375580074,-0.6265210810401082,-0.54692209967792,-0.6120122958951421,0.9650092661691948,-0.6430866882689044,-0.7622227518027914,-1.090390018592285,0.757360297786256,-0.5634069943606235,1.0645678039379332,-0.6347050369314636,-0.4466869650206857,-0.3459176425812647,0.9586329764306585,-0.5534542712154421,0.691804323382985,0.522786492469214,-0.8498362343331214,-0.6322802551313039,-0.48888717494914247,-0.5789328863249446,-0.5803724801746681,-1.215620808680235,-0.49105166074626205,-0.5670036234040527,-0.5466757523627719,-0.710864806492538,0.38780097989610124,-0.5548610891920058,-0.7899079417521192,1.126340920620752,-0.49762045148371975,-0.5803099059941237,0.4484720034456405,-0.704503822313037,-0.5210279806977877,1.265312773959256,-0.5099546057753283,0.004847036853755772,-0.6491996847834592,-0.7276744532217067,0.9542068957149529,-0.6480884348864426,-0.5868771521778389,-0.6468149769958745,1.6919187406936815,1.3567718183607114,-0.6772097284234635,-0.6341001823033195,-0.37103478714737137,2.0197007266824683,1.1164095519722557,1.686618197708624,1.8369991475936482,-0.5911926059638165,1.3186347984125906,1.174503780699108,-0.2795412717411161,-0.5579886225780184,-0.2993023081391184,1.3608461331269208,-0.617712514322232,-0.2997943054446047,1.9807987681270225,2.143727754021277,2.1190865671201884,-0.3048582511818448,2.0720951846903874,-0.5567507598858636,-0.6898864047235266,2.1824257533626277,0.8078742562464757,-0.3250946451184444,2.092019472188486,-0.6283364916313589,-0.41479534930965856,-0.32261911828879275,1.1025273168657408,-0.39968537855516756,-0.23184964836564323,-0.24812027003318624,-0.6674766296279788,-0.6215989830679645,1.1527428143626808,1.9136030166964375,0.9355605271268901,-0.35454003098315934,-0.7638848616682041,1.2750499338044858,-0.1916537176234877,-0.6323784197901349,-0.512676103014742,1.1737897741067609,1.1255626230828717,-0.2894282162384874,1.8642807352105615,1.217429803119861,1.0357679992739164,-0.752404338415134,-0.4185081903640023,-0.5770627684206379,0.8987941787966541,2.20010636174305,-0.35499858987170624,-0.21459932540927404,-0.5155307976357123,-0.35399402899508486,-0.6196012055592152,2.0645986477571454,-0.6837293416139263,2.024559843256232,1.074163353570157
-0.20952227009508517,-0.5793928967148833,-1.072684635518148,-0.6018642935934875,-0.5346828361118489,-0.5845128874738902,-0.7849316899419891,-0.6091765578416278,-0.6312534297634937,-0.3987998090556693,-0.6330617930462082,-0.07837744647910919,-1.2147827170367274,-0.252592130982297,-1.0521930443647276,-0.672363266869231,-0.7131943147473014,-0.533114969097052,-0.45346532059559963,-0.7157639588449836,-0.5397400883158358,-0.6673902439923498,-0.6030325380706715,-0.43289735476510904,-0.6258456458828765,-0.5443021038768774,-0.6079585856992038,0.9857630058524957,-0.6449359017923615,-0.7634722697619082,-1.0749511341156759,0.765280111859574,-0.5099926420937694,1.1427297883838448,-0.6101283728612299,-0.2973466866687665,-0.06794453871908988,0.971734933626434,-0.5499995443266595,0.6950754486569093,0.7138802621513398,-0.6004900419635318,-0.639213976367035,-0.38112545025304806,-0.5541623460962819,-0.5807844538105567,-1.1273149314867779,-0.49011853497617436,-0.4208983784882798,-0.5201158328045445,-0.7129892010402461,0.6178088713966495,-0.5596450307158253,-0.7909787003858484,1.2107996467786708,-0.5098751652127742,-0.5821884293392254,0.6926648669355285,-0.6935857053260631,-0.5200609832472618,1.2975495438685385,-0.46959404120397463,0.24877688055208236,-0.6480565712049131,-0.7156437930558758,0.9847363750681376,-0.651270927018022,-0.5746670027017973,-0.6639098611716574,1.8043788466016446,1.453012642255757,-0.6126693203528613,-0.6460226865282276,-0.37103478714737137,2.0518578297373593,1.1327336111910487,1.78124133258788,1.9235233876108597,-0.5345589589521952,1.3474374189135185,1.182521371851937,-0.29146675876489336,-0.5237085764071815,-0.29814076967934067,1.3674357965234065,-0.6109442470183417,-0.26925569757549817,1.975437286516137,2.149600696722169,2.118377342497891,-0.2673409958812264,2.0731506056937183,-0.5468174658128895,-0.7040528421114342,2.1824269294479186,0.8269111219481438,-0.3257065876459208,2.10082069385726,-0.6024478781550757,-0.4274864696922098,-0.28514079842457885,1.1121681018989538,-0.40139997396922594,-0.17685662337618852,-0.26091438500183217,-0.6755449203786317,-0.5952324283056512,1.1784053878912444,1.9143995792940536,0.962135196952514,-0.23957795092020623,-0.7586712363438599,1.2785220623378468,-0.19636754703745343,-0.6215002739131976,-0.5051113765126389,1.19173541085318,1.1380540594410935,-0.2753043960396801,1.9313671719955081,1.2176552556450801,1.0503342028009186,-0.7519464373095274,-0.3556074778365309,-0.5290466755836821,0.9179026871772608,2.198953453733231,-0.35141609178821515,-0.165952577674611,-0.4524551451211023,-0.33703342049414414,-0.6173299452730668,2.0719911489477543,-0.6898035799184502,2.0221658572788153,1.118142000544008
-0.03045585371484197,-0.5596379859818987,-0.9933075032800949,-0.6011702743029762,-0.5131903878341555,-0.5308975975169345,-0.7798060087773812,-0.591173823302562,-0.6277564344460608,-0.36088978702804303,-0.593967247272601,0.1632431400971501,-1.1804520736191795,-0.12945895335517488,-1.0326584557636336,-0.6716113658754044,-0.7039681540533268,-0.518870689790175,-0.423624530890711,-0.7075511283021384,-0.518487710261593,-0.6693549003217033,-0.5824655755118693,-0.3084470764018137,-0.6253072352603314,-0.5383705164267201,-0.6109290331972019,1.0518394480478366,-0.6494519904832889,-0.7647466730786985,-1.056767193676337,0.7685524493313572,-0.4186222820496855,1.2034874884979996,-0.5495058770548706,-0.15884974048831602,0.19441091149942813,0.9763336602397804,-0.5460569500680891,0.6801110090917535,0.8572225302621147,-0.3511664225017944,-0.6451896234506626,-0.22234960133531076,-0.5087316875525079,-0.5919195335248603,-1.0278258653541115,-0.5039365514274197,-0.26634655961036413,-0.5025411294012507,-0.7096380786884461,0.7766151719614984,-0.5690928245268193,-0.7910272837231161,1.2723517775126123,-0.5334631251313301,-0.5786100247529068,0.8544689986137345,-0.6677808165944057,-0.5206882335708012,1.3169522826344404,-0.44567417918346025,0.46671333047496927,-0.6457636109730214,-0.6977091585802192,1.0143821776158117,-0.6504983865766678,-0.5588394583539243,-0.665766076875116,1.9100266506020962,1.5478894030953916,-0.5104064467915608,-0.6426679957485903,-0.2945821322263752,2.067037024624346,1.145156573068612,1.8632830778455296,1.9979233988489853,-0.4389635207045056,1.3698820457334773,1.1871901834410268,-0.27951713182436116,-0.4757458669344265,-0.2859668792060436,1.371640695376534,-0.6101979368971868,-0.2692038511429866,1.974625441567501,2.151277410305862,2.115037045425722,-0.21378503230069434,2.0747866467555753,-0.5049692693787977,-0.7041696550289744,2.1770439870698173,0.847108192707082,-0.2923326043201591,2.104602165123148,-0.5627285782971507,-0.4305424830540323,-0.24093392052889864,1.1201397357774643,-0.38506785146554207,-0.17685942710434513,-0.24824810697094346,-0.6852090196605594,-0.5490492594617398,1.2014802321874332,1.914360583083335,0.9850977788322861,-0.23957795092020623,-0.7504813952447434,1.2792949570498071,-0.19351537824766146,-0.6137327602368988,-0.49880086012031266,1.2058969430130744,1.147975405056196,-0.22375709156989976,1.9767133822567926,1.2170882495849926,1.0639768462479071,-0.7514548805237296,-0.26207846146337294,-0.4457041793494035,0.9378149983646089,2.200603481978967,-0.3390863082824538,-0.16595550281065932,-0.34478596935372763,-0.3099906302940501,-0.6046210034251451,2.072893680173288,-0.6925846669144501,2.0217910660180927,1.1579924258328962
0.14312392981493174,-0.558674203738765,-0.9222228230576618,-0.6003280421345877,-0.5045538745094936,-0.491176264296137,-0.7782434886749584,-0.5673593832402002,-0.6186683554618306,-0.3066228330323136,-0.5034853109833882,0.36719766920982405,-1.125300424511852,0.01368591422066427,-1.0181746077219125,-0.6744627120655315,-0.7002528756079778,-0.49814675990240986,-0.3889781651546156,-0.6962625358439875,-0.5103691952432318,-0.669605490141568,-0.5738710492785589,-0.14689538480323916,-0.6250078910097714,-0.5341837841334237,-0.607902591750942,1.0818666312711327,-0.6464954264849629,-0.7638618253609271,-1.047716751334463,0.7800564613774036,-0.3248990025073791,1.2422405868169508,-0.43413335057114755,0.014887409901524038,0.4297108154306973,0.9849232810044886,-0.5423018074856519,0.7034073248665552,0.9791910357554722,-0.1122805634042148,-0.6491470809780008,-0.04577043230591153,-0.4241958797847634,-0.6018811979565976,-0.9333109318327466,-0.5197160050385394,-0.08838202597485963,-0.4945805851173168,-0.7115473835488527,0.9020786684321074,-0.5749646394606416,-0.7900632045852067,1.3258498992763599,-0.5580827859780579,-0.56870726180379,0.9666212090393035,-0.6161890462122241,-0.5218849965957909,1.324899669724781,-0.4340690677517664,0.6457989960220828,-0.6438027770687645,-0.6887670323656088,1.0429896849092175,-0.6286897880604106,-0.5188151317228359,-0.6694527641297372,1.9909830574509149,1.6347179174487305,-0.4309613586887615,-0.6414424669338211,-0.24024763463962173,2.074516453881241,1.1527325063303469,1.9269964542310691,2.042457587022621,-0.3055653427934403,1.3855761759116134,1.1898026909391939,-0.25224139254987943,-0.4047287690918887,-0.264025836273254,1.3719295630173234,-0.6115966272960472,-0.16527359199723182,1.9753829147598922,2.154115791837255,2.1145076922395467,-0.1345713568007054,2.0784260486300545,-0.4728329574797113,-0.6901915458700508,2.1572916346030877,0.8649631980178647,-0.2525061085913158,2.11011722718083,-0.4844242421481464,-0.4188317972811799,-0.16878591277637284,1.1247038865279104,-0.35453286872902456,0.002188855885416951,-0.2291739410536208,-0.6897564096024466,-0.4810848915671893,1.2178562771389276,1.9135369831129536,1.0041059461866233,-0.14296594743807475,-0.7187955123038674,1.2787627672610746,-0.17641201601682466,-0.616108357355321,-0.4916002030250462,1.2155834433875317,1.1549179696443743,-0.22375529936288732,1.993761326147166,1.2152392766676339,1.072986495131219,-0.7507420848811965,-0.13894893263324465,-0.32485042096614997,0.9557610137169406,2.1986509580672875,-0.5089682778649794,-0.43547843072225656,-0.19372578588861583,-0.2766377735470242,-0.5846186481423514,2.076866468537392,-0.6903341633942277,2.0226331224355074,1.191759150830565
0.2880985205390063,-0.5780310213704507,-0.8748210409516016,-0.6014245468174816,-0.5054027433725948,-0.4836346808926819,-0.7734270287808956,-0.5201678969971548,-0.6077014651750592,-0.2107045520974013,-0.3637908533863123,0.5537087618280503,-1.0595874279866664,0.15002703993315325,-0.9846378223669283,-0.6741349052134403,-0.6960673520854863,-0.48688330656994055,-0.3407602314473292,-0.6903885298846589,-0.49139962484034483,-0.6704659671409736,-0.5664130323963635,0.017501826932666834,-0.6272787524459658,-0.5268329094166802,-0.6054588648538934,1.1113631002129438,-0.6013918072990255,-0.7637665889921103,-1.0156712479698227,0.774238409003259,-0.20680110580544545,1.2840136500095467,-0.2943622251002277,0.20448158159001403,0.6493017871225055,0.9924846370867879,-0.5268160912014045,0.6890853535226544,1.0303197403430462,0.09544775572173304,-0.650923179782021,0.14967158636453834,-0.30956494626083597,-0.5917526779413279,-0.8660077372909005,-0.5372786829174184,0.10399817309717227,-0.49173780025102404,-0.714024611629087,0.9689671697263245,-0.5749535591707933,-0.7889404651780374,1.3582588140746372,-0.5642479147572634,-0.5324102884626821,1.023272766882662,-0.5278512846019647,-0.5229406471488877,1.3293858271271135,-0.42880852036134187,0.7490068744309163,-0.6447642137152071,-0.6909715904111681,1.0699130031328525,-0.5928649142033272,-0.4614831521115648,-0.6697655771534482,2.048968620996581,1.7135119082841386,-0.42277809749878253,-0.6330378389502015,-0.14781544022774298,2.077979397207118,1.1587074580949326,1.9684507474186643,2.0636754191810533,-0.1583946534141893,1.3946100292055406,1.189632132949442,-0.23744877763545286,-0.3055992609039145,-0.22461137029709527,1.372628026656043,-0.606633968908972,-0.16525745302991304,1.9777965942920155,2.1565487749624093,2.113007757612814,-0.1345713568007054,2.0801745571269117,-0.47136835401426835,-0.6739184495125423,2.1178516143606467,0.8825954823341919,-0.2073741192539606,2.1135455390157203,-0.36092713487167893,-0.40646801873592003,-0.047151952480561976,1.126031277095507,-0.31568707478438085,-0.5116463479248137,-0.20045738902361637,-0.6855549013755282,-0.37819612125984897,1.229343803858705,1.912675946780282,1.0214330645124132,-0.007886967915417651,-0.674078150241799,1.2778697699887909,-0.15715559219299408,-0.6294057011135087,-0.48157048072687414,1.22389803863966,1.160385518909376,-0.17386332849557326,1.9987603943626149,1.2129015723984913,1.0778400991477506,-0.7550741173797437,0.015635419591234243,-0.174987392834459,0.9702939068882604,2.2005561100161874,-0.5141873775296559,-0.4414293969090769,-0.004488152015611556,-0.21037455401665645,-0.5553773282071575,2.0781487232663514,-0.6923421698099032,2.0263380618793123,1.2183279205762314
0.4258553336570242,-0.5943321515437628,-0.8477950649566258,-0.6004145343407086,-0.5171745949174205,-0.47848822837859883,-0.7619405030914975,-0.4564007289805185,-0.592427941174965,-0.08221991012466581,-0.20393553455778268,0.7124095418608865,-0.8823042392917934,0.47426545289423105,-0.9502378035394622,-0.6740911817047434,-0.690278659045644,-0.4743881549516708,-0.2702644742773098,-0.6817217316868638,-0.4622889254130648,-0.6696256934435817,-0.5283725715372171,0.22257972660557357,-0.6280612884767347,-0.5219408979871702,-0.6050496686297444,1.1127496541270845,-0.5204121056723519,-0.7627470243380744,-0.9730036723500741,0.7833834617848419,-0.1165915002818345,1.29731816022613,-0.17824906051565068,0.3715801389147478,0.7997900696651241,1.0016469804573491,-0.49613735761948496,0.7050619432749547,1.084601176182147,0.28048922755595407,-0.6536735728185475,0.31808304790514497,-0.17302575773002238,-0.583905978467087,-0.8227343919830127,-0.5398823217899377,0.26794760998096057,-0.47539916635396295,-0.7145232648227021,1.0315009138463929,-0.5601914472952214,-0.7872748154704874,1.3841135859923228,-0.5608837589152178,-0.460034670243958,1.050761657289291,-0.40836317926370935,-0.5247436552057988,1.333336005949841,-0.3937316654243423,0.8445010761404456,-0.6428034958984465,-0.6942489425318762,1.0921398811838627,-0.5413221560194349,-0.36847002656918065,-0.662302505607062,2.0937251887478863,1.7783210965188556,-0.4386511967736522,-0.6115344057718528,-0.5547420673420211,2.080914013534595,1.163952124585578,1.9888946741844173,2.065134310663375,0.00397598677833626,1.4008984898314099,1.1875319334651033,-0.2227119106769317,-0.17774282881046258,-0.1537482345056447,1.3724318557253479,-0.5871348362207366,-0.466678893530569,1.9781372173531955,2.159110964012359,2.1095835607768145,-0.5442162830977926,2.079197807925404,-0.48791373929875465,-0.6691017125539428,2.0454271060394973,0.900707564780523,-0.14400553368632021,2.115630068110015,-0.20790863679941773,-0.39528946231143813,-0.6184640517292398,1.1262411797765377,-0.26378771060985395,-0.51071721244045,-0.14158141350864462,-0.683083436618433,-0.23924970668914822,1.2376525908280969,1.9113989508666105,1.0322157134972303,0.30128944649232126,-0.6140704099317235,1.2757626522856393,-0.11540339072254999,-0.6461582608788669,-0.4650050228234162,1.228021989531341,1.1628403665303773,0.030776654436209968,1.9964330358367162,1.211799414005766,1.0799825252294524,-0.753086082990055,0.19329726972575137,-0.004752175877670827,0.9836775883902259,2.2022129872203977,-0.5195579023203395,-0.45157302504618274,0.20784975003226702,-0.10516286085948015,-0.5257941231094206,2.0778554006180525,-0.6898560193858274,2.0292934188016725,1.239731618447459
0.5421077584545068,-0.6185260471298484,-0.8428565158384101,-0.599042212153338,-0.5318002545856751,-0.4797125768027413,-0.7403750168354521,-0.2650853078525555,-0.5715290203138088,0.07926178880462816,-0.013204916371205104,0.8363345937620602,-0.6844369193306956,0.7625434957001622,-0.8525819052713456,-0.6764456807017772,-0.6836534214873641,-0.4693877035414456,-0.15845830805506667,-0.6773962481902636,-0.41410149050853545,-0.6704495519580878,-0.45327667091657203,0.41595135883360446,-0.6276321315091038,-0.5163625988817123,-0.6030853505930919,1.1126085188691954,-0.38997266889506793,-0.7603753552504631,-0.8847765365649857,0.7673152636722075,-0.1165915002818345,1.3019921988022218,-0.05409892190949975,0.5167440939680865,0.8995732063373915,1.0049923848877849,-0.42941184891716017,0.7027116159747981,1.1039465916806757,0.427008180923267,-0.6572902876120676,0.4934705026699537,0.010059325065307044,-0.555721993844272,-0.8052597526844626,-0.5347527041189674,0.4255621163931417,-0.4317716877193502,-0.7139000620745682,1.066493641120847,-0.531436617765858,-0.7874215847131436,1.3918298546777315,-0.542231642641176,-0.3689045193429673,1.072967950154636,-0.2546492266639458,-0.5265637906543369,1.337011077247371,-0.32885410200300486,0.8888823258652934,-0.6426165950289981,-0.6909907126878837,1.1128565159199548,-0.4597185768374727,-0.2440048338448373,-0.6535323789988429,2.11340157215484,1.8263789317306367,-0.485155526230367,-0.5795813820986536,-0.5583434785719205,2.08349921359722,1.166736424109125,1.9881941069385265,2.059264201131509,0.18328949995445365,1.4048386138042162,1.185493528940163,-0.20211488170462621,-0.026607196777206424,-0.022427064594217463,1.3738942576440885,-0.559693218210935,-0.47801939282558664,1.9792001318821382,2.160339012985641,2.104156634326531,-0.5601490101492868,2.0763224089714463,-0.4952256951178609,-0.6705909971810559,1.9382827957923832,0.9174104058330144,-0.5142935521130861,2.1212461915143037,-0.02724528655252384,-0.3861828091064673,-0.6301142203268035,1.1270325370107683,-0.1880013991555622,-0.5331551484757701,-0.45786985780301614,-0.6744992483471975,-0.0701183726647725,1.2436151775524018,1.9094839769455794,1.0399824206368744,0.3013096472000837,-0.5198693066425202,1.2757972886045337,-0.04536959933554196,-0.6575556158397592,-0.44194203560991924,1.2300587823612088,1.165832048988582,0.030776654436209968,1.9958513384991103,1.2112716909723644,1.0822246936432045,-0.7409948074761253,0.3785374814667869,0.18211468342244042,0.992044938040437,2.205187147437809,-0.5311214097498529,-0.46344932529546784,0.4107560926650587,-0.5560704478314485,-0.47535492063438256,2.075563851823466,-0.6779452683622227,2.0328650870424636,1.2575365845782358
0.6486752491665031,-0.6253409893846869,-0.8518368929227486,-0.5959997889558383,-0.5392429391072786,-0.4966652871414771,-0.7201506372330985,-0.10264815504438121,-0.5566516279354045,0.3131374084783425,0.1674943684007988,0.9126498958711002,-0.4868475676635293,0.9049378952981573,-0.686294327366942,-0.675314723169436,-0.6751788437591726,-0.45384444304952554,-0.05029529082653384,-0.6524367290884118,-0.35239536740624355,-0.6704828414898145,-0.3149337295738273,0.563979191017775,-0.629274811339305,-0.51202228347496,-0.6011431784775502,1.019763003735908,-0.22639668261416507,-0.7392960922816684,-0.7245368986607008,0.7768577216313582,-0.1165915002818345,1.3094704404609465,0.08461876013221609,0.6569068668518928,0.9600360340990887,1.0019690607779488,-0.3203907471840376,0.7019324081572875,1.1007251124350486,0.5337000450698718,-0.6578617428327983,0.6235037432385757,0.18226383527564716,-0.5315032032919088,-0.797941879912007,-0.512872169935725,0.5656107588703246,-0.3439096039083183,-0.7167435454658062,1.0599473939552266,-0.5019816194446273,-0.7856134691820893,1.3922201615438063,-0.5099076605529261,-0.2718788580998219,1.0741821105876606,-0.07793143976476842,-0.5314662102790293,1.3396833119059384,-0.21041432219347755,0.9260787691553495,-0.6429250395073364,-0.6793734143121356,1.1290807420940672,-0.3332954766240641,-0.09584531180960516,-0.631016792692174,2.1152363748713556,1.8560973920203665,-0.5324517135653809,-0.5382598889153,-0.5679758593120297,2.0844736166863145,1.1679002264505967,1.9892588139633327,2.0570015951624785,0.3591050123231445,1.4071860596423384,1.1837485407338817,-0.1720884541379606,0.13944455898509284,0.12690521239387625,1.3740287994301905,-0.5188092803604929,-0.4769041901838567,1.9787209141481767,2.1599525805867126,2.0912903942849037,-0.5535565197673301,2.0703112184800316,-0.5090440897980644,-0.6550402374977382,1.8050346844630845,0.9316343507956277,-0.5259872497250193,2.12900792504655,0.18238150915527865,-0.3868625083462929,-0.6420479244213705,1.1271244284393453,-0.06658310905115188,-0.5435096169563842,-0.47067663097463214,-0.6602054948738805,0.1171085190004846,1.247537769641635,1.910471880950455,1.046622790354322,0.4641298152619961,-0.38355729126013394,1.2747202140415008,-0.5337806400937561,-0.6582527391475694,-0.42626168021662203,1.2305703845802192,1.1672832908878252,-0.42007017348708925,1.9934864143917228,1.2120020445006483,1.0840374063746836,-0.7166866221944411,0.5659085145109992,0.3650028932857817,0.9981021730148615,2.208952362358986,-0.5433143793259758,-0.45967907282199894,0.5974682985140326,-0.5657305599131268,-0.3898099490298971,2.0781140528595166,-0.6534775325544258,2.0354048553970547,1.2722892750160604
0.7327923242635505,-0.611832496493343,-0.8638425214327621,-0.5926495950561725,-0.5274487320190573,-0.5029375404501633,-0.696463989477547,0.11476885642571714,-0.527072561702092,0.5253891659719058,0.33328137901365296,0.9631790280581435,-0.4868475676635293,1.0617522364089658,-0.5177141773053034,-0.6769003574069739,-0.6663526974083395,-0.41149481027077495,0.1192217051221009,-0.5988974823107068,-0.245227363188709,-0.6703186896609525,-0.1228294833068325,0.7137822498385319,-0.6302846810835516,-0.512283445543463,-0.6001112540512743,1.000495584023538,-0.019342663875441046,-0.6962236332082675,-0.7245368986607008,0.7814576358435189,0.5161960007309215,1.3132527236513762,0.31173936548795417,0.7737555700633095,0.9952141203321168,0.9986919931968284,-0.10819030532975366,0.7043832113432061,1.1111835838779263,0.6082755581113176,-0.6581263480250281,0.7459738285293651,0.35735541609785915,-0.5057757210405384,-0.809734389981864,-0.4931731280446621,0.6754235783628338,-0.19991934796641725,-0.7189839587766274,1.0693749232264516,-0.48005530873259433,-0.7837266463797037,1.394214760035006,-0.48683220752647954,-0.1345874805836961,1.0807704756055243,0.08065745339372926,-0.5337050512071474,1.3372202060941485,-0.03736021651767503,0.9227594108531141,-0.6349543559065906,-0.6682500890007692,1.1408065615767224,-0.1629064731351056,0.07459883130237664,-0.587619870372367,2.1135806188883293,1.8745503931204754,-0.5660523309710614,-0.4651219827887298,-0.5802134480634054,2.090860970022654,1.1684194085674007,1.987328374313463,2.055371712847384,0.5160748945115856,1.4092450793985227,1.1827012941922848,-0.12964979678157784,0.31355215801311725,0.3089794091564092,1.3752068369871806,-0.4595648598654044,-0.49298949543633075,1.9767747251084726,2.158264013248451,2.0608317620377403,0.6739637656502268,2.0649637520631523,-0.5028702734753737,-0.6224959207441857,1.6531044582821037,0.9445062079980554,-0.5402467512103287,2.1341304026424126,0.4020946248582357,-0.3833137541796182,-0.6611419314939403,1.1276813366520346,0.07845421081696517,-0.54426862622155,-0.48548891089875745,-0.6354680364333035,0.32041726637667867,1.24874109647634,1.9102514223725258,1.0488526469726986,0.6152276604197318,-0.21492195948533113,1.2751098101537441,-0.5462409433019886,-0.6511488815268792,-0.4101028764446877,1.2316485242523283,1.1699835073030052,0.5562960435562028,1.9957363650527347,1.2135056763972534,1.0862459025613502,-0.675052043326954,0.7432739278656291,0.5394960401065442,1.0009643058620918,2.2075757217056773,-0.5590026225709017,0.744347628700661,0.7486804567681422,-0.5842303390953871,-0.264072669736781,2.0789868665934783,-0.6153454415882731,2.0353885364742372,1.2820924368530409
0.801596258573743,-0.5802403278221064,-0.8607739699318798,-0.5902853706734553,-0.5036817943884172,-0.4971042304159084,-0.6795934095426215,0.34804857555167185,-0.4649095113504402,0.7166131360738209,0.4819508455158672,0.9968025432422752,-0.4868475676635293,1.2535995719053725,-0.3086709204240014,-0.6696281583128809,-0.6722924332084553,-0.32431040358371155,0.3245286879253733,-0.4895425454084295,-0.11888176887609649,-0.6708552250792054,0.08915261610908808,0.8360474088426937,-0.6313827072252125,-0.5103556353873941,-0.5992171124864515,1.010244316257913,0.1884319649907786,-0.6223099208585837,-0.3681821740675191,0.7751543794735065,0.7701049388114735,1.3214658757776796,0.6645224712226162,0.8726425811426869,1.0025736853152272,0.9967097815400993,0.11235511217180863,0.703178078161685,1.1049188525923261,0.6506984123016419,-0.6573877291398554,0.8509348586178996,0.532464624460441,-0.4677813794257122,-0.803546055506172,-0.484546178208749,0.7879088178833201,-0.02192020579300514,-0.7214156893026987,1.0772961989701009,-0.45010444105899106,-0.7762587419287272,1.3942005064043108,-0.4441571535169914,-0.011063739797139798,1.081702246878389,0.23036080532914444,-0.5331057002196548,1.3424240779894132,0.15316259354541154,0.9201013986750074,-0.6149305397138619,-0.6452001882513235,1.1501501715726916,0.028625261823827648,0.2593260755624026,-0.5246283402472992,2.1059015034297985,1.8758875591578932,-0.607267208528084,-0.360624693739615,-0.5945998612606354,2.0909390183292356,1.1686021884858437,1.9882046376170641,2.055516795978223,0.6631359505699532,1.410242247745292,1.1819520485993256,-0.054116312810100514,0.4890770805356062,0.4911833420127682,1.3764277821916366,-0.36830479888789114,-0.491334091297877,1.9735907790295486,2.1547487823312053,1.9990314374392248,0.6739637656502268,2.0551691127361744,-0.4935603701242088,-0.57928886780157,1.4945152371820016,0.9544397927825542,-0.5517303072013244,2.13738046891543,0.6128990882248841,-0.37176117116779717,-0.6757196015817691,1.126690723974217,0.25343869439382816,0.8949019589027188,-0.49686356117569097,-0.5829274384437716,0.5200515416615312,1.250692546299962,1.9092629984181728,1.0509788907605855,0.7851747367200826,-0.023045423239401584,1.2759112435931055,-0.5577543320182795,-0.6460023025947031,-0.381864285741031,1.230851249295225,1.1718739293854479,0.7093582032930816,1.9968103991780393,1.2146136131338308,1.0868876844266429,-0.6124133579117025,0.9054485875065842,0.6908701352481862,1.004288433585271,2.1971533191476023,-0.5756378878027161,1.0240446755742747,0.8804369348610978,0.5523775851792686,-0.10832085321896073,2.07679492642805,-0.5551440354267602,2.032031190086458,1.2896881365715815
0.8687902330473739,-0.5515034874329635,-0.847718509643478,-0.5863222374213876,-0.47649574219010704,-0.48235699542398014,-0.6588916538214133,0.5421428837172959,-0.3731623679917941,0.8959802147935058,0.6110287553812178,0.9996285729658099,0.07179119274871837,1.4601776217407634,-0.11428976654733619,-0.6310782397553673,-0.6839036379281469,-0.23663463819422434,0.548019113765812,-0.34918633558171075,0.022759357895636045,-0.6699942889138447,0.35427454799658625,0.966570990638238,-0.6320766563022922,-0.5095791087853382,-0.597818396241789,1.0295782466748105,0.3642968509019761,-0.499982322664047,-0.7245368986607008,0.7718608530699644,0.8899568077253486,1.3255417430462828,0.8365726587260379,0.9707859785480094,0.9998016684589331,0.9941117629430213,0.3185967556900955,0.7072737986359987,1.0970103578929664,0.6824202749695762,-0.6486644730633528,0.9446812888771118,0.682089537459743,-0.40000973367277515,-0.7935806207488755,-0.47315446401518896,0.8814570575543071,0.20654930513475342,-0.7204271411946447,1.065721069508481,-0.4132528743941864,-0.7534576417914768,1.397940618663062,-0.39293791477999307,0.10568732582579123,1.0835145075526325,0.35748889149611157,-0.5197921155145552,1.3434102235936551,0.4072897526619937,0.9156369392465473,-0.5647119013180145,-0.6310769555886038,1.1542328983705048,0.22473514402963318,0.44075768969471907,-0.41373346263325345,2.1045254013924115,1.8772285676264517,-0.599729894649462,-0.2282087574687064,0.8174113911244018,2.093611872643869,1.1695833963310576,1.9931989504752272,2.0574201484804133,0.7978424344515461,1.410199191689821,1.1814835872062537,-0.6072112951228194,0.6573553098325634,0.6668609620669906,1.3772032063631372,-0.2450602490848303,0.920444770337757,1.9647436413982216,2.1443121441214976,1.9062932258274985,0.9623432181410116,2.0276024025719983,-0.4889248209317675,-0.5080536694332444,1.3382452562762672,0.9601200690251437,-0.5701681330223586,2.1395605065350902,0.7937455166314622,-0.34615774014159834,0.9373654248015004,1.1278118308725251,0.44206719655583965,1.0085450717289113,-0.5145560187653331,-0.5106036035885619,0.7011776955273334,1.2507220137854447,1.9047805139834144,1.053211619603216,0.9352699369925623,0.17640559960793642,1.2774261452174924,-0.5734739556173907,-0.633423104734354,-0.3273387442726024,1.229941914077253,1.1737577799523315,0.7093582032930816,1.9986733105146182,1.2164438914093176,1.0875914192686982,-0.5171189592523084,1.0464804183334657,0.8261729412765654,1.0071146974103484,2.165203498612116,0.9630396521004913,1.1575721783248525,1.0044083139179238,0.7267859068614008,0.07143769924063052,2.0716004189659674,-0.4565795211860548,2.029583895627835,1.2953203909920277
0.9194173867306156,-0.539760318499925,-0.8449008840288754,-0.5820498763180735,-0.4593759954148801,-0.4642840926923226,-0.6211331426267405,0.7186642299685021,-0.21952198089500033,1.079604283610942,0.7457247226912245,1.0044415844582226,0.20274978478561584,1.6832687473625185,0.09211078628164995,-0.5377220976772034,-0.7052288839060752,0.1075994742930356,0.7162026594375156,-0.2059660406746394,0.18841312402183796,-0.6716638163257125,0.6113396906238948,1.0742595496273446,-0.6317532009003028,-0.5118580840172567,-0.5991073895136786,1.0356048936059994,0.5144275901955901,-0.3198552787275422,-0.007184759217605014,0.7773470957893273,1.0091709522737669,1.3258216231998536,0.9536812114572719,1.0543283533697536,0.9860192850821407,1.0088463838272281,0.5276309897591703,0.7119534341429684,1.0939728442289327,0.7024586871733659,-0.6378930081772802,1.031027034822749,0.8285680947533663,-0.2948189232758887,-0.7847538024331236,-0.4621874156991534,0.9506009223486592,0.47647666896730795,-0.7221873278212857,1.0674348829054512,-0.3542064318967298,-0.7185959829851384,1.4010833925971211,-0.3193856004820804,0.4198480785167263,1.0777495893257958,0.4684037195829314,-0.47328456864233037,1.3460402397526392,0.6355665476313638,0.9205695412707712,-0.47722012170429773,-0.6032692720857681,1.159215915840397,0.4206598581934095,0.603666876352298,-0.263015305799246,2.1072327016832317,1.8785086461154743,-0.5900424638200304,-0.07979478659674769,0.9870928775722652,2.0910987171719344,1.1688472239027567,1.9975774957620416,2.060977563819508,0.9190732497744339,1.4104212025689518,1.1817077463486336,-0.6140118620418172,0.810124019636349,0.8224220130708477,1.3775062922220138,-0.09826290975514466,1.0629831210120224,1.9469262300993677,2.1165091627814214,1.7835466641543398,1.1114566659941543,1.9768131061738916,-0.4798539059476719,-0.39422014473999095,1.1852365598831982,0.9656816521100731,-0.5882293749313665,2.129869722903328,0.9504441510440325,-0.3073934885801928,1.0936134126626402,1.1285449692222123,0.616658924338357,1.1110588857718704,-0.5312477144632402,-0.40579904042204673,0.8545481398612156,1.2503508942943673,1.8900108291610347,1.0539646742510933,1.0696115414118907,0.3746131285215013,1.2784700828693756,-0.5867224945638934,-0.6129352796177061,-0.23180477269340066,1.229436833632133,1.174825457950789,1.0121910065739805,1.9986482667936252,1.2172362043220901,1.0878371726116471,-0.39080929363621264,1.175963963634353,0.9501446786093065,1.0095164254034736,2.098193859647332,1.118471296061783,1.295343111488658,1.1218690368756428,0.8959598609990406,0.2523828479307682,2.059900532469106,-0.3230978805142888,2.0226788154193978,1.2994106971250983
0.9763348609263613,-0.5261762183722488,-0.8256461987839643,-0.5735584441349522,-0.4462987512786629,-0.44347669354099645,-0.5945293239020354,0.8961192354322911,-0.04057670580466051,1.2636029115246963,0.8695991399208312,0.9915405605788499,0.34956682436090164,1.8715235572262379,0.24965672321007168,-0.3441391300353388,-0.6985164025556323,0.36358517674919916,0.8932333943698665,-0.03033633437346513,0.3798783476750127,-0.6700966829217782,0.8471810741439265,1.1643460170624904,-0.6157053997598213,-0.5145175962107785,-0.5991133034812471,1.0482595265185883,0.6544988926898005,-0.10408946256079984,0.15784702714319546,0.7706669469310033,1.131245494718076,1.3280255543734159,1.0881555505804243,1.1285058184699532,0.9657678735225415,1.0005655525858457,0.6836052531278506,0.6963324366346451,1.0922856491855122,0.7086369756558466,-0.600764881000948,1.1055284227697288,0.950375253378711,-0.20638076825552573,-0.7607005671088076,-0.4289312689173975,1.0059714247139424,0.7060167012531782,-0.7236277803860538,1.062670561663536,-0.25324409711419127,-0.6480628298367873,1.3979100896100825,-0.21542109586042832,0.5994323857853056,1.0791495618262057,0.5831214313570312,-0.3852835995862014,1.35275170481329,0.8669602006805373,0.9241639534375112,-0.3356254160601102,-0.577120073947908,1.1612768445664094,0.6022351328978987,0.7507076662116292,-0.07428286386584615,2.1134476127434514,1.8803425836076797,-0.5976127090613694,0.09192670032235871,1.1440809341365372,2.079083480559456,1.1696704056911684,1.9994464140794004,2.062228617959636,1.025685508564363,1.4114892896829518,1.18232106253998,-0.6239660277154372,0.9493106497711132,0.9714578190593485,1.3790715611776652,0.07163214847944167,1.1878593893267664,1.9070759972233855,2.0511137768909946,1.6448350035366788,1.2476716657047,1.8920519960843054,-0.45170410177879494,-0.24965658680525243,1.0576207210137496,0.9683759136907946,1.0699977507921752,2.0968504266691372,1.0956918648389,-0.26216413972956376,1.2334431150175311,1.129569201994617,0.7788703540623032,1.2196002146851046,1.0881550936862743,-0.26766493970611543,0.9936638700830611,1.2510709733478254,1.8565546801116775,1.0557339643914379,1.3556432166165113,0.5570973594126087,1.2786540102193504,-0.6037102725505312,-0.5784340982156904,-0.09009690387731112,1.2290822776325805,1.1756063086230863,1.0122130251172747,1.9956737557502529,1.2190968310421741,1.089986215506532,-0.24102226308039193,1.2964609973355379,1.0598541527069423,1.0114328226118434,1.9859793825133758,1.2506898322561493,1.43860982992301,1.2203802278975713,1.04497659522892,0.43096997779157725,2.03551237771864,-0.17313049961098437,1.998824358007977,1.301562539932009
1.0140267210372094,-0.4947340040530715,-0.7983193652844527,-0.569104043478683,-0.4219076768264255,-0.4188940388580335,-0.5675726669495447,1.0793975439844201,0.17260690833388412,1.4687961692296865,0.9716157264029629,0.9957442460099764,0.43847981643762896,1.9903092104262774,0.39535667764300003,-0.08931517637973642,-0.6751146298384244,0.36358517674919916,1.086070393560474,0.15869485356604718,0.5509444571467884,-0.669266625666882,1.0854356145823136,1.2412800531173038,-0.5689106062323923,-0.5209355301868778,-0.5996712296983071,0.9985872296336731,0.7850932768720957,0.2098392194847386,0.25818628495090534,0.7853600059138856,1.2843429282740486,1.3310969339714835,1.2456420938836767,1.191680062452084,0.9514115759746374,1.0064914760636152,0.8042185637177934,0.69189174895255,1.0994790972359267,0.7267491663895912,-0.5264277683370264,1.171427056202156,1.0703535279822736,-0.051758756449724976,-0.7546511677184518,-0.3671800088933449,1.042495381387795,0.9354494014063686,-0.7257839094777899,1.0567806614724944,-0.118184755723235,-0.5383036713747856,1.3980000593357509,-0.11967456872527345,0.7314705087627037,1.079866604381684,0.6837662914536592,-0.22949359938519734,1.3516752312564493,1.0993283224207457,0.9291410967386252,-0.13054582508912477,-0.543757884330076,1.1627756152685962,0.7593498245479419,0.8862766376637295,0.13333964944423857,2.1152306908480707,1.886595316913189,-0.630669320423938,0.2759507654932552,1.272576454331826,2.0497084994484127,1.1703660170165935,2.0012826318686687,2.062032295151636,1.1188177764962837,1.4099982139412364,1.1827090978177808,-0.632726187876889,1.0788675649701263,1.1117751459854408,1.3804394954338808,0.25118725953190624,1.327622341964926,1.8358505957119722,1.933474745803729,1.495443929095764,1.3847568166001956,1.7724387237603012,-0.39974766006781504,-0.0842384685751628,0.9370072939684686,0.9705555184504822,1.2143898562782955,2.027395738572599,1.2227229763397027,-0.1984227788708615,1.3652926569606818,1.129936977506708,0.9370589127211555,1.335156371312221,1.2513296966061302,-0.10565810751184959,1.111589393725805,1.2508198591237136,1.7953841840792013,1.0567090845256049,1.482944135330531,0.7168866019225025,1.2790492041205062,1.0550601253809528,-0.5380550806431564,0.09145455288313396,1.2294733460450837,1.1759369138396618,1.2726831752190684,1.9953225744808767,1.2208035304512637,1.0918819079766648,-0.07102088536751637,1.404168234547214,1.1628175493615702,1.0129366091520804,1.8403151629380905,1.383161235620002,1.43860982992301,1.2982266068866468,1.1810037471073982,0.5937027129495578,1.9872671307985845,0.0020331949973160664,1.9432083811156664,1.3046283885073506
1.054580593702511,-0.450255527039474,-0.7616048024165032,-0.5648296007338257,-0.366867901128964,-0.3910254330758177,-0.5331156150736112,1.2803446876553337,0.39331385423156195,1.6650482005693024,1.0669535734910656,0.9876451979634332,0.5199060398861037,2.0482229313685365,0.5329509247523495,-0.08931517637973642,-0.5968497903348824,0.8166060604146014,1.2788332753057905,0.3099976598946928,0.714485797948065,-0.6697079989409899,1.3376607770014224,1.309163510500602,-0.4741700346139855,-0.5222317858195671,-0.5996078118333097,0.9765906997240239,0.891005062907034,0.43969455815788056,0.3673152237561566,0.7823098141043223,1.454275446101707,1.33475208075191,1.4328581408316006,1.2449259832844404,0.9469690467169027,1.0075778879840969,0.8850661822575709,0.6882763494079872,1.101688709524202,0.7252230467253896,-0.40494578153089783,1.2224233994764182,1.1610764955863118,0.21333375624977988,-0.7396163785051455,-0.2710474620581499,1.068714235281223,1.1437635711320728,-0.7302055892790208,1.0606557420105749,0.04884903084740807,-0.3813760945627175,1.3960798627749913,0.07547280074271674,0.8468772658110719,1.0776260158293096,0.8012081568311642,-0.027504129922361828,1.350148394309857,1.3188037010463212,0.9325173944051325,0.20267578807563558,-0.4735508461344752,1.1636173051677625,0.9001474529914626,1.0153157883723931,0.3368917581906158,2.115035160447054,1.8895243472808654,-0.6739390785254639,0.4675587331240754,1.3893746492379393,1.98726505121024,1.1700567791682723,2.0011518297563033,2.0580724468424787,1.1925641718589277,1.4090308878949833,1.1830904512412512,-0.6483679598630441,1.1897747015209204,1.2491699404934302,1.3805798054650438,0.4363464871743325,1.4599956649419865,1.7298624519285053,1.7789551281279425,1.346088466784819,1.5128542217037648,1.625631047263848,-0.3329325037870526,0.10766781373882145,0.8221472761680367,0.9714441637967692,1.3299014139327157,1.9214467987085468,1.329334089581945,-0.09338993605686376,1.4699169533999974,1.1298885142190334,1.0922659235576642,1.4377808324842059,1.404977910566386,0.07499327740214524,1.2072252572954272,1.2511847149946884,1.700216271592591,1.057123695415576,1.4829475842318565,0.8599870115438323,1.2790122187294781,1.204374003989364,-0.47917191710438445,0.2878968682325627,1.2297098912601452,1.1766016516304285,1.409437787321536,1.9924283171797759,1.2211900967991574,1.0944532996063308,0.11261099175198115,1.4858667832784742,1.2494286312678602,1.0144337550128566,1.6694724597721213,1.484489636460225,1.6601492227256918,1.3652147581165581,1.3178861056005449,0.7313812759094187,1.8943741044104974,0.18551341118953052,1.8421877213024296,1.305515740282104
1.0805964878829062,-0.36667855292756507,-0.7151114441855649,-0.5615791174640806,-0.26698953716775564,-0.33322261283507404,-0.47501117070364235,1.4714543348435076,0.5894243593918091,1.8763842065463319,1.1371490934771449,0.9764586426264905,0.6445478692627141,2.061058940604292,0.6300628209837316,-0.08931517637973642,-0.46432823358744985,1.0406435426240317,1.4611975900997607,0.44003150495564447,0.8514119995080096,-0.6656653870829216,1.5659853087518276,1.3684564485568032,-0.26118697707757227,-0.526791859552254,-0.6017647742178013,0.9632150770608117,0.9824436096777863,0.5383015804204637,0.4708597170049135,0.7748011554727982,1.6053048028729873,1.331873856470692,1.6287114274277341,1.2782497213591624,0.9471212537754047,1.003191371100554,0.9853808020520495,0.6972198581360162,1.1026204642527493,0.7454452668931186,-0.11741459506121578,1.254337269100218,1.2172202116647712,0.45209606133801167,-0.7343695068484826,-0.19039851571692426,1.0860865351664708,1.341375677241426,-0.7321959935297214,1.05962983179959,0.2372248275120615,-0.16564308777434408,1.398113279664682,0.31626912252054357,0.9889000917684708,1.0830957809059474,0.9060929430665707,0.2952171848731396,1.3494759419757816,1.5358203365739482,0.9299622404334517,0.20267578807563558,-0.3714657131025553,1.1627467671220604,1.0205748442872988,1.1275716128261577,0.5332278817238191,2.113438518306195,1.890310947827508,-0.71207897868595,0.643813334080239,1.4986290777651552,1.8883262148144044,1.171637874136126,1.9977459866186487,2.0485988638347448,1.252570472998165,1.406847995372311,1.1836340713023836,0.9185991083910816,1.2778579339981693,1.3902224386178652,1.380669668651248,0.6177307133481152,1.5781197928047237,1.6019838126357253,1.5950844287654522,1.2077299094897498,1.628736157741253,1.463362699628831,-0.23133775371292722,0.30843632103226076,0.6964890312658901,0.9724908839411728,1.453796356349152,1.7871357137860757,1.415533865359071,0.06079201913351303,1.553806018125591,1.129276271841305,1.2376721161620594,1.4377808324842059,1.5727509330825489,0.26602569407898335,1.2874590513703843,1.250977113949622,1.5802810857542515,1.059030479994737,1.5930089233217524,0.984329649758742,1.2796637113944036,1.3468981401914306,-0.39241613257971447,0.471224108012478,1.2296918016683316,1.1767462732926925,1.5345773618069154,1.9885863827092893,1.2219962000451543,1.0980980363610957,0.29924379112950256,1.5593832552680162,1.3259645809647764,1.0152495765141136,1.4862320002748157,1.563558346993569,1.6601492227256918,1.4240605292100839,1.4292828039138261,0.8589661385272906,1.7604137059649412,0.36653667298545234,1.7096253035022542,1.306091358355895
1.0878732306628327,-0.233440960821843,-0.6131009530414514,-0.5603039038547012,-0.11379480667268004,-0.25102335973861706,-0.42838866076441523,1.62678549386942,0.789263637847311,2.0036089584189227,1.1653014995534843,0.9912598269120996,0.6733828478689957,2.0833761983389487,0.7321044951222926,-0.08931517637973642,-0.2924850386852663,1.2837765036370157,1.6232345870957439,0.5738789928454202,0.978813919169808,-0.6665039389079832,1.7574155017809254,1.3751107313118898,0.06577509049751709,-0.5275039803325388,-0.6017487939224543,0.9483314213100698,1.0602922220871112,0.6421415628955274,0.5577657603527089,0.7841476158131769,1.755028221283816,1.3318073374206114,1.8091897039252642,1.3020017346606347,0.9556235126797243,1.0082039952923325,1.133665152463289,0.6951092870874013,1.1029315742424164,0.7336339032844799,-0.11741459506121578,1.2766879199583439,1.2728018762893725,0.6764658984095314,-0.7072891049418201,-0.05187364562887601,1.0918666735948248,1.5307438589035003,-0.7307100434107917,1.0524247931641408,0.4043946378314183,-0.16564308777434408,1.3950843325970308,0.4308791423706655,1.1929391124317137,1.082510218743439,1.0099031302543635,0.4689276072490683,1.348604277233203,1.7250159264249294,0.9372402621178165,0.20267578807563558,-0.24564284988267837,1.163460925363523,1.120719763014275,1.215157887831964,0.714684412577433,2.107803377621083,1.8909504381532838,-0.7352723276356041,0.8093157340120155,1.5946762442368076,1.760467478972058,1.1719279207883437,1.9914752446724437,2.0234896948456065,1.3020942077986961,1.4048131760886848,1.1842855277133433,1.104995028578207,1.3540176680099125,1.528720790763454,1.3805494462805152,0.7822282721559589,1.686872728425249,1.4561880804909768,1.406093500117162,1.0810545452067695,1.7250476568879185,1.2957136439705312,-0.09021927849773176,0.49998681124017624,0.5535717347144887,0.9738692870434732,1.5612972141403734,1.6368030737336943,1.4852856429507744,0.23806421878229952,1.553910192509474,1.1281999567694838,1.4175263333675556,1.5292284316274471,1.7144054997283755,0.4521521411993726,1.3562851391908148,1.2510787554212865,1.4450224689013236,1.0601839439793304,1.690037849704082,1.0832367437807604,1.2802091959318025,1.4942796987096851,-0.2702871958416848,0.6491664793664097,1.2294921020955436,1.1769485406759987,1.6469722961983173,1.9785529573988097,1.2222086391573308,1.1008298979638003,0.48313275883182677,1.6178335512763058,1.3923141296585722,1.016543620467183,1.3150559811297706,1.6282121529877864,1.8094342846331308,1.475940722309733,1.516173808215109,0.981372600599083,1.5943925367040421,0.5295139078029293,1.552197199040028,1.306056934378821
1.105164289286828,-0.07800728934006242,-0.4621441153968404,-0.5597283299679998,0.05670257958904139,-0.1712673095459407,-0.35262669472572156,1.7073465987884846,0.9708037116568298,2.05338214409944,1.1758246156660908,0.9936277641541496,0.6783928477243997,2.075709232949492,0.8094559324911188,0.5973338565577379,-0.07819737581204955,1.4855139739669416,1.7558507194947892,0.6970467081782684,1.0854627756506567,-0.674226995477225,1.8410929571636359,1.3943056943736913,0.06577509049751709,-0.5281987610838845,-0.6058811473041534,0.9545781706758287,1.1342217120915732,0.74765180437695,0.6554380641201425,0.7843247913489502,1.831477386351937,1.3341198997045305,1.9487490792518192,1.313834317154409,0.9582362483863421,1.0134656004197047,1.330676221020466,0.6908008349101308,1.1015356861658125,0.7382904911376291,-0.11741459506121578,1.2873693844587697,1.3037569055148783,0.9153142922134698,-0.6742395268155253,0.22706918207914234,1.1043507208987946,1.713313599948614,-0.7334744748016732,1.057269338295619,0.5732856920338432,-0.16564308777434408,1.3963683724346077,0.6862162407302389,1.4083786014910749,1.0810018088055278,1.0887891868259159,0.5761696388659344,1.349485072953599,1.8657059958966218,0.9429532548644546,0.6248112526868728,-0.1412115165519229,1.1653451472909546,1.204322326907004,1.2936542858396838,0.879535725496519,2.0846313198936284,1.8910591240627292,-0.7423138466212414,0.9634258325250173,1.675139798137803,1.6102743196439386,1.1717773116189247,1.980169175646402,1.9723208320696533,1.3399432771077349,1.4019273810880153,1.1845721646323524,1.263066779772968,1.4146638305811865,1.6481917163747402,1.3811012244593213,0.9300969245636065,1.7794448362804816,1.3029940581018957,1.2275415804294927,0.9773568514954082,1.8044942521473115,1.1343721831274165,0.07438558865185393,0.6673814607714436,0.3995192626254267,0.976214230732173,1.6503081411158744,1.482692849390292,1.5469430329770906,0.4195302011418995,1.6766407014286784,1.1271434151386288,1.5799174338035578,1.6090941301565127,1.8443665057681238,0.6234197329649419,1.404110945578777,1.2514541455624337,1.3039398979649124,1.062023656803231,1.771992121094137,1.166194309842684,1.281046465216254,1.6198200502387325,-0.1236086740345594,0.825472637636572,1.228694969951007,1.1772487526331141,1.6469425967678284,1.952203547861519,1.2221113299045763,1.1030885839037938,0.6593184060829709,1.6670970175019384,1.4444979675635528,1.0173324115971167,1.1686047020764938,1.6828304776778285,1.809468989637095,1.520562665650018,1.590408257681997,1.0932330240630503,1.4077925548531331,0.6793328991863853,1.3815436955619107,1.3061195368399863
1.1080813423850733,0.10217767107565272,-0.3127884053079731,-0.5588885957694633,0.2673921309108496,0.12466069190165334,-0.23040233889346182,1.7397412488297632,1.1635607031049615,2.0818321184401665,1.1864156267730674,0.9954145275277275,0.7439460347536749,2.0751224922061122,0.8843809690229626,0.7269502866805955,0.10595995357879005,1.6417677490252984,1.8366499077908551,0.8035813841294702,1.1717554515918849,-0.6577943642847268,1.8660640816601546,1.40419523665892,0.06577509049751709,-0.5292736069593111,-0.6068130375981412,0.9907491373803836,1.1993394059895501,0.8388493951449878,0.716386232625775,0.7814674413598119,1.8679491221301803,1.3367112418269058,2.031791528706623,1.3153382537979394,0.9578355353507667,1.017023436093232,1.5407657147826272,0.6918680736001579,1.1019325342430482,0.7393100938589696,-0.11741459506121578,1.3002128949237306,1.3178116105358264,1.1358275635212658,-0.6031789670894236,0.4683882779653181,1.1002385885392982,1.8550326146307379,-0.7325939833847538,1.056706771047897,0.7479927376145674,0.30171740520520823,1.3913665611353274,0.926953318592097,1.648809799969951,1.0765009774152314,1.1540612545168696,0.6869684588106263,1.3498297919118318,1.9468524358347497,0.9382091496872743,0.8156369243062446,-0.01872062417127701,1.1656406741782364,1.272353157786795,1.356855278279442,1.0310156120061962,2.0277791505910643,1.8915064928314054,-0.7408715715236268,1.1042302028024351,1.7434967362479563,1.4478894144561474,1.1718323820077425,1.9564169530810294,1.8900805744991482,1.370623452829767,1.3980909875660918,1.1842514843971157,1.3869634562259576,1.4633934068323442,1.753189326070359,1.3790849698174985,1.0649110382739932,1.857352674955661,1.1555751691163083,1.0744147789154874,0.8876432565495016,1.8654884651848749,0.9896088654248172,0.25484028149770493,0.8166295690142631,0.23934115029683134,0.9783168539789048,1.7283218253841108,1.3381301458906043,1.5996181789540176,0.586684646965116,1.7182661682872151,1.1271205996298215,1.7180617525367756,1.7427768899797675,1.9470125283895174,0.7766847415344612,1.4419558209894572,1.2524323142351181,1.1668604180461548,1.0637034824770035,1.833981688112967,1.2277825768232868,1.2807750224342664,1.735648884896754,0.045275436276116084,0.9996867463333514,1.2272080055039039,1.178992861854436,1.840837889013607,1.8949166052659605,1.2221381336508437,1.1061391308347504,0.8232095158973303,1.711711254799799,1.4849363206551085,1.0178328008240276,1.044793226006143,1.7299577354617133,1.9012116676153026,1.5621515791561869,1.6589746995444836,1.1902850309537614,1.2232997632842781,0.8181191463040791,1.2148284921238974,1.3075193141020447
1.108195635270789,0.29329239257353273,-0.13818553312453025,-0.5603441836185626,0.4876979887511206,0.35108892188804425,-0.10278853408675334,1.7483394626477498,1.333085148648852,2.0944795250013954,1.189843918645545,0.9989407585909554,0.7424843625349855,2.0883211727121695,0.9109911030151255,0.836683510954937,0.2513796906530236,1.7249648185497881,1.8632598406193501,0.9108708206229312,1.2491861055109192,-0.6040355586642893,1.8725645260043897,1.4065303141274927,0.06577509049751709,-0.5300331474105702,-0.6133249450373087,0.9947809202939977,1.2190911170549965,0.9431896048097342,0.7146343675068788,0.7777982622458799,1.8817019913353812,1.3337895050843573,2.051166721072076,1.3202702975055804,0.9563674332355193,1.0180334259293895,1.7618686643706651,0.6905042578128477,1.101553913948209,0.7416339090339864,0.6899457171269454,1.2953875170550317,1.3260772176321098,1.333515533621597,-0.46478659693032087,0.6421603063532458,1.1017705209452042,1.9295757140991985,-0.7284662177834087,1.055122404785747,0.9378115045972317,0.5605769005291139,1.393041211107717,1.1697609034007506,1.8571819078799365,1.078233943213302,1.2134139709433738,0.8047300481891,1.3508699379225193,1.964984809415443,0.9520517290460305,0.9611687373959884,0.12749368531595215,1.1652396087746688,1.324196520029952,1.4064216160584906,1.161837134667222,1.9288038215253045,1.8911260921483464,-0.7337035723872767,1.2227434482456463,1.7998244785778232,1.2835436956583859,1.1713534828605368,1.9168127338386736,1.7756474065036394,1.400866400962846,1.3955523134540144,1.1842355357375076,1.5031464037237507,1.5059946273118963,1.8442918263919292,1.3753134989221574,1.1813886979043362,1.9144563760714381,1.0214528398147495,0.9455881742666087,0.8090919517654332,1.905020608320852,0.8671811370919307,0.43053170957641795,0.9587796338920423,0.08119707747947083,0.9793543454790256,1.7942429986894504,1.2083124039172644,1.6416874073915309,0.7376766238587514,1.7383320670030435,1.1272648356050419,1.8402476967139834,1.742653225541446,2.023141798236767,0.9195132103800614,1.4694309422880143,1.2524879750410294,1.0286542076123621,1.0638988469156005,1.8743515708246639,1.2703850743300582,1.2798171008066521,1.8368960239490555,0.23245337776230152,1.1810406939411255,1.2260144732776979,1.1798362868844448,1.9122081807753677,1.8061434444522033,1.2215627271412925,1.1090415591772762,0.9710938514285605,1.747849237237601,1.5186341621017327,1.0182908674107178,0.9277964636175944,1.7613142483969326,1.9266023443009628,1.5996443911594223,1.7154112932346692,1.2793153356513802,1.0534923654674808,0.9446106532172295,1.060319298989738,1.3076368473951983
1.1150252573897617,0.4786021584819113,0.049035117506032046,-0.5597226054537562,0.6793803008634423,0.5783295689179583,0.09588222966848303,1.7494163794018815,1.515668387275102,2.103800850968838,1.1976125247029445,1.000758827202944,0.7432863055175978,2.0976551696731582,0.9338817454183433,0.964593529607216,0.39161459451402864,1.765203976901866,1.872484918227932,0.9899830194699514,1.3157616473233706,-0.499012251681696,1.8742006686318415,1.410344060902064,0.7410054105811784,-0.5298589214055214,-0.6004699928074394,0.9835692953987051,1.246263029019216,1.0728921940038092,0.7568349126024809,0.7806112056439916,1.9017162845285907,1.340852027687242,2.0710897560105215,1.321719103479789,0.9581195258819593,1.0178748224152567,1.945391786365221,0.6907666500110667,1.0998749326585842,0.7455323338234054,0.9022485338282277,1.3075729370718627,1.3328513211459354,1.520064354359246,-0.32043945717265016,0.9528328058187268,1.104146365138212,1.974943139936827,-0.7019889161388497,1.0546746177013464,1.1584877180162638,0.6753227025573754,1.3937857358600199,1.407667543097402,1.997430079643654,1.078219033065646,1.2213511745347867,0.9213246051091802,1.347618818906861,1.9688393140595735,0.9491799646576952,1.1323676120608381,0.29697075969882153,1.1640982980268306,1.3653929735112613,1.4507446865847038,1.2709748420501443,1.7912714889055892,1.8888173399507369,-0.7243088293065373,1.3249245833377896,1.8320632558397634,1.134359760971529,1.1714658023488418,1.8513435053684972,1.6390176709432496,1.4284855783466481,1.3920921407754152,1.1835597905421913,1.6205437099968603,1.5412968606108037,1.9132841997440238,1.368212738654133,1.282295610235381,1.9489493839735628,0.9004746160571575,0.8302303982460244,0.7289459478731853,1.9284335492143279,0.764399752170662,0.5927478291020837,1.0798670440173717,-0.07615784210745168,0.9800310974976647,1.8491446492120498,1.0928931274247626,1.673836823342533,0.8866821673807875,1.751567749592988,1.1267629468607188,1.940746619058664,1.8371984436316435,2.073059312527996,1.037200110130557,1.4899094436362885,1.2523975321628817,0.9076822425183776,1.0636227410618688,1.9076763335293483,1.3024006454686305,1.2765612868305443,1.9218803932873534,0.42042151085126417,1.3666171269263707,1.224111971864954,1.1811766344586312,1.9672867987362526,1.6921950831104304,1.222337268004909,1.1126657102910278,1.104513241181932,1.777231111256849,1.550492648787462,1.019165519720148,0.8011626459093428,1.7736033960501658,1.9405716041821475,1.6291806813764054,1.7611110194090365,1.3582664757083085,0.9067622508284531,1.0566353393928636,0.9422382932983546,1.3078970434847694
1.1170024094454236,0.6665517720488371,0.20355484917680622,-0.5610321661485984,0.8820430354986529,0.6786653629365776,0.3016010345879882,1.7547201115762283,1.6639659696139208,2.107030129518754,1.1912926154209564,0.9979223248636823,0.7357958618277666,2.1159735699089683,0.9302621030004825,1.1243593498502007,0.5202737721059013,1.7868135136816952,1.8792438761232537,1.0561126869671273,1.3677350180884298,-0.3439772776447818,1.8779671437778298,1.4080173264785982,0.8771900376129123,-0.5311781791174144,-0.5615241256114608,0.9835247263698982,1.2663798087341727,1.2150116316632134,0.7887215771045875,0.7764041883260455,1.9146359069453627,1.3351084828202344,2.085280048421623,1.318752253013821,0.9547306939145261,1.0145255415022825,2.0673225103359703,0.6888713514349344,1.0918489700282252,0.7390443545998638,1.0736738428274142,1.311375031188527,1.3372267971665042,1.6861940795809105,-0.12689785084950325,1.236381675522047,1.104946129017363,1.990440266580613,-0.6233214838589803,1.0552994084645189,1.3606567871174324,0.8063840123172801,1.3873686704490986,1.6086151740526007,2.051267140274569,1.0802901881219245,1.236849551493953,1.0489895970284748,1.348074484154699,1.9669537183241672,0.940411532154104,1.307413626361416,0.4497870638483265,1.1640738770710999,1.4005946404562786,1.4896103017015043,1.3592014422493957,1.6323592711002968,1.8876624149331975,-0.7037548241726561,1.4087000869584267,1.8451886597949938,1.0051964176660864,1.170909489439577,1.762563788585303,1.4898359416584828,1.4548059948375522,1.3904512101647721,1.1841556948941487,1.7114339150856226,1.5736994250841605,1.9603565121735658,1.355976368132618,1.362675812586788,1.949004861673721,0.7940514982237309,0.7010434394582677,0.624378473156946,1.9366810691412535,0.666751979331739,0.7353001747277625,1.1858940524841695,-0.2265653318575732,0.9809297938426765,1.8854682613477434,0.988930987001143,1.6980338286657635,1.0383066650359394,1.7563970123356925,1.1261177662311939,2.013787693499091,1.8647285507976714,2.0968872883953296,1.1436489605950053,1.5066894051150432,1.2524545216154812,0.7990065625882482,1.0632338738115061,1.9075674467875092,1.325158425125121,1.271963153061426,1.9902309475211988,0.58868103245651,1.557145983457321,1.222177099603701,1.1815620345181757,1.9672130622191755,1.5591497461606918,1.221294252661013,1.1145924282629731,1.2211506013785727,1.797878640689966,1.5765678939296135,1.0201276699962656,0.6685006032507385,1.7762289837613467,1.949748103015938,1.650750374961295,1.7888951731315068,1.423721057625891,0.7899037184589295,1.1475523840649662,0.8330505565787478,1.3074703337003792
1.1173359072794558,0.8565781693837362,0.3343870016419954,-0.5631178668928325,1.0972973962460792,0.850168569487705,0.4616772189471231,1.7594797522704884,1.743557390709971,2.1110260886191554,1.1891239276977765,1.00609062730455,0.7478036243904881,2.113616618544413,0.9592974282031052,1.3046160849273392,0.6515468401034102,1.7961103937459395,1.8784051321378807,1.1101238294526685,1.4216318385425506,-0.14366899962471447,1.8788542997576048,1.4047282163845898,1.0206689337864736,-0.5329804804925953,-0.44782658914456974,0.924406995205617,1.2678604986997652,1.3659349208589342,0.8322852695188042,0.777354421749776,1.9177133132447715,1.3391563420677515,2.1101887973729934,1.3173154537189564,0.9654882187246496,1.014829568489919,2.085090335562417,0.6944310171137483,1.0913936130198412,0.7456761316067589,1.2413835429607796,1.3188398050706849,1.3402053173211446,1.8019942546015206,0.07213425690707886,1.5142197366474714,1.1075644923847159,1.9924740938295182,-0.48942218196030124,1.0560176456142867,1.560040165824067,0.9575803408019288,1.3833850333935656,1.802900319897006,2.0773365857399764,1.0791309241416347,1.2309606004194174,1.200117391965339,1.3407804037997857,1.9690317024938453,0.9464983042758787,1.4777648301264452,0.5890461318249673,1.1646484597917008,1.4302995145182626,1.5265650882564523,1.424292007689431,1.463410773380032,1.888150403688232,-0.6701002485923296,1.470704380069807,1.837814527069799,0.9056055777244991,1.1708565050503352,1.648387954892345,1.338416362653202,1.4776488063708693,1.3877072526985632,1.1833229992810395,1.779466932329444,1.6020553336271528,1.9974519588199344,1.3432438273386245,1.4283497261172304,1.974785853280062,0.6950629184721331,0.5616338027307624,0.5143882971583862,1.9367945671218991,0.5591278463841611,0.8742285311294982,1.2733384730098918,-0.3764088887105342,0.9813030970725624,1.906692565062405,0.8899702726703088,1.7169184634899954,1.1996214027010055,1.75823491016149,1.1247404437914483,2.058159238282001,1.864797142004353,2.108502826457238,1.2292619183175661,1.5222937374135044,1.2515194390568358,0.6920097995169319,1.0645272257551273,1.9129703970635357,1.3458279075095718,1.2646002613524785,2.0287015325997246,0.7382201376450367,1.7542124949050923,1.220058998819048,1.1823636144564635,2.0029614474046316,1.4091850989784067,1.220900208456371,1.1157443419179376,1.3169267001526312,1.8173613532672,1.5989644767177549,1.019915074722851,0.5225481566729981,1.7750610719707633,1.949748103015938,1.6673102136120417,1.8032364849968001,1.4815529172895021,0.68793089774762,1.2204302047165538,0.7411510866926473,1.3075967680504619
1.1167320885833958,1.0593660181109967,0.4998876908989068,-0.5634848602969029,1.307889182177152,1.0382464343213902,0.6123358135491427,1.763522773897999,1.7477987856431156,2.1159388446145337,1.1989310049593014,1.0100115521110429,0.7605110964046409,2.1078156287623258,0.9508661114130271,1.474423857130937,0.769973700592042,1.799063441332166,1.880643921477895,1.1594276523678624,1.418653753805161,0.09847388854256625,1.8809432857115482,1.4015963239327747,1.181813876862082,-0.5368535587930515,-0.27747915733238576,0.9817880198807204,1.2736380477170324,1.47505311919693,0.8488909398004904,0.7750382911771668,1.9251499180544767,1.3390459104417538,2.111566743836735,1.3196730652638646,0.9643071877932032,1.0143764630595296,2.0848876648250996,0.6876002737352873,1.089653534904036,0.7346978157878998,1.4171560755984578,1.3161325092856329,1.3405912002048803,1.8582380473966165,0.21389146116416827,1.74892819672236,1.097965952344434,1.9938152788265593,-0.28157035931955693,1.0575465662796335,1.7198262820413883,1.140113941055341,1.3846714993810476,1.911028512009719,2.087519292632726,1.077995493806463,1.242372005505429,1.3600738725483048,1.341958790850972,1.9694201427785207,0.9493087670099379,1.6162488552130296,0.719970635265165,1.1651307855684305,1.4561258214154535,1.5615916759163173,1.4728013734822758,1.296846155025651,1.883333641792362,-0.6031823512119914,1.5114133625975543,1.8320514209336918,0.8300296013465491,1.1705423998696687,1.5134450688763939,1.186699708665728,1.4946243217189952,1.3854054363812967,1.1826443764988217,1.838748572344491,1.6243348943338438,2.011228009967963,1.324491920429514,1.480894830841638,1.973653099511373,0.6113117568799281,0.415538055738977,0.38709666194828635,1.9423923074392753,0.43238646559356403,1.0268438595367257,1.3425802106687,-0.5218411848530341,0.9811970133496652,1.9132484772702962,0.7702503361257779,1.7275633796311027,1.3523353940529241,1.7598206757828176,1.1237847624443569,2.080992208680456,1.8902735182959005,2.107744971115607,1.295521009579238,1.5406165603073578,1.250821282673737,0.5769517397658243,1.064700942133145,1.914511563255712,1.3636745933795653,1.255627205647119,2.046623191346353,0.8744401209165725,1.919621162149224,1.2177875649416785,1.1826323701148371,2.0175423315974883,1.261251839073924,1.2196901067159038,1.116351471287525,1.3954246672798558,1.8307240969023937,1.614444800711537,1.0209075289446725,0.37106403463428395,1.772056675464827,1.9569345177652913,1.677174389914938,1.8079572255097758,1.5304695164450168,0.5872678479611697,1.2802402045832735,0.6229128753781169,1.3077112523627887
1.114078847204609,1.2754827925433123,0.5950683753606345,-0.5665533040136929,1.5130776653587852,1.2279804945086648,0.7594702727875625,1.7727332286973343,1.768215354786164,2.1207240644398024,1.2047214346210096,1.0183661094595744,0.7535589935532961,2.108960277780125,0.9540314840888723,1.603239406373176,0.8751193794688944,1.8063082498924306,1.8890530434499537,1.1962085730785472,1.425924751973594,0.3043868609991324,1.8792669546865788,1.404941559966587,1.35349614658585,-0.5422207106073528,-0.05494561739867519,0.9578687363565146,1.2685649859216037,1.5419131451651342,0.8553475761914029,0.7719379447153011,1.9324896313233357,1.3374293474818328,2.1283095190622143,1.325456782759659,0.9662745838274935,1.0192618278674117,2.096274737885396,0.6881985094689024,1.0913856243003957,0.7358711292627096,1.5611663015384667,1.3239260352993159,1.3407010251230647,1.8869723737002009,0.3249511161970033,1.9263989915153044,1.10393229683788,1.9967380961309151,-0.0026090443524449773,1.053631040456511,1.8071638703196824,1.3229477614185374,1.3801531995400522,2.020192166569079,2.1051496637163543,1.0809177697914645,1.2467241051672653,1.4991059588161217,1.3397614652214482,1.9660839524296705,0.9509936441256879,1.6963037215351457,0.8335069204242426,1.1665767156061706,1.4797073751097287,1.5933609125161472,1.5071369774228265,1.1483811720188608,1.8688301109874996,-0.4786837836755638,1.5417464810561556,1.8289245401251817,0.7568280946034557,1.1696062032597598,1.375942119483253,1.0511644295804328,1.5066356312927243,1.3808946959491992,1.1812899109759685,1.8891831169423217,1.642488380943153,2.010791285174758,1.303051404138555,1.5241793457628752,1.9736324214594954,0.4924961430741535,0.2693362176438046,0.24466926790520502,1.9414126406589636,0.28767910459507945,1.1877523294282122,1.3971520211845625,-0.6435004457435686,0.9810209838129191,1.9111820002701874,0.6328463297714427,1.73074804849906,1.5072733569288568,1.7613148484675916,1.1220761168571667,2.0881724638440224,1.8902314623735565,2.1052258796020626,1.3475518775994177,1.557626310650777,1.2502212563389117,0.45213630814339517,1.066122693138779,1.9126821674527859,1.381619795813584,1.2432098104319274,2.0503153425633958,0.9898474733887401,2.0632996241056087,1.2162165791010184,1.181125415293245,2.02331272611792,1.1261403951422788,1.2195800753951744,1.116592225260514,1.4554660432452036,1.8415801779530354,1.6247369990458889,1.0215573334594314,0.21858852585643143,1.7716557284937549,1.960086227910972,1.6857318937988433,1.8080482798611024,1.567179726259299,0.4735989930204238,1.3298285711890956,0.48929190345113976,1.3083137703158083
1.1124174842862806,1.4789245388547962,0.6752972707898116,-0.568175527268328,1.6697396443666412,1.40369709866562,0.8544012028448451,1.7657191318114251,1.7714087766842717,2.124243226432109,1.2074992519130894,1.015204167771372,0.7661651229602866,2.1137874509230143,0.9544916919974502,1.6745747886653355,0.9547494131518298,1.8022290391263227,1.8819598933125032,1.2238728167906543,1.4407376471945479,0.4828676522315734,1.8812429035339604,1.4045927773406608,1.526307442503116,-0.5476668952066122,-0.05494561739867519,0.9862430942884394,1.2669207636272093,1.57011287547524,0.8688005005831647,0.775492275310815,1.941424013605514,1.3386142868310822,2.125228798163914,1.3229312778152538,0.9670483981234137,1.022783556875012,2.0975387773755707,0.6903838022394577,1.0850674473565343,0.7355247724755605,1.6864175203120442,1.3255644225937235,1.344842856108547,1.889764778587837,0.4862217926597555,1.9954183143810549,1.1071683384907005,2.000555970089524,0.35032833634101107,1.0545815046550122,1.8251389496716672,1.4938335914978316,1.3812450680871835,2.0353795063818905,2.1052456169901173,1.0826087160825033,1.2553666567190593,1.5829583289180245,1.342418677948769,1.9672112210258124,0.953615495215598,1.7418513473322375,0.9559619728491271,1.1675715958280297,1.4985625087663168,1.6223915184831992,1.5372091196277955,1.0277014000379299,1.8258602035264664,-0.3084835544401716,1.567716453032329,1.8295537626313574,0.6670497279139707,1.1695518745596802,1.2399345264424957,0.9332199043826064,1.5117787622487195,1.3771240742637367,1.1796606115176698,1.915755432716594,1.6528190827612574,2.0101137744625595,1.277735487343885,1.560123941481618,1.9728360642908582,0.3724022599401903,0.12395347398930477,0.0955317035420473,1.9414126406589636,0.13825919186203395,1.3450792623701164,1.44112780653125,-0.7200233172834405,0.9807445356616473,1.9073295726747883,0.49471879080925807,1.7330531211773423,1.6546452084927004,1.7617884141450484,1.121166538572701,2.0931703771879633,1.8951414913072548,2.1044685698726284,1.3885512186004927,1.5696715092589528,1.2483899541372567,0.3073386981991707,1.066681234377468,1.9115824606302358,1.39202555688503,1.230537515900194,2.052466740275715,1.0889701853932616,2.155932796213277,1.2155419325347379,1.18167679444062,2.023595894825862,1.0084263688439525,1.2165477073685937,1.1163595585036374,1.5014999659716206,1.8460112201753944,1.6314228904012231,1.0219798116160583,0.0652620339881635,1.7739477676817614,1.962385186530686,1.6922184905645992,1.8079733235166406,1.5924230904066228,0.35586049270600395,1.3703308788379334,0.35876282343410015,1.3076725008000252
1.1151630980559517,1.634346134180774,0.7512009373101817,-0.5696696254859774,1.7511752198480237,1.5862553805876616,0.9337440062915523,1.7633816149634578,1.7750532968815074,2.130353881585932,1.2070176027963064,1.0172307878277338,0.7639642065368234,2.1178395455163384,0.9581193619367746,1.7076948686509683,1.0301927821925194,1.8106272200253846,1.8885266989653315,1.229592914085441,1.4498421710464255,0.6223331122796368,1.8810774014588822,1.3931940107011218,1.6203229573535374,-0.5525400331352367,-0.05494561739867519,1.0123894578982606,1.2657409647710784,1.5728129892835339,0.9013953524226073,0.780398752790981,1.9419979962286837,1.3378378644751079,2.1221039942432323,1.3233461085865978,0.9660316686644124,1.0209789988751745,2.080287864346947,0.6836416393258,1.0811926933911946,0.7374112226317714,1.7420074882563967,1.3327711773438284,1.3407769837970223,1.9010638964367954,0.587435114247795,2.0282387322846076,1.1113369801723743,1.9995422647625152,0.6562245446036662,1.0564685438744594,1.8602976591007307,1.597601824260955,1.381600195779626,2.057945587114957,2.1132006461502932,1.0827028081506687,1.2541348664455545,1.625560291902125,1.337979844538993,1.9682162969677544,0.9535274458357667,1.7672705621022062,1.0276264262425618,1.169174381712032,1.5108858916242582,1.6459433467270324,1.5611537221200245,0.9223832693880297,1.7400784771999558,-0.11354589672318277,1.5868090597721374,1.8292776148230043,0.5717935708456187,1.169724641680156,1.111615991473127,0.8296409120446355,1.5139633693791472,1.3709463221391194,1.178335312045109,1.9234223544257936,1.656900490098438,2.0066957889783255,1.2482987666372323,1.5900683766799828,1.973695968643313,0.22396736539183257,-0.024383225303627406,-0.05883299718630466,1.939257672421176,-0.005643168234697671,1.5084822518198102,1.4749335929818597,-0.7366904452056052,0.9792617849180478,1.9045749451617802,0.3375745049391572,1.7354663286177017,1.784900598408594,1.7632060916300627,1.1191651726299807,2.094058322993589,1.8993490862046534,2.10365015157713,1.4219739496629888,1.5793788153018016,1.2463331141602418,0.1385261817953512,1.0677516166160532,1.9081108950963237,1.403493147890227,1.2148898466208071,2.0520169378666693,1.1710867331954244,2.222086666553253,1.214262093913904,1.180859945392651,2.0235672195136654,0.9079697430115748,1.2109992833336654,1.116235848603836,1.5383589110687226,1.8503538232500794,1.6366267700992767,1.023368274807364,-0.07606559630523613,1.774589282835477,1.9632860292764305,1.6981966835424915,1.810662696788419,1.606008001915311,0.23335398596595874,1.4063178176462519,0.21040695213055696,1.3088301791490318
1.1156206524895544,1.7452280316337356,0.8414714517570387,-0.5726507443400288,1.7706604826146164,1.7386346241492177,1.018154526262323,1.7639000813474464,1.7725575037483283,2.128595032354689,1.2062973078411006,1.016301990682383,0.7661751458555005,2.1116495233494685,0.9606141616552706,1.7258998563295953,1.086271867684845,1.8061822225329356,1.8889181939487438,1.2323907387598056,1.4503305553075065,0.7556856959706606,1.8844144282533022,1.3985748413895702,1.6716015639342963,-0.5555722969712464,-0.05494561739867519,1.0093882480661365,1.2715372540488163,1.5836656302667649,0.8799673890827567,0.7820561104586314,1.944880903247052,1.3339637549869738,2.1218782718387015,1.3233393048016364,0.9675784985685395,1.0234556281904856,2.079738048967551,0.6891763592674592,1.0789045441145686,0.740164759089602,1.7823549382564,1.333172030240009,1.3457931407848573,1.8920481643782425,0.7036252038629346,2.0450170324619252,1.114348456133417,1.9985417426213685,0.7770580863858818,1.0562932068969944,1.8733910793250879,1.6336500942745078,1.382193591610722,2.0748406563150517,2.1181564134489586,1.0763336900767524,1.254091437602822,1.6465952063670162,1.3367667008625679,1.9681293203783046,0.9406527208725198,1.7668649523892541,1.0923780048462755,1.1717206828837148,1.52243092303878,1.6658508514872015,1.58142836865959,0.8188476484404215,1.6120903893722018,0.08885518455718994,1.6025407934162603,1.831487290410914,0.4664631785123222,1.169317408207288,1.000823276822032,0.7317886732878233,1.5165158672138617,1.3637685807537534,1.1766428032202902,1.9180221656406329,1.6585080167660127,2.0060823454729544,1.2165373419739458,1.617975180102538,1.974668845767,0.06861446444597308,-0.17864111207854497,-0.22806063161633552,1.938279996833508,-0.14078082477620543,1.6767857883210522,1.50625803147668,-0.7299125480635381,0.9794284944377948,1.9053704451292313,0.17595575571214897,1.7376778346893529,1.896935769718888,1.7634939551449476,1.1186956451935526,2.0953877767075024,1.9028051818230205,2.1052477040899436,1.4453734122836577,1.5839910895381955,1.2473339647299648,-0.04487195731625425,1.0684250468248948,1.9076408591157177,1.4140229954024175,1.1974725763215244,2.0528228107400897,1.237690298475125,2.272913034929985,1.213157438708531,1.1809987686588335,2.0237515608063585,0.807042409059627,1.203082660912464,1.1162642273803753,1.5695318336927244,1.8534839266140049,1.6387824791626981,1.0245259510047626,-0.223848997781739,1.7758231171955374,1.9633782454298203,1.7032445822974946,1.8155620245650461,1.6121826220147273,0.11755317616684859,1.438995778820307,0.05934975513652153,1.3096831069467108
1.1121329964668942,1.7774002758237206,0.8888429043059156,-0.5732203855483323,1.7775986164271407,1.8455102723567371,1.1185510054062935,1.76200857371519,1.7702732722205536,2.129218391520567,1.2045323419948961,1.0192491874437932,0.7625546533732461,2.1157101647103773,0.9695648480874546,1.7461887589965168,1.1293408393762392,1.8073383271722092,1.8867273043905377,1.246454929300439,1.4502780432942015,0.87892090222083,1.884682659747971,1.403537327959131,1.6747715345128578,-0.5591790229904573,0.6314521079192942,0.9791775318678041,1.2783594417196,1.5933671397049716,0.8804080694306363,0.7768199647582766,1.946857408828939,1.3348599116330928,2.1263835134012936,1.3233448078630021,0.9593491626656706,1.0143374767208595,2.08604195559237,0.689348207678969,1.08409957461472,0.7376896218286136,1.7748535142065978,1.3344165988591774,1.3487856561382157,1.8991564835466197,0.7986359817051903,2.0436203560099475,1.1148613567173473,2.0000721588349375,0.9295752149354101,1.0534373697646717,1.8734763447936378,1.645036488359081,1.3810320723433813,2.0795157013453553,2.1188446669198533,1.0734887887216356,1.248970329652599,1.6605595242344893,1.3306588621634141,1.9666095935572143,0.9418472995511662,1.7745307902240544,1.1432472685729578,1.1730789735851976,1.5275619917441559,1.6793415345764553,1.6013938456681345,0.7059828400745397,1.4491828362446482,0.28579344536489587,1.6125410125804684,1.832018381820906,0.34762022282335375,1.1689211609988552,0.8997769822808914,0.6229792037924379,1.5164907438491582,1.3509470318213315,1.1738718333518894,1.9150396499997442,1.6596705919504269,2.0058666525433035,1.177694637519375,1.636807543866675,1.9756225578669964,-0.09334193960146478,-0.33148413470818405,-0.4104651766523313,1.9363525223551734,-0.277088419655107,1.8200347099978609,1.5299649683013938,-0.7092412025502168,0.9788820399117066,1.9058195911961504,0.0066263589083222964,1.7373573352695295,1.9689608484882397,1.7629126922783545,1.1166819536311319,2.095364222315374,1.9028051818230205,2.1074170581852107,1.463708997896519,1.5870114321321376,1.2455919191147717,-0.2232863806979973,1.0695190451295669,1.900130630129992,1.4200902647138924,1.1779079542112822,2.054166671698314,1.2875047700169449,2.29007108026994,1.2117781073327207,1.181408232062116,2.023390047049022,0.7029311074887313,1.191397101574945,1.1173047335067152,1.6006788634034372,1.8542692381375607,1.641946918375789,1.0266415218315825,-0.37000931024917005,1.7758919915218563,1.9644263365495256,1.7080673257912258,1.816854895741341,1.6123882634566247,0.011216837109648473,1.468813237913081,-0.0925791987144574,1.3091398474113694
1.1080785664272126,1.8117927475106088,0.9547322581623392,-0.5744188906668442,1.7757067384556606,1.8817127341227495,1.173025485900619,1.7652300459255492,1.7710361397656618,2.129073606606138,1.1997045012160663,1.0147551966003592,0.7709145275401295,2.090160169366439,0.9518386511366739,1.7609852244069746,1.1644844231559848,1.8155183794165346,1.8880291164744043,1.2465305206813209,1.4671528801878049,1.02921980901635,1.8809707342712356,1.3969348370944419,1.6979693684428647,-0.5597996072914466,0.9065131303152799,0.9743350497481476,1.2750432531697777,1.6079314790358359,0.8809724902062633,0.7816445041885016,1.9386857788561598,1.3387228179127921,2.125032861585317,1.3170553089998311,0.961798623784046,1.0192789951472236,2.076105194757022,0.6879648741621258,1.08165851449688,0.7347052206571426,1.7890929291189217,1.3342842187289494,1.348799971837668,1.8988871563039074,0.863062489781975,2.044858097670001,1.110603143835764,2.000652802339658,1.0530732072332358,1.042439030068591,1.8753492303577786,1.6549718374543403,1.3803183799127967,2.0839765487958775,2.1175880748274376,1.0745375820624703,1.2532135394355843,1.6686121990046212,1.3264135465738258,1.9720938456811006,0.9476662500260755,1.778315590874133,1.1921816327071686,1.174222664543146,1.5309053932900916,1.6859594936773936,1.6196051727092324,0.5596107144414223,1.269254410995484,0.4606027882641242,1.6207061450222642,1.831805846632692,0.21924036444167622,1.1676390129480798,0.8139469639807883,0.5111212613693153,1.5197066245791087,1.3321847865179792,1.1697078187870888,1.9103105403818874,1.6593610708469169,2.00590455897401,1.1349293746277922,1.649568706136824,1.9765404616332538,-0.25907739393049045,-0.4880851531486285,-0.5851164177578193,1.9344917528303753,-0.41164168875603036,1.9346217693682914,1.5461427566654689,-0.6935646912688812,0.9776253909530419,1.9063300074706193,-0.15973844216254499,1.738835477392259,2.0198927587577478,1.7619031569446884,1.1146730874177002,2.0952218004094743,1.9005576933063106,2.107004029752082,1.4793236503749356,1.5895585975337405,1.244412365565456,-0.40075002446746755,1.0699778031701053,1.9001651191432445,1.4236313752828462,1.156522201434997,2.054588188135891,1.3243299031893636,2.298842933770722,1.2100531219406978,1.182977906201322,2.023530863314273,0.5869268843236413,1.177762200944097,1.1177900154868787,1.6276033564856038,1.8552242002395145,1.6444720926623648,1.0277845604749605,-0.501237123928628,1.7760302321339683,1.9648517207409675,1.71176188704526,1.8171562303073332,1.6114921989862243,-0.08681456370088544,1.4945642289031902,-0.236983334064777,1.3075934731840848
1.1083127041143654,1.8180443108447228,0.9884877875124197,-0.5756499734755068,1.7741555418512382,1.903901974773998,1.195702056751644,1.7680754256694653,1.7673060551381417,2.1255794291586323,1.2049165060600602,1.0154459388032668,0.7653956987043684,2.0482199451485377,0.9674009362057356,1.7630491890511342,1.1667206029227781,1.8133982280923393,1.8925310322260207,1.2503421715042697,1.4735406398148554,1.2116395553925499,1.8806730853328513,1.403561056879627,1.6991310092742349,-0.562395775297622,1.0934093533352316,0.9533135530533217,1.278553335364249,1.61803157420285,0.9151322263138156,0.7819085768859044,1.9433673693888436,1.3335910482492306,2.1281247386293307,1.3108826751489433,0.9694807445050752,1.0331136075427123,2.0806138952210445,0.6876203689124395,1.0847762529068934,0.7311733368952266,1.8049179174132304,1.3331138025222111,1.3477914628613477,1.9006621490968327,0.89305983775229,2.044824689598646,1.1144830581994367,1.998473843380913,1.1803945864950627,1.0450244171355463,1.8743797577593018,1.669671524542298,1.379812224388726,2.083144730779959,2.1114488838190257,1.0702884158917083,1.257783312931117,1.6700810613456438,1.3248915205725356,1.9712557506099362,0.94903876421807,1.8128389675611798,1.2260285205126518,1.175788890399855,1.5320012283702074,1.6884193718197624,1.6324353486914076,0.4192534222488807,1.090703222851361,0.6165895311939328,1.6274392408386176,1.8319809046183442,0.0798286781104516,1.1678020454038656,0.7141682305878692,0.39459590251084103,1.5214618382880711,1.3078113473923472,1.1641278363759926,1.9076519939941796,1.6593232685621357,2.004790323468605,1.0911561362112205,1.6584433193133243,1.977871926437055,-0.4258236831748792,-0.6353815076718698,-0.7173047811984357,1.9344180787025882,-0.5350353073656666,2.0117623352364737,1.5591219392220654,-0.6780381308621811,0.9774946822832704,1.9064884998256881,-0.330901935822647,1.7405122170155258,2.048458230200022,1.7630254220464212,1.1114394742015832,2.0925804218316038,1.897804031724243,2.1066237380507737,1.4910367371546625,1.5905840250847825,1.2424253744429188,-0.5720093711115751,1.0695379273445684,1.8975055235213232,1.425604018733059,1.1322269978715516,2.053724634065749,1.3545887881469754,2.2992124012412507,1.2073553925509761,1.1843456995169603,2.0210806602988978,0.4597884504753404,1.161668882070879,1.117716740407559,1.6495734168044414,1.8552772034971445,1.6463584265324467,1.0293927740379718,-0.5983793835217377,1.7759574221318597,1.9645403672768358,1.7161953705748234,1.8204417328958078,1.6102424476396862,-0.1841510154677572,1.5164726824891637,-0.38485475094626037,1.3066310771393095
1.1101305736224303,1.8230218922466392,0.999674810546558,-0.5756815103448869,1.7740958557593018,1.9075588815844458,1.201613302272454,1.7652451779866067,1.761730379625458,2.1236945072870985,1.1982367533079064,1.0106613047212116,0.7686947903467647,1.9723403009035305,0.9764272792785654,1.7677485105309831,1.1910460602124266,1.8158287232123655,1.8882046752589978,1.2507110071186145,1.4605977807758663,1.3852847551628817,1.878230395154074,1.4041258918684285,1.706351868571085,-0.5637641041118173,1.2536611391904153,0.9831778879021313,1.2737791754886234,1.631192253359136,0.8752736848847726,0.7770681457568599,1.9506955211538861,1.33650908393185,2.124826202109385,1.3130934049832066,0.9605127365656704,1.0315503882700365,2.0810969396489076,0.6890057812407121,1.0810898526929826,0.728892398301791,1.8356083673052295,1.3363102697552716,1.3449483008500334,1.8939856300564468,0.9480746779033883,2.0450466068201743,1.1143041120125414,1.9962537015495199,1.3265313655366868,1.0465720048555285,1.8728031908036868,1.6677117701100739,1.378045279630341,2.0904614066453897,2.109868061656625,1.0760807823449132,1.2541627244593074,1.6754903009552662,1.3191337026897028,1.9671737596414978,0.9471533365592107,1.805161985326711,1.2511894290077958,1.1767539703911347,1.5331332207965125,1.689045576928039,1.639010079191148,0.26028550101539155,0.9248057093765938,0.7685872461609295,1.6299684540158057,1.8318142296911601,-0.0719572670435263,1.1675797242045627,0.6050897995534974,0.269751292697536,1.5227805898152496,1.2763154963871162,1.156099759101403,1.905021321584423,1.6623769590549347,2.003462530607111,1.0453915376841396,1.6649874941342842,1.9783646692830075,-0.5835492183074619,-0.7549770602194145,-0.7443617307188877,1.9299921552555634,-0.630007629513153,2.059233544681412,1.565946412499376,-0.6618165040483464,0.9774664481141273,1.9092932575085102,-0.49056187182828154,1.7406199012160946,2.057128098469763,1.763394813339996,1.1077877340056623,2.0887257181707857,1.8958754672853104,2.105133671140771,1.4993827037596164,1.5915384176400365,1.2399846030246173,-0.6999829758527525,1.0700137591626158,1.8957662918530416,1.4262108046018653,1.105919839016463,2.0540818137839065,1.3830348858329484,2.3039674955697422,1.204674705460911,1.1841936848996923,2.0197293362116295,0.31803757460321697,1.14429898622415,1.117629594527271,1.6652409275314097,1.8548766173237135,1.6477049723246826,1.0296468969406851,-0.6396937279043078,1.7768847657397997,1.9645636692080684,1.7194788680938413,1.822195409518595,1.6083538544993512,-0.28868278736541564,1.5313302481227855,-0.5323064451328616,1.304199809992776
1.1049606871361437,1.8274165628584453,1.0254342593417263,-0.569859263030565,1.7723252753294987,1.9190073462732784,1.2206344277622896,1.7658367642568764,1.7591418097345366,2.115460688514462,1.202260291742973,1.0108422670166262,0.7635799955536247,1.8690393311058353,0.9850717102686014,1.7631372333842217,1.201017060891815,1.8155702931255955,1.8949152908803013,1.2592664626721706,1.4611094911887803,1.5395321447957242,1.8777133893716043,1.4027806029328904,1.7171577546961045,-0.5616002572353003,1.417981231416815,0.9633364419546401,1.2886539169813356,1.6481864326136917,0.8827868579432633,0.782501303439741,1.944552065430498,1.3332733572671929,2.1083767360352814,1.308517159206801,0.9539587051905213,1.02992514527675,2.0809462495078885,0.690175343648883,1.0816953076131992,0.7167060138960333,1.8486819942000028,1.3348175494528716,1.3471720417761037,1.895798084484449,0.9903626498006467,2.038238151412598,1.1200774810950094,2.0000209427411915,1.473568541175177,1.0320733701885343,1.870777291713064,1.6816256302113108,1.3781032039593393,2.0871527332008384,2.1124846871075973,1.073804273891366,1.254327118517651,1.6854306512654447,1.3187282087285794,1.9666488275622376,0.9479559979200697,1.8098425171001842,1.2361273727115882,1.178110356924529,1.5339664539261135,1.6881225137439224,1.6396503750907165,0.09727453401902023,0.7866450595597498,0.9079259993432911,1.6328372793454433,1.8333256458208054,-0.22535040694150205,1.1675997498004966,0.48550341407701086,0.14199120282642724,1.5232610854211917,1.2423625798163274,1.1450496790807303,1.9019415099827581,1.6641466112843508,2.0043482597414974,0.9958395802884804,1.6671004882263498,1.9783878690485281,-0.7104061483336294,-0.8012202755849788,-0.7260161117846982,1.928799430862462,-0.6807932693345543,2.090675731998733,1.5679168126094256,-0.6448601767530606,0.9777686176848608,1.9109409703627998,-0.6256322495274007,1.7404725175403744,2.0574051348830893,1.7653243041023474,1.1006335771852584,2.0845927440169016,1.8936675313622353,2.104508945175206,1.5043771504664387,1.5912489500321993,1.2360032183194212,-0.7493089188263405,1.0706866042887386,1.893036240104048,1.4281762848596637,1.0769665253741245,2.054109545128483,1.4118337452463101,2.308771172471469,1.1992046985215197,1.1836877748415893,2.0187175073384047,0.1741483064635955,1.123043858221409,1.1168765521736468,1.677894901504136,1.85382879913595,1.6490596781429119,1.0306901850961188,-0.649036563382891,1.7767101201266335,1.9645463167060864,1.720866740762891,1.8263104625232989,1.6077755249667645,-0.3979389800343937,1.5400188064684972,-0.6563003949217507,1.2994388264320789
1.1059820481835372,1.8303877172261984,1.0464922366827063,-0.5450420366343195,1.772277141384389,1.922235382040885,1.264150032968366,1.7650443744318367,1.7568646812565307,2.0921225102247636,1.1993650262442122,1.0124214924247728,0.7638417044842092,1.7420297309998525,0.9851568239893278,1.7723171393372945,1.2178563576372583,1.8159569136430718,1.8922992769306692,1.274498807395588,1.4578059671929682,1.6463618106447315,1.8749560251984334,1.3991978609916438,1.7275579491705084,-0.5492980375206377,1.560128097618951,0.9995627199667401,1.2788980933403997,1.6470936819077637,0.8751611169317621,0.7760715897216769,1.939940253177493,1.3333789875181474,2.08700589333227,1.3116365945561022,0.9480439662807287,1.026996739610777,2.075112526132467,0.6912939751770298,1.0816288099626046,0.7154025180426058,1.8513924422624048,1.3344568502345677,1.3425032007503466,1.8942167652143735,1.0171273888252137,2.0347925196072616,1.1160035121492753,1.9963233507704001,1.6033671485172376,1.03720336569714,1.8693005528926567,1.6963813749961165,1.3768433245312397,2.0882061673468617,2.1134757763845395,1.075896890523817,1.2534766546681395,1.6859206670170819,1.3133728411475976,1.9628563646429182,0.944793337666686,1.8200747012212553,1.261532061608695,1.1791972560692483,1.5333728554531467,1.6862002428197036,1.639139327300255,-0.06648388203937529,0.6736907580344554,1.0386285710700494,1.6325207355364562,1.8339982629825797,-0.38834450918074287,1.1674568820072828,0.3525940575113536,0.0020257067101690416,1.5235120939484712,1.1998478923805076,1.1308651265615093,1.8986676323836522,1.6662062399303157,2.003359489182796,0.9448774893701105,1.669892787884916,1.978995602036627,-0.7932681717943003,-0.7972784873095909,-0.6845914182477872,1.925220759884995,-0.6867267298696605,2.102948026805108,1.567681082037092,-0.6283234766896963,0.9777946132224703,1.9107131059545541,-0.7125501162047324,1.7403809534293377,2.054215101727651,1.7678058687734883,1.0907760710430956,2.0782697591715356,1.8924368949679213,2.102715517883671,1.5057162346777404,1.5904712570289687,1.2282526527658375,-0.7592323625603774,1.0706778280479636,1.8926563682580864,1.4286821059847592,1.0453023325102377,2.0536469863009317,1.4386523922365813,2.3139767052258806,1.1924381914951498,1.1803567895726867,2.019013477525006,0.032156669364655825,1.1027191406937327,1.1168814045033142,1.684099905801369,1.8526490751138582,1.6505759807764773,1.0311763576571433,-0.6337113909757324,1.7768975566861163,1.9587778492615375,1.72033137047223,1.8292020670063103,1.606716970493748,-0.5077953009359603,1.5462190884657803,-0.7364059617015641,1.29169520196634
1.106199530123526,1.8329596233820968,1.0702182398289024,-0.5096044832486963,1.770718029420104,1.918158760761771,1.265237816925661,1.7597912297316836,1.7545176150577293,2.043758285610439,1.1982765782822167,1.0169168345734612,0.7651834360568389,1.5886360534120965,0.9763857121126293,1.7730224497071008,1.2110650352855736,1.8135991660232422,1.891344821232199,1.2748369241824737,1.4327462428006674,1.6847133026498733,1.8719069187389636,1.4055805072002268,1.7273759315050303,-0.49590384188125936,1.6828289576499025,0.9670274432172221,1.2774808480555078,1.6549723651467882,0.8789134874328053,0.7753429384247462,1.922872199488167,1.332006194370325,2.034267651494516,1.3083572702601998,0.9490290905259327,1.038442441952961,2.0780293342319345,0.6884548962118805,1.0746610713658147,0.7107927480724089,1.8771024801533542,1.3371695193828397,1.339093179774164,1.8905319594822276,1.0244035218667762,2.03382708111242,1.116167742366854,1.9958433894727459,1.672970671800845,1.0384322801272816,1.8687929700910164,1.7115311091290708,1.3792928261297535,2.0935866015776994,2.1068871988621023,1.0718029254354795,1.2531347319746253,1.691614178239931,1.3043103947554473,1.9605122510174786,0.9369253736577431,1.8191599317484268,1.28248332111475,1.1793033658359606,1.5320610447962377,1.6860370627845171,1.636858644698415,-0.2181887014785906,0.5824697959670703,1.1523779221916,1.63308078877903,1.8334775271153996,-0.5441941294726421,1.1657609179960866,0.2138695494078147,-0.1327409772177074,1.523748379643747,1.1577287267783956,1.1143517771035685,1.896551313755731,1.6667467220297452,1.9998555468627366,0.8918411071688278,1.6685566857235,1.9775476340624927,-0.8039440128273277,-0.7609882769673456,-0.6585287714680268,1.9209441758861894,-0.6727963360819116,2.105156740910577,1.5689502386006382,-0.6162746592935204,0.9786325467115586,1.9126438770404186,-0.7467675446783366,1.737496258401365,2.0519691867253527,1.7696014929362611,1.0782965122197523,2.0680975484309627,1.8924979761884697,2.0950229315181845,1.5077347472165183,1.5884262436206178,1.2192598974619122,-0.743425014568244,1.0702710359906833,1.8908323921572427,1.4286644700236886,1.0104862846071858,2.054308101555659,1.4585399846294815,2.3146196745901784,1.182116365614513,1.1761217377147566,2.0152411377937063,-0.10583707918307048,1.080344325036667,1.1173456597215863,1.6896263319154445,1.8510080822114465,1.6513003363786687,1.0325216096666108,-0.6080799058566349,1.7769777460803307,1.9459984752305388,1.7203016972944307,1.8326138383361275,1.6069781574525241,-0.6012836127061573,1.5499240077001235,-0.7624776167598722,1.2804286768639332
1.1116663483782299,1.8351684047834997,1.0713048376621404,-0.43467007138608604,1.7663590193509133,1.9224164532951615,1.272463998925819,1.76298078102492,1.7484332519039512,1.934844173479068,1.1951669875400317,1.0105502724727495,0.7719201580265872,1.416998940007832,0.9656058504471638,1.7831879265529398,1.225150602586336,1.8137281533749214,1.8846000230876188,1.2653309672987147,1.4407773129213366,1.6955979464012974,1.8721859211874334,1.4046804334898915,1.7264945828090275,-0.4138015179231551,1.7577376616341407,0.9664057624051458,1.2792269377992787,1.655112647163039,0.8775322111929195,0.7718750541625264,1.9032787245710894,1.332196948999653,1.96050809008207,1.3080285874131505,0.9489694171439266,1.040713949963681,2.0679428478439523,0.6876378078305428,1.0741684711724109,0.715997176816127,1.883617868569164,1.3346894680132195,1.3406933331054487,1.8767582867190171,1.0330469024526705,2.0244632916174643,1.1163451188503555,1.993168369396445,1.7286439814389114,1.0362505681168097,1.868008485569728,1.7220607830587884,1.3755405831214733,2.0906911727321877,2.100169186042839,1.0700740260413146,1.254163465927354,1.6989890822671965,1.2947678356587229,1.9523162437331274,0.9368182679584175,1.825848080687268,1.2910697958833766,1.1803552282878573,1.5311739445998649,1.6846817632131947,1.6364520117379375,-0.3787735568160683,0.4794157927385169,1.249030878819343,1.632227075524183,1.8354682569409724,-0.6777667218026858,1.1641989678687903,0.06947011406482262,-0.27367260032547525,1.5237611214219031,1.108802250337127,1.093446742306974,1.8939274783594362,1.6660920226865132,1.9912956341372259,0.8388815337044023,1.667070476264237,1.9727084655804936,-0.7865474495829373,-0.7047620073106325,-0.6455261188607497,1.91194746972737,-0.6520311910040849,2.105745691477412,1.5693852328846396,-0.6092148545071384,0.9797215267369611,1.911515695036929,-0.74964162942505,1.7331302673201021,2.051037686072226,1.7708470562218177,1.061919382649266,2.051808316832017,1.8884545996545095,2.0654523872774373,1.5083913646743694,1.5865145610300195,1.2087231598027044,-0.7191467017039797,1.0693186808931947,1.8747634681829308,1.4279493748721135,0.9750050494484768,2.053447320619975,1.4704458373758158,2.311797686848559,1.1693086489851332,1.1650861336526757,2.009139441005573,-0.23641145463403523,1.0566334008971694,1.1177147798703198,1.6920972410490003,1.8450292043273586,1.6512984968352364,1.032956106517753,-0.5891716437490572,1.7782568407119723,1.91506788834072,1.7184807065014602,1.8345073663935492,1.6063712577484173,-0.650735389784054,1.552041664569657,-0.7601943274755714,1.2641608888408513
1.109304199684085,1.8366790793694365,1.0765976867200575,-0.32238986533517944,1.7651196237464841,1.9169315509081988,1.265772468996262,1.7622376532380686,1.7432735965523085,1.8109464430408628,1.2002447224324708,1.0083837923224834,0.7628930931349679,1.2781213808114984,0.9638521119224326,1.788787761170931,1.2323844719265682,1.8146540616990192,1.871358554305606,1.2737283204911471,1.434568387125005,1.7037329896235356,1.8704207587477788,1.4098686156822555,1.719908578740441,-0.31068001194768063,1.801581174781092,0.9739162151569232,1.2804496612743659,1.6571187009957224,0.888599496026225,0.7733542219306493,1.8676477045173718,1.3289328141993224,1.8374086871027662,1.3112363719112938,0.9512235420672831,1.0299793052756407,2.0683511902602287,0.6895100085019022,1.0772491914317543,0.707512868731487,1.8851556290275766,1.3371898404655609,1.3401938861282983,1.8790650469001111,1.050604330484599,2.019009779956336,1.1126970300566572,1.981053721581749,1.73905086449015,1.040370987087236,1.868971098941155,1.7209174325388374,1.376329688378293,2.0905262928390695,2.0817777140196063,1.0758510305242066,1.255527873057203,1.7051437404306382,1.2794585240664624,1.9418986700016776,0.9389370781325265,1.8162363842352651,1.2939549695744355,1.1812385242597503,1.5297071277687933,1.6865806898800564,1.6358693884923958,-0.5266471172000146,0.3580004578385276,1.328454985721519,1.6351215067150642,1.8361250942279832,-0.7503850876212959,1.1616191426592812,-0.07017388854894713,-0.4130405496897604,1.5245570998530735,1.0591408020799924,1.071742226078288,1.892219276842665,1.6664436840419106,1.9746563127374082,0.7874465478883595,1.6645077776132928,1.9558034016567691,-0.7451304572368098,-0.6516219811933355,-0.6382948646117961,1.9119982451397637,-0.6339782839954496,2.109497037524436,1.570134793877646,-0.606758776789133,0.9801163025550307,1.910938438536041,-0.7363265193685506,1.727855894175,2.0514107252030427,1.772650229252987,1.043598319278921,2.0154973041464435,1.8829547864765066,1.995982314294559,1.509445199641256,1.5865911105846913,1.1949795435543162,-0.702295815113011,1.0663556624393657,1.8747915520937213,1.4276607163524861,0.9389279496521585,2.045297078448659,1.4770682643512911,2.3011922910467937,1.1539193095829643,1.1485038805390497,1.935755732680291,-0.3604741780391329,1.030797065928171,1.1192165023822105,1.6947972028770284,1.83208295788138,1.6518362566985294,1.0330729731231783,-0.5801552752910761,1.7805528155757686,1.9151115174885605,1.7131976778865663,1.8361201854562732,1.60571423493638,-0.6670796799545572,1.553510914511486,-0.7345661663430497,1.244266682364329
1.1085437786756038,1.8422203547222298,1.0761959907520886,-0.2546738577699312,1.7612923333242783,1.9301361320662866,1.2569664348922513,1.7538827673800161,1.736533130155323,1.6381995369283784,1.2003595359080261,1.006614032873365,0.7625621148619055,1.1312081095423028,0.9621432395450613,1.7821481193952866,1.2400856816754764,1.8092401221499617,1.8528567381228445,1.2681638093395353,1.4304820284587427,1.7096044594798074,1.8623925762143516,1.4051391926194883,1.7288462811859515,-0.27298691761367366,1.8330275019538493,0.9612717531252672,1.2673448798013316,1.662686721023962,0.8798316329746323,0.7727200191699647,1.8134052211717417,1.3263231668345943,1.6840571746237722,1.308106630828888,0.9470663725196778,1.0292858579278852,2.0712424903557394,0.686886894946379,1.0740148852281444,0.7086366173557215,1.9008007438929482,1.3333906772742896,1.3378143818455037,1.864535254338103,1.043094040512991,2.0163833578744987,1.1187084054162126,1.9642250931659357,1.74181358972275,1.0482471507821836,1.8691332932792262,1.7291964182520854,1.3722767038712897,2.093028538517403,2.0402782975166254,1.0732059477388185,1.2561034641094198,1.7029218114552582,1.26402324425335,1.9126331747967125,0.933649064270027,1.8163345942573481,1.289525128141488,1.1812121991359315,1.5281703021985442,1.6869584716511827,1.6350093324547903,-0.6517645198402974,0.22855883320162748,1.388108142386113,1.636870917609858,1.8357148174841444,-0.7634030048247143,1.1575671580153553,-0.2021909086700767,-0.5395084785336699,1.5245884815469775,1.0124148365013355,1.0467561390104498,1.8889869472484304,1.6652879733329164,1.9297275822696276,0.7371690565811087,1.6634311459597664,1.9094785133390424,-0.7066169166741555,-0.6159432467804993,-0.6314589050055178,1.8561303575613677,-0.6216791666393058,2.1134122134753324,1.5709871667099446,-0.6067126742457157,0.9802781693208472,1.908512442136257,-0.7191774083572121,1.7213648547693579,2.050941683354737,1.7735102969923873,1.0239407391374555,1.9469830552073661,1.8826864296386907,1.8803785476066384,1.5097518085667707,1.5862393471548901,1.1826589553608973,-0.6913240492449576,1.0634048243439458,1.8444013117165963,1.4265143335462513,0.904495700151405,2.0106573013100637,1.4803632553329813,2.266762841029335,1.1336129335006415,1.1268039630439675,1.8449538204321214,-0.4743021018499494,1.0020655864596804,1.1199478807993402,1.6966631779713346,1.8065967229129605,1.6518052202990867,1.0328601907883708,-0.5798405085745343,1.7819401412916267,1.7507451482157816,1.7091485422072776,1.8374477679598686,1.6049361876019235,-0.6629966617096763,1.5546941567636747,-0.7067893470394769,1.2210828714614825
1.112908541659582,1.849371224128494,1.0823749309886814,-0.2546738577699312,1.758084580257804,1.9257933978502613,1.2751100560712796,1.7383443497334043,1.7306049248187574,1.4528385718270134,1.1952876784927118,1.0051745549503521,0.7676149904357236,1.0009522823504884,0.9475078582899549,1.784594007693287,1.2240800247800034,1.8024107371080345,1.8231572140562202,1.2691183995239057,1.4393070892355213,1.7185646239229284,1.859811369253353,1.3936449685417875,1.7294497058061016,-0.27298691761367366,1.8340245717201962,0.9509563085476775,1.2707677517333877,1.658535801363474,0.8735870628023115,0.7650104038079807,1.7355180301199042,1.3134800887654097,1.5042603978236055,1.3039896405374,0.9456987909580584,1.023482763568253,2.057012239442691,0.6875179297047721,1.077362271192917,0.7072638501448647,1.884533697884998,1.338078985532132,1.3341102480290876,1.8608923972892473,1.0732594328372322,2.0085615973255813,1.1119528925415245,1.9317077735825776,1.753419674557812,1.040852441538032,1.867426928642526,1.7346288054441892,1.3724623043390733,2.0962895660612815,1.9881552383411247,1.075740672840416,1.2536123433206772,1.7035143761177671,1.2463273110613373,1.8578316601835778,0.9344323249200759,1.8196509818588418,1.2944906223317787,1.1817011418967676,1.5274001138294546,1.6883396429093005,1.6343866787303518,-0.7377753875553961,0.08372113589744908,1.4346203625987142,1.6400675902367798,1.8327250243376385,-0.7412345840833249,1.1525605736097013,-0.33216292644376844,-0.6421290586180409,1.5251312903012169,0.9608079473929667,1.0177851793556092,1.8867275772619632,1.662961678884852,1.8554726217700648,0.6865903515646942,1.6624552823182717,1.8199037143205499,-0.6831347146535985,-0.5981692530305256,-0.6257216701481496,1.7827260363768782,-0.6143933267503245,2.117279555877653,1.5720990170414098,-0.607057855278701,0.9808001359591353,1.901426871770534,-0.705099729359532,1.7129836097101259,2.051365741072562,1.7739556802278287,1.0007308629488039,1.8444633851286003,1.8391300120650285,1.7193007323598497,1.5096794305390944,1.5848504260530327,1.1678939894224512,-0.6811684480697745,1.0558348113763492,1.7870593855835726,1.4266900584437032,0.875988410332756,1.932726122151598,1.4793535487785134,2.195684137246971,1.1121741013665791,1.102437701430815,1.8451545476174978,-0.5814330500795521,0.9737553434021905,1.119771775541818,1.7004935927296114,1.7693178654316697,1.652644806788571,1.0329423575053502,-0.5807487375428638,1.783447013159595,1.6053153164629452,1.7054171400990503,1.837738035146142,1.6054876784885372,-0.6498466716888622,1.5555478334983646,-0.6881245790662622,1.1976523389972338
1.1151387844939988,1.8560947026293806,1.0956622027157483,-0.2546738577699312,1.7571375181466782,1.9287943505783718,1.2686983633568631,1.7212215942487148,1.7291143771443165,1.2407090190734982,1.1982864078560285,1.0004081634892412,0.7701448805532065,0.8780516179909257,0.9783302417296857,1.787753210391373,1.2278541227618052,1.7947040559213263,1.7791690633909722,1.2741682392625495,1.4371959034645583,1.7278580280577875,1.8412050677365361,1.399015939267838,1.7353311045297903,-0.27298691761367366,1.8466590713717408,0.9479418422864726,1.2579177959250825,1.6624920482259615,0.8714897995729154,0.7667608575268708,1.649575438018625,1.300438553861099,1.3419043593846152,1.304082992469302,0.9440837303035682,1.022762623869306,1.9929654998617354,0.6889290961968664,1.074547429018775,0.7090631139374136,1.8864824073953856,1.3378010361074104,1.333247139552425,1.8606373659908402,1.0629612643386337,2.003114438674744,1.1105205381946641,1.8642214118416767,1.7596140528130784,1.0454236476552117,1.8723574465720585,1.7263059928043145,1.3670441050622326,2.0860606390038297,1.8876437027031936,1.0692636821073194,1.2561259199988326,1.7060566627201783,1.2234701172038724,1.7715912992016618,0.9366626030835143,1.8199222783382834,1.3063526171466977,1.181451457856208,1.526538194642035,1.6891753489413783,1.633908038848554,-0.7596623444582612,-0.073291578939535,1.4710420848733918,1.641726803908637,1.8263583379918447,-0.7010152710700085,1.1454158859937371,-0.45671846199917454,-0.6948671221138893,1.5262355927493938,0.905836252294382,0.9850836965322843,1.8850109609593961,1.6613401849165952,1.7427874811485646,0.6368255256868492,1.6607332035301863,1.6819886734403944,-0.6705833678639861,-0.5907156121579441,-0.6251570066297152,1.6729207224873854,-0.6131877644914016,2.118777343867421,1.5734507159093984,-0.6067243174900993,0.9807229717007482,1.884433250568958,-0.6937469308017883,1.6992790304885181,2.052090973029826,1.7724715727009177,0.9745164727221308,1.700312696402363,1.7823269802843928,1.5239677465488812,1.50996599492311,1.5855586262676202,1.15127247699527,-0.6706710321089048,1.0450174297537969,1.5513107208996622,1.426621509412499,0.8487383239274963,1.8125279368419516,1.477363913968349,2.081115033646374,1.088091761014048,1.0708257640743284,1.5367746076039839,-0.6652260962212485,0.9432947795118753,1.1199775829385161,1.7033225084157322,1.7039640456945435,1.6520795009415787,1.0325541583490343,-0.5760114841902391,1.7808612741657834,1.4355384370722168,1.6970984752222604,1.8311599870911894,1.6055543877885456,-0.639848716940834,1.556897795462601,-0.6722040011541408,1.172032097351293
1.116218249211099,1.857865907150512,1.0844169586345407,0.3472674537851329,1.7529053677639335,1.9250764380924947,1.2387990539496732,1.6934000297839804,1.7251363414410408,1.0251011786248194,1.197790977068746,1.0038971210491814,0.765806971504644,0.7441757713478061,0.9757108504794292,1.7831459949913202,1.2379679708868638,1.7859758358938294,1.708820324257957,1.2574273170363428,1.4343008688426313,1.7306533155994814,1.8173688311572258,1.39979270927258,1.728761461599673,-0.27298691761367366,1.847080850505611,0.9389539833695252,1.2655461288786956,1.6576622938086922,0.8845852047730941,0.7688832446223847,1.533790762907999,1.289740290035255,1.180367701939038,1.2999256797463499,0.9495812119322968,1.0264293333238335,1.8814537237422984,0.6853023786789646,1.0766129068055093,0.7041072260468182,1.8866063578605465,1.3386952614446619,1.3316250853376506,1.8550252165264587,1.0552936856411559,1.9968452223992423,1.1090473715595643,1.7690811594467533,1.7671120497389718,1.049766960147054,1.8716430316932422,1.7318128970964703,1.3536481183580675,2.0643685888828927,1.7409722241059635,1.0716251332202422,1.2575031439334883,1.7085271004533125,1.1992900115710634,1.6532635490209364,0.9440286741477104,1.8266667297129513,1.3086775195804496,1.1802337899680355,1.5267187968967266,1.690504041573705,1.6344758004791762,-0.7445506864713197,-0.24558070215966077,1.5002085535839114,1.6441632362084206,1.799614902116127,-0.6633085731941967,1.1359018737033004,-0.5672383766515139,-0.7011177294281804,1.5281915682562286,0.8438920001851242,0.9559475926528788,1.8794729800568108,1.6584161090673264,1.5865622667672667,0.5834535227006029,1.6602448443239024,1.5173848240422145,-0.6674881223756409,-0.5858653521324375,-0.625696319140374,1.5308511186085292,-0.6134264946280606,2.1203002444701897,1.5746307871809546,-0.6054013391459598,0.9817237770555255,1.8481334376047933,-0.6812523056120262,1.6773305273430383,2.0530575832482056,1.7624028920325894,0.9476667099122491,1.5271692898475275,1.6884591629433847,1.3137357284744648,1.5097522167135433,1.5863978673560173,1.133510368837745,-0.662914633801986,1.032080133874583,1.551346195313293,1.4278608777101356,0.8230902047563127,1.6557870495288047,1.4763258069169929,1.9255494356536151,1.0616561075790947,1.0384395958810708,1.5366343033978789,-0.7073924369270204,0.9077394158577063,1.1201854979127464,1.7054167701419882,1.6191650071618593,1.6509732749900121,1.0319833405075698,-0.570256475608352,1.774082564577557,1.253033249584892,1.682274266854701,1.8078027852564207,1.606290240579418,-0.6351851069624541,1.5575953821070083,-0.6580303095332889,1.144586991503537
1.1161323859627845,1.860020713385978,1.0937610953596957,0.6259204662904847,1.7471674806138155,1.9281783420508651,1.2405721980429838,1.6570312807874548,1.7202779646772592,0.8136885464078787,1.193114329322157,1.0084798476043682,0.7745029467576988,0.6204613105517859,0.9694148543987328,1.7829343063098686,1.2428299709476396,1.7790660756795407,1.639265194904824,1.264064051561436,1.4261409977966242,1.733184812300109,1.7634232618512746,1.3981223666316118,1.732385561409847,0.5951148544135654,1.8603702906081698,0.9614347157793157,1.2670431511383295,1.6635909940209304,0.8984037642107282,0.7698942271642973,1.416178244738029,1.261186312594929,1.0490235823412832,1.3024171657659462,0.9457420341928205,1.0300130860520444,1.73343109831283,0.6802776604746893,1.0726483641342903,0.7029913600253254,1.8808728015291882,1.3397956285345196,1.3355960894319117,1.8498516499373663,1.0579082900134231,1.9825655173553312,1.115870872212498,1.6513086435574849,1.7819337879583173,1.0398020863745487,1.8703495925249036,1.7285279160611915,1.3343282823008877,2.016581840240222,1.5791555321241766,1.072368042622792,1.256612428961444,1.7082786994150023,1.166962913709182,1.5230215423568862,0.9411419861356748,1.818265825849985,1.3267344450233662,1.1778820471707594,1.5264865874093994,1.6900394081364272,1.6350824899527487,-0.7073565411804964,-0.41059187655371504,1.519767730529118,1.6456498525344943,1.7362241864665486,-0.6372803034693829,1.1241024402769098,-0.6496893219072968,-0.6850415397958597,1.5279717163030977,0.7755069086054045,0.922913675383414,1.8684827438819476,1.6524499741974996,1.4044854005377814,0.5256280803372224,1.659691949901619,1.3384616758904218,-0.6684211843573171,-0.5832516585188885,-0.6244594313990857,1.3656617769528667,-0.6145324428731261,2.1203349237929063,1.574794544890268,-0.6029988909172357,0.9824713429288123,1.782918643965015,-0.6692808672396973,1.6459558769373643,2.0521930102038426,1.7367342231922798,0.918325021495559,1.33087465471221,1.5525098893052167,1.1113294261416036,1.5082267454760823,1.5866626129159775,1.11448006741612,-0.6570627584316265,1.0178369333679724,1.3821647751071378,1.4271889883963493,0.7954222334126998,1.4699459984698562,1.4744778190294927,1.7399879972897405,1.0316972681174383,1.0051664180472586,1.3421235160581646,-0.7114976719732179,0.870371837322274,1.1189729546436558,1.7070284635493869,1.513694848731014,1.646183198228602,1.0305022819266119,-0.5642975963625498,1.7474527982657273,1.0678483400057945,1.65706214057137,1.7491346053646617,1.605949585711342,-0.6333651307332077,1.5578923973605219,-0.64723789872035,1.1189941906850354
1.1130268548980617,1.8623254739735027,1.1122279922993747,0.7904265606910433,1.7325072714694036,1.9269692164312857,1.2605076726943487,1.604512204521971,1.7139370175103148,0.6192735586070823,1.1969369188410484,1.0024201444053384,0.7817037287758493,0.43392378313407465,0.9733867180665758,1.7842059914193835,1.2402730327915847,1.7691838002381282,1.5534526804846298,1.2629670853781236,1.4313619990851347,1.7424970422391166,1.6838415485140958,1.3984996456323808,1.732091491473662,0.7057220626777334,1.8624274705185686,0.939755540210684,1.2715470953029187,1.6618206685763317,0.8998849603190162,0.7711092095279338,1.30230858437925,1.225872099122158,0.9281524840781026,1.3005634345308528,0.9495340893572132,1.0310606223905006,1.5672454879485656,0.6766321181643973,1.071132532748831,0.7041984731452253,1.8892244483009588,1.3410482083497606,1.332303478557951,1.8488433162890394,1.0460313137269137,1.9669728203398211,1.1092572212820255,1.508506624323558,1.7866747468458792,1.034884984179519,1.8705030281576658,1.7326615766523852,1.2969043134684284,1.9545064412401998,1.4129496999241298,1.0743974040833664,1.2563874463712876,1.709396827245731,1.126330356970951,1.3772666228210306,0.9347896883091419,1.8128811073224287,1.3172992617815829,1.1734729935668395,1.5266592110660162,1.6896982051622613,1.6355766146784791,-0.664613254476869,-0.5665659273611426,1.5314825838970199,1.6470897785334007,1.630680494114075,-0.6207775894142451,1.107214419483738,-0.6923663377223913,-0.6585095773890969,1.5278813982572284,0.6953201522210228,0.8908418475923181,1.8382589369959337,1.6431832183996078,1.2112581708534043,0.458823352564473,1.6599437749571349,1.157186777594641,-0.6703093768570266,-0.5795340840111609,-0.6189137173695087,1.1825317895846013,-0.6144812507992633,2.1193937987246865,1.5754093111887686,-0.5995902429175737,0.982858260693334,1.672029695605863,-0.6591671807421347,1.6033500297430425,2.0469413872636872,1.6816898878706896,0.8872935692920718,1.1219039221752969,1.5526796149918212,0.9014144087536431,1.5068586374942836,1.5870848038054188,1.0931751703155808,-0.6546908009159176,1.002872645005642,1.0140285549547217,1.4278052042906124,0.763126539987146,1.2900743966446513,1.474235770350224,1.5410327633343475,1.0007454052735767,0.9713673740088302,0.9244276533003644,-0.6948845212298086,0.8281592388613954,1.115508391261185,1.70884081426706,1.3943916431384684,1.638623665246401,1.029161893513368,-0.5587452028021908,1.6878932326217602,1.068020873454071,1.6180004094156217,1.6551368340954757,1.606782084967595,-0.6310477167144742,1.5565527815614704,-0.6390615744243823,1.0894331904978565
1.112315539626911,1.8632611135231134,1.0981226027098923,0.9272163265181075,1.7297289801576357,1.9258643613001045,1.2460659833704115,1.541890986384731,1.7050573310785162,0.4157783091079211,1.1980736026497913,1.0018190387843544,0.7863086922991102,0.22777183600070292,0.9580472242096477,1.7814530828553938,1.2424654350550572,1.7574731603942781,1.4457813827252315,1.2615495110911532,1.4368053312797624,1.7462983623879076,1.5653929062927479,1.4046953859603417,1.7315018446543284,0.7991207667126848,1.872131033008641,0.9488164237671383,1.264152335092941,1.665747620017762,0.8837440017459649,0.7742825901801185,1.1859205624720413,1.1872770460650517,0.8161240935060281,1.3015608894173778,0.9529574930928069,1.025233936865708,1.3988075637055468,0.6818149415268431,1.0716602383009244,0.7053385841418184,1.887695282064252,1.3406418843928471,1.3329288823235632,1.8300264100348174,1.0593947375457418,1.9432209960220341,1.1114381279348136,1.351292582974158,1.7981819882445245,1.0233482999613737,1.8684197226129702,1.7334648438114582,1.247010035210397,1.8472579220173262,1.2498188652799338,1.0755997041716643,1.2616761261000546,1.7150370173437042,1.0722343207153067,1.232097495342108,0.9388892077395806,1.8156869421140855,1.319593705978171,1.1650698045854075,1.5267144617047088,1.6847905805388277,1.6370830550837012,-0.6303547366922386,-0.7064966754213603,1.539506433573569,1.6492307976268081,1.4894032753607376,-0.611290277414794,1.086468921918257,-0.6967939338013425,-0.6356042326719307,1.5265530566284693,0.6007370840477898,0.8543835043644591,1.7814228441031115,1.6251903795831262,1.0068400018164774,0.38143753820798687,1.6593398317068904,0.9662970895186802,-0.6729856932940694,-0.5760371078759507,-0.6104525770861771,0.9959316512379082,-0.6139663383160632,2.1165883611007397,1.5763255124660216,-0.5966768444340622,0.9828363769279304,1.523724398682145,-0.652626623657457,1.5485509368143124,2.030838714312427,1.5926761480191112,0.8556297865732158,0.9090275427573788,1.3839262212593513,0.6922785255829975,1.5056113863068201,1.5878173989330338,1.0669775792365896,-0.6549217104783209,0.9877391081696889,1.0140285549547217,1.427458016141829,0.7190112152338195,1.0974635697474528,1.4742883046026836,1.3376990999392482,0.9679544497966969,0.9360988714434694,0.7174354242679064,-0.6719876732191141,0.7767070685824604,1.1015418180488292,1.7095651519182777,1.2646994978956216,1.6232440916313569,1.0266153800018771,-0.5550445963892865,1.5887397846148017,0.6805166980531948,1.5660699423339925,1.5253964569602472,1.607398599195132,-0.6287583141831667,1.557159378643563,-0.6331026109645302,1.0567706883305092
1.1129477879603722,1.8670261438723528,1.110859943977291,1.0714827242759706,1.7278299355765494,1.918270585423862,1.245386132744785,1.473796269811492,1.700452478552616,0.247690968331792,1.1907897871193622,1.0014491189707657,0.7857971905466957,0.07161302166637053,0.9578116769360097,1.7798073586591823,1.2439499281179078,1.731798188196578,1.3293446461411125,1.2633706238316806,1.4333183532975544,1.753000119082053,1.423740734165393,1.4086792441740885,1.732439273305219,0.9292270144572816,1.8884573583725286,0.9176214177095382,1.2757232419505542,1.6659345227040836,0.890945926522397,0.7726208369361983,1.0864933689798117,1.1286644602801776,0.7067137145653848,1.3027511515630394,0.9505484227530748,1.0303418117712806,1.2488182497357436,0.68524036080465,1.0704033089357996,0.6964766277258119,1.8803621110872772,1.3413544900532772,1.3383606219298179,1.814995946372253,1.0653740773405094,1.900132580003725,1.108407325000735,1.1843037343024638,1.8080571186314949,1.0128809713016078,1.8578510255755671,1.7319870723242525,1.1733310974416946,1.6990038360677615,1.0969097820601745,1.0739470498507435,1.264138223710971,1.7134477246640736,1.0068976580366369,1.0864302614439858,0.9395893552853297,1.8065781366971465,1.3212031833525217,1.1537607598930466,1.5280796782377504,1.6743012888374065,1.6380850635141357,-0.6093143582174962,-0.804751372369804,1.5443724757224264,1.6500378666911744,1.3186970832954497,-0.6089425843528121,1.063242939078652,-0.6811417428934585,-0.6183008815579334,1.5256006199672907,0.4935243880721547,0.8129781502985693,1.6938512201630007,1.5991440809993296,0.798188058195049,0.28972259354315033,1.6587752554132777,0.776533094413206,-0.6756357833545708,-0.5747900928953595,-0.6008863139424483,0.8017814081874673,-0.6121794911664865,2.106110422285299,1.5771263192356224,-0.5945810604450349,0.984239587722536,1.3462570147912052,-0.6490921418804175,1.4771356861326528,1.9953829906891904,1.4680070896954787,0.824713670700459,0.7066416322620622,1.0020774716712477,-0.409154218059337,1.504617911712639,1.5876387365719167,1.035354886470428,-0.6582102869257119,0.974674689772575,0.8198194432319418,1.4277753727677738,0.6655462335300076,0.8969859150205223,1.4741711914425892,1.1364149013928437,0.9318613345425669,0.9018818596875057,0.7174359363270526,-0.6539725294404897,0.7184575265190466,1.077558026852443,1.7098088108715292,1.1254340407832344,1.597701983910028,1.0229586103561736,-0.5546414210337732,1.4542626624766404,0.4944889526635485,1.4871967310469592,1.3637402720282672,1.6081245184973416,-0.6246421664384215,1.556666872835088,-0.6289632617953071,1.02571204843216
1.1135609874795482,1.8639541798561583,1.1052016773927946,1.2475576456350768,1.7216001195074047,1.919635487261564,1.2494409028276612,1.4103595771721236,1.6949811632326808,0.07343369944409185,1.1932130304035264,0.99665367444667,0.7694128751060872,-0.0794173202244177,0.9591585410851758,1.771586144392708,1.2562992298426443,1.6767825211739007,1.2045659357779075,1.2691819340271155,1.4373374379896893,1.7574849077546502,1.253707098771224,1.4042911275020225,1.7295328031672788,1.1331658078688776,1.8837863306256444,0.9480965768121259,1.2604319222655853,1.6614156777554656,0.8862892179718903,0.7702214158286419,0.9800383158792255,1.0771554088433504,0.5953020530582795,1.2987488250592893,0.9528383745252837,1.0295058206227647,1.0894219483068799,0.6864099232128209,1.066958258062878,0.6956014199546999,1.8501447065252115,1.3378909178194467,1.3408937528977765,1.7669275554204587,1.0579701595436122,1.83936811773325,1.1093803448919786,1.022576726769996,1.8030529563931057,1.0001887075108158,1.8418824284253268,1.7154788167137507,1.0808289767194192,1.5639473511447828,0.9695079030495245,1.0786865565592068,1.2659753696825649,1.709168031146265,0.9385911693686084,0.9398617090027491,0.9343214309162731,1.801045290523989,1.3213844442150429,1.1365481752727773,1.5285530904298879,1.6537479569258673,1.638915444262595,-0.5993401478368001,-0.8267953998314823,1.5438342167038326,1.651490295732237,1.1372615626334797,-0.6114772931647954,1.0366940052693157,-0.6603952531059252,-0.6076848264675174,1.5239403167472076,0.3667239582813739,0.7705536427428692,1.5788521278420082,1.5599113158125877,0.5994579893376013,0.18438548278035222,1.6590029569296265,0.7765507464087099,-0.677099449710424,-0.5765496049547134,-0.5952611063956319,0.8015364914923889,-0.6102964095663698,2.0741635910305063,1.5778872732628895,-0.5935647463405911,0.9839160826226919,1.1563416514605045,-0.6438833179142395,1.391355282995305,1.9309596813841379,1.3201559597816102,0.7898665737837545,0.5139973801302536,0.7924332047765572,0.3168449552768757,1.5042423259825524,1.5847849056161283,0.9979661517865128,-0.6612101874238884,0.9567938172485189,0.45212369704877353,1.4281111360780234,0.5928093141076535,0.7014632969426903,1.4728659241615074,0.9452922578556872,0.8919256091536509,0.8681428773684867,0.3294948064464612,-0.6430066808634098,0.6474275503520909,1.0426129209644286,1.7086272360355583,0.9768646046426329,1.560544338610023,1.0201743885792263,-0.556433679317157,1.2869069047916069,0.4946059581054834,1.3915633871590365,1.3637327260875491,1.6071981978963361,-0.6209532351512269,1.556112809705899,-0.627074999236023,0.9917858912435273
1.1153789527102975,1.8645952662142238,1.1054896619019987,1.4285309817916207,1.7117805807762538,1.9234591581791418,1.2183250246578492,1.3327019502751978,1.672494218998726,-0.050125641991941805,1.1899589347927255,0.9953519170509071,0.7744431434829231,-0.20068946495313422,0.9494935152087576,1.7611356284983668,1.2474250527239488,1.607143581999034,1.0577208026056293,1.2550356518758987,1.4385301142747102,1.7548231227143327,1.0732888741119688,1.4027884042218202,1.7242437422396464,1.3861373667839847,1.8846787105831064,0.9615280821806883,1.275739888327174,1.6610900680755307,0.8884930413141084,0.7679404498661858,0.8504233197192372,1.004881910773568,0.47626132087674905,1.29970765846059,0.9569902955536306,1.021736242049844,0.8976059384378295,0.6839221633792658,1.068091306018013,0.6909054190878404,1.8456814003710071,1.3397150280862256,1.337507021641598,1.6978858663234482,1.061324731390977,1.758018478170842,1.1088462533122316,0.8617950586626351,1.815182831820458,0.9849425017510561,1.814826893252475,1.7176246374003605,0.9590177520616794,1.400569244276723,0.8394722831767502,1.0742941626064124,1.2645459252126234,1.7098546348835537,0.8481025901062342,0.79113138651966,0.9307852208819636,1.7955621297993571,1.319977525568298,1.1141995732767322,1.5292721327569823,1.6178823545990237,1.6400708149708612,-0.5969798571675522,-0.8133732938256008,1.5426116968770922,1.6503398774437807,0.9559246661887782,-0.6182273910152629,1.0057975702093895,-0.644466271626366,-0.6039676469664883,1.520566041757353,0.22429823851149192,0.7213105710918393,1.4381232501746581,1.5082366412561872,0.4052681498706448,0.07192863725920012,1.6584981671238315,0.4162372054762614,-0.676901525856564,-0.5826219278074444,-0.5911608826856127,0.4288822993813191,-0.6094483053816453,2.010357224747072,1.5785268388568487,-0.5934455500963218,0.9834911538084498,0.9397479232124564,-0.6393114025445332,1.2998114472264053,1.8304431904117187,1.148979833035849,0.7551643422356171,0.3250588364346313,0.5935367293695482,0.15988105599545738,1.5049983498543555,1.5791910398984612,0.9532211749054704,-0.6635304619616573,0.9377677782766022,0.4521301021512341,1.4282736226705073,0.5126299344053842,0.5077604096960321,1.4721010218900754,0.7528848751596462,0.8496955046682751,0.8323944608874541,0.1649748112504295,-0.6352161484380261,0.5657648873663168,0.99947566120847,1.7062927371019885,0.8204407482620251,1.5029143201195458,1.0148344872825197,-0.5620565600751459,1.105509147848518,0.16175125666057377,1.2777677527719973,1.008476879977539,1.6067777105872665,-0.6182693054030992,1.5553467210545582,-0.6257879257933588,0.9506768761756949
1.1167434795828934,1.860587872668519,1.125587040727686,1.583485880299402,1.7157622207157794,1.916413746638701,1.2157053672496658,1.255815727133231,1.6498681642670023,-0.16274948860587504,1.1940001056591658,0.9996239560061884,0.7699084515916615,-0.3219910599894341,0.9821399054775403,1.7437581619802476,1.2514146148630911,1.4913124848081178,0.9250930547860537,1.2607234577070074,1.4416030812335654,1.7579511907818106,0.893845941946929,1.4032550729915823,1.721606907969254,1.6452899972390775,1.8815519833463639,0.9727896472441568,1.2713998952681576,1.6612039947129795,0.8904487513966023,0.7685332891271073,0.7505385771555618,0.9245341003391541,0.3579510454592078,1.2983434995757588,0.9567979259129756,1.0191037781364984,0.6736684922925029,0.6822606155994343,1.0740742942966959,0.6965371804468753,1.8164254592315772,1.343732642916751,1.3381881925349264,1.6045443067563723,1.06785310159399,1.6456039327036134,1.1171821631851093,0.7119657013722732,1.815968574580835,0.9808951954112829,1.7619519611476058,1.7209664688675963,0.8264143049964565,1.2363059267277352,0.7092129862745014,1.076597441552342,1.2657750673859625,1.711354951302281,0.757189076736417,0.6595276526270383,0.9273353382709044,1.767792955836689,1.3249450808423067,1.0888883237565294,1.5283621113857924,1.564297220200085,1.6399453541765239,-0.5977072984676133,-0.7704501542407524,1.5404944200663884,1.647089086483097,0.7807088817888711,-0.6208295815938603,0.9724527742688168,-0.6363033884453942,-0.603758140016837,1.5149336355249543,0.07228779538624586,0.6618522610302573,1.2771783755543684,1.4416073733064072,0.22920452489528853,-0.04671399330692717,1.6548059834746904,0.24812010462986947,-0.6737383156729134,-0.5920455441517405,-0.589368988952662,0.4288822993813191,-0.608692225043983,1.916433062522498,1.5779092814937306,-0.5937378660954649,0.98253201441202,0.7293495750419189,-0.6349417209244654,1.1985634176840805,1.698616098863781,0.9796692833000087,0.7207924897449035,0.16937306888367656,0.4110866229278747,0.03616474523402009,1.5049420709493768,1.5644141718338327,0.9040439750268502,-0.6654704454524966,0.9179956524600904,0.28940995222775323,1.428304950303154,0.41900516553838896,0.3266847128892747,1.4728687686557185,0.5679939962633862,0.8025102325473699,0.7923348885999232,0.1651038501553147,-0.6297572433546198,0.46547556302493504,0.9506154462106327,1.6964482718981257,0.6630108338360287,1.4223958060600945,1.0076946812600818,-0.5669343883004532,0.9217903261084719,0.031170357482250197,1.1567487546589519,0.8182678614953149,1.603853163938945,-0.6174045263983404,1.5543730004580618,-0.6241552719618159,0.9041452978849083
1.1193833197858007,1.8519510060381774,1.11321121607919,1.7205497983177085,1.7070251609279987,1.906770500548128,1.2149172777012018,1.162279045536387,1.6030028975623456,-0.24868252372385735,1.1903834305112622,0.9953390796509839,0.7712500717987891,-0.43934734354067273,0.9606837701633063,1.7428099830498365,1.2560196555027152,1.3649092063053798,0.7960149794806779,1.2515211244557507,1.421812813421022,1.7546783706470634,0.7198695583778923,1.4000998850242115,1.7210450320296926,1.8201973356699048,1.8829201231204034,1.002054014397488,1.2720295261423051,1.6599960573514934,0.8783736250214589,0.7665475030171894,0.6334124606594856,0.8376619214213016,0.23321136412375776,1.299101521265027,0.9581111967100918,1.0164024235906177,0.39800938824259513,0.6807209092672789,1.0722143853892105,0.695425016860004,1.768649575543581,1.338578512916527,1.3402372605609667,1.480154564907445,1.0678829015909868,1.502829336869834,1.1098590063206313,0.5473983589461067,1.8196337438002377,0.978720150206038,1.6750973679801453,1.7117255557260151,0.6917256831768888,1.0656904493420756,0.6186965298345811,1.0739600397521107,1.269136989433496,1.7104368584794205,0.6533025057222628,0.5235990787288598,0.9257257680562875,1.7387247627876061,1.3158033730210164,1.0579055571899592,1.5258097440258813,1.49519412858283,1.6395806693226742,-0.5966205132154513,-0.718429015981614,1.5392189455137268,1.6380743469515906,0.5932370659089591,-0.6167261618567411,0.9361491501734678,-0.6325176095110163,-0.6050667092552618,1.5027469126378117,-0.07278616873342941,0.5934031989438046,1.1032121458374893,1.360458357413151,0.08996043046223061,-0.16384721581693562,1.6476562508359036,0.10408385605132621,-0.6699128894815863,-0.6000508587619332,-0.5890109965071428,0.11164349632054492,-0.6086377642121578,1.779630309435582,1.5776433525173321,-0.5941322662978896,0.9819094007274176,-0.4715856349871789,-0.6309118164362035,1.0916161354939913,1.5317074199973384,0.8046995985556544,0.686256732736894,0.04142205028863624,0.41114219682525793,-0.06350436267932859,1.5055146555217112,1.5347224315318362,0.8458691323225578,-0.6684854764804322,0.8954916158635049,0.14513354119108093,1.4287200981065509,0.31358045756533054,0.17364318694276096,1.475585749524685,0.3835373616019685,0.751064623533344,0.7482656771021279,0.018070111542722804,-0.6270639619144874,0.355357858482812,0.8944765406580828,1.6814331400160178,0.5004021096382723,1.322759341621719,0.9994531303968226,-0.5689538037065638,0.7240462317324777,0.03105270751881304,1.0255782215803046,0.8181979357779983,1.5972717264689857,-0.6174839381397094,1.5544349357208829,-0.6228814168466346,0.8523314586663006
1.117216923982182,1.8369689071087099,1.1295212036419426,1.782342494871712,1.7022208583843763,1.8829456668351798,1.1985597709211897,1.0630805431378214,1.5392009004349405,-0.32166530614551936,1.1897903120007358,0.9959155239510621,0.777591891697111,-0.534991027420633,0.9721392632243039,1.72024482974161,1.2567854505963532,1.214432652913651,0.665650136826599,1.257770990471199,1.4300263233475727,1.7569956664297484,0.5661104867275886,1.3919173080974288,1.714374100735759,1.9615347319539136,1.8883525427345471,1.016561690392397,1.271091361482638,1.6626155300007446,0.8871451770977287,0.7728889670886189,0.5363162914281594,0.7453402818578493,0.08980344346237892,1.3000589538870715,0.9599879987380473,1.0196428307225913,0.11801617422633207,0.6801043106993692,1.0688038772891024,0.6981904966553222,1.707736274047589,1.3426694985793786,1.339798708723276,1.349644176246698,1.0676284175106732,1.3611392437065135,1.1084197845214232,0.3874724312661378,1.8180158507742379,0.9777891308561144,1.5694701256447332,1.7098454145481021,0.5417880015731199,0.9261977758119051,0.5013293094102275,1.080079299897117,1.2705298901211377,1.7078512686604428,0.5310805385212302,0.39122590927386475,0.9243994023006579,1.6910485566537414,1.3149063435851414,1.0226123253222326,1.5224387632796625,1.4116829888967564,1.6335580238468508,-0.5956545702983361,-0.6834759019633843,1.5401814808979641,1.6190532520765155,0.41328436035362676,-0.6107082171591703,0.8963655225180539,-0.6280921749923963,-0.6047734916420234,1.4796240071048166,-0.22561433048459648,0.5070954911365164,0.9227602199676491,1.2667112176644508,-0.013301171485727079,-0.28385661687053787,1.6326546860965536,0.10408385605132621,-0.6656992382895428,-0.6055181659814953,-0.5894801712296214,-0.019602731048702745,-0.6085797022063051,1.611271764353477,1.577143568930065,-0.5948268034666438,0.9817019389764795,-0.4515744307454795,-0.6271352316530074,0.9772740876366767,1.348481570679416,0.6274416001711297,0.6490881709113696,-0.06046477352903252,0.09412365286238798,-0.1332080122437427,1.5064686305782313,1.4823115498334984,0.7781838366225297,-0.6727412109485972,0.8716480057885465,0.010222079732790833,1.4296336771593245,0.19794718190555785,0.050772920195009355,1.4786071357194528,0.22158981284068144,0.6918347299324712,0.6995947135142205,-0.164807460080209,-0.6259340347573301,0.23290431241110923,0.8355492120034737,1.6564626681475052,0.3377179461448553,1.213634747999904,0.9869847402919687,-0.56921908669813,0.5354284775532451,-0.1321721150164424,0.8914855320953984,0.4512951817016169,1.5824323247017367,-0.6173043124128713,1.5550610913070244,-0.6229257499202904,0.7898706767555124
1.120670502729034,1.801506908057873,1.1203017009170455,1.8226986549777429,1.680967368403075,1.822128044547889,1.1931039782591482,0.9612070899749943,1.4560461524643906,-0.3685039054593531,1.1888339046024192,0.9997998509068956,0.7745584067778827,-0.5952202015667626,0.9610646925516729,1.6862469346141529,1.2472712090333686,1.0510286751990414,0.5188635232491855,1.2516188375861004,1.4258934250643687,1.7540408187187408,0.40798570428647135,1.3846358883933327,1.704255274787411,2.0127916215773944,1.8818730992024617,0.9865278789545598,1.2772426687673992,1.6543242958321938,0.892392656600128,0.7610659939953469,0.3391600131062216,0.652593120431177,-0.047519720365167537,1.2951395171927418,0.9611897955500397,1.0127275181444382,-0.10891899826630626,0.6803384079642413,1.0737080508911383,0.6943620598235827,1.636301587412618,1.344432254807941,1.3415533434083484,1.2071519079589728,1.0657001998242,1.2171849595825774,1.110531918544269,0.2359683427098985,1.8215919585313685,0.9645211884339887,1.44898864673815,1.7044952453113749,0.39428010909988115,0.767264529940852,0.20955808181599328,1.078450592176977,1.2702015257004775,1.6949623140043535,0.4152545758246526,0.2516173747840248,0.9237590640468153,1.6201786491463024,1.3201571833657046,0.9880188276227012,1.5141871864647467,1.3108986152241224,1.6195979336645456,-0.5968959041436274,-0.6628780009079361,1.5403720905444944,1.5890880736961353,0.2398556467706318,-0.6102108693347672,0.8506110223861145,-0.6223534540108508,-0.6056085256617387,1.4417654827660504,-0.37475956633224916,0.4041916666683683,0.7458041116723086,1.1631303831860789,-0.08677114853363972,-0.3964229072519158,1.6076702025101999,-0.10936795703351233,-0.6623198204163538,-0.607157540238299,-0.5905199850652244,-0.019572464920530552,-0.6090668025454806,1.425362492379702,1.5757261656556572,-0.5953881489761628,0.9821513099921646,0.16908011260606093,-0.6242764726929222,0.8572993701100994,1.1491662144972026,0.4489395482747288,0.6109262165874141,-0.12573010490626663,0.09406407363906703,-0.18277600736157326,1.5070839798624076,1.4068709822999954,0.6968764958461043,-0.6774434780269664,0.8456517168246983,-0.10152025386300885,1.430114200427666,0.0779893144294968,-0.03235516839996192,1.4802601424178319,0.07576334138396515,0.6216849114205673,0.6411784339522488,-0.16484028307149104,-0.6264846551138853,0.10416077199107168,0.7699072393579051,1.6214631610778434,0.18172172968375996,1.0901875635519693,0.9756029430550832,-0.5692901446422999,0.3502524718520762,-0.13217494099533678,0.7581152742179533,0.2852527929618109,1.5580537664320497,-0.617253792677198,1.5543881181423507,-0.6233737587480569,0.7198657819146848
1.1233653834757327,1.7466802156215655,1.1136906376326097,1.8684352339805457,1.6562572193769174,1.744532945860103,1.1873534267913313,0.8213581280184774,1.3696113253885602,-0.40033693351903843,1.1876473635739293,0.9918289516420464,0.7665665955963531,-0.6301497079834081,0.9558152433445573,1.6378893313106584,1.252409463812968,0.8833206411582479,0.36099048857890004,1.2558695684411347,1.4208242127928583,1.7535614494618683,0.22318844991503667,1.369244378738765,1.692626380341723,2.0296345696863365,1.8808103466473678,0.9876592466088902,1.2736713404702713,1.64297006263966,0.9017053358962053,0.762276129954379,0.0729580247273094,0.5564852965600731,-0.1590590818314579,1.288574364982958,0.9604682382502165,1.0157210487170527,-0.3667173550753553,0.6784696719785976,1.0726333993499773,0.6949635262994724,1.5361660737331693,1.3392132536590298,1.3416425494459787,1.0470453666879527,1.0609483830845337,1.0505256738882105,1.113036184096184,0.09028713901685713,1.8185324755017476,0.9599379820674009,1.3134498981397398,1.7114724467311575,0.26052464518778223,0.6285667906482284,0.03493382069886767,1.077381353860947,1.2716814959215974,1.667276908774398,0.29334070548802793,0.11286383434944113,0.9294108699362824,1.5072223806389617,1.3059673089961077,0.9511984053440725,1.4970580126599433,1.1970841480124117,1.5973752649938728,-0.6014311863230208,-0.6511623734640916,1.5400244411724309,1.5503506040740356,0.0820090663950343,-0.6143680223291095,0.7996813890827452,-0.6195351118863631,-0.6109898432170888,1.3855339446615385,-0.5096690350392666,0.28565786314845554,0.5590421483030177,1.0496929247233324,-0.1449019947549551,-0.5018757371064086,1.5640946855259419,-0.1705074086644486,-0.6603492173919827,-0.6064576945685836,-0.5916872782542141,-0.2003839075753941,-0.6093932351203689,1.2242086684749494,1.570911487679153,-0.5959377924370338,0.9818162005574301,0.030636787271196002,-0.6226022415602082,0.7364831538725223,0.9481299410306211,0.2787734601205278,0.5718980072210048,-0.1737465549270751,-0.12253163668654334,-0.2160001345570836,1.5067625416041543,1.3194938249281927,0.6017997251142014,-0.6825972692305119,0.817566842124291,-0.17823480654975762,1.4301261239694691,-0.052406180256358445,-0.09495923341046673,1.481575809880873,-0.04419135038443995,0.5387145707524467,0.5702581065205783,-0.2148102917527115,-0.629121645099332,-0.02978672547834522,0.7051609871635527,1.576540029010242,0.04629800489995209,0.9617174821790234,0.9614720448178307,-0.5691348445088975,0.17771785678731575,-0.22535058858720838,0.6231765984241081,0.2852527929618109,1.5170758473763113,-0.6170333329156437,1.5541185981771373,-0.6240249925613179,0.6380085150587576
1.1193207171499058,1.666413053290146,1.1181403054962913,1.8679872647204436,1.6166579575562672,1.6150071379488886,1.1918839660525327,0.6980408875413832,1.2499446067778381,-0.4257893897107815,1.1883568155971986,0.9953656553210013,0.7736834080257118,-0.6426411692150651,0.969327101492868,1.5587976852871344,1.2528649780714574,0.7064419821044123,0.22414822369855406,1.2534434101263077,1.4299995039073008,1.7512621759429117,0.050200677761582164,1.3445363964816401,1.6715565708035036,2.049701819502798,1.8875937932783295,0.9663496511406734,1.274980541348425,1.6101948915674933,0.8973749479285825,0.7530870087030203,-0.11728437199736098,0.45116773515522257,-0.25809197070470297,1.2876085276853733,0.9641148181525482,1.0109258398173435,-0.5306260009688069,0.6748258620111645,1.0736223128035702,0.6920666697917865,1.4266511169931935,1.3357518307704876,1.3395183774146044,0.8864526589605987,1.0656979302880043,0.8927675032841916,1.1059311178969846,-0.04147052042976199,1.8185115466268327,0.959811423881512,1.170519646473115,1.6976909733927783,0.12655204085912575,0.4849697780295897,-0.13382573781617316,1.070981737757734,1.273858022410546,1.6307993347899215,0.16784474273551603,-0.0010230282566519367,0.9287122147529036,1.3580891851436907,1.3303452346877649,0.9087015627862495,1.4705442549945105,1.074981596326958,1.563753833561249,-0.6085412742104531,-0.6464845977918158,1.5395716577407237,1.4907676565658146,-0.05446816101593489,-0.6251833562836302,0.7406899700385137,-0.6175478065723887,-0.6183300709021142,1.3025012693404243,-0.6250601050273629,0.15586464735393246,0.38581273826748,0.9297695380575273,-0.19021598269312265,-0.6037913677728388,1.5033556503227077,-0.2134278322605459,-0.6605272049352197,-0.604249636436363,-0.5933363613100275,-0.25553879884818076,-0.6096899164575263,1.0158277932998123,1.5607068063735587,-0.5973362754568721,0.9813377730181609,-0.06372181354660984,-0.6220616188840746,0.606443342804087,0.7376667492935239,0.12447962265850349,0.531695979263525,-0.21128688777118365,-0.17955676379041569,-0.2344500655598198,1.5065566995818334,1.211821875792618,0.4894362170292246,-0.6867722035500676,0.7885917906625564,-0.22300795085336086,1.429852879914531,-0.1812864234560201,-0.14148832537244535,1.4827614306242034,-0.14299444931448016,0.43804661116251326,0.48432457195491196,-0.26561014348653744,-0.6314815604625219,-0.16362297768924927,0.6385212481034613,1.5148365016526268,-0.06764042778681974,0.8263810455232848,0.9434654683394381,-0.5706145049125894,0.02789061515050861,-0.24685544513620003,0.47934058066278024,0.008964713399526383,1.461067329679803,-0.6166460699745415,1.5526913470519734,-0.6244376437229787,0.5472915984003446
1.1168150801511643,1.5671275207196778,1.1220532084637118,1.8684883158398977,1.5696149415707898,1.4867806479128602,1.176857579938634,0.5446305061928393,1.1320639227119158,-0.4469317505798409,1.1896425643861195,0.9927166465858868,0.7635590588391782,-0.6512535306671712,0.9688845981179298,1.4469464990300234,1.2583347800089097,0.5293277759803,0.065653266226136,1.2418411291638591,1.4219748569298905,1.7484416342737006,-0.07804791098517742,1.3108686338880506,1.634383848921534,2.0430704970073124,1.8896855761904627,0.9690082508487889,1.2721266823530155,1.5641092041854556,0.9093133695892557,0.7578279194770472,-0.27040380310484563,0.34594740159500026,-0.33867486912204203,1.280337983064114,0.9640699775423597,0.9978841342358755,-0.6576727945566073,0.6786355149348665,1.073860286629301,0.6944952280365724,1.29236265043742,1.3264170287904016,1.3387639186867681,0.7285062661790757,1.0602162109728896,0.7350205052155112,1.1075674355785792,-0.15304110569597004,1.819022939135614,0.9561639036285068,1.0050123017373438,1.666219049903708,-0.0029766655589759114,0.33167901884307804,-0.23881134890019956,1.0740273613278926,1.2809828947948467,1.5719810712380389,0.03330273007790227,-0.10842576248432924,0.9265462229684813,1.185136576668433,1.322604491271368,0.8666687659915103,1.4251083526724722,0.946156955447709,1.5154322035233243,-0.615543251974998,-0.6448805474656492,1.5381163378096783,1.4157223213917347,-0.16325254652364718,-0.6382132208816714,0.6729264128643213,-0.6168770577741476,-0.6247831037275279,1.1960134117273333,-0.7201341607021251,0.016759901753983498,0.23021230447644642,0.804198451909458,-0.2214142565083983,-0.7002573730204709,1.422368987895119,-0.24097467906292866,-0.6630557581288204,-0.6029477385721208,-0.5944016468724911,-0.2910329526437887,-0.609787148156258,0.8156760822377142,1.5468732377577252,-0.5985310016999996,0.9803703187046044,-0.11705216174648635,-0.621619392200352,0.47415678174154535,0.5296711016893859,-0.011040179099417687,0.4877298643977883,-0.23357531349019833,-0.2180995146217465,-0.245829135295549,1.506656740890765,1.0883145904216212,0.36568710840613944,-0.6895151970120287,0.7590789418039646,-0.2441600134108153,1.4275185405840627,-0.31143951388987023,-0.17049930511408654,1.4832001494110312,-0.21781748998810388,0.3212250269162737,0.3825839815117368,-0.2656231497888556,-0.6330540215531311,-0.2896139870206424,0.568283678142056,1.445371382021224,-0.15808130170834225,0.6909639047954385,0.9240018239037704,-0.572212766447192,-0.07884486306929435,-0.25811032750022517,0.33457436892578646,-0.10144955373858539,1.3904398151915518,-0.6163782273236467,1.5456996542821657,-0.624637441734682,0.44831415667186686
1.1218587084161287,1.4461033325529602,1.1254986851688178,1.8746425849803634,1.4972474804552252,1.3247482004863174,1.172997594004278,0.4040792840596282,1.000202141870651,-0.46124841743970224,1.1914350935733224,0.9944241333844983,0.7522584672165461,-0.6540398798730552,0.9593216207335443,1.3099410348636027,1.2530349011767645,0.36358517674919916,-0.06217211363076105,1.2402111441450343,1.415540444999174,1.7440570585707504,-0.217488910532132,1.2347353134609462,1.5830634783820505,2.0423702901244623,1.8811597740503394,0.9441582745794452,1.2717046600627442,1.4863255562138207,0.9055096689448459,0.76147827650798,-0.3971306742226189,0.24224820366571137,-0.4318449326426844,1.2724559982972474,0.9718596929081924,0.9922977906284486,-0.7157149714415258,0.6775916051286595,1.06953343865366,0.6948547224949576,1.1500603747546676,1.2974256825729762,1.3344600211634596,0.5657914976970521,1.0649459244035246,0.5819795542868786,1.1107089026019226,-0.25133902276816406,1.8031289373085557,0.9579700522778682,0.8532770185975199,1.631218888949401,-0.1158475278143165,0.2032950497468241,-0.37085268101718877,1.080233597334228,1.2806350403569593,1.4815826982319389,-0.0929445256020949,-0.20386874296382015,0.9298085271093397,1.031397725834964,1.311349943629964,0.822807253769109,1.3619425296177412,0.8096386814985963,1.4547477233814052,-0.6214257045132566,-0.6413636251332465,1.5361957369491626,1.3215202033463351,-0.23389554467798443,-0.651037998544879,0.5993760610873387,-0.6176228515131269,-0.6288010428616914,1.0701680016101964,-0.7917180202650429,-0.12120712402127187,0.10468684104764434,0.6757581103755481,-0.24218895594089815,-0.7846956765415809,1.3283900900840224,-0.2607889431486865,-0.6667421632022191,-0.602984781555147,-0.595285612369815,-0.3162005324941946,-0.6097447651080926,0.6294696443434156,1.5233148221748196,-0.599815874880702,0.9782112728059436,-0.15402888391274558,-0.6212328047854745,0.33874918110854646,0.328398935831258,-0.13295017634962336,0.4362661537422854,-0.23058302924725477,-0.2181708094234348,-0.25429992833761494,1.5052546206779152,0.9480106596945691,0.23133326388439973,-0.6915165865360131,0.7258796994942895,-0.2552765614322299,1.4244649804658815,-0.44370941819695253,-0.18923770742121035,1.4838749612173736,-0.25683073577953724,0.19182136989643786,0.2656827597141962,-0.27166565253966773,-0.6338780168913426,-0.4178493245268433,0.4945931119678923,1.365637704973047,-0.23352270545295842,0.5555145956414222,0.9008771074103543,-0.5738438459078163,-0.15197065396429468,-0.26073090234952917,0.19330773759546557,-0.18882948469210123,1.297986603453404,-0.6163501608038284,1.5342157888686692,-0.6247078850848464,0.34091085642914887
1.1230274823981974,1.305991887554091,1.1245035636205891,1.8711311679431755,1.4070723850066453,1.1642315094569806,1.1837584712629474,0.26998017394617024,0.8735313790776985,-0.47054684961923166,1.1898037896637974,0.988315783196285,0.7585317973309066,-0.6546119984357477,0.9560183506341969,1.1548490904519626,1.2597360750678193,0.21670865692744823,-0.16266143094141142,1.2378365682981605,1.4286652930971495,1.7372909038514355,-0.33509846070733557,1.1455352674805075,1.4960507460749253,2.0547605075370017,1.8676488747366788,0.9455050592063424,1.2510604310055937,1.3705748325476244,0.9033883743546942,0.7641181018253356,-0.5473112324481213,0.1458583990394551,-0.527218172473572,1.2530534045882358,0.9671307770561255,0.9713042010381222,-0.7244815793894962,0.6790457337236316,1.0686079848869288,0.6946191998796966,1.0161559851773692,1.2611269531669702,1.3221114483831715,0.39958288390681307,1.05818300256852,0.43491152837795655,1.109015683172302,-0.3207999457542741,1.7984476939608305,0.9593087467674112,0.7014748316123237,1.5783158248357414,-0.23548947118764785,0.08458748243881309,-0.5005701681852001,1.080395462800832,1.280699654001025,1.3499058033331006,-0.21677678492331634,-0.2853019929326469,0.9312150212445287,0.8784091484917106,1.3195167588527037,0.7744138214968991,1.2804117724378625,0.6702904218308284,1.3708640705872095,-0.6251797176920768,-0.6373959856278865,1.534241931058096,1.2125774138286325,-0.28075506627738567,-0.6567642827244699,0.515934455585406,-0.6199465842940761,-0.6302120338817677,0.9292562717665949,-0.8459648394504246,-0.25142578372331814,-0.009062445212863904,0.547696792758781,-0.2564334451495124,-0.8542507440380538,1.2098605524933215,-0.27372069418706535,-0.6699974322319826,-0.6034156062649336,-0.5956927374827854,-0.3331279598304533,-0.6097901953035122,0.4398179951129729,1.4860626657379306,-0.6005962074714538,0.9746639098653322,-0.1824897561409937,-0.6208203967518219,0.19875962024446978,0.15590070445909499,-0.22151843231418203,0.3791465046780821,-0.20622932155973273,-0.26989964397350696,-0.2568305868297353,1.501238773882894,0.7946533007546478,0.09125233526387751,-0.6930319272895982,0.6895777103397708,-0.2622192490698838,1.4142533056395317,-0.5651631947993058,-0.19892537533589935,1.4840649200964033,-0.2698789353377453,0.05685668672787375,0.13425201365578393,-0.26019680780886906,-0.6342635194419886,-0.538575340017085,0.4200438794963356,1.275053416202877,-0.2928529759998507,0.4226949374073641,0.8752421205503871,-0.5754895935545068,-0.20789080181366373,-0.2566863316090152,0.05696389648672458,-0.2528161945204906,1.1849256859880553,-0.616378172291255,1.5133487075163856,-0.6248798865313498,0.22930188055305153
1.1210897680886953,1.1553393236698144,1.1195839339046034,1.8729391777055435,1.294618760474559,0.9742584626837842,1.1842162197510442,0.12496123839881972,0.7440119654946187,-0.4820286592159225,1.1871462579811476,0.9880847099976603,0.7590690245143695,-0.6526063913001178,0.9502360059611392,0.9863747658004934,1.249466930917946,0.07334018322628716,-0.2788738239747083,1.2436508140812017,1.409507423178742,1.7205231963033798,-0.43051254959898155,1.0388167770996386,1.3822730210950573,2.0565611574808558,1.8514172986829964,1.063326715244366,1.2584646136929032,1.2315155588714564,0.9118329734438502,0.7602794112573309,-0.6717460610125541,0.05634786453526064,-0.6117590114409827,1.2298507969224244,0.9694647707508097,0.9517250845476498,-0.7155368441197801,0.675024042034115,1.0694545641137836,0.687521871577524,0.900227318137535,1.208664756406406,1.3101655313583649,0.2583558588650736,1.0656535263189693,0.2944635582610971,1.1096513149403369,-0.36895742371474927,1.783961613947316,0.9685571612048759,0.5670915989552784,1.475285401961433,-0.35538797991350385,-0.027555712698606967,-0.6019330885565555,1.0731991703989752,1.2822198753446783,1.2123312688646664,-0.3426301321839363,-0.3443906498175957,0.9339968994993467,0.7483050154312161,1.3021914036249786,0.7226845723594552,1.1805764971066988,0.5300125276624044,1.261244031889106,-0.6270320840405447,-0.6361065755203765,1.5332010354506622,1.094422558169449,-0.31131683734888627,-0.6571707943274436,0.41914903528177383,-0.6221661742067479,-0.6304748531247353,0.7777774206041554,-0.8819700946653419,-0.3862354626227891,-0.10759122470117372,0.418028377504153,-0.2697964763708626,-0.9107207500095162,1.0722863355014467,-0.281001486687309,-0.6729497119847897,-0.6043823984875283,-0.5951992982242924,-0.34302792075191285,-0.6105568021498683,0.24610766928590921,1.4394333100219712,-0.6010888107956989,0.9673325743368708,-0.19912380730635873,-0.6201888188637422,0.06225034666041812,0.0048002719240448875,-0.28338885704693184,0.3175435819084484,-0.1833580068019974,-0.28701715536625316,-0.2559115030838907,1.4904291880088076,0.6340277064726542,-0.045378572423483504,-0.6943136027485568,0.6532249253674299,-0.26472857113406373,1.3976146150978672,-0.6695376176276969,-0.19987101418599104,1.4838146490510558,-0.27426894062514845,-0.08420095179712625,-0.007226193132501418,-0.24921569941498603,-0.6348988900270854,-0.6463756858873235,0.33741620431671526,1.1800338297060158,-0.34347966995012696,0.2866611722875499,0.8475905183406226,-0.5765292083762323,-0.24653490721671315,-0.2566821174299624,-0.060653563003051185,-0.29755461815369766,1.0610369013489303,-0.616573757411715,1.4810154767868815,-0.6248490981636329,0.11132628847129394
1.1240989064097695,0.9983621094563027,1.1221783300774293,1.8821358700435094,1.1657899678159411,0.7831723198626501,1.1914473373542582,-0.031052188810710882,0.6161334656856893,-0.48951053727412625,1.185083060838774,0.9904079415575197,0.7562467999531488,-0.645574564012656,0.9427255448524064,0.8403885407329077,1.2466871631952237,-0.05763172936547796,-0.36457549409612333,1.2396232927267192,1.3690123221030477,1.702313018908134,-0.4981231005944504,0.9077501389135558,1.2445800477910862,2.073303250319441,1.818285742411214,0.9903441306160456,1.2554898329050692,1.0999336526662662,0.9127955980832152,0.7569449721823597,-0.744265235610344,-0.02781203762631113,-0.6711302859339375,1.1851498296680598,0.9730155081275483,0.9116115755126573,-0.6903143583253222,0.6731024118465412,1.0470996517278683,0.6897169375744213,0.7949096098150198,1.1369199037910722,1.2787124439922235,0.1389394360350081,1.0528772216462707,0.1588123299829162,1.109724404254611,-0.40643582113510984,1.7537747829680457,0.9657412137904942,0.42389900823566423,1.3284490033170724,-0.4604161104196024,-0.11490485881336952,-0.6788557366614051,1.0744045202902024,1.2852694274965575,1.0770937077380114,-0.4522540991090316,-0.38676751135795784,0.9329972463056455,0.6399656627492387,1.3032924803489228,0.66263920232641,1.065165153570579,0.38334777335022424,1.1388136646558493,-0.6275849689855127,-0.6382370938048713,1.532974438483933,0.9638708670070888,-0.328512364126586,-0.6543555919090368,0.31158567236656387,-0.6248812048323164,-0.6307339301440897,0.6255389703630196,-0.9063379909424529,-0.5182045730689641,-0.18211824769892998,0.2894741524162182,-0.2826810857252298,-0.951844997780049,0.9262886819976861,-0.28131957564630833,-0.6749900387906981,-0.6051870313476282,-0.5945639536817983,-0.34294648097281755,-0.6115397010485614,0.04813818450175617,1.3785096312524077,-0.6009835511621308,0.9572103048945053,-0.20929233247910403,-0.6194618435067231,-0.06275278748992572,-0.10919308052955648,-0.32781183388193247,0.24991741726303363,-0.1778998515913775,-0.29727955141687684,-0.25140147266349827,1.4716573841953065,0.47003066043661584,-0.17924731854894646,-0.6944591886019071,0.6165687484109462,-0.26375790249109476,1.3642422537100587,-0.7621811740667815,-0.19391953486353314,1.485127916472106,-0.2786722611363269,-0.22018588794399543,-0.15505760586725711,-0.249330400663773,-0.635569151068929,-0.7420643802579067,0.2387582454131959,1.0765448602346532,-0.3794850940513758,0.15706906375663496,0.8172256841526446,-0.5774777891249055,-0.27259793621483064,-0.23411161894497504,-0.15961857320030434,-0.33120332608312775,0.9256674188384735,-0.6173131726279514,1.4359672342296024,-0.6235548443949284,-0.009370027227080626
1.1214755305086574,0.8467592046153503,1.129373651809086,1.879711173973961,1.0261406642965225,0.6006833989899716,1.1785110069624642,-0.16488013680812816,0.47765885478789005,-0.49293132915489624,1.1834100065745015,0.9894761039753456,0.7568315802061273,-0.6351096134566264,0.9389618469123863,0.7027214897053787,1.2499125900512797,-0.18229134478056244,-0.4319287822088349,1.2532493468169976,1.2973965285071103,1.6712822393042885,-0.5350026147771917,0.7768124386972943,1.1253103622387441,2.0782806643404563,1.772843696413219,0.9472887345951094,1.2557397379427462,0.9715257320802514,0.9187630698019181,0.7592808264946385,-0.7755342946705539,-0.11441814034384218,-0.7120676001609448,1.1186466337820704,0.9635278967815344,0.8897918521151261,-0.6709877582688686,0.6742123816603984,1.0304312448637551,0.690574469206051,0.7068914645588823,1.0578450998616356,1.2275003795414012,0.010983116956838821,1.0526233296188772,0.005879489763883432,1.1117139051998155,-0.4305408681543898,1.7177154689292053,0.9816490999690143,0.280981736337148,1.1653776161783596,-0.5468688285312449,-0.19058169964283236,-0.7233347323030728,1.063550045751967,1.2873639688043472,0.9516715423662706,-0.5565719860968452,-0.41850415800583374,0.933443692248492,0.5366374590309142,1.2964042240591651,0.5928530128342067,0.939490796361492,0.23905383975766065,1.000644080171637,-0.6274557711362363,-0.6443092877385801,1.532397820357244,0.824958516123748,-0.33665384257424164,-0.6493771906179769,0.1877082630305279,-0.6282545137157515,-0.631458309490205,0.4713844358357068,-0.9162705775321934,-0.6408594712134487,-0.24003117021169917,0.16976628167663643,-0.2889009437213752,-0.9758959485526957,0.7794691661073883,-0.2728507534143085,-0.676155513377499,-0.6055352946568465,-0.5936526453118016,-0.34975820166475835,-0.6119021453637212,-0.13402584020243605,1.3039005390675569,-0.6007273997856943,0.9398565703019104,-0.22187125799880206,-0.61916571154988,-0.16987739066486596,-0.18478940553082396,-0.3574401861513653,0.17604588733999782,-0.18401511956475405,-0.2981628259192558,-0.24447634441430957,1.4376669663217467,0.3025507031301145,-0.3099274549771953,-0.6956129564897077,0.5770473150039395,-0.2523887963526371,1.3143129437800978,-0.8396399783774221,-0.18292882652983822,1.4854801004116076,-0.28713054711504243,-0.36114965100831903,-0.29929285335231964,-0.2269855732818409,-0.6364884263820081,-0.8230239790367778,0.13509474085709808,0.9688291152554482,-0.40342324239567234,0.0419142580935488,0.7863381069012647,-0.5784915491283916,-0.2937432891178129,-0.21720125871359156,-0.23859193146240906,-0.35039315639088325,0.7759816375417089,-0.6189741052448926,1.3676678515076768,-0.6229808534830062,-0.12717615498741236
1.1244068462869452,0.7092309018477791,1.1243413833839466,1.888347072080183,0.880492266751521,0.42202307069348843,1.2027116461246603,-0.26226003055471675,0.3302164796411656,-0.49943044693833577,1.183906957398971,0.9916862763288602,0.7480739084647554,-0.6254300387605061,0.9347423397056862,0.5781239449579033,1.2511582778708963,-0.25623718642794285,-0.476347035302879,1.2493799278236384,1.2478834469834394,1.6250713184413137,-0.5616404575119545,0.6166374578924503,1.012308822584581,2.078453238914178,1.6920914891542305,0.8794897565761606,1.2478197269686184,0.8502404838672402,0.9141272305910145,0.7602086312086885,-0.7795943264802877,-0.19602281072451055,-0.7272618373741537,1.0283799181935698,0.9647172568848482,0.8371021476731773,-0.6565980287428482,0.6693055782599879,1.031116249426899,0.6853232225793799,0.6154957901724657,0.9540122806541877,1.1618617223846115,-0.10388896953347879,1.0435012742467853,-0.08304589550067394,1.111799944567089,-0.4450333893693723,1.645097960170139,0.98587374332782,0.1391585639162636,1.0134463090017063,-0.6047447356206179,-0.26742137211394285,-0.7399917713488281,1.0496449775943537,1.292398430917118,0.8374490753267755,-0.6293277155257097,-0.4409053567776825,0.9292487764234776,0.44540232200338725,1.2996701257147742,0.5113589982477812,0.8085267208668091,0.10343252753955691,0.8497855529876797,-0.6277708933871768,-0.652660372690739,1.5317079037471895,0.678440947631125,-0.33476602711938913,-0.6439289985584532,0.06021247882918905,-0.6296614677930402,-0.6332644217511325,0.3236352787329606,-0.917364547769195,-0.7545282019630409,-0.28640426585224493,0.05101219166076163,-0.29057277748353216,-0.9788929060520728,0.6300603586883247,-0.25133322306514183,-0.6770433188679477,-0.6055798647740236,-0.5934521309122036,-0.35072422877546544,-0.6123709074166969,-0.2920686619907067,1.2192049053942255,-0.6001564103767874,0.9181327071504173,-0.23258129027860838,-0.6190163961866793,-0.26151674547360104,-0.23631016904006527,-0.3721148843609947,0.09605424141527875,-0.1998916015248727,-0.29328789365408614,-0.22948193913882686,1.3854394622564505,0.1366948768819193,-0.4445939110840546,-0.6972568807487695,0.5351717214955718,-0.2487097054989858,1.2417419613820808,-0.9046604457447082,-0.1726378909452109,1.4855337013493966,-0.2933226059985545,-0.49622134839371895,-0.44964395910425325,-0.1697643462348045,-0.6374313224773871,-0.8912973938416469,0.017271403130277998,0.8575515881094777,-0.41916520991170425,-0.07196164037426339,0.7512796217648676,-0.579240996409428,-0.30644346891132923,-0.19369134534988222,-0.30167144349507735,-0.3523696394899273,0.6161013173230926,-0.6211081513341462,1.27730052363053,-0.6227852439948263,-0.2354335632784522
1.1192057542053964,0.5695831812317474,1.1241541398154833,1.886918649653222,0.7325477730604344,0.23166899597750754,1.202007691391085,-0.38045136818814623,0.17484972361762535,-0.5011944185239514,1.179199908908634,0.986278240089111,0.7564720923644563,-0.607587889128089,0.9412206594930542,0.4730545616112713,1.2570448997333339,-0.3438954195560365,-0.4999940402885565,1.243114545130839,1.1362657821020132,1.5589665734181124,-0.5796909546492748,0.4641711257118716,0.912853444471024,2.0800919306285586,1.5867849918643433,1.0318095551041844,1.2418432589854582,0.7324086302893051,0.9198445864365966,0.7635363078586294,-0.7726818772817232,-0.27374626958312565,-0.7280929160737514,0.9184819817102104,0.9648643295223363,0.789855467741387,-0.6477394633688509,0.6770194700274373,1.0104984897102314,0.6819125636929659,0.519147302130758,0.8335968717610538,1.0758835544802885,-0.19969777951771667,1.04208626776687,-0.1933941791382348,1.104573618780717,-0.4529505341387877,1.5497431624625115,0.9899758285838735,0.007918545672870434,0.8712343872276066,-0.6572237733344037,-0.33814471105938837,-0.7392779517325269,1.0206675574466888,1.2873519993915943,0.7427511884251349,-0.6843579588128522,-0.4398827909780794,0.931022965687218,0.34933782903180777,1.2989056926647484,0.40963738689450374,0.6740831464682755,-0.020667934140213753,0.6909286484760697,-0.6292546508255888,-0.6586695507537196,1.5310975788655865,0.5258509606789031,-0.32452291591384264,-0.6399183962690073,-0.06727834532871182,-0.6317136199169586,-0.6343915219306672,0.1810593285855319,-0.9156143933488683,-0.8521203424191864,-0.3178032501672075,-0.06120729911452474,-0.2900584245913877,-0.9764430210579004,0.4814132947570087,-0.2232261019254321,-0.6768444888181501,-0.6057611086813736,-0.5933780093942304,-0.35127912438522757,-0.6128878697989584,-0.40962815786154855,1.1166467784512821,-0.5989473358931058,0.8913626487167543,-0.23640318404330254,-0.6188974547556727,-0.3374255962682531,-0.27532545399303127,-0.3778770362602375,0.0049725273783263945,-0.2151942327595293,-0.29331758313259787,-0.205549969586745,1.315047612824225,-0.017235341912192764,-0.5674703360911826,-0.6988195369046933,0.489597873313738,-0.24866349022122824,1.1425168760208662,-0.9576606110477677,-0.16216831003881516,1.4839444290994335,-0.2991518550234259,-0.6168333209794292,-0.5875291414407235,-0.1560961562644362,-0.6386434954909861,-0.946607021380099,-0.10827311840617046,0.7448713494124707,-0.4314177963004451,-0.17644133966245654,0.7117517722905424,-0.5800678939958764,-0.31631901419060254,-0.19373244599029069,-0.3642696686135121,-0.3462588863904849,0.4509677308617337,-0.6237324810019533,1.1708243110455094,-0.6223228201185703,-0.34692402231919406
1.115487215066868,0.432003213519349,1.127329186095929,1.8881035200196252,0.5882228450773221,0.083928701806481,1.1901567345457917,-0.48772486854169017,0.009713651498237096,-0.506052187613201,1.173032206017011,0.9864523332494788,0.7386941490271102,-0.5898295596018694,0.9479504716309403,0.36223278921876234,1.2534822201206508,-0.4088258080882892,-0.5277775730828687,1.2440015119578318,1.0190800408226792,1.4745866790170536,-0.5922469913640742,0.3065606019403981,0.8144745646853512,2.0873637725603436,1.4422329024689071,0.9514714808088613,1.227811724519748,0.621324068689092,0.9223445857600492,0.7640451803421009,-0.7569543441501102,-0.3497411333974744,-0.7201833170750787,0.7963437359136779,0.967277735595369,0.7394795803481465,-0.639186672512868,0.6727125192139766,0.9875616384937339,0.6864857870504505,0.4298446233430823,0.7047698046889582,0.9790816494544721,-0.27113169141177756,1.037248998055683,-0.2957454467705869,1.1083309981732101,-0.4563404795510201,1.4293352502994816,1.008428545430886,-0.11611622389833685,0.749127360244188,-0.6884504455015636,-0.3901082080211554,-0.7277009806589189,0.9732128497714253,1.2809419022042674,0.6331605497665179,-0.7346138788923597,-0.44960041587894417,0.9314596538761059,0.25207844745822017,1.3030003789842408,0.2955304474412385,0.5390304314722006,-0.1290774705215652,0.5261962764170344,-0.6310195968959281,-0.6607318384395063,1.529683947667953,0.37935157004092795,-0.31054470835188835,-0.6377553174706717,-0.19919130316649272,-0.6334478009736568,-0.6355662347090917,0.04410214241332367,-0.913596598528555,-0.9322603084975325,-0.3346346099029886,-0.15847491368461952,-0.2799066553335755,-0.9722538077834461,0.34234242110386887,-0.209328988470024,-0.6764078622932469,-0.6061061122080857,-0.5942556974991534,-0.35126662965139316,-0.6135206237768615,-0.4917767766817035,1.0027872190733127,-0.5981556540792933,0.8586692169304505,-0.24947039767160276,-0.6185957699775883,-0.4012285101363971,-0.30164621732431196,-0.3786297590910278,-0.09589326357703987,-0.22836530106177916,-0.2634865163485937,-0.18061336429632927,1.2285075270328534,-0.16347064805400477,-0.6716085246898015,-0.6999973784532444,0.43851313100759753,-0.249394115331963,1.0229548980191903,-0.9985027286951521,-0.13960104098588177,1.4795864417420403,-0.30519108872594647,-0.7213305139270435,-0.7123523735645283,-0.1560961562644362,-0.6388606359355037,-0.9906300380943208,-0.23192018298897019,0.6311557516797777,-0.43709883201523836,-0.26679711881518803,0.6679615419099078,-0.5806553634089988,-0.323138458023252,-0.15123522664369812,-0.41674723491081106,-0.33532109562649,0.28153759158862846,-0.6254644604367103,1.0516298268820394,-0.6214570468666605,-0.4542481965917516
1.1165718488089498,0.2770020784354183,1.133278655438462,1.8892040839035278,0.43926240425144003,-0.08188769989716407,1.1910972538816662,-0.5609345531115518,-0.14344383749200612,-0.5161718690979697,1.1563868867925924,0.9869823827357986,0.7629857492329446,-0.5737337308306297,0.9413080825007768,0.26952342057252976,1.2508722717650769,-0.4525144957924106,-0.5336134922266796,1.2435034056463614,0.876651909971715,1.3728762543987691,-0.593397861986923,0.15339995504502163,0.7146649463961052,2.078246692038864,1.281404567690275,0.9604282556852055,1.2070271005503537,0.5000117300867154,0.9320670629974218,0.7683458572467056,-0.7394987242974037,-0.41242278450297426,-0.7017354928610594,0.6527312439429407,0.9655703694608725,0.6765315955437756,-0.6334308664436498,0.6743992437100106,0.9413436335043626,0.6869801217890736,0.3066673960441909,0.5733550235878248,0.8390028508173618,-0.335504867718506,1.06230576308019,-0.37056824453674625,1.1043783869211106,-0.4607752799418104,1.2876711083197498,1.021328369091072,-0.22185047017571669,0.6396418086419524,-0.7090436059009029,-0.4352413098669064,-0.7026154573920337,0.9289959032508943,1.2782627663036947,0.5059221268462298,-0.7590390481878718,-0.45120227412621333,0.9326678934102933,0.10197824311667278,1.3002921149789652,0.16700324305637618,0.3983850420590011,-0.21677862868365574,0.35974479903734674,-0.6324962493052332,-0.6606701948656142,1.529735898945148,0.23478521431170574,-0.29749549160449845,-0.6369253037487536,-0.3225827209567637,-0.6350618768703985,-0.6367474531993361,-0.0897870667082367,-0.9122037598789202,-0.9966241726366966,-0.3396133231045471,-0.2438186007594948,-0.2746301869579613,-0.9691764490437094,0.20918357157604114,-0.2049496796880655,-0.6747350778984247,-0.6067370282949864,-0.5949669139863479,-0.3149457824502659,-0.6146772654716931,-0.5421641584155396,0.8784852803456348,-0.5969454623145859,0.8209321026116577,-0.26291535985223796,-0.6178555789060127,-0.4496026460140875,-0.3185856499612109,-0.3731325724725298,-0.20375124746499826,-0.2392331880350141,-0.26341892647339743,-0.16131751614336615,1.121812881512009,-0.28046449164672754,-0.7621550372791869,-0.7002537655399836,0.3810151374574115,-0.24266599862675614,0.8907042767256641,-1.0304608054769337,-0.11484765457721786,1.4652232571139394,-0.3063777630610779,-0.8081473206692575,-0.8216310238734427,-0.15372921406626056,-0.6388630833900549,-1.0222813292780726,-0.34908335881387914,0.5180876810626307,-0.4411618127904391,-0.3358506548507069,0.6193077620704452,-0.5812910609047105,-0.3085974150750666,-0.15122719491420936,-0.4516221408274501,-0.317846155806233,0.11359114187670895,-0.6270518147458137,0.9237304383767198,-0.6204921633568345,-0.5489757524648639
1.1119201092157784,0.12494847045788615,1.1334913524295132,1.8886258038828199,0.2889469393885421,-0.21502325826183313,1.192137403530396,-0.6204679471689458,-0.2899728697162244,-0.5224864775861252,1.1409221297837262,0.9855213965374744,0.7574316175329309,-0.5609390138093527,0.9507293136499991,0.16033793478828975,1.2562541037432489,-0.47002364647743683,-0.5466956638128418,1.2336565012305245,0.7214346247730669,1.2614199175971113,-0.5956115825348895,-0.007962663648227312,0.6118764168755618,2.0783223040017855,1.1137691304104054,0.8973205679266525,1.1706583272393576,0.37370499470069146,0.9295220575729061,0.7631462286415102,-0.7216912459347017,-0.48253136257142193,-0.6831907293226379,0.49884313562239724,0.9606742996802418,0.6181340474559897,-0.6250961797391433,0.6781784073994127,0.924654410962822,0.6871252333395516,0.10143314512765433,0.4308736543896903,0.6945066973971069,-0.38893726393353095,1.057900099948024,-0.42452293698372334,1.1004102748479971,-0.461721436024448,1.159035304718184,1.031722585120184,-0.3111174007330951,0.5283334192852485,-0.7120615342043994,-0.4602489295495977,-0.6794562736501526,0.8919331166695241,1.2674212323735394,0.3879848470542768,-0.771064251425264,-0.4597936940033614,0.9295327844622026,-0.055145835203743984,1.2876565267419406,0.03184567778435661,0.25751938799605406,-0.282235558686746,0.18722081786081454,-0.6335753611259606,-0.6595876722291644,1.5279377188291374,0.0989350476129024,-0.2858446183216558,-0.6368566812761204,-0.4427638781099768,-0.6355657975507498,-0.6375078154648064,-0.20446928341816795,-0.909925896585617,-1.0424273573963188,-0.3327985562345164,-0.31836103576018304,-0.2622365993545857,-0.9679436131586456,0.07952548446431927,-0.20493258246956228,-0.6721420781819805,-0.6070243040369508,-0.5947699004402047,-0.3149457824502659,-0.6158873153474814,-0.5680589695207013,0.7372663329265101,-0.5953335198143832,0.7799394241197584,-0.25876630343383933,-0.6173205645793335,-0.4845426397001433,-0.3299042057771406,-0.3634222114241274,-0.31338338629762025,-0.25298051727959514,-0.22870832129939456,-0.15065652662010723,1.0014503982684708,-0.38221684222210733,-0.837490300997818,-0.7003953477823669,0.3125498747300949,-0.22558989692544618,0.7460586123559475,-1.047513069950981,-0.0971679795433721,1.438681414966578,-0.3014139436031311,-0.8784459974801144,-0.9138390994787412,-0.16096015488988027,-0.6386954042944987,-1.0429991684176754,-0.4715962526037301,0.4049903468570931,-0.4443416569008716,-0.396153907290146,0.5644146429902419,-0.5819415407357952,-0.28786043773120934,-0.14498212860808432,-0.4779490162226904,-0.30032015512045335,-0.045472946312501324,-0.6284959197390602,0.7873259824187447,-0.6196877492547205,-0.63053569451309
1.1038512612186844,-0.009654672344034325,1.1357846960524194,1.8875319012518554,0.1263421295887207,-0.34083802111780076,1.1934263993983318,-0.651073700415362,-0.44066133860703,-0.5202396456974419,1.1195672286736584,0.9841166021160092,0.7474608413741739,-0.5561672401961123,0.9322400622959638,0.036244763411633636,1.2528097893705878,-0.49022195006096525,-0.5548021211127849,1.2258281278217904,0.5703191363218452,1.1340534804595856,-0.5972258358046164,-0.14408800430067786,0.4792392506369571,2.092214734125428,0.9614223059296758,0.8449925283226477,1.116091609374925,0.20542096598190476,0.9304593860430551,0.7604084608683105,-0.7022090888596931,-0.5466357211194651,-0.6663015161456592,0.3428936805697654,0.9690848235957795,0.5671776844918199,-0.6132335646050883,0.6762058463318155,0.8974228916828154,0.6881373117582746,-0.10266110043644913,0.2963370469554925,0.5578422999128776,-0.4241038260248128,1.0375594311369813,-0.4750919130844832,1.0934631600528013,-0.46982664535677554,1.022611116051286,1.0231538514755913,-0.38720163558790627,0.44516474801953493,-0.7098926572783089,-0.47536051655980366,-0.6613783345649356,0.8495395004783154,1.2209847833957335,0.17851954044496549,-0.7756853116611521,-0.475918988242732,0.9287567560297931,-0.21266240535000203,1.2944477975923074,-0.10673577212697428,0.11485481372204795,-0.33475453144209966,0.021469897832159676,-0.6332120383575597,-0.6584227019987823,1.525836177918901,-0.026935061653878607,-0.27447807865719903,-0.6369993295656879,-0.55491736720429,-0.6356574698786533,-0.6388402197890113,-0.2998659859457835,-0.9064508769913379,-1.0710377407805731,-0.32202736745242866,-0.38165907866231485,-0.25063856629198794,-0.965224442197705,-0.04238339056286198,-0.20962095247567605,-0.6692260462666705,-0.6070440998070799,-0.593940439609599,-0.2985971450354845,-0.6172711634220855,-0.5744157491666925,0.5913687833698023,-0.5926287000572764,0.7310290256965599,-0.23666143037264734,-0.6167794421492883,-0.5095084030819199,-0.3299351460815199,-0.3491791575094567,-0.42274467619349937,-0.27183169985504335,-0.22897833033416004,-0.14240872528295434,0.8590674896496392,-0.457252229878319,-0.899014329841954,-0.700180816628466,0.22812999135560302,-0.20771335449657533,0.5955724073156632,-1.0522547470214931,-0.08807403971608625,1.395644617560844,-0.28735312727464163,-0.9339930406044314,-0.9914721334139296,-0.16462752249617518,-0.6381348802846416,-1.0503826293642038,-0.5861716663130244,0.29870315527137725,-0.4447943930597922,-0.4423935671851378,0.5033842734246567,-0.5830140876328507,-0.26520535959531116,-0.14498212860808432,-0.49808748021488847,-0.2809058079232114,-0.17634433555087145,-0.6300940053645652,0.6405723377386842,-0.6191187084160531,-0.7019469563487301
1.0888072926216392,-0.14349281692834454,1.1414047337416875,1.8937461216687672,-0.034370160453684406,-0.4328411037243957,1.1940260177789281,-0.6757144393738939,-0.5579815374073945,-0.49637888272382086,1.070348120537983,0.986381277114814,0.7522792925654904,-0.5545585943742294,0.9473515965365281,-0.08357138867983145,1.2470499355390943,-0.5041410856110949,-0.5679630563124508,1.2241320920818068,0.4110343111398142,1.0243424334523479,-0.601551937281449,-0.24644925811149596,0.301097775667745,2.0753852333858664,0.8141436258266471,0.86966491415413,1.0550166817232425,0.041363143005680544,0.9293475140053176,0.7638134545777562,-0.6814319410428926,-0.5980865558838916,-0.6446447295136837,0.20447417747108498,0.9657635377892407,0.49306830965027837,-0.5988616263759452,0.6754890028571914,0.8439089354963434,0.685452449490999,-0.2660894256159403,0.15785248301759666,0.4109341648021162,-0.4448859550461817,1.0446506463163852,-0.516420435717652,1.0822916791054507,-0.475598314126227,0.907762777519078,1.014482782370768,-0.43473713430454025,-0.16564308777434408,-0.7082328674740911,-0.48965313740887756,-0.6479481923489925,0.8059385011939251,1.1638174910747372,-0.0888684502572021,-0.7775005107781603,-0.48368176702582993,0.9319349138924039,-0.36364789294025357,1.3018322025348146,-0.24082962150074852,-0.025557536060672164,-0.3805412593326427,-0.13794057786485825,-0.6321990885678743,-0.6583247200046615,1.5212792892000946,-0.14163764744057994,-0.26371778205629404,-0.6369500390582238,-0.6549808663089863,-0.6359204042943574,-0.6398840698863267,-0.37345196097072425,-0.9047152725483771,-1.0887485077982544,-0.3113111903324886,-0.42781905294772415,-0.24339950581389877,-0.9633383778588687,-0.14755845978429774,-0.20623071021899606,-0.6663086817102751,-0.6069161977952875,-0.5930331753289382,-0.303946434290841,-0.6191526383445597,-0.5674792867039032,0.4366788312042491,-0.5898915967589244,0.6782816128240631,-0.22477354164835386,-0.6164212296509584,-0.5226718579316326,-0.32393623798842486,-0.33209732647108353,-0.5368588823943051,-0.28120580014601976,-0.23593623235315445,-0.12254254870046795,0.7055736014399673,-0.5139370349120598,-0.9490520657096663,-0.6998299027269442,0.13531810698354574,-0.2077338015544318,0.4426426015922641,-1.0554442371950417,-0.08449919208660614,1.3258325072563348,-0.27296212938360964,-0.9771416679162531,-1.0510182304523648,-0.14234127468058766,-0.63753866897237,-1.0521362838867736,-0.6899080048275636,0.19243817949883787,-0.4541118236723289,-0.477249613477228,0.43389760651637577,-0.5837318584809442,-0.2565360005536764,-0.1329714208363053,-0.504487663875027,-0.2611211059555461,-0.2854488082750085,-0.6315823564008192,0.4886435790271831,-0.618328219794744,-0.7625267629750722
1.060545361363826,-0.2633065542433945,1.1414295045054317,1.8847160647363357,-0.16913750533136923,-0.49482435790394225,1.2105573036991057,-0.6975244888375661,-0.6592535426721725,-0.47199668498256636,1.0074586086252693,0.9730147285750538,0.7480704561341817,-0.5539416825115422,0.9367588970838224,-0.2138001868507289,1.2552779276620873,-0.5248358709604406,-0.5596394459601088,1.2061197458944963,0.23550896263262194,0.9208585951249086,-0.601267028180895,-0.35872367477680467,0.09981562311410133,2.070022681987406,0.6918786377884553,0.8649413970575202,0.9646066507003497,-0.12519235086915775,0.9244490162373903,0.7621710869522538,-0.6566934946126787,-0.65614808385389,-0.6290463798766245,0.04263914825955549,0.9696444754862973,0.41126156956766996,-0.5774136821081095,0.6747691566549466,0.7867870035671356,0.6880889412414486,-0.4402838896849538,0.02037674359979958,0.2725449392010766,-0.4615249733179727,1.0381148754518659,-0.5426917762889394,1.0650635957195091,-0.4824742205432952,0.805292958547717,0.9743080585069382,-0.4725517364470532,0.3082165873555062,-0.7007032101522603,-0.4915887521237237,-0.638223643618481,0.7605355202007219,1.059968641624512,-0.32003631644651664,-0.7775316346487836,-0.4888736549074627,0.91914743472925,-0.5041302481924821,1.3019776234415752,-0.3745023641018276,-0.16521380990789264,-0.4149514299291464,-0.2749464499601719,-0.6310160159612583,-0.6585592729799441,1.5128836617707655,-0.24245807322526552,-0.24832683189407176,-0.6369766955567797,-0.7453268986312231,-0.6361731405792674,-0.6408938945350998,-0.43293323781639975,-0.904065126110762,-1.094304006334356,-0.2936201550427312,-0.4624951412143504,-0.23580513928461344,-0.9614907684871016,-0.23264816582337342,-0.19009386113964696,-0.6634780454356557,-0.6060412129018241,-0.5934254519944968,-0.30277635971405203,-0.6214389406303585,-0.5476273475822065,0.2715020256757294,-0.5876200468231187,0.6209457819749229,-0.22225624757566645,-0.6162293796770429,-0.5316946525168001,-0.32300588936790786,-0.31311202310343517,-0.6503001097594518,-0.27845251081670636,-0.23307993429393734,-0.08064520633780503,0.5477607947817886,-0.555727296802623,-0.9851092591534437,-0.6997338160637326,0.03206941070256495,-0.20777853873162178,0.28248386529644887,-1.0565121153905763,-0.0679698132258334,1.2270416677248395,-0.25923215438100194,-0.9963174445102068,-1.082482067108939,-0.12249611522757085,-0.6374383802533029,-1.0496054178374628,-0.7883631461536746,0.07419351798659947,-0.464393000070612,-0.5086543461163934,0.357200658205755,-0.5851262493516325,-0.24327405223713255,-0.11109586526640328,-0.505293100182548,-0.24697397629805418,-0.37009019694290407,-0.6327604898444916,0.3349117530076476,-0.617470551607833,-0.8124328253842259
1.018263502791538,-0.36235770438123316,1.1313868127381408,1.8828341566991842,-0.30484260642412564,-0.5403517603508303,1.21189898426013,-0.7030031785645844,-0.720021991160099,-0.4435306118138096,0.9428472999224732,0.9633019968363591,0.7474354500396322,-0.5549830495065942,0.9481548985131498,-0.32973199499330885,1.2537848243319953,-0.5394844168920405,-0.5591524832822384,1.1928338005969792,0.08648448902879731,0.8269242607436527,-0.6003502231239889,-0.44708779097811385,-0.14311628311350158,2.035221361867192,0.5570488594185758,0.7920374367671981,0.8596064370001648,-0.2849433269437762,0.9363863838910131,0.7689200998387954,-0.6471842088795928,-0.7034590330158009,-0.6224240701187597,-0.10233770270733483,0.9616109321714258,0.29888832164506024,-0.555556109306151,0.6742597323651826,0.7069262506499348,0.6900917195047912,-0.5883476831809519,-0.1065142518555231,0.14539909301591478,-0.47434634836053446,1.0392603005019956,-0.5507296487223949,1.03732507272794,-0.48350519234382167,0.7092732140860138,0.9334359868163848,-0.4887496428338761,0.07968974192412752,-0.6991765553241164,-0.4908451208187003,-0.6319243165444909,0.7222192646152329,0.9389391301412707,-0.5172861303648368,-0.7771340934747918,-0.4889301424207199,0.9228703048569169,-0.606751711231799,1.2797115070281737,-0.5125608342477467,-0.28018158028629353,-0.4435947877529938,-0.38426968782612275,-0.6305554395544454,-0.6591161510361675,1.5000783789174368,-0.32871185512072687,-0.24069686794928144,-0.6372406789445026,-0.8260492414408482,-0.6363261679658103,-0.6417156868404926,-0.4838347055200258,-0.9035687937195883,-1.0955810208741585,-0.27430843200849125,-0.4887032793401796,-0.22057497609896137,-0.9595780892631621,-0.29634394914213213,-0.16597891530333678,-0.6603004427282926,-0.6050859780899335,-0.5945977550254989,-0.30277635971405203,-0.625402558972633,-0.5264019876970396,0.10502234203245803,-0.586100015388428,0.5578011591585977,-0.21858752932984835,-0.6159671754579895,-0.5371965592237736,-0.3184088403849429,-0.29885190874618617,-0.754672303497162,-0.2616675414299196,-0.21876540005886488,-0.03183806742868946,0.393139423787594,-0.5893199799785849,-0.9981808174358269,-0.6998762822202257,-0.08315688623149156,-0.24014475321799408,0.12426191115211423,-1.0566321179903833,-0.043824575203753095,1.1072117489876447,-0.24741621280688672,-0.9994253315922137,-1.0881076226671589,-0.10423700777451687,-0.6375683799322751,-1.0459919135149909,-0.8777591840446122,-0.04527730320046772,-0.4717431364759538,-0.5332617771031365,0.2652871540968787,-0.5861281949017499,-0.22829772354660952,-0.09094237199318388,-0.506562530758457,-0.2385428967341986,-0.43017376888057096,-0.634107297569034,0.18898424253121263,-0.6172940896557602,-0.855795824116659
0.9575407647047859,-0.4349983017777982,1.1333878808533984,1.868410670610335,-0.40356489998810624,-0.5702246257623967,1.2036427533802876,-0.7121364267166231,-0.7605860877765136,-0.41910471725361526,0.8517733598166722,0.9582822356399132,0.7239759728675531,-0.5538526107770699,0.935652858578571,-0.4502450950348835,1.2466236754415922,-0.5473378453835266,-0.5690591095183439,1.159800681678789,-0.06992874036986309,0.7290874749120483,-0.5985628238764862,-0.4965604231883424,-0.3310503300132819,1.9425246341057996,0.4585250537850664,0.7324582447354236,0.7436983447639454,-0.4325582285885843,0.9286523963554091,0.7638321639536707,-0.6428298191363726,-0.7430087594773678,-0.617843118402249,-0.22885228306919184,0.9744178896538179,0.18405882362962575,-0.5298259284917711,0.6699880058565006,0.6158297576429776,0.6872788246596455,-0.7028918332085609,-0.2215623547748853,-0.04082518763536768,-0.4772271376629624,1.0281734188378482,-0.5713867902860673,0.9912590853359832,-0.48225593965172736,0.6204999788195725,0.8759799037838927,-0.4947851294777499,-0.06567443437877624,-0.6976397915380324,-0.49011057984998907,-0.6270253510165812,0.6776940620874711,0.8026985076049377,-0.6834038399973403,-0.7827485648241528,-0.4834461266462609,0.9209693795888305,-0.6853696465215965,1.2958068532949374,-0.6389983569684654,-0.3828440464798474,-0.462134171981599,-0.46468967347087814,-0.6311767032995358,-0.6597402716373758,1.475786162390801,-0.39095896561538934,-0.23786891714331324,-0.6369243431542108,-0.8944500019523252,-0.6365141128653999,-0.6420490901780664,-0.5236433072280355,-0.9020980087626352,-1.0940671663005448,-0.25602468024416525,-0.5107600306155131,-0.1964171544206105,-0.958500844198807,-0.35060643141372466,-0.13906199256911644,-0.6583482834565301,-0.6042782039848728,-0.5970423164895908,-0.2697420755296768,-0.6269994857442875,-0.5025890122097502,-0.05234767273866025,-0.5853102153110814,0.484042955807728,-0.21312648028530842,-0.6159138128458529,-0.5391205069281231,-0.3171204290575374,-0.28544416228257213,-0.8481972700554657,-0.24123355848102515,-0.19965824300663892,0.014047209043057753,0.24484618710419678,-0.6136922739676958,-0.9978091759764077,-0.6996556156625046,-0.21090171938642485,-0.23971506938289253,-0.02250664236186897,-1.0548239821914573,-0.02644173648226471,0.9683815867157218,-0.23678838505155414,-1.0015940832339454,-1.0851440624299484,-0.10423700777451687,-0.6374858494880937,-1.0431962633562633,-0.9548486846171602,-0.16144440314945877,-0.4669383610563309,-0.5498107814953596,0.16004122330778495,-0.5863067814939641,-0.2033757945477583,-0.08698570406985251,-0.5043258147346333,-0.2380281126584393,-0.47172500515810317,-0.6348761000824923,0.055958447283520944,-0.617102287916238,-0.8905690078497583
0.8817012130578146,-0.48155230243876307,1.1261850498744654,1.8396186537693802,-0.49397414033856757,-0.5725450161150795,1.1992279138372406,-0.7089319642683295,-0.7927468394063559,-0.41528845870765657,0.7536295240806156,0.9397846684377035,0.7303736982480679,-0.5510595683194619,0.9316761564046404,-0.5452738405154263,1.2542987431742987,-0.5478476471141687,-0.5722847671112619,1.123349490361826,-0.20553785950167813,0.6468221545246038,-0.5879613099181733,-0.5512385737885579,-0.49587502229767505,1.8273101683567308,0.37484228685189674,0.6945145734799615,0.6069565269820146,-0.5647659437884246,0.9270684345596827,0.7532228207390302,-0.6423367670399285,-0.7751133537622799,-0.6202051885548399,-0.35264635000296035,0.9699935020169987,0.036349554508701185,-0.5122712772983893,0.6696363402563345,0.5129529414178776,0.6888836509178918,-0.7893809332733683,-0.32741634013300114,-0.16731956266188508,-0.47347554795742103,1.0318034926442035,-0.5747470945911225,0.9348283464346372,-0.47940790484416224,0.5027752849132445,0.7981008407330256,-0.504033689124607,-0.2068297535031989,-0.6996562253783838,-0.4882637787657839,-0.6228384935638572,0.6199048147956591,0.6523403334603213,-0.8027692641804107,-0.7891746131911027,-0.469065091184441,0.9150917677930689,-0.7326784357288753,1.2521738254923782,-0.7517897542938268,-0.4616059534133178,-0.47717678865247204,-0.5203759048711738,-0.6326991689365209,-0.6598325448766572,1.4420812775402847,-0.43820588577380043,-0.2316836993572952,-0.6362273717764351,-0.9510365416181917,-0.6367478385043179,-0.6423850842858339,-0.5526132031442839,-0.9022505855661038,-1.0922235597770549,-0.2280293190068147,-0.5275036302453966,-0.16620161816872533,-0.9583325531192372,-0.39679607577514275,-0.1182665297046476,-0.656528162263413,-0.6031712411145068,-0.5993107488091841,-0.245517076496608,-0.6304018195624287,-0.476616352004282,-0.19923371672174536,-0.5844599644497643,0.39916652041364586,-0.20616157678288563,-0.6157545024044158,-0.5368468233682772,-0.31847796234153547,-0.28197213575191443,-0.9285435791308919,-0.23515729219880185,-0.19965824300663892,0.04669647922781002,0.10316347694860338,-0.6287253353526606,-0.9978276346750434,-0.6993310112044815,-0.3430132376258895,-0.23971506938289253,-0.16029005907211819,-1.0514272738676378,-0.02311342050607812,0.8276401021148814,-0.22504633697154422,-1.0024809492747164,-1.0818138986004906,-0.12219671424468863,-0.6374946147904417,-1.0407012813078438,-1.0182244232543638,-0.2713843340588753,-0.46330653367416014,-0.5665069965299244,0.03906183932557239,-0.5861618118729275,-0.1653781238931615,-0.10883523088678093,-0.5050621305823828,-0.24660940674884738,-0.4975365830835045,-0.6353884516501579,-0.058949181286009775,-0.6172187506287496,-0.9183214706356773
0.7855597414574457,-0.5122935746711116,1.145671058944582,1.8075493004827712,-0.554725276034175,-0.5668321150312022,1.1949510416168354,-0.7090278374726976,-0.8052286462921577,-0.41696420035263865,0.6441981961983126,0.9180001638111931,0.7313591715785963,-0.5444577567119504,0.9305452655726661,-0.6266573868514015,1.2401717843478846,-0.5407188474783181,-0.5799391079949269,1.071290513634985,-0.33159576460835155,0.5006169417996297,-0.5662431292863985,-0.5749930651764218,-0.6177317052315163,1.692983451936005,0.2662055966750684,0.4891438028447717,0.463737907670606,-0.677886799655962,0.9315045394344861,0.7588570478594554,-0.6412860002770144,-0.8066788936699245,-0.6186676983761888,-0.4619365484001773,0.9588265927046983,-0.11106056091692085,-0.5072087959249435,0.6722640733928124,0.38427976248354967,0.6955808774142204,-0.8386739997058322,-0.4261807100591998,-0.2875471868365,-0.4685178814323242,1.0294751458589815,-0.5744791728123183,0.8511514808750699,-0.47526756782606955,0.3757442937908564,0.717294939074171,-0.5152822938524397,-0.3350949732930592,-0.6997655032137183,-0.4937601931495768,-0.615410512095802,0.542067179644782,0.5135597591681734,-0.8701726597150736,-0.7992754383079106,-0.4510156762529241,0.9137257970360814,-0.7613606378519232,1.2918678933007945,-0.8491758129313866,-0.5165761420777859,-0.4894234250189498,-0.5614860561210934,-0.634476960899485,-0.6590227250675433,1.394079985030418,-0.47726391309664956,-0.21340858258526152,-0.6354860929753845,-0.9932390016713597,-0.6369354508561645,-0.6429476268538592,-0.5711168764160686,-0.9014379148915144,-1.090948008417033,-0.2118024564457186,-0.5413902256712663,-0.15196556447567602,-0.9575115395723033,-0.43264213538409974,-0.11797396048772148,-0.6551858195518867,-0.6020985948636165,-0.6014157878477079,-0.2183416775447258,-0.6321851763433329,-0.45119019009128786,-0.320666898573613,-0.5836802199016587,0.2981809381871643,-0.1879824530200122,-0.6148362323556054,-0.5310504997465922,-0.30198968761814204,-0.28468187755181196,-0.9965459636491285,-0.23413289525179354,-0.1720733129418402,0.05621277436176609,-0.03369235342514567,-0.6344515504835324,-0.9978662128806751,-0.6978934028975958,-0.4726572492846447,-0.22596454614940076,-0.28469820876195523,-1.0493911281310524,-0.03778729510117289,0.6843710621814397,-0.21765398863669813,-1.00335224874569,-1.0778268731349434,-0.12215242112852777,-0.6373128770606008,-1.0395765436723383,-1.0690153753254867,-0.3731886809706191,-0.4690961357206325,-0.5766373150422587,-0.09364975464840783,-0.5851658020868209,-0.1266633239137403,-0.1686060231205263,-0.5080995712942799,-0.24980400590480983,-0.5115075336561762,-0.6354629104762647,-0.1600333410700438,-0.6181457742376374,-0.9409909873210347
0.6748290797357736,-0.5233903017335104,1.1432740487001778,1.758236669472863,-0.5792916650109359,-0.5605496750337486,1.1987718870711406,-0.7060334566312094,-0.8160304179912401,-0.4404076482516016,0.5155509635360609,0.8917024122413632,0.7237005659801767,-0.5363013601618607,0.933360506353431,-0.6879167701884713,1.2331042072773764,-0.527326818228517,-0.5760293574442733,0.9970787540858923,-0.4524627557817775,0.35713791214014323,-0.5380842657314809,-0.5913193209365707,-0.7174548893484508,1.5483794065268655,0.09432342736412996,0.30407948169095955,0.32543750744380656,-0.7467264190765389,0.9318738635050365,0.7639019296385586,-0.6416609817946459,-0.8313964724219363,-0.6190027076838724,-0.5439165540722486,0.9546346231924434,-0.2803001463247414,-0.5097706354987649,0.6700745075098744,0.23134821810898518,0.684974596558109,-0.8550927155700805,-0.5023157958199589,-0.3925058355426181,-0.47101633248705754,1.0384551085301605,-0.5743989934410647,0.754776695924125,-0.4657398577396608,0.23404693859658615,0.6133174447153509,-0.5221596714716746,-0.4577628037407009,-0.6977506868066373,-0.49182301113536675,-0.6093097237911589,0.412341214048463,0.3850209770804448,-0.9051529334252599,-0.8064221466445082,-0.43065263677216004,0.9147856039130049,-0.7628450486703312,1.2711778189036542,-0.9262669148559763,-0.5682157502961147,-0.49500771143290045,-0.5869381057731032,-0.6362936884219538,-0.6579794501206155,1.330356977169308,-0.5097368510947985,-0.18120826876805576,-0.6348590648877381,-1.0236304394116011,-0.6370186432166138,-0.6433187402909172,-0.5854313862073738,-0.9019049493690796,-1.0909354738435795,-0.20778576363039108,-0.5544906956515817,-0.15385245049541674,-0.9561710803780858,-0.4637550426390394,-0.15050724384888697,-0.6539914000007323,-0.6016347574473568,-0.6036837372909617,-0.20595406987466497,-0.6336197178677032,-0.42726121824870367,-0.4129303895709757,-0.5827816907391348,0.18410091482287375,-0.15962310704477098,-0.6139157967065103,-0.5240089743021529,-0.2844235492414714,-0.2777345029884022,-1.0518954439265291,-0.23600179932312837,-0.20018203950612276,0.022765055287925648,-0.15421492090283132,-0.6414736402184896,-0.997699372817943,-0.696611207489161,-0.6052246001510565,-0.20287163900619756,-0.38692222356502753,-1.047209889705071,-0.08354867251986917,0.5404889893003008,-0.22516857312494343,-1.0038385255361613,-1.0742628406635353,-0.18752020195880684,-0.6372895408660394,-1.0387644678524444,-1.1093032392712434,-0.4618195103063197,-0.4818857816327049,-0.5864927868987376,-0.23421600975908324,-0.583965807487491,-0.09809804144450013,-0.2643354136397828,-0.5140546572874329,-0.2376493567406836,-0.521638416230957,-0.6355430376387265,-0.24406640647289715,-0.6195636166484839,-0.9592800529236956
0.5479052985853821,-0.522684739204461,1.1374318543187432,1.676319286971429,-0.5862669154433569,-0.5656601879942014,1.2210019580177782,-0.699700192039913,-0.8242207807624545,-0.4735733247511016,0.392623529474209,0.8679790097913028,0.7199983312191781,-0.5252532729210712,0.9373392978822628,-0.7334347346894131,1.2236177675411446,-0.5180780949601775,-0.5716740172374494,0.9070703879383384,-0.5426520259463375,0.18702760147329459,-0.5106115003520446,-0.6187707564675217,-0.7973166201144299,1.4069481145759517,-0.04395595570594914,0.14707524967620225,0.18133160485032257,-0.7704668402937248,0.9319612406895359,0.7723649918559151,-0.6424551445613201,-0.8534839979652852,-0.6174187516167645,-0.609405285609309,0.9382236444530122,-0.4433257302238849,-0.5182992044686376,0.6693151638904687,0.06932011018121051,0.689336781142182,-0.8506334039132887,-0.5676261925261115,-0.512623527965471,-0.46600106478490644,1.0271858745665097,-0.5788310943959987,0.6315662617524429,-0.4526928203549966,0.0827916847117405,0.49936485414934406,-0.5223277752976646,-0.5456258258139582,-0.6980045227405186,-0.48841413501812736,-0.6014827393006543,0.28264393919081643,0.1999918629983143,-0.9157766558894028,-0.8106840550862586,-0.40548213175416514,0.8927553506068052,-0.7631118177374075,1.2169628437796214,-0.9869122882535987,-0.6084583231763536,-0.49962183256865805,-0.6004759343289182,-0.6372264934833156,-0.6564986869422339,1.2581782261779528,-0.5351613028847795,-0.1467569558159046,-0.6345576783500144,-1.0423254457489821,-0.6375053268389368,-0.6435889864084393,-0.5935653231618626,-0.9012904355290956,-1.090825930450676,-0.20184034931800252,-0.5640822746127753,-0.19655516586198415,-0.9545190853519647,-0.4858407125936949,-0.21433337962995005,-0.6526064660801472,-0.6011348846172093,-0.6065357860252785,-0.21820159714229717,-0.6342062660127048,-0.412062526732422,-0.4827745396357132,-0.5816384770317647,0.05925311946633803,-0.12891802357798257,-0.6114929897421448,-0.5173476226462392,-0.2745257787856914,-0.25571802700449925,-1.0981762577226113,-0.23443614435604704,-0.2702836045311956,-0.05265159046882435,-0.26578406332899096,-0.6359099176404831,-0.997035334183736,-0.6942166321712361,-0.7338016868781991,-0.17957682332541325,-0.4719161310856567,-1.04625051864997,-0.1629633676878512,0.3980550306439038,-0.23173447790842366,-1.0031154655096837,-1.069738448841143,-0.3937095734556734,-0.6365818280778014,-1.0389865699093803,-1.1373840141500757,-0.5307785690348166,-0.493538015782327,-0.5963514189964974,-0.37569587271433097,-0.5830733881983065,-0.0898871394364138,-0.2643307036749592,-0.5177929263303875,-0.212701068152458,-0.5326693275583108,-0.6360236355163238,-0.3218310185708776,-0.6217003620058783,-0.970777956329151
0.40643827420241835,-0.5163092640108027,1.1222763403827969,1.5684269731294849,-0.5939047028891402,-0.567811982924919,1.2474551834585348,-0.6972903284766675,-0.8283875390341872,-0.5226564561210434,0.2641568772298209,0.8303930171640826,0.7200507843707973,-0.5163877006076145,0.9356275663876575,-0.7440327875598232,1.2049488408760998,-0.51541649275815,-0.5565718687094621,0.7953897317543613,-0.6112025152806404,0.025510466860145832,-0.47700021783944385,-0.6255790063277473,-0.8625003645305139,1.2867072816629437,-0.18535791365256163,-0.06482545507701244,0.03960885616242958,-0.7689736138318257,0.9278017072648246,0.7682949136448164,-0.6441663494405553,-0.8683331505447853,-0.611688391955496,-0.6537931786997716,0.9014200005269772,-0.6135798464902646,-0.5298864832070458,0.6662038761175718,-0.10844284960732449,0.6878751555004157,-0.8257139133738733,-0.6048320433410961,-0.554368214401088,-0.46520424850232067,1.0275913321415426,-0.5776265417379798,0.5092616445454569,-0.4342157103796676,-0.07805024506668912,0.38045804950587786,-0.5208127303323525,-0.6122643846297927,-0.6978164961228286,-0.4865011939007504,-0.5945158042204691,0.0999896603500186,0.07330547993913933,-0.9150517040299805,-0.8166232161521897,-0.3870051607076632,0.8742763457557203,-0.7512893510010721,1.200300355976491,-1.0295057673418955,-0.6352783575459258,-0.5061730675324263,-0.6069571804767447,-0.6379734309832454,-0.6551860575722516,1.1735974418869841,-0.5507972567668477,-0.11886538611485084,-0.6343612968032224,-1.0477705072656045,-0.6379228959552766,-0.6435663603487491,-0.5945332030382625,-0.9009566273748962,-1.0911582673514975,-0.19196002338975046,-0.5654969762589888,-0.2787982926554643,-0.9539008205590408,-0.5018439740558519,-0.306174543568459,-0.6510596962262689,-0.6006146825979772,-0.6079821817379703,-0.26531092520196525,-0.6344473784644892,-0.40391689195358194,-0.5318770531342373,-0.5805288405594597,-0.07401992557070743,-0.1057551507510406,-0.6080077614895231,-0.5155494817275844,-0.2666128507993331,-0.2276007568850499,-1.1361406349852365,-0.2216703211537361,-0.36575820843862783,-0.16458115006093452,-0.35909085981315303,-0.6227219902711154,-0.9959056523369036,-0.69256074907422,-0.8481192971612923,-0.17957682332541325,-0.5373842641650793,-1.0452110792213203,-0.2678135294157242,0.2528235563761904,-0.23333278458937284,-1.0029111007263758,-1.06705485449473,-0.5072564361027476,-0.6362694645759638,-1.0392666496348733,-1.1545563108158803,-0.5692756622317889,-0.509700947618189,-0.6021184819914295,-0.5158367502167843,-0.5820131694265044,-0.11595877772532182,-0.37531834750119236,-0.5271983713440668,-0.18268879936114552,-0.5458342074225471,-0.63649658389146,-0.3848754469912114,-0.623738160294585,-0.9756842582502115
0.25531110790934464,-0.5039776187549789,1.1223104733249645,1.4412716688569267,-0.586677123620019,-0.5654625204492361,1.2688253116587274,-0.69918073157892,-0.8255915600900341,-0.5897967229596491,0.1314565160752541,0.7870234380449629,0.7103580878714746,-0.5018757011403296,0.9339380480346374,-0.740627968648946,1.1819583899614226,-0.5148594449984291,-0.5483281282011508,0.67489444956809,-0.6511070252367394,-0.14109870340090203,-0.43323794836087043,-0.6188069457800599,-0.8890510478171131,1.1440976934598748,-0.2745031733541097,-0.2751535587907072,-0.08345016350925943,-0.7533691295511282,0.9206931675130804,0.7841475031060934,-0.6433202110637971,-0.8724002152924757,-0.6075206508787576,-0.6879071563866688,0.880865544029311,-0.7810438921389622,-0.5446780173836228,0.6638701793088517,-0.2780999595710474,0.6889332157684663,-0.7926208338109817,-0.6367424935519382,-0.6100123766688195,-0.4609944581293053,1.0259063495298946,-0.5790035019511246,0.3738676631632596,-0.4167744721500528,-0.22469420809333412,0.2515862599764854,-0.5166528729434394,-0.6624432711723943,-0.7010495430512952,-0.489862528603941,-0.5862421074989336,-0.10589530627352127,-0.08518903492941987,-0.9058154080070504,-0.8181347366198622,-0.38100188524021295,0.8611491819577295,-0.7368508525299412,1.1219366934720887,-1.057447291846469,-0.6510241439064656,-0.5091779513682099,-0.6079845015932358,-0.638627662063391,-0.6545397606541663,1.0771507851949325,-0.5609266125177571,-0.10411357019263938,-0.6342092827168647,-1.0475437822894182,-0.6383844167983563,-0.6436467893700909,-0.5949225251432644,-0.9004695495611633,-1.0910147781876853,-0.16730638396199377,-0.5720450661005776,-0.39061900648884706,-0.9535180924394174,-0.5147335894233367,-0.4069731874088173,-0.6485642991428487,-0.6000088964707614,-0.6092592085749038,-0.3439577081565188,-0.6346662190399829,-0.3937470609829028,-0.5693791699974964,-0.5791708148736403,-0.21513814060280664,-0.10292102387782233,-0.6037194287006522,-0.513630289950271,-0.2511114840117326,-0.2024553252762523,-1.166580614791427,-0.19103520486184014,-0.47356541117408296,-0.30168907570795056,-0.42812203860477027,-0.6162998658492689,-0.994393130437136,-0.6907004218431422,-0.9469817346813444,-0.19513195954230822,-0.5889405255062775,-1.0441985291715523,-0.3902262844406369,0.10789226513818381,-0.22394345258062182,-1.0024154935148635,-1.0655665028605659,-0.5072902320064077,-0.636040485281523,-1.0391137905891292,-1.15815492593209,-0.5789438819844532,-0.5306370336120195,-0.6039815621458198,-0.651643695830014,-0.5809393668870613,-0.17394284315473874,-0.6109943278827418,-0.5416097115266082,-0.1523484833737002,-0.5564399380952704,-0.6373340117974939,-0.43603959597033587,-0.6257196039031603,-0.9758820977641682
0.10211020537159117,-0.49377148193054254,1.1225918262911192,1.305301341223353,-0.5861409114714898,-0.5594033864044327,1.2485227658777396,-0.6913715939959607,-0.81693469086558,-0.6574474480922311,0.0060015641781820004,0.7388417483036003,0.7141805973750391,-0.48629000112351345,0.9343108329354928,-0.7129073835980116,1.1309746116506514,-0.5131604094852308,-0.5418441792147756,0.5198758183833835,-0.6684512023350963,-0.2948730373087504,-0.4059155130678246,-0.6122873436102556,-0.8951475094004269,0.9977515059596269,-0.39382615127027415,-0.45185044476447733,-0.19279434864777809,-0.7263166457302083,0.9251759649002286,0.7817017593870844,-0.6429117728050285,-0.8789477904219573,-0.6034680455582642,-0.7087426472197574,0.8404744230917262,-0.9190619549144761,-0.5601626619029983,0.6639433996669818,-0.4295137597681729,0.6926244236524711,-0.7656026585401484,-0.6647417215240022,-0.6541332555463134,-0.4545150561603964,1.0225060909321668,-0.5798631299642304,0.22264655867410438,-0.40472784024117403,-0.35842994628480074,0.1176900326879116,-0.5083516253153613,-0.6953064447741413,-0.6976895276110989,-0.4983111080702317,-0.5814469041511242,-0.306646325009686,-0.20676574983109172,-0.8961173187268626,-0.8140323748335175,-0.3907310912630422,0.8472017928417557,-0.7165853421693915,1.0244987317007006,-1.0736952725174813,-0.6589938871211716,-0.5093013818313222,-0.6034043436377866,-0.6395130623705529,-0.6536010547261751,0.9744709786882066,-0.5629648390726972,-0.11214025005139398,-0.6341456433284214,-1.0454614448011177,-0.6387356426399079,-0.6437615317033297,-0.5990942643546757,-0.899802378660235,-1.0913203876711823,-0.13137293454313784,-0.5829599633789491,-0.5094320686646951,-0.9537232193295487,-0.5284406983474311,-0.4069731874088173,-0.6457824375319187,-0.5999399076191732,-0.6106707164721329,-0.43556401908799175,-0.6346239467971726,-0.3862056835064419,-0.5975126895513285,-0.5778057914803383,-0.3555304450952341,-0.1415119881486254,-0.5981457288506541,-0.5137666599002241,-0.23320335652601604,-0.18421257892995188,-1.1896674445808542,-0.1523416928011968,-0.5780432868570949,-0.4467093057521847,-0.48753224562343245,-0.6191513601275644,-0.9936895171122808,-0.6891657389690403,-1.029026873680657,-0.24892649358228422,-0.6310199739568312,-1.0432965854330607,-0.5144723586555654,-0.024796234125148555,-0.21410674104870994,-1.0028737314380234,-1.0648796828447225,-0.7298922256745218,-0.6359237473911683,-1.039553090394354,-1.1586078590478046,-0.5802981273131809,-0.5441392621458433,-0.6114680794041039,-0.7767609245959884,-0.5803205634889195,-0.259831883047785,-0.7135363106800849,-0.5526275328636645,-0.14156659174493286,-0.5699865282096233,-0.6384100601543758,-0.48085493170403876,-0.6274421206030211,-0.9755903791470191
-0.05538567831288236,-0.49051396515518225,1.1220005462100815,1.1674168401087075,-0.5831876265281656,-0.556892882680478,1.1832439059489703,-0.6753538103275105,-0.8055495948639928,-0.7010255120406883,-0.11713411497834482,0.6672789867768061,0.7257915646527942,-0.4795562809705,0.9218888482834577,-0.6742808891687084,1.0597326380708612,-0.5321841654012666,-0.5436599460013646,0.3661474827943978,-0.67314392826229,-0.42033783864422697,-0.3996046606738362,-0.6046591999537009,-0.8938603614147415,0.9299175486709281,-0.5155743592061965,-0.6416194268873273,-0.308843987432359,-0.7120322404227902,0.9240455423383991,0.7760513024465884,-0.6434140331788504,-0.8791321432178937,-0.6037954730193466,-0.7146300223805574,0.8062662860373511,-1.0332371026774685,-0.5715203686057986,0.6586483204873407,-0.5854048434042975,0.6928926710124484,-0.7437369007498519,-0.6826307223546385,-0.6639604490522228,-0.4508093804365648,1.0036125968097191,-0.5778361910775676,0.07041652732857218,-0.4174784309419931,-0.47897037007432763,-0.023262563479553734,-0.5057077626308909,-0.7113379268417551,-0.7003581914177579,-0.5089290388298897,-0.5790944978597896,-0.5097380110165857,-0.3418032874997258,-0.8835690806727583,-0.8117268520259892,-0.40910938642341566,0.8098033066462201,-0.7081483350949971,0.9278711193443873,-1.0795108874839194,-0.6581274482654782,-0.5092001927472664,-0.5982169688611382,-0.6405680739325499,-0.653330602465651,0.8608843230940969,-0.567670273635416,-0.15692895896080036,-0.6342378604045057,-1.044100538677445,-0.6390070570230661,-0.6438421910153553,-0.5973515222801624,-0.8991869245155913,-1.091101057022078,-0.09887066662537916,-0.5805448597801312,-0.6364354825613385,-0.9538629727756619,-0.537272145584753,-0.6094355237378225,-0.6429727503751458,-0.5998534937483704,-0.6108245125859727,-0.5339454127667757,-0.6343845518283852,-0.3825002576660487,-0.6168439233822574,-0.5763606178744365,-0.49148162442868426,-0.22476143951644934,-0.5927926425886054,-0.5154640252281094,-0.21348368519062064,-0.18725703755458598,-1.200535389291247,-0.12387396402880677,-0.6754488083324479,-0.5911506958166234,-0.5359432145676672,-0.6241009571268524,-0.9933965030658158,-0.687116358108398,-1.094210673387338,-0.4377722681242589,-0.664876984249118,-1.0416183483250545,-0.6332205828826339,-0.14980811019126916,-0.19942562722343343,-1.002459051347784,-1.0646105889465776,-0.8128556901278194,-0.6363450510793239,-1.0394280548026158,-1.157183087622557,-0.5823820727307893,-0.5473915340032074,-0.6213492105330705,-0.8845909214712658,-0.5794602201552556,-0.36248960758191506,-0.7928713547983217,-0.5664876636944222,-0.17125564274217162,-0.579043728246085,-0.6392702164382231,-0.5182810268138989,-0.629359104466465,-0.9745749210004394
-0.1972766584670655,-0.49075286301998206,1.1287201522506114,1.045308475757697,-0.5800581713457372,-0.5494080700368976,1.1560039683373466,-0.6677528766503498,-0.7935247872725104,-0.7171968893350642,-0.22158336897520245,0.5898297143411809,0.7094884346634175,-0.4762361191964017,0.9235121670759127,-0.6397462461598942,0.986577732829368,-0.56364011617875,-0.5767854660092995,0.20046029719111905,-0.6891616699344393,-0.5300289119324286,-0.4180606321042633,-0.6000009636524228,-0.880523019667766,0.7820513365931182,-0.634262277668708,-0.768639444793741,-0.4037362909219778,-0.7086207413898732,0.905155733377235,0.7649584458423371,-0.6448278106988063,-0.8777832569166419,-0.6018094624581806,-0.7189284135858046,0.7640311092680546,-1.122642080804811,-0.5774359748174499,0.6611756932275802,-0.7283621902584176,0.689123353701274,-0.728794696383692,-0.7086315476965832,-0.6713474568030344,-0.4446860205258263,1.0098133643967409,-0.5770090948585352,-0.0950931947286721,-0.44755184453039576,-0.5815908996938504,-0.16511717839420537,-0.5051181856843696,-0.7130204504822957,-0.7131711945175062,-0.5218103588447707,-0.5784954584695177,-0.7092880851324209,-0.45729837555873815,-0.8742681529833117,-0.8146280484078842,-0.45160477720184605,0.7748013248227219,-0.6994305123664442,0.7996219025699787,-1.0805431846087106,-0.6521531385936097,-0.5067219792531547,-0.5992886830596148,-0.6415282759861465,-0.653423753974908,0.741374993843228,-0.569016726706614,-0.2329983601734891,-0.6342649371631736,-1.043964392438422,-0.6391782082616193,-0.6440195724146066,-0.592067061141722,-0.8994365011681678,-1.0913568696203773,-0.07739934140877633,-0.580088705854444,-0.752626594297781,-0.9540042441810015,-0.5407815506861512,-0.6990013958900166,-0.6391827724366653,-0.5997273697997628,-0.6105279661545386,-0.5339454127667757,-0.6341079816631032,-0.38982219873842006,-0.6318940758854701,-0.5748910993030063,-0.6231955768181847,-0.3370059785585191,-0.5879521927836299,-0.5154162657081919,-0.19698339641286683,-0.22990200425307428,-1.2042338619431394,-0.14834845644806216,-0.7576801524933806,-0.707549746842889,-0.5739871647882521,-0.6314040089635716,-0.993339181451544,-0.684697865114565,-1.1432599661056149,-0.4377722681242589,-0.6857222368676819,-1.0402965704181413,-0.7383759003262373,-0.25284946853324747,-0.1757002376163463,-1.002557068372902,-1.0647324519042218,-0.8129023387160534,-0.637802367970914,-1.039613058920877,-1.1563720133666489,-0.5835439342244932,-0.5474774635269406,-0.6292879253011684,-0.9775656248639784,-0.578749412414944,-0.47601579920110326,-0.8427686229829536,-0.584905835228444,-0.24437948065423237,-0.5820975925128654,-0.6399141504546851,-0.5421854871536436,-0.6310813491842789,-0.9747362219215873
-0.33406581096389354,-0.49907732475020145,1.106326894212028,0.9206313657423479,-0.58027851785002,-0.5476866340923241,1.0775100886163076,-0.6599630683424649,-0.7798864946067515,-0.7231837716811726,-0.33527414506405756,0.49001149775620734,0.7035639013025002,-0.47293490447333586,0.9204123341643479,-0.6092126625862965,0.8796871781092481,-0.6166869330161389,-0.5881368293133262,0.0606561875193588,-0.6815467518848756,-0.649869389486836,-0.4477659961549946,-0.6047576912264462,-0.8539096904430775,0.44639131355803374,-0.717914468131254,-0.9006423944003323,-0.5009164766019442,-0.7100458218723216,0.9106482695189122,0.7425011085618151,-0.6462523312090358,-0.8710815376425386,-0.5992293600597557,-0.7198655349086246,0.6880445307181327,-1.1667325286540278,-0.5814607734417114,0.66023329871285,-0.8371379444322615,0.6928391648605028,-0.7224139104261422,-0.7264682803577192,-0.6776946533391712,-0.44896635147074204,1.0145041996855988,-0.5783169387011056,-0.2723787335398882,-0.4827213177791803,-0.6887212606257921,-0.2952805503228709,-0.5307462629449994,-0.7071392619717924,-0.7404134209124975,-0.5434329253605595,-0.5774776263626529,-0.8692004353488826,-0.5459736110542315,-0.867624233104343,-0.8255085412112,-0.5005384445696891,0.7082811089328742,-0.6968565043054006,0.6197159735840126,-1.0793650758125692,-0.6467151475171986,-0.5125677856840722,-0.600459970078053,-0.6427294806270435,-0.6540110421290266,0.6186631123737738,-0.5702347352414143,-0.3295420502669823,-0.6342849895742491,-1.042978780816325,-0.6391903462542501,-0.6448997434083605,-0.5839485223785031,-0.8994212583347364,-1.0912748827800072,-0.07194356244494512,-0.5859651258441223,-0.8347062963245131,-0.9549715383987221,-0.5496762509828632,-0.7714730251609465,-0.6352513746263045,-0.5997135009069179,-0.6103145951724259,-0.7421465067018984,-0.6334387173208331,-0.37799499510153906,-0.6436877880619054,-0.5743229324987978,-0.7481038152261383,-0.46733586250033576,-0.5838340539658304,-0.5147442281868372,-0.190696370449912,-0.314230111164655,-1.2060873728988968,-0.14837924149079898,-0.8207254346811175,-0.7899453727726707,-0.6012990770215467,-0.6334158882850712,-0.9935795715988138,-0.6811656923375509,-1.18028150062505,-0.6712426378627582,-0.6948745752766281,-1.0385419134954308,-0.8146397601233287,-0.34206605166700405,-0.14485996014822214,-1.0017745031101946,-1.06415280557595,-0.8687506839857602,-0.638873100878452,-1.0394661724490293,-1.155931186568387,-0.5835762620629773,-0.5603122826699475,-0.6304286309001399,-1.0522900107829096,-0.5779173781096401,-0.5938128877953422,-0.8627087796389504,-0.5906040377144688,-0.24437671380930268,-0.5907968679922462,-0.6403424125276793,-0.5581365810317516,-0.6335276101111231,-0.9752933985790887
-0.45235722467145384,-0.507754935280123,1.10872224657067,0.81049129536203,-0.5777705253811274,-0.5366963414836861,1.0014634645408842,-0.6605380866626713,-0.778307213449052,-0.7188467055946468,-0.440100368283392,0.3626053709090808,0.7274530265827468,-0.47391634112218756,0.9301092501945268,-0.5830634956594171,0.7663440061283036,-0.6701284534265818,-0.6102611079789468,-0.07367934181009225,-0.6946743044642225,-0.754872607958904,-0.4960877377760992,-0.6148249295373102,-0.8328688358143869,0.2632559544568113,-0.7832246769215954,-1.0054630361762442,-0.5899256993281803,-0.7156256020695888,0.9110205448092044,0.7048383458953413,-0.648280198515848,-0.8677649878313176,-0.5996085607019154,-0.7194862238970069,0.5965740216674038,-1.1776124860589277,-0.583048485923266,0.6579285897746194,-0.934090056275477,0.6862969628847673,-0.7236646722977393,-0.7396837252549878,-0.6793827307051494,-0.458320699144406,1.0269227070433626,-0.5711579723809477,-0.41427109075957413,-0.5283903235765645,-0.7504838491690111,-0.4311049287964569,-0.5720360660903446,-0.6879210980221583,-0.7971245738679892,-0.5804405203823032,-0.5793430992067524,-0.9959371422514098,-0.6398945211317849,-0.8653838841040064,-0.8484654885467523,-0.5633302242902295,0.6368329977001226,-0.6941589791480256,0.45209559211698624,-1.0791576643035667,-0.6458245422719601,-0.5283114653278571,-0.6057299466692383,-0.6434810790260671,-0.6541768155868676,0.4926050942953824,-0.5712023138395901,-0.44297005842058246,-0.634525378358521,-1.0422753817591475,-0.6391921198422142,-0.6453879020854956,-0.5797051500609213,-0.8993620191411742,-1.0912466434102426,-0.09543533032379503,-0.6026409387792281,-0.880675958735219,-0.9550394417747842,-0.5574578968808896,-0.8184758005403366,-0.6312221609603461,-0.5993993764108565,-0.6098966053418372,-0.7421465067018984,-0.632936381245389,-0.3883262642986604,-0.6540344476217602,-0.5741903876864725,-0.8591541477704686,-0.6045111477215844,-0.5815345751612525,-0.5188487434059101,-0.19942466323058242,-0.42567395466252,-1.2077537442329855,-0.22134461321047605,-0.8608575989776177,-0.8361956092429907,-0.6185206486933815,-0.6408742824415272,-0.9933852095689641,-0.6772040932881007,-1.2073458846859477,-0.6712426378627582,-0.6962001285665392,-1.0373843707167834,-0.8594326480640018,-0.41287737945357805,-0.11221445022425869,-1.0020894048203235,-1.0639642610633693,-0.8915382889115573,-0.6395953845589033,-1.039346041165938,-1.1560109804340275,-0.5856533129178759,-0.5806181518997638,-0.6299706317533481,-1.113292882323689,-0.5767459208372859,-0.7010328477048537,-0.8596062018631668,-0.5911180553467811,-0.47279711842903244,-0.5932699877039667,-0.6409605363523863,-0.5689711419050388,-0.6352041074486374,-0.9758175773957091
-0.5723306773972711,-0.5146810831784004,1.09981081802951,0.7078419079929285,-0.5775491092336202,-0.5234318992219408,0.9073888042231211,-0.6629390035328817,-0.7679013548162817,-0.7115428554853763,-0.5296904480868467,0.2149958791927015,0.7382063681267015,-0.4796285680891124,0.8993935338208225,-0.57505444792695,0.6252840726845691,-0.7248220505305482,-0.6584101235244179,-0.19558129467222168,-0.6919517932164798,-0.8027742926591594,-0.5458847526178797,-0.6267460574814752,-0.8142519053778405,0.054425857371988726,-0.8301203006506381,-1.1058965998832577,-0.6601903691215436,-0.718755277051895,0.8956553354254357,0.658695502241854,-0.6516736533576769,-0.8638931790020583,-0.6007494119912234,-0.727939626544999,0.4884768881946606,-1.1784398381892158,-0.5836179145998219,0.6637970744402459,-1.0082941207223264,0.6869655509173385,-0.7218871209492052,-0.7545702861135473,-0.6820586981668944,-0.47308381821346757,1.0157372485679572,-0.5629252377870289,-0.5348989704225747,-0.5757010443424914,-0.7652359761304887,-0.5631223392586968,-0.6282961850338473,-0.6688208251077136,-0.8685973326558012,-0.6330672984350203,-0.583913876725849,-1.0852367275018588,-0.7212600468513475,-0.8618009199512409,-0.8825557487703402,-0.6279814831343974,0.5314652117534521,-0.693666768162646,0.2992348601628964,-1.0779779369645504,-0.6421847335015846,-0.5438900348994296,-0.6210669415034982,-0.6436709822440312,-0.6541535963243951,0.36590851793715745,-0.5719987714659638,-0.5554739083462651,-0.634763785916549,-1.040748986335743,-0.6391628002161794,-0.6457616062927471,-0.5876880766834828,-0.8990075737741802,-1.091727346740812,-0.15289858772054227,-0.6144438322251929,-0.8935762645552586,-0.9556299279138645,-0.5554042144038229,-0.8376111184447017,-0.6282941885809195,-0.5988026584058854,-0.6099987940469905,-0.8852350038561304,-0.6324845170090023,-0.3976561381563555,-0.6501745425204281,-0.5744063757502128,-0.9565609348421467,-0.7216824190891263,-0.5804530521679235,-0.5231089526574184,-0.2237047927989054,-0.5440322093317923,-1.2101609639852549,-0.3239968452170403,-0.8713788892835304,-0.8497587100420863,-0.6288835859493055,-0.6490290532244559,-0.9929137772529113,-0.6740536154216021,-1.2265065458724271,-0.8662767267825265,-0.6984197661450585,-1.0358862624591332,-0.8758755605923816,-0.4670791277541197,-0.08644367430548812,-1.0011396060417155,-1.0631791099139787,-0.8654705867118644,-0.6404056627681162,-1.0390748960225342,-1.1565045456840273,-0.5802336759195519,-0.5958240637420403,-0.629634749989774,-1.1608707317945974,-0.5761871029004475,-0.7918819214037214,-0.8426464117904238,-0.6017272188821556,-0.6002634005633114,-0.5857013072736361,-0.6418542073628407,-0.575801784094406,-0.6366892926143135,-0.9758467885991121
-0.6639142176356257,-0.5188182691464753,1.0752597729097728,0.6110922050035564,-0.5759980195935205,-0.5221554727821879,0.7742855757847084,-0.6682449447672377,-0.7500357640392266,-0.7044725429203913,-0.6193852077846078,0.03988766336100775,0.7372322540774159,-0.5012323251900593,0.9108985116031727,-0.5712392731352669,0.4814371098469458,-0.7798378313990784,-0.697379085043746,-0.3146690674433184,-0.6904611732336514,-0.813625187712901,-0.5984545352549341,-0.6330036663647032,-0.7966192265871462,-0.19483340187832973,-0.8521079287565071,-1.1798545605650843,-0.7181441535041716,-0.7165119198084884,0.893306796915163,0.6094159077384251,-0.6547188306862667,-0.8571632516495752,-0.5980250378831855,-0.7370675044051551,0.3570318308979432,-1.161602502419665,-0.5824368297107486,0.6521123063737804,-1.059879194972862,0.6890392726053591,-0.7220602158370774,-0.7652016317897619,-0.6795241783624214,-0.5081783788334311,1.0113978953628833,-0.5580924590451506,-0.6310171088686302,-0.6176630082747944,-0.7573165581091704,-0.6845793080148365,-0.6806119318443515,-0.6551549778470754,-0.9415141560853842,-0.6823409962278654,-0.5840981883096773,-1.1319723594196902,-0.7556811120571392,-0.8588644879025251,-0.9236554581155982,-0.6828099415823069,0.41151302755302066,-0.6973677536402149,0.12085905682814317,-1.0759666118172346,-0.6415163299067812,-0.5597396827665717,-0.6340882570298171,-0.6437119072116859,-0.6540559985733881,0.23659020372716047,-0.5756841238807872,-0.6606150659559556,-0.6349315297385414,-1.03988904459924,-0.6399741612852133,-0.6459195857018822,-0.5998670554510391,-0.8982866570384913,-1.0917387595431003,-0.24016538604515988,-0.6263196607225003,-0.8879329580312194,-0.9565654967837528,-0.5624990517448208,-0.8342067545916172,-0.6254458015270546,-0.598051071097479,-0.6102785001661164,-0.8999045182949633,-0.6318592977952179,-0.40599974403436173,-0.6486529547519977,-0.5757358813677189,-1.0407901316047519,-0.8113879274174949,-0.5801896263281967,-0.5254255897477559,-0.26847283487732354,-0.6702706270694354,-1.211633115022528,-0.4397006754578683,-0.8713890527980969,-0.8421550584647103,-0.6322483932923674,-0.6647848489580154,-0.9918782395142874,-0.6732052138612035,-1.2410063317457112,-0.8662767267825265,-0.6949337849556972,-1.0350345988603356,-0.8730512340725457,-0.5080315775815066,-0.07807217719525598,-1.0006552334188037,-1.0627990733708093,-0.8494982329946651,-0.640918660625635,-1.039355606995675,-1.156728390023327,-0.5737060571583308,-0.6107737931724397,-0.6410191654449405,-1.1982622933928013,-0.5759388281557587,-0.8504245084236397,-0.8340045683319847,-0.6273862974060845,-0.7161994349747149,-0.5817246765898674,-0.6426416658571187,-0.5771797137745776,-0.6383392989004525,-0.9759877301966761
-0.7353281266710512,-0.515148377902953,1.0568505118810116,0.4951826569220378,-0.5739910480110649,-0.5250425406190179,0.6440073487979114,-0.6758098707662602,-0.728517020127526,-0.696214157754332,-0.696690651046877,-0.14303030858386287,0.7434846474773299,-0.528025411838681,0.8727233583667516,-0.579524519643985,0.33250936317010066,-0.815332008435518,-0.7402495003847768,-0.4304155124630848,-0.6897287095287539,-0.8087575694254397,-0.6426373351985943,-0.6382575094055639,-0.7860433651523271,-0.35803468730371385,-0.8583543368005464,-1.2235085529267666,-0.7486596838966686,-0.7103470712021293,0.8892055500803526,0.5508431633452674,-0.6583139468026528,-0.851486125804002,-0.599394969251947,-0.7458021635167863,0.1652460309614156,-1.1439122297350743,-0.5820221638817267,0.6565804805625552,-1.0901338257184656,0.6886203003262844,-0.7231700808908541,-0.7763685552326994,-0.6924925995622656,-0.5553009417619996,1.028057771167384,-0.5678296521966657,-0.6884457867025969,-0.6485095632145704,-0.7377180316783604,-0.7925945529592708,-0.7178867655813777,-0.6463779279909262,-0.9976285772536606,-0.7181606828181335,-0.5855351340470925,-1.1389880357147089,-0.7802738064565246,-0.8571855726453245,-0.9566949686123246,-0.7273011851042372,0.2820593165340042,-0.6997121406330793,-0.05386187255157988,-1.073526420412264,-0.6505900251568704,-0.5771248129473528,-0.6467837196638503,-0.6432960072278956,-0.6539057595157356,0.10100042620569953,-0.5794771593228918,-0.7548020317535913,-0.63472962477313,-1.038802563308735,-0.6412235985814246,-0.6453531857649021,-0.6095708425078882,-0.8981713954830978,-1.0917715347701844,-0.3503745193285011,-0.634512602816763,-0.8815794665195,-0.9565048796119775,-0.5747720447578135,-0.8225310691190977,-0.6226763068253884,-0.5972371923088156,-0.6117140311611907,-0.8863377761215886,-0.6312730266636036,-0.4155488151284034,-0.6466294329038893,-0.5770028192477301,-1.1102566498731297,-0.8672193659988059,-0.5816396345391535,-0.5291414706344184,-0.3346706584124523,-0.7864657283365651,-1.2122141499801635,-0.5614957262810379,-0.8487091950761486,-0.8351399587642372,-0.6301368686390755,-0.6844207911358524,-0.9909405471139325,-0.672748022286736,-1.252267684772829,-0.9264965639913565,-0.6873860016475284,-1.033892150119648,-0.8625613538219195,-0.5462110011149254,-0.08592000214880216,-1.000695125729172,-1.0625504188188515,-0.8498393155920613,-0.6417618940949721,-1.039139671742681,-1.158583009238296,-0.5622166514335571,-0.6221702464500155,-0.6508682696510779,-1.2223584197012998,-0.575424585523656,-0.8732583154363361,-0.8340132445829752,-0.6396956037079541,-0.8146001117338492,-0.5898801163482092,-0.6435630181606485,-0.5752298632006508,-0.6398195883892837,-0.9754913856243757
-0.8019787791854502,-0.5073898153346692,1.0281909332738868,0.39635058381490074,-0.5810696259789888,-0.5413520016220826,0.500096756606929,-0.6897164557846108,-0.7168380764209116,-0.692444209473422,-0.7435082017622614,-0.3489337577007285,0.7455249748463662,-0.5511164094725592,0.8483332189405074,-0.6011964470655189,0.17861017267417767,-0.8342306477588833,-0.767049151748607,-0.5257903424411882,-0.6860864492411076,-0.7905895205065515,-0.6824735341081867,-0.643237982280158,-0.7739331087906016,-0.5099741547507465,-0.8559947895695358,-1.2333381950903606,-0.7604547410205857,-0.6986857085952741,0.891477567678748,0.5070091243039405,-0.6611938867094211,-0.8454298913872941,-0.5957373781393818,-0.7563586361075879,-0.06207235845459011,-1.1261083207337932,-0.5819411384573945,0.6511619430819033,-1.0980999292115723,0.6876817928664869,-0.7199781143221893,-0.7800597626720136,-0.7070900191594544,-0.5996516567447433,1.001961065188077,-0.5801023536620672,-0.7288224822501175,-0.6721909983058529,-0.7192046219143124,-0.8787712329088396,-0.7352315347308268,-0.6417167588100012,-1.024147912066341,-0.7473383636759672,-0.5858150779907253,-1.139501532163544,-0.7914624533565201,-0.8535566122898888,-0.9889386113006091,-0.7604430472754098,0.11679969956247123,-0.703740841113414,-0.21098183400863826,-1.0723305076444984,-0.6656073147821923,-0.5930724331701743,-0.6627370400510341,-0.6431518603973788,-0.6536925594792282,-0.028260372147806797,-0.5858050827546764,-0.8300976766696967,-0.6345977231350067,-1.0383479544677083,-0.6421152699304655,-0.6449482195973154,-0.6218157363398279,-0.8983189738249542,-1.0922551644603145,-0.4704950606551315,-0.6429624383696451,-0.8948568078517185,-0.9568801697313912,-0.5858200558488602,-0.8220330306744938,-0.6203428522865481,-0.5957700531058905,-0.6133887066629492,-0.8599373991261425,-0.6307567291134698,-0.41329519727920966,-0.6472614488968327,-0.5789111940455948,-1.169458494321764,-0.8965916452235001,-0.5839964739871624,-0.5366516801726395,-0.414608665168163,-0.8831457969777131,-1.2126173813174355,-0.6813157687129785,-0.8487091950761486,-0.8260747212335408,-0.6268440765265589,-0.7019205427495604,-0.9902858090065442,-0.6721397333944703,-1.2615624152154978,-0.9564354909950699,-0.682933080155574,-1.0335146992101338,-0.8699355065838897,-0.5795673624874498,-0.11175993326132586,-1.0011216116582795,-1.0632273815613562,-0.8498230833171216,-0.6431061158192608,-1.039448740302453,-1.1598313813254355,-0.5555903638193322,-0.6389842751210791,-0.6555288708555423,-1.2270768562843233,-0.5748988708861089,-0.8734536725433457,-0.8592556317445559,-0.6498583162388424,-0.8847329902767817,-0.6104565634826467,-0.6441636967171548,-0.576255834293471,-0.641097577631579,-0.9752523848692604
-0.8581220483060954,-0.5029779230745874,0.9911545455226409,0.24857370575854357,-0.5920294043876421,-0.5702349269083417,0.3323835873793063,-0.7082536723927271,-0.6988813480514459,-0.692846784712026,-0.7629910250723195,-0.5512520813669989,0.7351030570374829,-0.565337818841947,0.8246022160026777,-0.6140259519002911,0.013906549125215613,-0.8391940992668179,-0.7902465846482178,-0.6057616200329331,-0.6878273464375629,-0.770056307754185,-0.7073494572711062,-0.6425500602882336,-0.763647765202694,-0.658933850286108,-0.8379245987473201,-1.2464467464194142,-0.7738383231284475,-0.6815794927304347,0.8758717284853151,0.4370078816108996,-0.6677741217230604,-0.8433022820711926,-0.5913524713135628,-0.761103875895764,-0.3297353167243207,-1.110252510342906,-0.5844056617808278,0.6482719332367299,-1.0981710400663536,0.6906536535335961,-0.7142472209891061,-0.7861632194068684,-0.7100651206395988,-0.6430864921423304,1.0048960688658042,-0.6031839353942028,-0.7660325955199931,-0.6877787739356078,-0.7020896932213188,-0.9639638924069324,-0.7428975124075792,-0.6403617480164989,-1.0305233285705488,-0.752131060645213,-0.5854798298748123,-1.1301598728341182,-0.7943623348869824,-0.8475767827843731,-1.0060376927275694,-0.7764975548611386,-0.05005353082602987,-0.7063832247099268,-0.37842862642475955,-1.071376090994513,-0.6784352402004835,-0.6070325288360076,-0.6807176285353319,-0.6429969707628528,-0.6540315167978262,-0.16328096618540805,-0.5899577536713556,-0.8805424351273656,-0.634466662017108,-1.037443974962369,-0.6433379371333411,-0.6450136221515345,-0.6367220859680999,-0.8978505041455398,-1.0922062942556443,-0.5895126865258453,-0.6556355947550334,-0.9070312856077446,-0.9569160441677759,-0.5912974763709137,-0.8259901037239741,-0.6182693693704591,-0.5944493077718843,-0.614099138476094,-0.8434701364096595,-0.6300552758156657,-0.40046462516902387,-0.6538691342370863,-0.5804894417022023,-1.217371194062518,-0.9046774390683493,-0.586997440699258,-0.5399206541051056,-0.5201652988087834,-0.9483770282467329,-1.2121795333461105,-0.7920626045189824,-0.8620826779821925,-0.8178962672066262,-0.6236910066592001,-0.7197196227501257,-0.9900038511985938,-0.6711963890597087,-1.2671362323266993,-0.9457861705631819,-0.6796355634653634,-1.03249935026591,-0.8779424886291177,-0.6001481670086201,-0.1598836710825346,-1.00107848226306,-1.0635229064816392,-0.8535638289990911,-0.6442284729425721,-1.0391914340497852,-1.159888530985962,-0.5581082581209849,-0.6449146168781517,-0.6651765686397639,-1.227685366996525,-0.5743068925753246,-0.8671760236790909,-0.8654518631522461,-0.6693098862638819,-0.9240804429424697,-0.63070616238692,-0.6455790748018813,-0.5804035599491895,-0.6421461772154614,-0.9746307861975196
-0.8978445694534393,-0.5100373287268999,0.9337477154083661,0.09570867127808282,-0.6017816625599605,-0.5981994478050229,0.1758722858043525,-0.7271059009580519,-0.6837896621254177,-0.6927087947574799,-0.7847060736599906,-0.7435693948401484,0.7196275954617677,-0.5729228176410683,0.7822932191105201,-0.6383462576396118,-0.12551784849539496,-0.8380162500695822,-0.7970564291477701,-0.6693192934166595,-0.694695151508131,-0.7633691295791054,-0.7190842377127219,-0.6448674765054774,-0.7585679546249663,-0.7652836685880398,-0.8110534175493678,-1.247881069190071,-0.7837954737017054,-0.6748652762281,0.8974767650096759,0.3651829255944818,-0.6689700723259531,-0.8466857510470808,-0.5886550669170063,-0.7648049348036344,-0.5771257552591728,-1.1010808634142528,-0.5810160981962699,0.6503196779843625,-1.0934860499217756,0.6828239597766664,-0.707489378684898,-0.7857418500329398,-0.7136863515994873,-0.665076367582589,1.0170803206180365,-0.6370042952105541,-0.7973522986980998,-0.6936748079805334,-0.6902893338299849,-1.0242581455378958,-0.7430896762915262,-0.6414337523768242,-1.0204881660232148,-0.7519275207011095,-0.5876279209455364,-1.1182902657429392,-0.7986845639789394,-0.8402219145737273,-1.0141909686403008,-0.7833466067561587,-0.2264970261955798,-0.7094926283050678,-0.49714281190171894,-1.0699922368364463,-0.6912319891314992,-0.6224680918546369,-0.6913534631042807,-0.6429824765034748,-0.6541928440139172,-0.28544391559073423,-0.5980924358997813,-0.9036948153159976,-0.6342657176462394,-1.0376923943341507,-0.6439091433070864,-0.6449490256147089,-0.6527480461879165,-0.8979685371251936,-1.0927518164504917,-0.7040554870870007,-0.6704636720528145,-0.9100287766578353,-0.9569567760736848,-0.5948539413686,-0.8255787113601634,-0.61640185946038,-0.5930849406210669,-0.614336049679713,-0.8357500336340242,-0.6297384279039564,-0.3838160987954219,-0.6675705619575585,-0.5821988816730505,-1.2543611993716024,-0.9003972846604062,-0.5891795883909899,-0.5488005205672496,-0.6259702229061801,-0.9798657739697876,-1.2123707115750848,-0.8772570331886981,-0.8647897275836621,-0.8164450478850487,-0.619796787602418,-0.7311314415570406,-0.9901099531269979,-0.6693584196561099,-1.2688939271913524,-0.9456985684695217,-0.6786324898440732,-1.0324904537799604,-0.879830715881397,-0.6156964834826096,-0.23539022657663639,-1.0012340051484707,-1.0647983603396807,-0.8559596001272073,-0.6452968722306534,-1.0395560038450353,-1.160353962526577,-0.5671697052843439,-0.6731771986198021,-0.6748739340966503,-1.2281915083612773,-0.5736420299314442,-0.8674299239634722,-0.8684563745025431,-0.6712261119180316,-0.9369132709520289,-0.6482610518759608,-0.6467868707047345,-0.5864058002822874,-0.6435097320097335,-0.9736145412171783
-0.9225689731697828,-0.5291666945892863,0.8753778487115008,-0.11095618072286165,-0.642953299920881,-0.6252291969357907,0.05362520324174085,-0.7478008169294462,-0.6813982291849874,-0.6934079438605144,-0.7895614777798181,-0.9083710928822942,0.7195634489323989,-0.5734883459251412,0.7439024224550498,-0.6527913819596901,-0.2563248209421426,-0.833154121370998,-0.7954423281862051,-0.7101349696084307,-0.7045389002683363,-0.761584925470012,-0.7230478328949467,-0.6428946172159888,-0.754574545169461,-0.832616062590708,-0.7860803682829318,-1.2417786549099101,-0.792767661311215,-0.6727165253444557,0.888154705050848,0.27309143259293744,-0.6726484721955046,-0.8467325644537533,-0.5859532217245829,-0.7680100177989252,-0.8140580627781351,-1.0977930524386696,-0.5866954874301065,0.6289082667285459,-1.0783955839238797,0.6877321937506855,-0.7029217314164655,-0.7877660448065136,-0.7247882833580936,-0.6699263449505843,1.0093134743808936,-0.6699663414297219,-0.8250288184056129,-0.6953568891641914,-0.6787147560511795,-1.0695141972321762,-0.7393105587671289,-0.6394209979403077,-1.0116975172879112,-0.748844747338258,-0.5886672542876583,-1.1058339669326116,-0.8020654464236665,-0.8286736361200715,-1.0152502602496365,-0.784960991523104,-0.39745218675373184,-0.7112128128289724,-0.6086315248917479,-1.0683606980143132,-0.6974697770160989,-0.6378941425479258,-0.6915050515764608,-0.6429856027162816,-0.6541982783093894,-0.3953913819367697,-0.6076060052903124,-0.9034539749774273,-0.6341476845918239,-1.0375497119631216,-0.6443545355846162,-0.6451058535704248,-0.6698329247132195,-0.8980186207207531,-1.0939604517218835,-0.8100453941793655,-0.6806681914650984,-0.9098708509930067,-0.9570533688791265,-0.6008415652465765,-0.8210177383273219,-0.6138222927660668,-0.5917406655842427,-0.6139639331012903,-0.835675712368628,-0.629624464596668,-0.3672539717689344,-0.67981432186487,-0.5841134309186947,-1.2764731681329209,-0.8864188159452663,-0.591182990766937,-0.5569503772605918,-0.716159509552815,-0.9850419323782426,-1.21248788363641,-0.9355569473696491,-0.8637748280576603,-0.8193920630446985,-0.6160094123007774,-0.7330935029143889,-0.990994167498144,-0.6683410865108772,-1.2688971185516345,-0.8837389576222022,-0.6845578100704294,-1.031969909391376,-0.8803320985913577,-0.6272103293704879,-0.3350462195701365,-1.0014471767067408,-1.0663984277383467,-0.8573187587194147,-0.6453597661208743,-1.0400774629594716,-1.1610032924602414,-0.5828717398956962,-0.7058907489979008,-0.6796606147778783,-1.2273401919606532,-0.573469150804625,-0.8671815828211443,-0.8691092747842559,-0.6714439491320767,-0.9314416087251018,-0.6583118286109776,-0.6481255336352902,-0.5916770533372526,-0.644452584973755,-0.9736268354947047
-0.933915748787022,-0.5617677998253554,0.8358583381788963,-0.2793771142916853,-0.6785212903563801,-0.6593030985780505,-0.09534679249265227,-0.7555838876043047,-0.6859650530752052,-0.6945508561128281,-0.7832635583691411,-1.039834063322824,0.7274140486569147,-0.5782908055232053,0.6982205469555092,-0.662615074766232,-0.3700839829427958,-0.8317976480300872,-0.7902622931216975,-0.7446548588071865,-0.7208675446115335,-0.7546739038919387,-0.7221987806119531,-0.6491876569531084,-0.7483499930941785,-0.8559287288438029,-0.7585689686383408,-1.2244450739295178,-0.7979756739208722,-0.676194385331168,0.8879530735020573,0.16504287066341117,-0.675684645875104,-0.8417396345518628,-0.5843003791654977,-0.7680988672260726,-0.999510383246623,-1.097117215397302,-0.5890485472068395,0.6028684973143538,-1.0601993063365522,0.6858076443478887,-0.6926607148815518,-0.7935356691391624,-0.7347048965687892,-0.6719537602929568,0.9934378713450376,-0.7030848031436295,-0.8396231357096494,-0.6968271060511709,-0.667490395695536,-1.0823030185853357,-0.7359962857835268,-0.6406207459007225,-1.0128531733596462,-0.744180777890129,-0.5876312370564469,-1.0874966314727887,-0.801992252935061,-0.822343718420927,-1.0099285692857645,-0.7903549581655516,-0.5589746987565302,-0.7115640935935383,-0.6898171545198615,-1.0684761382046577,-0.7012550453143851,-0.6621440468026075,-0.6852923212517461,-0.6434792601386159,-0.6540862439956634,-0.49395116481070617,-0.622361486639118,-0.8908410224551265,-0.633678073934837,-1.0380617089702737,-0.6453399299726448,-0.6454725914844893,-0.6878045949790248,-0.8984113216404822,-1.095217079290077,-0.897644418765727,-0.6897067987951944,-0.908461425832146,-0.9564131442760602,-0.6146782194754882,-0.8210931375652645,-0.611085207895574,-0.5906795767440564,-0.6130781568176964,-0.813809679259612,-0.6287842275921262,-0.35220882594357944,-0.6916971193332957,-0.5861112470029599,-1.2841856192584582,-0.8740230934097971,-0.5925797474221819,-0.5643544545323294,-0.7923819368482017,-0.9696723859955358,-1.2126972093735395,-0.958340289211664,-0.8638884291145642,-0.8215863516173691,-0.6187503446270799,-0.7285251582148637,-0.9924751340390616,-0.6670965354445237,-1.2709519290585427,-0.8837817239986349,-0.6966412996132635,-1.0309480630135932,-0.8785528555232676,-0.6338559567518717,-0.4503150921607746,-1.0021809952799288,-1.067438611675385,-0.8553112308360749,-0.6461523998902967,-1.040083678320925,-1.1616166465355635,-0.6040743077078357,-0.7555242341773653,-0.6877029571593132,-1.2263480650962697,-0.5731652853469876,-0.8687057224666398,-0.8655604402360754,-0.6659759643920501,-0.908983078123537,-0.6692096858700086,-0.649116391849665,-0.5928801375500701,-0.6452795735857674,-0.9746686525723013
-0.9398655837094999,-0.5938618115277462,0.7478471319354689,-0.4079126509894785,-0.7262865294471572,-0.6964298020496769,-0.2069257412214654,-0.7607487803571197,-0.688419867075106,-0.6964438273983755,-0.7867859912114256,-1.1154379032150452,0.7369814589660646,-0.5799506289774963,0.6347336288491661,-0.6729688255183747,-0.47832043654463646,-0.8296358291236199,-0.7886594757115051,-0.7621661630954196,-0.7313827935590437,-0.7577123198067297,-0.7228503654085869,-0.6659479677612409,-0.748148600396301,-0.8553614621828144,-0.7362062439936685,-1.1768614645817945,-0.8018181601767707,-0.6808213818342308,0.8652652555345568,0.041597055891261704,-0.6833523784469723,-0.8395719137484198,-0.5816553978225846,-0.7659591769112633,-1.1616649831188295,-1.098078472310123,-0.5907137482886481,0.5579027666874226,-1.0518408554532215,0.695740201536309,-0.6900885006386951,-0.7934329890529117,-0.7537258672966461,-0.6718116356495727,0.9848165940681745,-0.7241360504146358,-0.8448368074257586,-0.6962798288398694,-0.6516733984788978,-1.0862531006822178,-0.7340672600841528,-0.6356712476366166,-1.0142966314639412,-0.7464325691300561,-0.5897350420008187,-1.0675730596225141,-0.8010380894830246,-0.8179716016199997,-1.0017529077499978,-0.7966404348498578,-0.7134213467775481,-0.7148267326841274,-0.740092826135799,-1.0679021267344833,-0.7077080708707534,-0.6933741137733621,-0.6956093502103229,-0.6436651845402799,-0.6540243259624035,-0.5760867270029711,-0.63671156491992,-0.8924703931486259,-0.6334525743659746,-1.0383603313985283,-0.6455210022188732,-0.645685149785702,-0.7079709577402998,-0.8984767965386297,-1.0963968411471325,-0.9538779078106685,-0.6999791525722242,-0.9048788410157054,-0.9558513475663595,-0.6414345960085615,-0.8154688587574779,-0.6089133760674532,-0.5899546011146554,-0.6119222715822059,-0.8068527508441871,-0.6287166917284482,-0.34149853566593436,-0.7088941495897042,-0.5876553881861207,-1.286161417175835,-0.8732438984066689,-0.5936581053074033,-0.5732958476716001,-0.8523259787899745,-0.9450948305933731,-1.212722437556842,-0.9540498840741048,-0.8582767171431812,-0.8210709117748642,-0.6317164873483702,-0.7223669848826301,-0.9930223941196897,-0.6647819283560458,-1.2717231212706896,-0.8647810368178234,-0.705607667039406,-1.0308002713902575,-0.873091499984872,-0.6339939147211059,-0.5763673167195831,-1.0029180509379672,-1.0687059960988798,-0.855283835671744,-0.6461237134462503,-1.040983449006325,-1.1614746546260055,-0.623827944863365,-0.7922497697721878,-0.6880288865212423,-1.2238950822813979,-0.5727049782628693,-0.8716131045643608,-0.8587711994677988,-0.6691768080762867,-0.8880665353544925,-0.6803929714454691,-0.6494974361304936,-0.5977062220454902,-0.6459380965178873,-0.9750856252888905
-0.9365175870840418,-0.6343903354932413,0.6538656840161328,-0.5160883803275325,-0.7748423418452903,-0.7235856829896817,-0.33961897026181254,-0.7654188436680356,-0.6989197045201937,-0.7014722022496097,-0.7871857609917134,-1.133689758078366,0.7266588791853008,-0.5810573838932303,0.561569588601185,-0.6735178781029992,-0.5787402198260145,-0.8221953195417002,-0.7894647009119183,-0.7734433277303856,-0.741364470869217,-0.7541100480993714,-0.7185685059140352,-0.6950525180867726,-0.7421277014393428,-0.8411783801455364,-0.7337743450317584,-1.1566419818463716,-0.8114296105261449,-0.6858125235710939,0.8436351336423908,-0.13178847877428101,-0.68450627791651,-0.8379811581793568,-0.580722939002718,-0.776033981549037,-1.2512148764156164,-1.1005669525863362,-0.5907691585325368,0.5297184723045999,-1.0445230759241153,0.6962360889088057,-0.687476462467091,-0.7889536557755543,-0.7751441835148242,-0.6747017120983008,0.9652286218700186,-0.7309097833349343,-0.8528615236008117,-0.6933862945412774,-0.6407494357246087,-1.0846254001860935,-0.7330409086644529,-0.627795877340674,-1.0133462883279738,-0.7498104127198834,-0.5919224985171896,-1.050606441146108,-0.7924701084319228,-0.8147759965885547,-0.9834325334943669,-0.7969371715565263,-0.8472080745393581,-0.7162630832789636,-0.7660770230715788,-1.0673158333801405,-0.7162342867118924,-0.7396810325955627,-0.7186389086897437,-0.64378210489926,-0.6540292662310145,-0.6404226139788038,-0.648293441985266,-0.9004564398298651,-0.6333123875999215,-1.0394183503837016,-0.6455140187162639,-0.6457848080791468,-0.7238760736754136,-0.8988178301917932,-1.0971929572657284,-0.9706205967411151,-0.7107604785997047,-0.9026896645584177,-0.9562106991138957,-0.6640856970279018,-0.8075561248181575,-0.6064797602247071,-0.5896749710443885,-0.6111018646829478,-0.8065618873788746,-0.6283070443321946,-0.3350382561792128,-0.7270753732876686,-0.5893789411804639,-1.2864686122459308,-0.8707680756562817,-0.5943034541921633,-0.584092102417226,-0.902638260091457,-0.9292928347030794,-1.2130898983722593,-0.9368800468754531,-0.8464536959075639,-0.8165728848228053,-0.6482600818812536,-0.7244248500171926,-0.9938707350302483,-0.6618673515669218,-1.2744023746061106,-0.868399574818208,-0.7142629796354617,-1.0306711723834678,-0.8638257367465842,-0.6298625979961537,-0.6983437032979086,-1.0032079128446907,-1.0700073977793858,-0.8488619995053018,-0.6461809155816997,-1.0411435916787721,-1.1616598763816908,-0.6434315359059931,-0.8327156488883815,-0.6838283598459033,-1.2219140085963158,-0.5722112825061891,-0.8714351136267734,-0.8526368917028952,-0.6725694246967715,-0.8892861102932823,-0.6947988538955866,-0.649479715700334,-0.6144324751855127,-0.6464091150268273,-0.9758520013727833
-0.9397813477468282,-0.6769215061310833,0.5469736945285693,-0.6285573912664096,-0.815346842726982,-0.7289728389473444,-0.4757806656545457,-0.7557152162218091,-0.7143846830309645,-0.706908588307354,-0.7913641405482702,-1.1431281748502726,0.7281854774918758,-0.5837313894432655,0.4867672741782948,-0.6751029150248448,-0.6628396046359109,-0.8178539217756656,-0.7926902478817839,-0.7787226675144538,-0.7634591821840927,-0.7482491390600614,-0.7087164418702294,-0.7296199209857565,-0.742781824060936,-0.8210613514704903,-0.727627593632715,-1.1261571089810956,-0.8159974181482049,-0.6914094190143555,0.8006044525936912,-0.32298939676591726,-0.6878393673844222,-0.8368929465315021,-0.5793155316493268,-0.7815686605040989,-1.277731650791138,-1.1041764008559432,-0.5954632743194356,0.47048736020046145,-1.0372078842900412,0.6838865585129627,-0.6853024875117171,-0.7857184026298002,-0.7931150870045193,-0.6806889996632448,0.9535083422564585,-0.7383607690591363,-0.8539292162279953,-0.6891031591205774,-0.6218711355761818,-1.0809269899865233,-0.7324575577855614,-0.6229258790830069,-1.0046063865615307,-0.7520396348489652,-0.5949281786578802,-1.0470155805855124,-0.7999669859276297,-0.815010932696341,-0.9614761645989611,-0.7965351411797494,-0.9657312643719449,-0.7160096642739907,-0.7882931009524965,-1.0664237306308397,-0.7225891709000322,-0.7990326580943194,-0.7610521359239529,-0.6439145994820421,-0.6542973032491064,-0.6934639557687824,-0.6555694281966571,-0.9040419725607843,-0.6333641996680602,-1.0403744335229057,-0.6456622241605291,-0.6455732285133406,-0.7522343642401703,-0.899072157857387,-1.097155451090687,-0.9631594691370602,-0.7225075981828777,-0.9022395390411174,-0.9548412974970946,-0.68163965567804,-0.8074898037493318,-0.6051445071637502,-0.5897514870301267,-0.6102562274949991,-0.8079772768892696,-0.6276353976747986,-0.33864072030629705,-0.7371524434585115,-0.5908920337119362,-1.2864133317529483,-0.8669828427430475,-0.5945454461418954,-0.5872354698135569,-0.9334015903185883,-0.9260995627194402,-1.2128120212098157,-0.9197105931203944,-0.8366086047530584,-0.8117026412299543,-0.6603395937635044,-0.7391195605011666,-0.9940108598042096,-0.6587801515516828,-1.276018958156961,-0.8701585144940616,-0.7237337627502133,-1.0308810394874204,-0.8535846621195068,-0.6263177804213362,-0.8083035802466889,-1.0038489984577377,-1.0708926679011155,-0.8302081456563121,-0.6464423947958835,-1.0411594214274738,-1.1616460055807225,-0.6608801419996836,-0.8753563179191952,-0.6760146396956216,-1.2218308130416735,-0.5713866679058983,-0.8708061926355848,-0.8506732330000484,-0.6794067864933341,-0.8964901695901728,-0.7093371069171005,-0.6486742065815447,-0.6347029276787816,-0.646772646230806,-0.9765165316616464
-0.9378416232609443,-0.7128844031226208,0.42921007039249726,-0.7230390417123612,-0.8529620233301843,-0.7337442152918555,-0.5555133817426936,-0.7483736261896434,-0.7309249539989563,-0.7117495268036625,-0.7949719994804872,-1.1488953204615688,0.7212508590244049,-0.5835804308736273,0.3830058410236649,-0.6732892256558776,-0.7313509823805954,-0.8018479917363289,-0.7943883117403282,-0.7805484981636356,-0.8005407770215166,-0.7422450850343233,-0.6967774765732165,-0.7845413201088683,-0.7430432793592493,-0.7921412501449454,-0.726929493801356,-1.1269102112883722,-0.8109729344581318,-0.6931795344559345,0.7600505827133295,-0.5598726372665312,-0.6899263722948338,-0.8340888434775164,-0.5771180958800793,-0.7821294724851375,-1.2883918497984863,-1.1080834522278369,-0.5954068994871626,0.41688405259421674,-1.0357653015856931,0.687292917797881,-0.6828946528896515,-0.7895071121871713,-0.8585899682862342,-0.6883104075772313,0.881667654132156,-0.7458075924662514,-0.8561494635720909,-0.6828516457188331,-0.6063091521506215,-1.0762207810635007,-0.7301427269463124,-0.6150746305838892,-1.000087075824741,-0.7522553997281102,-0.5989074047790826,-1.0429551633294012,-0.7902056650174423,-0.814163826987203,-0.9512697932331923,-0.7947235228152608,-1.0466190267834794,-0.7174496135812201,-0.7878600443624426,-1.0659542579887054,-0.7340029474583603,-0.8634893693855324,-0.8149596717218384,-0.6440070785408949,-0.6544524825753695,-0.7307929781364916,-0.6615018679481269,-0.904967166342984,-0.6334589383048186,-1.041021093391604,-0.6457572219658654,-0.6454879633876375,-0.7890551765544092,-0.900212697919904,-1.097778716904541,-0.9595016669359702,-0.7283353948049938,-0.9029466808364736,-0.9546754857509276,-0.6942617276997249,-0.8052410403905472,-0.6042910305076366,-0.590972957169623,-0.6099320967527236,-0.8099638400092832,-0.6274003795175215,-0.3538957358260268,-0.7402916590713294,-0.5919575669858187,-1.2839576900192093,-0.864630623775,-0.5946621109161921,-0.589316963858766,-0.9387767001827843,-0.9186708723070182,-1.2131529950552378,-0.9202567811295177,-0.8333938800890044,-0.8045328604716319,-0.6712735737039551,-0.76456728693967,-0.9946907472953429,-0.6556061719688573,-1.2770041842653546,-0.8701585144940616,-0.732326238734332,-1.0308783905337386,-0.8435283337100051,-0.6213188040715788,-0.8930906667768892,-1.0052979747620316,-1.0732137658525054,-0.8302820357911334,-0.6467582871856793,-1.0414177959453916,-1.161679432740653,-0.6771705636997816,-0.9121399764044866,-0.6697642956236525,-1.2206165040074721,-0.570492079779863,-0.8691405654454506,-0.8489824547855113,-0.6908851435696087,-0.8965358979909219,-0.7284658164286771,-0.6477823516400201,-0.6488912523260385,-0.6468886737720423,-0.9775402023856141
-0.9356086044686673,-0.742424780417894,0.27975810540671703,-0.7979667923220334,-0.8790580021182292,-0.7362262191786957,-0.6600823967540902,-0.7357474123522044,-0.7478732678567112,-0.7190453274989179,-0.8095812795602806,-1.1502348017957034,0.7232379536833055,-0.584093751794258,0.27713086043704793,-0.675838091179279,-0.7795291621669213,-0.7911124416251611,-0.7907439458930396,-0.7820284536872555,-0.8517171145889236,-0.7383474548265018,-0.6841053915174596,-0.8454314637223165,-0.745168612774315,-0.7584972295071517,-0.7244404684293092,-1.1171475369475494,-0.8142770831758074,-0.6951887383338928,0.706334905188598,-0.8082080445546309,-0.6923204220986735,-0.8377793003702412,-0.5743754170281035,-0.7817381547941757,-1.2858410694387705,-1.1108924622316347,-0.6009764328216068,0.3149350979556357,-1.0357779035093253,0.6797078235927034,-0.6820860697770736,-0.7952813283029352,-0.9150370917262143,-0.692768342151398,0.8273056510013588,-0.7594393999951881,-0.8631201239181943,-0.6752297809796465,-0.593583372507633,-1.0696999788711627,-0.7234703874525636,-0.6132828227464641,-0.9973473460437613,-0.749014433616094,-0.6008007971376217,-1.0391809757260293,-0.7918532070171068,-0.8116845562596445,-0.943162074026989,-0.7913698426087493,-1.1265964481493027,-0.7162701646162531,-0.7880083278854778,-1.0656575409963687,-0.7565503733801753,-0.9272949689001858,-0.8706838242105256,-0.6441209863675336,-0.6549365191155155,-0.7547631788448687,-0.6706797006679104,-0.905072497007027,-0.6334017228923786,-1.041731816625072,-0.6461362155439826,-0.645662063144644,-0.832402885937183,-0.9015226907800457,-1.0980318470065755,-0.9604405992536705,-0.7433231188262703,-0.9032793498079236,-0.9536055774895006,-0.6975839854234528,-0.8009639618796982,-0.6042567016733016,-0.5922403606080714,-0.6099203266419702,-0.810711433287063,-0.6272472465173535,-0.3827773334961716,-0.7393224275663326,-0.5924569916047526,-1.2825273415280485,-0.8645092986367433,-0.5941262081381146,-0.5986628110456399,-0.9305712107722137,-0.9109727376186021,-1.2137431562163963,-0.9249299725280086,-0.8323154961468922,-0.7972312052452946,-0.6845175736781118,-0.8016347030148689,-0.9949515416596134,-0.6533427799037902,-1.2771034887594632,-0.8629810552161998,-0.7483584607638156,-1.0309243723712325,-0.8356476402079824,-0.6212089354826781,-0.9450214190066797,-1.0052618907867819,-1.074127834674773,-0.8223115791483272,-0.6472238727259542,-1.0415910491459044,-1.161867644315628,-0.6952816095928054,-0.9419808606425072,-0.6635723924314852,-1.2199211032781117,-0.5696592464294038,-0.8675156233037917,-0.8445812157614038,-0.6975831116035713,-0.8993565706311878,-0.7654105568216092,-0.6460118495310034,-0.6658139408762901,-0.6471380813091123,-0.9776017229503565
-0.9358143125184186,-0.7627318339962038,0.1402469209751841,-0.847400158541449,-0.8933069334427541,-0.7363204174355034,-0.7175268476921238,-0.7233733627147327,-0.7577998345466582,-0.7266747084555036,-0.8110034263528183,-1.1510910788923627,0.7182609180166054,-0.5837286091694727,0.15532267930332083,-0.6763502296541026,-0.8089431836577555,-0.7837362549503011,-0.7851421051286862,-0.7802034617773904,-0.9517432596235348,-0.7348316211101461,-0.6708156559603786,-0.9149355305296519,-0.7415498949175863,-0.7358104557271703,-0.7249303211047744,-1.1114565290871457,-0.8130858726526862,-0.697330139111896,0.6220183463628554,-1.0601936961665803,-0.6930241391186662,-0.8465772199653707,-0.5719219314679197,-0.7864867964748327,-1.273944501851269,-1.1136079936279408,-0.6061924981012267,0.2274080130990984,-1.0306825632264773,0.6715238904458836,-0.678906934018279,-0.801366027115278,-0.9626240792083407,-0.6919018200965796,0.7282899311786057,-0.7680863946739145,-0.8656517611730389,-0.6737147645938099,-0.5881331067506851,-1.0607697932698574,-0.7190367941411027,-0.6127708291152544,-0.9955805023749561,-0.7374057606849824,-0.6053681515744876,-1.0362478559972776,-0.7910903423211069,-0.8110048465667831,-0.9397310845665908,-0.7861027956090592,-1.1891946209336393,-0.713195006832595,-0.7772501579061268,-1.0661291082234,-0.7945249951682981,-0.9895577795324605,-0.9273982876004847,-0.644293269113313,-0.6557468878433639,-0.7725582473194248,-0.6703228795312381,-0.9047433879940008,-0.6335440709961517,-1.0421579631607667,-0.6465090569888484,-0.6461373255434821,-0.8840828627789602,-0.9028824208077144,-1.098417541196728,-0.9595541015699675,-0.7674496047808269,-0.9020507543383333,-0.953522899310301,-0.6992944773147733,-0.7980904691828571,-0.6041658688569863,-0.5937756588997648,-0.6104587337594937,-0.8107468267362907,-0.627126856499493,-0.437469555225986,-0.7373451641826321,-0.5928127574053594,-1.2814118177287426,-0.8647419735158289,-0.5929111397939124,-0.6192375521512284,-0.9275587552147835,-0.9061897242762789,-1.214787529575887,-0.9259667492252994,-0.8313464576028756,-0.7914336937236442,-0.6935579793418457,-0.8499208816025082,-0.9958910846749985,-0.6506299435114516,-1.2774047531700845,-0.862965091730066,-0.7698005705224602,-1.0314461662662704,-0.8305878900017576,-0.6272858862479681,-0.9542696216391067,-1.0068094553664615,-1.0746003556354407,-0.8173071739049487,-0.6475834777923917,-1.0417156477200402,-1.1615929730483987,-0.7146600293244121,-0.9587502180074247,-0.6808874959114727,-1.2190719380835098,-0.568863055006781,-0.8657221358464409,-0.8390249942053826,-0.7050124332477802,-0.8974754682228152,-0.8249812326657684,-0.6446446247891027,-0.685338430135428,-0.6472999106270587,-0.9787097815952662
-0.9348052996973711,-0.7718547921501321,-0.034326596877994275,-0.8607389012221233,-0.89390240382593,-0.7370405819942302,-0.7727547537320535,-0.7131432058154852,-0.7596737283532067,-0.7313108573147242,-0.8222827102982532,-1.1441824181668063,0.721782740663754,-0.5824813989406514,0.014259773159259435,-0.6777348074295158,-0.8255490695442597,-0.7787630126989913,-0.7829244447917326,-0.7870655026513265,-1.0577854107832805,-0.7384412394727818,-0.658656986369158,-0.9590406592533544,-0.7407655290226467,-0.7131824257186954,-0.7212661777938194,-1.1196311746477075,-0.815266233907259,-0.7020383017815466,0.5322444552309283,-1.2799926841938751,-0.6952181646750374,-0.8711068448901629,-0.5720838580489047,-0.7911545931812386,-1.2529891041215384,-1.1187953918038684,-0.6110565957968436,0.10036110611343678,-1.030835474067692,0.6674199208182984,-0.6766781255075163,-0.8184606494670336,-1.023280766122255,-0.6892748098930583,0.6522933275790866,-0.7719071826903735,-0.8734418066907162,-0.6732027203217144,-0.5846737002199801,-1.0592280945611592,-0.7112239234789276,-0.6141734040151725,-0.9945708196558792,-0.7255685755065635,-0.610688691073301,-1.0416763922565322,-0.8028600883216657,-0.8123328118748012,-0.937663654460206,-0.7808257037586851,-1.2283356123918283,-0.7047874859823249,-0.7743822744173678,-1.0672069625697,-0.832366471218603,-1.0408704331935619,-0.974995485822119,-0.6442716698248288,-0.6565426553328733,-0.7810597385892892,-0.6744238312218753,-0.9025285346346845,-0.6331666774152491,-1.0427424138865404,-0.646460505018326,-0.6466257145113011,-0.9379577122120114,-0.9042040437518051,-1.09840910352666,-0.9604034164189306,-0.7994069317512137,-0.8984334130621886,-0.952851252951248,-0.6956967933564632,-0.7956255949648189,-0.6051523430933263,-0.5947301824863819,-0.6107774925025029,-0.8105536312701125,-0.6267859638258189,-0.5153488504599799,-0.7320060863440326,-0.5927994088373032,-1.2800715170488786,-0.8641626915535342,-0.591480621985515,-0.6368820414540804,-0.9363140384737422,-0.9033322259589515,-1.2156811107794647,-0.9233714934338783,-0.8288884892081476,-0.7876937403580957,-0.7024640593677486,-0.8936664284856899,-0.9957085381103425,-0.6485599206566017,-1.2779787193168033,-0.8527875317294468,-0.7952675783579811,-1.0312939763802176,-0.8273708321800161,-0.641827785113921,-0.9349323180078869,-1.0077285018389859,-1.0758732968551803,-0.8132724038611343,-0.6477454651331769,-1.0419907745793753,-1.1617786849383935,-0.7314419056686383,-0.96598235189507,-0.7284803522557237,-1.2176142621767065,-0.5681611509124861,-0.8635018243497006,-0.8389038241629718,-0.7019798044025531,-0.8942460571270083,-0.8953919419289924,-0.6430296992517066,-0.7010311533404857,-0.6474225745302417,-0.9800110571057824
-0.9370663652363108,-0.7757816429871328,-0.20746311786591018,-0.8620616803407654,-0.8832592398117803,-0.7379206432294586,-0.8072969734560735,-0.7105117735333903,-0.7587877048528859,-0.7343331509328199,-0.8443837469957132,-1.1342341088786356,0.7208711026613014,-0.5837369499908511,-0.1250348789418077,-0.6824506148224807,-0.8384565863054178,-0.7782398910035245,-0.7704862099951848,-0.7955225111776306,-1.120096886965989,-0.7371436364843499,-0.6473165618167243,-0.9867385938442571,-0.7387449284216021,-0.7000731279224185,-0.7140878794557916,-1.112710861549159,-0.8119203122067454,-0.7032073885846403,0.4225122027898814,-1.4645441096539875,-0.6971154790714821,-0.905204209875375,-0.5707651583007491,-0.8097444347543051,-1.2132047576495542,-1.118209378400742,-0.61559552003026,-0.020182354804393968,-1.0299428753161441,0.6492040619151587,-0.6741376251532073,-0.8477104056065645,-1.0604760514723193,-0.6849787221044195,0.49948101516458204,-0.7739714728961586,-0.8766700979330299,-0.6725533609190059,-0.581729098514617,-1.0601288910607205,-0.709187366204736,-0.6128532735663758,-0.9939591266109119,-0.7161330153872938,-0.611373842375925,-1.038045658346521,-0.7963334747270073,-0.8120986298031242,-0.9377795098776703,-0.7667808753579848,-1.2486884503941285,-0.7003666419386384,-0.7741547536758461,-1.068187133093078,-0.8753696851518551,-1.074168075304604,-1.0018428972929998,-0.6443771652970051,-0.6574223524968984,-0.784195515856327,-0.6890827023482612,-0.8970255991837323,-0.632793006138199,-1.0438239814891543,-0.6466792660087953,-0.6467927904024491,-0.9883488784540793,-0.905213436059151,-1.0983766697081911,-0.9600752923652625,-0.8427879375705496,-0.8942010799898414,-0.953131569421728,-0.6906442890321757,-0.7936020206344048,-0.606311474308565,-0.5952454651974678,-0.6111005367730172,-0.8095644067651159,-0.6263931588434763,-0.6086629555644107,-0.7387443111491285,-0.5924812777660173,-1.2789540744225434,-0.8615052355515088,-0.5901056323895393,-0.6551985182158978,-0.9458178137769457,-0.89960323594805,-1.2173323242237941,-0.9186569996826763,-0.8268898315653088,-0.7869249182113048,-0.7107727485674705,-0.9248400429202164,-0.9963183869403291,-0.6463685935889432,-1.278270250078565,-0.8421873827764528,-0.8193741690113981,-1.0313359098168016,-0.8242557147809405,-0.6574929925218946,-0.9046468415304102,-1.0082470066653992,-1.076569345984787,-0.8122471078323595,-0.6480671631128395,-1.0425224793287076,-1.1618389224450718,-0.7419352769005895,-0.966098848638402,-0.8088011389801235,-1.216502883674134,-0.5677455903570656,-0.8599107661713673,-0.8334512714116478,-0.7096488171552666,-0.8894308917425192,-0.9722832045158515,-0.6416565860438835,-0.7144183352059568,-0.6472254419425988,-0.9803794920146971
-0.937698230679033,-0.7753536220214526,-0.3388143836201255,-0.8619134674628874,-0.862447726410914,-0.735133496508294,-0.8265433001830323,-0.6993743556886625,-0.7504798685662741,-0.7370921137209903,-0.8650011260624514,-1.1220934194228094,0.7413821781579676,-0.5854735913803047,-0.26825432924240933,-0.6919496068185332,-0.8451565153385575,-0.780556198732788,-0.7577918828316977,-0.8024551109965509,-1.1381089582764887,-0.7400674904934045,-0.6354242706528509,-0.9932318666639209,-0.736465563498966,-0.6891653060450499,-0.7005776092876177,-1.1211341794345517,-0.812461267099782,-0.7027585071329405,0.3185115352896004,-1.579361408209725,-0.6963306268963784,-0.947067098792741,-0.5691289958041865,-0.8347622522256467,-1.181084960768908,-1.1180280697745995,-0.622476464862227,-0.19287025966301896,-1.0286180980943216,0.6307295103220315,-0.6717709459590274,-0.8968637829940226,-1.0664296731071041,-0.6859365503728654,0.38603341335253094,-0.7729418470904501,-0.8850464276682991,-0.6740740939075613,-0.5821795243008205,-1.0603850074948504,-0.7066439648148939,-0.6133293676220283,-0.9934497362203001,-0.7100987038616907,-0.6145780612859634,-1.0348562422160086,-0.8061196877787613,-0.812824120259768,-0.9342273631417205,-0.7501392757934711,-1.260048542348913,-0.6940341850892321,-0.7734566188187447,-1.069381284505362,-0.922248468510739,-1.0832881435961614,-1.0006850336686828,-0.6441017743688291,-0.6578801507215314,-0.7792100176978353,-0.7068463879579027,-0.8903259574804395,-0.6324752294560935,-1.0453163982972358,-0.6464401087567373,-0.647342666982862,-1.0215756538732341,-0.9051598386935472,-1.098734270846557,-0.9579357278915787,-0.8901901912272004,-0.8895848241805818,-0.9526827594771144,-0.6877959543810571,-0.7912683763943777,-0.607513676483653,-0.5951155480473991,-0.6115731519894078,-0.807442990123361,-0.6263485596882173,-0.7180256945513732,-0.7533645481908415,-0.5919672108852068,-1.2775055884473214,-0.8550951565648948,-0.5891772562060679,-0.6707632155947956,-0.9509685515756943,-0.8938017292815623,-1.2183591270190304,-0.9170859765052956,-0.826793102943917,-0.7866562587655023,-0.7229035508941463,-0.940766042242368,-0.995609743738725,-0.644646260948862,-1.2803017104660763,-0.8300973577209894,-0.8416457129802801,-1.0318707985394735,-0.8217549021269457,-0.6763487446397478,-0.9066470040640449,-1.008331075663145,-1.0776485241354723,-0.8109010067483848,-0.6490007816479412,-1.0423871495445625,-1.1614880843060948,-0.752632471834579,-0.9608621167460881,-0.906550939373955,-1.2162326267262542,-0.5675931439563614,-0.8568610601979022,-0.8285075435970096,-0.7374946885863171,-0.8867379467254672,-1.0438389533965018,-0.641019751205964,-0.7252334793034854,-0.646824921180233,-0.9810086639613937
-0.9441562573354015,-0.7763052230987332,-0.46679419239239245,-0.8558361149774437,-0.8417464932265116,-0.7302254582942471,-0.8396302238587733,-0.6892835904759506,-0.7342493998458658,-0.7398722976915637,-0.8962323167939776,-1.1127699762063594,0.7190160874882193,-0.5855971591044283,-0.40381706359116903,-0.7034731406230357,-0.8522876839008566,-0.7818005339082945,-0.7477109146645783,-0.8032898663011033,-1.1414525987459845,-0.7416025970719867,-0.6335837115365861,-0.9928460279155756,-0.7352450440969183,-0.682702075666826,-0.6828151964371941,-1.1097921615601083,-0.8123435908273274,-0.7027569321103028,0.2094832541576868,-1.6353330985223637,-0.6982743919364801,-0.9978293363530278,-0.5678667266571633,-0.8821592192711056,-1.1475476072954398,-1.1176830628287031,-0.6231128788432905,-0.3802740706314456,-1.0298948304822966,0.6033869112107788,-0.669010627201658,-0.9681143838906677,-1.0607489044305314,-0.6850656456197932,0.24015719825226853,-0.7681448861824514,-0.8947867315463347,-0.6759674560610911,-0.5821306144300964,-1.0583311870313126,-0.7036345580919859,-0.6123992628458447,-0.9928808040674202,-0.7047429284741825,-0.6160862499222931,-1.0351206714255825,-0.8204825593864807,-0.8129598467594515,-0.9330704780705554,-0.7310041897651146,-1.2585843052697152,-0.6930394313312794,-0.7820509944082902,-1.0717047504065287,-0.9707711659065209,-1.0761585868236558,-0.986413185157919,-0.6438591234147768,-0.6581078422126317,-0.7719627917234803,-0.7345384117735244,-0.8837628116938471,-0.6322774070174879,-1.0462690974815714,-0.6462673502040912,-0.648261354093493,-1.0319373759272377,-0.9054636560780736,-1.0993682666454685,-0.953387536168354,-0.9551453375638329,-0.8859378518212797,-0.9526473404284977,-0.6926849599940224,-0.7898981276347379,-0.60863821233634,-0.5947451774859107,-0.6118138658441932,-0.8050996052817386,-0.6262344301728968,-0.8076216979250391,-0.7833402161477642,-0.5911100211206712,-1.276181095247269,-0.8479938888732711,-0.588138434408091,-0.676390027964446,-0.9524892894794241,-0.8874863963061644,-1.2197162564222457,-0.917761549338163,-0.8245693459833875,-0.7866867584873144,-0.7357532810859589,-0.9460874513643472,-0.9955350548141686,-0.6416745417122988,-1.281128325968454,-0.8300891296278279,-0.8581718779297166,-1.0327967328018755,-0.818080720821189,-0.695848819141619,-0.9174503288678787,-1.0087548005492912,-1.078646041541345,-0.809880268046013,-0.650610352979658,-1.042377486599803,-1.1615493020813927,-0.7612831562729332,-0.9507199233216465,-0.9991576121707698,-1.2160908809555284,-0.5674670660457823,-0.8543423752803577,-0.8217327301946667,-0.7893799942943028,-0.8853751498318557,-1.0894789594201804,-0.6403877592185232,-0.7388091597949339,-0.645980580113624,-0.9813480351982359
-0.9506169642269463,-0.7775163040107032,-0.5733658198370386,-0.8446765387462939,-0.8142352694879007,-0.7236035383093193,-0.8470507308815861,-0.6831161158382897,-0.7202687401812785,-0.7392577197046113,-0.9242121479816403,-1.1024327162222578,0.7219669392046847,-0.582988953367489,-0.5437794295323526,-0.7175350271947502,-0.8568296517394876,-0.7826534670404892,-0.7420352883240914,-0.8061352894316688,-1.1334664906281238,-0.739603273713042,-0.6338883094774227,-0.9878177721462833,-0.7321229729040087,-0.6759721391292138,-0.6654926821106408,-1.09801371004204,-0.8121900044468192,-0.7027623921887795,0.06582462277010268,-1.6752069487593215,-0.6992599845584039,-1.0445256094807378,-0.5676312561641452,-0.9569261122714479,-1.1301391817003714,-1.1158943430289503,-0.6289157353903947,-0.6020736645341969,-1.0285224584953279,0.5788134943294657,-0.6627688013359107,-1.0600023143584956,-1.0528114900858638,-0.6866267209979332,0.11721405435079792,-0.7644719699572377,-0.8997088308570419,-0.6781847979238056,-0.5886273239327695,-1.0605206769812157,-0.7010802874654349,-0.6153724724883531,-0.9953700338706392,-0.7030630970155818,-0.6161077511575509,-1.0342921416296726,-0.8431344082117473,-0.8140684952790918,-0.931725475219847,-0.7186055351294061,-1.2493415311266693,-0.6915183368639614,-0.7809298793704222,-1.0724011998847713,-1.0181323085559622,-1.0539343023805865,-0.9615440463956108,-0.6432367797052624,-0.6582100508810094,-0.7684919081934471,-0.7765523704909245,-0.8773654039043742,-0.6318656121445305,-1.0468700507817723,-0.6465701903489922,-0.6493468292319177,-1.0220177890728548,-0.9059792399699117,-1.09992173878379,-0.9469691583017692,-1.0032678367699879,-0.8830238616974203,-0.9528072321336813,-0.710923305349816,-0.7892998258556662,-0.6103526817442834,-0.5941994306255837,-0.6121408938445004,-0.8025381848457177,-0.6262267846034236,-0.8890523949730135,-0.8309327636879069,-0.5909052646714629,-1.2750581702579935,-0.8427855161392074,-0.5873083431606051,-0.6807478588761633,-0.9496256655634508,-0.8796602328097295,-1.2218047408939994,-0.9191422749382003,-0.8245597332011372,-0.787024819804575,-0.7503836195977577,-0.9419054061879698,-0.9946525012513833,-0.6366398189388143,-1.282217696800717,-0.8301718047195951,-0.8680281586716694,-1.0332653477022464,-0.8136687748242936,-0.7124048865803063,-0.925172318958898,-1.008675587178822,-1.0794940569682518,-0.809747593521189,-0.6513770323473244,-1.0427715793619565,-1.1611080341622522,-0.7527128573286929,-0.9364194837972114,-1.0659420949667866,-1.2148662367793506,-0.5675047353173905,-0.8517482237795463,-0.8213922245272047,-0.8436027143609072,-0.883335482055869,-1.0971473392688293,-0.6398658870470757,-0.755055190244966,-0.6443468383538935,-0.981674177792459
-0.9528605125145578,-0.7776824299105332,-0.6738115593894902,-0.8222095897344263,-0.7880175653008877,-0.7218910300245643,-0.8494777849891104,-0.6693745476025711,-0.7163594401442211,-0.7389500648286799,-0.9895511491539541,-1.0910078807253294,0.7207336776313691,-0.583184293344708,-0.6822770477215024,-0.7301547547582862,-0.8600607841943175,-0.7831021335479617,-0.7358595351624653,-0.8058953051447908,-1.1245155587808269,-0.7401871032246448,-0.634469593532578,-0.9757509117908508,-0.7314397877338176,-0.6739703684415504,-0.6340886335145488,-1.1009927496393213,-0.8148095578392454,-0.7004647491651327,-0.0857980858922441,-1.6795619504783301,-0.6982130034206329,-1.078722202883513,-0.5656409131192082,-1.0420760814017278,-1.1266716219440578,-1.1164403732836112,-0.6305273482285968,-0.8280840064770294,-1.0289135681966237,0.5499170670110395,-0.6554582658442729,-1.1532939626943048,-1.0444880860238823,-0.687814014824971,-0.025828496796623877,-0.7590460610304754,-0.9062701910432074,-0.6786037432373385,-0.5947598255143762,-1.06082512775324,-0.6997968733212457,-0.6136726219233324,-0.9956684503090367,-0.7020701606250185,-0.6187122888493989,-1.032775034105628,-0.8765885990847029,-0.8157349150807656,-0.9319857571789121,-0.7111178670803289,-1.2393643999004689,-0.6910527099152916,-0.787380040865482,-1.073556077830237,-1.0523996032639884,-1.0275503745680221,-0.932631733383384,-0.6425363943560392,-0.6582679069156332,-0.7702753102464098,-0.8359038963775335,-0.87170979816509,-0.6316520599702908,-1.0470507447006385,-0.6466842542249449,-0.6505249963706007,-0.9986636855510559,-0.9062641522818057,-1.099884525244705,-0.9378471623510507,-1.0363821138685414,-0.880709166904091,-0.9529142988577854,-0.7427092023627734,-0.7888810196537431,-0.6120189628506135,-0.5939918713830915,-0.6125440955872202,-0.8010937737025521,-0.6264442401119842,-0.9715888242882439,-0.8957669070080322,-0.5907729550761959,-1.2740384050647138,-0.8399239949004641,-0.5867704968950926,-0.6820605948628261,-0.9419589982621271,-0.8722625430835264,-1.2229941894198395,-0.9194518782505626,-0.8253926907964256,-0.7879891893627702,-0.7680984139694743,-0.9289846545231552,-0.9937390566530921,-0.6314859757403213,-1.2828426183332724,-0.8327325646835395,-0.8827610773378741,-1.0337193683672394,-0.8105470573652089,-0.7285079683158888,-0.9237959326742081,-1.008610036210591,-1.079472651222718,-0.8094183906959882,-0.6517705602721973,-1.0426108054418615,-1.1613379071535628,-0.732328240008121,-0.9238614259823962,-1.1000926056010283,-1.2150272966389282,-0.5673999462527355,-0.8479805521501513,-0.8215590068605391,-0.8763082202634926,-0.8798792399820892,-1.082024149577774,-0.639583020553219,-0.7743155452139185,-0.642458303812563,-0.9821724402720534
-0.9590396989899461,-0.7738703550586864,-0.7287611102357621,-0.8069581307217605,-0.7630089858150468,-0.7173417006037551,-0.8543189228984547,-0.664355231904315,-0.7159638549109756,-0.7402960941125719,-1.052991522543384,-1.08923981040778,0.7073263848002842,-0.5821270684917271,-0.8502028998008145,-0.7460021373982784,-0.8570793494894723,-0.7831311642405282,-0.7232959644472388,-0.8011330481492248,-1.1148486154903117,-0.740670375392134,-0.6335532517425023,-0.9730139595911328,-0.7281620704473055,-0.6734785957841036,-0.6116144242897427,-1.113921310659731,-0.8189489568252876,-0.696715040271181,-0.2314974857313098,-1.6798321093582593,-0.699376622738513,-1.0979689148595237,-0.5651564331213845,-1.1372691375251802,-1.121241572377979,-1.1172114610387747,-0.6339241998142856,-1.0462907212923709,-1.026690003778612,0.5142641742423452,-0.6493892927756459,-1.222372943270134,-1.034996456786471,-0.6891410332463485,-0.15260498600714278,-0.7592203306748248,-0.9124553129471664,-0.6764887168967542,-0.5988631361803589,-1.0616549227771361,-0.698151291988858,-0.6131246154686933,-0.9934443784725917,-0.7019594048032782,-0.6186082057553386,-1.0318678871675295,-0.9582054824720805,-0.8170135448833427,-0.9361580249459636,-0.7033895953136976,-1.2244610952879464,-0.6909822448048843,-0.7916027433847843,-1.073869837126963,-1.060990339675688,-1.0001693528654312,-0.9076475848978752,-0.6422931749996585,-0.6583662731528684,-0.7796105761845136,-0.8867009423213926,-0.8687324809820685,-0.6317507610595373,-1.0470715119853107,-0.6470738893308474,-0.651725962286987,-0.973935315970395,-0.9059815659867015,-1.099846677661048,-0.9309015455618785,-1.0562255485204395,-0.8779260340501761,-0.9528003507185216,-0.789211882885979,-0.7890371641625523,-0.6134092273355363,-0.5940456874288321,-0.6138654263282183,-0.8010394141434004,-0.6270965512349882,-1.0469333001993562,-0.9593682691149618,-0.5909667739321957,-1.2727866445463378,-0.8389419499374624,-0.5865161221539903,-0.6793564748750448,-0.9352636041683198,-0.865905490028786,-1.2233586606168614,-0.9184257284185587,-0.8277609398901524,-0.7892343309575419,-0.7923182969527368,-0.9110639270923028,-0.9926971603910306,-0.6269289305506689,-1.2828465011549486,-0.8328183930565183,-0.909549694173812,-1.0337912899587105,-0.8083976008470098,-0.7437238345289655,-0.9116179609617628,-1.0084838375055947,-1.0795252716671568,-0.8111713227717529,-0.6520619781164771,-1.0427518164548353,-1.161174643414958,-0.7062547402476954,-0.9128979832195665,-1.1100427903603658,-1.2149947011911564,-0.5679115634507566,-0.8447423273063612,-0.823127474725393,-0.8977897464163745,-0.8766657256680613,-1.0513552779622763,-0.6389755179801297,-0.8018627533113681,-0.6396883298534166,-0.9818660176989827
-0.9670671947871838,-0.7680864014792773,-0.7939269432409211,-0.7945285449850897,-0.7416440390097337,-0.7166420238797406,-0.8587621134637078,-0.6552487133783791,-0.7166779846069044,-0.7409079541155708,-1.1392166453571697,-1.0894136783506052,0.6685672921807413,-0.5818460548924494,-0.9403685707129292,-0.7565773728092315,-0.854013056970133,-0.7805228418977997,-0.7195692950487605,-0.8003300600962772,-1.1027852763308192,-0.7406114873584239,-0.6332959070183429,-0.9744594734191785,-0.7277487364228001,-0.672723773708066,-0.5941470806722922,-1.1093020165227927,-0.8272369678863173,-0.6924790693882648,-0.3729507127661002,-1.6694318377841142,-0.6993311952367863,-1.1119343143451001,-0.5651217732512072,-1.210817252516418,-1.1256930012988047,-1.1206575432585584,-0.633770937437573,-1.272619005894402,-1.0268608048506975,0.464349861612748,-0.6453026798319722,-1.2296957626657818,-1.017685250640926,-0.6891556422405287,-0.2802650155259716,-0.7552513422631395,-0.9206480854918204,-0.6765261664778299,-0.6026092910461704,-1.0615522539766435,-0.6956102121835558,-0.6080404654842805,-0.9940380775724253,-0.7011943537402767,-0.6189751173818806,-1.0298588577264869,-1.0296291927740986,-0.8157190803224686,-0.9397774267335764,-0.7017674110156328,-1.2171816960383166,-0.6895703886718215,-0.7996957031076335,-1.0744147148253882,-1.0552279932220427,-0.9789185423354562,-0.8905868344957144,-0.6421910899414532,-0.6582708710767998,-0.7897042213025304,-0.9344454005115947,-0.8670776652405136,-0.6320954944259932,-1.0479792926454337,-0.647806658283214,-0.6530119630383919,-0.9538868709370026,-0.9068977691532978,-1.0999084726204464,-0.927549620824506,-1.0584613176988964,-0.8743477203808567,-0.9535430881680127,-0.8431271856401522,-0.7884761333111324,-0.6141462311608701,-0.5942308430751899,-0.6149949948032558,-0.7994918592213321,-0.6281283706977726,-1.1010770505028171,-1.0000060784438978,-0.5912182209674676,-1.2720733891277867,-0.8385303255431014,-0.5863028938182925,-0.6968868219290376,-0.9317485880995053,-0.8593569976714898,-1.2242473115725592,-0.9156011733586397,-0.8301720459714105,-0.789841488210362,-0.8232968183926199,-0.8942332129783992,-0.991812091889871,-0.6237785046791178,-1.2831893064385742,-0.8343101414197067,-0.9461750969875378,-1.034208725074741,-0.8076728698878232,-0.7582127991354602,-0.891509813835213,-1.0082490060413367,-1.07950628191999,-0.8111691209174238,-0.652649993301879,-1.0430447153633258,-1.1617320731655287,-0.6923163858483682,-0.9041171102055735,-1.1080171700350336,-1.2148299001037142,-0.5684121652405641,-0.842729179944,-0.8246278712039008,-0.9223379854700635,-0.876741637831681,-1.023095550746196,-0.6385140713748796,-0.8371067051796496,-0.6362410118045,-0.9818859344285757
-0.9761640086969261,-0.7601815599107008,-0.8493638149786564,-0.7872271872722296,-0.7346847262613615,-0.7164319949596414,-0.8527272483035602,-0.6539766261724985,-0.7225900168455366,-0.7391725213614634,-1.213074441606775,-1.0912472869730274,0.6218169452071811,-0.5803714800512405,-1.0146362302131178,-0.768593811523256,-0.8536969667980496,-0.7766863504907195,-0.7121873081207789,-0.8105713816756065,-1.0873842690981936,-0.7419779652400844,-0.6315568033378859,-0.9738584491178388,-0.7273858851216005,-0.675156567972201,-0.5810090129736859,-1.1186938536880289,-0.8722917995785145,-0.6920225228263959,-0.5169465210091895,-1.6417292255294482,-0.698081222739948,-1.1061542590220343,-0.5634686057558387,-1.2342111666064477,-1.1277209835010586,-1.1187187482062564,-0.6356514560821896,-1.4649116038975158,-1.0277107595928112,0.39103162370865086,-0.6413406225803409,-1.191273773207936,-1.0091885625154284,-0.6902516298539384,-0.39959071608338975,-0.7511042504939992,-0.9268366411219537,-0.6715558720772611,-0.6046432592049811,-1.0601273354728344,-0.6955422530724837,-0.6057672409411983,-0.9944411217255051,-0.7036432067536018,-0.6190018602118035,-1.027380497501257,-1.1104369226745638,-0.8149615971909,-0.9388948637271513,-0.7002021869296803,-1.2087910608085508,-0.6898058141148282,-0.8021196520644945,-1.0751785718539517,-1.0316146173735956,-0.9619596746177539,-0.8806957106563176,-0.642199445455683,-0.6584074969498344,-0.7967709633402212,-0.9776832732597216,-0.8663946432238179,-0.6326541401896421,-1.0478367493410434,-0.648075966530665,-0.6538953005290495,-0.9390672374385136,-0.9064015852312812,-1.0992475055409139,-0.926570402719803,-1.0463440408126654,-0.8715308454646797,-0.9534262053075778,-0.8864758558791342,-0.7876902664712518,-0.6142920754011506,-0.5942790285875099,-0.616411995418837,-0.8003506108284029,-0.6291651209988397,-1.1132332293700256,-1.00524756053118,-0.5921655576695779,-1.272276967538308,-0.8369009937510777,-0.586125259066757,-0.7255433849401615,-0.9318905624039986,-0.8547981353947778,-1.2246933416573877,-0.9137598224483309,-0.8313057034114608,-0.7902625917040057,-0.863367580136359,-0.8823161110303913,-0.9902104557586437,-0.6217597488426267,-1.2836402456464218,-0.8356190487426405,-0.9883323884847697,-1.034183634985152,-0.8078184594468542,-0.7744765503487435,-0.8709169205890512,-1.0082588601084563,-1.0798352442576755,-0.8137759116197592,-0.6527089598813075,-1.0432051493808414,-1.1614779385258815,-0.6900508836127325,-0.9008143949069993,-1.0962106972816703,-1.2143973206318526,-0.5695116513742856,-0.8408752798632776,-0.8256580148786993,-0.9375072447767587,-0.8734301269008662,-1.000785573140774,-0.6378191223312181,-0.8819196787751824,-0.6327631773699134,-0.981185849089106
-0.9859908995240516,-0.753950053496225,-0.8901229364481018,-0.7823821665803743,-0.7320762942936714,-0.7177914028528395,-0.8594654942899511,-0.6505318179952831,-0.7272209867390454,-0.7360537393130298,-1.252217121891317,-1.0971688192097213,0.5281128978527222,-0.5800397007119685,-1.0769139616617012,-0.7833212272396498,-0.8531988161559942,-0.7742443569395203,-0.7007302998014487,-0.8294343143720653,-1.0769968068955071,-0.7392429432299659,-0.6329467196451026,-0.9723102183188774,-0.72623974431615,-0.6788954084976097,-0.5749168714028341,-1.1223038307418316,-0.9515494911257103,-0.692107364045805,-0.6550492704313524,-1.6085320302312156,-0.6967195231442689,-1.0968814034121965,-0.5624809077678771,-1.2215809403815694,-1.128958493063659,-1.117507845817978,-0.6363760763122281,-1.6214200039104116,-1.0268413393793727,0.2961115907236006,-0.6358083647094936,-1.1356169654670598,-1.0018880899627969,-0.690532435592079,-0.4751628177389346,-0.7427671293689269,-0.9324058506567626,-0.66976984205641,-0.6075992352988844,-1.0584873013870402,-0.6947436279908175,-0.6065095807449102,-0.9938015279566226,-0.7027076335197701,-0.6140210616243298,-1.0297211647719924,-1.158109610734155,-0.8111146126804166,-0.9431873069441823,-0.6987937806891084,-1.2004001959845743,-0.6876581954286193,-0.8114792622366228,-1.0756329539639877,-1.0022820625154234,-0.9505219075780457,-0.8758355790520602,-0.6422228067913857,-0.6584708421718044,-0.8097474254238507,-1.0083315052900157,-0.8655373029030995,-0.6332243130878024,-1.0485911858545243,-0.6482185186632938,-0.654619622302494,-0.9296006815799135,-0.9069229099305156,-1.0991675671522365,-0.9263273731875065,-1.0259841020553415,-0.8692227709493888,-0.9537829257257883,-0.9071785062379313,-0.7877282434787244,-0.6142455928801254,-0.5942753539235937,-0.6178399211115785,-0.8019976756028004,-0.6301689621095674,-1.096772210506839,-0.9933220277454872,-0.5926488699200221,-1.2728681490087188,-0.8349880467255915,-0.5856084024655399,-0.7850922972931387,-0.9331464425248488,-0.8502817984100369,-1.22540350714993,-0.9132693433154766,-0.8325699344770754,-0.7906205678664566,-0.9103652275063182,-0.8760779765943462,-0.9893024681021085,-0.6201778025611335,-1.284106556572961,-0.835587072500354,-1.0276722785301844,-1.0339980083064,-0.8080470211888622,-0.7911612867052576,-0.8549724799242056,-1.0077327862159944,-1.0800546652293899,-0.8187754523012472,-0.6527456716995809,-1.0434422071512743,-1.1617749599176388,-0.6992519584386754,-0.8976625581997463,-1.081628683663856,-1.2141992693817623,-0.5703196001756219,-0.839538232405633,-0.8262915795153463,-0.9540557053677751,-0.87225124973568,-0.9842963920592451,-0.6375398329428288,-0.9361762918038952,-0.6291616455003654,-0.9816064609118431
-1.0050450742803758,-0.7490291775215572,-0.9181883092934321,-0.7753532957455225,-0.7306189054000537,-0.7162943029755111,-0.8671354214393021,-0.6486567678600897,-0.7329921600368889,-0.7323169295287798,-1.253549181146548,-1.0987688772405508,0.4227373003872148,-0.5798475529009562,-1.1217384318892751,-0.8039502414619294,-0.8527327206052336,-0.7669598161764881,-0.7008183557513769,-0.8519903211206303,-1.0630898002474254,-0.746345551802704,-0.6340190665402384,-0.9689317184558756,-0.7263317757200433,-0.6826609078430195,-0.5664212682460436,-1.1197718527873521,-1.0261624248193035,-0.6874425669994411,-0.8112078984361993,-1.571622827127198,-0.6934205043026518,-1.0974479656673162,-0.5626875672438102,-1.1801360845097084,-1.1362422968122528,-1.1170156432922749,-0.6363823997249735,-1.7358640011148883,-1.0289724146792982,0.16929353084266996,-0.6327031876755176,-1.0794672737726787,-0.9961477081497003,-0.6906822821323866,-0.5740310177090047,-0.7390692392411916,-0.9360431477396284,-0.665698687597751,-0.6086093947451658,-1.0581974064730946,-0.6928054214798544,-0.6069180658207283,-0.9956236676253614,-0.7008487119871477,-0.6064939177429204,-1.0210536248457012,-1.1559234451606002,-0.8091558423072012,-0.9430006619029973,-0.6988892658579607,-1.1974383158685107,-0.6877858916748265,-0.8252698588882095,-1.0755521696328476,-0.9756435527818236,-0.9451824141935066,-0.8740376592316408,-0.6421507333761269,-0.6588732544961191,-0.8271537943512113,-1.0213224429107157,-0.8650711555401782,-0.6334783303071464,-1.0483642291006072,-0.6482244490980495,-0.6547404673388552,-0.9227906739069772,-0.9066014247163303,-1.098936238428932,-0.9235036340361235,-1.005117336196136,-0.8664196704826801,-0.9538556865713751,-0.910913001055178,-0.7841321789544563,-0.6139762927697834,-0.5943410829926756,-0.6186446345298316,-0.8036329425607887,-0.630925264057939,-1.0859677479304357,-0.976374500363872,-0.5923923069137335,-1.2739894292891123,-0.8330911514817531,-0.58497177151013,-0.8529970730736934,-0.9336904762101885,-0.8464662983673021,-1.2257151093058527,-0.9132707675345351,-0.8325736394035673,-0.7906985904106271,-0.9551669998899788,-0.8736375973541746,-0.9888839918469225,-0.6192153760805932,-1.284758445099899,-0.8357556745051377,-1.059063065145593,-1.033310229974061,-0.8090534471462674,-0.826316879556696,-0.8466803943287422,-1.0076752327515128,-1.0800099692595955,-0.8187606537919166,-0.6519810413636328,-1.043559133638616,-1.1617706957491434,-0.712068031241337,-0.895878717502624,-1.0698227769238564,-1.2142954657032345,-0.5710305220652417,-0.8376943682981747,-0.8266458680272393,-0.972594925422717,-0.8711913469024758,-0.9736814569612471,-0.6372913066614561,-0.9919000760928476,-0.6262263064566629,-0.981274466241517
-1.0238061461756762,-0.745552504770884,-0.9311013864516486,-0.7704081480954382,-0.7288235092474382,-0.7162909837173732,-0.8847883518493699,-0.652821177335066,-0.7368005967672374,-0.7221814628295138,-1.2315886972210168,-1.0993404793634651,0.2664261290033433,-0.5786364862314411,-1.1635260797504725,-0.816760871120816,-0.8554021109262177,-0.7614280461693655,-0.6881691627933806,-0.8875757237783372,-1.0538074567453433,-0.7448509666196376,-0.634903211285617,-0.962969908444589,-0.7270430546872132,-0.6869765697392399,-0.5637813737864336,-1.1290350111668535,-1.0899758384661777,-0.6868792339027466,-0.9363892592222468,-1.5312652380864615,-0.6913523252037662,-1.0894033618107652,-0.5594027863598408,-1.121086034826672,-1.1424240256147697,-1.1176180486787057,-0.6354920846457055,-1.7952346245638546,-1.0289784906067638,0.004529815695496272,-0.6311268137421187,-1.0579086566531197,-0.9911389226787474,-0.6874171719330547,-0.6517961820574449,-0.73078075150524,-0.9440578570555466,-0.6619526795018918,-0.6058152762001937,-1.0567315982305612,-0.6903621648049302,-0.6092027283989243,-0.9935437495291448,-0.7018348567471325,-0.6007715939673454,-1.0235182044799147,-1.1292751894878779,-0.8048642996505311,-0.9513407792220281,-0.6988171792824658,-1.1898264642016838,-0.6898679209254837,-0.849199613375881,-1.0757757189663972,-0.956725512721916,-0.94150606128587,-0.8723981834025419,-0.6423895760345786,-0.6590790990215838,-0.8440261917227141,-1.02285450387341,-0.8646724671418685,-0.6337451954784972,-1.0484624565028846,-0.6479692187050654,-0.6548564186981839,-0.9193041992310271,-0.9068287804851061,-1.0988048936572983,-0.918408165681633,-0.9873678048973372,-0.866420578101443,-0.9542438793442134,-0.9043158304277016,-0.7841121565481265,-0.6139537444826347,-0.5943483137829623,-0.6196595802339978,-0.8049628601269869,-0.6314627808334936,-1.1003243896159838,-0.9670374283580817,-0.5913634675009379,-1.2756784539383463,-0.8303902493325548,-0.5842700614897619,-0.9311798577401406,-0.9331849533292361,-0.8433838437717348,-1.2261980113508926,-0.9131314131773783,-0.835791868727817,-0.7904706336347215,-0.9872686958984512,-0.8741489091231995,-0.9886985981822202,-0.6182071420511955,-1.2860549884038024,-0.8361786083476452,-1.0833734440895273,-1.0335082517568333,-0.8103472252961839,-0.8716386502730978,-0.8455625752949366,-1.0072928759055937,-1.080057081227757,-0.8215147639106624,-0.6508901027266574,-1.043490133414981,-1.1620157138906277,-0.7353711424924232,-0.8948855589242912,-1.0613721030682939,-1.214287375297977,-0.5718145565865723,-0.8360748377107269,-0.8270639641678486,-0.9883324361089857,-0.8712551352546761,-0.9655268829656783,-0.6369690920074622,-1.0378756940957248,-0.6241713732989966,-0.9811358851452381
-1.0630166466817352,-0.7441599664917166,-0.9525375567918474,-0.7651022519659135,-0.7292016281273603,-0.7138538470439815,-0.8912492858128818,-0.648709785300293,-0.740829883706533,-0.7117735705078637,-1.2060560245692669,-1.0988023220456151,0.13060041905059086,-0.5779517150935898,-1.1848251835489483,-0.8318127487214222,-0.8605289545082694,-0.7543040280593497,-0.6777849768388823,-0.938814308611417,-1.0421058419693463,-0.7427450019676767,-0.6351789708662758,-0.9613094257660192,-0.7251325688536342,-0.6870133730659669,-0.5647726554143085,-1.111460186033099,-1.1050632138640095,-0.6824283249305606,-1.0237336641024106,-1.4986497240478518,-0.6903631515850851,-1.0857543167777899,-0.5571927863876537,-1.0829795360908232,-1.1392818740524941,-1.1181616422872003,-0.632279362265047,-1.8185437596758058,-1.0293073783101259,-0.17715247303688325,-0.6280258732963077,-1.0550275569922927,-0.9909902103381716,-0.6867143749630159,-0.6943141665143046,-0.7248412345568858,-0.9620553894238449,-0.6572585320122482,-0.6073459276660877,-1.0547652240289151,-0.6874914199949863,-0.608920061709365,-0.9931010782609394,-0.7042168383209165,-0.5948003479308488,-1.0204461492843646,-1.0938039936800112,-0.8025430533476048,-0.9533696235834437,-0.700305353454938,-1.1868858215501166,-0.6871429991189223,-0.8597876294438578,-1.0757652460419123,-0.94462008856052,-0.9409474993800135,-0.870942128665967,-0.6426075583275719,-0.6591495801871028,-0.8604899574064295,-1.0171974078695043,-0.8641933013822676,-0.6338106359817081,-1.0481613308751383,-0.6472587304514998,-0.6544655002623132,-0.9170794757601862,-0.9063982694201127,-1.098402811853604,-0.9120757238149985,-0.9734723905273509,-0.8664068570413143,-0.9548949320564282,-0.8902747909378168,-0.7838998282593383,-0.6145314177399145,-0.5943947212320975,-0.6199846163694086,-0.8056615696253834,-0.6319034537290581,-1.1208225599789332,-0.9628443341985713,-0.5900880030025653,-1.276482990699856,-0.8267497356368241,-0.5833546789079971,-1.0129799003852442,-0.9314128528817706,-0.8407967459203993,-1.2263868818042636,-0.9129282976285038,-0.8358028333075712,-0.7908193889510429,-0.9998756694598423,-0.8760242330120066,-0.9887777001118487,-0.6174319493770531,-1.2871904743921405,-0.8378905444254382,-1.0978686173062382,-1.0327760909552615,-0.8119972957612317,-0.9333049736164646,-0.8463637079254324,-1.007404602937139,-1.0805682098423335,-0.8231705583663609,-0.6497302369394041,-1.0436717385074474,-1.1624717348524947,-0.7461644016668374,-0.8954626218532391,-1.0513587606511239,-1.2142905085763138,-0.5723366755209206,-0.8341193971946308,-0.8271062546941075,-0.994264364993789,-0.8717652911534621,-0.9586335886314719,-0.6361088806912233,-1.0690618232870437,-0.6218544126372814,-0.9805268758136849
-1.1410420258373506,-0.7448511426438532,-0.9591296031513615,-0.760640877810475,-0.7283562890869008,-0.7117766781927768,-0.9029252009218788,-0.649131826214912,-0.7424981169028683,-0.7044762017449434,-1.172146832320967,-1.0987827281194156,-0.031584725756119474,-0.5783506328963018,-1.2013479120764372,-0.8404704812960369,-0.8696246125975572,-0.7448181638787884,-0.67074304517482,-0.999842658744411,-1.0358570250727788,-0.7453916345314842,-0.6358902012672937,-0.9556232612969371,-0.7252111453739175,-0.6846887475537808,-0.5677821099324443,-1.1116485187496987,-1.1046906072326346,-0.6774502033808351,-1.0910388653326692,-1.4611294231353336,-0.6846743801357372,-1.0783074841141407,-0.5573277432571566,-1.052242637080824,-1.1375248751815306,-1.1187186374496128,-0.633215870410303,-1.8159280374498095,-1.031123855587951,-0.4052438242795418,-0.6280157054847125,-1.05897551349599,-0.9916573860327812,-0.6844863990005378,-0.7613928743238066,-0.7179092240526248,-0.9944426871226728,-0.6523554368599648,-0.6079310262126109,-1.0555280176602821,-0.6825254451379376,-0.609059016848824,-0.9934686399716484,-0.7077381420458848,-0.5916220160801761,-1.0216182902103572,-1.0689457477959172,-0.801019469528931,-0.9593200756434496,-0.7033841592768573,-1.184413091900103,-0.6874402991975919,-0.8866331303644034,-1.0760000775713838,-0.9342934766982723,-0.9408339948216042,-0.870421828321701,-0.6431077523766846,-0.6590641135401297,-0.872916712033734,-1.0114451318804736,-0.8635171337486721,-0.6338468984256898,-1.0482380493040053,-0.6468886048132043,-0.6538074446331528,-0.9158049827769211,-0.9068591176828116,-1.0981188086581994,-0.905596812083087,-0.9625938177647465,-0.866974866219177,-0.9554508593237868,-0.8748915234271611,-0.7859306651250458,-0.6152792959164978,-0.5944599761509959,-0.6200358616208407,-0.8058021976057885,-0.6321311587329266,-1.1312175673795315,-0.9618103591454668,-0.5885079324137561,-1.278463402939374,-0.8230754473721373,-0.5822069107572494,-1.0823583126734422,-0.9298579928693103,-0.8396028672204702,-1.2266701612595974,-0.912653806793711,-0.8405393314950248,-0.7912381463122398,-0.9951140024623333,-0.8778856770365049,-0.9887435823629568,-0.6171067209796584,-1.2877718338568458,-0.8421867915362253,-1.099151236778325,-1.0325079468703113,-0.8132169757584377,-0.9938364771053005,-0.8469940218292931,-1.0073833714688523,-1.0805681615223663,-0.8231186355689192,-0.6487125511863334,-1.0442216037660261,-1.1630169112453195,-0.759623405209905,-0.8960624219750909,-1.040034767122532,-1.2148854573375059,-0.57265948976367,-0.8317599595587257,-0.8271101714016974,-0.9938404696143188,-0.8726683390322814,-0.9502715961019971,-0.6351207740964386,-1.0828584581829277,-0.6201314607661452,-0.9804942222125744
-1.231410366591482,-0.7476758079912119,-0.9624962815214058,-0.7556527442625228,-0.7254119891466636,-0.7112231632840029,-0.9204913565433309,-0.65092193799278,-0.7447329549153316,-0.6941607208777016,-1.1492269009227447,-1.0988593020838722,-0.19539124091192694,-0.5773369656660745,-1.2006953735508699,-0.842420000253498,-0.8820277544270886,-0.737071978181019,-0.673959521054366,-1.0559911186927275,-1.030040474448825,-0.7454802535607721,-0.638203987450577,-0.9563903880417508,-0.7255463334344147,-0.6823937298461098,-0.5873177064208477,-1.1206759183947674,-1.089433103771867,-0.6733880099955949,-1.1483615657861586,-1.4459315491239975,-0.6845052547745789,-1.0727292866001903,-0.5569591572002391,-1.037303526418043,-1.1345940335685394,-1.1177942624992265,-0.626599115619313,-1.7970605139361446,-1.031543319617419,-0.6500317224635077,-0.6283048828882976,-1.0597091241217325,-0.9858443573866446,-0.6836625560787182,-0.805516901002919,-0.7117160248312895,-1.0411868844872214,-0.6488912922777503,-0.6071473308421704,-1.0542684359260976,-0.6808907330422592,-0.6110963460736553,-0.991114263667353,-0.7111436745911469,-0.5880398674976679,-1.021612416515826,-1.0578254218802203,-0.7981303263162167,-0.96073341355395,-0.7064990083865237,-1.184325960897115,-0.6848839364360239,-0.9441540837718925,-1.0760450635424665,-0.9257767613843206,-0.9400315129983242,-0.8687518622116702,-0.6441431540583468,-0.6588402644801711,-0.8822115207436797,-1.009021525579655,-0.8631230806885741,-0.6338688119886915,-1.0482397644592125,-0.6462301048568415,-0.6532128916600691,-0.9155346589746275,-0.9066651674743152,-1.0980458935324688,-0.900277931165689,-0.9550170100094437,-0.8690960246585491,-0.9561334349892706,-0.8636250708397215,-0.7870995802673835,-0.6160976441536254,-0.5951316691536118,-0.6197008058014041,-0.8060720042089028,-0.6329345529570369,-1.125922453344171,-0.9611771535184238,-0.5868064310186241,-1.2797362705550708,-0.8197738440062698,-0.581552011019953,-1.1289866228298717,-0.9298459239562543,-0.8400906750963044,-1.2269382828251718,-0.9119433953715544,-0.842339975836826,-0.7925278098622858,-0.9735708820627904,-0.8791789345617977,-0.9889781834067984,-0.6168688960892211,-1.28806761976565,-0.8443738384065749,-1.0878172529126509,-1.0315909590741177,-0.8140034366906543,-1.0486236578706478,-0.8471437281290402,-1.0075671236383303,-1.080702539351553,-0.8255548081636844,-0.64814496940056,-1.0445610207703946,-1.1631874289717095,-0.7754347314079181,-0.8960469626916154,-1.0269616979645546,-1.2147501651848467,-0.5727929303046083,-0.8286089099336771,-0.8270609398746462,-0.9869657657274516,-0.873531795875469,-0.9420641194443317,-0.6343924754233461,-1.081295856540614,-0.6184347823607461,-0.9799380290972751
-1.321505993416464,-0.7491723062203363,-0.9661042310312302,-0.7497144454321664,-0.7228138257539313,-0.7105396250219684,-0.9393217152359707,-0.6511225206415491,-0.7451507235193924,-0.6872920618144736,-1.1469108709281988,-1.0979328697227182,-0.3297588423420658,-0.5789194563196846,-1.2026927968367493,-0.8429439655790348,-0.899536992206766,-0.7298006435369586,-0.6711944978527817,-1.0855413725999605,-1.0257151072413186,-0.7445057886130726,-0.6387340805209989,-0.955185522306958,-0.725711882322355,-0.6783329781712236,-0.6011862120287983,-1.1134131094517707,-1.0727978247368095,-0.669835493935863,-1.1925808505858833,-1.4372192915443038,-0.6805519366682256,-1.0705614657681002,-0.5541347027170636,-1.0336563975115607,-1.1332896624345137,-1.1199184641734963,-0.6214485351733793,-1.7662840571901948,-1.0315531086116685,-0.8968164272420716,-0.6283644372133553,-1.055150948951317,-0.984851873447024,-0.6827161019557416,-0.8533639537968997,-0.7087614369075477,-1.1133691064132354,-0.6435399688061708,-0.6071963544567803,-1.0530614108397847,-0.6760991936054,-0.612819412452522,-0.991259933751273,-0.7128470155402115,-0.5831231447306894,-1.0202941109605341,-1.0498614195151208,-0.7957741789133718,-0.9609339023356966,-0.7094727568877626,-1.1840948743239732,-0.6854565960565141,-1.0303949792366747,-1.076389337132805,-0.9184934081993843,-0.9398870359409803,-0.8672184311961266,-0.6448645702937257,-0.6586608778377133,-0.8938246152885597,-1.0096575198089062,-0.8628041299699267,-0.6335584198771309,-1.048292702492908,-0.6452898815372782,-0.6521991520696703,-0.9170431414316633,-0.906991453191237,-1.0979807820322345,-0.8974650260510191,-0.9475522266794064,-0.8717943752420957,-0.9568364525056701,-0.8607729846933387,-0.7884768898252253,-0.6167625254434702,-0.595863164348025,-0.6179065580463032,-0.8060448742091432,-0.6335297439197032,-1.1067184196379285,-0.9599187036617732,-0.5845288242435676,-1.2814293156037941,-0.8183906564116865,-0.5813700450678483,-1.1509182048875821,-0.9310220943922402,-0.8415140897213005,-1.2271096351637343,-0.9110677745385546,-0.8438640524226388,-0.7933967518472262,-0.9448158535408193,-0.8799124176268602,-0.9889246104742544,-0.6167683378605145,-1.2887892395147498,-0.8443380191028119,-1.0662914970147395,-1.0320779667094866,-0.814908033150771,-1.0963894269022023,-0.8467773795397558,-1.0080379290673815,-1.0807399873262453,-0.8320118227934824,-0.6476941824226895,-1.044726067751489,-1.163974976780746,-0.7828204423369289,-0.8963904298241535,-1.0143247421033061,-1.2152795489277088,-0.5728236364684345,-0.8259202038220194,-0.8269541971981687,-0.9760529032321374,-0.8747548922532612,-0.9354981745713686,-0.633607273257132,-1.0686990933496365,-0.6168424906649734,-0.9789641256087346
-1.3914332334334198,-0.7504473382530376,-0.9738933684339144,-0.7477730024468779,-0.7212527884318423,-0.7105721308602835,-0.9707833151826505,-0.6522871370780174,-0.7442262342726347,-0.6874404010156112,-1.144775218679892,-1.0977524704711605,-0.5119739636751771,-0.5777350596839594,-1.1959607853779142,-0.8378287929140076,-0.9300033335878557,-0.7245869588436846,-0.6722480718064485,-1.110551740272863,-1.025158096765425,-0.7443518532267058,-0.64111909397942,-0.9542987757985457,-0.7259281292117379,-0.6745077913792634,-0.6191541037949768,-1.1067981513403298,-1.0600340322489932,-0.6649740290628245,-1.2088893962799894,-1.4325061067128984,-0.6779004643546012,-1.0652328397277593,-0.551661612667811,-1.0377738880813547,-1.132040286654459,-1.1158936784890863,-0.6151616696100268,-1.7329738757801911,-1.0348454736777262,-1.139822140606095,-0.6281177467367935,-1.04049133941565,-0.9818123513193459,-0.6805346660747241,-0.893566320606327,-0.7054290639408387,-1.2122309882852251,-0.6417677052979898,-0.6028025419074731,-1.0528987407922508,-0.6754466172965968,-0.614364906167435,-0.9934443784725917,-0.7131743721340907,-0.5776375484855916,-1.0230780162570572,-1.0532803286782408,-0.7955915944554636,-0.9635098199056783,-0.713507950669486,-1.1824530461227427,-0.686453903739391,-1.1151431920711183,-1.0764100449607636,-0.9110324504989173,-0.9394593948800262,-0.8658827555404003,-0.6461923012929541,-0.6586598897839911,-0.912208434497122,-1.0121923155252122,-0.863054438233355,-0.6332017391160523,-1.0480088674838732,-0.6445642623613921,-0.6513904287605868,-0.9185826003670434,-0.9068489228007116,-1.0978291966069698,-0.895988388920897,-0.9440458621685985,-0.8746838062700047,-0.95755672415861,-0.861390319357058,-0.7890758976841177,-0.6176470259840293,-0.5966943496183578,-0.6165025347323217,-0.8063710813438675,-0.6339889213094986,-1.0813745912204191,-0.9557586447261032,-0.5813351058308838,-1.2828815935467166,-0.81820973207154,-0.5810972904884348,-1.1557069227887433,-0.9324650975241517,-0.8451646721524491,-1.2271415244266195,-0.9105835400584973,-0.8454448544370426,-0.795088477025241,-0.9166661066826332,-0.8803588164951289,-0.9889180146924796,-0.6166457337740144,-1.2891251301844309,-0.8461664295053589,-1.041456572904779,-1.0315528241371528,-0.8164056921460213,-1.1351099710140455,-0.8466411084207561,-1.0085152086661349,-1.0807585905136732,-0.8320265188909827,-0.647492694303793,-1.0447980785408275,-1.164293417041843,-0.7792338397444083,-0.8966196086824275,-1.0022968637891767,-1.2151538436714533,-0.5726057825143016,-0.8245513265864256,-0.8265162200481464,-0.9645010649419213,-0.8759555520339855,-0.9301720019898194,-0.6330375779372095,-1.049176021373401,-0.6150110723535063,-0.9788480676288844
-1.4015654796252297,-0.7496711039600277,-0.9796874841282378,-0.7425770169908354,-0.7189591524651737,-0.7124524333667636,-1.0056136363873935,-0.6540299749717035,-0.7440642847379191,-0.6855982351224189,-1.1429789400676271,-1.0951126956552897,-0.6717336792056338,-0.5755448217738683,-1.1927451582183843,-0.8338777885338298,-0.986671963040781,-0.7234580633633262,-0.6710430548936712,-1.1196909583905674,-1.026027024092881,-0.7450624125418501,-0.6422376517408652,-0.9552022083971704,-0.7251785307360468,-0.6693770301635524,-0.6379090565642467,-1.1202763970493592,-1.0521087865652368,-0.6597820194389207,-1.2211212535035652,-1.4300365817992027,-0.6744442909124153,-1.062530265750212,-0.5508982290271538,-1.0319486474861614,-1.1308295901793763,-1.1167257931550643,-0.6090007364191483,-1.6890850849632921,-1.0333567589315107,-1.3354174620448558,-0.6276518430840519,-1.0287457536027202,-0.9825255722860738,-0.6801561887754918,-0.9082491343584154,-0.7039159521450883,-1.2960392183975624,-0.6422730996444739,-0.6009273602126878,-1.0533653060447066,-0.6743104127175394,-0.6138589146734631,-0.9954674842251836,-0.7143799388050703,-0.5733890755527258,-1.0213996080447292,-1.0576343349721973,-0.7949660676430312,-0.9645804025090888,-0.7179742458076128,-1.182976980111724,-0.6900145394336287,-1.1738300318350132,-1.076415471839815,-0.9065026821501996,-0.9386633005602354,-0.8650936517288625,-0.6472020111893666,-0.6584028311405911,-0.9415470858866677,-1.0174401791160996,-0.8640107972682114,-0.6328694934786493,-1.0483464749264344,-0.6439003862165128,-0.6505608641446133,-0.9200165231610884,-0.9071946084874546,-1.0978098826338667,-0.8954513678098209,-0.9411168763126059,-0.8766638032970009,-0.9577148449113629,-0.8658880772550709,-0.7891829192111505,-0.6182910647673134,-0.5976025250246123,-0.615044670706588,-0.8071271869701963,-0.6341428853498275,-1.0647326419597467,-0.9508953290169921,-0.5767573114431794,-1.2838749977115245,-0.8180944833175028,-0.5810016153784328,-1.151245062230917,-0.9346311931241945,-0.8489160068138069,-1.2271535353496472,-0.9102379478260673,-0.8464105385205865,-0.7961410175144714,-0.8940410345385349,-0.8813133025174821,-0.9890401552844799,-0.6166665317530645,-1.289758402443057,-0.8471426656604676,-1.0200084787069024,-1.0319194293306493,-0.8179456137104075,-1.1578990808378526,-0.8471238152718621,-1.0088617671619382,-1.0809715366097634,-0.8344855805295904,-0.6473244460327597,-1.0454562756072385,-1.1651123824601395,-0.7721078750816383,-0.8968691154946221,-0.9915519962672077,-1.2151874679568877,-0.5723186970049258,-0.8239152229869211,-0.8264860762732751,-0.9559548889941349,-0.8770573599913085,-0.9259068444702216,-0.6324411368748718,-1.031784590124666,-0.6129571183312097,-0.9787278295946751
-1.3805404705104436,-0.7479536645847323,-0.9867336936639673,-0.7398656788807851,-0.7193207988394361,-0.7106032632124727,-1.0764527401126498,-0.6523768249143611,-0.7392784683594624,-0.6838070836972705,-1.1386879764233897,-1.0962988038429684,-0.8277512911252412,-0.5761528779496602,-1.1945659760320602,-0.8324184268337043,-1.061362919210411,-0.7233806481831483,-0.6707286641779723,-1.1207995620818938,-1.019511703094455,-0.7438114148978368,-0.644371574577335,-0.9544012760669911,-0.7253214754195215,-0.6673204083639404,-0.6535367787803863,-1.1247834686573528,-1.0479035349320651,-0.6519185614187261,-1.224856232888272,-1.433104806742178,-0.670025545541749,-1.0615036717487478,-0.5493952904065855,-1.0302582070901498,-1.1322756713333866,-1.1187766739310414,-0.6026808604977345,-1.675988226488541,-1.0316614626514695,-1.4939418582549857,-0.6280049324462362,-1.025054546163406,-0.9852755754173723,-0.6799073141246315,-0.9168891599777604,-0.703299600612246,-1.3671599284035056,-0.6421651841849867,-0.5999131059865317,-1.0526174016116794,-0.6636782942115745,-0.6146791690133995,-0.9944749867346052,-0.7136236646185085,-0.5668713130439256,-1.019858215052911,-1.054416575497734,-0.7956372674998015,-0.9648328298635798,-0.7270778348949163,-1.1846252369508563,-0.6933767815962593,-1.1910010347932005,-1.0764010953707495,-0.9027978454995598,-0.9367808711146164,-0.8636945984766081,-0.6475760199215436,-0.6581184363442091,-0.9807202645665352,-1.0215101730898106,-0.8653126862482693,-0.632564384637073,-1.0482766634739427,-0.6438460700851071,-0.6499398277428853,-0.9200381796815584,-0.9067966121677998,-1.0980523802961626,-0.89530558164589,-0.941445703753236,-0.8780331864535948,-0.9579274604003445,-0.8707877675064467,-0.789192905197179,-0.6187241198141104,-0.598268468956263,-0.6136190386764551,-0.8079380006143884,-0.6346445011904656,-1.0567599852509422,-0.9468232114943705,-0.5710865809943059,-1.2849090170484494,-0.819522534882243,-0.5809165461570035,-1.1432738281445614,-0.9358501533428327,-0.8516760744030196,-1.2270552975381603,-0.9105339662797132,-0.8471599350035031,-0.7974339547376992,-0.8790127529234387,-0.8819768721919532,-0.9897960128951906,-0.6167173828118417,-1.290037965603761,-0.847831805415262,-1.0038557518328814,-1.0313447563224936,-0.8188165997808967,-1.16366855955702,-0.8475474433147754,-1.0090213840076014,-1.080979461084408,-0.8391486471459996,-0.6471255192035096,-1.0462653894189395,-1.1651943819301742,-0.7542843069181994,-0.8968075795155938,-0.9827456773481222,-1.2156747161209231,-0.5717676412210246,-0.8237344278803334,-0.8259213267016303,-0.9510351563128344,-0.8783250780318773,-0.92293112668535,-0.6316951728040108,-1.0168936711000818,-0.6112804034080578,-0.9780591192514532
-1.3143430649088292,-0.7463878597223036,-0.9957519095527664,-0.7368297087720698,-0.7191431310998176,-0.7097666957045681,-1.1516854488096644,-0.6538952223111865,-0.7315340678360045,-0.6863707697921889,-1.1354734017794612,-1.0945333235271577,-1.0161888485381263,-0.5764450126441091,-1.1920955887760982,-0.8350533058168381,-1.1475803260233979,-0.7221964236181325,-0.6700980021546784,-1.115502608772183,-1.0190967905773114,-0.7414813772599039,-0.6462275373157023,-0.9523702321642314,-0.7255241597862253,-0.6639094949164166,-0.6596549669743614,-1.1272076809857683,-1.0509685621138989,-0.6447547284541282,-1.2272213193092407,-1.4309748682720485,-0.6652567833165615,-1.0624691482470559,-0.5495737887379992,-1.015824777739085,-1.1310469473356322,-1.1164948655524338,-0.598160477796606,-1.6510489567472495,-1.031272265742154,-1.6326914317196832,-0.6281654386149905,-1.02606766937408,-0.9840544676208319,-0.6809037518776975,-0.9219776574781984,-0.7018505665927016,-1.3743372990652827,-0.639096185182537,-0.596242135828973,-1.0511401486868397,-0.6504092777747583,-0.6141407886279162,-0.993528485002655,-0.7118332863114161,-0.5643047501705682,-1.0207830960302677,-1.0552719118515523,-0.7970284641215607,-0.9663054700386124,-0.7410428953637163,-1.1817946847233542,-0.6974155816887943,-1.1920749739148595,-1.0766594433761096,-0.9015971817869325,-0.9342420912205112,-0.8617436519632102,-0.6482188829551186,-0.6574818003958521,-1.0297871284002205,-1.0259257769852714,-0.8665326185037768,-0.6322407243133942,-1.0484060418032282,-0.6437497420887972,-0.6493587467748081,-0.9193706545828235,-0.9067778555643246,-1.0979860007067852,-0.8952562499641553,-0.9394610122972784,-0.8789240409645274,-0.9587216060689705,-0.8753861984419276,-0.7892260909487282,-0.619076843256338,-0.5988708767634265,-0.6119604188129539,-0.8090399764027897,-0.6348488816671741,-1.0487913346018314,-0.9454537138700465,-0.5649226591785417,-1.285660237830363,-0.8218524737748182,-0.5806450687264757,-1.1327731417486133,-0.9370321388005639,-0.85348216632997,-1.2275147022316002,-0.910714787322549,-0.8472559126262813,-0.7992745774842749,-0.8709584752119791,-0.8820025289108266,-0.9899856772099629,-0.6169188112389411,-1.2902376383787386,-0.8481141718937585,-0.9936384552605858,-1.0318293149252131,-0.8192468793233599,-1.1551913001298497,-0.8476467077082368,-1.0092333178569581,-1.0812041489325626,-0.839117821185388,-0.6469913076260077,-1.0466923556162802,-1.1666479242394088,-0.7519727898603297,-0.8966805423517105,-0.9748086134523349,-1.2158112241726382,-0.5711004385163322,-0.8238110751663371,-0.8254320357243182,-0.9476501584812441,-0.8793097226829908,-0.9201595922156002,-0.6305042718454408,-1.0074472915866244,-0.6090296431765745,-0.9772555652723202
-1.2500369481145626,-0.7414881957778291,-1.0047097588952743,-0.7306406762178318,-0.7208823709831372,-0.7110443811732698,-1.215153171979737,-0.6508171180953775,-0.7172287441581644,-0.685849021411022,-1.1276528104502523,-1.095187017444321,-1.1260719647123152,-0.5756326578310996,-1.1864459731223118,-0.8352787327592199,-1.217384488712125,-0.7227562036783306,-0.6751629892444052,-1.1123566024391371,-1.0227277821925744,-0.7417588282881278,-0.6466653244702127,-0.9534307740538133,-0.7245483039877451,-0.6597439953116158,-0.6634342439092702,-1.1312991178302472,-1.0514051368969384,-0.6357780444337185,-1.224400058636748,-1.4329337173889314,-0.6609451609060482,-1.0625407687581196,-0.5518694635767809,-1.0094508318978586,-1.1311706298329456,-1.1154771227512,-0.5924804455038464,-1.639495962227513,-1.0347642362771692,-1.7067788205579997,-0.6273894167085925,-1.0286905545078282,-0.9819552946467097,-0.6799186882701008,-0.9202851755295576,-0.7032695881153559,-1.3555358823464243,-0.6395459301515342,-0.593962480877688,-1.051835607585416,-0.6267394570733897,-0.6126172650002527,-0.9950389654980945,-0.710824572440586,-0.5652162527856588,-1.0223344291205234,-1.0554601388113956,-0.79835028942126,-0.9670579411567836,-0.7552486777247841,-1.1806796604387404,-0.7003084821028656,-1.1815497063956268,-1.0763997148488855,-0.9006825023902768,-0.9306286023759937,-0.8595062118667172,-0.6484918297532823,-0.6564809019752338,-1.0861595550682541,-1.0282882060392282,-0.8679822958734124,-0.6316280451067271,-1.0483307603962917,-0.6437567255914065,-0.6488914294045637,-0.9167205448221641,-0.9057769754886349,-1.0963606030612343,-0.895569911104735,-0.938433676812642,-0.8797611858004033,-0.9589000168767167,-0.8776998262997018,-0.7892828799399811,-0.6191594136979294,-0.5994582895710614,-0.6116133514445952,-0.8100449811094818,-0.6350517108689167,-1.0443876585361094,-0.9441771907261148,-0.556687063122221,-1.2858610293730566,-0.82337435483922,-0.5805526697810071,-1.1211575659306925,-0.9375012903662618,-0.8549138343844135,-1.2276010340189505,-0.9108138801024613,-0.8487712275616064,-0.8023759463344561,-0.8654728465391378,-0.8806943633831281,-0.9899122694804275,-0.6178144242117835,-1.290459384729,-0.8471951875006482,-0.9883697912299704,-1.032521591480785,-0.8193156530579124,-1.134810765779224,-0.846732935482019,-1.0090766048668227,-1.081516295921612,-0.8411461386700702,-0.6470085536429638,-1.0472916038639066,-1.1665473486790314,-0.768467188474971,-0.896145038795222,-0.9669919217318939,-1.2159219645174348,-0.5705449309094224,-0.8243953754332601,-0.824887018426356,-0.9450799700724593,-0.8802533677228715,-0.9175187423581617,-0.6291898781996687,-0.9999356449628047,-0.6069124805265624,-0.9770791669783698
-1.2073435777200865,-0.740443240765689,-1.0118537836909873,-0.7263522864746346,-0.7224853383196339,-0.7099946944014824,-1.2319730185065032,-0.6466459709873754,-0.7132878628690609,-0.6856222788266201,-1.1247092077689325,-1.0958371078808034,-1.2192478054890035,-0.5754789189876692,-1.1840615793154563,-0.8357434443680518,-1.2502846310539097,-0.7208835532389982,-0.6685519343705079,-1.11116412481618,-1.0196226995174278,-0.7411153072023927,-0.6475561865846295,-0.9498111926926179,-0.7243752203649836,-0.6571011153907496,-0.6679849790392148,-1.104682608106293,-1.0519534203834553,-0.6323629753494897,-1.2350264523207637,-1.4311096659443032,-0.6608324106652755,-1.0607390527730876,-0.55130981498551,-1.00650389250847,-1.1319019995818176,-1.1152558309765923,-0.586494209987123,-1.6330301657444617,-1.0296794726087983,-1.7399822542413048,-0.6261066988576967,-1.0266441823987846,-0.9816409902602335,-0.6788414836492089,-0.9226359216502706,-0.700659158093905,-1.2946772063840377,-0.6383863931225158,-0.5921462185155417,-1.053516086956253,-0.6006026362188497,-0.6121604230829119,-0.990712634768385,-0.7102219980783449,-0.5642838907632282,-1.0206609909574145,-1.0529445495771135,-0.7977599868670794,-0.9679496351410257,-0.7732382962510542,-1.181276260995431,-0.700357703201404,-1.1659740967397183,-1.0763306887556898,-0.8990839233933083,-0.9267360393682295,-0.8566486589025298,-0.6484821100734643,-0.655174530278826,-1.1427953414154133,-1.0317915030874487,-0.869433156733655,-0.6307229849361724,-1.0480034438849744,-0.6437351099880917,-0.6482307254325382,-0.914406358760524,-0.9055695640765892,-1.0870454153063567,-0.8958572760396989,-0.9373487083364543,-0.8801783700955271,-0.9588779558692927,-0.8782463574262206,-0.7896897332192341,-0.6191564285819006,-0.5996859409275466,-0.6112336295638395,-0.8106688217645048,-0.6352581966473633,-1.0441517195577614,-0.9440407488459327,-0.5500476500232006,-1.2861175582723114,-0.8240830637853982,-0.5801960120726254,-1.1100804111156146,-0.9383816627149889,-0.8554568999769161,-1.2276282552811832,-0.9108189196468237,-0.8496941547907672,-0.8052309712776922,-0.8617660575502676,-0.8777391673576918,-0.9899971130618168,-0.6190050045225024,-1.2905157122379773,-0.846077891281339,-0.9836054522146424,-1.0329439246621135,-0.8193449373577861,-1.1076372681361282,-0.8458600086044097,-1.0093777965705244,-1.0814705369125364,-0.8438595400866793,-0.6468372887419019,-1.0478559878183806,-1.1657580853999105,-0.8042967498240684,-0.8943953791761737,-0.9591437691019873,-1.2159261266334345,-0.57038340963874,-0.8252389875387756,-0.8249224175303987,-0.9417541682256334,-0.8806281494451823,-0.9139627812493095,-0.6282602160049772,-0.9948725435233926,-0.6049566576268117,-0.9764137023244146
-1.1895230769261622,-0.7377746203533153,-1.0241431057117603,-0.7243743106802631,-0.7247045271178647,-0.7073091856536408,-1.2280270612537962,-0.6481522185541541,-0.7063992159261415,-0.6835717690096319,-1.124475730056947,-1.0967275054351542,-1.288062219889867,-0.5735388027458246,-1.1720984829794294,-0.836428326541171,-1.2478360992745616,-0.7172319474975198,-0.6681852189508941,-1.1111891821532554,-1.020805910117647,-0.740348040891823,-0.6480187585145541,-0.9508418296413005,-0.7254251318428541,-0.6568833623742836,-0.6688753457311214,-1.111002953509364,-1.0491503380714444,-0.6241222469068497,-1.238522909909907,-1.4309213324072314,-0.6603911295505291,-1.0626407974048568,-0.5526844037743273,-1.0103458297873125,-1.1298246128395848,-1.116977653763401,-0.583452434103567,-1.6294670829542093,-1.0320359198108229,-1.748842299723314,-0.6272091801435286,-1.0256395588717488,-0.9830157247419381,-0.6789056588736444,-0.9173213586097009,-0.6953536277586825,-1.239521360957859,-0.6365975631329864,-0.5921756781818616,-1.053510864625492,-0.5693915702464541,-0.6136668462818394,-0.9941270364023,-0.7063409469059697,-0.5631784491455366,-1.0216656186336,-1.0510976585969058,-0.7948361579933343,-0.9693110344787815,-0.7968627214867526,-1.1824334158177217,-0.699926438151714,-1.1508324597110713,-1.07633911469948,-0.8967858104333248,-0.9222550448339747,-0.8526854497290175,-0.6482674245139759,-0.6533954846600778,-1.1801373173939422,-1.0340467566176805,-0.8710633657330012,-0.6298580295877694,-1.0480458592096953,-0.6438299415195567,-0.6476670314110938,-0.9124024777697379,-0.9049896435501387,-1.0683045209505104,-0.8959952785267682,-0.9365028047507802,-0.8810006726951546,-0.9596905194431993,-0.8786229315710893,-0.7901876707952918,-0.6188432579270589,-0.600082686092949,-0.6107156239716213,-0.8113070487863728,-0.635466399908808,-1.046798947719795,-0.9419186246330379,-0.543675855132206,-1.286137294778897,-0.8244048083298403,-0.5790103736810062,-1.100526304386962,-0.9391087598679065,-0.855743807301803,-1.2274069710704716,-0.9112132639931964,-0.8506219384776269,-0.8079361165504121,-0.8581199917312339,-0.8735609075988533,-0.9900002923235356,-0.6215993444292034,-1.2904509808135909,-0.8460277344020669,-0.9783032843916595,-1.0338504166040967,-0.8192047276796027,-1.083139639531605,-0.8447676204484456,-1.009381842926588,-1.0815813829176257,-0.8438205211797262,-0.6462299785078262,-1.0481501006646554,-1.161577288750484,-0.8486594305496078,-0.8931905087221947,-0.9516377243826557,-1.2161969915308422,-0.5701812512144437,-0.8261335666457665,-0.8249120556077869,-0.9379664773020878,-0.8809178632624695,-0.9107460624482189,-0.6276404962409077,-0.9900212313923152,-0.6032345217018164,-0.9762335665700961
