0.0,0.0,0.0,0.0,0.0,0.0,0.0,0.0,0.0,0.0,1.0,1.0,1.0,1.0,1.0,1.0,1.0,1.0,1.0,1.0
-0.43719627,0.41717615,-1.1174944,-0.029003514,-0.79055166,0.0010034137,-1.5406889,1.5434146,1.3055295,1.3652097,-1.1972982,-1.3546947,-1.1822077,0.053669118,1.4509,-1.0830519,1.5809307,0.058195163,1.3882326,1.1101922
-0.22005378,0.82487648,-1.4715384,0.3008823,1.6887248,0.47765301,-0.67654889,-1.2352144,-0.31039915,-0.98820548,-1.638212,-1.3646372,-1.1974241,0.84936386,-1.0408181,-1.5557907,-0.48076274,-0.37984008,0.50094641,0.94284286
1.2297224,-1.1686839,0.8393502,-1.138804,-0.37326303,-0.67761761,-0.35938689,-0.36028207,-0.80505557,0.70908545,0.15579175,0.44363858,-0.39614883,0.80943929,0.91208289,0.91607479,-0.035370783,0.72273125,0.27966141,-1.1094745
-0.33122825,-1.0139051,1.4003458,-0.6546379,0.95560539,-0.85271914,-0.88707353,-0.2305847,-1.2891158,1.512485,-0.8841366,0.597257,1.283079,1.463279,-1.5424845,-0.54314064,1.7670458,1.219803,-0.1037071,0.3663894
0.14220876,-1.5097531,0.60802689,1.1405547,0.62731066,-0.72231107,-0.87864036,0.53963553,0.52101698,1.4531287,-1.2402641,1.7860497,-1.3187427,1.6118179,1.2116477,-1.1366119,-1.0822023,1.5505378,-0.49098435,1.6085156
-1.536032,-1.0333114,-1.4424334,-0.30213651,-0.53931422,-0.94715048,-0.58066806,-1.1407759,-1.0066184,-0.52147378,-1.2341123,1.0306579,-1.6954459,0.031329796,0.6887898,0.18526619,0.56469634,-0.32778652,-1.6413698,-0.68645792
-1.5675956,-1.2255359,-1.0273409,-1.0212486,-1.4442511,0.6643466,-1.3126611,0.79903027,1.3718178,-0.74231948,-1.5635729,1.1447807,-1.2897195,0.72661799,-1.3226307,0.26101186,0.72670865,-1.2829242,0.19981025,0.71026246
0.018222158,0.45007217,-0.42410381,1.5082418,-1.2451157,0.59877937,0.11197019,0.37496171,1.3153129,1.3821622,-1.7145901,-0.89864415,1.0382842,-1.1703565,0.9562827,0.22339573,0.023976515,-0.29227209,-0.84757222,-0.010323648
0.93458352,-0.35335407,-0.90974883,1.6796713,-1.4053561,-1.6022242,-1.1300574,0.2442254,0.84242882,-0.42750446,-0.84102577,-0.67157459,1.6887916,-1.5727051,1.6824386,1.2454911,-0.27348234,-1.237648,0.6390763,-1.2227872
-1.320822,-0.23766035,-0.20633624,-1.1287164,-0.46139062,1.5760866,0.14533713,1.7044213,0.11567573,0.71462464,0.76093042,-0.24018926,-0.1779013,-0.40972906,0.35196859,-0.086806363,0.54529572,1.6769232,-0.76626608,1.3184512
0.64249385,1.2427278,-0.72983373,0.13298008,-1.5827002,0.53282203,0.44411548,1.0168928,-1.5445598,-1.2612487,-1.5053086,-0.21795237,0.055233598,0.088640099,0.35103804,-0.55446381,-0.1060351,-1.6310752,0.69678133,0.41004864
-0.59440591,0.58790547,-0.04532693,-1.2031549,-0.82581366,-0.25616057,-0.40991145,-1.1105887,0.77905094,1.063103,1.1636397,1.6174135,-0.29405319,0.22226667,-0.39058967,0.23636814,1.6123638,0.34336247,0.14076428,0.10037982
0.1468586,1.4484103,-0.26475063,1.4715204,0.64695164,-1.5181406,-0.8237739,1.8087895,0.77301768,-1.4184248,-1.591299,-0.96386658,-1.4994377,-0.90633695,0.37393386,-0.34805509,-0.79686544,1.5500512,0.59956717,-0.2024748
-0.99586542,1.2731702,-0.80633947,0.083562429,1.6172968,-1.4076008,-0.9482598,1.5142156,0.38442724,-1.0456901,1.2678682,-1.4988356,-1.6203719,1.0978897,0.8810745,0.7652973,-0.80636968,0.4206479,-0.98668017,1.2740064
0.25908058,-1.2662248,-1.6972765,-0.63355458,1.596228,0.80876804,0.572144,0.7051347,-0.57817266,1.6314774,-1.6650481,-0.49374535,-0.17189995,-0.10942101,-1.0232023,0.39485735,-1.4995185,-0.89546913,1.043288,-1.8002928
-1.3274286,-0.41397324,1.1826191,-0.31740641,1.013888,-1.4294027,-1.2835887,-0.25569665,1.2517259,-1.2131158,0.63085959,-0.6876018,1.0054829,0.75607122,-0.42233091,0.16702604,-1.3330241,0.20104779,-1.1351677,0.60249088
-0.42101344,1.4702807,1.5926818,0.88017755,0.58131392,-1.2459678,-0.86650538,0.13824627,-0.94582037,0.65167338,0.32351856,-0.8927224,0.68503926,1.2016124,-1.156371,1.0277557,-1.5429738,-0.62587471,0.13465405,0.6204154
-0.31574375,0.84159535,0.3920688,-0.10979545,-0.96459827,-0.80523107,1.1545413,1.1013437,0.8575204,-1.4872986,-0.20877851,0.76323928,-0.96374894,1.6463589,1.3931509,-0.28841504,-1.5359324,0.16166498,0.15292599,1.1426324
-0.52497978,-1.0960832,-0.57898952,-1.2706966,1.5664378,-1.2508845,-0.0043196093,-0.91537293,0.1505769,-0.67277576,1.4827944,0.2567446,-0.26279977,-0.37925415,-0.0056657571,-0.66794517,-1.4466346,-0.29722664,-1.4878918,0.93142742
0.98952427,-1.6351587,0.16630341,-0.83266278,1.5814664,0.0052945246,1.6568607,-1.4764259,-0.15612107,0.011047838,-1.0874354,-1.1179568,1.5892239,1.2113441,-1.545191,0.50392549,1.795077,0.38745998,0.62771638,0.63306532
1.0196255,0.22826569,1.6660866,1.2570371,0.43242119,0.02346785,1.3388587,0.062809084,1.2861415,1.0296331,-0.60123366,0.78205912,1.0691914,-1.4783667,-1.6567864,1.0597208,0.21789664,-1.4251532,1.319337,0.29247486
0.85923877,-0.54930685,-0.48439583,-0.87395636,-1.5716949,0.62642273,-1.0555271,-0.6246688,-0.95918864,-0.66967809,1.0526763,0.60982206,-1.3494247,-1.2867969,-1.4863545,0.63416656,-1.1659414,-0.57489361,1.0939013,0.5613006
-0.032787831,-0.75586029,1.3031725,0.33524044,0.47826726,-1.4621275,1.6611281,-0.17524214,0.20896361,1.0374756,-1.4495733,-0.10847816,0.82384252,-1.654374,-1.3159225,-0.22750905,-0.81420904,-1.3683815,-1.4644185,1.6097887
-0.29605884,1.5893593,0.62845932,0.31511784,0.37580956,0.28217543,1.1182854,-1.1904893,1.0697738,-1.3771986,0.34355759,-1.2688555,-0.52891265,-0.75136521,-1.1454906,0.84366629,0.5166523,1.3659621,-0.17758627,0.82638081
-0.19107956,-0.56262671,-0.48528523,1.1570798,-0.17605198,0.91359759,0.0056715053,-0.87977746,-1.5128118,-1.3071369,-0.59501632,0.95180189,0.98568153,0.0078862349,-0.97505869,1.4335929,0.48978727,1.048227,-1.5085484,0.91661365
1.4039688,0.16412713,1.6641579,-0.38247264,-0.1954156,0.70065626,-0.82999548,0.15837709,1.3515664,-1.1468113,-0.64611101,0.29471036,1.419472,-1.3869936,-0.80462676,1.4870333,-0.99485832,-1.0177429,1.2146267,0.64203986
-0.83698599,-1.6200757,-0.35253919,1.3661389,-0.83131971,0.055654544,1.3424759,-1.364405,1.0708023,0.39957479,-1.3073783,-0.011579427,-1.4526909,-1.6190143,-0.63419484,-0.014584235,-0.63975488,-0.2752053,-1.1122958,-1.5752035
-1.5498363,0.60483678,-1.5621042,0.84590357,-1.156971,-0.17626049,-1.3606625,-0.70420383,1.4590319,1.6702137,0.23194558,0.9703442,-0.80312544,-0.31601674,-0.46376291,-1.2739528,-1.3728572,0.21136462,-1.4003959,0.16262291
0.20429194,-0.60785475,-0.72781979,-0.69856471,0.78781472,-0.07015975,0.61450294,-0.87837652,0.88141062,-0.79886131,-0.82112475,0.8124241,1.0420693,1.5023539,-0.29333099,1.6656053,1.0780248,1.5400736,0.79981196,-0.28572861
-1.1532168,-1.5062585,-0.73304035,-0.49243691,-0.89638901,-0.34061071,1.7631797,-0.17551364,0.085519554,1.3870073,-1.5852059,-1.3247114,-1.0944973,-1.3174025,-0.12289906,-0.68799633,-0.14850318,-0.56223313,1.6541762,0.50345886
-1.3680949,0.35801926,-0.13763748,1.1936119,0.60609114,-0.20024498,0.29767284,-0.36178437,-0.5140697,0.26890317,1.0899631,1.0100896,0.73925571,-1.2041579,0.047532864,-0.6893537,-0.11151131,1.1937762,-1.4299414,0.90304137
0.18442726,0.24979628,-0.16963215,-0.7587607,0.47371998,0.055829417,0.87109847,-0.54964067,0.59092724,-0.3818856,-0.10225906,-0.32151871,1.7132403,-1.3526005,0.21796479,0.41050935,0.094269335,-0.58196223,0.25014361,0.21988599
1.118216,0.13829467,0.12736049,-1.561631,1.3374471,0.57825871,-1.2073921,0.29002202,1.2105757,-0.71554214,0.882593,0.46588241,0.82708387,-1.0721756,0.38839671,0.39924947,-0.56929695,-1.0387912,-0.42627053,1.4549209
-1.5916676,-0.48528513,0.82511292,-1.3417481,-1.4139816,1.0581435,-1.0331064,0.87988298,-0.48771424,1.5330947,-0.73919175,0.53200334,0.79413706,0.0080169547,0.55882864,-0.23948981,-0.17102027,0.47867021,1.6958868,1.1279904
1.4580729,-0.027077669,-0.85787036,0.83510069,0.51904901,0.15058696,0.8395638,1.4995691,0.61386307,1.4743496,-0.22672324,1.4905696,0.5735901,-0.635403,0.72926056,0.070089863,-1.4541712,0.19322194,0.37069968,0.29788624
-1.3202793,-1.33133,0.81243637,0.15574643,1.5640203,0.83729249,-1.3262694,1.7214643,-0.2910246,-1.2634588,1.0480427,-1.520403,-1.1122797,-0.2821844,0.89969249,1.7764282,1.2246714,-0.30717685,-0.71314718,-0.19910102
-0.14477472,0.13968614,-0.046315156,0.19048324,-1.6328025,-0.28734511,1.0489031,-0.48836855,0.4782176,0.64782634,-1.152859,-0.010136284,-0.2846131,-0.15391045,1.0701244,1.377297,0.80196857,-0.76462939,0.42201109,-1.5920408
1.5168856,-1.3550947,1.1358658,0.30288089,-1.5591146,-0.15716236,1.5641668,-0.3640143,1.6390382,-1.1266402,-1.59782,1.6460509,1.1364771,1.2010242,1.2405563,-1.0033712,-0.18232354,0.89986138,-0.94474837,-0.18755582
-0.84682844,1.2938545,0.50597039,-0.3395872,-1.0757979,-1.5786231,1.5989393,-0.99503465,-0.72300797,-0.61593694,1.3965934,1.3100934,0.58413835,0.68882621,1.4109883,-0.88877159,1.1244762,0.55161441,-1.427142,-0.91078273
0.57611691,1.5929283,-1.1932811,-0.67085099,-1.6551622,1.2723829,-0.57235004,-0.89861232,0.36116428,-0.69340612,-1.4004521,-0.99826612,-1.6693905,1.1960465,1.5814202,-0.52877569,-0.67124648,-0.97608842,-1.727072,1.116803
0.31722609,-1.2521118,1.0889761,0.25010771,1.500307,-1.5554861,-1.3703861,1.1072371,0.85886262,-1.6262617,-1.4629913,0.60050408,-1.1779413,1.6425336,1.7518521,-0.49164483,-0.62341915,-1.0404769,-0.34173993,0.092741474
-0.51319787,-1.5485442,-1.3120284,1.0525854,-0.81214784,1.3937211,0.37981335,-0.45981398,1.4167418,1.3726689,-0.46527671,-0.31214174,-0.64095744,-0.57039399,1.5814202,-0.71865328,0.45222438,-1.0342855,0.38142714,0.47149563
0.56942736,-1.4387953,1.1954728,-1.5272413,0.07642501,0.41970284,1.1505957,-1.0467029,0.93031071,1.5238397,-1.6960175,-1.4553852,-1.571343,0.013954385,1.4109883,-1.5505159,1.1205548,1.4713678,0.89846037,0.63399469
-1.6662241,0.60616097,-0.42043715,0.14429138,1.0490165,-0.50821962,0.66829916,-0.16609802,0.72061365,0.025099552,-0.24435745,-0.14233999,0.45927013,-0.25740612,1.2405563,-1.1250847,1.201604,-0.38519551,1.0550592,0.66999103
1.6566644,-1.0761636,1.0815304,0.83518133,1.714947,-1.5664459,-0.98974155,1.573247,-1.3525409,0.12425582,-1.6061489,-0.80261268,0.46858902,0.8005469,1.0701244,-0.089883311,-0.96601883,1.1422846,-0.65580157,-0.64488187
1.1968762,-0.12579759,-1.4681784,-1.4750327,1.0250508,-0.90330784,0.69814719,-1.535812,1.342761,-0.73462885,-0.79656935,-1.0799529,0.11338053,0.52126409,0.89969249,1.6421572,1.6694649,-0.35589311,0.99428867,1.5057065
0.28630204,-1.188862,-0.32774835,1.8067428,-1.4172345,-1.1691415,0.93568848,-0.58186953,1.174565,1.0783703,-0.8232225,0.96771463,-0.3227336,0.047071209,0.72926056,-1.523713,0.32685309,0.83207388,-1.6170499,-0.10322535
-1.5089938,-1.111924,-1.4644163,1.5184626,1.4705785,1.349485,1.723879,-0.84591598,0.80035451,-0.26019962,0.28561416,-0.43183243,0.23964433,1.3903683,0.55882864,-1.1811028,-0.45573801,1.5358489,1.6823427,0.080849075
0.82178766,-0.87301275,-1.6167838,0.54943971,-1.2455882,-0.14156504,-1.5661002,-0.89973814,-1.162414,0.24359351,1.2195958,-0.72582428,0.10495856,0.10937294,0.38839671,-1.3757382,-1.0201617,0.34902971,-1.0440984,-0.78022235
-1.4828164,-1.4494915,-0.46246402,-1.4558918,0.73617839,0.59573927,-1.465742,0.98487385,-1.5846713,1.5010958,-1.6812125,-1.5826003,1.0064352,1.4897429,0.21796479,1.2477346,-0.72187726,0.78779134,0.78831035,-0.64940947
-0.58952099,1.2140204,0.86184427,0.058197925,0.72082446,-1.665545,1.5257366,-1.3388876,0.65944132,1.5146399,0.50088536,1.3428833,0.98543566,1.0409853,0.047532864,-1.6561554,1.2917927,0.30359934,0.71833993,-1.1916341
0.97631111,1.1527532,1.0446763,-0.33446451,-0.029340432,-0.18528662,0.97921249,0.56197817,-1.1367499,1.3878913,-1.5368611,0.60555855,-1.0047299,-1.2371268,-0.12289906,0.54182646,-1.0732966,-1.1503404,0.56704609,-1.1440891
-1.5423136,0.56409471,0.3643712,0.56251817,1.0625487,-0.92857361,0.30894417,0.27074914,-0.23218262,0.015941246,-0.84237137,-0.51689809,1.1180783,-1.1937313,-0.29333099,-0.92639124,1.4663088,-0.68616529,-0.051908389,-1.2469999
0.44827907,-0.87046349,1.3903988,1.7967359,0.91135497,-1.3131795,-0.078548511,-0.87154558,0.9567842,-1.6192963,-0.32255383,-0.83643982,-0.43741026,0.76494296,-0.46376291,1.5640344,-0.61431394,1.7736122,-0.73312293,-0.84710526
-0.20615611,-0.59145454,-0.027988672,-1.4426872,0.35555908,-1.2608488,0.075761714,0.59326221,0.74178232,-0.27352268,-1.6828444,-1.0769313,1.1176212,-0.33430375,-0.63419484,-1.5981998,-0.82107837,1.5538648,-0.66749326,0.36177413
-1.7411402,-1.1349523,-1.6968028,-0.22972461,-0.86016825,1.4569545,-1.1485359,-0.50474181,1.2340713,-0.55232954,-1.4375561,-0.44405752,-1.2411511,0.78635349,-0.80462676,-0.90376952,-1.1765017,1.4252419,-0.19017306,-0.44569207
0.85775566,-0.0066730024,1.1017277,-0.16601181,1.3247469,1.4812483,1.487513,-0.053211927,0.70542427,-0.22198131,0.96081353,0.48699185,-0.48978441,-1.4111974,-0.97505869,1.1776787,-0.83530548,-0.64077261,1.0533588,1.5391567
-0.54207876,-0.1519912,0.55930393,0.030179159,-1.5780741,-1.416294,-0.29324232,-0.31494519,0.99834928,-0.2045971,1.037547,-0.29490382,0.030694905,0.69280628,-1.1454906,0.74754594,0.91048129,-1.5368189,-0.80402993,1.5702537
-1.4072434,-1.6373504,1.3971698,-1.2058302,1.0630042,0.16166449,0.98465172,0.69450276,0.026812471,0.040846864,1.1047612,-1.0702498,0.69271669,-0.25793244,-1.3159225,-1.4933831,1.3572113,-0.84528294,1.4255817,-0.068316191
-0.98025993,-1.5115907,-1.0041278,-0.93649806,-0.73241286,-0.16804483,-1.2024846,1.6202382,1.0790445,-0.15982777,1.1657858,0.072729968,-1.697354,-0.19979654,-1.4863545,-0.11214283,-1.1969824,1.4353257,-0.0087427982,-0.56021472
-1.1257672,1.4470117,1.3796509,0.41622873,1.7359132,0.88234579,-0.53700859,-0.39608388,-0.34859855,1.5650624,0.40817035,-0.28570031,-1.5242049,-1.4544175,-1.6567864,0.80263914,-1.5759204,-1.4967097,-0.70493915,0.98817847
1.5531544,1.5605881,0.71735538,-1.3632767,1.0719275,-1.7154712,0.20006811,-0.82200588,-0.70309383,0.32312435,0.97086409,-1.4804771,-1.3510558,-0.32386681,-0.02708905,-0.97595648,0.90848619,-0.85823123,-0.21730276,-0.41200688
-0.99184132,-1.4991595,1.4760405,1.7364382,-0.44535186,-1.314824,-1.0952139,0.94198408,-0.47257208,-0.08104286,1.1334155,0.64114798,-1.1779067,1.3638391,0.75864984,-0.414162,1.1914393,-0.50356666,-0.19686045,1.1157649
1.0430199,-0.70332084,0.068455389,-0.60869147,-0.8333879,0.36427151,-0.622668,1.0855062,-1.4423721,0.31296457,0.14104884,-0.38662666,-1.0047576,1.3026347,-0.57398465,-0.96483727,-1.2086916,-1.2016162,-0.79789896,-0.013869273
-1.1068255,0.5618712,-1.5977758,-0.18711266,0.1385016,-0.70879542,0.16968497,0.16769135,0.17591727,0.093576188,0.14662099,-0.22162614,-0.83160846,1.0635551,1.5784853,-0.3713133,1.6687872,1.5710172,-0.73733581,0.02909557
0.78429506,-1.2682182,-0.25121875,-1.2266681,0.98502577,0.27810291,-1.4150718,-0.55035019,0.38383032,0.66416417,0.65977265,0.022473201,-0.65845935,0.36903059,1.4008271,-1.5449141,-0.68732422,-1.3289336,1.2332823,-0.3536987
1.0168494,-0.31584814,-0.95144856,-1.5269924,1.6599345,0.56213678,0.076632127,0.98381319,-1.1791851,-1.0474962,0.10500757,1.6752537,-0.48531023,0.12263068,1.7077137,-1.6985857,-0.51540865,-0.65968623,1.1867747,1.5729471
1.446004,-0.92441566,0.53170857,-1.4707936,-0.34370568,0.56045195,-0.42746533,-0.86212634,0.028778591,-1.1613983,-0.89709917,0.54200821,-0.31216112,1.6995103,0.52021217,-0.72349903,0.4031656,-0.97451913,-0.84811136,1.562696
0.87414938,-1.5732791,-0.78629552,0.28258998,-0.95964694,0.72779854,-0.71606968,-0.59410152,-1.3413883,-1.3110427,-1.4671143,0.264557,-0.13901201,-1.1624892,-0.83271053,0.78189875,-0.54916366,-1.2453128,-1.1561595,0.42623016
1.3390922,0.53159879,-1.6578156,-1.4809758,0.23021087,1.2702575,1.3495001,0.84412461,-1.6571682,-1.0277223,-1.2673658,-0.41712694,0.03413711,-0.38283863,0.06111288,1.3471675,0.98336773,0.47506909,0.22577872,-1.6849039
-1.4993103,0.9970433,-1.6602453,-1.4009658,0.92129873,-1.4247249,1.3153644,0.28632962,1.4564554,0.6738543,-0.39372206,1.1074289,0.20728622,0.99677449,1.1817403,0.41552389,0.8812015,-1.0866131,-0.14646834,-1.0676775
-0.12036045,-0.43849566,-0.85546795,-1.5733806,-1.2661846,-0.085097927,-1.0129819,-0.43348572,-0.38526687,0.18142616,-0.67665604,-0.55747261,0.38043534,1.2719775,-0.15822619,0.36652481,1.6441787,-0.95572201,1.0179831,0.23549235
0.16029302,-1.4949957,-1.3837907,0.97738595,-0.75132791,-0.71890105,0.19594974,0.84123585,-0.50608381,-0.6570837,1.4389693,-0.18148178,0.55358445,1.0322718,0.27610934,-0.58602099,0.84220764,1.6158754,1.5699981,1.3887184
1.1242453,0.96142099,0.96324991,-1.2621342,1.5488068,0.053707402,-0.98191461,-0.1941856,-0.57128618,1.6301478,0.18406996,1.636837,0.72673357,-1.0474318,-0.99479129,-1.149855,-0.45187853,-0.89174465,-0.41008602,0.84810347
-0.28275925,-1.1047578,-0.69567518,1.0721855,0.24153456,-1.0752045,1.2840871,0.10031591,-0.03916555,-1.2418063,-0.44329519,-1.659191,0.89988268,0.76863408,-1.4353817,-1.2739106,1.4824485,-0.99833933,0.90450148,0.14720593
-0.98326417,-1.193479,0.4886185,1.1428583,1.6660124,-0.085252622,-0.29041094,-0.58215189,-0.073844142,-1.5884682,-0.028051171,-1.4857363,1.0730318,-1.1756679,0.70879169,0.11906433,-0.60565934,1.2698864,1.308378,-1.4595831
0.62503188,-1.5110029,0.16134524,-0.17339605,-0.6589886,0.28416629,0.78436204,-1.2832446,-1.2625682,0.14314914,1.6175713,-1.3122816,1.2461809,-0.84937065,-0.26657658,-0.50906212,1.203176,0.54858207,-0.11878568,-0.4307766
-0.054795937,-1.0354959,0.88881262,-1.2150518,-1.1663463,-1.2855026,0.43421581,-1.3873884,0.97897472,0.40558363,1.2502788,-1.1388269,1.41933,-0.67370046,-0.19857765,0.10048308,-0.23729538,1.6017793,-1.3050515,0.065049825
-0.3817335,-0.74103566,1.7035744,0.22952579,-0.23046187,-0.64163415,0.19258325,-0.54566591,-1.7009423,-0.2190425,1.624734,-0.96537217,1.5924791,0.91599999,0.18483623,0.27615748,1.1663423,-1.536675,0.72991066,0.61660675
1.422945,-0.77669337,-0.71899391,-1.0815007,-1.3179921,0.018705927,-0.88111951,0.8511076,1.5128625,1.5999517,0.42243022,-0.79191746,1.7656283,-1.2835736,0.7112016,0.23754969,-0.24974754,-1.0680936,-0.62168382,-0.14670923
-1.3774672,-0.0033802138,-1.0587495,0.72895126,-1.6778713,-0.40023563,-0.45200283,1.049585,1.1228051,-1.2259623,-0.46123993,-0.61846276,1.5924791,-0.24029559,0.35502955,-0.091107058,-0.48539618,-1.0448798,1.5871019,0.40165978
-1.1716226,0.64881144,-0.96234631,1.3961422,0.20906668,1.2847787,-1.3715207,1.0425441,-0.99529714,1.7234852,0.97011194,-0.44500805,1.41933,-0.96622725,-0.95143,-0.24672327,0.66593382,-1.449967,-1.6522113,-1.0312498
0.45338179,1.6268369,-0.92659979,-0.39126641,1.6967887,-1.3049471,-1.1782823,-0.2081769,-1.5117495,-1.0222349,-0.034230561,-0.27155334,1.2461809,1.382071,-0.54517142,-0.10783511,-0.98843272,0.70321116,-1.0734537,-1.3753368
1.5440898,0.38773225,-0.79585746,-1.5732299,-0.76569226,-1.3984469,0.97614742,-0.73745353,0.80407766,-0.76134058,-0.17620474,-0.098098635,1.0730318,-1.2944268,0.75140308,-1.3813295,-0.71224231,-0.91304988,-0.092374834,-0.6565919
-0.70787246,1.5867357,0.79565015,-0.41835952,1.1595483,0.072428887,-0.75333146,-0.71284839,-1.0035022,-0.41003737,0.61876302,0.075356072,0.89988268,-1.5137746,0.078456032,0.62825882,0.73094651,0.66181021,1.365181,0.74191357
-1.5756023,0.27314675,0.49928452,-0.66760416,1.4394152,-1.1650421,0.470807,-1.3264348,-0.093279397,0.74116024,-0.71287328,0.24881078,0.72673357,-0.062905406,0.71514539,1.6560896,-1.2340603,-1.6057302,0.020031958,-1.0224121
-0.14599509,-1.2046143,1.6139117,-1.0796003,-1.6394933,-1.4473709,-1.28536,-0.45727636,0.35060187,1.0794581,0.0098152809,0.42226549,0.55358445,0.3844968,1.2944265,0.33910305,0.13848484,-0.53208442,-0.24110431,0.0017511181
0.24379314,0.74017038,-0.92533895,-0.0018893715,0.21036101,-1.1131351,-0.17222791,0.054798023,-0.51453847,-1.1289022,-0.55189859,0.59572019,0.38043534,0.30087398,0.21782163,-1.4312323,-1.157593,0.4474833,1.2765101,1.2276958
-0.508752,-1.242322,0.58059169,1.1182021,0.66450046,1.1629663,0.69230832,0.31453667,0.94935139,-1.3416912,0.95104588,0.7691749,0.20728622,0.80578601,0.30343299,-0.49353672,1.4849802,-0.51877293,0.76508941,-1.11968
0.55859962,0.83878409,0.29944815,-1.016431,-0.4179894,-1.3605365,0.74636194,1.1775447,-1.1834073,0.13294102,-1.2906515,0.94262961,0.03413711,-0.84453745,0.2951909,-0.050463209,0.74825915,-1.4698811,0.9478295,1.376833
0.032610743,0.050161236,-0.39371074,0.42659333,0.9401727,0.69262556,0.23284236,-0.43993294,0.73079498,-1.2358389,-0.67147722,1.1160843,-0.13901201,0.95775808,-0.38465523,-0.13644545,-1.419656,0.023835426,1.1512642,1.6014103
-0.8267667,0.31213266,-0.95690425,1.2619845,0.42274794,-1.1637372,-1.0940623,1.5672016,-0.44157617,-1.1596854,0.8904147,1.289539,-0.31216112,-0.23145136,0.35985618,-0.4900835,1.5088388,0.19909133,0.91664591,1.4792879
-1.0050441,0.75266528,-0.8994815,-0.58786762,1.6270899,-0.91993085,-0.56873969,0.91164124,-1.4802646,0.47849093,1.3493664,1.4629937,-0.48531023,-1.4761789,1.1454724,-0.59925362,-1.4719207,-0.84765742,0.46412605,0.52744707
-1.0300737,0.71270216,-0.22486378,1.0520524,0.49228235,1.4227534,0.18385541,-1.2884248,-1.4207717,0.51523465,0.57566945,1.6364484,-0.65845935,1.1389357,0.086302718,-0.55234335,-0.47519366,-0.44485221,1.1371084,-1.4084083
-1.4583018,-1.1805592,-0.34716869,1.1476409,0.64777344,-0.55333009,0.72162462,0.91729568,0.67694418,1.426234,-0.030480144,1.8099031,-0.83160846,0.99430802,0.72689838,-1.6194466,-0.69370509,-1.2694448,-0.73376229,0.97466581
-1.6646892,1.4351612,-0.28080419,-0.71491804,-0.85576136,1.6225927,1.3416969,-0.027292725,-1.556225,-0.28353051,-0.58691169,1.6364484,-1.0047576,0.87972525,0.4809617,-0.5702213,-0.26706362,-1.4197601,0.40100199,-0.064423368
-0.39536497,-1.2529439,1.0299961,1.0617052,1.2645776,0.34883225,0.05952192,0.36445285,0.56648057,1.364039,-1.2821225,1.4629937,-1.1779067,-1.6842641,-0.13030262,1.3654604,-0.5946347,1.5090991,1.369895,-1.1008647
-0.46996989,-0.032753304,-1.6379557,0.020042474,1.5202664,-0.40904653,-0.55999492,-1.1675168,-1.709171,-0.6800209,-1.3607501,1.289539,-1.3510558,1.4227627,-1.1148538,-0.19569868,0.00026924197,0.45433606,0.63167006,0.83669153
1.2429701,-1.6703243,-0.038896644,1.7917394,0.36012006,-1.1082084,1.1054257,-0.76695291,1.1990386,0.88360781,-1.225359,1.1160843,-1.5242049,-0.72148542,1.1536224,0.63752834,0.77627996,-0.67674617,1.6684979,-1.32291
1.2623058,0.035754401,1.1577226,1.0773398,0.095117498,1.096602,-1.2846352,-0.15247958,-0.4904459,0.34012868,0.04611187,0.94262961,-1.697354,-0.59707115,-0.58847136,0.93953345,0.62146033,-0.37845583,1.4228826,0.5016878
0.73827716,-1.5480096,-1.2426652,-0.54190015,-1.3871772,-0.58959266,-0.60009824,-0.70401559,-0.88880287,-0.24325399,1.5461685,0.7691749,-0.99622825,-0.29866541,-0.63802615,-0.79100904,-1.4842284,1.0466509,0.39552767,-0.48505518
1.6757616,1.6912552,-0.46185064,-1.5118347,-0.76263107,-0.83015046,0.75976019,-1.4164389,1.3079813,-0.56351151,1.2674507,0.59572019,1.647454,-1.3813451,0.3666121,-1.3505318,0.14354826,0.66023065,-0.021454011,-1.6072544
-0.88727689,-1.4489746,-0.5363663,-1.4103276,1.2972852,0.83176382,-1.416711,-0.69324247,1.5644268,0.58924702,0.68239936,0.42226549,1.5322371,-0.36634042,1.5736178,-0.32190982,0.26931514,-1.4668488,0.64487894,-1.5149278
0.85856463,-0.30713819,-0.23576152,-1.6097514,0.62840982,0.76653961,-1.1805922,1.4107053,-1.5406882,0.57033644,-0.081502384,0.24881078,0.9140255,-0.82871004,-1.2114887,0.45859062,-1.5085033,-0.23404077,0.51743158,1.6170518
-0.58347446,0.23869285,1.7019047,1.374589,-0.77481765,-1.0558878,1.2077347,1.0993455,-0.29376301,0.27534023,-0.9914013,0.075356072,-1.4344306,1.4932826,1.6080587,0.7750943,1.7683667,-0.15446995,1.1749897,-0.90072452
-1.0096421,0.36296198,-0.28002043,1.5909377,-0.17939053,1.032417,-0.58946024,-1.1933672,0.86710144,0.036671754,0.36347241,-0.098098635,0.50620047,0.056307594,0.14565052,-1.2139575,-0.73740119,-0.60738939,-0.76215343,-0.10221532
0.93855922,-0.87164606,0.046400907,0.30411159,1.1375687,1.4296978,1.0312679,-0.08946985,0.74832819,-1.1669927,-1.0765568,-0.27155334,1.5493754,0.50598708,1.298902,-0.20199324,-1.4027527,-0.79037178,0.53170491,1.0883678
-0.3748296,1.2642124,0.95106065,-0.45076115,1.4644732,1.6063497,1.3283461,0.21276036,0.83029148,-0.12535635,1.1250142,-0.44500805,-0.85476543,0.30027886,-0.50736621,-0.54184656,-1.3597446,-1.2227021,1.5739276,-0.50034941
0.71180936,0.075876852,-0.80204921,-0.97197821,0.7937796,-0.5795711,1.6545576,1.6879684,1.5019257,1.0615386,-1.73554,-0.61846276,0.3316627,0.40203389,-1.1769114,1.1923003,-0.77936361,0.5900858,-0.072437101,-1.2865384
-0.48122631,1.2846383,-1.6440145,-0.88398084,-1.1760367,1.2342976,-1.3458655,1.1170039,1.5885936,-0.89624946,-1.3309331,-0.79191746,1.6259073,1.662692,-0.07778573,0.92834742,-0.37669084,1.6513453,0.62121563,0.79835249
-1.5241913,-1.6472146,-0.035311769,-0.021612254,-0.5618041,-1.1415116,1.3904874,-1.0292907,-0.039856896,-1.2634934,0.082022032,-0.96537217,0.50325693,0.89077107,1.6732966,0.097311184,-1.081222,-1.2424655,0.48790687,-1.2931667
-0.4604766,-1.2564633,1.3363564,-1.3255385,-0.79479077,0.85037769,-0.307765,-0.055485287,-0.5456659,1.1495475,-0.85362262,-1.1388269,-1.4992437,-1.0053434,-1.5978987,0.39342613,0.53116148,1.7781248,-1.7022786,-0.64425411
0.20731693,0.91464923,-1.6325409,-0.76089953,1.0478557,0.089667315,0.72199378,1.0060508,1.5591355,-0.26672992,0.65616369,-1.3122816,-1.3991636,0.93938851,0.29536474,-0.73964686,-0.90415358,1.3651877,0.95487631,-0.82530195
-1.6428194,0.2470098,0.28321739,-0.92813556,-1.1553685,-0.85530861,1.2820449,-0.055948647,-1.110273,0.72546818,0.1095757,-1.4857363,1.3417384,-0.56159105,0.27329381,1.7230616,-0.93433116,0.63540996,1.6078932,0.13589921
-0.68727832,0.36081636,-1.1752409,-0.66403827,1.0310191,-0.43931635,0.75846643,0.18591805,-1.3764312,0.25748637,-0.47192189,-1.659191,0.0076833881,1.3042962,0.87007824,-0.0019810553,-0.7504622,-0.10251233,1.7046547,1.0291232
1.0799041,-0.75136014,-1.3970091,0.486614,-0.63307114,0.80878149,1.1700089,1.7806296,-1.0089622,-0.98619562,1.6727787,-1.3667151,-0.79302392,1.0439265,-1.263242,1.6752827,1.6275196,-0.68320832,-0.079998855,0.33365111
-0.49711184,-0.52868266,-1.0350491,0.30190964,0.57652352,0.0043495386,-0.62607514,0.38618733,-0.48897215,1.1205772,1.2999003,0.4886466,-0.68130464,-0.039561605,-0.3913123,-0.11080304,-1.2112715,-1.5479306,-1.4767185,0.45532814
-1.6849584,-0.56568936,-0.89283994,0.8223413,-1.2172876,1.2359219,-1.2953816,-0.63392876,-1.4633081,0.69644962,-1.354519,1.3102114,0.58512876,1.2197377,-0.51188266,-1.5416156,0.020887552,0.067771894,-1.3317146,-1.3544523
-0.11283773,1.0798941,-0.58870821,-1.4990578,-0.026248416,-0.17772001,1.5085519,-1.3325418,1.5244198,-1.1450743,-0.37937593,-1.288664,0.81909131,-0.91839757,1.574412,0.33876195,0.88140789,-1.3904953,-0.34611178,-0.92695022
0.93545817,-0.63684192,-1.3960754,-1.1630605,0.21101503,-1.5680702,-1.0107805,-0.75427567,0.40000781,-0.23204439,-1.0535747,-1.3686336,1.4358138,1.4037086,-0.6241189,-0.59911648,0.18981047,0.34182746,-1.2201407,0.73412091
-0.23510959,0.75748408,1.1255405,-1.306012,-0.78453884,0.16939925,1.7401696,-1.2995527,0.48315482,1.5320448,-1.3475392,1.3288751,1.1796709,0.11840981,-0.83471481,0.0017956788,0.75424788,-1.5912675,-1.2892437,0.99088941
-1.4166814,-1.1587029,-1.1454885,-1.3685992,-0.19842886,0.52941201,-1.1840095,0.094317566,1.4489754,0.82861653,0.46447837,1.7799406,-1.530324,0.98193436,1.6526301,0.78572472,1.7654497,0.29762373,-0.61421192,-0.83361365
-0.25549976,-0.83463229,1.3743316,1.5954152,1.2630504,-0.19690894,-0.76918854,-0.067290108,-0.23503569,-0.89351095,-1.4065625,0.49848842,-1.1626661,-1.6063517,-0.31410323,-1.022923,-1.0365421,0.95896643,0.75419951,1.0219654
-1.4602655,-0.50211021,0.97831525,-1.296282,-0.088520183,0.30072204,0.981546,-1.384706,-1.0188231,-0.36753689,-1.2704124,-1.4631421,0.98232244,-0.92419052,0.47706563,-1.6398845,0.46931343,-1.6388633,-0.88124069,1.3456378
1.6022077,0.6131431,-0.12003001,0.039088643,-0.82019119,-0.92327025,1.5282767,0.80620873,1.1031202,1.018793,1.598143,1.7032389,1.0381769,0.17941811,-0.097460392,1.5657645,-0.50154272,-1.4675443,0.13075913,0.92505862
-0.61860584,-0.91644215,1.6734165,0.30308425,-0.72055842,1.0403636,1.3639788,1.8682806,1.3467675,-0.67592867,-0.46358264,-0.94371462,1.6386857,-1.5367228,1.6017186,-0.86450414,0.81181679,-1.2962254,0.82434965,-1.1838485
0.11424747,-1.3350405,-1.1287602,-0.70596648,0.37898033,-0.19496852,-1.479252,1.1723971,-1.1360721,1.2163423,0.45365495,-1.1290232,0.68721402,1.3486481,1.443868,-1.3337757,0.22634485,-1.1249064,-1.0199512,0.58634092
-1.3746565,-1.5128901,-1.5038261,-0.22937047,-1.6549431,1.4356334,1.2982135,1.3384212,-0.48322892,1.5143291,1.1161574,-1.2362807,1.4072027,0.79298924,-1.1450884,-0.58794804,-1.3521942,-0.95358738,-0.73442584,-1.7845286
0.64765535,0.4104879,-1.4394585,1.492758,0.40107301,0.87952765,-0.92274689,0.41871304,0.01456047,1.4205946,0.67239365,0.84582107,-1.1634661,-1.2858578,0.72519065,-0.19655319,-0.50399532,-0.78226839,0.72004029,-0.82839867
1.2132215,-0.94567361,1.5062393,-1.2772323,0.023247811,0.097973775,1.5576574,-0.42803038,-0.2552466,1.4917994,1.2390621,-1.2081463,-0.69296451,-1.2284167,0.30922768,-0.47291941,-0.4787814,-0.6109494,0.33049589,0.64895926
0.58231555,0.95124167,1.6501523,0.34710222,-1.3938954,-0.040212773,-0.10599529,-0.49129713,-1.342363,-0.23502119,-1.6330022,-1.3332384,-0.62762149,-0.30888219,1.0337679,1.0615986,-0.53085347,-0.43963041,0.37275946,-1.4463335
-0.33914508,-0.77618352,-1.0965747,1.5600367,1.3482435,0.16829957,-1.0471922,-1.6051024,-0.049603189,1.6966699,0.44997353,1.4243931,1.702744,0.62496616,-0.86409387,-1.6896221,0.50216376,-0.26831142,1.4418872,-0.90906778
0.73264895,0.027618027,0.37269275,-1.0565149,-0.58886181,0.59375514,-1.0672455,-1.0313976,1.5825299,1.6035466,-0.26344076,-1.2007814,1.244394,0.91064048,-0.69578893,1.763403,1.7350176,-0.096992431,-0.51331365,0.90441613
1.0400191,0.55507318,-0.81606158,0.78088643,1.25336,0.75384451,-0.001190189,-0.070823229,-0.60775215,-1.6957191,0.84888064,1.4246047,-1.2840852,-1.6460699,1.5906474,0.3125569,1.326676,0.074326559,-1.2969575,-1.7735937
-0.63933827,0.6574258,1.3469577,1.0339354,-0.56619045,-1.0824247,0.61436408,0.262615,-1.2567069,-1.4084066,0.600839,-1.4586253,1.1496434,-0.98193426,0.94263792,1.7457396,-1.5315776,0.24564555,1.1508391,-0.57132154
0.12794809,0.99857285,-1.5454338,-1.5453268,1.3284724,0.95313231,-0.63916858,0.21536314,-0.55783697,-0.24455591,1.0877619,-0.27734673,-0.035174481,-1.0899776,0.49371001,-1.508789,-0.27029362,0.41696454,-0.71229354,-1.6751754
1.0633652,1.2626226,-0.30634814,-0.34372813,0.4312467,-0.70308178,-0.69463112,-0.63550708,-1.3542609,-1.5172461,1.7058424,1.3357959,0.11687468,1.2577359,-0.82806797,0.75455787,0.31227511,0.58828353,0.87696398,0.45706062
0.65786081,0.17891281,-1.0735149,-1.1846558,0.054760352,-0.33835418,-0.94901167,-0.095352351,1.4574772,1.4630847,-1.7358437,-1.3525196,-0.83584369,0.70716482,0.74101014,-1.4995159,0.53236886,0.75960252,1.148762,1.2956519
-1.6212261,0.39669359,0.64603611,-1.2764119,1.2561747,-0.96318498,-0.75969529,1.2362177,-0.34845691,0.41821947,-1.5633314,0.90595088,-1.1943212,-0.024122911,0.4445029,0.54633463,0.84309856,0.93092151,-0.63415657,1.4445576
1.2980595,-0.35630695,0.065010228,0.50921204,-1.1800532,-0.58264483,-0.85304955,-0.38016674,0.18436518,1.1185052,-1.390819,-1.4669165,0.4623418,-1.3575438,-0.3390681,-1.3496984,0.41011405,1.1022405,-1.4210456,-0.46937868
-0.74748774,0.62814476,1.2519142,-0.39114019,-1.0524006,1.39625,1.062684,-0.34170423,0.2561505,-1.5795861,-1.2183067,0.28199613,1.4020324,-0.12945553,-1.6061954,0.15746113,-1.112005,1.2735595,1.3290553,-0.9259437
-0.088544464,1.5206392,-0.50465787,-1.1600521,1.4033143,0.70928556,1.3380222,-0.93226747,1.2076282,-1.5643741,-1.0457944,-1.1231951,1.3705193,0.84120076,0.22014291,1.5640836,0.47084416,1.4448785,0.93906851,1.1316904
0.31256587,-0.54721788,0.22141577,1.8164938,0.13710797,1.0257214,-1.1812831,1.3484812,-1.5668548,-0.95638278,-0.87328212,1.7378882,-1.1409948,1.662176,-0.10199729,-0.84184725,0.72826689,1.6161975,1.0773021,0.46220195
-1.0407252,-0.27157607,0.19215745,-0.88772556,-0.90111778,1.1869508,-0.35268437,-1.0925394,-1.4325381,-0.65639648,-0.70076981,0.15830905,0.50121377,-0.03109234,-0.59875522,-1.2434189,-0.32608758,1.7875165,-1.625448,1.5267488
1.4901205,-1.3029553,-1.4679433,-1.0658977,-0.83517531,-1.320578,1.1339291,-1.2959761,-0.28670116,0.41258013,-0.52825751,-0.55962345,0.55718596,1.4297975,-1.133949,-1.2035487,-0.064984235,1.6161975,1.616084,-0.21141076
1.1938892,-1.293948,-1.5213143,-0.17620109,0.54394265,0.76536594,0.36164307,-0.81492154,0.032933412,0.66521399,-0.3557452,-0.27126541,-0.75461252,-0.14128911,1.7389436,-0.0040839296,-1.1012968,1.4448785,-0.28805769,0.43252882
-1.2451765,1.2966694,1.2412107,-0.2194617,-1.6339667,0.77047761,-0.85372692,-0.79855913,-0.37572293,-0.82701309,-0.18323289,1.0478403,-0.25732826,-0.16411692,-0.36316376,0.76222035,-0.82881453,1.2735595,-1.6277773,-0.50433342
-0.60294157,-0.69188813,0.99094409,0.21523064,1.1859315,-0.33070349,-1.1797116,0.39814781,-1.0209444,-0.49015528,-0.010720584,-1.6411274,-0.78749353,1.0472564,1.5493517,1.18775,0.54273649,1.1022405,-0.88576461,-0.59171152
0.12051179,1.0459501,0.34445333,-0.094108312,0.66669534,0.70921494,-0.030973871,0.88967146,0.98117691,-0.65862735,0.16179172,-0.60133931,-0.16573238,0.84406971,0.68781493,1.5860653,-0.74703614,0.93092151,-0.63779229,-0.2771153
1.462543,1.6362691,-0.97151637,1.1784156,0.38689699,1.5322305,1.7184466,-1.2600585,0.24991153,1.0745785,0.33430403,0.36694037,-0.38124762,-0.87569004,0.78458277,0.17504369,0.9970376,0.75960252,0.44366301,-0.7649667
1.5598751,1.5137845,-0.73561996,-1.2843817,0.44835038,1.1274066,-1.5916808,-1.1021251,1.0511411,0.39314464,0.50681634,1.410378,-1.4520294,1.4947343,-1.5457875,-0.76291914,-0.99417035,0.58828353,-0.15306241,1.3989976
0.90456524,-0.030069504,-0.42639377,0.61318056,-1.0120469,-1.1671136,-0.17094092,-1.3945487,1.1739849,-1.1766829,0.67932865,1.5708097,1.611387,-0.92020357,-1.5046657,-0.97961365,1.573339,0.41696454,-0.50118305,0.92720844
-1.1982702,-0.22580985,-0.06763358,1.5834447,-1.358404,-0.50148029,1.14074,-1.1339087,1.40997,1.6579336,0.85184095,0.83017892,-0.11114885,-0.061243889,-1.039649,-1.2859159,0.256261,0.24564555,-1.4900898,-0.23170254
1.1717221,-1.4587396,-0.66653955,0.13829913,-0.83798655,0.31076714,-0.99828311,0.72693796,-1.4374821,0.6089726,1.0243533,1.0893792,1.5073764,0.48296664,-0.080597857,-1.1135576,0.71826388,0.074326559,1.6882801,1.3873261
0.82163554,1.4183397,0.24432557,-1.517564,-1.1297763,1.5805559,0.7345521,-1.37878,1.3441066,0.98754352,1.1968656,-0.72440889,0.14507721,-0.40662963,-1.277139,-0.11212877,1.1346925,-0.096992431,0.78422535,1.2005022
0.3597903,0.94248569,0.51665686,-0.2131118,1.0258452,-0.31784025,-1.4684921,0.52939093,-0.19946341,0.54190839,1.3693779,1.3298568,-0.78247913,-0.19204623,-1.3435052,-1.0355473,1.2707892,-0.26831142,-0.32439075,1.1159963
0.65959974,1.0208753,0.9871309,0.068499406,-0.78195017,0.62584094,-0.41541841,1.5368768,-1.4393909,-0.87680705,1.5418902,1.1852962,-0.14462204,0.88828052,0.11593742,-1.2975169,-1.3168156,-0.43963041,1.6580365,0.95909802
-1.7167778,1.1793753,0.50345552,0.23486587,-1.0609541,-0.69538738,1.6415387,0.84322685,-0.65417351,-0.92367258,1.7144025,-1.0201006,0.68460985,-1.3082108,-1.4078092,-1.6761503,-1.0587152,-0.6109494,-0.11656692,-1.7109402
-1.5759895,-0.15439883,1.6494401,0.37325213,0.60099257,0.38150993,-0.41743696,1.2237902,-1.2804858,0.16834484,1.5418902,0.35595722,-1.1658728,1.4659381,-0.35579429,-0.29349992,1.5415687,-0.78226839,-1.3206899,-1.0011418
0.10217171,-0.71283452,-0.78149411,0.62112582,1.6459947,-0.91208511,0.027689212,-0.1624925,-1.0951612,-1.7103406,1.3693779,-0.62148434,0.12410193,1.1488945,0.51663992,0.45897392,0.054608155,-0.95358738,-1.0534572,-1.3375449
-0.70470227,-1.6321634,0.99390537,0.47086024,0.61838045,-1.696067,-0.69268031,1.0288134,1.3427813,-1.3972903,1.1968656,1.2652276,1.1435347,1.2177941,1.0244793,0.45569301,-1.2402348,-1.1249064,0.10439667,-0.30481046
-1.5902329,0.92900296,0.93617932,-0.95154355,-1.3562982,1.5400426,-1.310734,-1.6702769,-0.30673671,-1.4144914,1.0243533,0.14836316,0.13826899,1.0510301,0.59574078,1.3022054,-0.2522827,-1.2962254,1.6779915,-0.59863092
1.4668505,0.41163152,-1.0006384,0.66965989,-0.72177399,-1.6738817,-0.69999923,-1.6695964,-1.418175,0.87262268,0.85184095,-1.3143943,-0.88056811,0.52627616,-0.98339621,-1.4811914,-0.31055677,-1.4675443,-1.4324124,-0.30805447
0.7834688,1.4439455,1.2391831,0.37897089,0.72169077,-0.63620973,0.49721402,-0.66673682,-0.27443904,-0.43892126,0.67932865,-0.95273426,-0.035271444,-0.71518335,-0.883956,-1.3269677,1.0137242,-1.6388633,0.15543851,-1.0224752
0.93530952,0.57126804,-1.1293225,0.53786194,-0.24045357,0.37406775,-1.0662193,-0.6061706,1.0062846,1.3982479,0.50681634,1.3817233,0.43397997,0.24810447,-0.643572,-0.6028475,0.58863064,1.3688471,-0.039522042,0.53459093
-0.11284811,1.6129753,-0.010149485,-0.18870802,-1.4371974,0.58862329,-0.24447891,1.7092649,0.62216259,-0.41090071,0.33430403,-0.20053058,0.28248142,-0.52042464,-1.0867461,-0.93901904,1.6098183,0.34325968,1.5977844,0.40538427
1.6311024,1.094223,1.6992535,-0.78153756,-1.6228074,-1.169693,-0.1187873,-1.3690277,1.592138,1.392284,0.16179172,-0.64404039,-0.6314654,0.48450087,1.1339273,-0.43882682,-0.45196797,-0.62039593,-0.69291223,-0.6100639
-1.5425936,0.69079626,-0.72465065,1.7625706,-1.2167431,1.6160282,-1.519423,-1.3082878,-1.6418305,0.26678281,-0.010720584,-0.87016288,-0.88953031,1.6238304,-0.79682098,1.7550548,-0.42279481,-1.4101765,-0.49830419,1.1370526
-0.088160722,0.9861948,0.24860221,-1.1902623,-0.078764752,-0.67979679,-0.020579725,-0.059796708,0.31663485,-0.23264182,-0.18323289,0.80925335,0.92630524,0.40246733,-1.4910754,-1.7177366,-0.32504875,-0.48357031,-0.10050683,0.4953681
-0.98355803,-1.6143292,-0.38145673,-0.8075367,0.22561565,-0.013961667,-0.85492247,0.10263271,-1.3751463,1.0656309,-0.3557452,1.694365,0.6758866,-0.82318197,-0.80013758,-1.541911,-0.23987869,1.3622856,-0.70908982,0.73953579
0.99063055,1.19107,0.24704149,0.26447298,1.2041857,1.6371744,0.68728228,1.1679698,-0.35748151,-0.8836965,-0.52825751,-0.2669221,-0.53646195,-1.5972391,-1.4895858,-1.3660854,0.34061927,-1.1143017,-0.79143968,-0.49300916
0.13794266,-0.7079449,0.83571761,-1.4223612,-0.22834574,-0.84455393,-1.247282,-0.18566412,1.587737,1.6014712,-0.70076981,-1.4045352,1.4626519,-0.48299062,-1.0299275,-1.1902598,0.99337074,-0.89314947,-1.6213284,-1.4996792
-1.0569702,-0.12802465,1.1861256,0.055718978,-1.0565233,1.4562415,1.4937989,-1.4866741,0.26323259,-0.1112183,-0.87328212,1.0816362,1.5952357,0.4363616,-0.4480559,-1.0144342,-1.5711081,-0.88422032,-1.046794,1.1584071
1.6388083,-0.8162387,-0.96685126,0.36454952,0.33183308,-1.159806,-0.33185205,-0.78226189,0.084069413,-0.76562965,-1.0457944,0.58050475,1.2683232,1.3072718,1.4637915,-0.83860855,1.4103016,1.1803688,0.36250202,-0.54171154
-1.2944649,-1.5371151,0.29752281,1.5602015,-0.62403136,0.77174544,0.19785313,-0.11764069,-0.58057719,-0.4011208,-1.2183067,1.0637843,-1.4465233,-1.3860373,1.2380578,-0.66278293,0.80237447,0.68876897,0.049912639,1.4557135
0.28361585,0.055475726,1.0418548,-1.0429595,-0.67792078,1.6220109,1.0059819,1.797144,-1.5623358,-0.53477612,-1.390819,1.5535232,-0.27310561,-1.0811265,0.79576992,-0.48695732,-0.11935411,1.0659551,-1.6942883,0.74171366
-1.5665792,-0.88018607,-1.2796351,0.5969815,1.7160256,0.79756945,1.3335651,1.6644601,0.98291034,0.23079882,-1.5633314,-1.5295995,-1.696606,0.43117408,-0.22288125,-0.31113171,0.98761248,0.32307831,1.4146538,-0.90724763
-1.0825772,1.3671563,0.57574938,0.53948535,-1.2925574,-1.0031804,1.1562889,1.6626284,0.23160941,-0.28312301,-1.7358437,0.32608138,1.6851555,1.6360114,-0.42433178,-0.1353061,-0.71602268,-0.35965185,0.87803188,-0.69083121
-0.64448594,0.87486314,0.67945179,1.1267434,1.6566199,1.0807962,-0.93000823,-1.514816,-1.6721957,1.5481651,1.1798524,1.6269605,-0.86148361,-0.073971868,0.43103196,0.040519512,-0.81451862,1.1033781,-1.1845334,1.6567235
1.1821107,1.4073495,-0.17073283,-0.50399014,0.0082568405,-1.6804764,-0.60831128,1.699223,-1.5857337,0.19762586,-1.1377159,0.43860492,1.3372573,-0.44040005,0.75653308,0.21634512,0.54930656,1.6366906,0.68180643,1.2635308
0.97699562,0.57359777,-0.023463277,0.8689434,-0.51509172,1.2379228,-1.5109052,-1.480274,0.43250782,0.7135023,0.17532014,-0.37930341,-1.234381,1.5102693,1.6304023,0.39217073,-1.6218421,1.7060611,1.2296742,1.5587471
-0.92660869,-1.0474385,-0.35276751,1.778973,-0.37556749,-0.81124065,-0.50767196,0.5086628,-0.13001854,-1.170301,0.31054909,0.52891585,-0.57094632,0.73222862,-0.57473795,0.56799635,-1.2077216,0.9075673,0.9911126,-1.2524218
1.6224111,-1.4950842,1.0123818,0.79125102,1.6797843,1.3196591,0.48666408,-1.4090287,-0.53369044,-0.50825433,-0.40476975,-0.75161353,0.40230754,-0.049657988,0.84572011,0.74382196,-0.97629358,1.7423088,-1.5513234,0.26355224
1.360198,-0.70221262,1.0288749,1.5580872,-1.0421863,1.5799472,-0.012112679,1.4224595,0.67739271,-0.41965497,0.051594312,1.6134275,1.6336194,-0.86513614,-1.1794475,0.91964757,-0.07822412,-1.6243252,-1.6163275,1.6568603
0.96187412,0.8218103,-1.3289476,1.840028,-0.79676651,-0.3090428,1.1453495,1.3909003,1.2081644,0.84753058,-0.10178293,-1.3335957,-1.3276703,0.21074269,0.94108018,1.0954732,-0.70256264,1.1982956,1.1504002,-0.750686
1.5724487,-0.18037291,-1.6863413,0.32761776,-0.35919315,-0.69310731,-0.46086952,1.4266587,1.2526702,-0.64643354,0.74894426,-0.076267625,-0.55181681,-0.55477298,-0.026935661,1.2712988,-0.25976775,-1.3124595,-0.03560638,-0.70022659
0.83536727,0.11802455,-0.29953278,-0.9612735,-0.18708804,0.77099886,-0.82544021,-1.0160994,1.1549644,0.16185598,-0.29465169,-0.20722246,-0.67027158,0.66671049,1.601163,1.4471244,0.50676625,0.57108653,0.80249383,-0.32429912
-1.27292,1.7550892,-1.2870059,0.23175579,0.64540734,-0.13119038,1.6269246,-0.63249162,-1.3840697,-1.241865,-1.6099304,1.5217914,-0.21986225,0.83504317,-1.2779162,1.62295,-1.3301965,-1.3687652,-0.6699574,1.211886
0.36114896,-0.44086081,-0.35176565,0.73351294,0.38245585,0.48372312,0.060548126,1.034667,0.91033586,-0.69590635,1.5468033,-0.73130892,8.214194e-05,0.11662445,-1.0478127,1.7987756,-0.97129208,-1.2697771,0.089162568,-0.99266879
-0.83084958,-0.35328325,-1.2544421,1.6647521,-0.56600897,1.1648798,-0.77677502,-1.4241567,1.4685253,0.63343619,-0.32183618,-1.1196012,-0.9720324,-0.078829139,0.9493359,1.62295,-0.1296151,-0.42504431,0.68530737,1.3424815
0.15116964,1.8393103,-0.64945686,0.7136463,0.78457889,0.87838425,-0.80059112,-0.072028689,-1.2140357,0.016379823,0.1131536,0.18556572,1.4983484,-1.3715342,0.79019679,1.4471244,-0.073676672,0.64792309,-1.6323531,-1.2329296
-0.62405428,-1.4187942,1.624455,1.072445,0.73546959,-0.26252325,1.3726524,1.3757579,-1.6680443,-0.53648553,0.94377966,-0.96630536,-0.49671384,-1.3715342,-0.2126042,1.2712988,0.26789105,-0.074765505,0.38048019,0.92869893
-0.69434124,1.4293829,-0.11345661,-0.48331355,-0.23801214,-1.4514838,0.086457287,-1.4724294,-0.27678625,-1.7039485,0.97805786,-0.66423399,0.23709558,-1.150752,-0.57134295,1.0954732,0.33518435,0.16850061,1.0097682,0.14650802
1.4020466,-0.13044645,-1.2088474,0.23126491,1.2510282,-1.2327582,1.2160866,-0.41679028,0.74366413,1.5169226,-0.54151335,-0.67995939,0.80048817,-0.44898628,1.1342239,0.91964757,-0.90123317,0.50801716,-0.58497751,1.3868
0.77037664,0.37075138,1.4567121,1.4639363,-0.19942871,-0.62213247,0.88469316,-0.76167495,1.2951627,-0.65434864,-0.94216974,0.61078994,-1.2450989,1.5198291,-0.23398318,0.74382196,0.88758925,0.38610656,0.73503938,1.6242377
-0.29639418,0.47372006,-0.91106078,0.40359206,0.44899755,0.44893015,-0.039776212,1.6027681,-0.63985759,1.7234714,0.7332974,-1.0727857,-1.4356288,1.6438546,-0.24822106,0.56799635,1.0530792,-1.0729762,-0.10758129,0.42433986
-0.41402311,-1.1146539,-1.6054192,1.3706655,1.594105,0.73473965,-0.56486855,0.4802639,1.3255313,-1.0193548,1.2460281,0.65380671,0.47089883,1.0578172,-0.19604844,0.39217073,0.6514212,-0.64836204,-1.4135841,-1.6668146
-1.7182609,-0.25299129,-0.56465683,-0.34019028,0.69783465,1.1303155,0.92927385,-0.85099484,1.3571073,1.0207925,-1.1704104,1.3416032,0.38521079,0.83903356,0.1416181,0.21634512,1.1593285,-1.062118,1.3261488,1.5602271
0.72891525,1.5895753,-1.1404042,0.52029192,-0.12057374,0.93670435,1.1756005,0.02262346,-0.74584262,1.440075,-1.4880884,-1.0309936,-0.86480461,-0.37603088,-1.5426038,0.040519512,-1.3286796,-0.88794137,-0.40005322,-0.64397705
-1.7237992,-0.40652021,0.62069322,-0.53348155,-0.072207487,-0.29491172,-0.48499721,0.67456742,-1.216511,-1.0849513,1.1580399,1.2820978,-1.3706217,-0.35458596,0.59422735,-0.1353061,-1.4693993,-0.1594896,1.0346031,-1.7944606
-1.0632207,0.82117652,1.0237975,1.0239986,0.095552366,-0.66792898,1.5581586,0.50640754,-1.2681832,0.63228277,0.55957405,1.7657173,0.058305263,-0.1017051,0.30845051,-0.31113171,-0.26655453,-0.22395008,1.6469185,-1.4954672
1.5942217,0.6248803,0.58155265,-1.6358452,0.97436978,-1.1681965,1.4781417,-0.74679675,1.6537791,0.19363378,-0.5589716,-0.90663347,-1.0541639,-0.86153102,-0.31717782,-0.48695732,-0.60733453,1.670814,0.98922907,0.68029824
1.5989718,-1.5746635,1.6864372,-1.1936809,0.13568009,1.1972447,0.48163804,0.49832046,-0.37387821,-1.5672473,1.2235912,-0.81565648,0.15123786,0.54372725,-1.4592115,-0.66278293,-1.6078764,1.3841973,0.47622901,-0.79650207
0.81323471,-1.3512814,0.47497757,-0.81580103,1.2126639,1.4963244,0.85972214,0.49500816,-1.4895556,0.28852861,-1.5876935,1.5248165,-1.4756054,-1.0808547,-0.020851242,-0.83860855,-1.5247393,-0.72065523,-0.60992647,0.69750031
-0.35418707,-0.10924514,1.3364484,0.79148594,1.1920025,-1.4706526,-0.080164023,-0.17075334,1.5724397,0.24370402,-1.0251758,-0.063966218,-1.6287454,0.95092969,-0.19088776,-1.0144342,0.4376808,0.92983535,1.5501813,-1.2195713
1.0283859,1.7534747,-0.4793252,1.5581784,0.84977146,-0.34168012,1.2941832,-0.82277694,1.2476487,-0.72894808,1.5553668,1.2882346,-0.39823701,0.19476392,-0.78904247,-1.1902598,-1.211581,1.0074017,0.25737013,-0.10434409
-0.31870997,0.50011548,0.048149045,1.1081145,1.1455504,-0.6774461,-1.0862049,-0.42519954,-0.75368013,-0.88980549,0.35860066,0.89688613,0.25278635,-0.4016554,-1.4940853,-1.3660854,0.36914574,0.8774597,0.71591381,0.30993645
0.63938589,-0.28232189,1.0945,0.062086401,1.4439659,-1.1558175,0.3797998,-1.4801799,-0.23662073,-0.76248709,1.2340661,0.86652809,0.78752622,1.5724954,-0.06279113,-1.541911,0.80403247,0.021837847,1.5889128,-0.31969086
-0.72692472,-1.5414099,0.76092252,0.2173835,0.11534743,-0.0011354158,1.1421625,0.21193862,-0.88148135,-0.43593756,-1.3809134,-0.18328571,-1.3565273,0.40693588,-1.071605,-1.7177366,-0.74008425,-0.48791838,1.6504851,-1.171893
0.99718873,0.0042038217,-0.24097868,0.70157414,-1.6785766,-1.5758924,1.3694349,0.29534704,0.95934387,-1.302613,-1.5401629,-1.4541606,-0.45881842,-0.73092476,-0.94818498,1.0254454,-1.1885755,1.3628064,-0.60518482,-0.11557015
-0.96915907,-0.87795547,-0.50691716,1.6308357,-1.0092288,1.1767678,-0.72736472,-0.10244393,-1.2280953,1.0010392,-1.712727,-1.4140926,0.33133025,1.0979757,-0.28671141,1.2000894,0.22054874,0.46386825,1.5900015,-1.0923251
-0.43661202,0.33478209,-1.0835063,-1.2696026,0.72807683,1.4873184,0.77431674,-1.26917,1.46232,-0.94611595,-1.0438485,-1.0502505,0.7620179,0.40966036,1.5071016,0.49150517,0.055543787,0.29129521,0.065443957,-1.6984972
-1.2219895,-0.0932698,0.91315025,0.89574198,1.5417941,1.1245077,1.6995888,-1.3435285,1.4315973,1.2115352,1.6407363,-0.3859155,-1.2666456,-0.26799098,-0.9821657,1.3164825,-0.19642338,0.80923363,0.72621618,1.0823357
-0.29690929,-0.45908798,0.19645113,0.43278894,-1.5838747,-0.047426279,0.60120967,0.13120899,-1.2457701,-0.88476704,0.35282495,0.6165868,-0.15477204,1.4436125,0.25661193,1.2549962,-1.4933956,1.6913654,-1.1675713,1.4680969
-0.24179915,-0.99915487,0.9526384,-1.3950332,-0.8854454,0.53781264,1.3767471,0.16580895,1.2276165,-1.5082777,-0.028682566,-1.4357605,1.2604484,-1.6258909,-1.1145027,0.71240544,0.71447663,-1.5328135,-1.6261876,-1.4608562
0.35842474,0.29079327,-1.2065506,0.64504923,-1.5366076,1.4447066,1.4041769,1.7525782,-0.76670778,-1.275328,0.52440224,-0.13660558,-1.0569724,0.66290585,0.75931453,1.2691678,0.69446373,-1.2730288,-0.90199405,0.19732164
-1.6950221,1.0226598,1.1596479,-0.78074163,-1.0822695,0.42603525,0.23811225,-0.26950333,1.6004071,0.74076656,-0.52374803,0.75605479,0.22315707,-1.3905918,-0.73377821,-0.28501458,0.74827635,-0.94177665,0.68522443,-0.81209791
-0.24607562,-0.98538535,-1.1240883,-0.27532742,0.87475071,0.36670291,0.95843436,-1.1640163,0.35243983,-1.1057681,0.50620909,1.3637221,1.6708776,0.61748761,-0.54388978,0.80882469,-1.5687312,-0.7878808,1.5378226,-0.074060735
1.0890724,0.69737476,0.033254091,-0.28221027,0.8063086,-1.3883682,1.0462173,0.93466082,1.3905313,1.3476044,0.60182922,0.7247254,-1.6028873,-1.0623992,0.75710573,0.50278614,-0.33301882,1.0746993,1.3963196,-0.45076677
1.2657215,1.2048891,1.2065171,-0.27472784,-1.4633716,0.55619446,-1.5263152,-0.92729359,0.28273529,-0.39440402,-0.20299245,1.1536095,0.39148918,-0.26384235,1.133416,0.43742473,-0.52063719,-1.4952466,-0.66832616,-0.37823752
-1.2732208,0.27092323,0.62406342,-0.48560315,0.81830686,-1.5838659,-1.3272956,-0.50870571,-1.6314569,-1.3058315,-0.071872747,0.61925106,1.0080039,0.29779863,-0.91450081,1.5090045,-0.90021154,1.3364747,-1.7435917,0.84559242
0.61060872,-1.6684761,0.39051149,0.45459807,-1.0930933,1.0487003,-1.0912411,-0.93295527,-0.66632434,1.27708,1.676122,0.71754437,-0.14835167,-0.9141595,-1.4972212,-0.94845735,0.20895309,-0.9192996,-0.25930713,1.0130715
0.044918135,-0.56783144,1.3242217,-1.5115262,1.4059337,0.46319237,-0.94499152,1.4381522,1.1761365,0.61463957,-1.0905545,0.020481941,-0.25856108,-1.032712,-0.59116418,0.21617985,-0.5130455,0.44734967,-1.7195206,0.87357866
-0.86169411,-0.080573091,0.44461858,1.2373108,-0.64346346,-0.72722096,-0.2614638,-1.222606,1.5786753,1.3916106,0.7670132,-0.64533783,-0.51423999,0.98967779,-0.88302204,-1.0305398,-1.2176317,-0.42885787,0.11967915,-1.501068
1.1075404,0.44936759,-0.53698991,1.7760558,-0.75637513,1.5593257,1.4070625,-1.6381531,1.0313653,0.10719278,-0.36202465,-1.0451266,-0.20152576,-0.11114789,-1.2861685,1.6935123,-0.062256454,-1.1943625,-1.3326512,1.4855866
1.5988024,-0.43179325,1.2488234,-1.3010646,-0.0048576909,-0.77322261,-1.0627546,-0.73140813,-0.49474911,1.1499377,0.34032126,0.75732795,-1.507683,0.61694753,0.85008316,0.55322699,-0.53651198,1.1515016,-0.78496657,1.3274433
-1.5857767,0.19989814,-1.1853549,1.2407224,0.34357452,0.9020089,0.96061885,-1.4994238,0.97181508,-0.42569144,-0.3424238,0.45082307,-1.3038692,1.2206665,-0.78035725,1.117149,0.70355862,1.1374157,-1.3419755,1.2715865
-0.73025739,0.7401279,1.2164573,0.16742588,0.93986795,-0.84309441,0.3974756,-1.7063792,1.2040466,-0.52573523,1.1301137,-1.0075459,0.59515409,-1.6543912,-0.27949191,1.6526505,0.76790055,1.4046905,1.0059147,-0.87848983
0.23325234,-0.17861321,-1.0875035,0.054793317,-1.612189,1.4706685,-0.85116648,-0.26479009,-0.19360551,0.9791933,-0.19526735,-0.27764507,1.7485384,-1.2829303,-1.3919318,-0.11759343,0.64832536,0.14266913,0.52129886,-1.657598
1.3432926,0.85623587,0.9937452,-0.78400949,0.98900464,0.47175778,-1.5715055,-0.96110077,0.13797754,-0.083007821,1.5378465,-1.0178041,-1.1139662,1.4412596,-0.58370949,-0.3580244,0.3721315,-0.89833701,-0.44769435,0.40772347
0.80168097,1.7150978,-0.14676664,0.40072392,0.29517402,-0.27368149,-1.2889704,0.12003405,0.79561289,1.1654122,0.6535277,-0.45772228,-0.52736469,-0.3155145,-0.82361288,-0.80293353,0.11725424,1.5164795,-1.442777,1.4449118
-1.4145691,1.3574833,1.1724063,1.2891898,-0.94217345,0.79001292,-0.1729256,-1.2189136,0.47300721,-0.59220201,1.6178681,0.67411825,1.5017906,-1.0380887,0.0089879798,-1.5519577,-1.375131,0.75121131,0.37382046,-0.2397477
-1.1857277,1.4328775,-0.29712696,-0.51096064,-0.27106556,-0.67699883,1.3627019,1.3002266,-0.99305785,-1.0177213,-0.7103408,1.4938721,0.85601016,1.5192959,0.39812156,0.77342396,-0.14751939,-1.3179863,1.193158,1.3369263
-1.4848561,-1.1060678,-0.11533424,-0.41372771,0.088252058,0.98263874,-0.64386271,-0.68708484,-1.1499732,-1.012935,0.57635605,-0.99673278,0.86713326,-1.5769879,-0.87623885,0.72086617,-1.2799407,1.0521571,0.61710643,1.3795229
-1.3132648,0.011876373,0.48938522,-0.825538,-0.11161272,-0.21767846,-0.20034866,-0.38966562,1.4648527,0.88974788,1.4633212,1.5011607,-0.17787013,0.52656856,-0.31562689,-0.00034587711,0.82244585,-0.099531379,-0.53718087,-1.2274481
-0.089349976,1.405997,-1.4091132,-1.0997369,-1.0947437,0.18727663,-1.1353985,-0.22154556,-1.3720538,0.17371827,-1.4162612,-1.0067966,-0.55871161,1.008037,-0.10601948,-0.2642566,0.57380843,-0.12587339,0.48184157,-1.288099
1.4317537,-1.4963235,0.77288006,-0.84782748,-1.0710383,-0.025594075,0.41086031,-1.145728,-0.43742809,-1.3460839,-0.83775149,-0.19819588,-0.4113998,-0.73629116,-1.2822963,-0.67412017,0.60928679,-0.29989922,1.6375631,-0.42800603
0.20289872,0.38056955,-0.22995144,-0.48029463,0.99508253,-1.6766192,1.4823989,1.7133736,-1.5669999,0.20521289,-0.70483765,-0.63725137,-0.60079377,0.69956931,1.1880565,-1.6225727,1.6090581,-1.3147963,1.0652648,0.38422625
-0.036293364,-1.4979026,-1.445531,-0.69101216,0.90021618,-0.021373586,1.2875857,0.015227799,0.0068072765,-1.0265481,-1.3143857,-1.4770011,-1.2371756,-0.1483927,1.135768,0.4302405,0.97550773,0.7425974,0.44267804,-0.68307713
0.042795456,1.1451019,0.00078234119,0.49564621,0.78548287,-0.50058911,-1.0911023,0.68081916,0.55220849,1.0656136,1.1493522,0.31779719,-1.4867978,0.91842519,-0.69521969,-0.48996746,-1.177771,0.53777526,-0.76750334,-0.9857564
-0.42099615,1.3197437,1.3748938,1.1711576,-0.37624547,-0.7907368,-1.6010454,1.3167229,0.057771284,-0.5610838,-1.2062171,0.91385347,1.1594159,-0.53202774,-0.90075718,-0.84592641,-1.144673,0.60003601,0.83230539,1.2603815
0.37366032,-1.3510371,-1.5088865,-0.30693663,1.2348319,1.3277268,0.05238928,0.12886323,-0.81143956,1.64987,-0.50961583,-0.77006564,1.5833854,1.2052725,0.95603728,1.7442064,1.1753478,-0.77265054,-1.2225564,1.098675
0.34634206,0.94075786,-0.203743,0.43223845,-0.25020215,0.79867586,0.48019526,0.72244554,-1.6474253,0.49014256,1.4461942,0.90991952,-0.07957684,-0.15796965,-0.59320937,1.7333826,-1.5804919,0.99315484,0.90377226,0.01492359
-1.427803,1.6337164,1.1970233,-0.76179013,-0.49110206,1.2947094,-1.3285013,-1.6315574,0.3555863,1.6161652,-1.5365988,-1.6276292,-0.25495958,-1.639269,1.5102887,-1.5631683,0.27412401,1.3864347,1.0410589,1.1970582
-0.13201445,1.202053,-0.56961841,1.2648281,1.0207021,1.138205,0.39553496,0.78069135,0.50745648,-0.49375713,0.76643701,-0.24110857,0.95827896,-0.056156138,1.2163789,-1.1358312,-0.80168464,-0.93454014,0.95808349,-1.641918
-1.1658976,0.91215662,-0.51796144,-0.24897414,-0.10874327,-1.0241887,1.0356978,0.24299098,0.51559413,-0.85990977,0.30627768,1.2814734,-0.12662492,-0.57407823,0.80471078,-1.3437661,-1.2259664,-0.58488493,-1.6738701,0.14538928
0.38331609,-0.026865231,-1.3806318,0.45129514,0.33228164,-1.2996303,0.52018343,-0.45597678,-1.1295026,0.14651617,0.19510385,0.98530641,1.4603352,0.32151395,-1.4029553,0.80666555,-1.3418747,-0.61971065,-1.5520215,1.6349061
0.24662453,-0.63474586,0.36817417,0.78461011,-0.31804845,1.3933142,0.99060236,-0.31974893,-0.75975385,0.85895429,1.3819299,-0.59901848,-0.27641968,0.013586305,1.2897123,-1.1610587,1.5320439,1.1137291,1.2645212,-0.43381721
0.31683889,-0.30667082,1.6670169,-1.3243008,0.42452165,0.95857018,1.4078347,-1.1000328,1.4037512,-1.601774,1.07246,-0.63994339,-0.82885193,-0.51979512,0.16441849,0.80586378,-1.1942271,0.13925303,1.5294763,0.55208759
0.17950084,1.6908232,0.63766686,0.95767358,0.20343736,1.6018198,-0.85789271,0.2652757,-0.22215305,1.2243127,-0.9998544,-1.6491896,-0.50724476,-1.3831855,-1.6206003,1.0767267,0.56600347,-0.16162423,1.3426685,-1.7425528
-0.54930762,0.095360955,-0.31275116,1.6544927,-1.0697234,-0.6732626,-1.2685986,-0.90587042,-0.35195748,1.1385451,0.45563194,0.38325552,0.94258126,-0.42781999,1.1572867,0.66284723,-1.011741,0.071119467,0.14605889,0.35169137
0.81488722,0.93200187,1.2788825,-1.5954913,0.65999426,-1.4474617,-0.88633521,0.52998823,0.51334473,-0.94901677,-0.86011598,-0.32227497,-0.3814831,-0.97568723,-1.6312693,-1.5546583,1.5974109,-1.4893224,-1.5932759,-0.98558105
-0.28083709,-1.3714737,0.78553617,1.3319806,1.2954053,0.68273179,-1.491414,-0.39691648,1.097377,-0.41837378,-1.7063303,1.1155882,1.6077267,1.6890802,-0.57944528,-0.14163582,1.1583619,0.10593149,-0.43803825,0.26654024
1.486328,0.81703398,1.5052375,0.48476268,1.1069635,0.66497211,-1.0958641,-1.398538,1.1592103,0.36473731,0.40845327,1.4295066,-1.0816289,0.60160172,0.98178273,-1.1458638,1.3449415,-0.74462276,-1.3479889,0.89592908
-0.63962521,-1.0548561,0.1544004,0.80039543,1.3417958,-1.0062777,-0.64392367,0.34601981,-1.5308678,1.5190257,0.83864031,-0.71280477,0.8091387,1.4077678,1.1847262,-1.6583919,0.33042019,-0.35759945,-0.2881199,0.5264195
-0.59860979,0.48763829,1.3654273,0.88974271,1.7403132,0.27682499,-1.0770741,-0.96238225,-0.70363342,-0.23525602,-0.92253438,0.84394429,-0.58716347,1.1499334,-0.96574288,-1.5333729,0.19776678,0.54698195,-0.60595205,-1.3735061
-0.23536197,-1.0081233,0.87208434,1.8468618,-0.0082167915,1.1082244,1.3936236,0.5170793,0.574254,-0.28493948,0.21029528,-1.5636417,-1.6620282,-1.6708997,-1.2691696,0.82215578,0.49595144,-1.5272833,-1.298371,0.27404883
1.5048444,-1.3183783,-0.59970819,1.5945982,0.38910215,0.9363815,-0.7855672,-1.7114472,0.75414224,-1.3348363,0.32234893,0.51018274,-0.56327582,0.43096424,-1.6483841,1.3935539,0.22509963,-1.3802882,1.527852,-0.23733485
-0.077042584,-1.5156376,-0.59665832,-0.18656217,-0.81396949,-0.96048454,1.0331713,0.68553964,0.88160285,0.91778224,0.15788604,-0.066720678,-1.1763345,-0.46622065,0.39709556,1.5569556,-1.3077551,1.1287127,1.2992714,0.6873439
0.15600272,0.93376511,1.3099674,-1.5402006,1.7332081,-0.0036441687,-1.5077351,-0.96578505,-0.16822805,-0.46239719,0.32164508,-1.2257867,-1.5924603,-0.76439591,0.94698053,-0.81451692,-1.1408376,1.7145072,-0.62090967,1.4098694
-0.99666748,-1.4142374,0.60005634,0.21001328,1.5975805,-0.32077946,-0.60066045,-0.93015339,-0.82584991,1.6185273,0.75249111,-0.18443051,-0.47810377,-1.0718557,0.23721337,1.41095,-0.11167642,-0.31378633,1.0740327,-0.79872554
1.3562845,0.8791473,-1.0525441,-0.76440582,-1.2412019,1.1077939,-0.47635744,1.2282501,-1.1107283,-0.082158295,1.2353289,-1.2334846,1.3794573,-0.14061488,-0.50948639,-1.6492103,1.3168587,-0.10025092,1.6930839,-0.34148015
-1.4429452,0.28622585,-1.3689809,-0.64874733,1.0315019,1.2206575,1.4874859,1.720371,1.234594,0.10115286,-0.64249861,1.1498872,1.4765662,-1.6883543,-1.6465162,-0.0019212746,1.7644247,-0.75328122,-1.2489016,0.53847673
1.1059259,-1.6016714,-0.10996715,0.34060506,1.5749194,-0.91693784,0.53356475,-0.82543402,-1.2818921,1.6555335,1.5395026,-0.44206279,0.60281767,1.252342,-0.9650816,-1.1765032,-0.44651928,1.2319427,0.76083506,-0.47848648
-1.3052165,0.87646705,1.4669692,-0.87804469,-0.44857057,1.4944647,-0.6779612,0.72179756,-1.1714116,-1.2189658,-0.41920213,1.7782685,1.1914762,-1.7078625,0.81188255,-0.22062724,-0.8837451,1.3052466,1.2826549,-0.46768828
0.46328302,0.69049885,0.67451066,0.29589986,1.532429,1.5669898,-0.12536789,0.8813165,-0.26131696,0.19746356,0.52896692,-1.5778303,1.6647481,-0.72479125,-1.0363733,-0.53905093,-0.70598871,0.60778306,-0.91966464,-0.14190458
-1.6975354,-0.62472941,-1.4302271,0.44746277,-0.29633586,1.4283493,-1.2430993,-1.1087642,0.98460667,0.0031707283,-0.2240079,-0.68487163,-0.63428081,0.94780274,0.43339074,0.956156,0.42034065,0.19152588,0.29080359,1.3563273
1.2661087,1.2297337,-0.5858594,1.6451835,-0.22355877,1.2691511,0.95678836,-0.38145546,-1.5872748,-0.14753727,-0.69272039,-1.2880708,1.6335086,-1.0382229,1.7150627,-1.6966797,-1.0614396,-0.95198041,-0.43979045,0.27482038
1.5720615,1.232683,-0.95666912,-0.73451821,0.59609602,0.26290578,0.49851117,1.4950803,-0.18183577,-0.43992964,-0.71014068,-1.4708192,-1.2878079,-0.45101243,0.9500074,1.4176173,1.4078077,-1.6004331,1.5453221,0.77949509
0.64197874,-0.41509208,1.1804075,-1.268705,1.1703413,1.0285698,-0.8597961,0.99505691,-1.4298301,1.5853163,-0.70374738,0.83756115,0.76835515,-1.2066691,1.2093809,1.4024858,-0.34899337,-0.38455478,1.5913839,-0.80201515
0.65733532,-1.2520304,-1.0143645,1.2376403,-1.2102338,1.3529488,0.50287678,0.88426318,-1.4370909,0.10583561,0.25827441,0.83236445,0.49638984,-0.95040328,1.4600318,0.39366877,-1.3543922,1.3991363,0.55368861,-1.0792438
-1.7437123,-0.21031958,0.90794332,-0.97693961,0.96198117,1.2645573,-0.49972649,-1.3004179,-0.094979097,-1.0314208,1.0705521,-0.4772394,-0.87202839,1.5983951,-1.4136925,-1.5841091,1.433032,-1.1103203,-1.7425999,-1.5070685
-0.3342083,0.40967001,-0.99197606,-0.77383424,0.31911575,-0.81775466,-1.2852042,1.8018174,-0.61116167,-1.3645801,0.15482223,-1.5681689,-0.067466791,-1.6230632,1.6300376,-1.5517432,0.24171399,-0.14234742,-0.33744065,-1.3238814
-1.3254788,1.3544348,-1.6671458,-1.5146327,-0.85959984,1.2106023,0.6107605,1.5261218,0.29069083,0.023652595,0.63630408,-0.7922956,-1.2236319,-0.10822733,-0.94255391,-0.080522356,1.0288285,-1.229757,1.227414,1.2655754
1.4049402,0.58113578,-0.51302713,1.2413079,1.2929981,0.072048874,1.025893,0.64208154,-1.5679711,0.19066044,-0.25864147,-1.0125276,0.050499701,1.1886161,0.97540176,-0.067736317,1.3351793,-0.69132199,1.3759499,-1.0331892
-1.5601006,0.34815506,-1.5783929,-0.47806463,0.57331166,0.89370917,-0.39203921,-1.0933321,1.6248977,-0.17909405,-0.26897151,-1.1915814,-0.96437574,-1.1193999,1.5445864,-0.97580879,1.2347261,0.81724108,1.5595678,0.20036576
-0.71190348,0.5203856,-1.6436874,-1.4816946,0.092285718,1.5133106,-0.84142261,0.30150829,1.3953708,0.65067881,-1.3903567,-0.68971101,-1.1336082,-0.71625663,-1.5649168,-0.51174873,0.72474451,-0.9658641,-1.0819244,1.5908296
1.1749994,-0.50937559,-0.13386518,-1.1356974,-1.520425,-1.5912778,1.2850049,1.651801,0.84279979,0.51509652,-0.43951027,-0.83101416,-0.2304382,0.60263372,-1.3582135,-1.5100233,-1.206583,0.55801146,-0.33269555,1.13397
1.481654,-0.88816312,1.0066569,-0.90853539,-0.03024441,1.5647501,0.16718888,1.8352988,-1.5242039,0.35444285,-1.5214557,-0.64804025,1.1078971,1.3084036,-0.54164007,0.80068044,-0.17268515,-0.94342474,-0.79737019,0.80052335
-1.3135724,-0.6552178,-0.21055153,0.37717918,0.26881827,1.4368912,-0.90883723,-0.61519164,-0.10694781,-0.39278785,1.3105408,-1.1508542,1.3341372,-0.94035505,-0.96351022,-1.5589661,0.84596049,-0.6935697,-1.0570826,0.18484356
-1.1852022,-1.3060994,1.3289175,1.7239312,1.5853974,1.3963913,0.94571685,-1.1378111,0.34005968,0.023486833,0.56922439,0.065469154,-1.2616832,-0.44168661,1.0463151,-0.59123949,-1.4257824,1.7420141,-1.3948559,1.3764753
0.075489557,0.88714559,0.86118659,1.0226592,0.4171015,1.0533277,-0.44978107,0.77431291,0.13018051,0.66456131,-1.2295752,-1.2533486,-0.91513213,-0.78529387,-0.64816344,0.64255344,1.0231183,-0.52370692,0.11136053,-0.56188408
1.3352029,-1.1101254,0.86844153,-0.32975206,-1.238127,0.73836826,-0.64409979,-0.054214667,-1.0953535,-0.59381473,1.4346082,0.12207436,0.074536261,-1.013135,-1.6012154,0.30736653,-1.5804094,1.5504589,-1.1760005,0.30639434
-0.16535158,-1.0377053,1.2486769,1.2292603,-0.63593374,-0.98624802,-1.3110084,-1.6118175,-0.32684645,1.6074006,0.52265642,-0.65876322,1.4899679,-0.52862214,-1.5707796,1.2730746,1.4138893,-0.71987401,0.41593197,0.7009793
-1.4322074,-0.74599254,-1.6050307,-0.93896649,-1.088522,0.82168845,-1.4930804,0.47991276,-1.142311,-1.3646457,1.4769462,-0.23606104,1.3338255,1.5284772,0.30198091,-1.1612063,-0.53654982,-0.34012492,1.6227817,-0.84726659
0.1619317,-0.15317377,-1.3112447,-0.54572551,-0.29639064,0.7444081,-1.1975263,-0.40536918,-0.97074255,-1.0581671,1.6443383,0.321634,-0.15364657,-1.6506588,0.43035364,0.59540053,0.35104538,-1.2839486,-1.3507779,-0.70216599
0.95985861,-0.06031359,-0.90295733,0.085922162,-0.45528535,-0.91628879,-1.4157627,0.30846231,-1.4543239,0.97879962,-0.52407926,-0.87520695,-0.71891956,-0.32485753,1.5928562,1.5846235,1.7521858,-0.61263518,-0.20655456,1.3687949
-0.027494962,1.6081494,0.36012183,-0.87393181,-1.5286978,-1.4344606,1.3101758,0.80010541,-1.4940207,-0.58085427,-0.22065426,-0.73358465,0.58619536,0.28843496,-0.8242537,0.97959004,-0.19551871,1.2024792,0.21298111,1.0615845
1.0897189,-1.1463425,0.92555078,1.0266809,-0.74169918,-1.1083765,1.3994692,0.32683743,-0.24180414,-1.5075456,-0.35728056,1.2327222,0.0066237155,0.22888522,0.44297924,0.80189364,0.12871918,-1.1685927,0.083232051,1.4052927
0.61228889,-1.4896671,-1.3154327,-0.90030964,-0.69043266,1.5649216,1.6137702,-1.1748726,-1.2829882,-1.1950167,1.4693453,0.22980361,-0.79777859,-1.5069496,1.746504,-0.81001227,0.024509687,0.007118119,0.11157481,-1.7286473
-0.89840194,0.95181525,0.98236016,0.67103085,-0.79439015,-1.5568447,-1.2320312,-1.0607449,-0.87362361,1.5521365,-0.043842947,0.58634323,1.3388919,1.1232906,-0.61739025,0.55441206,0.90877169,0.24846546,-0.11991579,1.6493341
-1.3086875,-0.247999,0.44155848,-0.20585378,-0.11800905,1.6337274,-0.31952403,-1.0157157,0.26468947,1.6144247,-0.7797494,0.67038204,-1.6462612,0.24136552,0.79073195,-0.95565214,1.0631235,-0.23950242,-1.3809006,-1.7033791
0.39005058,1.3369051,-1.1479556,0.83777248,-0.51597857,0.18073908,-1.2576795,1.649419,0.35789978,-1.0760244,1.2560821,-0.59444969,0.45481327,-0.96987364,1.4898301,1.6181887,-0.32133374,0.78336104,-0.56146972,-0.46703947
-1.2271026,1.1076173,1.5395187,-0.24462985,-1.5979514,-0.63629044,-0.98173511,-0.87640724,1.5918648,1.3172736,0.71847169,-1.1605157,-0.81091715,1.3694084,0.77529423,-1.2164965,-0.28459641,0.8816022,-1.2902217,-1.7195921
-1.5413836,1.1883472,-0.5393821,-0.32167707,-0.69134006,0.86775736,-1.4598116,0.10345807,-1.0007402,0.13344521,1.3822576,-0.12904642,1.325175,-0.77083902,0.45214166,0.56758843,1.0737938,1.016187,-0.52698909,1.3416608
0.0047497128,1.20667,0.26045411,-1.5811085,0.64931089,-1.3422589,0.14484604,0.17319013,1.4096833,-1.1522054,0.87122444,0.20863867,1.3910721,0.54503445,-0.92303264,0.83450577,-0.91170743,0.97706799,-0.99494695,0.11582837
1.2977138,0.69974344,0.056187754,-0.39951671,-1.5870694,0.18653679,-0.95203949,-0.91494215,1.1172945,-1.6949628,-0.21094872,-0.10879038,-1.566436,0.20532126,1.2583801,-0.020256369,0.86000186,-0.069249034,1.5472022,0.43273924
1.4545155,-1.1485483,0.78243518,0.59285109,1.3688056,-0.44749838,-0.38097108,0.64507166,0.53965297,0.058828499,0.78872905,0.0078648458,-0.80280684,-1.1701467,0.69325852,0.42502199,0.88676369,-1.092599,-0.027032014,0.2426853
-0.45357617,0.41996617,-1.6633292,1.1788819,-1.3491691,1.4915019,0.28790525,0.051022363,0.058101781,0.74982127,-1.2179583,-1.4335958,-1.3784757,-1.5692617,-0.69407439,1.4482673,1.5178133,0.55647302,0.077996193,-1.5858438
1.0457027,-0.76919785,1.2455521,0.70631114,0.82795614,-0.57917764,-1.1136483,1.2707996,-0.96199112,-0.22935423,-0.21611029,0.76104681,-1.071794,1.4122536,-1.031383,0.35351372,-0.65352794,-0.5310565,-0.069136609,-0.1363459
-0.69128859,-1.2518038,0.76933948,1.7681876,1.7155086,0.85778961,-1.2929702,-1.2317827,0.12457217,0.60481476,0.33990723,-0.5240583,-0.63125416,-0.14732286,-0.22238699,0.046789453,-0.92351291,-1.0947645,-1.1473674,1.0076671
1.0653461,1.8101001,1.2852958,-0.94993767,0.86907345,-1.3347999,0.14012481,-1.2974567,1.2767223,-0.83407175,1.2620821,1.2211389,1.0213676,-1.6829225,1.6694415,0.14624697,1.2422111,0.82787656,-0.84359435,-1.1751545
1.0522297,1.2362237,0.6818985,0.29712005,0.050668482,1.5385394,-1.2044692,1.122995,-0.00085148878,0.64244946,1.2870654,-0.78721337,0.25021335,-1.4167014,-0.21523226,-0.96644431,-0.46194346,-1.4627371,-0.18861786,0.090977429
-0.57607966,0.37965253,-1.2640927,0.46547458,-1.5355221,-1.6976611,1.5259534,-0.53034245,-0.72928741,0.90816464,-0.1483164,0.98341922,0.73333401,0.43968807,1.2458227,0.09603469,1.2301648,0.55115185,-0.77704884,-1.0940646
-1.3323862,-0.32315955,1.5145813,-0.018723071,-0.53296241,1.2476047,-1.0220416,-1.3449982,1.1259684,-1.4397148,0.28938183,1.1666845,-0.017506345,1.5325364,-1.0442234,1.078281,0.69817186,-0.06647024,-0.025725641,-1.1741305
1.1808904,0.84340462,0.83849487,-1.3032981,1.6534217,0.70640352,1.110367,-1.2572928,1.4276583,-0.84214915,0.30004999,-0.0032813537,-1.2902735,1.1666758,-1.1302301,-0.79046046,1.6564761,0.91221347,1.4124143,-1.0065812
1.4276397,-1.1365456,-0.65472513,-0.62777621,1.0124567,-1.684512,0.094788861,-1.243106,-1.0723266,0.047370258,0.11740776,-0.97997359,-0.41826343,0.18134106,0.35401378,0.76652808,0.2670483,-0.80351195,-0.90024185,-0.18593205
-0.95509892,-0.39925129,-0.85579168,-0.57982769,-0.3928047,-1.4123964,0.91649199,1.1349048,-0.78427809,0.051838903,-1.3305846,-0.58645343,0.54235054,0.9314834,-0.22440491,-0.93023127,-1.3433986,0.18533098,1.1887965,0.96428846
-1.272965,0.014892992,0.80475887,1.5721264,0.69183895,1.0197757,-0.45474954,-1.4709271,-0.22788953,-0.090608662,0.73565736,1.1583969,0.26344887,-1.4251362,-1.6000326,1.7868933,-0.036292656,1.3463461,1.3784693,-0.36546835
-1.1187907,1.059709,-1.5282626,0.041507983,1.6767916,-1.0700693,0.55884057,-1.141203,-1.6018538,-1.7107516,1.2500787,-0.70596719,0.51564402,0.42193426,-0.39510271,0.17820503,-0.66045231,-1.506516,0.11948562,1.3139972
1.5901388,-0.67608629,0.38196504,-1.2201079,0.015088039,0.7237193,-0.16339847,1.72785,-1.2332854,-0.97871565,-1.1297251,-1.2070154,-1.2858271,-0.79849313,0.090764626,0.38924851,0.76162975,0.55002115,-0.83410414,-0.60857691
1.283702,-1.5039075,1.0469936,-0.2325086,-0.44636541,-1.5885101,-1.3754358,0.87172712,-0.50861313,1.0227989,0.028646724,0.68378662,-0.15348381,0.56433282,0.19953769,1.5452386,0.38823676,0.3863978,0.70781983,-0.57013967
-0.59710248,0.12169264,1.5622649,-1.3239151,0.63746329,1.455653,-1.5893236,0.54111249,0.31714409,1.0152947,1.3005938,1.0691718,0.55624056,-1.3720778,1.1465665,0.31770507,-1.3321228,1.2786785,-0.17793533,0.50560167
-0.69372242,-1.262539,-0.17870339,-1.5498289,1.2396805,-1.163707,-1.5757628,0.97889361,0.0034955603,1.0658104,1.4204036,-0.77656672,-0.15471663,1.643287,-1.5636931,0.88391629,1.0932426,-0.40151879,-0.7654712,-0.26111264
0.43718167,0.15324322,-1.0348549,0.20506941,-0.18099304,-0.83044639,0.30442954,0.077042925,1.4740392,1.2051845,1.5282272,1.6705635,-1.6294657,0.07635244,-1.4348738,-0.58336251,0.13645879,-0.12835409,1.0892322,-0.53001203
1.1048335,-1.2301316,0.64107113,-1.3128457,-1.0503803,0.61562769,-0.87106404,0.5068528,0.55751668,1.114931,-0.31040896,1.0290933,0.20043991,1.1730088,1.4745594,1.1164879,-1.3620837,1.3327194,-1.3156303,-0.5263682
-0.92847554,-0.88152443,-0.16841561,0.50197857,-1.2275498,1.6303005,-0.28138846,-0.30088149,-0.92936633,1.1668626,0.19110846,1.0730155,-0.45723584,0.9315006,-0.64988821,-1.2657523,0.38941318,-1.2997648,1.1474799,0.37004375
1.4480956,-0.50129587,-1.6199325,0.10167943,1.1221052,0.34657235,1.637925,0.0052112584,1.0803632,0.21727893,-1.6212437,0.38429625,-0.91609831,-0.20134453,-0.76138818,-1.3146564,-1.0495756,-0.5055848,-0.55428467,-1.1834662
-1.635829,-0.94775551,-0.52226874,0.4844927,0.99857174,-1.0795191,0.86833482,0.99931041,-0.31971378,-0.75507964,-0.93095989,0.26081385,1.030967,-1.0799638,-0.53010865,1.4393177,-0.59558753,0.35895593,0.96118353,-0.99790481
0.33598103,-1.1179891,1.3561073,-1.5912031,1.1469577,0.83336794,1.2995039,1.6995343,-1.0187422,0.83668358,-1.526807,0.24727744,-0.69528817,0.8486277,0.16634778,1.1845851,0.98759184,1.7320434,-1.1247928,-1.3014433
0.594578,0.6346489,-1.495784,-1.1071597,-1.4465727,-0.7076991,-1.5970184,1.0473876,-0.0072354794,0.17745825,-1.0642463,-0.22795724,-1.4302508,-0.6721731,0.59009949,1.0774757,1.6217098,-1.2041928,-0.31820449,0.14797748
-0.55823394,0.94144828,1.4675042,0.7466475,1.5190235,1.6278389,0.48891632,1.5575326,-0.33305844,0.52856462,0.38555744,1.2230642,-1.4803774,1.642224,-1.5932255,-1.0596952,-0.61616112,0.57350898,-1.2915108,-0.92196671
-0.39446612,0.96079784,-0.031345233,0.20230295,1.5287789,-0.26458137,0.12585615,-0.39223582,-1.1735531,-0.27177528,-0.75791969,-1.3123718,0.63549091,-0.96446253,-0.57106344,0.046821101,1.2749823,-1.2237129,-0.51266392,1.1287795
-0.61861276,-1.0133457,-0.29062852,-0.28483648,-0.53331167,-0.068891922,0.25401336,-0.5869484,-0.060206077,0.96235473,-1.3554678,1.6691551,1.3794434,-0.72770149,-1.2797535,0.93164942,-1.4651374,-0.36428089,-1.0770791,-1.8113435
-0.66211385,0.63946771,0.59196992,1.5977749,-1.0328829,-0.12371456,-1.4093718,-1.2116084,-0.54920357,1.4292833,0.50544659,1.1363091,-1.522837,1.1307003,-1.3787915,0.28912638,-1.280608,0.018874028,-0.53338271,-1.6359911
-0.119873,-0.39845819,0.45427593,-1.6155438,-0.95007299,-0.79505482,-0.70461546,-0.8078191,0.30917506,-0.83567756,-1.6571746,0.52032984,-1.2883273,-1.5711399,1.4625712,-1.5837716,-1.5765877,1.6694194,1.6041573,-1.4606387
1.1289608,-1.1556933,0.27744819,-0.34162085,0.32185508,-0.73017026,-0.45499678,1.8847806,0.73943512,1.255828,-0.92539809,0.62594988,1.4695744,0.69940763,-0.11319467,1.7293913,-1.5084345,0.37562869,-1.359494,-1.2852863
0.14306958,1.2719451,-1.6389541,0.63100304,-0.74707853,-1.4840875,-0.78816489,0.72380304,-0.26965695,-0.43387936,0.73656478,1.5263914,0.4442581,1.3750225,-0.80941931,1.063378,1.2390671,-1.5351777,0.80975145,-1.1099339
1.5845417,-1.2315089,0.5750508,0.31084016,0.57623932,-0.45026272,-0.40378469,-0.34645367,0.55435672,-0.019086164,0.9191035,1.2664522,-1.2554256,-1.1414571,1.6675019,-0.85615594,0.86237878,0.92325327,-1.0451628,-0.93458156
1.2437445,-1.0729204,0.22205982,-1.4273752,-1.4999964,-1.3705446,-1.5334648,0.58699961,1.072556,0.7419338,-1.2630633,-1.4563947,-1.2649488,1.0879481,-1.1602773,-1.0303604,1.7497297,1.5353075,-0.31483488,-0.75922917
1.6637999,0.89554752,1.0603755,-1.5169539,-1.0924667,0.37910207,1.3251726,1.1060751,-0.70315453,-0.5423217,-0.62862172,0.66024881,1.1846403,1.0034894,-0.21088966,1.1766378,0.71162501,-1.1601741,-0.83954045,-0.58387677
1.34806,1.0779751,0.38619396,0.20473281,-0.28027312,-1.1373651,-1.4587075,1.6617922,-0.48233186,-1.0230084,0.32449153,-0.9301678,-0.40523223,1.2601198,-1.2152109,-1.6324788,1.1603777,-1.5717371,0.24477988,-0.40852438
1.4891629,1.8501765,0.64762409,1.4126954,-1.2899722,0.66649888,-0.45580284,0.076546985,0.28555463,-1.3069642,1.0294251,-1.2950367,-0.78788139,1.1391008,-1.1019623,-0.14400947,-0.97379971,0.27490341,0.33680657,-0.23317199
-0.36257061,-0.05539211,-1.6250133,-1.3985535,-0.3177437,-1.5019615,1.1695788,-0.67781402,-0.5724935,1.3549912,-0.86138222,-0.60979002,-0.87126654,-0.58508621,-0.60752906,0.33062122,-0.34231667,0.20546097,0.98040933,-0.057819597
0.20736879,-1.3491252,-1.0949663,-0.23335362,-0.86746171,-0.24618609,0.0085909429,-0.99281197,1.5673271,1.4030136,1.0217242,0.81550119,0.40355075,-0.30562452,-0.36040617,1.0253715,-1.3749314,0.24025585,-0.86794542,0.1175328
0.28538244,-1.3472132,-0.02558626,0.89743552,-1.0856183,1.0087385,-0.24531207,-0.23626448,1.1716917,0.1805939,1.663815,-0.89825214,-1.1015895,-1.1924722,1.4915276,1.1477391,-1.1029995,1.418653,-1.1912381,0.29288519
-0.15116005,-0.60795035,0.61640296,-1.3872457,1.5960499,0.81219151,-1.1988234,0.24590508,0.23150823,-1.3767048,0.023743925,-1.2999594,-0.057746199,1.6138682,-1.3304058,-1.0316299,-0.93840047,0.10034649,1.0759404,0.46823758
-1.170703,-0.092161582,-0.92024106,-0.97926779,0.18755269,0.062121477,-1.0229019,1.1271869,-0.60658192,0.7346852,0.0036634921,0.55631822,-1.4396216,-0.52976422,-0.22735338,-0.50014073,-0.89106848,0.58323304,-1.6097438,0.64358997
0.28425196,0.042039024,0.76037048,1.2090746,-1.0286369,0.41518641,-1.5717392,-1.2496148,0.48904644,-0.26247538,1.222356,-0.67553629,-0.022454947,-1.7148457,0.77418983,1.3114855,-1.5046266,-0.87295781,1.5854119,0.81894236
0.76681925,1.7308395,-0.35971576,1.6313617,-1.1626243,-0.30353766,-1.33412,-1.4020277,-0.96631119,0.2513912,0.24137855,-0.77287214,0.47815031,-1.542846,0.56056023,-0.60550247,-1.1197584,-0.30492572,-0.94865712,0.99429476
1.1361205,-0.23934569,1.3532619,0.61487761,0.57680773,0.23747187,1.0560662,-0.92778229,-0.81401272,-1.4687437,-0.47474764,0.109936,-1.5694176,-1.3708462,1.524905,0.90513844,-1.3419676,0.62598741,0.17581516,1.1696471
-0.96009447,0.22687776,-0.31474465,-1.3462817,1.3037123,-1.1567053,-1.3703488,1.8244352,-0.18644249,-1.5237937,-1.3138095,0.53110832,0.69783152,-1.1988465,-0.40234265,-0.25002879,1.1944354,-0.79624802,-0.43345558,1.3449995
0.73387278,-0.045740345,0.6589921,1.0918137,0.14049104,1.5236954,-1.6037108,0.98393265,1.4006014,1.4260924,-0.56081058,0.50824352,1.0871469,-1.0268468,1.3912625,1.5912522,-4.378209e-05,0.01840804,-1.0705265,1.5203519
0.51154805,1.6937549,1.4614693,1.5630381,-1.2556553,0.050566417,1.6874674,-0.15107864,-1.4084253,-0.48730626,1.3764233,-0.40332341,-1.5506656,-0.85484712,1.4740924,0.19409615,-1.63825,-1.5242167,-1.2494339,1.6957043
-1.5227566,1.3495452,-1.6686725,0.32514583,-1.2220197,0.056895469,0.66772679,1.8800637,0.80814143,1.4165818,-1.3761244,1.0815703,-1.1878766,-0.6828474,-0.61654491,-0.42305526,-1.2475857,1.2953958,1.0387123,1.5203519
0.74231164,0.65140672,0.20970358,1.3484882,-1.4837591,0.12504544,-1.2942572,0.42239096,1.5075745,-0.65850993,0.62567042,1.6505781,1.3419705,-0.51084769,0.71822339,-0.53516167,0.56802953,-1.2038639,-0.05913491,1.3449995
-1.6439014,-1.4289877,0.082212179,1.5570459,-1.4432718,-1.448854,-0.54945176,1.5253942,0.43379609,-1.1780228,0.52148333,-1.6033004,0.99528785,-0.33884798,1.4394163,0.25254058,1.7317051,-0.8136369,0.67849557,1.1696471
-0.71188965,1.5215703,-1.1599336,0.96973171,0.9999688,-1.6185479,1.2021261,1.2481782,0.26697934,0.3715128,-1.1325923,0.97456609,0.30997058,-0.16684827,1.1710201,1.1173635,-1.4549246,0.75678946,-0.78860229,0.99429476
0.65120583,-0.048406442,-0.092482358,0.12855865,-0.86452721,0.99401893,-1.132855,-0.11556643,1.6463631,1.7220175,-0.73230506,0.95063281,-1.2424844,0.0051514395,-1.6252326,1.2356449,-1.3135237,0.70699046,-0.32276988,0.81894236
0.22306417,-0.70316505,-0.24345947,1.2646633,0.29686213,0.37061065,-0.14777169,1.7521981,0.4547894,0.5422261,1.47027,0.070738708,-0.54642148,0.17715115,1.5313405,-0.93694429,-0.41691615,1.2715037,-1.0418312,0.64358997
0.23950284,1.7952329,-0.83579202,-0.49763674,-0.43901374,-0.62494725,0.49567302,0.44607662,0.20074839,-0.71162258,0.34988189,1.7543768,-0.42925148,0.34915086,1.2117397,1.1581831,0.52322237,-1.2690268,0.55037775,0.46823758
0.39928113,1.5414616,0.67742422,-1.031806,-0.86234944,-0.57864293,-0.09927584,-0.63088796,0.82677742,1.3218355,-1.300326,0.046368322,1.5449255,0.52115057,-0.46501047,1.2993043,-0.90737325,1.2469776,1.0787156,0.29288519
1.3327829,1.6530022,-1.5918157,-0.21569945,-1.2596615,1.6190313,-1.4286055,-1.6227753,0.81026605,1.5014964,-0.85676234,1.7912429,0.33907348,0.69315028,0.83926074,-1.3399823,-1.315192,-0.80073658,1.1388779,0.1175328
0.99076538,0.19522804,0.69564848,-1.0238994,-0.62169266,-1.5654841,-1.4286597,0.16501255,1.5209664,-1.1097084,1.2777669,-0.62576867,-0.81333431,0.86515,0.57599454,0.94397128,0.75009945,1.6421249,0.93691542,-0.057819597
-0.65368882,-0.17868049,1.5165203,-1.1654693,0.036773242,1.258958,-1.5235719,0.70448672,-1.0844235,-0.65371667,-0.85074166,-1.5742884,1.740487,1.0371497,-1.3556843,-0.2412762,1.6439861,0.74572568,-0.29573004,-0.23317199
0.63792007,0.41555454,0.54709763,-0.96718511,1.4197571,-1.4493651,0.79232784,0.22235698,-1.4990962,-1.2543247,-0.28644355,-0.18368466,-1.6667344,1.2091494,0.43058202,1.1729736,-1.3108922,1.2336559,0.63124843,-0.40852438
-1.2394239,1.3724743,0.5414886,-1.5577846,-0.14525166,-0.15037931,-0.47350574,1.1906383,-0.99695974,1.2141114,1.4287152,-1.1954945,-0.010441861,1.3811491,-1.2688458,0.23405428,-0.32268903,-0.470646,0.93685321,-0.58387677
1.5026664,1.1918383,-0.9195493,-0.0088353326,-1.213384,-0.015949164,0.72922803,1.5504229,-0.84688369,-0.50540531,0.76268659,-0.57001339,-0.31781963,1.5531488,-1.4994573,0.7913652,1.1317859,-1.0232183,0.74617811,-0.75922917
-0.46869075,-0.026613847,0.74132497,-0.9116595,-0.55833885,-1.4259658,1.7606023,1.3334763,0.0019880887,1.6400659,-1.3375886,-0.34155966,-1.5509114,1.7251486,-0.07979001,-1.4782516,1.7120189,0.16956279,-0.97584557,-0.93458156
1.6169454,-1.377468,-0.9638491,0.37114836,-1.1932054,-1.3267221,-0.95398352,-1.0793083,0.39331693,-1.0400162,-1.6703166,-0.02512624,-0.50966193,1.5531488,1.5841096,1.0969466,1.1941396,1.0925713,-1.0541553,-1.1099339
0.49622604,0.68019206,-1.1498776,-0.84043622,-0.10294959,-1.5717694,1.6216649,-0.27879225,1.3034858,0.36597361,0.25274021,-1.6507438,-0.46127021,1.3811491,-1.2282864,0.95648303,0.4766093,1.0537195,-0.50927357,-1.2852863
0.93934053,1.4122179,-0.68426969,0.56106306,-0.57895229,-1.1539006,0.68752952,0.0001830779,-1.1021725,-0.50147193,0.062476388,-0.5069626,1.2903062,1.2091494,-1.334745,1.3069105,-0.26785822,0.65590656,-0.88889576,-1.4606387
1.6307912,1.4315675,-0.72497438,-1.4837528,-0.3763208,1.3065604,1.7590579,-0.49223109,-1.6689043,-0.90691343,-1.5170463,-0.63283174,-0.70084625,1.0371497,-0.90870272,-0.43659032,-0.59679491,0.29145282,-1.6446427,-1.6359911
0.47099243,0.83342003,-0.67286079,-1.1315845,-0.63895042,1.4711528,0.56923811,1.5235299,0.80645859,-0.354535,-1.3529836,1.1099856,0.22702869,0.86515,1.5157391,-1.3892592,1.7261773,-0.63197709,-0.86787629,-1.8113435
1.4083006,-0.55961717,-0.027334398,-0.42469188,0.15544777,0.78654237,-0.98195525,-1.3893396,-0.70575804,0.36880537,0.60345083,0.80181214,-1.1047235,0.69315028,1.0270767,-0.14338001,1.1255357,1.306905,-1.2299143,-0.032435584
0.49336007,-0.946927,0.37838698,1.05545,-0.83912337,-0.48858341,1.5219061,-0.89384116,0.80203398,1.6308143,0.1075573,-1.526009,1.0388556,0.52115057,-0.39682066,-1.5542434,-1.1456568,-0.28667682,-1.5853444,0.70173683
-0.60169701,0.99720263,-0.92861713,0.16321483,-1.0777496,-1.1713442,-0.39290284,0.36652711,1.0813378,-1.5915278,0.069918569,1.7137468,-0.18431474,0.34915086,0.47106301,-0.58148469,0.50944931,1.1159837,0.25271488,-1.3334767
-0.0029043785,-0.61889799,-0.96772022,1.7713258,-0.067338332,-0.56881306,1.0644519,0.36366369,-1.3448383,-0.52797645,-0.10720327,1.2822158,0.041793764,0.17715115,-0.63498564,-1.2872417,-0.45832476,0.73071814,0.17263563,1.247956
-0.50671229,-0.18303901,-1.6709726,-0.93359836,-1.3886051,-1.4839328,-0.7318658,-1.3719672,-0.29473426,-0.61624429,1.580219,0.30785823,-0.16037861,0.0051514395,0.71752803,0.34037954,1.3331807,1.0631866,0.41636742,0.79093508
-0.52219679,1.8277253,0.69093225,-0.45562788,1.1697934,-0.086833204,-0.06968182,0.92642532,-0.70141099,-0.090467074,-1.0932008,1.3156648,0.47648808,-0.16684827,-1.5630863,1.4257862,1.5955327,-0.090622791,1.4847486,-0.95268143
-1.1116033,-1.0675493,0.90196625,-1.0332927,1.3984006,0.4995323,-0.12480568,0.47898604,0.77298732,-0.50288781,-0.83411838,-1.2753774,1.6690872,-0.33884798,-0.82709651,-0.30622618,-0.90265037,1.1858887,0.18289998,0.4396341
-0.70934865,0.31767375,-0.023231555,0.088923547,-1.0037638,-1.0030425,-0.17761973,1.3417769,0.49181183,-1.0243759,0.31131849,-1.1304698,0.68600543,-0.51084769,0.24459307,-0.048901878,0.26074654,-1.2407454,-0.46152185,-0.39566053
-0.70558384,1.0912808,-1.4809776,-0.0036319978,0.51287867,-1.0546805,-0.43552596,1.5211516,0.85068113,-0.3345297,-1.2524331,-0.21011915,-0.50665259,-0.6828474,0.79510523,-0.9258708,-1.6387282,-0.60060173,0.19990011,0.2818941
0.16217715,-0.27917427,1.249614,-1.4412601,0.40794872,0.74137809,-1.4784222,0.7194337,-1.4496026,-1.5428769,0.60327487,-0.68283874,1.1770044,-0.85484712,1.3305137,1.0674536,-1.4667369,-0.11828738,0.016565578,-1.1880289
-1.2315105,-0.48620923,0.32271577,-1.3599773,-0.83644225,1.3797044,0.37703277,1.500304,-1.5030554,-0.26978614,-1.4281956,0.29499483,-0.54053095,-1.0268468,0.29113803,0.66237953,-1.2947457,-0.38424983,-0.83250056,0.20260676
0.4402758,0.60439774,-0.23229933,1.3102276,-1.4369645,-0.45712648,0.23081365,-0.63201016,0.62902884,-0.48121108,0.016871034,-0.5215432,-0.59735849,-1.1988465,1.0921953,1.6905585,-1.1227544,0.71982568,1.0531826,0.55868785
-0.87593404,1.5711357,1.1195498,0.37902349,0.18107418,-0.8752273,-0.32149178,-1.5749442,-1.5535641,1.5067421,-0.14371722,1.1593994,-0.49852151,-1.3708462,-0.11205618,0.84438717,-0.9507632,1.6458459,-0.096881474,1.415137
1.1209886,-0.24159399,0.5758925,1.2605189,1.3772564,-1.1984865,-0.29271059,-0.90762974,-0.22803792,0.94362717,0.15685787,-0.87306998,0.73247173,-1.542846,-0.76876788,1.2321459,-0.77877196,-1.5293151,-0.11501171,-1.3615261
0.88599006,-1.2290588,-1.4649275,-0.45761594,1.4920753,0.19179643,-0.54036154,-0.93049367,-1.1248082,-0.41963425,-0.069122901,-1.3409502,-0.70453779,-1.7148457,1.6128035,-0.17928712,-0.60678072,-0.54416583,1.5650905,-1.5098111
1.0144571,-0.79338037,-1.4072969,-0.60704001,0.83972155,0.80215314,0.80229186,-0.88614504,-0.2122786,0.54690195,-1.6817818,-1.2557458,-0.28341144,-1.3899864,0.52635454,-0.71844932,-0.43478948,-0.54829119,-0.18353061,0.30244891
0.09512607,0.29242904,0.52019062,0.80012895,1.3771023,-1.266169,-0.31018319,1.7099165,1.6351937,0.069675497,-1.5454418,1.2203826,-1.5110283,1.2599513,0.91534155,-0.020048895,-0.26279824,1.5074956,-0.17737891,1.6287057
0.49074994,0.45277014,-1.0697188,0.33514577,-1.6292585,1.1808369,-0.63707553,-1.682889,-0.94433313,-1.4810031,-1.3138164,-0.18144709,0.32127375,0.40735212,-1.4086102,1.6313017,-0.090807,-0.10460927,0.80245927,-1.4953866
0.43448511,-0.16319022,-1.293811,-1.396625,-0.67246952,-1.4987432,1.1381796,1.8916875,-1.126545,1.4751404,1.0095172,0.6065854,1.7423051,0.88535996,-1.4458564,1.7307065,0.081184241,0.13746103,-1.4655314,0.95844571
-1.3537374,-0.42191134,-0.39941178,1.0930199,-0.61750491,-1.6299113,-0.14420537,0.59308121,-0.59054944,0.49537094,1.4439377,-1.5784131,0.41445914,-1.4110116,-1.2916905,-0.053888292,0.25317548,-0.86939438,-0.1214399,1.4331948
1.4924575,1.8265498,-0.97932336,-0.87770458,-0.59019381,-0.087172861,1.1899471,-1.5383714,-1.1716713,0.94750874,1.685724,-1.4379738,-0.51117179,0.96883486,0.74445968,-1.4436491,0.42516672,-0.53497628,0.41278008,-0.92484599
-0.78224921,0.2412846,1.6634525,0.1901256,1.3534106,1.054007,1.0863917,-1.5453471,1.2600288,1.5949927,-1.1712454,1.7484863,0.83838012,0.72151648,-0.20462117,0.48964845,0.59715796,-1.482987,1.0470551,-1.2929738
-0.038398757,-0.32443064,-0.21966366,-0.97646626,0.69670126,-1.6951658,-1.413121,0.24258192,-0.73121981,-0.87288059,-0.68085154,1.6453154,1.5282512,-1.038505,-1.0165759,1.3124771,0.7691492,1.0317701,0.29739421,-0.027013688
-1.3422632,0.038654179,-0.92995976,1.4015033,1.0544917,0.22202253,0.11971923,0.61481569,-1.6842623,-0.56482724,1.6533987,1.5497766,0.77169347,0.78171638,-1.0472502,0.59145148,0.94114044,-0.4310302,-1.7216495,0.24275194
0.26694901,1.4944279,-0.76618682,1.1643729,0.74467373,1.4952281,-1.5395644,-1.3053773,-0.076552195,-0.39473554,-0.53121782,-0.10160589,1.4520275,-1.4064227,1.3260279,-1.0734694,1.1131317,-0.93031541,-1.400586,0.363454
0.76995487,0.043494224,0.73404618,-0.78394638,-0.27799948,-1.5198793,-0.282689,-0.4426588,-1.3759455,-1.5618842,-1.4194216,1.7694084,-1.4545609,-1.1120108,-0.35293103,0.80938029,1.2851229,1.6158034,-1.3580148,1.5378591
0.21535477,0.20722725,0.92195909,-1.299918,-0.48796895,-0.29606185,-1.5408819,1.0353041,0.59077886,-1.4296966,1.1064519,-0.89403719,-0.72381275,-0.60841625,1.7351055,-1.07649,1.4571142,0.159174,1.5143874,-0.73841133
-1.0090267,-1.6145983,-1.1512849,0.23868071,-1.0429533,0.35968782,1.28617,-1.330663,1.3932832,-0.86694426,-0.075457553,1.7942402,-0.47344952,-1.1959707,0.93020662,-0.75306587,1.6291054,-1.5215098,0.67388179,0.45619087
-1.1879575,0.19718955,-0.87605713,-0.72551055,-0.89843666,-0.37566935,0.83285451,0.69819878,-1.5210237,1.7122514,-0.35909194,-1.1189906,0.51030756,0.4006235,0.58281182,-1.5858533,1.8010966,-1.0537233,-0.40198168,0.14227151
-0.51814849,-0.9749157,1.0805455,0.66899019,-0.14202268,-0.8264445,-0.040453576,-0.73294663,1.1629908,-0.61100209,0.98833614,0.26233331,-0.26259199,1.6805353,0.63199847,-1.0829288,1.6291054,-0.021221468,-1.0591666,0.13678649
-0.48076651,1.2949946,0.70221507,-0.21579762,-1.5102621,-1.1937582,0.69704309,-0.20391616,0.3053069,1.2377462,1.5478902,-0.59503943,1.1730912,1.4177403,1.6068384,0.96171209,1.4571142,-1.1279593,0.5438528,-1.4783037
1.3281677,1.0796569,-1.2472724,-0.77406565,-0.3388194,-0.90238303,-1.2200452,-0.047126706,0.62613193,-1.3524035,0.83701179,-0.11119447,-1.4159833,0.46207555,1.6576885,0.2157016,1.2851229,0.2800978,0.70013021,1.664169
0.00024852634,-1.18564,0.15745708,0.1096317,1.2230665,0.0029471928,1.4816436,-0.80469142,0.092072166,-1.4779227,-0.95943132,0.8686373,1.5190431,-0.78039188,0.75199959,0.23180723,1.1131317,0.53006248,-1.0353961,1.0351203
0.38648282,0.045838123,0.52014632,-0.76459166,-1.3137906,-1.1374693,-1.2000156,1.2771382,-0.011332969,0.16940502,-0.41110095,0.66747147,1.6225344,-1.4220609,0.071911446,1.5476228,0.94114044,-0.79480894,0.78958217,-0.074369355
-1.4851292,0.93190982,1.1677139,1.5049213,0.0066611821,-1.5575946,-0.75262023,-1.251128,-0.58972657,0.43442262,-0.42152759,-0.91136184,0.90404519,0.17546211,1.414131,-1.0221318,0.7691492,-1.5984458,-1.6500513,0.65212262
0.44617367,-0.12556745,-0.26162238,0.37439168,-1.165819,1.5121437,1.3598232,-0.62453486,-0.68823832,1.2437861,-0.14773676,1.3342799,1.0493104,-1.3960064,-0.36055956,-0.8790625,0.59715796,1.1382072,-0.019611956,-1.3690452
0.85765541,-1.3234096,0.16299797,-0.93662779,-1.2968958,-1.2223768,-0.86018219,0.66582874,1.5375823,-0.34639198,0.69619,-1.5836272,-0.64437194,-0.038498647,-0.69413574,0.1428254,0.42516672,0.34528125,-1.4304079,0.035822088
1.265158,1.6750957,0.65070122,-0.070416309,-1.5232807,1.536229,0.66840754,-0.08405795,0.49127224,0.57115488,-0.46198518,-1.3381645,0.12322926,-1.6680618,-0.08068989,1.2248351,0.25317548,1.6980331,-1.7496881,-1.1075457
0.45679398,0.78948786,-1.0334168,-1.0774544,1.0690615,0.083899873,0.24259978,-0.29308039,-1.6932194,-1.6429311,1.0406557,-1.1280588,1.2855931,-1.2071128,0.72251146,1.3997921,0.081184241,0.30262624,-1.5768875,0.72792395
-1.4391113,1.4138147,0.48791992,0.76958916,-1.0093486,0.9952464,1.3896746,-0.97607671,-0.86470019,-1.5942007,-0.59087257,-0.36241239,0.052515157,1.6170743,1.0781722,-0.65327429,-0.090807,0.88767717,-1.4040869,0.41589489
-0.19051604,0.19883595,1.2714368,-0.60154215,-1.3806029,1.0770196,0.13980645,-0.34487173,1.0270115,1.6875254,1.0428431,-0.81141724,-1.2882061,0.38967399,-0.45403806,-0.55308885,-0.26279824,-1.123063,-1.2312863,0.045396328
0.65366385,-1.2919333,1.6553149,0.31188855,-0.068228613,-1.1679476,-0.1143438,0.36073873,-1.5561879,-0.67288281,-1.3857713,1.1599024,0.23577272,-0.0021895082,1.2354502,-0.20094883,-0.43478948,-0.77321932,-1.0584857,-0.81815458
1.5010139,-0.70732883,0.060035021,1.2248143,0.78874951,-0.80248691,-0.57459211,-0.72626773,1.477469,0.24332415,-1.318043,-1.6512398,-1.5732962,1.5877036,1.4099009,-1.5304894,-0.60678072,0.68302293,-0.88568512,1.3387465
0.84604981,0.78431499,1.6421886,0.084817681,1.1620172,1.3752283,1.4510607,0.6504908,-0.1058619,0.075566926,0.051632264,0.047030919,0.32130492,-0.96928196,0.49038999,1.4171637,-0.77877196,-0.6963622,-0.71288452,-1.0565251
0.22504856,-1.3904196,1.6381811,-1.6218621,-0.82612526,1.5026299,-1.4459833,-0.70691521,0.95335782,1.7105662,0.22090134,0.46758573,-1.0091937,-1.3824941,1.3416872,0.98558921,-0.9507632,-0.62589527,-0.54008392,0.74953087
0.057481354,1.1838435,-0.15704079,0.49166657,-1.1034822,-1.0633165,1.1772567,-0.15786252,0.27240894,1.6686597,1.7128154,1.0401805,1.4382552,-0.51533689,-0.95264348,-1.65765,-1.1227544,-0.89705554,-0.36728331,0.89666205
1.3408692,-0.86917116,-0.50452497,1.0446156,1.5191878,0.11453289,-0.60869399,1.0053377,-0.35570087,-0.74326915,0.35270764,1.4587649,0.27900113,-1.3640213,0.67104784,0.79440347,-1.2947457,0.45605268,-0.19448271,-1.7898208
0.88717586,0.51713884,0.1421055,-1.1798311,-1.453695,0.71597781,-0.3719994,0.80699065,0.92542744,-1.6332997,-0.89420786,-0.84781151,1.1984541,-1.476289,1.3076861,1.4083091,-1.4667369,-0.90506984,-0.021682107,0.93145898
1.0830155,-0.95260971,-0.51250234,1.2876155,0.27256772,0.93144807,1.4179037,1.4288633,-0.53326889,0.78688616,1.678275,0.72192237,0.31205183,-0.45315899,0.40707264,0.10046901,-1.6387282,1.6870961,0.1511185,-1.1620276
0.73183307,-1.1708437,0.81177187,0.097243973,0.70541232,1.0730413,0.44968341,-0.54878273,-1.5789686,1.5199408,0.86644239,-0.96882392,-0.98005959,1.200147,-0.55245909,1.1528345,-0.32289198,0.46098667,0.3239191,-0.85275512
0.73851571,-1.2653113,1.5117189,0.65115369,-0.81376404,0.3273128,-1.3297646,-0.15877114,-0.49576421,-0.89555534,0.48611141,-0.82360764,-1.1328498,0.91649879,1.7436714,-0.70935914,0.99866807,0.22869525,0.4967197,-0.058222907
1.5261542,-0.971892,0.72393901,1.2852488,-1.4419912,-0.041917784,1.6070236,-1.2157497,1.3676394,-0.25535801,-1.0471711,-1.5167812,-0.51004632,-1.1890013,0.63061457,-0.52302619,1.053406,0.67643743,0.66952031,1.0627664
0.13906277,-0.18248313,1.2698181,-1.3420707,-0.88905446,0.40858832,0.371834,0.60222171,1.0452765,1.4647389,-0.82437833,-0.10311148,-0.74362447,1.2396966,-1.6242339,0.46190317,0.58959379,-1.440123,0.84232091,-0.41721485
-0.49528647,1.2342126,0.3325844,0.58145915,-0.25655054,-0.95962363,0.55560277,-0.56577501,-0.1803283,1.5228244,-0.1140244,-1.0354548,-1.4168109,-1.0207821,0.58072914,-1.028662,1.0666012,0.094343469,1.0151215,0.66114976
-0.13620449,0.80439392,-0.078613114,0.61399052,0.65880266,-0.0038358563,0.81575785,1.8523128,-0.071618345,-0.086623487,-0.22219997,-1.5402566,-1.4958916,-0.078798179,-0.95271165,-0.84802225,1.0086504,0.70599338,1.1879221,-1.2544769
-0.91950774,0.90245883,-1.6885494,1.2569214,0.14656892,-1.149169,0.26979255,0.66695456,-0.90876422,-1.2887132,0.46622419,-1.3203993,-0.092774265,0.7184136,0.92752743,-0.8047797,0.5858891,-1.3396376,1.3607227,-1.7654924
-0.79180818,-1.5220107,1.4330117,-0.77060845,-1.0657411,0.12412736,0.18415007,0.56356011,0.96898899,-0.79234482,-0.17555264,0.43673161,-0.99469415,0.55104756,1.1848115,-1.3969393,1.325393,-0.78476622,1.5335233,1.2044651
-1.1667031,-1.4898476,1.1408035,-1.075533,0.22379057,-1.4951549,1.1064722,-1.5869662,1.0284346,0.17747897,1.5134912,-0.16396979,-0.38046152,0.87887901,-1.1198133,-0.96820257,-0.68110158,-1.6084576,1.7063239,0.19718136
0.48464118,0.53786571,0.83640937,0.45149149,1.611082,0.4317657,1.7507941,0.88065766,0.30065633,0.60063965,1.0659632,1.6235989,0.59432644,0.9462169,1.1754138,1.2612275,-1.1076502,-0.79270514,1.5335233,-1.533936
-1.3181635,1.149641,0.55293498,-1.2303217,1.631038,0.33435143,1.5381662,-0.8447974,-1.0478698,-0.68738346,0.24420775,1.3904307,-0.73284421,1.5252023,-1.6101562,0.73207329,-1.2619642,1.7210413,1.3607227,-1.0551574
-1.2129803,-0.48803266,-1.4758355,-0.94913823,-0.89728957,-0.17389635,-0.772616,1.0016743,0.9260075,0.2203386,0.85733719,-0.45434338,1.6755561,0.12361796,0.81713186,0.29839942,0.54950263,0.52897632,1.1879221,0.5454768
1.3584141,-0.34429713,0.83561879,-0.20740356,1.504101,0.91146212,-0.90383151,0.9234533,0.19542334,0.15323295,-1.0373379,0.08237405,0.040934944,-0.44904476,-0.64655115,0.10436882,0.90765719,-0.53623034,1.0151215,0.67648959
1.2683731,-1.4265022,-1.4962951,-1.6361713,1.009375,-1.6564886,0.34337795,0.4382357,0.3546083,-1.070903,1.2926996,1.1970426,0.28841697,0.44022127,-0.85335325,-0.35475405,-0.92065442,0.53175854,0.84232091,-1.0633954
-0.012809063,-1.4746158,0.61880196,0.14535378,0.40842126,0.35650648,-0.28452804,0.7359047,-0.74809203,0.70830154,-1.3316784,-1.1539764,0.37052775,-1.6772397,-0.14893424,-0.24029157,1.7661824,0.093846644,0.66952031,1.5696119
0.2374251,-0.43342902,0.51385916,-0.9360177,0.068155665,1.2153037,0.069611252,-0.019183924,-1.6912634,-1.694286,1.5712345,-1.3927854,-0.9052938,1.4962341,-1.31128,-0.53104032,-1.5759514,0.4766418,0.4967197,-0.73115174
0.40005898,-1.6038348,1.537089,1.6788228,-0.95553795,-0.82453098,-0.98613798,-0.44196738,-1.6542208,-1.2917487,-1.4909969,-0.55710142,-1.3499892,1.1320867,-0.027532173,-1.2964971,-0.57921741,1.3655167,0.3239191,-1.7059988
0.2374251,0.16919377,-1.350266,-0.56169316,1.0638499,-0.70857683,-1.5146984,-0.070526389,0.44217992,-0.91908997,1.2771873,0.81321158,0.27321794,0.86582079,-0.90146618,1.7228225,0.048468067,-1.3545663,0.1511185,-0.084795809
0.51443821,-0.84642968,0.21008183,-1.3062609,1.1780491,1.5516918,0.59105938,0.92935752,-0.44904945,-1.0190543,0.9562316,-1.1596449,0.92441791,0.70425115,1.3439574,-0.71913504,-0.15813125,-0.64797486,-0.021682107,-1.4943485
1.3322022,0.1388116,-1.0459877,0.52659272,1.3235416,-0.90934432,-1.3187608,-1.4732693,-1.4944591,1.3705589,0.30715059,-1.1619137,0.41160564,0.64521052,-0.70475024,0.59018202,-1.3603122,-1.190477,-0.19448271,-0.92250679
1.4055314,-0.25300899,-0.78427136,-1.5282477,1.5132127,1.2170289,-0.50442062,0.73522414,0.18304993,0.3849878,0.58769701,1.1097185,0.33519494,-1.2446053,-1.0683804,0.5341675,-0.017394258,0.35329555,-0.36728331,-1.3616488
-1.1957015,-0.4172023,-0.1319194,1.4368993,-0.36710639,0.15261145,0.70067376,-0.39392998,0.56681444,0.14956893,1.3534998,0.49517544,0.13932173,0.88659148,0.12652124,-1.668836,1.13924,1.7475614,-0.54008392,-0.79931823
0.40000021,-0.36450352,-0.89689166,1.3028188,-0.1488436,0.68529099,0.87693734,0.94940146,0.22674638,1.3165864,0.1054561,-0.0017722978,0.63913051,0.68342542,-1.2823031,-1.2387314,-0.00059071424,-1.1259103,-0.71288452,-0.22429916
-0.41745605,0.32201102,-1.0878953,0.42645307,-0.73246764,0.33990365,0.23556536,-1.3448787,-0.63495409,-0.70474694,-0.28199619,0.89066952,-0.80793552,0.84381171,-0.58368904,0.81337857,1.6300066,0.87027801,-0.88568512,-0.81933646
1.2352503,-0.30212465,1.5680614,0.7722294,-0.067365725,0.7351802,-0.0046582911,1.2524751,0.99360765,-1.6151454,1.0827935,1.7915378,-0.019708802,-0.58965452,1.0932793,-0.079815537,-0.38993761,1.7446113,-1.0584857,-0.14158894
0.017987073,0.77747803,1.0193369,-0.25272587,-0.34002128,-1.0893625,-0.14162123,0.99148035,-0.07142949,-0.24760522,0.43232207,-0.47582054,0.73249597,0.72671431,-1.116357,1.1947056,-1.2120557,1.2219,-1.2312863,0.31402217
-0.53046625,0.093346335,-1.1789042,0.42752951,-0.80073511,0.93482446,-0.16102432,-1.5607792,0.70301973,0.95130399,-0.0030679382,1.6887173,1.7130983,-1.1780105,0.012314811,-1.2675562,-0.17636232,-0.85233786,-1.4040869,-0.24286898
0.2554333,0.77370372,1.3172905,-1.0544707,-0.91390701,-0.38099625,1.1989865,0.60542179,1.4399474,-0.08284206,1.058214,-0.15340987,1.5387718,-0.79197778,0.80176571,1.1624381,-0.42730786,-0.26670445,-1.5768875,0.31911089
-0.45155374,1.1821334,-0.7323077,1.7450111,-0.48756147,0.12042476,1.4377471,0.85734486,-0.096162816,1.4067881,0.5168186,0.019028391,-1.5560367,0.87760965,1.3156521,0.49886523,-0.37370851,0.80518365,-1.7496881,0.22598124
-0.68426024,1.2559379,1.597013,-0.12880305,-0.40547752,0.68582906,0.69578997,0.14724559,-0.70134354,1.2522538,-0.32605583,0.71156366,1.5524505,-0.85808759,-0.21862726,-1.2981288,1.5794137,-0.21312615,-0.9905198,1.4196716
-0.16122376,0.96367283,-0.37983127,-1.6328403,0.54497674,0.83597422,-0.22502502,0.85899558,0.70981516,1.4265206,-0.17609433,1.1648286,0.58089007,0.043813535,1.1288723,-0.26630321,0.50287924,-0.60802327,-1.3350462,0.86165821
0.37438632,-0.066700891,0.68100569,-1.298796,-0.8998029,1.5546613,1.6508423,0.16774565,-1.4575952,-0.10601409,-0.4328237,1.1549035,-0.04435831,0.97717341,-0.12273204,-0.025362345,-0.50007736,-0.70199516,1.6079762,1.649243
0.86190076,0.032355393,1.1563459,-1.0896774,-1.3730046,-1.0555212,-0.1917834,-1.1322689,1.5582452,-1.4638917,-0.75631878,0.86482477,0.06504769,1.3227793,0.95905052,-0.42465528,-0.59843915,0.40900506,-0.13744814,0.63474169
-0.066940843,0.5268685,1.2447853,1.2152807,-1.2269163,0.94758346,-1.2985618,-0.406314,-0.47976882,-1.0160844,-1.2851208,-0.41263099,1.095555,1.3496422,-1.4292018,0.98494568,1.7220667,0.34750839,-0.94229115,-1.667537
-0.86456699,1.4927213,-1.6264241,-0.18976692,0.61690121,-1.1932201,0.11201761,-0.57349285,0.9943361,-0.91614426,0.46682108,0.47734776,-1.0720676,0.050232564,1.4186918,0.1114546,-0.96098292,-0.40177577,-0.48057485,0.90273977
0.36528369,0.68432044,1.4039613,1.5585641,-0.13787602,-0.51773674,1.1621244,-1.0284835,-1.4904459,0.23344409,1.6074207,0.6405062,-0.62125307,1.3762299,-1.3821251,0.39875716,1.5859562,0.23074765,-1.2378458,-1.2224786
-1.5015298,0.99691937,-0.012364475,1.4084388,0.89951765,-0.74247526,-0.29929118,-1.0899836,1.0789535,-1.5354902,1.1596512,0.87820506,-1.1803239,-0.79197434,0.41332409,-1.6988775,-0.95531065,1.3610418,0.18977399,0.29259761
-1.475705,-0.18104917,0.074456308,0.58262675,-0.97284023,-0.068626249,-0.29931828,-0.41660566,1.1731721,-0.97925783,0.22492433,0.35972119,-0.0093060031,0.093442331,1.3699108,0.47754813,-0.44519839,-0.73639259,0.96734906,0.60808111
-1.6035671,-1.5154889,0.86475102,0.67979307,-0.67335638,-0.62904331,-1.2506248,0.18736243,0.076825456,-0.1425817,-1.1873132,1.7407294,-0.8551706,-1.6556399,-0.8068117,-1.2229668,-0.90245774,-1.1410172,0.9657351,-1.443349
1.3321607,0.1704507,-1.6331645,-1.3925542,1.4586932,-0.41192857,-0.71126378,0.66060146,-0.9225844,0.25197136,1.0516378,-1.1650116,-1.0421682,-0.53803397,-1.105405,-0.34067041,-0.82908628,-1.4321224,1.2530438,0.62383477
-1.4670518,-1.4512477,-1.190998,1.4853212,1.7022879,1.1716628,0.98428594,-1.5378573,-0.12262282,1.2357329,-1.4837549,0.4439161,-0.57890772,0.83304453,0.38177032,-0.71921944,-1.114774,-1.1930057,-1.0914837,-0.1445033
0.99958452,-0.13349139,0.83843012,1.6814981,0.092097389,1.0172064,-1.4810538,-1.1824602,-0.89851207,-0.86425064,0.52781454,-1.0633463,-0.13161854,-0.35958083,-0.02591307,0.6274465,-0.72951023,1.7463588,-1.5385258,0.98906224
-0.82227589,1.2964073,1.1573921,-0.91719242,-1.1712395,-0.50649443,0.79555209,-0.30251773,-1.3198015,0.6957175,0.64537132,-1.2482178,1.3828925,0.063693261,-0.55471561,0.60719842,1.3382235,1.2819438,-0.78405072,-1.4034423
-0.26065435,-1.4681152,-0.3540079,0.60547023,-0.55512014,0.55332924,0.23990387,0.71160002,0.88531925,-0.66987148,-1.6355347,-1.3566201,-1.1826164,0.38830488,-1.5147518,-1.2522383,1.5785297,1.3564745,-0.56318736,-1.0854092
0.98150718,0.63060196,0.51497347,0.94637982,-1.2051626,-1.5174445,0.14122892,0.76772451,0.5245479,0.30488026,0.7621104,0.35091663,-1.6697506,1.2066038,0.44124084,-0.8651336,1.0981168,1.4409587,-0.16452254,-1.04902
1.5781633,-1.6748988,0.31656491,1.0141564,-0.18927266,-0.2188084,0.56493685,-0.32773827,-1.4686972,1.4442121,-1.1919676,0.37444402,0.98449027,-1.6271465,-0.2581402,0.84211199,0.79937494,-0.62385657,-0.26708316,0.36757128
-0.728031,-1.1785092,-1.5478703,0.76851623,1.5811309,1.0848755,-0.96172917,1.4773387,-0.60280481,1.34479,-0.45995643,-0.54209759,-0.82045766,-1.2512273,-1.3103835,0.23813343,0.43478103,-0.93238494,0.85535699,0.048149361
-1.0632795,0.24635832,0.2925442,-0.18064706,1.3778454,-1.4721255,-1.3768786,0.37953015,-1.1754215,-0.97775562,-0.093043457,-0.6071327,1.4281052,0.43677783,-0.55209096,-0.59557535,-0.51705289,-0.89365657,-0.30199925,1.174529
1.2376081,1.4457548,-0.14548877,0.46785184,0.0091163045,-0.13872336,0.43051741,-1.1933383,1.1990993,-0.27314281,0.72977469,0.38127814,0.70780837,-0.92260124,-0.63386761,0.1303664,0.75341888,0.37635166,-0.63497564,-0.85928173
1.2488472,1.3656232,-1.3614636,-0.22629546,0.11037898,1.3714853,0.87847157,0.26522502,-1.5987343,-1.5873907,1.4847024,1.2128061,0.98754116,0.77409335,-0.058172425,0.37846337,-1.1615453,1.2614781,-1.3622554,1.2820235
1.5780769,0.92729637,-0.98029795,-0.86720675,-0.64338813,-0.045045317,1.6857943,-0.55522271,0.18859419,0.38443181,0.45574924,-1.4234938,-0.54764045,0.4818624,-1.6337781,0.59824187,0.34142763,1.6321164,-0.74763127,1.5312238
1.2084818,-0.10541417,0.43715917,-0.15398523,0.41426972,0.33977249,0.94802666,-1.0017896,0.53644917,1.5211495,0.94060889,-0.1613645,0.23309583,-1.2141064,-0.639468,0.93271844,1.6194361,1.1837986,0.73381596,-0.75957636
-1.0666917,1.7210461,0.26006904,-0.95280231,-0.91171555,-1.0894667,1.0217408,-0.87194378,1.2905222,0.87332371,0.9142352,1.2409821,1.3936624,1.3778605,-0.54301376,-0.51537074,-0.32127526,1.0590201,-0.41328284,0.6745572
-1.3825733,-0.35479156,-1.6659327,-0.61871245,-0.020632794,0.80756074,1.7136373,1.4408455,-0.82386693,-0.34251732,0.72210135,0.51739152,-0.27561973,-1.0942673,1.2625421,1.4869981,-0.50795111,-1.6316714,-0.72783177,-1.3953691
-1.5516859,1.1663847,-0.25049632,-0.49289974,-0.73534736,-1.2226593,0.83993296,0.99119075,-0.549787,-1.4524853,-1.6509745,-0.11241906,0.827212,-1.4865642,1.2559429,-0.28822515,-0.46663882,-1.4701039,-0.70607272,0.99718807
1.166367,0.035106465,-0.039745156,0.051946209,-1.1346831,0.30387311,0.8189584,0.64150596,1.3445113,-0.71837044,-0.99327478,-0.64326678,0.29690821,0.29893383,-0.62022964,0.22733422,0.495862,0.28715271,0.15893945,-1.1142231
1.3137272,-1.3708186,-0.7070466,0.5979282,1.6597462,-0.3240146,-1.0244124,-0.3681049,0.24302842,-0.24767774,-1.1464312,0.41163618,-0.24416893,-0.26292387,0.061317398,-0.55534294,1.0507298,-1.0812611,-0.24681019,-0.42874953
-0.72230944,0.41283888,0.51429534,1.1249447,-0.91337285,0.40631498,-1.5772462,1.7067852,-1.12755,0.7009528,1.2687135,0.58676299,-0.15448807,0.76730624,-0.050768862,0.81926873,-1.2109275,1.0777933,1.0065506,-0.83718032
-1.4041078,-0.14034605,0.18531143,-0.3501236,0.011523489,-1.418305,0.87747585,-1.0255187,0.31474967,-0.70751654,-0.67645593,0.75938165,1.5305679,0.71515937,-1.1279157,-0.31957486,0.32677397,-1.5095997,-0.28515464,-1.7581697
-1.510712,0.65252202,-1.2433842,1.3946906,1.1382432,-1.3757437,-0.58380764,-0.35407015,0.76569615,0.022295425,1.2981751,-0.69115069,-0.40964407,-1.4873073,-1.6224171,1.2184104,-1.4867739,0.64973565,0.49177761,0.14911376
0.88289593,-0.97933087,-1.5627857,-1.3668742,-0.60194553,0.4467476,-0.24396073,-0.11244599,-0.75183541,1.4878833,-0.97340826,-1.2728137,-0.90779408,0.17866131,-1.6210741,-0.74541746,0.13183566,1.3034855,1.6277549,1.5239291
-0.43089392,-0.90224067,0.83866525,-0.93155419,-0.1151396,-0.45517261,0.50975541,0.034113341,-0.23088087,-1.3584918,-0.95387642,0.79429461,1.7538749,-0.018312761,-0.051205167,1.6415031,0.32993517,-1.4095392,0.43182962,-0.41701845
0.1512215,-0.095886328,-1.4848351,1.0342475,1.5149761,-0.23707253,-0.82485429,-1.6385151,0.13200162,-0.52418121,1.0876998,1.5497072,0.010000123,0.037071146,1.6158986,1.6842288,-0.21003477,0.609438,1.2018844,-1.7942151
-0.93889879,-0.89754225,1.1573035,-1.1928009,1.6327569,-1.4471994,0.077082574,-0.35486293,0.29868684,-0.020094545,1.1403678,-0.08620658,1.036151,-0.9699046,-1.592721,-1.5334749,-1.1616589,0.55670944,-0.68599329,0.72593195
-0.31750689,-0.016069842,0.13165075,-0.69989359,-0.034062348,1.1675466,0.22452772,0.75902565,-1.2405901,-0.49697566,-0.46874076,0.53723821,0.99491384,-1.1228467,-0.34399699,1.6529916,1.6068463,0.89260773,0.078562979,0.73064893
0.99287769,1.3700667,0.74388755,1.7918025,-1.5647815,-1.0043709,1.0878345,1.4786745,-0.37063057,1.4277638,-0.80914895,-0.99826612,-0.10118585,0.45846356,-0.52886791,-0.47629174,-0.08451212,0.077612457,1.4581062,1.3692823
0.53529855,-1.2938488,0.53028416,-1.3954259,0.94132322,0.36688115,-0.560591,-0.63766098,1.3048955,-1.6689452,0.16038747,-0.094358951,-0.24367372,-0.037542329,-0.087998011,-1.5296313,-0.86811797,-0.91319722,-1.663122,-0.25095272
-0.52329616,-0.3659481,1.6573152,1.3581971,-1.178687,-0.56897785,-0.76661117,-0.28753817,1.5358354,0.013092226,1.3060038,0.06483431,1.7098465,-0.78204996,-1.5396008,0.2658752,0.88520545,-1.4603729,0.09039982,-1.5876991
-0.61247289,0.92975003,1.4822833,0.60252495,1.5130791,-0.35107618,1.326209,1.7096486,1.575232,0.99980295,-1.1643966,0.28221469,1.2892812,-0.41884849,1.2607355,-0.28246159,1.1970118,1.2929254,-0.2795559,-1.4582399
1.622062,-0.64057728,1.4277605,0.67056451,1.6381466,1.4752051,0.3268706,-0.1876153,1.0582502,-0.73408667,0.18550872,1.3385573,-0.98677778,-1.4254424,0.10524111,0.34534486,0.79275328,1.4126602,0.73807376,0.54070722
0.78982301,-1.1712048,-1.0300091,-0.91411039,1.6014875,1.4455575,-1.4168024,-1.5201628,-0.2616171,-0.063593042,-0.49434504,1.3620674,-0.99758921,-0.69205971,0.76366395,-0.6400311,0.45394086,-1.2610227,0.85945236,1.4274923
-1.1835808,1.1330567,-1.4810662,-0.12345246,-0.68047863,0.84093792,0.18463438,1.4490049,0.6602507,1.2590431,0.22864714,0.23155897,1.434671,-0.073672588,-1.3963323,-1.5579322,1.7418113,-1.3286184,-1.5495747,-0.10530502
-0.52760374,1.1006174,-0.56120826,0.92645357,-0.869571,-0.63141082,0.79850201,1.1222782,0.48019384,-0.19887834,1.5733323,-1.294329,-0.43988283,-1.6559564,-0.93900211,0.084788884,-1.1430907,-0.75567626,0.76295705,-0.62684863
-1.4980416,-0.94066362,-0.54794218,0.66056457,-0.97451122,0.59818413,-1.3542377,-0.25045488,1.4204987,-0.41808024,-0.85351911,-0.579373,0.51487524,-0.74453338,0.7899616,-0.30530837,0.62527509,1.1182965,-1.6669201,-0.36133004
-0.22095609,0.37658988,1.2862056,0.87034241,-1.0639708,-1.1329226,0.77274864,1.8878902,0.60128732,-1.6547485,0.56352113,0.38744966,-1.1717218,1.6872054,-1.0493091,-0.77987224,-1.0772937,1.1060986,-0.042812165,1.4846853
1.4163591,-0.7883633,0.13280936,1.5758922,-0.39527695,-0.2334002,1.3499743,-0.10844227,-1.5402599,-0.29868384,0.54393754,-0.77567517,0.57369746,0.63931781,1.2906156,1.0058935,-1.2852002,0.62673779,1.6203902,-1.2430054
-0.95380941,-0.73095548,-0.02134711,-1.5399166,0.78022336,1.3344997,-1.3034388,1.5948005,-0.46679175,0.088979768,0.40555506,-1.0961674,0.39568978,-0.34707645,0.70909165,-0.99894744,-1.4821164,0.45532629,-1.1585442,0.12315459
-1.2190095,0.36923245,0.20973425,0.59463579,-0.67224695,-1.5005491,1.0774573,-1.3643435,0.084824836,1.2399598,1.3282475,-1.4476318,-0.11150207,-0.61746687,-0.64718857,0.44962351,-1.0853188,-0.76843267,0.072169356,0.17610751
-0.97062836,0.39655905,-0.82913683,1.8156278,1.0905549,-0.63935408,-0.5920139,1.734909,0.19659694,-1.70428,-1.3781428,0.11587162,-1.1438067,1.2656685,-0.61834467,-0.18224099,0.93105832,0.0368077,1.2918202,-0.32525304
0.17276289,-1.1821843,1.5748597,1.0536898,0.23010129,-1.1901464,0.59344031,-0.95277115,-0.54810079,1.0474213,-0.8147556,-1.1297934,0.072835937,-0.80259704,0.22739649,0.59778824,0.59698597,-0.7811651,1.0652717,0.39362163
-0.62247783,0.56723526,1.2834386,-0.45673937,-1.2206775,-0.63240625,-1.4087486,0.35550059,-0.97995938,-0.41616018,0.98962308,1.2420228,1.3515075,0.4338848,-0.46212336,-0.15090535,0.92897034,-1.148192,-1.1142416,0.28004589
1.5964757,0.89021532,-1.3307775,-1.1657358,0.02879495,-0.26201881,0.61428618,-1.4660981,-0.26760652,0.5687099,-0.22208956,-0.67814852,1.4686117,0.43063744,-0.79174552,0.83797306,-1.4143278,0.071496369,1.399513,1.345999
0.043085855,-0.2485832,-1.1948385,1.1042926,-0.021317626,0.2796734,0.16699922,1.0003964,-0.72930765,-0.37384618,1.4883424,0.39313203,0.19307415,-0.00066903072,1.3588872,-0.84217781,1.4690641,-0.98354079,0.27292564,0.9046967
-0.51714938,-0.55154453,-1.4421131,0.058176887,-1.2385482,1.1418605,0.37244024,-0.5901702,1.210896,-1.2594357,-1.1269753,-0.17631283,-0.8686035,-1.0803112,-0.13673132,-1.3449898,0.29592906,0.31100717,0.12693678,0.18274635
-1.687852,-1.5475352,0.24348047,1.4058336,-0.52161474,1.0160327,1.3881674,-1.1921292,0.88543054,1.0920145,0.96253175,0.54669843,-0.90441767,0.73664213,1.1320014,1.2234426,-1.6063801,-1.2981064,0.62658972,-0.49000362
-1.4363214,-0.74072762,1.3386532,-1.5189104,-0.5402182,-1.6054156,1.2041209,-0.22197272,-0.096156072,0.70742784,1.2825455,0.44751702,1.5442363,-0.40214044,0.18235133,0.67854846,-0.13520826,0.078876791,0.086532543,0.028068005
0.62525659,1.6182155,1.1606907,-0.70343845,0.65980936,0.95241936,0.72156704,1.3359306,1.5550717,-1.2219322,-0.18176309,-1.0608382,-0.28222018,-1.064986,1.3837294,-0.82055477,1.3444324,-1.2684854,-0.54865828,-0.42239826
