1.0,1.0,1.0,1.0,1.0,1.0,1.0,1.0,1.0,1.0,2.0,2.0,2.0,2.0,2.0,2.0,2.0,2.0,2.0,2.0
1.2467886,2.0961841,0.63151743,2.0127299,0.67385003,1.7901555,0.87441211,2.1328304,0.82587635,0.9726145,1.9203439,2.5055261,0.12715653,2.078076,1.0211675,2.2294291,2.2902467,1.5040778,2.1416023,1.4016579
1.1749374,2.0932176,0.66253409,1.9380139,0.74793251,1.795058,0.92299977,2.029373,0.88131401,1.1125787,1.9255989,2.4787027,0.12224287,2.0116254,1.0227906,2.105229,2.2897251,1.4897155,2.1515685,1.3684963
1.0688188,2.0563819,0.59769224,1.927147,0.75819023,1.7757414,0.96420675,1.9404839,0.81807343,1.1833799,1.8505462,2.4546928,0.04658528,1.9081253,0.98823062,1.9803037,2.2506374,1.4044988,2.0351355,1.248251
0.96431914,2.0215815,0.54600573,1.8550447,0.63593978,1.7349427,0.94424257,1.8521795,0.67420479,1.1647116,1.776972,2.4335438,-0.028615048,1.7496509,0.99258997,1.8584361,2.1715176,1.280276,1.9080631,1.0911952
0.89521856,1.9171253,0.54760607,1.7841208,0.58295696,1.6302395,0.81159329,1.7998092,0.54696274,1.0285991,1.6608072,2.4210456,-0.065844159,1.6320473,0.9645297,1.737539,2.0940444,1.1159958,1.7498645,0.93106107
0.79047285,1.8292893,0.4362115,1.7144189,0.46406084,1.5285163,0.66374088,1.6961857,0.48593278,0.90921516,1.5452089,2.3672744,-0.17827735,1.5154013,0.97256995,1.6414648,1.9750801,0.97659937,1.592447,0.80752055
0.72088513,1.7067787,0.34810914,1.666451,0.36768108,1.4462779,0.51636665,1.6105492,0.37545824,0.85104776,1.4353277,2.2769308,-0.25242448,1.3997853,0.94491449,1.4977367,1.8893809,0.87002517,1.4358986,0.64733018
0.68801032,1.600523,0.30806477,1.6436017,0.28487443,1.3477857,0.35202208,1.5278234,0.26511835,0.71357049,1.3158765,2.2632232,-0.36482019,1.2749429,0.91890832,1.3794308,1.7405128,0.69779974,1.2803141,0.52391826
0.58798842,1.5126831,0.20785679,1.578201,0.20572395,1.2661347,0.26916631,1.439301,0.15492875,0.57724593,1.2083696,2.2130118,-0.4772084,1.1611144,0.89458892,1.2600864,1.6250665,0.55839992,1.1566101,0.36367164
0.51849419,1.4415499,0.14622752,1.49159,0.13045845,1.1698588,0.27190547,1.3368171,0.044901972,0.44569837,1.0960417,2.1640486,-0.58958911,1.0065202,0.87198252,1.1435545,1.4665611,0.45182909,1.01946,0.24041242
0.45331537,1.3888366,0.085766825,1.3620252,0.039979195,1.0735829,0.22983567,1.2537791,-0.064952589,0.3113572,0.93778453,2.0758195,-0.66292292,0.89498431,0.8511266,1.0506437,1.3403697,0.31242927,0.8824755,0.11745059
0.34685235,1.2839442,-0.039377276,1.3208606,-0.068766305,0.95502647,0.14178225,1.1491079,-0.18505553,0.17847801,0.82674621,1.9878606,-0.65785185,0.74225961,0.8231338,0.93244338,1.2014251,0.19810932,0.74567028,0.033167998
0.24508363,1.1778221,-0.098471341,1.3256807,-0.15832543,0.85875057,0.028816474,1.0635853,-0.26460333,0.064499774,0.71669621,1.9414236,-0.60839669,0.63345917,0.76881621,0.79274343,1.0448628,0.058736549,0.62394127,-0.088620401
0.17568289,1.1082605,-0.21326863,1.269634,-0.24679404,0.78550025,-0.044028621,0.97825347,-0.35320652,-0.064601781,0.55966043,1.8544126,-0.56606652,0.51305449,0.74251392,0.70184159,0.88939139,-0.047671991,0.48898591,-0.20996273
0.07438655,1.0036983,-0.27162987,1.1615704,-0.35564177,0.71430869,-0.16616305,0.89312477,-0.47036614,-0.19173273,0.45131389,1.7677275,-0.51704988,0.37985824,0.7275392,0.58497947,0.7513366,-0.1942597,0.37023629,-0.3307947
-0.032479958,0.88027216,-0.32853335,1.0810597,-0.44294196,0.63019578,-0.27782421,0.80412671,-0.55603542,-0.31757806,0.3546224,1.6813899,-0.4661105,0.23091853,0.66720548,0.4684919,0.58270297,-0.30047215,0.23583894,-0.451052
-0.10185117,0.79244407,-0.45315853,0.97316086,-0.55179943,0.54060352,-0.38923589,0.69970812,-0.6548682,-0.40497483,0.28825573,1.6383112,-0.44089755,0.098407783,0.65549184,0.35242316,0.46025465,-0.46574635,0.090298453,-0.57065829
-0.21299372,0.6881136,-0.5081923,0.86528632,-0.66065691,0.45896594,-0.53330441,0.61484944,-0.7671964,-0.30696336,0.14637432,1.5527241,-0.35895453,-0.033870095,0.63274675,0.2368107,0.32317484,-0.6304796,-0.042489149,-0.6924708
-0.28569621,0.60030909,-0.62468898,0.75743603,-0.79104732,0.37070614,-0.56318572,0.53024839,-0.85249933,-0.20511803,0.044741191,1.4675445,-0.32817952,-0.15092601,0.5892432,0.12169879,0.1722408,-0.79455019,-0.17462406,-0.77148095
-0.39116525,0.51250458,-0.77968513,0.64961967,-0.91990419,0.28296436,-0.65281923,0.44111903,-0.91216409,-0.099737872,-0.055007687,1.3827895,-0.30513667,-0.31123053,0.51963977,0.0071453073,0.036224608,-0.95778906,-0.27794238,-0.85004504
-0.49635382,0.40861809,-0.82666962,0.54182757,-0.98037949,0.19578868,-0.80427362,0.3369655,-1.0230175,0.0088985145,-0.15268349,1.2984892,-0.30186465,-0.42598069,0.46480491,-0.11560078,-0.099399551,-0.96007458,-0.40882263,-0.96449141
-0.56662551,0.32085681,-0.88711844,0.38856483,-0.90322018,0.096033442,-0.88996731,0.25810162,-1.1008619,0.12053554,-0.19506913,1.2146649,-0.27365328,-0.54393202,0.41118827,-0.22956178,-0.23457372,-0.86213532,-0.5387492,-1.1244969
-0.67082995,0.21744182,-0.90325661,0.2977545,-0.80870502,0.023373244,-0.86782531,0.14882774,-1.1719837,0.24870163,-0.10770248,1.1289878,-0.27770115,-0.57662266,0.35886107,-0.34281112,-0.35726409,-0.76179558,-0.66058643,-1.2843778
-0.73895132,0.12973947,-0.98984577,0.18015253,-0.72417008,-0.061735665,-0.88352742,0.079602617,-1.276509,0.35187604,0.037650134,1.0485604,-0.37939999,-0.60252722,0.25762892,-0.45526367,-0.50331642,-0.67307953,-0.7950548,-1.3990814
-0.84422354,0.042044976,-1.0718518,0.045845188,-0.62672901,-0.16980339,-1.0513544,-0.01818205,-1.3468981,0.47116546,0.16398345,0.96300337,-0.46319829,-0.6521224,0.15719143,-0.56681728,-0.63672131,-0.53902161,-0.80351953,-1.4176917
-0.94760624,-0.014243895,-1.0769697,-0.062368796,-0.53591871,-0.26542508,-1.0659754,-0.10747986,-1.4440901,0.60489065,0.27057831,0.88086468,-0.54700033,-0.7474261,0.10841018,-0.66019802,-0.74097914,-0.44907152,-0.66033956,-1.3212166
-1.0139562,-0.087428071,-1.1155326,-0.14410634,-0.43614567,-0.34876094,-1.0200593,-0.19677767,-1.5086709,0.72787847,0.41680676,0.79934789,-0.57856243,-0.8305811,0.042746289,-0.7998503,-0.87306475,-0.3435995,-0.56152583,-1.1944893
-1.0834258,-0.17528366,-1.1533547,-0.17900578,-0.33581764,-0.45530929,-0.97142491,-0.29345751,-1.6016734,0.85272955,0.56423647,0.67130829,-0.62206198,-0.95386225,-0.054883677,-0.90902036,-1.0316861,-0.22251427,-0.43586037,-1.0677138
-1.1895296,-0.24482945,-1.1832226,-0.2730893,-0.23835223,-0.51619902,-0.9681296,-0.37551448,-1.7276066,0.84323946,0.71272281,0.59062786,-0.69616414,-1.0665658,-0.15137414,-1.0011582,-1.1544583,-0.11539236,-0.31442896,-0.91177511
-1.2918052,-0.31343225,-1.2571397,-0.30254798,-0.13761038,-0.45598487,-0.95826965,-0.46481229,-1.7238805,0.89470526,0.86215328,0.46282844,-0.74370031,-1.1926282,-0.23486901,-1.1386687,-1.2888859,-0.023626697,-0.21390064,-0.80300303
-1.3558473,-0.39628604,-1.3406668,-0.42295277,-0.033864729,-0.34747655,-1.0513544,-0.56729619,-1.6809456,1.0024471,1.0124274,0.38311303,-0.80211699,-1.3491707,-0.32989761,-1.2298089,-1.247763,0.11446131,-0.065509273,-0.6924708
-1.3788956,-0.48391767,-1.3906499,-0.49509381,0.068926715,-0.2617161,-1.0300908,-0.64822357,-1.6556175,1.1018438,1.0610685,0.25562671,-0.85874212,-1.4405255,-0.41317133,-1.3655658,-1.1048912,0.20678821,0.035827298,-0.53420134
-1.3689264,-0.58617356,-1.3942111,-0.56520789,0.17446394,-0.17515724,-1.0633454,-0.74038749,-1.6187916,1.2358681,1.2133715,0.17702645,-0.91342203,-1.4772438,-0.49640382,-1.4492659,-0.98477127,0.31662165,0.15759689,-0.40851086
-1.3848004,-0.65090222,-1.4301873,-0.67050753,0.21380063,-0.087880092,-1.1438258,-0.80753672,-1.5710629,1.3710476,1.2904732,0.092292908,-1.0226919,-1.3855086,-0.57959508,-1.407724,-0.86389109,0.43839997,0.29487218,-0.37564253
-1.3285328,-0.75142536,-1.4631489,-0.73772667,0.32430849,3.7920693e-05,-1.2957012,-0.9077862,-1.4966252,1.5072955,1.3933719,0.01485925,-1.0953211,-1.2231968,-0.66274135,-1.2546762,-0.74373021,0.54912598,0.41678043,-0.27818288
-1.311655,-0.85106051,-1.4472088,-0.80253092,0.43019624,0.10337663,-1.4199875,-0.9850077,-1.4173091,1.6768187,1.4141348,-0.11173496,-1.1575083,-1.133154,-0.7458314,-1.1232233,-0.64731311,0.64236911,0.55694719,-0.12237282
-1.3165314,-0.91208793,-1.4241463,-0.90590059,0.53623977,0.19269386,-1.4911901,-1.0608197,-1.2919301,1.8147791,1.3028314,-0.23814903,-1.1702178,-1.0053171,-0.79788872,-0.98283895,-0.50268575,0.7540925,0.68891977,0.01430458
-1.2953234,-0.99859582,-1.3283591,-1.0088872,0.64996078,0.28246235,-1.5596692,-1.1840327,-1.2213218,1.9855241,1.2081808,-0.3135883,-1.275957,-0.87662089,-0.88097503,-0.81774736,-0.38186352,0.86644136,0.80369574,0.13103755
-1.2931239,-1.0671986,-1.2952747,-1.0689295,0.69734981,0.35112251,-1.5220122,-1.2955163,-1.1214996,2.1567342,1.0618358,-0.43923893,-1.3317613,-0.77997243,-0.96399761,-0.6519952,-0.28545664,0.9883414,0.93699738,0.32617386
-1.2865352,-1.1231024,-1.2560305,-1.2135317,0.81484383,0.45802334,-1.4843812,-1.3947674,-1.0316345,2.265138,0.88044138,-0.52284446,-1.3849458,-0.68340597,-1.0161149,-0.50386769,-0.21267422,1.1012447,0.99105595,0.45278059
-1.3218604,-1.215563,-1.1900359,-1.2487706,0.9222992,0.5410628,-1.5427352,-1.4337708,-0.9386602,2.3433617,0.73671187,-0.63740801,-1.3335829,-0.6171752,-1.0991262,-0.39657042,-0.23151584,1.187043,1.0961666,0.54039462
-1.3072314,-1.2673373,-1.1061761,-1.2226384,1.0298179,0.60996863,-1.5414358,-1.3970068,-0.83465156,2.3116403,0.59436041,-0.72026297,-1.275957,-0.51635472,-1.1820589,-0.25617924,-0.29811772,1.3011196,1.2342164,0.70608648
-1.2882918,-1.3166637,-1.0538676,-1.1537608,1.1494978,0.64164849,-1.5323555,-1.2962842,-0.70420005,2.2518396,0.45355973,-0.84415511,-1.2241519,-0.41413046,-1.2649015,-0.16467811,-0.41580706,1.4358199,1.3264491,0.81405483
-1.2533897,-1.3660451,-0.96237048,-1.0823084,1.2573475,0.65858589,-1.5155671,-1.1939217,-0.62475871,2.1271394,0.31449064,-0.96749396,-1.1513915,-0.31351006,-1.355001,-0.047972617,-0.53303619,1.5241369,1.3664122,0.9231283
-1.2860972,-1.4476927,-0.92237761,-1.0398103,1.3652362,0.67829234,-1.5422986,-1.1081216,-0.51899348,2.0760595,0.19046744,-1.0620107,-1.0776716,-0.18000222,-1.4370603,0.092347056,-0.65550838,1.6397958,1.2232964,1.0411352
-1.3036984,-1.5266763,-0.83685006,-0.9904167,1.4867564,0.70071177,-1.50999,-1.0202334,-0.40620186,1.9959854,0.066685302,-1.184985,-1.003101,-0.046346789,-1.5189021,0.21475604,-0.7723591,1.7506739,1.1291564,1.1453783
-1.2690423,-1.604823,-0.7682252,-0.99837903,1.6094985,0.76343596,-1.5202918,-0.93296933,-0.30608842,1.8231906,-0.056835694,-1.252554,-0.9277807,0.058340673,-1.6004853,0.33847598,-0.89494038,1.8412968,0.99047428,1.2129956
-1.2257849,-1.5982888,-0.69607879,-1.0021565,1.7333847,0.75347593,-1.538837,-0.84511325,-0.25263906,1.682337,-0.19151355,-1.2055293,-0.85179329,0.1639465,-1.6817649,0.34216708,-0.99061432,1.9802436,0.88128509,1.205947
-1.2373976,-1.5775351,-0.59489635,-0.93612059,1.8418381,0.7088774,-1.5531461,-0.73898787,-0.12422596,1.5350143,-0.30294158,-1.1313725,-0.77922407,0.23792437,-1.7371133,0.23532269,-1.1340042,2.0692301,0.75306973,1.0517363
-1.24128,-1.5532019,-0.57156849,-0.93079135,1.9344887,0.6674084,-1.4471868,-0.63231752,-0.03915474,1.3710476,-0.4355544,-1.0738527,-0.72893685,0.31825539,-1.8169348,0.088727463,-1.2357598,2.1355102,0.62569306,0.9484617
-1.2395529,-1.5591467,-0.48964173,-0.92137912,2.0587887,0.6661961,-1.3029312,-0.56013463,0.093407189,1.232502,-0.55684563,-1.0690189,-0.6502696,0.40071177,-1.8960928,-0.017888793,-1.3792997,2.1090779,0.49924977,0.79564953
-1.1852929,-1.5200007,-0.3765557,-0.90793239,2.1174287,0.65383551,-1.1388361,-0.47148337,0.18481906,1.1191474,-0.68476991,-1.0238729,-0.57123879,0.48514592,-1.9744074,-0.13015066,-1.5018946,2.0376453,0.37795363,0.64349642
-1.1278936,-1.5262598,-0.29166591,-0.89050448,2.0449041,0.59941313,-1.0230324,-0.3638048,0.30056338,0.98251098,-0.80863642,-0.94087212,-0.49188565,0.51584895,-1.9400424,-0.2752783,-1.6031014,1.9443616,0.25279206,0.51642755
-1.1163006,-1.510445,-0.20360712,-0.80095979,1.9751885,0.54770105,-0.88746204,-0.27497518,0.432903,0.87988354,-0.9277702,-0.85686771,-0.41223642,0.52905378,-1.8478663,-0.38128164,-1.7514957,1.8029264,0.15153665,0.38935868
-1.0606334,-1.4529106,-0.11359147,-0.7755841,1.8869877,0.47493137,-0.79867574,-0.19197191,0.53540553,0.78829251,-1.0413677,-0.76199926,-0.33286829,0.53885409,-1.7645588,-0.52532306,-1.873477,1.7098456,0.031052152,0.23802536
-0.99604012,-1.4226012,0.0091956842,-0.74657154,1.8216732,0.39172368,-0.73314375,-0.089151117,0.62155701,0.66661332,-1.1525266,-0.66704931,-0.2532303,0.58414934,-1.6811764,-0.66041935,-1.9652101,1.591952,-0.090504388,0.11100471
-0.92890779,-1.408802,0.10318052,-0.71401425,1.7594599,0.30933042,-0.61692944,-0.0024791319,0.7542661,0.56303763,-1.2616726,-0.57203074,-0.20022577,0.6636735,-1.5977378,-0.80384104,-2.0739883,1.4742714,-0.18655516,-0.039331985
-0.87042104,-1.4214146,0.19864687,-0.64245511,1.6751781,0.22782635,-0.50038768,0.084371211,0.84274092,0.49438079,-1.3684362,-0.46466413,-0.12034041,0.76283107,-1.5334608,-0.93916207,-2.1920424,1.3568274,-0.32959985,-0.16625217
-0.79991316,-1.4545176,0.27296009,-0.6387358,1.5418813,0.1330805,-0.42607165,0.18849501,0.97546254,0.4283463,-1.4723634,-0.39207276,-0.041219649,0.87937205,-1.4351074,-1.1081593,-2.2493684,1.239637,-0.42388192,-0.29315627
-0.74004863,-1.4561285,0.338614,-0.62685534,1.4740742,0.052895538,-0.30285091,0.27556335,1.0851981,0.33128819,-1.5728877,-0.27387213,0.040093705,0.96614476,-1.3348273,-1.276942,-2.1319995,1.1443687,-0.54229674,-0.43461181
-0.66652931,-1.4253752,0.4485429,-0.61871359,1.5382981,-0.026173263,-0.22088394,0.32947199,1.1950777,0.23647416,-1.7041948,-0.17842895,0.12060123,1.0671227,-1.2329729,-1.4400586,-2.0340108,1.0275266,-0.66033956,-0.52401011
-0.62275036,-1.4464904,0.54760607,-0.63762049,1.5172033,-0.11997117,-0.13502392,0.4357782,1.3064603,0.14406269,-1.7778052,-0.10541726,0.20448198,1.1689796,-1.1837194,-1.5463888,-1.9319143,0.90626892,-0.77376618,-0.68852049
-0.59036761,-1.4321215,0.63562922,-0.65290021,1.3452806,-0.19728828,-0.0032582376,0.52587862,1.4152283,0.054212238,-1.846253,-0.009819672,0.2901318,1.2575005,-1.1799898,-1.6273036,-1.8245747,0.78962963,-0.8840274,-0.80059186
-0.60124715,-1.4444865,0.75703785,-0.66449941,1.2174461,-0.29030915,0.099702055,0.51477832,1.5254868,-0.067753218,-1.9627673,0.1010339,0.29545024,1.3356373,-1.1201921,-1.7027668,-1.70454,0.67333858,-0.97122792,-0.96449141
-0.73785402,-1.4190453,0.85778059,-0.76201129,1.1327894,-0.3910497,0.20325488,0.45624724,1.6358518,-0.15219536,-2.0626085,0.1671017,0.25624218,1.4014416,-1.1078412,-1.8064002,-1.5961641,0.57832722,-1.1032445,-1.0911825
-0.82838399,-1.4226012,0.95943443,-0.76394611,0.99998916,-0.48313865,0.33907473,0.39653205,1.7463232,-0.24729821,-2.0016576,0.17730094,0.21199677,1.4876076,-1.062366,-1.8339813,-1.4575502,0.46253317,-1.1857442,-1.2380552
-0.91186269,-1.4384946,1.0681314,-0.84997516,0.91544936,-0.53012972,0.43618247,0.28739937,1.8568917,-0.34701447,-1.8431474,0.13046932,0.13812324,1.4867974,-0.99062226,-1.6950237,-1.3186568,0.34095432,-1.2951228,-1.2195012
-0.94760624,-1.4832946,1.1702606,-0.90915438,0.78255658,-0.46460177,0.57576541,0.18906724,1.9677263,-0.45734287,-1.7177059,0.12040732,0.04658528,1.4890015,-0.96804209,-1.525669,-1.2111195,0.22550513,-1.3724619,-1.1244969
-1.0271632,-1.4349073,1.273186,-0.94516913,0.69814823,-0.3545447,0.67767578,0.080677718,2.0793155,-0.54402143,-1.6235174,0.077294265,-0.043449723,1.4483014,-0.88908649,-1.3866807,-1.0590502,0.22029847,-1.4906501,-1.0139607
-1.0895618,-1.4674366,1.3616409,-0.94763736,0.5895147,-0.25816733,0.78214859,-0.011741352,2.1916249,-0.6475869,-1.52683,-0.023840422,-0.12569633,1.390067,-0.80703099,-1.3106658,-0.91997276,0.1914049,-1.5909451,-0.91467254
-1.166314,-1.5316977,1.4846103,-0.98874373,0.48089091,-0.19308531,0.88903311,-0.10336772,2.2623334,-0.7660252,-1.4280614,-0.11746078,-0.20101285,1.2618988,-0.75408906,-1.193487,-0.7612389,0.090571544,-1.6316319,-0.8126839
-1.2747158,-1.5506558,1.5886012,-1.0228237,0.39005626,-0.09435278,0.96156115,-0.20817027,2.2466117,-0.87807883,-1.3275532,-0.2109353,-0.26046774,1.139946,-0.64819394,-1.1135291,-0.64135075,-0.036504723,-1.507867,-0.70038749
-1.3356678,-1.5621289,1.6932498,-0.99376747,0.27693894,-0.0023225811,1.0735861,-0.29680915,2.1447636,-1.00419,-1.2255826,-0.30425114,-0.33590794,1.0403391,-0.5921671,-0.99121543,-0.53982694,-0.12868962,-1.393852,-0.59556572
-1.3720953,-1.6052591,1.7656457,-1.0569036,0.2111084,0.072799589,1.1526476,-0.38539352,2.0364965,-1.1301503,-1.1223665,-0.39738684,-0.40228167,0.89857907,-0.5144747,-0.89922396,-0.41905926,-0.22063447,-1.2787209,-0.48880295
-1.4788092,-1.6013339,1.8890152,-1.0736672,0.10227527,0.16572165,1.2692622,-0.47148337,1.9242278,-1.1414219,-1.0180858,-0.49032524,-0.30951061,0.8035148,-0.43349873,-0.80454589,-0.31534346,-0.32813167,-1.1951153,-0.37564253
-1.5370008,-1.5839946,1.993945,-1.1289962,-0.026221338,0.25887069,1.3542854,-0.57624381,1.8048701,-1.0393337,-0.91289304,-0.58304919,-0.22633075,0.68494685,-0.35233534,-0.7395805,-0.21020951,-0.47930733,-1.0675628,-0.26693476
-1.6815741,-1.5001153,2.0994413,-1.1810035,-0.086823208,0.33631864,1.4019218,-0.66191996,1.6899618,-0.96848392,-0.79005504,-0.67775037,-0.14310965,0.5683862,-0.27478537,-0.62030418,-0.088439576,-0.58479287,-0.94949965,-0.12691788
-1.7777432,-1.3896436,2.1878724,-1.2294903,-0.11930032,0.41486408,1.4513983,-0.74301827,1.5547634,-0.89315615,-0.70024167,-0.70863119,-0.059854818,0.45194034,-0.19685682,-0.50072821,0.0028878732,-0.70606743,-0.86265761,-0.043234069
-1.8620338,-1.3556919,2.2419119,-1.2226384,-0.17418669,0.50904383,1.6170838,-0.82732453,1.4640592,-0.81366991,-0.57500115,-0.64651785,0.023429996,0.35857505,-0.11603454,-0.36128705,0.14040403,-0.82726761,-0.74364082,0.097582511
-1.8355853,-1.2458252,2.1918218,-1.1219649,-0.25457374,0.58893506,1.6704222,-0.91108086,1.3313658,-0.76521753,-0.50221837,-0.55083878,0.075272646,0.21942253,-0.065607755,-0.22175735,0.26258987,-0.96264749,-0.6556219,0.1819294
-1.7884407,-1.1698985,2.1283149,-0.97705725,-0.37348447,0.65626811,1.6959738,-1.0146151,1.2197483,-0.67797922,-0.37369145,-0.45785749,0.15855371,0.12665746,0.014944651,-0.082152745,0.35469116,-1.067893,-0.52251303,0.32338092
-1.7328226,-1.1730536,2.06133,-0.93530108,-0.49018494,0.73842372,1.8253226,-1.0972988,1.1081904,-0.6216163,-0.27805659,-0.36468319,0.2535511,0.013681719,0.12085476,0.057516559,0.49123916,-1.2022958,-0.43314138,0.43658152
-1.6913269,-1.0941329,1.9730058,-0.890102,-0.6044366,0.83370629,1.7843807,-1.2000824,1.0197031,-0.52764061,-0.20164191,-0.27132875,0.33702331,-0.094656258,0.17381544,0.19724715,0.5520014,-1.3239287,-0.29590667,0.52193708
-1.6229103,-1.0129411,1.8699021,-0.79352117,-0.71596196,0.87306846,1.8011223,-1.2893778,0.88698146,-0.46425405,-0.068884465,-0.17781134,0.42051052,-0.18272781,0.25762892,0.35817774,0.52564292,-1.4576451,-0.17565213,0.63645177
-1.5734529,-0.92939579,1.7963851,-0.69615962,-0.82444943,0.92577921,1.7659134,-1.3786681,0.77545171,-0.39745279,0.042463214,-0.084148091,0.50401272,-0.29551003,0.33270122,0.43578958,0.40461615,-1.5670526,-0.071441005,0.77921738
-1.479754,-0.88681176,1.6713757,-0.59808524,-0.92870626,1.0347281,1.6691435,-1.4809192,0.66579129,-0.3598937,0.1436745,0.0096481119,0.58752991,-0.41334328,0.35690442,0.49860637,0.30195714,-1.6742049,0.049347859,0.89483719
-1.3848004,-0.80015849,1.5768917,-0.49936592,-1.0672464,1.1437438,1.5480746,-1.5701253,0.5542271,-0.28635506,0.2466254,0.069912891,0.68410146,-0.52578768,0.27706795,0.43234705,0.18149968,-1.7645438,0.15741089,1.0111241
-1.3165314,-0.71720254,1.5200001,-0.44530742,-1.1351898,1.2528209,1.4752139,-1.6674542,0.47044593,-0.23454166,0.34445789,0.19048105,0.74899098,-0.63769746,0.25224627,0.31122518,0.080674724,-1.7512263,0.14822922,1.1280259
-1.2603377,-0.62803069,1.4115686,-0.34482301,-1.0960868,1.3470594,1.3587761,-1.738619,0.48101055,-0.16178514,0.39931414,0.25078443,0.83267309,-0.75574718,0.2015496,0.17309156,-0.058852755,-1.6635786,0.21789832,1.2454902
-1.162535,-0.54411996,1.306825,-0.28711793,-1.0531572,1.4020986,1.2425566,-1.7321312,0.40242716,-0.11003819,0.47993123,0.33824578,0.93077383,-0.87377395,0.12366603,0.035145227,-0.15850501,-1.6197717,0.14086359,1.363481
-1.072005,-0.42128324,1.2345399,-0.22705617,-1.0065812,1.4928738,1.1029529,-1.7047632,0.26536571,-0.050122553,0.39886016,0.42614031,1.0145197,-0.96568624,0.042746289,-0.11835889,-0.25643913,-1.5293855,0.0018568037,1.4878815
-1.0027962,-0.36020474,1.0906789,-0.16474438,-0.95654379,1.5708317,1.1045901,-1.6162085,0.14831255,0.032913842,0.28966591,0.51043208,1.1134337,-1.0837294,-0.038008529,-0.24006643,-0.34236329,-1.4683391,-0.10508684,1.6073311
-0.90761618,-0.34283401,1.021444,-0.10030867,-0.97056479,1.65942,1.0632168,-1.5454946,0.035990615,0.094007752,0.18077298,0.60309599,1.2130449,-1.2017496,-0.11603454,-0.37727046,-0.46997286,-1.4041755,-0.22265959,1.7347857
-0.80551285,-0.20949862,0.91357493,-0.033850852,-0.91363856,1.7587266,1.0966221,-1.4504274,-0.076296879,0.15812786,0.089722198,0.70068367,1.3133045,-1.2994968,-0.19371194,-0.51415442,-0.58697018,-1.3013676,-0.33983665,1.8641533
-0.73895132,-0.16155524,0.78919535,0.071138437,-0.91990419,1.7803343,1.0350663,-1.3772908,-0.19217584,0.19965884,-0.017873046,0.67944882,1.3804841,-1.4117116,-0.24659391,-0.63610372,-0.67041258,-1.2268617,-0.45655718,1.995297
-0.63621323,-0.057028309,0.70063744,0.17631199,-0.87837185,1.8039526,0.93170064,-1.3019446,-0.30420971,0.2680831,-0.14191231,0.60041107,1.4817257,-1.4151326,-0.32769357,-0.77277996,-0.81923644,-1.1184246,-0.5727569,2.072334
-0.5659317,-0.036376745,0.61208349,0.31836346,-0.85537352,1.8550025,0.87416783,-1.2472531,-0.41618722,0.31498659,-0.21126004,0.54926043,1.583507,-1.2760194,-0.4052023,-0.87901826,-0.95979003,-1.0083951,-0.6556219,2.0743473
-0.52753101,0.071073468,0.50497104,0.46064283,-0.8500621,1.7983238,0.7460509,-1.1847362,-0.53057261,0.34016742,-0.31660543,0.57000204,1.6362604,-1.2217963,-0.48228372,-0.97070667,-1.1003436,-0.89703345,-0.77795627,2.0112951
-0.41675751,0.18678666,0.38084102,0.48951961,-0.84068555,1.732211,0.61942569,-1.1401963,-0.64218063,0.3191425,-0.4358517,0.52242414,1.7391999,-1.1619908,-0.5588966,-1.0886754,-1.2326269,-0.81764206,-0.85802788,1.8954985
-0.34148645,0.27925113,0.27467928,0.52092766,-0.82728284,1.63711,0.47419809,-1.0659722,-0.75502235,0.27610098,-0.50130236,0.43994232,1.7935012,-1.0847757,-0.64064473,-1.1901398,-1.3731805,-0.70403886,-0.97007809,1.8016878
-0.29569003,0.36426988,0.15090181,0.60953647,-0.80991238,1.5195469,0.38424752,-1.0104683,-0.88852989,0.23709013,-0.61584403,0.34454203,1.8486684,-0.97459442,-0.71052554,-1.2778137,-1.5137307,-0.61385211,-1.0474307,1.7093961
-0.24726107,0.47959016,0.097761518,0.75356639,-0.7886472,1.3915831,0.34123695,-0.95018581,-0.93068506,0.17339942,-0.67756234,0.24917176,1.9046638,-0.90311254,-0.77671045,-1.3753281,-1.6293747,-0.49804454,-1.1601539,1.6368117
-0.16778286,0.57301727,0.028154271,0.90443849,-0.70544621,1.2995369,0.24169672,-0.87443824,-0.857838,0.10864289,-0.81521322,0.18993206,1.9263574,-0.8277932,-0.8186022,-1.4930824,-1.7224032,-0.41402801,-1.266526,1.5110127
-0.046981091,0.6881136,-0.04055377,0.9595929,-0.67795434,1.1716693,0.11018572,-0.82658881,-0.78109887,0.02522311,-0.91289304,0.071615625,1.9711837,-0.74900045,-0.8778114,-1.6554125,-1.768759,-0.2970371,-1.3706628,1.403611
-0.033685515,0.81166936,-0.14890609,1.1034095,-0.64688907,1.0442102,0.0094812079,-0.73269828,-0.70076514,-0.029693166,-1.008998,-0.023840422,1.994309,-0.69919863,-0.88167972,-1.7719613,-1.6712237,-0.17962358,-1.4382825,1.2965187
0.048745083,0.89693564,-0.23918319,1.2143729,-0.61235262,0.93433469,-0.045494359,-0.65072306,-0.61711861,-0.11213403,-1.103299,-0.11927502,2.0062615,-0.6199467,-0.93195282,-1.8388302,-1.5009128,-0.061838158,-1.5000178,1.189764
0.10599676,0.99133718,-0.34531721,1.2703323,-0.57446671,0.8163817,-0.098172564,-0.57416297,-0.57370158,-0.16739791,-1.195535,-0.17842895,2.0196194,-0.49027633,-0.97689199,-1.7458853,-1.365558,0.098432245,-1.5926157,1.0833709
0.16534462,1.0769767,-0.45047676,1.3355342,-0.53333845,0.74961207,-0.11596413,-0.48412696,-0.52686215,-0.21303368,-1.2854005,-0.27387213,1.9881023,-0.35563694,-0.96840943,-1.595507,-1.2295009,0.19503266,-1.6398362,0.97736364
0.25071776,1.2297614,-0.58897426,1.4123401,-0.53886409,0.63965114,-0.16286254,-0.40162408,-0.4767475,-0.27907072,-1.3725302,-0.36928529,1.9589989,-0.24793854,-0.86206077,-1.4582008,-1.1261498,0.16718718,-1.719759,0.85080916
0.31309674,1.3153302,-0.69139658,1.4339528,-0.53775896,0.56582938,-0.20721411,-0.31745406,-0.42350793,-0.32564706,-1.3761781,-0.46466413,1.9409559,-0.14535676,-0.79080431,-1.3365716,-1.0208318,0.13041262,-1.7924042,0.74510731
0.37733573,1.3724363,-0.79241661,1.5512445,-0.58192998,0.47434391,-0.21328497,-0.21381827,-0.36729373,-0.39328921,-1.2544008,-0.57203074,1.9159641,-0.0044298217,-0.68345858,-1.2148096,-0.91381267,0.11055632,-1.7202224,0.6398676
0.3333255,1.4684056,-0.8918561,1.6453328,-0.56962265,0.37651927,-0.28800122,-0.12725033,-0.32084884,-0.45761891,-1.1319685,-0.66704931,1.8639528,0.12451569,-0.57562556,-1.1373101,-0.74396203,-0.025966312,-1.6136812,0.49784945
0.466483,1.5545284,-0.96627628,1.6701024,-0.6059458,0.28596038,-0.32242007,-0.038732833,-0.28736393,-0.518447,-1.008998,-0.76199926,1.8128597,0.28594193,-0.46736897,-1.0219428,-0.60519135,-0.13050519,-1.5217123,0.40827836
0.55574345,1.7063229,-1.0609781,1.6969037,-0.63888541,0.22183163,-0.35397502,0.069203366,-0.23349812,-0.57559203,-0.88557339,-0.85686771,1.7627224,0.42083716,-0.38510356,-0.92725793,-0.46624681,-0.25085337,-1.3829388,0.28144257
0.69031318,1.820382,-1.1533547,1.7733751,-0.66833438,0.13215927,-0.45583341,0.14382629,-0.20519532,-0.62886486,-0.76177116,-0.9264482,1.7135671,0.55008442,-0.27667455,-0.81208132,-0.3610515,-0.35718077,-1.2783827,0.1396575
0.82564068,1.8869809,-1.187164,1.860243,-0.75287418,0.037902079,-0.51339221,0.084727927,-0.16447736,-0.71321243,-0.63281837,-1.0286037,1.633768,0.67425442,-0.20420362,-0.72063807,-0.21780138,-0.47746471,-1.1274178,0.073326101
0.91624446,1.8984147,-1.2460561,1.9478432,-0.77627659,-0.050392439,-0.60725661,0.045008634,-0.10018157,-0.79387694,-0.54781809,-1.155481,1.5860257,0.83635632,-0.085920155,-0.58834416,-0.1120504,-0.59758299,-1.0089556,0.020690173
0.98866156,1.9204807,-1.3283591,1.9810891,-0.85660036,-0.13808081,-0.74002544,-0.058698999,-0.055255303,-0.87056702,-0.41655117,-1.2206052,1.5439653,0.88805391,-0.013370513,-0.48403314,0.027613442,-0.69922778,-0.88760876,-0.024539433
1.0801658,1.8666947,-1.4370601,1.9199556,-0.87343043,-0.22509628,-0.84157197,-0.10400931,0.015071155,-0.94299127,-0.32346347,-1.3091688,1.4649345,0.84148934,0.042022854,-0.35054404,0.16734887,-0.81843996,-0.78215312,-0.13174023
1.1544921,1.7751497,-1.496269,1.860243,-0.88621972,-0.3113614,-0.95681431,-0.15124441,0.057965284,-1.0468328,-0.22892139,-1.3897034,1.3533409,0.8299999,0.11522846,-0.22784903,0.29398687,-0.90564134,-0.6309413,-0.2276286
1.2300683,1.6522422,-1.4979406,1.7156942,-0.89491468,-0.39678273,-1.1269699,-0.2400988,0.10373071,-1.1098871,-0.13305753,-1.2855364,1.2744038,0.73019947,0.22519055,-0.087066266,0.35164691,-1.0239846,-0.50964516,-0.32219484
1.3228667,1.600523,-1.4929297,1.6139345,-0.89948125,-0.48126146,-1.2518434,-0.34471556,0.15645364,-1.1315152,-0.035996422,-1.1784957,1.2289815,0.60257247,0.33532882,0.0069682435,0.30861154,-1.1199765,-0.40412188,-0.41530635
1.400106,1.516789,-1.4879345,1.5124317,-0.96545783,-0.56467476,-1.374061,-0.43655497,0.2379553,-1.0048443,0.0073213001,-1.1192003,1.1544071,0.50657671,0.40177612,0.12972114,0.17241125,-1.2364535,-0.28284942,-0.50680638
1.4784574,1.3943452,-1.4730243,1.4112151,-0.96248324,-0.67263835,-1.4199875,-0.52737872,0.25719958,-0.878498,0.058127822,-1.0238729,1.0727414,0.34302838,0.46900683,0.25247745,0.034642826,-1.3193915,-0.17503664,-0.63162884
1.5723285,1.2719957,-1.4850269,1.3102894,-1.022165,-0.80602539,-1.4266613,-0.61703572,0.28054257,-0.75023223,0.13827083,-0.93633007,0.99806209,0.17951941,0.54292838,0.37523375,-0.06971046,-1.440994,-0.082942613,-0.7562142
1.713418,1.1886626,-1.4386802,1.2096789,-1.0113328,-0.9393884,-1.4266613,-0.72209095,0.30790602,-0.63661182,0.26513848,-0.97798057,0.92024564,0.078938369,0.65389878,0.50843682,-0.17270696,-1.5732228,0.026463007,-0.84441897
1.8076582,1.1055023,-1.4431445,1.109403,-1.064155,-1.0727247,-1.4589751,-0.81045238,0.30851973,-0.53619779,0.36958393,-0.92111268,0.8426953,-0.054172601,0.72227274,0.64214384,-0.27420349,-1.6121138,0.13680201,-0.96783089
1.8883813,0.98354569,-1.4077269,1.0094811,-1.1135449,-1.1547255,-1.4141609,-0.89563062,0.28214261,-0.44732115,0.49637123,-0.86165424,0.80072869,-0.18709006,0.74930222,0.77630033,-0.40951061,-1.5341898,0.22867622,-1.0907887
1.9830938,0.89621268,-1.4033418,0.90993259,-1.1592981,-1.2340159,-1.3975648,-0.99071762,0.25979846,-0.33872054,0.60126264,-0.79980253,0.83513179,-0.31978776,0.81933296,0.89893065,-0.50835153,-1.4316119,0.18480372,-1.2132201
2.125389,0.77908106,-1.3950034,0.76465643,-1.2012248,-1.2840457,-1.4170716,-1.0694205,0.20683757,-0.24808032,0.70665222,-0.73573769,0.90913275,-0.42044424,0.8899297,1.010205,-0.67845785,-1.3563993,0.29328949,-1.3350045
2.1479058,0.69665555,-1.3449132,0.71206723,-1.3079743,-1.3579636,-1.3888899,-1.1367976,0.15645364,-0.13358834,0.83324668,-0.6149465,0.90857804,-0.45323328,0.88320888,1.1019888,-0.81191047,-1.2314869,0.38821411,-1.3738123
2.2433367,0.61078418,-1.3283591,0.56666984,-1.2040144,-1.428541,-1.3992229,-1.2180173,0.10875314,-0.051362169,0.93896972,-0.53400873,0.94752375,-0.58438944,0.95280855,1.0085808,-0.90693329,-1.1494211,0.53067374,-1.324323
2.327278,0.52915628,-1.3549867,0.4683627,-1.1014469,-1.488181,-1.4054393,-1.2820007,0.063829997,0.033885088,1.0451106,-0.46602375,0.9504622,-0.71620157,0.9491389,0.87774088,-0.82563174,-1.0370216,0.62569306,-1.1944893
2.3640253,0.44780342,-1.3356558,0.46753835,-0.99753573,-1.5481629,-1.4304244,-1.3404649,-0.015533066,0.12196174,1.1516331,-0.44937813,0.9174721,-0.78111055,0.90890393,0.75504586,-0.74097914,-0.92352993,0.74196718,-1.1022297
2.3327842,0.29106606,-1.3483952,0.37140848,-0.88993918,-1.6022675,-1.495026,-1.4165147,-0.055255303,0.23562815,1.2948363,-0.42947287,0.88605992,-0.87828051,0.90890393,0.62491757,-0.60693336,-0.8155053,0.85859301,-1.0079046
2.3137757,0.20990966,-1.3542103,0.27589446,-0.77906619,-1.6494562,-1.5044234,-1.5186443,-0.053238819,0.33986582,1.4019013,-0.35550043,0.85626314,-0.96988778,0.87291961,0.49552819,-0.43313166,-0.70403886,0.95383213,-0.91177511
2.2080115,0.12709123,-1.3530457,0.13051162,-0.66525755,-1.6886234,-1.4894853,-1.6378443,-0.12532187,0.40144791,1.4732377,-0.33040977,0.74453458,-1.0280763,0.79932417,0.38809131,-0.26530938,-0.61214811,1.075108,-0.82414099
2.1508385,0.085163367,-1.3406668,0.038503551,-0.54883945,-1.7186557,-1.4058551,-1.6593067,-0.15547833,0.46583639,1.5810378,-0.35092407,0.75382968,-1.1161052,0.80314376,0.23928619,-0.12512055,-0.49409897,1.1920145,-0.72597004
2.0858319,0.0059165263,-1.3233838,-0.0064821603,-0.44150578,-1.7186557,-1.3967384,-1.5913375,-0.21151092,0.53290857,1.7076082,-0.27132875,0.68488855,-1.2009165,0.88320888,0.14350147,0.0092627268,-0.37569483,1.3092051,-0.61465016
1.940176,-0.072658431,-1.3468463,-0.046046504,-0.32231269,-1.6729891,-1.3691389,-1.5358187,-0.24653012,0.66787338,1.7998763,-0.28374971,0.61659957,-1.2502756,0.96105496,-0.00011430938,0.13853249,-0.25782488,1.4266527,-0.55127245
1.8431212,-0.15051829,-1.3666724,-0.18517877,-0.20111382,-1.5768174,-1.3462432,-1.4387103,-0.30825521,0.76040754,1.8936631,-0.24601506,0.50567309,-1.3590891,1.0357374,-0.095817305,0.26866132,-0.16220156,1.5443404,-0.43461181
1.8695795,-0.2261346,-1.3705862,-0.28143471,-0.14516127,-1.4647122,-1.3609422,-1.3533265,-0.32549552,0.88349248,1.9888761,-0.24885009,0.43835111,-1.4005666,1.1137784,-0.23930029,0.39955718,-0.017987278,1.662248,-0.33050938
1.7827843,-0.26041242,-1.3811825,-0.42573619,-0.086823208,-1.3940867,-1.3251251,-1.2423334,-0.36670507,1.0174912,2.0512292,-0.29046199,0.32782941,-1.5111578,1.1920443,-0.36168544,0.53907443,0.079116896,1.7803584,-0.26272726
1.686448,-0.33545901,-1.387885,-0.45970459,-0.026221338,-1.3617927,-1.3336389,-1.1442886,-0.41872348,1.1286349,2.0482762,-0.33170934,0.26162059,-1.6177772,1.2705314,-0.46723251,0.67866327,0.20209207,1.8737612,-0.14059727
1.6007009,-0.40537414,-1.4261587,-0.4808906,0.036537235,-1.3392852,-1.3336389,-1.0422878,-0.46763575,1.289008,2.0264727,-0.36928529,0.15160488,-1.7500714,1.3165163,-0.61811812,0.73223931,0.32637568,1.9909856,-0.033874695
1.5046893,-0.47831471,-1.4779799,-0.56520789,0.16660634,-1.3098056,-1.3806413,-0.91574541,-0.51329785,1.4586105,1.8949447,-0.40403908,0.041776567,-1.8945964,1.4281052,-0.66976628,0.68307112,0.45182909,2.0612804,0.073326101
1.4200789,-0.54411996,-1.4726124,-0.65963085,0.27546868,-1.2593352,-1.3670858,-0.83897724,-0.55556887,1.6122999,1.7651522,-0.43586777,0.013730113,-2.0064078,1.5025253,-0.59700326,0.59653675,0.57832722,2.1344226,0.16342364
1.3244462,-0.61456553,-1.5181114,-0.80095979,0.36307558,-1.1956123,-1.4568648,-0.73741238,-0.61314514,1.7506692,1.637236,-0.51415923,-0.04990007,-2.1016918,1.5815334,-0.47095766,0.51201369,0.67899829,2.1147438,0.2719988
1.1811964,-0.63732311,-1.5368006,-0.86916331,0.49319336,-1.1489444,-1.4304244,-0.64822357,-0.67343614,1.8972557,1.517592,-0.49032524,-0.15856649,-2.1262483,1.6287103,-0.34519127,0.4296383,0.80697051,2.0247093,0.36527909
1.0737887,-0.73352812,-1.5185352,-0.94763736,0.56048442,-1.0974512,-1.50999,-0.55902485,-0.7253794,1.9737362,1.3926608,-0.47114053,-0.24067818,-2.1331459,1.6769406,-0.21814797,0.3073127,0.93572711,1.9108802,0.46062896
1.0143276,-0.80947449,-1.5522297,-0.97830833,0.56515321,-1.0416216,-1.5345178,-0.44853219,-0.77657118,2.0206985,1.274431,-0.58483342,-0.34920967,-2.1872969,1.7261904,-0.083426242,0.18637116,1.0734229,1.7984174,0.4345481
0.87090567,-0.86302475,-1.5539529,-0.90915438,0.57255805,-1.0150313,-1.5548822,-0.3380098,-0.84424865,2.1443713,1.1567033,-0.65529744,-0.43140006,-2.19181,1.8065254,0.054554145,0.19693228,1.1665917,1.6819979,0.35606438
0.77543045,-0.9256081,-1.5227659,-0.82615605,0.66500901,-0.93785835,-1.5531461,-0.25198189,-0.79794153,2.2335956,1.0395181,-0.68330463,-0.53977789,-2.1460031,1.8570983,0.19540842,0.31622386,1.3088923,1.5716758,0.28049819
0.69261112,-0.97273422,-1.4370601,-0.78532123,0.78960603,-0.82777993,-1.5631568,-0.13140458,-0.66647864,2.2523636,0.92292746,-0.80524956,-0.64774718,-2.0616772,1.9086084,0.33879606,0.41596816,1.3604011,1.483251,0.16830626
0.61091861,-1.0309994,-1.3573199,-0.63315925,0.85642972,-0.76290084,-1.5466335,-0.021533691,-0.55619198,2.170186,0.80698365,-0.81579622,-0.71947309,-1.9714704,1.924434,0.43782241,0.55549223,1.280276,1.3683939,0.06629351
0.5163734,-1.0708842,-1.2453193,-0.50114556,1.0067173,-0.66401611,-1.5462021,0.0781708,-0.4457237,2.0324506,0.69174292,-0.76582934,-0.82663281,-1.9071485,1.9502602,0.57277909,0.6716032,1.158687,1.2539358,-0.067550759
0.43633423,-1.1769159,-1.1575972,-0.36804081,1.1152924,-0.59892073,-1.5414358,0.21219926,-0.35657568,1.8630679,0.57726955,-0.69072461,-0.93319285,-1.7939957,1.9785567,0.65368364,0.80025252,1.0502567,1.1399106,-0.17875008
0.34243853,-1.2629445,-1.0920423,-0.23397108,1.2238821,-0.52332592,-1.5762601,0.32501057,-0.22262977,1.6942679,0.43511896,-0.61422595,-0.99077372,-1.7195258,2.0092745,0.78274273,0.87863595,0.94905818,1.0542218,-0.27677636
0.20198372,-1.2909278,-0.99808519,-0.099038188,1.2837683,-0.4499234,-1.561847,0.4387112,-0.10931525,1.5589581,0.35000619,-0.53750427,-0.94769769,-1.6135527,1.9953119,0.87536754,0.86574307,0.87911653,0.91330089,-0.35240685
0.1251971,-1.3355157,-0.90198504,-0.025743047,1.4113399,-0.33787433,-1.5431667,0.553207,0.0023835855,1.4247294,0.20832967,-0.44160217,-0.89916455,-1.5151167,2.0302204,0.98071711,0.83022797,0.74623518,0.80080766,-0.48181456
0.097238012,-1.4001776,-0.85889447,-0.012373897,1.4740742,-0.26125414,-1.5605424,0.69152595,0.11697876,1.2583805,0.096206599,-0.34570006,-0.86396687,-1.3876537,1.9716072,1.0926964,0.82626329,0.61385083,0.70720871,-0.57379683
0.17912242,-1.4158863,-0.75890832,0.0040405295,1.4729398,-0.15972586,-1.5323555,0.80747587,0.22898132,1.1263448,0.012182592,-0.24979796,-0.83900129,-1.2760194,1.9489521,1.0933637,0.88813687,0.47270644,0.59559138,-0.68162453
0.21450184,-1.4808468,-0.62326292,-0.023255425,1.53897,-0.055065378,-1.5736353,0.93232633,0.34103397,0.99565858,-0.12823641,-0.17288756,-0.79805789,-1.1460374,1.9050812,1.0041066,0.97037248,0.3421647,0.48467408,-0.7889057
0.23971521,-1.5116905,-0.51998497,0.045845188,1.6710302,0.0021180462,-1.5736353,1.0339482,0.45690668,0.86642667,-0.21153324,-0.076994034,-0.73319086,-1.0154028,1.8838804,0.91987185,1.0577591,0.21237691,0.36284361,-0.8588619
0.27740241,-1.5100324,-0.43149044,0.12901808,1.7342465,0.066182707,-1.4589751,1.1206846,0.56917851,0.80712957,-0.35106435,0.01890378,-0.66450834,-0.89759577,1.8285208,0.84096608,1.1027206,0.11055632,0.25279206,-0.97973807
0.36417793,-1.4767723,-0.32698846,0.18723716,1.8005882,0.024334534,-1.3009197,1.2075399,0.62654499,0.84216086,-0.45889262,0.11480588,-0.58805617,-0.77974612,1.7248147,0.81280953,1.0092045,-0.038266197,0.16034632,-1.083724
0.39508941,-1.4400898,-0.23918319,0.30463547,1.8893002,-0.071989428,-1.2518434,1.3033353,0.59847077,0.71910659,-0.5718634,0.2107037,-0.51110177,-0.64888515,1.6709169,0.87858193,0.89497194,-0.1394106,0.038688327,-1.1866329
0.43579296,-1.4226012,-0.18485848,0.3431233,1.9600624,-0.14013423,-1.1269699,1.4047293,0.7069163,0.5758913,-0.67756234,0.30660151,-0.43370135,-0.54662481,1.6179375,0.89030219,0.80125136,-0.26099959,-0.069858308,-1.288288
0.47050317,-1.3990028,-0.060375911,0.4829393,2.0336483,-0.21251138,-0.99198163,1.5061628,0.83971933,0.45720763,-0.78115606,0.38440831,-0.3808055,-0.44206198,1.5159782,0.84322024,0.70064799,-0.38788991,-0.1772957,-1.3884682
0.51318974,-1.297238,0.0091956842,0.58949487,2.0428593,-0.24463717,-0.89498304,1.6163781,0.92825677,0.32706838,-0.89309031,0.42562563,-0.27500257,-0.36471895,1.4482939,0.70344538,0.58992667,-0.4876177,-0.29848362,-1.4869084
0.55153138,-1.2367725,0.062335976,0.66359982,1.9194648,-0.33994911,-0.75970895,1.7035059,1.0384652,0.22699173,-0.99355834,0.50542253,-0.22209548,-0.32340876,1.3472267,0.58723363,0.46724994,-0.61214811,-0.38940077,-1.6135835
0.59216605,-1.2037873,0.13439524,0.64697688,1.8522078,-0.46748297,-0.65417062,1.7907203,1.1496035,0.11586334,-1.0910775,0.58597429,-0.14105573,-0.21432297,1.2467517,0.44781289,0.36763518,-0.73285805,-0.49452499,-1.7094598
0.63787881,-1.1334164,0.22293335,0.63293854,1.7030546,-0.58540392,-0.58201681,1.8743702,1.2598369,-0.0077353459,-1.2205405,0.66722945,-0.063347975,-0.077591001,1.1469102,0.32817904,0.22360781,-0.82512409,-0.61503993,-1.8025512
0.63089642,-1.1698985,0.36325303,0.49636664,1.6216403,-0.64133499,-0.5072122,1.8638867,1.3926619,-0.11330975,-1.2390897,0.73644109,0.017613064,0.013681719,1.0477472,0.22936381,0.082058783,-0.71445218,-0.71799302,-1.9612346
0.62882483,-1.1213893,0.45182679,0.36040088,1.4731638,-0.70485225,-0.42734508,1.817147,1.4821575,-0.21544646,-1.1291643,0.6892449,0.095425765,0.13191512,0.96398244,0.16449375,-0.056684623,-0.58551301,-0.81895082,-2.0715297
0.62960229,-1.0395807,0.55859065,0.30692912,1.3652362,-0.77895172,-0.38260369,1.7314932,1.6162505,-0.31385921,-0.96559587,0.58400993,0.17631934,0.22326,0.86560655,0.27478408,-0.19224742,-0.48322923,-0.90617501,-2.0001107
0.58354508,-0.98143333,0.66428496,0.28165527,1.2450305,-0.82471448,-0.29449309,1.6132419,1.729468,-0.29981704,-0.83889294,0.52416976,0.25198068,0.36041507,0.80047117,0.39679468,-0.31986381,-0.35257254,-0.98131592,-1.8974108
0.53675962,-0.94842069,0.75285872,0.21339357,1.1373949,-0.90306498,-0.2437536,1.5038615,1.8433806,-0.1735321,-0.68969548,0.40456234,0.27680008,0.45194034,0.71680387,0.47886716,-0.44624954,-0.20253964,-0.86047633,-1.7769084
0.5470536,-0.86302475,0.84143644,0.082053909,1.0582347,-0.94048054,-0.22057727,1.4516894,1.9551702,-0.04715003,-0.5768854,0.30977966,0.32980087,0.57012454,0.61991234,0.56311209,-0.57338526,-0.09916043,-0.69667395,-1.7230347
0.50255623,-0.75643502,0.93001019,0.01700235,0.95086212,-1.0104545,-0.23611825,1.3496167,2.0463128,0.079960472,-0.4358517,0.26073492,0.35793353,0.6883153,0.53634999,0.64939665,-0.64731311,0.033061638,-0.53214787,-1.6273673
0.46433268,-0.6455193,1.0720134,-0.046046504,0.80445466,-1.037894,-0.17699496,1.2407318,2.1762101,0.20897002,-0.34644813,0.17730094,0.28214101,0.81440075,0.45279889,0.73758124,-0.6446609,0.17759035,-0.36703334,-1.4942344
0.42849073,-0.55614706,1.1792289,-0.17316739,0.69734981,-1.0596885,-0.14219148,1.1386442,2.2816215,0.33775975,-0.20493634,0.082115104,0.20128867,0.94107002,0.36926279,0.71669792,-0.49431662,0.29491597,-0.22767822,-1.3916912
0.38717701,-0.47059002,1.249157,-0.28143471,0.59033259,-1.1132698,-0.07779257,1.0537335,2.2564123,0.45017377,-0.0925923,-0.013027846,0.12060123,1.0048343,0.30544684,0.57277909,-0.3893054,0.42963994,-0.12135345,-1.2861139
0.34657679,-0.35431889,1.373386,-0.40697476,0.5434158,-1.1389443,0.034575473,0.94511607,2.144679,0.59957181,0.071956388,-0.10812362,0.067649168,1.098052,0.19034948,0.46725246,-0.24012018,0.57897298,-0.0074263229,-1.1779888
0.26759065,-0.26140257,1.4807322,-0.46393307,0.49876768,-1.163062,0.17317607,0.89665973,2.0343579,0.73346569,0.1989285,-0.20316363,-0.012877101,1.2058652,0.12741065,0.29825525,-0.14436443,0.68480338,0.13199981,-1.0677138
0.22925392,-0.19854024,1.5361621,-0.58562288,0.42452942,-1.1956123,0.24555337,0.81861828,1.9239679,0.85272955,0.35000619,-0.29814789,-0.091195784,1.3047899,0.023674598,0.16769793,-0.0006575,0.83764922,0.23852411,-0.95561829
0.14372824,-0.088602885,1.6607912,-0.63762049,0.31907009,-1.268342,0.25077701,0.73451019,1.836301,0.88683305,0.47703454,-0.39306781,-0.16918089,1.3061183,-0.028127834,0.037951007,0.0951903,0.94393604,0.38599224,-0.83775609
0.16678145,0.0066041259,1.6937132,-0.6570123,0.18169838,-1.3355255,0.21434667,0.64531394,1.7047661,0.92401643,0.6040629,-0.47695213,-0.25001825,1.2188339,-0.11145778,-0.090893568,0.23901995,1.0810672,0.52542852,-0.71497107
0.23943473,0.10319419,1.8181879,-0.73273687,0.1087259,-1.4216918,0.22569314,0.56406948,1.5949084,1.061003,0.75600035,-0.5476735,-0.32790591,1.1599927,-0.20525691,-0.23089657,0.34009036,1.2183506,0.63206781,-0.58797454
0.30002752,0.14666228,1.906722,-0.84400098,0.034974478,-1.4692356,0.19686696,0.44582321,1.4851822,1.1578208,0.90861678,-0.65200349,-0.40881823,1.0312013,-0.27802771,-0.39858963,0.46849082,1.373482,0.79624557,-0.46699388
0.44226852,0.22517044,1.9933587,-0.91893029,-0.03450249,-1.5646917,0.21434667,0.35943363,1.3755969,1.1600342,1.011648,-0.69370117,-0.46174405,0.9089468,-0.37132831,-0.56595921,0.59773672,1.5296141,0.90280707,-0.33510266
0.53728612,0.32607471,1.992923,-0.88525769,-0.17220038,-1.5807747,0.34878914,0.21911062,1.2661557,1.0573915,1.1656987,-0.79281145,-0.56758822,0.7913661,-0.35818654,-0.70612906,0.72774282,1.6866557,1.04224,-0.2124382
0.68007824,0.41371419,1.993945,-0.95217618,-0.2753034,-1.5789749,0.47419809,0.10288326,1.1568772,0.92142985,1.2215112,-0.70713433,-0.6205028,0.67383131,-0.31285754,-0.81869397,0.85844096,1.8128766,1.1816762,-0.089412069
0.77543045,0.52143551,1.9426982,-1.0534752,-0.34275998,-1.5165605,0.60123391,-0.02165755,1.0477648,0.78992574,1.1529469,-0.61711245,-0.70132142,0.5776486,-0.23061837,-0.90117847,0.98130859,1.971328,1.3461448,0.033931537
0.85931755,0.62934151,1.803967,-1.1796602,-0.40449132,-1.4142658,0.70089889,-0.11379422,0.91521224,0.66115645,1.0870864,-0.52528061,-0.77922407,0.46030733,-0.14828174,-0.84436142,1.0743542,2.130459,1.4635181,0.15756046
1.0030692,0.69191307,1.7006732,-1.2008317,-0.46738134,-1.2815544,0.83154708,-0.25088697,0.83010032,0.53204467,0.96084955,-0.46466413,-0.86222403,0.34302838,-0.065858895,-0.71110727,1.0288268,2.1619154,1.5164539,0.31592235
1.0990266,0.66982737,1.5780009,-1.2849744,-0.59691979,-1.2060263,0.86489002,-0.32536869,0.69432892,0.40478337,0.85166735,-0.34341831,-0.94224807,0.25046995,0.016642661,-0.54120773,0.91706916,2.0891912,1.4595072,0.42007703
1.2431276,0.68259708,1.5097326,-1.3378885,-0.69495967,-1.1005995,0.99891148,-0.2740066,0.61326876,0.2784652,0.70455503,-0.28279326,-1.0189101,0.11165525,0.10770549,-0.44109176,0.82342699,1.9823262,1.3205748,0.59586367
1.3874206,0.64224088,1.3874089,-1.4542927,-0.79224495,-0.9671697,1.0632168,-0.13400563,0.51498706,0.1541253,0.58766307,-0.19262555,-1.039052,0.019126333,0.19057813,-0.30738474,0.67145662,1.8206561,1.1870567,0.73825154
1.4837126,0.60341311,1.2991084,-1.5229618,-0.84883526,-0.85937166,0.98840183,-0.016569399,0.40792239,0.030000105,0.45131389,-0.10090951,-1.1079819,-0.098188697,0.23423536,-0.2060157,0.53739719,1.6595134,1.0480939,0.88201779
1.5703897,0.59097345,1.1977992,-1.5841971,-0.97056479,-0.72464415,1.0331692,0.10146383,0.28988917,-0.087878451,0.32473952,-0.010694629,-1.1203316,-0.21212216,0.27238624,-0.10367962,0.40382526,1.4989557,0.88128509,1.0270258
1.6669868,0.48039171,1.0887458,-1.6373633,-1.022165,-0.64299856,1.1036546,0.18929762,0.15289348,-0.20890078,0.16861574,0.080982807,-1.1607803,-0.3257014,0.31932329,-0.00011430938,0.29935607,1.339047,0.74227492,1.173151
1.6408632,0.39471287,0.98794361,-1.6818544,-0.96248324,-0.53222854,1.2446149,0.30204205,0.064872683,-0.23237681,0.051820196,0.17289614,-1.16611,-0.41807616,0.23310711,0.13874459,0.17645434,1.2744743,0.60891241,1.2675123
1.6255157,0.30452337,0.89983332,-1.7535639,-0.83418137,-0.4233544,1.3829556,0.39185511,-0.067109977,-0.21096851,-0.074922912,0.23351262,-1.2173679,-0.53566998,0.14861142,0.27478408,0.053552619,1.1470126,0.49776176,1.4158477
1.7159374,0.18981996,0.77844053,-1.8219226,-0.70427779,-0.3143601,1.4516166,0.51222434,-0.14953847,-0.30475761,-0.24057242,0.32351305,-1.3011587,-0.65665849,0.065989912,0.34906236,-0.087710047,1.0401206,0.35888348,1.4091125
1.8622084,0.10230621,0.67921495,-1.8865813,-0.57297212,-0.20526432,1.5480746,0.60327352,-0.24255977,-0.41779017,-0.36729142,0.41536634,-1.4019918,-0.77383576,-0.014108941,0.2941896,-0.18171016,0.92338327,0.24869666,1.330034
1.9176837,-0.011489567,0.58106683,-1.9032431,-0.48655798,-0.11924486,1.4822516,0.69007927,-0.36553088,-0.52904892,-0.40238914,0.50542253,-1.501022,-0.89281041,-0.093986641,0.20142518,-0.30456416,0.80697051,0.11010246,1.2150331
2.063876,-0.094952376,0.47084479,-1.9088293,-0.35564177,0.013180896,1.5155789,0.74968794,-0.46991212,-0.65109105,-0.49581031,0.56507398,-1.5658403,-0.84738725,-0.14699605,0.06656384,-0.4563334,0.69091613,-0.028413967,1.1007193
2.1613785,-0.20413534,0.38313855,-1.9547703,-0.28999137,0.14571346,1.5254129,0.79069537,-0.5639949,-0.73511402,-0.65411565,0.50542253,-1.6493838,-0.73109554,-0.2266376,-0.073074819,-0.56093896,0.58413907,-0.1668357,1.0517363
2.2240577,-0.28630939,0.29547589,-1.9953578,-0.20111382,0.2488973,1.537409,0.82639171,-0.65020587,-0.8389453,-0.76482052,0.59967765,-1.7328897,-0.61547293,-0.30601677,-0.21700728,-0.69372,0.49279941,-0.24152344,0.90122681
2.2394839,-0.36815732,0.19864687,-1.9739875,-0.11115548,0.38171558,1.4793928,0.84069253,-0.76302253,-0.95068201,-0.91289304,0.51443372,-1.8163507,-0.52270787,-0.38566956,-0.32248964,-0.78609742,0.3781515,-0.34857869,0.75154112
2.2080115,-0.47059002,0.12723329,-1.9169274,-0.020184519,0.45672827,1.452942,0.85804774,-0.89201804,-1.0245043,-1.0298854,0.42614031,-1.9098601,-0.38355862,-0.46503749,-0.43127152,-0.90889688,0.2640344,-0.48042276,0.60276767
2.1783252,-0.45785568,0.033913942,-1.8006396,0.056190975,0.53659013,1.3572064,0.90317226,-0.9815919,-1.1183599,-1.1565803,0.33299175,-1.9989244,-0.26732268,-0.54469778,-0.57003508,-1.0054163,0.15050897,-0.61138755,0.455027
2.140082,-0.52779438,-0.057773364,-1.694661,0.068926715,0.62093535,1.3055886,0.90181476,-1.0678843,-1.2085912,-1.283231,0.27252538,-1.9230232,-0.17456417,-0.62405821,-0.70861816,-1.0928745,0.011207198,-0.77926503,0.3084437
2.0543595,-0.59449548,-0.14768999,-1.621652,0.045285754,0.68552605,1.3288584,0.87923021,-1.165593,-1.2948327,-1.4186803,0.15160982,-1.8431753,-0.058180624,-0.70308128,-0.87828957,-1.2012879,-0.094968056,-0.91761913,0.16537669
2.0287033,-0.62409762,-0.26455902,-1.5147134,0.10350698,0.7227627,1.2411844,0.83488847,-1.2489608,-1.3953975,-1.439857,0.063650947,-1.7901857,-0.076538157,-0.75408906,-1.0167943,-1.3079934,-0.23423264,-0.96062249,0.039011076
1.9330903,-0.575946,-0.34972609,-1.4076389,0.20153225,0.65648707,1.1959285,0.81833835,-1.3732909,-1.4934882,-1.3253355,0.0032703647,-1.7097982,0.0019036418,-0.82783818,-1.1229543,-1.429627,-0.37348369,-1.0654491,-0.07017492
1.8496952,-0.6668231,-0.43255602,-1.3288303,0.31761444,0.58249709,1.1876226,0.80487234,-1.4319568,-1.5680697,-1.1255605,-0.11746078,-1.6289571,0.12451569,-0.9043386,-1.1932078,-1.5673374,-0.51271784,-0.99872897,-0.19376768
1.8146848,-0.7195286,-0.51284678,-1.2478492,0.43558069,0.45672827,1.0735861,0.76621081,-1.4811101,-1.6144824,-0.96559587,-0.17781134,-1.5477524,0.22214155,-0.98022429,-1.3296899,-1.7186669,-0.65193171,-0.89507246,-0.1885716
1.7329333,-0.71633028,-0.61557412,-1.1648945,0.58295696,0.38991859,0.96156115,0.70518271,-1.5131485,-1.6997552,-0.88879148,-0.27132875,-1.4662404,0.34626563,-1.0554128,-1.4646092,-1.8265792,-0.79111853,-0.78951536,-0.053670434
1.6521363,-0.77508272,-0.68905944,-1.0801457,0.66312981,0.2798375,0.81554351,0.64149907,-1.5745197,-1.7809514,-0.77263474,-0.351576,-1.407715,0.47118672,-1.1298179,-1.6347301,-1.8062615,-0.89703345,-0.71595377,0.046103947
1.5578716,-0.83854227,-0.7682252,-1.0017346,0.71728105,0.18222113,0.70870057,0.54957791,-1.5942117,-1.8576082,-0.69364478,-0.44565527,-1.2953755,0.57012454,-1.2033308,-1.7688695,-1.6788497,-1.0417853,-0.60725157,0.14776306
1.4167525,-0.88525975,-0.85889447,-0.96086103,0.6394499,0.08558208,0.60431092,0.45832808,-1.6329696,-1.9564631,-0.61201928,-0.53960588,-1.234384,0.6883153,-1.2758318,-1.7198705,-1.527977,-1.14721,-0.52533009,0.25113411
1.3379533,-0.86702461,-0.93520812,-0.81668078,0.54755394,0.0083450714,0.46287241,0.34379016,-1.6016734,-2.0799161,-0.49245963,-0.62615367,-1.1513915,0.79915255,-1.314916,-1.6343725,-1.4202045,-1.2859269,-0.38628949,0.35606438
1.2445005,-0.89209646,-0.99676609,-0.66600265,0.45646614,-0.083004213,0.35606066,0.22386188,-1.5077753,-2.1143264,-0.37223708,-0.69370117,-1.0683278,0.91040635,-1.3684464,-1.544373,-1.2912279,-1.3950165,-0.21952801,0.41372761
1.1046706,-0.91710937,-1.0538676,-0.56993583,0.36624491,-0.17396631,0.25737283,0.13484647,-1.4147352,-2.1449768,-0.25143198,-0.78043768,-0.99487406,1.0220439,-1.3661187,-1.4039921,-1.1920597,-1.5329895,-0.090903444,0.52193708
1.0116951,-0.92939579,-1.1420809,-0.46710442,0.29747386,-0.2644985,0.12036272,0.02314494,-1.3502328,-2.1541295,-0.13010861,-0.87446549,-0.91199028,1.1340422,-1.2622889,-1.2720046,-1.0904779,-1.6369469,0.04307118,0.67893264
0.93572529,-0.9753078,-1.2109633,-0.32311329,0.21021262,-0.37458761,0.016129005,-0.094903156,-1.2821796,-2.1019276,-0.0083352723,-0.9608074,-0.82903155,1.2412158,-1.2054299,-1.13161,-1.0177398,-1.7755961,0.21069502,0.78887815
0.84349769,-0.97627437,-1.2783641,-0.1721927,0.1240419,-0.49066875,-0.11804839,-0.21233691,-1.1830587,-2.0848439,0.11383983,-1.0359336,-0.74600535,1.344037,-1.1463781,-0.99121543,-0.89640285,-1.7403937,0.37846767,0.89983234
0.76939774,-0.96855754,-1.3577081,-0.07623741,0.039039594,-0.57465349,-0.20721411,-0.32905475,-1.0788935,-2.1157091,0.23637651,-1.1057585,-0.66292292,1.4745831,-1.1213915,-0.85082084,-0.80437314,-1.5715729,0.50898606,1.0580817
0.67802633,-0.92182827,-1.3942111,0.067792512,-0.063620404,-0.69019258,-0.30812133,-0.29303886,-0.97708925,-2.1833001,0.3592346,-1.1697162,-0.57978428,1.4700372,-1.0588875,-0.71042966,-0.65262776,-1.471409,0.67714762,1.170346
0.54151296,-0.87288296,-1.453325,0.21866461,-0.12713358,-0.78893044,-0.43596798,-0.20534875,-0.90531306,-2.2566701,0.48237795,-1.2472699,-0.49660067,1.3685411,-0.94973132,-0.59461971,-0.54556772,-1.3365565,0.81173773,1.2834099
0.47050317,-0.81490063,-1.5181114,0.27387236,-0.20812919,-0.86041573,-0.51632368,-0.10439575,-0.8266232,-2.1921052,0.60578645,-1.3012599,-0.43370135,1.2593339,-0.86799443,-0.50156246,-0.40870268,-1.2009941,0.98004133,1.3972133
0.3806178,-0.73031409,-1.5372245,0.33773103,-0.31644627,-0.94859543,-0.61292205,0.001459603,-0.76903441,-2.0611762,0.7659198,-1.3477269,-0.35032283,1.1781994,-0.81246612,-0.38409083,-0.27149333,-1.0971246,1.0878406,1.5117039
0.3119896,-0.60702158,-1.5063187,0.44183777,-0.3956503,-1.0416216,-0.75417345,0.11750365,-0.6548682,-1.9334753,0.88945686,-1.3206033,-0.26691808,1.0701894,-0.75508237,-0.28788388,-0.14956658,-0.96007458,1.0712797,1.6268335
0.24508363,-0.52210499,-1.4717884,0.54615787,-0.47315527,-1.0974512,-0.87032018,0.23423388,-0.53366622,-1.7915507,1.049538,-1.1975647,-0.1834871,0.96274024,-0.69598562,-0.16915918,0.0037742164,-0.85343276,0.90399071,1.7425577
0.15728953,-0.39861995,-1.4717884,0.62338084,-0.58081024,-1.0774938,-0.96557236,0.35156854,-0.39669245,-1.657915,1.2096673,-1.1030779,-0.087414029,0.84459212,-0.6353108,-0.07035757,0.14176423,-0.71546984,0.77027648,1.8153832
0.13649982,-0.31343225,-1.4273669,0.68147384,-0.62256166,-1.0056614,-1.0569679,0.46206864,-0.31128933,-1.5359802,1.3667955,-1.0084668,-0.022704417,0.75455919,-0.60790274,0.049320547,0.27995879,-0.58094535,0.64224036,1.8897238
0.073796073,-0.18979791,-1.4141164,0.78701109,-0.65797442,-0.89730258,-1.1731302,0.58068896,-0.22432061,-1.4287777,1.3999487,-0.88533382,0.075272646,0.61976236,-0.56283988,0.16921659,0.40129577,-0.44930143,0.4756987,1.9221862
-0.0542538,-0.10438231,-1.3623824,0.93979375,-0.72573771,-0.81148872,-1.262956,0.66918416,-0.14567459,-1.2804071,1.3560484,-0.76161753,0.17424668,0.51834823,-0.49669994,0.27069459,0.51201369,-0.31167322,0.30941744,1.8399089
-0.13885932,0.019365975,-1.2515899,1.045525,-0.8305252,-0.72464415,-1.4187401,0.75233853,-0.036878367,-1.1526193,1.1953687,-0.63740801,0.22379554,0.4120733,-0.41288646,0.39125803,0.44778789,-0.17695264,0.17660955,1.6791881
-0.19660798,0.10497017,-1.2225975,1.1165798,-0.89491468,-0.6422589,-1.4860808,0.84271888,0.072155823,-1.0504775,1.0758171,-0.51276959,0.32475978,0.28217662,-0.31148563,0.51196448,0.40129577,-0.03924329,0.018025339,1.5595054
-0.27926493,0.16241813,-1.232461,1.2103821,-0.91363856,-0.57536911,-1.5548822,0.93376063,0.21097699,-0.91157914,0.95435711,-0.42947287,0.37676735,0.14191878,-0.25863741,0.53716883,0.22908609,0.098618197,-0.10608787,1.48195
-0.3333231,0.25890604,-1.1957877,1.3291187,-0.97056479,-0.49221216,-1.5982306,0.99879187,0.32036188,-0.79153829,0.79368541,-0.30425114,0.43007922,0.031350475,-0.30164992,0.52145442,0.089149529,0.20678821,-0.23731982,1.3213658
-0.38487667,0.37252108,-1.1551214,1.435524,-1.070776,-0.38435271,-1.6444325,1.0537335,0.40051713,-0.67013513,0.67255086,-0.17873347,0.48463544,-0.066560738,-0.29266134,0.40090119,-0.050732487,0.34510613,-0.40076711,1.2029732
-0.43381246,0.46935868,-1.1477099,1.5088919,-1.1229896,-0.26295242,-1.6110428,1.1386442,0.52137782,-0.56446616,0.55181004,-0.052962752,0.55412003,0.029654773,-0.31669586,0.26282887,-0.19055314,0.48351533,-0.39385126,1.1280259
-0.51105178,0.55576835,-1.0606374,1.5834429,-1.1716687,-0.1402811,-1.631033,1.2407318,0.61383863,-0.42015949,0.43150714,0.022656658,0.61036286,0.12862867,-0.34899929,0.17106895,-0.31828884,0.62199891,-0.37941084,0.9677511
-0.5872184,0.65356466,-1.0163109,1.6591336,-1.2165992,-0.041353639,-1.6949953,1.3496167,0.6953309,-0.30961384,0.31169037,0.099344028,0.61981538,0.18615134,-0.40434768,0.049146889,-0.45777542,0.75609402,-0.4023329,0.91994957
-0.62983116,0.76642137,-0.9584726,1.7359104,-1.3104036,0.058190646,-1.6990962,1.4278885,0.85222529,-0.20554742,0.19240392,0.22619558,0.67857313,0.26059496,-0.45805803,-0.087794952,-0.57769084,0.89457084,-0.38940077,0.83643052
-0.66939312,0.87954919,-0.90420731,1.8137298,-1.3490441,0.158285,-1.6918091,1.5038615,0.91712227,-0.24529949,0.073712077,0.31083905,0.73832036,0.32337857,-0.51001789,-0.17870701,-0.69732673,1.0043806,-0.26688041,0.71488324
-0.74041275,0.97716477,-0.78786117,1.892553,-1.4389927,0.25887069,-1.6768399,1.5896293,0.86427096,-0.24529949,-0.044312846,0.43151443,0.75247664,0.38900585,-0.56011107,-0.30015576,-0.79545175,1.1431144,-0.18779291,0.55351944
-0.84422354,1.0126803,-0.63240155,1.9449773,-1.4704523,0.35989696,-1.6538507,1.6697293,0.81622916,-0.1360369,-0.16160255,0.51068085,0.76850319,0.42656713,-0.60821011,-0.40444976,-0.8912791,1.2537694,-0.077978085,0.43296878
-0.91147888,1.0750672,-0.54704433,1.9369908,-1.5556542,0.46131843,-1.6110428,1.7717649,0.70825018,-0.010022885,-0.27805659,0.59576608,0.79537651,0.48662843,-0.65419133,-0.50722169,-0.98451901,1.38731,0.0041699762,0.31218503
-1.0139562,1.175276,-0.46149698,1.86709,-1.6386848,0.56310039,-1.4975884,1.8246182,0.6005217,0.11689337,-0.39357052,0.67585892,0.8142628,0.51952243,-0.66052232,-0.62753315,-1.0748408,1.515972,0.13477291,0.1514401
-1.1101104,1.2864314,-0.37577137,1.7587985,-1.6584019,0.6730186,-1.3580783,1.8721209,0.49306875,0.14020326,-0.46250042,0.75666374,0.87933222,0.56447329,-0.62686573,-0.72792493,-1.1618695,1.5321599,0.22005931,0.031134575
-1.1717858,1.4106708,-0.28099824,1.6258634,-1.6725981,0.76760422,-1.3283633,1.8831444,0.36401375,0.059278051,-0.47305464,0.88472907,0.90114571,0.60329076,-0.5144747,-0.88678863,-1.2740192,1.4241015,0.33398306,-0.12959428
-1.2707842,1.4978113,-0.25146706,1.4935879,-1.6811616,0.87762123,-1.2352473,1.7998092,0.25682696,0.16220709,-0.44510423,0.96634451,0.9246833,0.68438271,-0.40207617,-1.0258144,-1.3848257,1.3167835,0.44846481,-0.33050938
-1.3289757,1.6220468,-0.1367688,1.3649832,-1.7492219,1.0060336,-1.1995603,1.7035059,0.14996582,0.29437318,-0.37369145,1.0485604,0.94991124,0.72894983,-0.28967389,-1.1646597,-1.4940471,1.1791756,0.53656828,-0.4513534
-1.4256023,1.7092108,-0.01173561,1.3008481,-1.8135578,1.1348065,-1.1086793,1.6021639,0.066435145,0.41772394,-0.26037114,1.1313424,0.93961917,0.77657708,-0.21553119,-1.2720046,-1.6636318,1.0729969,0.6522269,-0.61209833
-1.5211268,1.7963985,0.047695162,1.3702154,-1.9405745,1.2314055,-1.0659754,1.5149792,-0.015533066,0.5374402,-0.15808715,1.2169724,0.9641987,0.83162344,-0.10308768,-1.4105264,-1.8027059,0.93587249,0.76828459,-0.73232349
-1.5891694,1.8969531,0.14622752,1.3777171,-1.9294891,1.3673933,-0.9681296,1.4278885,-0.095826092,0.6373686,-0.0925923,1.300342,0.99497746,0.88418364,-0.028127834,-1.5626072,-1.8086376,0.79891709,0.88470751,-0.7242983
-1.6657592,1.9979241,0.17020899,1.3249921,-1.9120213,1.4647854,-0.91908975,1.3176981,-0.17433434,0.5649699,0.026469164,1.3827895,0.98989515,0.97516773,0.046832009,-1.6865825,-1.7393392,0.66388546,1.0014585,-0.67147751
-1.7130171,2.0626331,0.24640777,1.2758943,-1.9570004,1.5628183,-0.86711843,1.2307734,-0.25093257,0.46123064,0.094712053,1.4246631,1.0237136,1.0323624,0.12179185,-1.821924,-1.6668806,0.55937363,1.1185172,-0.51201452
-1.7125004,2.055101,0.3110476,1.1684368,-1.9963761,1.6728861,-0.76040023,1.1439627,-0.29800996,0.51762423,0.21722463,1.5098384,1.0210112,1.1264886,0.12530407,-1.9149506,-1.5875324,0.42424057,1.1343272,-0.35240685
-1.752269,2.0489833,0.4362115,1.0457674,-2.0297636,1.7714744,-0.70300256,1.0339482,-0.24468585,0.66031811,0.32404448,1.5954211,0.98353475,1.1890164,0.092603318,-1.9992534,-1.4758668,0.28700117,1.0348033,-0.19267461
-1.8051266,2.0084031,0.54760607,0.95366237,-1.9882994,1.8706021,-0.59129462,0.93232633,-0.22135851,0.74200499,0.43128216,1.6813899,0.94752375,1.2853992,0.061930431,-2.1183799,-1.3127251,0.1850521,0.91462995,-0.076749387
-1.8493238,1.9698268,0.6594245,0.81588302,-1.8731519,1.9702372,-0.48289758,0.8307367,-0.28693495,0.82623244,0.53890552,1.7248418,0.87390883,1.3828217,-0.049909594,-2.2260517,-1.1437983,0.049631659,0.79578564,0.083352566
-1.8143282,1.8819909,0.72137859,0.74063851,-1.7539589,2.0539522,-0.46451349,0.71466788,-0.44346612,0.91287011,0.66535535,1.8128264,0.79900835,1.4812151,-0.12444587,-2.2046236,-1.0084912,-0.085406738,0.70205819,0.20033067
-1.6708471,1.7941589,0.72290764,0.66676147,-1.6314114,2.1482842,-0.38923589,0.57619286,-0.56915822,1.0245097,0.75517273,1.9001934,0.68666511,1.5799528,-0.23619594,-2.0900463,-0.8391928,-0.22000899,0.55873618,0.36067776
-1.5749241,1.6897341,0.69003711,0.55885299,-1.5229921,2.145184,-0.23550493,0.4615509,-0.72570817,1.0928828,0.86376434,1.9473638,0.57432563,1.7124636,-0.3147767,-2.010245,-0.69980509,-0.38900224,0.46586433,0.521057
-1.4887342,1.5856001,0.63151743,0.45097359,-1.397363,2.0797842,-0.14099602,0.34768183,-0.78782466,1.1860227,0.97262914,2.035653,0.49798215,1.8436132,-0.42660923,-1.8707697,-0.56029806,-0.5241894,0.34818675,0.68146839
-1.382527,1.4978113,0.60380842,0.3431233,-1.3215863,1.9828621,-0.11002841,0.23468473,-0.78025971,1.2811051,1.0977532,2.0814295,0.38560518,1.9440925,-0.53838178,-1.7489294,-0.42068877,-0.65813237,0.23082707,0.84190791
-1.3240797,1.3906204,0.47920305,0.23530695,-1.2396024,1.8865515,-0.073374566,0.10039864,-0.89953288,1.3681287,1.1414767,2.1311562,0.39141462,1.9181224,-0.65008687,-1.6486091,-0.30985154,-0.79138224,0.11865511,1.0023675
-1.2533897,1.2485073,0.39335464,0.12751969,-1.1428965,1.7908925,0.030256224,0.00060001745,-1.0241165,1.3771179,1.0379753,2.1821396,0.40106953,1.8222119,-0.72451444,-1.5263329,-0.16989793,-0.89011603,0.0026278612,1.1206477
-1.1802198,1.1793466,0.338614,0.019771223,-1.0531572,1.6959303,0.14291014,-0.10954088,-1.1409599,1.4125044,0.90144135,2.2343453,0.36790327,1.6586668,-0.78811298,-1.4039921,-0.057949367,-1.0177941,-0.085925388,1.2394181
-1.1516357,1.0915224,0.24619386,-0.087938448,-0.95866154,1.5682496,0.25737283,-0.23030893,-1.1574832,1.4182297,0.75662308,2.2877391,0.26094595,1.4951513,-0.77470507,-1.2816001,0.054773046,-1.14721,-0.20061005,1.4016579
-1.1031084,0.98496411,0.2004017,-0.24123028,-0.88993918,1.4492045,0.3668198,-0.32891355,-1.2314262,1.363569,0.66725969,2.3360976,0.18665264,1.3923203,-0.78609636,-1.1591605,0.19509142,-1.2750334,-0.33394889,1.5221001
-1.0671286,0.88027216,0.076687619,-0.30322201,-0.75247984,1.3478765,0.43220626,-0.43580933,-1.3082655,1.2338719,0.5351772,2.397945,0.075272646,1.2593339,-0.81246612,-1.0366868,0.30861154,-1.4008723,-0.41847776,1.6811934
-0.98336454,0.79114745,0.025619065,-0.42643447,-0.6472688,1.2216403,0.54264598,-0.52503778,-1.3821552,1.1042106,0.42472946,2.4124762,-0.036021141,1.1576148,-0.82646627,-0.91418245,0.33043604,-1.5325872,-0.53003084,1.7268329
-0.91843667,0.70328794,-0.063220095,-0.53373681,-0.54624946,1.1301842,0.61942569,-0.62688008,-1.3834234,0.98225028,0.31449064,2.3861932,-0.14722498,1.0895473,-0.88520318,-0.79773915,0.24744362,-1.6543486,-0.65190189,1.7722112
-0.8085046,0.61543235,-0.14647388,-0.62574488,-0.44115039,1.0457883,0.70014523,-0.70672988,-1.4386669,1.0223653,0.2044768,2.4124762,-0.25832012,0.9896386,-0.99062226,-0.67534379,0.12471576,-1.815373,-0.74673858,1.8266073
-0.67333948,0.51031998,-0.19372378,-0.68406095,-0.33581764,0.92088197,0.73404432,-0.79573786,-1.5131485,1.0893582,0.094712053,2.3382721,-0.36929533,0.92365053,-1.0115906,-0.55846804,-0.01577988,-1.942314,-0.85693893,1.7112245
-0.58266681,0.44113173,-0.27593179,-0.75621169,-0.23497842,0.82142847,0.77221068,-0.8942855,-1.6138537,1.0211308,0.0011703603,2.3166727,-0.44320633,0.82634282,-1.0496365,-0.46268673,-0.13250788,-2.0067278,-0.99029468,1.5516008
-0.57324378,0.33691128,-0.39730081,-0.76201129,-0.12975278,0.73270939,0.86440144,-1.0214843,-1.6110356,0.93169694,-0.10743732,2.2442143,-0.55394167,0.73019947,-1.0161149,-0.31895177,-0.2487484,-2.1416682,-1.1115773,1.3920534
-0.54408405,0.22988934,-0.47878392,-0.82892493,-0.024312924,0.61355478,1.0141614,-1.1241763,-1.5895619,0.89183753,-0.21566332,2.1724979,-0.66450834,0.6701644,-0.96142997,-0.22727698,-0.36444347,-2.2632301,-1.2360794,1.2675123
-0.59106634,0.12554708,-0.48285213,-0.85037279,0.076365633,0.49081135,1.1003748,-1.2230856,-1.614793,0.762943,-0.30464505,2.1427794,-0.73057099,0.6098899,-0.8778114,-0.23528911,-0.47183759,-2.2832216,-1.1668364,1.1079408
-0.61921734,0.057600444,-0.48203611,-0.88888971,0.17747748,0.42868529,1.1876226,-1.3172536,-1.5144949,0.64699671,-0.41123187,2.0314068,-0.74996326,0.55459427,-0.79417409,-0.26079652,-0.61238437,-2.1928963,-1.0468321,0.99359486
-0.69242173,-0.03013727,-0.5578863,-0.81353368,0.287221,0.34476999,1.2014588,-1.4233839,-1.4019036,0.54462486,-0.49581031,1.9083554,-0.81263395,0.46523044,-0.71052554,-0.35630883,-0.75293114,-2.066814,-0.95177562,0.83440112
-0.72616257,-0.13332044,-0.59179072,-0.73311996,0.36163453,0.22425622,1.1688851,-1.5054954,-1.2831941,0.43357314,-0.60025174,1.8264826,-0.82663281,0.41525151,-0.62686573,-0.50156246,-0.91849325,-1.945127,-0.83207571,0.72115631
-0.7842852,-0.23595745,-0.62326292,-0.63762049,0.50545687,0.14098178,1.1915469,-1.5988632,-1.1820849,0.29999107,-0.74927242,1.7580215,-0.88536433,0.36225836,-0.55647515,-0.59787155,-1.0920768,-1.855542,-0.71061048,0.5624649
-0.85065974,-0.30134621,-0.64616692,-0.55069919,0.58159381,0.023373244,1.226288,-1.6611522,-1.0744097,0.18284606,-0.84344889,1.6360123,-0.90735023,0.3179438,-0.49198075,-0.74232839,-1.2238283,-1.7399238,-0.61699125,0.43703161
-0.90723237,-0.38877745,-0.71754881,-0.43445984,0.66822703,-0.092625128,1.1533441,-1.6771846,-0.96200946,0.16729846,-0.98831136,1.514359,-0.96268229,0.23728808,-0.38933547,-0.86235042,-1.3774623,-1.6172123,-0.49731162,0.27837636
-0.92696414,-0.48391767,-0.78786117,-0.38349025,0.7754974,-0.20677301,1.0438348,-1.5903169,-0.85404926,0.030324706,-1.1307633,1.4480467,-0.96598805,0.19936929,-0.33790787,-0.98309092,-1.4633148,-1.4853013,-0.35383744,0.16659835
-0.98099771,-0.43701159,-0.7517226,-0.32988273,0.85437525,-0.26666407,1.0274778,-1.4643666,-0.74571646,-0.023208823,-1.2556824,1.3274485,-1.016264,0.12402371,-0.25434928,-1.1030721,-1.3814474,-1.3906382,-0.2581891,0.0086744889
-1.0380083,-0.36815732,-0.81745177,-0.27375848,0.99025236,-0.30049615,0.96348428,-1.3792181,-0.63993557,-0.10836151,-1.4149439,1.2073093,-1.0640626,0.082274015,-0.17077194,-1.2227196,-1.2772168,-1.2689376,-0.13832348,-0.14894396
-1.0920222,-0.35023258,-0.83191037,-0.14893126,1.0695489,-0.23484536,0.90580074,-1.3235382,-0.53057261,-0.22571611,-1.4952034,1.0876675,-1.1091738,0.011976178,-0.099800358,-1.2650548,-1.1709647,-1.1308834,-0.018288765,-0.34547071
-1.1428672,-0.32733748,-0.8805071,-0.040726969,1.2052702,-0.12857205,0.74779731,-1.2734098,-0.42096541,-0.34023364,-1.3926864,0.9920871,-1.1513915,-0.05539272,-0.016316729,-1.1798565,-1.0488471,-0.98799782,0.10189813,-0.50221711
-1.1916504,-0.25347749,-0.90325661,0.067491864,1.3250183,-0.13266287,0.69283214,-1.1920316,-0.31114529,-0.46646747,-1.2715599,0.9125647,-1.2127204,-0.11963588,0.035275794,-1.0299515,-0.94054274,-0.88707994,0.19641693,-0.65844913
-1.1852929,-0.15195635,-0.94551928,0.19401145,1.4461052,-0.2099426,0.63984727,-1.1179115,-0.19972827,-0.59545912,-1.1496902,0.79377648,-1.3254122,-0.25258614,0.11874818,-0.91886102,-0.81805351,-0.78191221,0.33988098,-0.76468546
-1.2305087,-0.06425007,-0.94778116,0.28396348,1.568453,-0.30442676,0.53693376,-1.0403853,-0.090935178,-0.73581434,-1.0272178,0.69806309,-1.3844773,-0.33947693,0.20223555,-0.78674417,-0.70816739,-0.65937317,0.43518774,-0.91902471
-1.2137884,0.043172639,-0.98163804,0.35842242,1.6506706,-0.35905476,0.48811741,-0.9470051,-0.090935178,-0.87223602,-0.91578973,0.57983673,-1.4662404,-0.4210379,0.28574167,-0.66397765,-0.5971529,-0.50432295,0.55548286,-1.0341502
-1.1984458,0.13766062,-0.97672608,0.43656672,1.7497767,-0.33420273,0.38960111,-0.86290939,-0.043976768,-1.0031012,-0.81382715,0.48406329,-1.5477524,-0.49819398,0.38222089,-0.54907685,-0.47432617,-0.3912269,0.62680906,-1.1994643
-1.2279303,0.22517044,-0.96855797,0.3832259,1.7669816,-0.34299053,0.34528592,-0.77506322,0.065783858,-1.1132736,-0.70155945,0.36648457,-1.6244669,-0.54848778,0.45279889,-0.38569802,-0.36224806,-0.275656,0.70205819,-1.3515974
-1.193348,0.3212733,-1.012322,0.33204295,1.8699386,-0.2417266,0.2463798,-0.68775459,0.19854931,-1.2578461,-0.58917523,0.27065109,-1.7097982,-0.63769746,0.52398038,-0.26310856,-0.24932452,-0.19012818,0.73330631,-1.4786461
-1.166314,0.33191341,-1.0296564,0.35106138,1.9321957,-0.13969364,0.14824813,-0.58201814,0.27018461,-1.3434742,-0.47668253,0.1748219,-1.7371962,-0.69919863,0.5642266,-0.12830511,-0.1356544,-0.16301975,0.64208141,-1.6289627
-1.1827588,0.31269598,-1.0670903,0.23647075,1.9303213,-0.10401909,0.10905263,-0.49239582,0.32072823,-1.4065617,-0.36409743,0.096809228,-1.6818529,-0.74944652,0.54375302,0.0069682435,-0.021309299,-0.032011445,0.52083262,-1.7558066
-1.1950456,0.24933073,-1.0457669,0.12392646,1.8867784,-0.1385214,0.021035589,-0.38277513,0.45690668,-1.316126,-0.25143198,-0.037925508,-1.5950899,-0.82872141,0.48241474,0.14265361,0.073740792,0.083065842,0.40405799,-1.9032539
-1.2223503,0.13942087,-1.0498153,0.21895556,1.7342465,-0.24831945,-0.12429596,-0.29066819,0.55388267,-1.261772,-0.1386902,-0.11535059,-1.5567664,-0.90455241,0.39147561,0.2930523,0.18889042,0.1204084,0.28766212,-2.0469598
-1.2279303,0.014128431,-0.99379911,0.24839484,1.6478177,-0.31120119,-0.21723518,-0.20817027,0.69086896,-1.2172455,-0.025884133,-0.2112484,-1.4627622,-0.97484369,0.3089778,0.42984091,0.30455481,0.088133881,0.19261237,-2.1852407
-1.2512246,0.032536455,-0.93392071,0.24607209,1.6064022,-0.30128121,-0.24742315,-0.11637545,0.77884592,-1.1676608,0.08697818,-0.30714622,-1.3662356,-1.0761725,0.21975167,0.55190599,0.42068624,0.060440546,0.076771128,-2.3076078
-1.2499256,0.02346014,-0.8439724,0.24665399,1.4533981,-0.25200707,-0.32522161,-0.10400931,0.89135886,-1.1132736,0.21434,-0.40303974,-1.3150377,-1.1756089,0.14419959,0.72018813,0.5372472,-0.038070102,-0.044842903,-2.4408573
-1.2690423,0.046787449,-0.75771202,0.25129949,1.3652362,-0.1402811,-0.41301515,-0.0096382161,1.0233384,-1.0543497,0.32683269,-0.49893756,-1.2241519,-1.3065125,0.061930431,0.84378548,0.65418997,-0.16118052,-0.16029186,-2.516102
-1.2607707,0.12775525,-0.6404231,0.18694137,1.386034,-0.051100055,-0.49941572,0.069562559,1.1358388,-1.0245043,0.46386085,-0.61422595,-1.1821927,-1.4024197,-0.020248766,0.98194293,0.79311746,-0.31340089,-0.26136464,-2.4050152
-1.2755867,0.23887528,-0.55371113,0.092945136,1.3881079,0.07387837,-0.56879398,0.12783106,1.248358,-0.98953183,0.53890552,-0.71012806,-1.1151444,-1.3575836,-0.072864593,1.1379021,0.88492558,-0.46345745,-0.40367548,-2.3192778
-1.3289757,0.32440482,-0.46688825,0.13828484,1.3687073,0.13189491,-0.58499506,0.17414959,1.3415828,-0.94961108,0.52925124,-0.78623212,-1.039052,-1.2231968,-0.15498382,1.2948828,1.003232,-0.53548176,-0.50451831,-2.2056754
-1.240847,0.30074353,-0.35569571,0.25390835,1.2658526,0.22540443,-0.71359538,0.084371211,1.4789386,-0.87348842,0.38242015,-0.88210849,-0.96598805,-1.0886984,-0.23061837,1.4338439,1.1443344,-0.63342779,-0.64695427,-2.0889906
-1.1793783,0.25380209,-0.26884906,0.2361798,1.1403063,0.3531973,-0.79133666,-0.0044534537,1.5915737,-0.71887377,0.2665567,-1.0157281,-0.88783427,-0.98653321,-0.31285754,1.5920027,1.2380107,-0.72696168,-0.73514566,-1.9756614
-1.0785298,0.23481255,-0.1503678,0.2617349,1.0572464,0.48147883,-0.9353636,-0.108768,1.7102049,-0.57711535,0.15152086,-1.1115701,-0.80923449,-0.85184134,-0.39499175,1.707118,1.3573363,-0.86295013,-0.84933996,-1.8366974
-1.0091684,0.24933073,-0.094878479,0.27618056,0.9233167,0.57082809,-1.0569679,-0.17561997,1.8293028,-0.46490069,0.037903242,-1.1863789,-0.73024491,-0.71709042,-0.47700977,1.8670169,1.4753768,-0.99380291,-0.96262454,-1.7218974
-0.90761618,0.23502473,0.024002871,0.26665195,0.85642972,0.67444718,-1.1285032,-0.28051666,1.948839,-0.36635248,-0.04769968,-1.2821138,-0.6502696,-0.55512956,-0.5588966,1.9410704,1.5946138,-1.0940581,-1.0845565,-1.6051645
-0.83818099,0.20106516,0.12028128,0.15169278,0.76475284,0.75229568,-1.1731302,-0.36668825,2.0687885,-0.31828604,-0.18987437,-1.392294,-0.59728005,-0.42538703,-0.61161738,2.059744,1.7149588,-1.2381135,-1.1783515,-1.4801009
-0.73602354,0.13766062,0.21791443,0.14782315,0.69255443,0.84458222,-1.3093711,-0.46844881,2.1533931,-0.27075379,-0.30350807,-1.3206033,-0.51704988,-0.37266611,-0.69341049,2.1369507,1.8363367,-1.3309306,-1.3075307,-1.3738123
-0.63337402,0.043172639,0.32803744,0.27704372,0.56048442,0.94905579,-1.3724186,-0.54968088,2.1961965,-0.15516277,-0.41714176,-1.260746,-0.43657608,-0.24533759,-0.77503868,2.2579193,1.957343,-1.4440064,-1.3869294,-1.2649357
-0.5659317,-0.014935424,0.41577537,0.34255595,0.47500988,1.0746591,-1.4037812,-0.62885688,2.1543982,-0.017552595,-0.53077947,-1.1490861,-0.35588865,-0.14087644,-0.85162906,2.2546675,2.0819083,-1.5523522,-1.3259685,-1.1474191
-0.46207663,0.035935162,0.51446222,0.40984297,0.36624491,1.174716,-1.3868265,-0.70569937,2.0616494,0.1263119,-0.64441316,-1.0950661,-0.27122456,-0.063589159,-0.93339594,2.2959574,2.2059725,-1.5965074,-1.1706646,-1.0287974
-0.3924889,0.018686234,0.63562922,0.41514796,0.25747993,1.2753231,-1.2928945,-0.77989622,1.948839,0.18970612,-0.75804685,-1.0067641,-0.237215,-0.080752813,-1.0149829,2.232589,2.2604076,-1.4618375,-1.0564162,-0.91575757
-0.28827462,0.073537039,0.71217263,0.44128496,0.1487247,1.3543331,-1.1468977,-0.87273146,1.8257551,0.11015088,-0.87097344,-0.91783589,-0.17827735,-0.16533784,-1.0995236,2.1721046,2.2729903,-1.3563993,-0.92856612,-0.79646071
-0.18248082,0.19717531,0.78919535,0.3431233,0.039979195,1.4555864,-1.0412658,-0.9296276,1.6933247,-0.060624786,-0.98457097,-0.82835871,-0.073100331,-0.24756463,-1.1278087,2.0867565,2.3102576,-1.2351281,-0.80962711,-0.67638425
-0.077065897,0.30515203,0.88807234,0.2643389,-0.11115548,1.5572936,-0.93499977,-1.0152393,1.5711552,-0.14677172,-1.0989519,-0.73914745,-0.013611713,-0.3672379,-1.1524767,2.0028861,2.3022396,-1.0995826,-0.64695427,-0.56376233
-0.0075224606,0.34771248,0.93329012,0.15675046,-0.195447,1.65942,-0.78854552,-1.0739562,1.4407507,-0.16178514,-1.21175,-0.64651785,0.061682316,-0.52578768,-1.2020714,1.9253628,2.2216438,-0.97845341,-0.52438995,-0.43431444
0.064973361,0.2826302,1.0137631,0.079629326,-0.30405131,1.7619389,-0.68156224,-1.1275453,1.3196614,-0.14550399,-1.3253355,-0.55436005,0.13183031,-0.6521224,-1.2727618,1.8102849,2.1152144,-0.84260359,-0.39273864,-0.32219484
0.17109193,0.24250581,1.1160824,-0.012373897,-0.45441679,1.8352987,-0.539526,-1.1753824,1.206779,-0.015178155,-1.4360725,-0.49376931,0.098731521,-0.80928479,-1.3384745,1.7344131,2.0103804,-0.706321,-0.26772925,-0.16760644
0.24056648,0.11826245,1.2244862,-0.16571907,-0.53738896,1.9387202,-0.43117575,-1.2413525,1.076174,0.12029784,-1.4810735,-0.37257495,0.067649168,-0.92240156,-1.3985458,1.6253895,1.9072407,-0.60024718,-0.10809329,-0.078593935
0.34685235,0.056028788,1.2991084,-0.24123028,-0.62976203,2.0424515,-0.31930668,-1.298853,0.98917714,0.23639748,-1.3725302,-0.28279326,-0.014350074,-1.079295,-1.4018781,1.5139993,1.8058942,-0.44656962,0.02512042,0.077340706
0.4490098,-0.068218502,1.4012297,-0.31501034,-0.7023353,2.1156056,-0.1724782,-1.3522489,0.85879139,0.35315144,-1.2702663,-0.22216391,-0.094220439,-1.1926282,-1.3010358,1.4067803,1.6770847,-0.30908342,0.19188528,0.20033067
0.51849419,-0.15507216,1.5097326,-0.32345273,-0.76951438,2.1652536,-0.063966815,-1.4265473,0.74589331,0.45193224,-1.1112217,-0.13198334,-0.14619427,-1.327717,-1.2329729,1.3024966,1.5837425,-0.17141126,0.32041854,0.33663032
0.6210453,-0.27931552,1.5980766,-0.3927958,-0.83093414,2.2689154,0.079514374,-1.5230686,0.65904984,0.53434755,-0.97004736,-0.041459646,-0.25001825,-1.431391,-1.1298179,1.1964285,1.4735427,-0.014880187,0.4498074,0.44018623
0.7219037,-0.34003646,1.6864324,-0.46005858,-0.88621972,2.3189746,0.19018798,-1.619367,0.5461549,0.68893408,-0.8263259,0.049377145,-0.2996833,-1.5461313,-1.0461806,1.0912356,1.3639805,0.11130013,0.58399508,0.53666533
0.72088513,-0.37149709,1.7747963,-0.56848108,-0.87343043,2.289941,0.30002477,-1.714174,0.42530361,0.77443948,-0.68050724,0.1405013,-0.37687008,-1.6146088,-0.96252825,0.98698585,1.2414878,0.22694203,0.71437143,0.65690254
0.75605788,-0.43701159,1.9119192,-0.65364698,-0.85660036,2.2095397,0.44809029,-1.770659,0.31243058,0.84929952,-0.53294093,0.23134667,-0.45361459,-1.6911023,-0.85857853,0.88374742,1.1327472,0.30193143,0.84539372,0.72449981
0.82712671,-0.45997348,2.0155299,-0.7113472,-0.77627659,2.129507,0.48837729,-1.7926862,0.21961281,0.90223241,-0.40621791,0.32246225,-0.52987936,-1.7481429,-0.77503868,0.74740488,1.0247735,0.37968983,1.0137108,0.61760845
0.93061766,-0.35023258,2.0124718,-0.79195974,-0.69418559,2.0505583,0.60431092,-1.7909348,0.10682119,0.95789246,-0.25701644,0.41536634,-0.60561191,-1.797187,-0.67036928,0.5771512,0.90262858,0.34528193,1.1117806,0.49718236
1.0339069,-0.266369,2.0108715,-0.87076838,-0.62066785,1.944488,0.75104064,-1.7086697,-0.026191626,0.98696337,-0.13010861,0.50742549,-0.68075976,-1.8834514,-0.58694563,0.40689753,0.78052798,0.46937621,1.2440203,0.4089575
1.0343842,-0.18228932,1.9404838,-0.91566681,-0.52524717,1.8386178,0.86879865,-1.619367,-0.14843316,0.96571865,0.020354382,0.56606045,-0.75525547,-2.0068834,-0.51685491,0.27085803,0.65847851,0.60872869,1.3767098,0.25778493
1.1412064,-0.05935829,1.8708013,-0.89495117,-0.42009942,1.7608681,0.91525007,-1.5230686,-0.27017371,0.85246118,0.1717816,0.59527714,-0.79805789,-1.9802212,-0.39838777,0.30879736,0.58270297,0.77389471,1.5098086,0.13891807
1.2135201,-0.005980912,1.7822553,-0.8229944,-0.38718902,1.6838795,1.0046341,-1.4128138,-0.37347783,0.72014173,0.29882201,0.62669837,-0.85874212,-1.8627061,-0.3279672,0.44656664,0.67793033,0.93939543,1.6081218,0.025789806
1.1152352,0.087171158,1.6937132,-0.78532123,-0.30164632,1.5790881,1.128437,-1.3235382,-0.51191386,0.59048555,0.45108891,0.72085485,-0.76188572,-1.7702919,-0.24472347,0.58452659,0.83432901,1.1051835,1.742208,-0.092586782
1.0510356,0.1724453,1.5505177,-0.7546648,-0.27291788,1.4745825,1.1811516,-1.2342578,-0.63177883,0.45647409,0.6040629,0.69592288,-0.66355634,-1.6563388,-0.16144225,0.69117349,0.94745369,1.271232,1.8421952,-0.24039175
0.95682008,0.28748268,1.4437499,-0.67238416,-0.19577805,1.3703787,1.2783632,-1.1522801,-0.75086413,0.35067732,0.7576556,0.61284918,-0.56394139,-1.5390762,-0.05563335,0.76812815,1.0182827,1.4042384,1.9431733,-0.32706542
0.86523709,0.38157775,1.373386,-0.62982303,-0.087796889,1.2374028,1.407265,-1.0490753,-0.86353676,0.21833998,0.91180273,0.51942612,-0.46319829,-1.4465375,0.015188295,0.81352119,1.0480912,1.5316528,2.0450848,-0.44297055
0.805717,0.47658437,1.3036401,-0.48514817,0.020237824,1.1336502,1.5810537,-0.96578717,-0.9815919,0.11372148,1.06644,0.43176748,-0.41109702,-1.3076834,0.098274597,0.80470886,1.0385357,1.6984484,2.1140674,-0.55782281
0.7188529,0.56244396,1.1984845,-0.38349025,0.1741621,1.0008453,1.6667994,-0.86686794,-1.0940829,-0.016650359,1.1724363,0.37142979,-0.34254943,-1.1904242,0.18140588,0.79630854,0.96777141,1.8268669,2.1532459,-0.67147751
0.63891215,0.64838605,1.0906789,-0.28143471,0.26604345,0.89762408,1.7682212,-0.78204642,-1.1014287,-0.11986055,1.3185924,0.28427725,-0.25885609,-1.0942021,0.28773955,0.78488793,0.90874435,1.922399,2.1958942,-0.78376588
0.54151296,0.77238188,1.0021249,-0.17900578,0.38919942,0.7683519,1.9263545,-0.69678891,-1.0604446,-0.24799342,1.435858,0.19760079,-0.15547063,-0.97658203,0.39448555,0.7104428,0.81846347,2.0477002,2.171217,-0.92447396
0.44469932,0.85844185,0.89689407,-0.07623741,0.42112154,0.66608662,1.9841265,-0.61115487,-1.0153367,-0.29690842,1.5445179,0.1035687,-0.10003362,-0.85889309,0.47739193,0.62089618,0.72992118,2.1444765,2.0815105,-1.0341502
0.36417793,0.8768263,0.78919535,0.026846156,0.38088906,0.55660634,2.0157594,-0.50888153,-0.96631171,-0.21544646,1.6461751,0.017171023,0.0049672355,-0.76161162,0.58437782,0.54218791,0.6161488,2.2013812,1.9850911,-1.1165159
0.28020225,0.98230801,0.71984559,0.13021582,0.34547143,0.45472558,1.9345512,-0.42242259,-0.91357,-0.10811103,1.7570889,-0.059173228,0.088330758,-0.64371605,0.65588916,0.4227856,0.53053144,2.1886282,1.8556312,-1.2546521
0.26759065,1.1355641,0.65124846,0.28165527,0.31499524,0.35344029,1.8109355,-0.33573078,-0.85732135,-0.0019385427,1.8291726,-0.15389157,0.15044674,-0.51963133,0.77439753,0.30490877,0.41848742,2.1498488,1.7267395,-1.3354505
0.21563851,1.2208658,0.52654802,0.38547591,0.21021262,0.22183163,1.7144307,-0.24746596,-0.79777244,0.13270934,1.9353014,-0.23846212,0.22017121,-0.43232072,0.84603257,0.23267354,0.27848609,2.0792208,1.5984734,-1.4713885
0.12287456,1.3358639,0.41825908,0.48951961,0.066755407,0.1215824,1.5938036,-0.14065193,-0.73511739,0.24293806,1.9584428,-0.29814789,0.3251983,-0.32340876,0.92870281,0.33365099,0.16734887,1.9768863,1.4650669,-1.5586368
0.038382211,1.4594707,0.31061978,0.5849415,-0.076492459,0.022134247,1.477636,-0.052149304,-0.70960448,0.35075144,1.9406971,-0.41739503,0.43071639,-0.19528978,1.0362772,0.43594621,0.027613442,1.8758163,1.3377714,-1.5263673
-0.019228668,1.527826,0.22206187,0.66465209,-0.10269907,-0.10836092,1.3614685,0.03907576,-0.68008365,0.4877712,1.8906177,-0.47695213,0.53667674,-0.066560738,1.144114,0.55675822,-0.082426077,1.7749998,1.1715849,-1.3811262
-0.10185117,1.6513228,0.097761518,0.76053464,-0.013840991,-0.20632174,1.2246819,0.13110839,-0.6851186,0.62165231,1.8052599,-0.57203074,0.59562939,0.062706203,1.2266005,0.6952698,-0.22179674,1.6755696,1.0056418,-1.2333976
-0.22438008,1.7364752,-0.0089349993,0.8976836,0.13076029,-0.30316907,1.0632168,0.21310591,-0.65406349,0.75574556,1.7210631,-0.65529744,0.61981538,0.16004016,1.3345685,0.83390736,-0.29948132,1.5418227,0.83997941,-1.083724
-0.34508344,1.8435128,-0.13289468,1.0418832,0.22096205,-0.39875071,0.92178871,0.30730856,-0.55556887,0.89003817,1.599109,-0.75054333,0.68054834,0.30424371,1.4427688,0.95458998,-0.23782592,1.4421862,0.67463153,-0.93249111
-0.41376084,1.9127443,-0.23843451,1.1380567,0.25866295,-0.51828182,0.80566797,0.40639375,-0.51760636,0.99931353,1.5167242,-0.84573775,0.73229354,0.45014296,1.5150186,1.093231,-0.06753551,1.3091594,0.54261161,-0.78000445
-0.53269276,1.9754573,-0.34298799,1.247323,0.24712484,-0.61946297,0.71021308,0.48689258,-0.47249222,1.0524867,1.395682,-0.95164609,0.71356467,0.56795325,1.6235601,1.2504772,0.070270417,1.1765519,0.40320915,-0.65293156
-0.61074891,2.0009378,-0.44645608,1.3024629,0.24089815,-0.70084421,0.57344206,0.53075621,-0.38306865,1.0293787,1.2749774,-1.0550239,0.68823928,0.6729851,1.732289,1.3347085,0.16971132,1.0444076,0.36163968,-0.54940781
-0.71851097,2.0666094,-0.5390109,1.3743081,0.19102624,-0.80986788,0.46392753,0.47243816,-0.25448959,0.97884325,1.1546383,-1.1490861,0.79824375,0.8229547,1.841194,1.2694163,0.30520252,0.91277048,0.35647224,-0.39467072
-0.78763124,2.0168586,-0.54039338,1.4021811,0.093964907,-0.8888005,0.40161808,0.38407673,-0.14567459,0.93110141,1.034693,-1.248711,0.90839064,0.93118444,1.904935,1.2978044,0.44153917,0.78169455,0.24780386,-0.23928261
-0.87690645,1.9338791,-0.48637765,1.4702149,0.098585021,-0.97318577,0.36950698,0.29357501,-0.044515332,0.85434233,0.87402126,-1.3416623,0.97479061,0.95631822,1.9778332,1.2223105,0.57863261,0.6512441,0.16290975,-0.13174023
-0.82499859,1.8464715,-0.43069027,1.5395871,0.24445696,-1.0918944,0.23976839,0.2235225,0.037171072,0.779766,0.75600035,-1.4021801,1.0418577,1.0264324,2.0789379,1.0700526,0.74830258,0.51705094,0.047826035,-0.022727034
-0.81149635,1.7640459,-0.38835629,1.6810566,0.25422784,-1.1322366,0.095445178,0.13753175,0.10424423,0.6424293,0.63750135,-1.4904649,1.11572,1.1089445,2.1521061,0.96377346,0.88464604,0.38755391,-0.10929384,0.080346636
-0.68700902,1.6468632,-0.37970094,1.7174011,0.26928581,-1.0986609,0.0094812079,0.034222941,0.10694957,0.52101592,0.51715024,-1.5097955,1.1835742,1.1007153,2.1731569,0.81153263,1.0205838,0.25373266,-0.26496968,0.10131581
-0.67047074,1.490676,-0.26783894,1.7348484,0.28956757,-0.9986119,-0.16015976,-0.052149304,0.057965284,0.43335333,0.3592346,-1.5237433,1.2520131,1.0567648,2.2393531,0.705342,1.1908981,0.092069303,-0.4023329,0.083352566
-0.60969097,1.3735758,-0.17994256,1.8210569,0.25807388,-0.92740699,-0.27474201,-0.13830356,-0.07643152,0.3133227,0.1989285,-1.4147426,1.3210067,1.0259174,2.306059,0.58317478,1.3272586,-0.074489661,-0.53945939,0.16024892
-0.61285987,1.2175064,-0.054699427,1.9080218,0.17174737,-0.85375613,-0.32242007,-0.22421257,-0.19972827,0.19375213,0.08198029,-1.3032328,1.3905363,0.93461192,2.3299923,0.43093735,1.4637418,-0.20108921,-0.67630518,0.32058396
-0.59106634,1.1348765,0.057538892,1.9957142,0.20332869,-0.77795571,-0.26459099,-0.32550989,-0.25534128,0.074679963,0.099938945,-1.2074079,1.4605681,0.88444931,2.3551626,0.3247944,1.5660088,-0.33356485,-0.78241352,0.47850782
-0.52340259,1.0484394,0.12028128,2.029091,0.30945499,-0.6446648,-0.23153912,-0.41443364,-0.3291277,-0.062033092,0.078975128,-1.0937365,1.4937943,0.80392151,2.3815474,0.21691826,1.7033,-0.4581967,-0.9187419,0.59888568
-0.49874525,1.0022877,0.27145481,1.9680594,0.38088906,-0.53643152,-0.21328497,-0.50640682,-0.34078197,-0.1395845,0.015252035,-1.0355047,1.5614086,0.69714804,2.4091278,0.094934912,1.6723905,-0.58961072,-1.0546171,0.75754495
-0.49158572,0.88172594,0.28712951,1.908434,0.42112154,-0.42800865,-0.17338259,-0.61376583,-0.25263906,-0.11742477,-0.093914089,-0.95747056,1.5957743,0.62361951,2.4006153,-0.011657508,1.5377208,-0.74418084,-1.1601539,0.87660068
-0.52718656,0.76418176,0.25679419,1.7638707,0.46602768,-0.31704904,-0.10557922,-0.70226598,-0.22474332,-0.098316786,-0.20164191,-0.89543871,1.6678975,0.51834823,2.38982,-0.11707177,1.4033955,-0.87388411,-1.3113421,0.99613061
-0.45128074,0.71972746,0.16134765,1.6621449,0.3903435,-0.20813217,-0.058384537,-0.79212364,-0.22262977,0.039298505,-0.35713896,-0.83111225,1.738439,0.41389036,2.3465601,-0.23834687,1.2694486,-0.99206172,-1.4166489,1.1160986
-0.31153942,0.63743161,0.045631346,1.5606809,0.31615878,-0.10185084,-0.0070265355,-0.88013826,-0.28047845,0.20082433,-0.51200926,-0.81893148,1.7353919,0.31032134,2.3396968,-0.34202114,1.1311654,-1.151,-1.5381006,1.2364684
-0.27926493,0.55753646,-0.04055377,1.5035723,0.18019405,0.0071007344,0.00021899171,-0.98561709,-0.33553097,0.2239042,-0.61584403,-0.74978418,1.8477763,0.17709229,2.2990083,-0.49758874,0.96105565,-1.2635382,-1.5909451,1.3572079
-0.19880751,0.44113173,-0.065351253,1.4030831,0.044974176,0.1133607,-0.05662773,-1.0730917,-0.31737009,0.09265312,-0.7428764,-0.67886122,1.9216761,0.074930346,2.2593581,-0.63544314,0.8228611,-1.3718063,-1.4859866,1.478285
-0.13513932,0.3233636,-0.046911591,1.3029235,-0.063620404,0.16180973,0.089758946,-1.1772477,-0.26688596,-0.081296983,-0.89560131,-0.60630845,1.9579832,-0.057655842,2.183716,-0.77301151,0.65271046,-1.3531942,-1.3757051,1.560707
-0.052738242,0.20408667,-0.063220095,1.2031035,-0.17220038,0.26478796,0.15414226,-1.261383,-0.16323115,-0.21881004,-1.047133,-0.57416238,2.0329399,-0.1572234,2.1083364,-0.91024959,0.4825905,-1.2427691,-1.2858769,1.6827004
0.030966803,0.1630743,0.011049553,1.1036519,-0.22522215,0.37009999,0.23728911,-1.3468783,-0.0092863481,-0.29321001,-1.1971902,-0.50688079,2.1079004,-0.2892848,2.0707103,-1.0470927,0.34651635,-1.1308834,-1.1668364,1.8070727
0.071153688,0.045883746,0.082593856,1.0045883,-0.30371053,0.47575114,0.30736905,-1.4202305,0.045684769,-0.2927704,-1.3454114,-0.47182248,2.1457966,-0.4210379,1.9958854,-1.1671385,0.17426576,-1.0089834,-1.0450398,1.8897238
0.18112512,-0.071959044,0.15868172,0.85923456,-0.34832456,0.58170402,0.39387877,-1.4165147,0.081499285,-0.31952822,-1.4912943,-0.44160217,2.2214392,-0.51963133,1.9213603,-1.0977295,0.0041287538,-0.8959245,-0.91649974,1.9388916
0.22329995,-0.1905248,0.23534397,0.76465643,-0.42188125,0.63409168,0.41866638,-1.2842847,0.0070146109,-0.38904385,-1.579577,-0.40837526,2.261097,-0.65061037,1.8856534,-0.98512035,-0.13398739,-0.78191221,-0.78241352,1.9553881
0.31115309,-0.26935122,0.23077664,0.61939482,-0.56255373,0.68924838,0.4967663,-1.1714263,-0.065491153,-0.54345658,-1.4952034,-0.2802413,2.3374892,-0.77997243,1.7732586,-0.89068063,-0.30417212,-0.69392307,-0.69062048,1.9312643
0.39999529,-0.38722544,0.1905144,0.51820243,-0.64193303,0.63809438,0.52678794,-1.0887475,-0.13589589,-0.682792,-1.3926864,-0.2888622,2.3435498,-0.87662089,1.7388411,-0.74875717,-0.44029741,-0.5515683,-0.57659189,1.8639925
0.466483,-0.50483248,0.19381017,0.4683627,-0.71947694,0.58983761,0.55068674,-1.0152393,-0.2441191,-0.85300792,-1.2556824,-0.2485327,2.3862922,-1.0053171,1.7033965,-0.66197547,-0.57984875,-0.45066733,-0.52321645,1.7588894
0.53755184,-0.58257446,0.20105927,0.46753835,-0.79504915,0.51459528,0.59404036,-0.9296276,-0.39120661,-0.95678296,-1.1741171,-0.24758912,2.3926939,-1.0970917,1.6308919,-0.54652305,-0.68316229,-0.33508966,-0.37409799,1.6873821
0.58694033,-0.70040154,0.17286303,0.37140848,-0.8050878,0.40828725,0.62479487,-0.85239619,-0.48207365,-0.99115739,-1.0352369,-0.28662334,2.4042753,-1.2231968,1.5991432,-0.4095097,-0.82018414,-0.23423264,-0.22265959,1.5771552
0.59607796,-0.77746378,0.14332788,0.27589446,-0.87548976,0.35026803,0.66044556,-0.75216406,-0.53924286,-1.0204507,-0.92558864,-0.32651964,2.3761388,-1.3156109,1.5277968,-0.31895177,-0.9565276,-0.091975918,-0.10008512,1.4677924
0.67597443,-0.85106051,0.070543706,0.13051162,-0.87837185,0.23977839,0.70417341,-0.67302026,-0.60205134,-1.0445146,-0.84169722,-0.3614021,2.3917606,-1.4389478,1.4568927,-0.17926885,-1.0580003,0.029619835,0.010338436,1.3202808
0.73103149,-0.92182827,-0.0014838707,0.035744376,-0.81112461,0.15815416,0.74779731,-0.59297228,-0.6851186,-1.098066,-0.7294737,-0.39340235,2.3234641,-1.5603365,1.4281052,-0.089068449,-1.1569264,0.12448582,0.079405574,1.2129956
0.84002864,-0.90582095,-0.065351253,-0.058280949,-0.73829332,0.023373244,0.79676439,-0.51213161,-0.70993012,-1.1469018,-0.58759631,-0.46466413,2.2989596,-1.6476832,1.3585205,0.028828815,-1.2903483,0.24036439,0.10879707,1.096339
0.92160796,-0.96920192,-0.04055377,-0.1579604,-0.6602723,-0.084579661,0.79602632,-0.42286848,-0.73908774,-1.1907765,-0.47335596,-0.49893756,2.2757031,-1.7116147,1.2894569,0.14876231,-1.4601104,0.35667573,0.10077537,0.95201015
0.97710789,-0.99080826,-0.01173561,-0.30322201,-0.57745105,-0.21796137,0.85167239,-0.32041926,-0.80487397,-1.2652276,-0.35800676,-0.57416238,2.2021144,-1.64481,1.220948,0.26889331,-1.5920153,0.45182909,0.0087963212,0.79769903
0.9925095,-0.99859582,0.058909487,-0.39694184,-0.46990804,-0.35132972,0.85975474,-0.23846385,-0.86768558,-1.3147892,-0.24168128,-0.6479804,2.1803571,-1.5111578,1.1469102,0.39046464,-1.7008446,0.56862052,-0.1306332,0.64392239
0.91624446,-0.96278956,0.14622752,-0.54202888,-0.36227741,-0.45648954,0.8157878,-0.15596841,-0.92732217,-1.3434742,-0.12449201,-0.72026297,2.1150778,-1.3772695,1.0791248,0.51334353,-1.6382279,0.71152638,-0.1779112,0.49074854
0.91014287,-0.92182827,0.23360498,-0.73542331,-0.24172603,-0.56112333,0.77966411,-0.052654651,-0.95575335,-1.2939892,-0.0065353892,-0.79087711,2.0053994,-1.2737169,1.0119653,0.63472759,-1.5022219,0.75240203,-0.21202711,0.33825384
0.86301788,-0.9117736,0.27059522,-0.83566042,-0.13368158,-0.66514028,0.74105075,0.030576515,-0.99351859,-1.2033388,0.11210423,-0.80524956,1.9409559,-1.1275454,0.90147092,0.75907406,-1.3987106,0.65250857,-0.32829447,0.21117694
0.79522619,-0.91334132,0.27403755,-0.93530108,-0.025588446,-0.79795856,0.70467758,0.11420899,-1.0419424,-1.0773529,0.23135854,-0.83111225,1.8771196,-1.0418518,0.83526352,0.79274343,-1.2609933,0.60279851,-0.48619216,0.059494
0.70766336,-0.85841586,0.16334413,-1.0321535,0.097353315,-0.93066736,0.67995235,0.2235225,-1.0863833,-0.94950629,0.35115924,-0.87888745,1.7681683,-0.92555026,0.72520022,0.73425448,-1.1544583,0.48351533,-0.59803608,-0.091264655
0.66570997,-0.8327625,0.05319339,-1.1325215,0.20572395,-1.0397578,0.64926541,0.30730856,-1.1451776,-0.8192009,0.46386085,-0.95747056,1.6593895,-0.79206538,0.70505649,0.63235085,-1.0801282,0.38789877,-0.72131059,-0.25573083
0.60597829,-0.7688511,-0.056355233,-1.1814544,0.31411892,-1.1509524,0.620959,0.39142904,-1.1625025,-0.6867281,0.58398697,-1.0170148,1.5869702,-0.65839027,0.73260324,0.58257208,-0.9655683,0.24447224,-0.82778078,-0.36777809
0.56835014,-0.78789172,-0.1447745,-1.2765757,0.43897397,-1.257434,0.60815718,0.48060299,-1.054511,-0.54836648,0.71334955,-1.1318228,1.4785024,-0.54227896,0.70642839,0.49044441,-0.85379019,0.14885569,-0.97640888,-0.49458575
0.45869363,-0.71633028,-0.26960566,-1.3710617,0.54755394,-1.3659289,0.52157989,0.58467972,-0.94221096,-0.41151285,0.67762107,-1.2277121,1.3702407,-0.43887721,0.64493643,0.39125803,-0.74097914,0.029812549,-1.0748269,-0.64257959
0.42307802,-0.64155873,-0.36193865,-1.4643354,0.6394499,-1.4750808,0.50095041,0.66918416,-0.82986711,-0.26743111,0.55639412,-1.323597,1.262204,-0.30515946,0.58437782,0.3247944,-0.62726471,-0.090184016,-1.2149835,-0.7889057
0.34298965,-0.53458394,-0.41633466,-1.6092769,0.69095273,-1.5555141,0.43353166,0.75394376,-0.71255406,-0.15592699,0.49371159,-1.4364192,1.1797662,-0.18909407,0.57238304,0.20142518,-0.53812584,-0.21001153,-1.3439091,-0.96894405
0.26422493,-0.56602885,-0.41553845,-1.6614152,0.82547155,-1.5764595,0.36950698,0.83894364,-0.59430792,-0.076721905,0.33519331,-1.5103488,1.0718532,-0.085672645,0.46627427,0.1257985,-0.44645408,-0.30563823,-1.4587054,-1.1101545
0.20198372,-0.56712901,-0.46608016,-1.7610461,0.89280155,-1.6115199,0.2902168,0.9434192,-0.47522575,0.0056422855,0.1989285,-1.4998235,0.9641987,0.060692352,0.36059656,0.0069682435,-0.38507822,-0.44907152,-1.5661157,-1.2346675
0.1251971,-0.53730683,-0.49426848,-1.9082086,1.0275881,-1.5822166,0.23204468,1.0287238,-0.35540462,0.056223739,0.075969967,-1.3897034,0.88157729,0.1769283,0.2553874,-0.096001179,-0.27769091,-0.54469484,-1.69286,-1.3376849
0.097238012,-0.47537965,-0.45208503,-1.9566809,1.1221033,-1.5182534,0.088339987,1.114224,-0.23491341,0.15648185,-0.046659123,-1.3206033,0.80988136,0.26328119,0.18553658,-0.16579837,-0.21058791,-0.66384955,-1.8116535,-1.4478956
0.023831872,-0.46474739,-0.33059321,-1.9032431,1.2438426,-1.4235556,0.082934429,1.1999027,-0.11382415,0.26227096,-0.16891458,-1.225812,0.70259421,0.34796133,0.10205295,-0.27682761,-0.10966409,-0.78269997,-1.9252865,-1.4612817
-0.036101551,-0.37149709,-0.22944245,-1.8865813,1.3668573,-1.3474214,0.080371986,1.3018788,0.017050065,0.22475276,-0.2907522,-1.1309178,0.61981538,0.37756888,0.040339837,-0.37386539,0.0064332463,-0.90341668,-2.0405257,-1.3515974
-0.069753823,-0.28505599,-0.10710293,-1.8591254,1.4495277,-1.3098056,0.010640284,1.3880008,0.12070175,0.27816105,-0.379525,-1.0238729,0.51272687,0.32260452,-0.064858081,-0.43617823,0.079982694,-0.99846185,-2.1418285,-1.239751
-0.098170532,-0.21242976,-0.0042765584,-1.821331,1.4831343,-1.2639681,-0.032344299,1.4907076,0.22486381,0.38697124,-0.53294093,-0.96456457,0.40599443,0.20901216,-0.12061879,-0.50386769,0.18587004,-1.141858,-2.2665876,-1.1260963
-0.11414786,-0.11502636,0.099567852,-1.7737703,1.4774723,-1.2107393,-0.071020029,1.5772087,0.33775875,0.50605363,-0.65314339,-0.83308519,0.32300571,0.086774021,-0.22425364,-0.6187753,0.27848609,-1.2374508,-2.2757118,-1.0124456
-0.078896376,-0.016314552,0.18809011,-1.6924304,1.5398658,-1.1886296,-0.13293446,1.6623498,0.44237797,0.62729576,-0.76584098,-0.76008636,0.21653937,-0.002373332,-0.30792843,-0.70612906,0.37416685,-1.1844951,-2.1885654,-0.89735227
-0.089898932,0.11715443,0.31147145,-1.6963389,1.6692825,-1.1602769,-0.12072518,1.7475181,0.55526352,0.77320753,-0.88557339,-0.64213878,0.14580294,-0.12016723,-0.37666224,-0.85226119,0.4726805,-1.0373191,-2.0670122,-0.78513623
-0.10185117,0.20473498,0.41660327,-1.6286833,1.7575271,-1.1260496,-0.14817398,1.8520383,0.66028666,0.90987969,-1.0044661,-0.59590333,0.062638062,-0.22223078,-0.46299837,-0.95863909,0.56382727,-0.93705034,-1.9612658,-0.67147751
-0.10830213,0.34023533,0.54040054,-1.6205755,1.8274131,-1.0863563,-0.20206324,1.9404839,0.77315342,0.96834613,-1.1223665,-0.50066173,-0.020489335,-0.35274408,-0.53028531,-1.0405822,0.61271251,-0.80168737,-1.879882,-0.55782281
-0.10953229,0.44295486,0.6111011,-1.6071288,1.8756297,-1.0416216,-0.29449309,2.029373,0.90404643,1.0293787,-1.2390897,-0.40537296,-0.12646093,-0.47068556,-0.63030299,-1.1495752,0.71378292,-0.70860314,-1.719759,-0.44416408
-0.10676689,0.52816613,0.75342914,-1.520382,1.9919212,-0.99227539,-0.26951317,2.1334943,0.9913721,1.1263448,-1.3490031,-0.31004129,-0.20968952,-0.6008348,-0.72908745,-1.2230022,0.77149068,-0.57614441,-1.5575326,-0.33050938
-0.10185117,0.58025082,0.82372169,-1.4278745,2.0687738,-0.94815484,-0.1682681,2.167464,1.1042138,1.1256445,-1.4810735,-0.21467531,-0.31526383,-0.73042645,-0.82646627,-1.3625251,0.78510969,-0.46483011,-1.4345286,-0.21685065
-0.14350933,0.58122525,0.87775326,-1.3302608,2.0807696,-0.88964697,-0.049886375,2.1328304,1.2098757,1.1286349,-1.5754589,-0.11927502,-0.39859362,-0.82037081,-0.8186022,-1.4658929,0.68307112,-0.35257254,-1.3089139,-0.10319193
-0.12771899,0.54829512,0.98488552,-1.29669,1.9594393,-0.82063433,0.10338719,2.0474565,1.3480957,1.29733,-1.7228083,-0.036750321,-0.48189343,-0.94969023,-0.75508237,-1.6361466,0.56155687,-0.26714953,-1.2146589,0.010466795
-0.11414786,0.50136546,1.0575231,-1.1904496,1.8918172,-0.73083379,0.22514219,1.9454656,1.4427515,1.4191933,-1.837579,0.04651638,-0.55213137,-1.0876522,-0.70275892,-1.7009213,0.43856992,-0.15302229,-1.0854696,0.12412954
-0.049707126,0.45748875,1.1807777,-1.0805772,1.7437447,-0.69531946,0.39040154,1.8634656,1.5632458,1.4485581,-1.9198352,0.10609921,-0.63549489,-1.2409246,-0.62811394,-1.6234286,0.31687157,-0.065195438,-0.95491058,0.26797616
0.016687099,0.35620729,1.2693039,-1.0355527,1.6240648,-0.65561817,0.51636665,1.7803211,1.6841378,1.4153364,-2.0331676,0.22538067,-0.74040955,-1.3324597,-0.55284298,-1.4881961,0.1965982,0.071394813,-0.82322884,0.38386924
0.036901097,0.2688782,1.3578262,-1.0547603,1.5057188,-0.58270963,0.57163328,1.6980164,1.7969388,1.3849415,-2.1768127,0.27493152,-0.82389301,-1.4576661,-0.48228372,-1.3222362,0.076515728,0.18777715,-0.72437791,0.50050978
0.095776581,0.22366951,1.4463564,-0.93530108,1.4276101,-0.50788386,0.60046466,1.5972145,1.9190833,1.3466284,-2.2921177,0.3602312,-0.92814051,-1.4002583,-0.4052023,-1.1890264,-0.041555425,0.27871785,-0.59102555,0.56594904
0.16678145,0.16590721,1.5385586,-0.81353368,1.2818891,-0.40318866,0.73204322,1.5122221,2.0319657,1.2643333,-2.4057514,0.44605844,-1.0117402,-1.3076834,-0.32384025,-1.088941,-0.15775844,0.39608404,-0.45701372,0.46533075
0.23943473,0.073537039,1.6423714,-0.75621169,1.1750569,-0.32576741,0.84775336,1.4319561,2.1006514,1.173233,-2.5168099,0.52541357,-1.0807975,-1.1816308,-0.24979876,-0.95487989,-0.27187855,0.51112752,-0.28797966,0.35260033
0.31365278,-0.033602772,1.7468377,-0.76201129,1.0683221,-0.27379364,0.96348428,1.3476201,2.1198863,1.049578,-2.4415844,0.48658094,-1.1644683,-1.0894823,-0.1715516,-0.85297966,-0.4105265,0.60664603,-0.1533591,0.24803977
0.34243853,-0.15699351,1.803967,-0.69881211,0.99200498,-0.19233764,1.090754,1.2488594,2.0800795,0.98480363,-2.3308755,0.57098851,-1.2672054,-0.97162284,-0.12010901,-0.71586757,-0.52710791,0.72504679,-0.018288765,0.11992606
0.45116012,-0.26313925,1.8775276,-0.63315925,0.89331273,-0.13661484,1.2500984,1.1651675,1.9544782,0.89983497,-2.2194595,0.53661216,-1.3685632,-0.8277932,-0.040980984,-0.61265979,-0.61566043,0.8436673,0.11717048,0.00046846003
0.48228319,-0.35099876,1.9716867,-0.58452697,0.79508298,-0.053222905,1.3657254,1.0615119,1.8359471,0.83089441,-2.0829416,0.47447308,-1.4173062,-0.7411484,0.040339837,-0.47510163,-0.73068051,0.98703974,0.25243697,-0.10558301
0.53253278,-0.4380646,2.0334031,-0.49509381,0.68828484,-0.043046578,1.5254129,0.97825347,1.712832,0.71599349,-1.9404415,0.35318008,-1.3592793,-0.63490955,0.070761584,-0.33727447,-0.84492676,1.0843197,0.35526493,-0.21822904
0.59607796,-0.54166425,2.0422446,-0.37764701,0.53623977,-0.11561065,1.6411334,0.9019956,1.600366,0.62447403,-1.7938434,0.29412909,-1.2953755,-0.56909204,0.10322994,-0.1672898,-0.95828324,1.1625717,0.49163727,-0.3307947
0.6512974,-0.62409762,1.909693,-0.28678334,0.53015427,-0.21720569,1.7568695,0.81268045,1.4833849,0.51415586,-1.6671244,0.20442889,-1.2262807,-0.52188789,0.08502412,-0.02931622,-1.0811884,1.0491139,0.62824634,-0.44326793
0.69031318,-0.69780438,1.8112319,-0.16571907,0.48872417,-0.30442676,1.8560667,0.73041787,1.3710536,0.60602292,-1.5173765,0.11508467,-1.1526133,-0.40645552,0.039132863,0.14061397,-1.1817645,0.93234954,0.7650617,-0.58797454
0.75202295,-0.80496383,1.7235019,-0.073710995,0.38088906,-0.34362872,1.9841265,0.63532343,1.2630965,0.64530981,-1.3657123,0.026117883,-1.1279476,-0.29079355,-0.043211262,0.31057822,-1.0790714,0.83719955,0.90206644,-0.70038749
0.81743305,-0.89271726,1.6133591,-0.0098911239,0.27899827,-0.44706623,2.0847842,0.54604544,1.1507151,0.53053413,-1.2386638,-0.06243287,-1.099665,-0.17492495,-0.12546543,0.44859265,-0.94228816,0.6998283,1.0054998,-0.8126839
0.86301788,-0.94079423,1.5583174,0.070226794,0.17446394,-0.53222854,2.1725102,0.46487282,1.0342224,0.40293034,-1.0855814,-0.15542274,-1.0436433,-0.058875961,-0.20762213,0.61851263,-0.80507881,0.60488455,1.1428359,-0.91467254
0.93426386,-0.96502917,1.4483093,0.21075562,0.068926715,-0.61636014,2.1479616,0.36287693,0.92200379,0.27854188,-0.95856909,-0.21592341,-0.96231498,0.057333747,-0.29510902,0.78845985,-0.66751492,0.51622937,1.246604,-0.99246103
0.87385805,-1.0073892,1.3277246,0.29287624,-0.068766305,-0.69931682,2.0224331,0.28253912,0.81373047,0.14492659,-0.80449428,-0.33690761,-0.88078424,0.17368777,-0.32769357,0.92650834,-0.52964763,0.38140397,1.3872442,-1.1153224
0.78946904,-1.1334164,1.2505117,0.32891039,-0.13761038,-0.78094105,1.8666231,0.19341224,0.70146177,0.11942627,-0.65963181,-0.40137561,-0.79906985,0.29017299,-0.40861332,1.0964181,-0.37424097,0.26740182,1.4949454,-1.2705337
0.70562129,-1.1145448,1.1522725,0.40341298,-0.2753034,-0.86104057,1.7734708,0.092100049,0.59333562,0.09775216,-0.50343972,-0.49032524,-0.74633517,0.40677628,-0.4893344,1.2345517,-0.25316989,0.18195854,1.540404,-1.3916912
0.59607796,-1.1213893,1.0550434,0.49855846,-0.34415234,-0.96783726,1.6282588,0.01287698,0.47702142,-0.029118087,-0.34673338,-0.57878163,-0.66450834,0.50126985,-0.54409429,1.3683234,-0.14863592,0.069508245,1.4491453,-1.4942344
0.51955705,-1.2062823,0.95889173,0.57662033,-0.44759615,-1.0193945,1.5026679,-0.065642567,0.33788087,-0.15558706,-0.18960118,-0.67184013,-0.5590877,0.6181913,-0.62405821,1.5024765,-0.057768689,-0.031230446,1.3205748,-1.4139543
0.47050317,-1.2879653,0.839947,0.60953647,-0.55068944,-1.0663108,1.3784856,-0.15439292,0.24951251,-0.2070963,-0.032103371,-0.76467988,-0.50635677,0.73519474,-0.70308128,1.6725259,0.079116805,-0.14123293,1.1816762,-1.289594
0.39999529,-1.4005666,0.75285872,0.54859215,-0.68837759,-1.1347173,1.4345787,-0.23193645,0.19854931,-0.23748863,0.12570781,-0.85726659,-0.42451869,0.83378817,-0.78307518,1.7026914,0.18637116,-0.25022113,1.0712797,-1.1648881
0.3333255,-1.4277523,0.65884219,0.48951961,-0.75722167,-1.1770648,1.3876491,-0.31886606,0.15225785,-0.36491606,0.28378817,-0.92029348,-0.34254943,0.95513746,-0.86206077,1.59915,0.27848609,-0.32813167,0.96608451,-1.0230789
0.29110147,-1.4767723,0.56616457,0.43240614,-0.86069469,-1.235084,1.2301862,-0.41679688,0.019423505,-0.50656969,0.39589517,-1.0118809,-0.26046774,1.0727411,-0.94063778,1.4966436,0.40082192,-0.41852129,0.82747001,-0.87873801
0.23123694,-1.4951763,0.48550938,0.33204295,-0.99753573,-1.2697118,1.1141902,-0.49101355,-0.068324877,-0.61159202,0.52133256,-1.1030779,-0.17827735,1.169606,-1.0149829,1.3604441,0.55321842,-0.39768789,0.68891977,-0.78513623
0.12142297,-1.5096159,0.37415046,0.28050602,-1.0637168,-1.350049,1.0735861,-0.57832713,-0.13575812,-0.73201882,0.67994324,-1.1938289,-0.12569633,1.2924378,-1.091637,1.2241152,0.67557811,-0.37127593,0.52132636,-0.63645521
0.084070374,-1.5067202,0.29397853,0.19077221,-1.1647897,-1.3638595,0.92517239,-0.63545612,-0.13410798,-0.86650567,0.79307071,-1.3131404,-0.020489335,1.4159748,-1.1378769,1.088045,0.78181658,-0.4237009,0.41203573,-0.53172587
0.020264406,-1.404091,0.17043082,0.15199343,-1.2585405,-1.4068879,0.81455595,-0.68860427,-0.2209358,-0.96848392,0.95219163,-1.3737183,0.032136653,1.5401579,-1.2033308,0.91779816,0.91831686,-0.33508966,0.27778717,-0.42627719
-0.030969321,-1.3526311,0.08417836,0.11582835,-1.3863166,-1.4433128,0.70467758,-0.73741238,-0.35364489,-1.105151,1.06644,-1.4626851,0.11427082,1.6720882,-1.2635933,0.78202766,1.0405572,-0.17141126,0.13551015,-0.32019357
-0.10922721,-1.3507215,-0.0019512993,0.026846156,-1.4829544,-1.5101492,0.59712777,-0.62162348,-0.44211031,-1.2118628,1.2259466,-1.5508584,0.19649495,1.7978915,-1.3334629,0.61254694,1.192981,-0.014687474,0.031052152,-0.23233843
-0.18593019,-1.3084243,-0.11359147,-0.0049304272,-1.5615986,-1.607066,0.4533763,-0.55759551,-0.55151712,-1.3539253,1.3903467,-1.6296946,0.27880153,1.9241771,-1.4307293,0.47639167,1.2682963,0.11743655,-0.10688936,-0.12451073
-0.24726107,-1.2483634,-0.19964982,-0.14796627,-1.6765902,-1.7016596,0.38960111,-0.57432151,-0.68122027,-1.4815521,1.5099666,-1.583086,0.36118681,2.042417,-1.5256417,0.33943962,1.2847653,0.24322129,-0.24467869,0.0025219765
-0.30830164,-1.1981058,-0.28556557,-0.23364133,-1.7826289,-1.7939969,0.28994132,-0.67757829,-0.78984428,-1.5878524,1.6695334,-1.48772,0.45167158,2.0724083,-1.5873473,0.20409476,1.3357095,0.40934073,-0.38229216,0.07633605
-0.4499374,-1.1334164,-0.37132684,-0.37593041,-1.8921679,-1.7776363,0.15217755,-0.75516394,-0.89358989,-1.7225361,1.8247894,-1.392294,0.54346066,2.078076,-1.6533035,0.10473812,1.2958377,0.54244185,-0.51712239,0.18581139
-0.54408405,-1.0762514,-0.48637765,-0.51793823,-1.8587025,-1.7580847,0.038312585,-0.75728441,-1.0009552,-1.8629373,1.8135683,-1.3191064,0.58448651,1.9539158,-1.7097127,-0.032894952,1.1253598,0.70903462,-0.64868577,0.31592235
-0.56037138,-1.0077154,-0.57156849,-0.60102383,-1.8196774,-1.7169815,-0.075438034,-0.7269512,-1.1078476,-1.9907098,1.7250405,-1.2234445,0.54366305,1.8712561,-1.7371133,-0.20299199,0.9864937,0.83719955,-0.81681689,0.39187434
-0.63657244,-0.9833704,-0.6565375,-0.74195029,-1.7754236,-1.682578,-0.18905871,-0.62605766,-1.2260718,-2.1391928,1.6794127,-1.1422537,0.48463544,1.7698354,-1.6533035,-0.30112962,0.86574307,1.0043806,-0.92434897,0.53666533
-0.64688119,-0.91710937,-0.7412728,-0.85955226,-1.794094,-1.6219873,-0.3352011,-0.54400316,-1.3331929,-2.1975187,1.5589571,-1.032052,0.40106953,1.6522776,-1.5716491,-0.25483083,0.72687012,1.0957541,-1.0301699,0.61331254
-0.67333948,-0.88681176,-0.85328928,-0.9177083,-1.7397772,-1.5764595,-0.43085869,-0.52893935,-1.4397503,-2.1506049,1.3999487,-0.93633007,0.31751485,1.5278518,-1.4948039,-0.11560078,0.58811989,1.0474032,-1.1668364,0.75816783
-0.69856269,-0.85381484,-0.93392071,-1.0228237,-1.6811616,-1.5284698,-0.53461422,-0.61654524,-1.5584411,-2.096274,1.2778982,-0.84059094,0.23397143,1.4080637,-1.4133518,-0.010057124,0.46724994,0.91277048,-1.2692281,0.84757417
-0.70109682,-0.77894899,-0.95555315,-1.049625,-1.6403693,-1.447433,-0.6907361,-0.73165043,-1.6400962,-2.1019276,1.159142,-0.74483896,0.17010137,1.2891645,-1.3252915,0.13398089,0.34651635,0.74453794,-1.4048395,1.0052891
-0.76652168,-0.70155671,-0.94261568,-1.0152153,-1.6169328,-1.3877369,-0.78262539,-0.70535504,-1.6592183,-2.1541295,1.040868,-0.66999586,0.086670384,1.1712263,-1.2428274,0.27363998,0.24480505,0.57638655,-1.5397104,1.1431198
-0.82951082,-0.66112585,-1.012322,-0.92424013,-1.5643054,-1.3234559,-0.9273956,-0.64224363,-1.6537012,-2.1143264,0.88044138,-0.55330067,-0.016557659,1.0543311,-1.1820589,0.38492118,0.27259532,0.44192968,-1.6736072,1.118562
-0.84762863,-0.61848681,-0.96855797,-0.8840454,-1.5352508,-1.234817,-1.014134,-0.5552174,-1.6838608,-2.0890995,0.72003885,-0.47832032,-0.06809672,0.93830507,-1.1407069,0.49691405,0.40129577,0.27801124,-1.776841,1.0095689
-0.97389231,-0.53458394,-0.97672608,-0.79000552,-1.5320473,-1.164835,-1.1136223,-0.48168197,-1.5830679,-2.0799161,0.55966043,-0.38247397,-0.15160267,0.84580568,-1.0963637,0.57609563,0.50970919,0.14388569,-1.7050988,0.88442494
-0.98890519,-0.48792932,-0.94681065,-0.69502491,-1.5081581,-1.0547379,-1.2187292,-0.38422924,-1.5198836,-1.9845577,0.39931414,-0.26878537,-0.22235784,0.73019947,-1.0492542,0.68941648,0.59773672,-0.023626697,-1.5673467,0.77551221
-1.0428403,-0.36636171,-0.94778116,-0.64804619,-1.41301,-0.94464346,-1.0814072,-0.30858324,-1.452798,-1.9093347,0.239,-0.17288756,-0.30595749,0.63858236,-0.99958085,0.77730483,0.71072162,-0.15241034,-1.4628988,0.66687677
-0.98534264,-0.31721994,-0.90929357,-0.50257122,-1.3833128,-0.83454634,-0.89605896,-0.23193645,-1.4595707,-1.8302523,0.12200358,-0.057989463,-0.38954214,0.50126985,-0.94754228,0.86696722,0.75998527,-0.31923978,-1.3245718,0.5585387
-0.87690645,-0.2276041,-0.90325661,-0.40420104,-1.3490441,-0.72444922,-0.75555602,-0.13231618,-1.4216082,-1.7212504,-0.038073519,0.037912641,-0.44089755,0.40859334,-0.94209215,0.9582947,0.80367176,-0.48576832,-1.2146589,0.45053418
-0.79693125,-0.17528366,-0.84335048,-0.35163608,-1.2575912,-0.63340168,-0.77149722,-0.054163261,-1.311547,-1.6591674,-0.1540334,0.13381474,-0.52450095,0.29674588,-0.92043034,1.0280442,0.81093296,-0.5637059,-1.0757366,0.34288732
-0.68809156,-0.090716762,-0.83191037,-0.34482301,-1.2165992,-0.54187349,-0.69482146,0.034708471,-1.2244875,-1.5887981,-0.31375294,0.24970789,-0.60808935,0.18275666,-0.86206077,1.0365331,0.81832029,-0.67808672,-0.97007809,0.21863148
-0.57917315,0.0020306061,-0.81745177,-0.24387792,-1.121641,-0.44203547,-0.74933963,0.11373832,-1.1760574,-1.5128083,-0.47335596,0.34558855,-0.67819987,0.069075746,-0.80194821,1.0495711,0.7720634,-0.75245402,-0.83100367,0.14898874
-0.49772176,0.057600444,-0.7616099,-0.094276307,-1.0747583,-0.37475049,-0.61826524,0.21492169,-1.0552499,-1.4316965,-0.63281837,0.42332244,-0.76188572,-0.023335095,-0.78609636,0.97853446,0.69421178,-0.82700052,-0.71875731,0.043319041
-0.37398237,0.12444692,-0.7409757,0.0021881482,-0.97696187,-0.28172429,-0.58433496,0.29500683,-0.89953288,-1.3292761,-0.72179608,0.51917736,-0.84556033,-0.13657978,-0.76703217,0.86528512,0.58691651,-0.96350625,-0.57946983,-0.039331985
-0.29052828,0.1833133,-0.71754881,0.067792512,-0.92493325,-0.17932818,-0.51339221,0.37563694,-0.87808739,-1.2405426,-0.73248288,0.63638723,-0.92922369,-0.24942433,-0.70114337,0.70883902,0.48057918,-1.0660808,-0.44016544,-0.1430205
-0.16403825,0.2967476,-0.6522118,0.082359407,-0.91363856,-0.11053183,-0.48904121,0.47781367,-0.88243347,-1.1479292,-0.65346882,0.73219498,-0.99860709,-0.3028865,-0.59063027,0.59878704,0.34266416,-1.0296038,-0.30084752,-0.25908638
-0.10308133,0.39389168,-0.5791345,0.19460305,-0.81152382,-0.0066296959,-0.4722424,0.54604544,-0.78698237,-1.051804,-0.49276497,0.85006106,-1.0497826,-0.16877188,-0.51685491,0.61254694,0.27111922,-0.95436417,-0.1682696,-0.32219484
-0.016822474,0.48039171,-0.54871202,0.29000069,-0.75050327,0.073475162,-0.38007763,0.64853925,-0.66179752,-0.96450692,-0.33177587,0.94581305,-1.0314248,-0.059400743,-0.40605318,0.74985653,0.37273506,-0.84584592,-0.028999024,-0.43341828
0.093148958,0.56695068,-0.51586526,0.39417532,-0.64688907,0.15462409,-0.29511161,0.72336282,-0.50531019,-0.86130695,-0.17108408,1.0642453,-1.025724,0.068908471,-0.29510902,0.87187053,0.5431857,-0.67808672,0.08410632,-0.46307572
0.14083982,0.66524207,-0.52163286,0.50812101,-0.62066785,0.24965565,-0.26490285,0.82648584,-0.3777519,-0.76521753,-0.010396299,1.1435275,-0.92058825,0.20901216,-0.18404116,0.99392539,0.71363633,-0.54730155,0.22347158,-0.45495409
0.14806333,0.72689029,-0.4435089,0.57608207,-0.58791811,0.33202221,-0.22423122,0.91580099,-0.33830207,-0.67807634,0.10987446,1.2788713,-0.86222403,0.33885964,-0.072864593,1.1160211,0.85013661,-0.41560015,0.33728035,-0.43222877
0.22613916,0.85113758,-0.44110046,0.64565305,-0.51571484,0.41522189,-0.18091399,1.0127385,-0.39135377,-0.55280865,0.27057831,1.358458,-0.80211699,0.48188571,0.038409428,1.2242446,0.95350469,-0.28077137,0.4516505,-0.31676568
0.28020225,0.93813268,-0.39730081,0.70450253,-0.47315527,0.5229051,-0.13502392,1.0817456,-0.41036947,-0.46019782,0.43128216,1.4782542,-0.78626661,0.5975444,0.14977341,1.3465276,1.0566853,-0.20399007,0.53378503,-0.20034215
0.40353323,1.0379525,-0.31209413,0.82300645,-0.36542726,0.60738917,0.02074452,1.1651675,-0.3285453,-0.32387326,0.55202699,1.5985092,-0.76720416,0.72908758,0.26121236,1.4556057,1.161526,-0.065787104,0.62569306,-0.0830747
0.45762093,1.1013649,-0.19372378,0.91666808,-0.28759612,0.67971826,0.12120994,1.2689024,-0.25548531,-0.21208544,0.67318564,1.7191975,-0.78190391,0.87562642,0.33095073,1.565341,1.2672736,0.072527431,0.7650617,0.034948248
0.55363742,1.225569,-0.14186297,1.0358072,-0.17948838,0.7756043,0.17233924,1.3476201,-0.16836317,-0.22502601,0.79470989,1.8402803,-0.75691209,0.97986453,0.40541579,1.6756892,1.3738666,0.17740778,0.88128509,0.15364633
0.65026899,1.3128588,-0.058248715,1.1423386,-0.099778027,0.87151437,0.22652477,1.4319561,-0.093108222,-0.18215062,0.91836347,1.9617363,-0.68748372,1.1291355,0.39448555,1.7575267,1.4812437,0.28717698,0.99785005,0.27294318
0.7188529,1.4138966,-0.007770389,1.2489523,-0.01859742,0.96744581,0.2339782,1.5317126,-0.001326871,-0.062613283,0.96615278,2.0835354,-0.57581513,1.249304,0.38738989,1.8585485,1.5893605,0.43115798,1.1047565,0.39278656
0.805717,1.4787589,0.076687619,1.3556437,0.089958212,1.0974763,0.29348612,1.6127168,0.084480175,0.061609041,1.0863231,2.1516062,-0.46407158,1.35756,0.4608054,1.9897868,1.6981626,0.53672467,1.2216563,0.5131162
0.86523709,1.602849,0.16134765,1.4301317,0.1478143,1.2043024,0.36063979,1.6946474,0.19238401,0.18791443,1.2037293,2.2333245,-0.35226806,1.5097403,0.53717463,2.0659413,1.8118361,0.6756951,1.2960599,0.63388789
0.95682008,1.6903431,0.24619386,1.5057884,0.23287503,1.3000896,0.4250439,1.7963064,0.32133568,0.31612142,1.3216618,2.3025619,-0.27365328,1.6204332,0.64952069,2.1998356,1.888481,0.84246369,1.4349889,0.79523963
1.0572061,1.777849,0.338614,1.5825701,0.34171303,1.3959009,0.58658173,1.8797085,0.45029987,0.44606642,1.4400845,2.3725927,-0.19917632,1.7323627,0.72442056,2.2797935,1.9709859,0.98138679,1.5953351,0.91577422
1.1264838,1.8799359,0.42404648,1.7203834,0.42793243,1.479162,0.61046494,1.9620999,0.55837279,0.57760121,1.5577559,2.3906666,-0.087414029,1.814409,0.83677786,2.3349795,2.0550487,1.1203437,1.7240577,1.0372773
1.2218016,1.9460791,0.51788871,1.8585797,0.49458572,1.6098201,0.67995235,2.0634468,0.64643742,0.70768423,1.637236,2.462546,0.024400734,1.9284212,0.9491389,2.2973126,2.1405945,1.2537694,1.885459,1.1970256
1.2866704,2.0284457,0.57411878,1.9351481,0.58377972,1.7055299,0.80196204,2.1498487,0.75525556,0.83818387,1.7979197,2.4832619,0.095425765,2.0434535,0.98441104,2.262111,2.2275584,1.4260557,2.0473709,1.3175642
