1.0,1.0,1.0,1.0,1.0,1.0,1.0,1.0,1.0,1.0,2.0,2.0,2.0,2.0,2.0,2.0,2.0,2.0,2.0,2.0
1.7613808,1.568474,1.4463001,1.7641677,1.7790179,1.513432,1.6561027,0.52484108,0.39157309,1.6256061,1.7840405,0.33084674,1.7837941,1.6234099,0.98187937,1.0811042,1.3833934,1.6383992,0.18251809,0.89794077
1.7294248,1.530356,1.4279428,1.7210175,1.7313825,1.467944,1.619068,0.50080229,0.36945283,1.6350423,1.7283977,0.31011556,1.7314482,1.5800113,0.97807086,1.0316883,1.3971542,1.6237064,0.19113623,0.88142134
1.6788066,1.4927556,1.3736423,1.6750098,1.6839585,1.4229359,1.5642555,0.46619123,0.35483571,1.6556782,1.6734765,0.29834688,1.6804093,1.5379612,0.93175046,0.95372815,1.3990814,1.6103903,0.20164256,0.86642527
1.6146098,1.4689787,1.3558062,1.6426975,1.589773,1.3784239,1.5282153,0.44410192,0.33370604,1.6668675,1.6192933,0.24728744,1.618657,1.4972903,0.90037467,0.88576801,1.4018453,1.5984421,0.21402842,0.85296075
1.5291964,1.4027595,1.2910904,1.6218026,1.5430287,1.3331822,1.4668354,0.41248501,0.32089616,1.678629,1.5658726,0.19772382,1.5696232,1.4461117,0.88531495,0.818403,1.3813741,1.5878706,0.12846202,0.84105235
1.4652777,1.3555841,1.2677035,1.6203705,1.4965186,1.2879406,1.4021028,0.39244222,0.30079246,1.6909626,1.5132473,0.18799487,1.4960874,1.3738297,0.88566686,0.72955998,1.32384,1.5787017,0.14302191,0.83069187
1.4097854,1.3087598,1.2211683,1.5895821,1.4634212,1.2419407,1.3593206,0.3732443,0.25289618,1.7038633,1.5132473,0.18214762,1.4225548,1.3673341,0.88719947,0.66830839,1.3530352,1.5709267,0.057836606,0.83069187
1.3462449,1.2623017,1.1749658,1.5480572,1.430815,1.1964335,1.295729,0.30995625,0.20559839,1.7313345,1.4503151,0.18019441,1.3617277,1.3310639,0.8451842,0.61724678,1.4535449,1.5645543,-0.027288065,0.82191209
1.2914795,1.2162218,1.1291108,1.5181645,1.3987001,1.1514414,1.2328644,0.25605308,0.18685085,1.7458998,1.387965,0.13986525,1.3012495,1.2963224,0.82038943,0.58997946,1.4919688,1.5560521,-0.19730355,0.81471299
1.2581905,1.1705292,1.0836091,1.4887772,1.336024,1.1522222,1.1913725,0.19273933,0.17833059,1.6960657,1.3262135,0.14446394,1.2549912,1.2631377,0.76360715,0.58047124,1.5602908,1.5539222,-0.21326659,0.7330659
1.1952949,1.1278266,1.0384785,1.4484519,1.3054743,1.1082957,1.151557,0.15643283,0.12287221,1.7113436,1.2650852,0.19080518,1.1956358,1.2315433,0.69602422,0.53319559,1.5440728,1.5532122,-0.29855583,0.72734921
1.1417349,1.0825123,0.99373073,1.4155789,1.2571419,1.0649355,1.0911153,0.11123808,0.077915272,1.677729,1.2046128,0.19772382,1.1077681,1.1863982,0.6576267,0.487208,1.513352,1.5539222,-0.31279524,0.72326236
1.0793132,1.0376218,0.94938047,1.3713546,1.2090324,1.0221546,1.0321161,0.075294076,0.061081114,1.6942658,1.1448211,0.24728744,1.020335,1.1348925,0.71124181,0.42797932,1.483256,1.5560521,-0.39837031,0.6414269
1.0266191,0.99316694,0.94703059,1.3342272,1.1611456,0.97698333,0.9923006,0.03103839,0.017409591,1.7113436,1.0887355,0.29834688,0.97477802,1.0756541,0.78426123,0.37524965,1.4311353,1.4695145,-0.41078216,0.63892073
0.9647147,0.94916605,0.90353725,1.290161,1.1134931,0.93181531,0.93183354,-0.0045117267,0.013264437,1.6623366,1.0334699,0.316618,0.97489654,1.0007393,0.86700912,0.32283291,1.4025147,1.4731249,-0.42096801,0.63808534
0.9137752,0.90638169,0.86048561,1.2531066,1.1779457,0.88413867,0.8920124,-0.067340243,-0.028620483,1.6313906,0.9728664,0.33856478,0.97617729,0.92582683,0.94014036,0.27074866,1.3132697,1.4781639,-0.42891056,0.63892073
0.85316049,0.86359431,0.7974924,1.2092079,1.1312814,0.83894185,0.83305547,-0.082876116,-0.043022385,1.6499249,0.91297623,0.2173218,0.93512101,0.88292595,1.0034149,0.21685665,1.2469893,1.3917735,-0.51524783,0.6414269
0.78158085,0.82080995,0.77624632,1.167433,1.0848798,0.79174518,0.77422533,-0.14543348,-0.0044482816,1.6014589,0.85382402,0.096231292,0.93899617,0.85753094,1.0579048,0.21583961,1.2204995,1.3983623,-0.60156778,0.55959144
0.7306459,0.7780256,0.73460814,1.1187936,1.1186399,0.74507646,0.73653132,-0.1803214,0.035134103,1.5530761,0.85382402,0.0072079671,0.94404013,0.79373061,1.0222206,0.1786282,1.1732066,1.406397,-0.60757016,0.55959144
0.69081944,0.73524124,0.69397999,1.0770349,1.0728953,0.74420613,0.68087639,-0.22191404,0.087871306,1.5047766,0.79705791,-0.048804533,0.90766565,0.73625532,0.98741782,0.18011464,1.1090848,1.3202664,-0.61117332,0.56385848
0.64199681,0.6937763,0.65235359,1.0237075,1.0624817,0.69866373,0.62632588,-0.2562939,0.12804628,1.408448,0.74114456,-0.13716855,0.85356816,0.67904783,0.95351618,0.17164302,1.0640008,1.3299115,-0.69775311,0.56981268
0.61489667,0.6510101,0.61227905,0.98201502,1.0177196,0.6537101,0.5905956,-0.29050535,0.20812498,1.360419,0.68610857,-0.21832548,0.80003038,0.58687836,0.8744584,0.13950285,1.0409191,1.3410111,-0.78433291,0.57745404
0.60998615,0.6101383,0.57276695,0.9243589,0.97327164,0.65460284,0.53800037,-0.33046534,0.27401701,1.3124887,0.63199914,-0.24328448,0.74706877,0.49482265,0.84233275,0.10915925,0.99822799,1.2552614,-0.8709127,0.58677437
0.61455715,0.56986266,0.5338379,0.87849718,0.92915505,0.61087472,0.50362244,-0.36410023,0.32761213,1.2646626,0.57884907,-0.216397,0.71572509,0.43774075,0.76493914,0.10705532,1.0164345,1.2822574,-1.044055,0.6680611
0.61980035,0.53020134,0.49551252,0.82151386,0.88536976,0.56779935,0.45312899,-0.40268731,0.36667858,1.1693171,0.52669115,-0.18540119,0.72742958,0.40445661,0.73469801,0.11580914,1.0157038,1.1970098,-1.0398715,0.67883107
0.64720355,0.4911846,0.45780847,0.79492579,0.84194436,0.54651125,0.42020766,-0.4120722,0.41831906,1.1218083,0.47557459,-0.15040832,0.74032593,0.4014659,0.79821918,0.090888835,0.99639562,1.212958,-1.1262954,0.75992123
0.65388915,0.45282757,0.4207552,0.74992738,0.7561789,0.5287973,0.37197094,-0.47279425,0.45760663,1.0744191,0.42554039,-0.11153375,0.71412168,0.39983546,0.86606193,0.094878766,0.97791855,1.2303781,-1.2127106,0.77207534
0.65429475,0.41516051,0.38437037,0.71286215,0.71387312,0.50819075,0.3251711,-0.50508478,0.41748767,1.0271443,0.37662953,-0.044889881,0.7297639,0.32489933,0.86037876,0.10787398,0.94146642,1.1457539,-1.2052704,0.78579375
0.66258225,0.42060766,0.38990937,0.67633868,0.67196721,0.46753121,0.2947967,-0.51534308,0.4178444,0.97999955,0.32889122,0.0081145183,0.70720434,0.25849456,0.85824429,0.088539023,0.8647552,1.1649403,-1.194894,0.80108467
0.671526,0.36641757,0.35484084,0.63242648,0.63047259,0.42763322,0.25052125,-0.54654041,0.40544727,0.88609503,0.28235826,0.076229477,0.72558254,0.21559605,0.78763232,0.071218588,0.80458548,1.080723,-1.181616,0.81791532
0.67515135,0.37340808,0.32050553,0.59689331,0.5894121,0.43336402,0.22189083,-0.55299395,0.36764559,0.83935085,0.23709625,0.12339486,0.70671048,0.1736668,0.69221242,0.083481758,0.78214247,1.1017189,-1.1654797,0.83626933
0.680112,0.33889735,0.32785552,0.56195594,0.50863354,0.39496672,0.21859728,-0.52597243,0.35628622,0.79274712,0.19312977,0.11921236,0.72779833,0.13273524,0.62214312,0.070391543,0.74038847,1.0179605,-1.1465372,0.75667796
0.69155545,0.30518855,0.29492485,0.5299111,0.46894402,0.35740457,0.19165166,-0.52793903,0.27958614,0.74629425,0.19312977,0.0072079671,0.7126401,0.052289279,0.55218892,0.090536783,0.719934,1.0408092,-1.1248576,0.75667796
0.67649348,0.31409465,0.26278924,0.49595321,0.42975148,0.32070635,0.19054442,-0.47134998,0.20344916,0.65386707,0.15053264,-0.10404234,0.69966145,0.00063190921,0.48261623,0.078298759,0.70036085,0.95755305,-1.1004929,0.77692388
0.68493593,0.28191105,0.27200618,0.44362416,0.39106734,0.32926575,0.19066557,-0.38572715,0.15302628,0.60790317,0.10933764,-0.2144644,0.68887553,-0.079494127,0.41318167,0.071573435,0.62309183,0.98228921,-1.0735385,0.79867678
0.67226429,0.25059598,0.24136648,0.42125533,0.35290874,0.29422822,0.16646128,-0.32864431,0.11859733,0.56211614,0.069602185,-0.30660296,0.68291299,-0.15410796,0.34522711,0.096169626,0.56461783,0.89960446,-1.1552679,0.71998632
0.66076615,0.26147213,0.2115837,0.3891659,0.31529281,0.26013142,0.13168611,-0.27156147,0.085123594,0.51651117,0.031375461,-0.36203445,0.70868922,-0.24639592,0.27638454,0.093001152,0.48453471,0.92625406,-1.1248576,0.6414269
0.64727191,0.23177304,0.2227147,0.36782654,0.24176896,0.27086986,0.14644083,-0.21404192,0.036062782,0.47109867,-0.0052933325,-0.45417301,0.70386914,-0.34409892,0.21020268,0.064004301,0.42428133,0.84420135,-1.0919527,0.56300671
0.63854236,0.24392927,0.19451322,0.32787554,0.20590101,0.23853934,0.11446897,-0.1847855,-0.012664884,0.38087189,0.068626428,-0.5463157,0.70126814,-0.35981084,0.145412,0.065068841,0.3848394,0.87279901,-1.0566487,0.58762614
0.63101593,0.21589459,0.16723344,0.29770186,0.17065572,0.20723274,0.084460836,-0.12673506,-0.04397465,0.33607842,0.034327331,-0.6002967,0.70077428,-0.37853006,0.08208158,0.068262462,0.32682558,0.71026071,-1.0190321,0.61377713
0.6019926,0.1888283,0.18031089,0.26831448,0.13605021,0.17697567,0.048372751,-0.12391217,-0.11546528,0.29151383,0.0016763621,-0.69239818,0.66897295,-0.3712476,0.11267462,0.045719912,0.24796962,0.7413952,-0.90256162,0.6414269
0.57412456,0.20300602,0.15469193,0.23010358,0.10211304,0.1907667,0.020835476,-0.065128173,-0.16263631,0.24718333,-0.029293681,-0.80413061,0.67233779,-0.38465131,0.052251557,0.022663252,0.18832145,0.6610135,-0.82536217,0.67055089
0.57019387,0.17768282,0.13005061,0.20219827,0.068861362,0.1624263,0.003643697,-0.034598743,-0.1497881,0.23122393,-0.0585254,-0.80384216,0.67794146,-0.39541267,-0.013555379,0.031643391,0.18741503,0.58086557,-0.74763437,0.70110814
0.54549088,0.15339154,0.14510101,0.16522086,0.0045058515,0.13521221,-0.020352105,-0.0012635506,-0.13559257,0.18780376,-0.085969597,-0.80065687,0.65010418,-0.40350798,-0.085933472,0.011132129,0.18764093,0.50096873,-0.66943885,0.62552992
0.52083347,0.13015944,0.12219412,0.13890029,-0.026546568,0.10915645,-0.062379271,0.029965179,-0.13924243,0.14466448,-0.11159347,-0.75927693,0.65948753,-0.40984488,-0.14410695,-0.0038217301,0.18945378,0.42134028,-0.59080161,0.55020559
0.52020456,0.14713034,0.10032083,0.12231247,-0.056822106,0.084291001,-0.076297231,0.089773863,-0.14233213,0.10181132,-0.11159347,-0.75101083,0.66697775,-0.43531809,-0.14927705,-0.02163951,0.13291812,0.34199756,-0.62563793,0.55020559
0.47491386,0.12574422,0.079510569,0.078625889,-0.0862922,0.10207535,-0.11667903,0.12139648,-0.16674019,0.017030916,-0.13533963,-0.73993442,0.64283455,-0.43557403,-0.17907089,-0.038336868,0.054145834,0.26295786,-0.54571879,0.47515153
0.47639955,0.1054687,0.097270108,0.04442212,-0.114934,0.079292953,-0.12866989,0.1569466,-0.23159445,-0.024870306,-0.15717528,-0.72607655,0.62498643,-0.4572105,-0.18582951,-0.053891451,-0.024620878,0.18423852,-0.57768818,0.40038412
0.45639973,0.086331043,0.078279681,0.021591236,-0.16446021,0.057771269,-0.16729927,0.21351853,-0.27327299,-0.066428204,-0.1770676,-0.65164458,0.60364836,-0.47752461,-0.16605356,-0.061513672,-0.08252593,0.10585684,-0.49663439,0.32591975
0.43621761,0.068352413,0.06039941,-0.011062913,-0.22013293,0.037532694,-0.20505244,0.20643704,-0.33331581,-0.10762197,-0.19495922,-0.69016476,0.58347251,-0.49622962,-0.14486668,-0.074215511,-0.14276258,0.069510182,-0.52576282,0.25177479
0.41663934,0.088888178,0.043646962,-0.031983455,-0.24661545,0.018612427,-0.23749481,0.19769152,-0.37252672,-0.148436,-0.21083372,-0.66821386,0.56448192,-0.53686495,-0.21531749,-0.08572987,-0.22151256,-0.0092697694,-0.44371296,0.21739276
0.39768086,0.072855393,0.064106798,-0.062971797,-0.27216115,0.0096530577,-0.2739069,0.19312181,-0.43004294,-0.15555218,-0.29144439,-0.61332631,0.57876437,-0.57864964,-0.28437383,-0.12265629,-0.27932557,-0.087703397,-0.36142925,0.18456685
0.35667861,0.058027033,0.049241908,-0.10056933,-0.29674146,-0.0072449523,-0.30571254,0.18816106,-0.47156818,-0.19505013,-0.30562977,-0.58705281,0.56205213,-0.61955276,-0.35355843,-0.13158055,-0.33962916,-0.16575607,-0.27893766,0.15333801
0.33901441,0.04441823,0.035546068,-0.12969867,-0.34842694,-0.022767059,-0.34069056,0.1861231,-0.53183506,-0.23410072,-0.31768324,-0.55831926,0.51475016,-0.6051395,-0.42255886,-0.13926703,-0.4183624,-0.24341047,-0.19624685,0.077432178
0.3250257,0.032047142,0.023036945,-0.16487382,-0.39550826,-0.036884465,-0.34658738,0.15656127,-0.59611147,-0.27268313,-0.32758021,-0.46895804,0.50063562,-0.61116596,-0.48899726,-0.17173691,-0.49708449,-0.32063196,-0.16981212,0.047186146
0.28645022,0.020934951,0.011729264,-0.19198608,-0.41747802,-0.049577971,-0.40524285,0.12788998,-0.63761313,-0.34837583,-0.33530427,-0.37742521,0.48777549,-0.5963451,-0.55718534,-0.17671594,-0.55474969,-0.39738592,-0.14148054,-0.029129187
0.27112621,0.011090736,0.0016377469,-0.22453756,-0.43836243,-0.060825179,-0.43758943,0.099869468,-0.70183058,-0.38543409,-0.34083083,-0.28388974,0.47617965,-0.59715084,-0.62512346,-0.21721318,-0.6334132,-0.54939599,-0.079308697,-0.058326887
0.25648353,-0.0012621955,-0.0072228816,-0.24946792,-0.45813864,-0.070613289,-0.46740034,0.071994523,-0.74684058,-0.42193055,-0.34415168,-0.24644917,0.46586125,-0.6014568,-0.69280176,-0.2199346,-0.69080508,-0.62456552,-0.045563712,-0.058326887
0.22017759,-0.004730216,-0.014837898,-0.27918901,-0.47677809,-0.078923104,-0.49803394,0.074106693,-0.81323379,-0.4578496,-0.34415168,-0.29745092,0.41466766,-0.63357736,-0.76019722,-0.24647826,-0.75419608,-0.69912898,-0.01010376,-0.13505172
0.18471249,-0.040829706,-0.021201414,-0.30177131,-0.49425793,-0.11433181,-0.52698273,0.048789187,-0.81502924,-0.49315483,-0.42611529,-0.37161504,0.40658152,-0.63466511,-0.8272901,-0.2839635,-0.77695147,-0.77303443,0.068706718,-0.21152267
0.14506147,-0.045523336,-0.026304594,-0.33570757,-0.56542829,-0.12046898,-0.55579066,0.024604832,-0.83722026,-0.56181977,-0.42725504,-0.45313872,0.38769629,-0.65624471,-0.89907291,-0.28277322,-0.7788424,-0.72647122,0.10506746,-0.28770696
0.13314407,-0.048882413,-0.03013566,-0.35618093,-0.58085168,-0.15488255,-0.58331666,-0.0012635506,-0.81610533,-0.59512227,-0.42611529,-0.5441853,0.33874483,-0.66200574,-0.97076034,-0.3045502,-0.77821209,-0.67816775,0.18347951,-0.31718312
0.099893821,-0.050897859,-0.032694612,-0.37548835,-0.63598172,-0.15877668,-0.61066517,-0.055192407,-0.85669599,-0.6276913,-0.42270424,-0.64394302,0.33375025,-0.64894329,-1.0460063,-0.31469826,-0.79578274,-0.7490342,0.22068041,-0.39382606
0.061603172,-0.081662166,-0.03397556,-0.40637537,-0.6504797,-0.19211833,-0.63617392,-0.080372908,-0.83287463,-0.65949566,-0.41702189,-0.72607655,0.30010517,-0.67383589,-1.0732118,-0.33348558,-0.83001762,-0.69789087,0.25941439,-0.47017415
0.051779857,-0.081662166,-0.063581662,-0.43623156,-0.66368098,-0.19369582,-0.63220702,-0.13706186,-0.82998245,-0.72067508,-0.40909284,-0.81690886,0.28399544,-0.69745116,-1.0986216,-0.36556988,-0.8264756,-0.64516311,0.29963813,-0.54621921
-0.0074699328,-0.080303404,-0.062933826,-0.46115382,-0.71937654,-0.19369582,-0.65494062,-0.15796664,-0.80356079,-0.74997733,-0.39891708,-0.87451195,0.23873147,-0.71975829,-1.1221896,-0.38085623,-0.81748389,-0.5909375,0.34129968,-0.62192029
-0.015873641,-0.10934278,-0.060993263,-0.4760934,-0.74232883,-0.22509201,-0.67975065,-0.1494152,-0.79891739,-0.77837444,-0.38653563,-0.94575451,0.19433669,-0.74072884,-1.1438567,-0.41043425,-0.88378101,-0.65734504,0.41706133,-0.697261
-0.073911182,-0.13800993,-0.088941494,-0.50281927,-0.79852708,-0.22269538,-0.70022752,-0.13451298,-0.77000745,-0.80581961,-0.46738408,-1.0132431,0.15084404,-0.74891184,-1.185178,-0.39980561,-0.89253008,-0.72273093,0.4593465,-0.66365703
-0.10981379,-0.13384589,-0.085025031,-0.52834544,-0.80815813,-0.25283086,-0.71917172,-0.15696764,-0.73968827,-0.85771887,-0.45241974,-1.091429,0.12413935,-0.76667602,-1.2022012,-0.42707852,-0.96168872,-0.78701724,0.50299151,-0.73764638
-0.14528801,-0.16138124,-0.11191022,-0.54998607,-0.81634395,-0.28251517,-0.74190533,-0.17284888,-0.73238266,-0.903225,-0.43524149,-1.1686878,0.083007344,-0.78302068,-1.2431838,-0.43543837,-0.96731969,-0.85014337,0.54794441,-0.70102026
-0.17231751,-0.18850201,-0.10598547,-0.57092958,-0.82306169,-0.27679397,-0.75840685,-0.19416468,-0.74055799,-0.92818367,-0.43524149,-1.2606739,0.042876232,-0.83067305,-1.2300316,-0.45996192,-1.0226561,-0.78957138,0.62182653,-0.70102026
-0.2066205,-0.18142979,-0.13175756,-0.60448892,-0.88524079,-0.30511197,-0.77977401,-0.20793375,-0.73151589,-0.95201873,-0.41589034,-1.3526435,0.0037789339,-0.86389321,-1.1950775,-0.46447155,-1.0238804,-0.72772665,0.66726446,-0.66242033
-0.26152716,-0.20733403,-0.12380096,-0.62401385,-0.88909092,-0.33292122,-0.79372015,-0.2280536,-0.73690223,-0.97469376,-0.39441548,-1.4587347,-0.051991098,-0.87567359,-1.2039311,-0.48612838,-1.0604441,-0.78701724,0.74085209,-0.62192029
-0.29473639,-0.23278131,-0.14841283,-0.64437507,-0.94612889,-0.32854392,-0.8059702,-0.27513218,-0.7261384,-1.0163817,-0.47316483,-1.5629716,-0.071175936,-0.88592544,-1.210647,-0.50652508,-1.1200337,-0.65734504,0.83384135,-0.57961024
-0.32742609,-0.22271618,-0.13840671,-0.67550933,-0.94850524,-0.35009761,-0.82492568,-0.29425018,-0.7287387,-1.0353062,-0.44897589,-1.6312926,-0.12568168,-0.92790446,-1.2599471,-0.48612838,-1.1515772,-0.5909375,0.88207693,-0.5355639
-0.34997345,-0.24686825,-0.1618142,-0.69239707,-0.94929926,-0.34442761,-0.83446258,-0.30401183,-0.69001719,-1.052899,-0.52687248,-1.7115389,-0.16079517,-0.93513005,-1.2619402,-0.50394895,-1.1183854,-0.64516311,0.93142118,-0.48987134
-0.41171382,-0.27052402,-0.14974973,-0.72192767,-1.0064229,-0.40107322,-0.85184594,-0.28542187,-0.67673265,-1.0036215,-0.49989566,-1.7907344,-0.19470364,-1.0076134,-1.2617165,-0.49937506,-1.1094384,-0.69789087,0.98183944,-0.44259809
-0.43231749,-0.29366534,-0.17191161,-0.73710637,-1.0627069,-0.39442728,-0.89499161,-0.32925227,-0.70200157,-0.90463991,-0.57681649,-1.7972986,-0.22737417,-1.0452154,-1.3025906,-0.51412216,-1.0987175,-0.7490342,1.0332971,-0.39382606
-0.49305525,-0.27968129,-0.19358466,-0.76473743,-1.0601877,-0.41852799,-0.90037567,-0.34570151,-0.69908581,-0.85495146,-0.54698619,-1.7994908,-0.25877382,-1.0983562,-1.3400475,-0.52750854,-1.0929219,-0.79851518,1.0857681,-0.45865069
-0.52253203,-0.30142753,-0.21475712,-0.79191319,-1.0560005,-0.44199833,-0.91530226,-0.36163984,-0.69446305,-0.80514857,-0.62277547,-1.7972986,-0.33523991,-1.1658108,-1.3320522,-0.51713975,-1.0779674,-0.84623857,1.0175246,-0.52260716
-0.57117692,-0.32261998,-0.19903237,-0.81812838,-1.1128957,-0.46482553,-0.91773649,-0.36579282,-0.67774977,-0.75523124,-0.59004251,-1.7907344,-0.36406161,-1.197993,-1.4050059,-0.48840275,-1.0613338,-0.89211778,0.94988737,-0.58561359
-0.6187235,-0.34324351,-0.21887677,-0.82985118,-1.1068749,-0.44724916,-0.93089939,-0.40628085,-0.670453,-0.76908387,-0.66456084,-1.7136404,-0.39148734,-1.2617957,-1.4571246,-0.4973773,-0.98791082,-0.81776211,0.89588327,-0.53202577
-0.67715069,-0.363286,-0.23818522,-0.85507472,-1.1556128,-0.50847045,-0.93033309,-0.42007561,-0.66148461,-0.73104765,-0.6288842,-1.649539,-0.41748087,-1.3053009,-1.5080132,-0.48144272,-0.96783287,-0.86057636,0.82809015,-0.53202577
-0.72274218,-0.38272931,-0.25694891,-0.87851762,-1.2120338,-0.48877264,-0.90335366,-0.43331093,-0.67911183,-0.68032923,-0.6288842,-1.5833979,-0.48856716,-1.2646419,-1.5340314,-0.41043425,-0.94877568,-0.90138194,0.77428526,-0.65255126
-0.74819256,-0.4015583,-0.27515015,-0.90083511,-1.2020543,-0.50847045,-0.93807812,-0.43283712,-0.66706553,-0.69113875,-0.7019676,-1.4647097,-0.51159094,-1.2555441,-1.5168997,-0.34819635,-0.95284482,-0.94010091,0.70632757,-0.65255126
-0.80456896,-0.40909353,-0.29278012,-0.92397944,-1.1903325,-0.52743232,-0.93259828,-0.44455396,-0.68200401,-0.64010821,-0.77452622,-1.3741288,-0.53305742,-1.2446738,-1.5621315,-0.27128401,-0.9842935,-0.97663805,0.65273922,-0.59525333
-0.84688145,-0.42618548,-0.3098241,-0.94653606,-1.2460109,-0.54564223,-0.94092088,-0.48050653,-0.70200157,-0.59817578,-0.84651087,-1.2551893,-0.55294025,-1.2320497,-1.5781022,-0.20907126,-1.0126994,-1.0109068,0.5846083,-0.53675146
-0.90160809,-0.44261773,-0.32627324,-0.96595427,-1.2321585,-0.56307781,-0.97165872,-0.45170394,-0.68472813,-0.54684873,-0.91786414,-1.1647237,-0.57120321,-1.2177005,-1.61895,-0.14684734,-1.0100861,-1.0428205,0.47899932,-0.47711117
-0.95558505,-0.49824828,-0.34210988,-0.9869856,-1.2712196,-0.57972303,-0.96148791,-0.48549867,-0.66098047,-0.55462036,-0.98853684,-1.0741428,-0.56214581,-1.2135675,-1.6275273,-0.060776038,-0.97656241,-1.0992366,0.40982036,-0.41640616
-0.99419244,-0.48601337,-0.35732519,-1.0204828,-1.3256927,-0.59555872,-0.96685505,-0.49422137,-0.670453,-0.50309044,-1.0584716,-0.99489782,-0.55658494,-1.2274452,-1.5636477,0.0014925896,-0.97107925,-1.1235918,0.3578517,-0.35470196
-1.0139895,-0.48781396,-0.37190739,-1.0365626,-1.3073446,-0.61057206,-0.95365553,-0.48630644,-0.64935576,-0.50954078,-1.0139885,-0.90435396,-0.56998173,-1.2073254,-1.4998996,0.073462225,-0.98791082,-1.145263,0.30706965,-0.4073561
-1.0817318,-0.50146816,-0.3858447,-1.0551189,-1.3610237,-0.62473746,-0.95708994,-0.49341361,-0.65895507,-0.40614282,-1.0817586,-0.81370709,-0.53581645,-1.2171412,-1.4991661,0.1459795,-0.9686863,-1.0610284,0.23678204,-0.34362076
-1.1313543,-0.51439304,-0.39912239,-1.0729051,-1.3403221,-0.63804533,-0.98071667,-0.49988998,-0.63209707,-0.35442043,-1.1485856,-0.72297368,-0.54600974,-1.224753,-1.4940191,0.21900809,-0.9842935,-0.97663805,0.18635511,-0.39382606
-1.1798784,-0.52657953,-0.41173457,-1.1026356,-1.3930815,-0.69407658,-0.98226342,-0.48840434,-0.57543877,-0.35937783,-1.0993878,-0.63215373,-0.55450085,-1.168439,-1.4258047,0.27931528,-0.9982775,-0.99440444,0.11580765,-0.44259809
-1.210531,-0.5380125,-0.42366653,-1.1186817,-1.4216662,-0.70585815,-1.0030558,-0.47536025,-0.57871126,-0.307541,-1.1637058,-0.54125961,-0.56127661,-1.1111936,-1.3864928,0.3159092,-1.0374098,-0.90935604,0.065744504,-0.48987134
-1.2562136,-0.54867984,-0.43490649,-1.133859,-1.4729632,-0.71671499,-0.98226342,-0.43900523,-0.58116415,-0.20385173,-1.1112199,-0.42300413,-0.53771617,-1.0308187,-1.2884419,0.31580023,-1.0478351,-0.92401418,0.01701522,-0.48987134
-1.3149826,-0.55857247,-0.48580578,-1.1549363,-1.4465778,-0.72663749,-1.0205153,-0.44217348,-0.55168521,-0.15199409,-1.1112199,-0.33220891,-0.52496798,-0.94156885,-1.2478046,0.37924796,-1.082823,-0.83844629,-0.054736181,-0.4220819
-1.3573224,-0.56768132,-0.49581484,-1.1678223,-1.496561,-0.73560646,-1.036535,-0.42558153,-0.55039096,-0.10013125,-1.172832,-0.26817756,-0.52686111,-0.85196353,-1.1781037,0.3813016,-1.0894915,-0.75280913,-0.10301507,-0.3535963
-1.416513,-0.57599428,-0.50509362,-1.1917002,-1.4676507,-0.78822035,-1.0329625,-0.42715709,-0.51836183,-0.095647218,-1.2330747,-0.21615388,-0.48296349,-0.79189803,-1.1081889,0.34777556,-1.0321303,-0.66712868,-0.17507828,-0.28445549
-1.4559475,-0.62569349,-0.51363328,-1.2024516,-1.5640126,-0.79541024,-1.0063804,-0.40815897,-0.51452624,-0.038494055,-1.175874,-0.15040832,-0.48177823,-0.76071118,-1.0649995,0.3159092,-0.96988278,-0.58138763,-0.22288079,-0.21470043
-1.4935477,-0.63252362,-0.56239176,-1.2237289,-1.5315607,-0.80159221,-1.000909,-0.40815897,-0.4800737,0.013202325,-1.2330747,-0.058953786,-0.43548044,-0.70551804,-1.020488,0.24345899,-0.9219902,-0.49561194,-0.29527314,-0.14438025
-1.5487962,-0.63851549,-0.56956213,-1.232197,-1.5776595,-0.82678084,-1.0108826,-0.40753388,-0.47377048,0.019418583,-1.172832,0.057694626,-0.34498213,-0.64302347,-0.97472014,0.18126021,-0.94894302,-0.48288455,-0.36699856,-0.073527709
-1.5827574,-0.64366305,-0.57595215,-1.2395817,-1.5426712,-0.8314909,-0.9799447,-0.3852619,-0.43702425,0.071016128,-1.1112199,0.17476747,-0.29703156,-0.57998859,-1.0313939,0.13533409,-0.98636014,-0.46790606,-0.43800507,-0.0021755748
-1.61449,-0.6479663,-0.62287314,-1.256714,-1.5868278,-0.85919135,-0.97146432,-0.38308979,-0.42354218,0.078043881,-1.1637058,0.2660036,-0.20545663,-0.54487968,-1.0066156,0.056893395,-1.0092159,-0.45070243,-0.50824938,0.069651585
-1.6645933,-0.65141313,-0.62778491,-1.2531824,-1.6300304,-0.88298808,-0.97666524,-0.35856577,-0.38942869,0.13733502,-1.2143549,0.34418952,-0.15602119,-0.48556542,-0.95674319,0.025418205,-0.96731969,-0.34713437,-0.45628938,0.14191282
-1.6918256,-0.69674252,-0.63188689,-1.256641,-1.6324068,-0.90763274,-0.94167876,-0.33274591,-0.34953969,0.18870888,-1.2630444,0.39795625,-0.063517804,-0.42060624,-0.86209947,-0.015447852,-0.9144655,-0.2628219,-0.59199688,0.21459175
-1.737809,-0.69850377,-0.67672008,-1.2398668,-1.5914377,-0.93039274,-0.93033309,-0.32818762,-0.33751403,0.24009835,-1.1957992,0.47691685,0.029304942,-0.37853006,-0.7897444,-0.092432842,-0.84601806,-0.24233687,-0.65843016,0.2876638
-1.7599052,-0.65659398,-0.72082887,-1.2315607,-1.6300304,-0.92984238,-0.89313776,-0.28303284,-0.29566449,0.29151383,-1.2409218,0.59559676,0.10241277,-0.31281017,-0.7391419,-0.15748995,-0.82213592,-0.15839669,-0.60156778,0.25177479
-1.8010464,-0.65659398,-0.72254269,-1.231277,-1.5868278,-0.92818809,-0.8425936,-0.25437011,-0.25294523,0.33565187,-1.1713068,0.66388067,0.15607896,-0.25050993,-0.70810815,-0.2199346,-0.77301341,-0.13642246,-0.6657664,0.32591975
-1.8173571,-0.65572849,-0.72340255,-1.219796,-1.6229357,-0.92543309,-0.76626458,-0.24787946,-0.21701565,0.3872234,-1.1713068,0.63308266,0.21040033,-0.21070641,-0.74736406,-0.26838656,-0.70011474,-0.052863247,-0.72883904,0.32591975
-1.8528905,-0.67417315,-0.74433059,-1.1979609,-1.6575869,-0.96661739,-0.75231281,-0.25688473,-0.17312301,0.38087189,-1.2128052,0.60558531,0.24743988,-0.14657667,-0.766081,-0.23903766,-0.64790481,0.03082584,-0.66821759,0.29223388
-1.8628005,-0.69410065,-0.76416909,-1.1834887,-1.6431403,-0.96155854,-0.6748681,-0.24890986,-0.15669865,0.37536309,-1.1410584,0.62958007,0.30350952,-0.078877973,-0.86991382,-0.19773293,-0.59408284,0.0098299748,-0.72883904,0.36736984
-1.89019,-0.69058119,-0.80400217,-1.1783143,-1.6734101,-0.95539578,-0.62297439,-0.17687057,-0.091729415,0.4271323,-1.0686309,0.57417331,0.37701902,-0.0082620311,-0.91822727,-0.22758756,-0.51997653,-0.0092697694,-0.7881526,0.33587072
-1.8949775,-0.70491022,-0.80132248,-1.1609618,-1.6241124,-0.90354663,-0.54476898,-0.16768833,-0.074081556,0.41877286,-1.1052997,0.52662058,0.43369117,0.067996456,-0.87832345,-0.25538017,-0.50218834,-0.026447418,-0.72384138,0.30592772
-1.8943782,-0.6991665,-0.7977535,-1.1347804,-1.6515489,-0.85097113,-0.49725352,-0.13337983,-0.027535549,0.415839,-1.0311094,0.47308461,0.47500755,0.080987818,-0.85013457,-0.2543296,-0.44366135,-0.041668338,-0.65843016,0.2775736
-1.8674899,-0.71710882,-0.8346507,-1.1148475,-1.6770889,-0.80650066,-0.46030049,-0.12292744,0.0099152949,0.41374264,-1.0642687,0.456709,0.53319421,0.1351335,-0.87908976,-0.20868289,-0.42221679,-0.1270371,-0.71388072,0.35480623
-1.8401756,-0.72714671,-0.82920593,-1.0935297,-1.6252949,-0.7534132,-0.41189192,-0.073157276,0.057387033,0.36175495,-0.98853684,0.44392663,0.62221423,0.20911459,-0.87660009,-0.13548386,-0.4205657,-0.14059566,-0.7678242,0.43223541
-1.7695325,-0.71866731,-0.84672695,-1.064549,-1.5948994,-0.70906113,-0.34895118,-0.036650973,0.10548379,0.36004873,-1.0182523,0.47852804,0.68042722,0.28711964,-0.91725706,-0.088582615,-0.41560966,-0.15210226,-0.6989917,0.40660041
-1.7017081,-0.73498758,-0.85658289,-1.0530667,-1.5415573,-0.6555161,-0.31167979,0.00076584586,0.12675202,0.30802983,-1.0454669,0.51484778,0.73910115,0.34210898,-0.9112483,-0.007328287,-0.43008453,-0.16154824,-0.75015485,0.48472575
-1.6338381,-0.74060723,-0.88903652,-1.0284714,-1.4879353,-0.60141111,-0.26243163,0.051717684,0.14891651,0.30846159,-0.96753756,0.5106488,0.82754171,0.43538041,-0.85772528,0.074051774,-0.46037856,-0.16891627,-0.67926093,0.56300671
-1.5931025,-0.72938307,-0.90476716,-0.997252,-1.4340734,-0.55732781,-0.2248954,0.052382732,0.19902393,0.30976206,-0.99135752,0.50984939,0.87183113,0.50133255,-0.78473546,0.15555198,-0.43271176,-0.17734925,-0.65476637,0.53994339
-1.5249819,-0.75823785,-0.86949544,-0.98835418,-1.3799831,-0.50285805,-0.16190677,0.066174636,0.24965612,0.31495875,-0.91241138,0.51165013,0.9599622,0.53682299,-0.72077357,0.26439215,-0.42001348,-0.17840554,-0.70023029,0.53994339
-1.4584882,-0.78566728,-0.84398542,-0.9557203,-1.2712196,-0.45888035,-0.12430292,0.10653993,0.27401701,0.36686321,-0.91241138,0.5560052,0.96054496,0.52674177,-0.73677062,0.34613824,-0.40517883,-0.091824647,-0.74386664,0.61881404
-1.3902696,-0.77144719,-0.80668774,-0.90992883,-1.2165866,-0.404081,-0.074150371,0.1588761,0.32578131,0.3706918,-0.93293508,0.60186845,0.91864253,0.51253469,-0.74370684,0.42797932,-0.39697083,-0.090794335,-0.66821759,0.69781572
-1.3232906,-0.75642213,-0.75455168,-0.86353076,-1.1617993,-0.36020569,-0.036323949,0.1739981,0.35156322,0.37536309,-0.85316078,0.6491863,0.87849825,0.50352226,-0.72966996,0.50990702,-0.37899578,-0.087703397,-0.70890905,0.67717667
-1.2787177,-0.78015053,-0.70205046,-0.82516314,-1.145062,-0.32666886,0.02667313,0.21604457,0.41748767,0.38087189,-0.77323888,0.69791343,0.88313395,0.49661897,-0.66757944,0.597733,-0.39697083,-0.0012177467,-0.63168362,0.75667796
-1.2110551,-0.76323712,-0.64920767,-0.77798418,-1.0906175,-0.28251517,0.077453961,0.23215701,0.47029563,0.43880534,-0.69319399,0.6661965,0.88895163,0.46915511,-0.60010505,0.67969702,-0.39929406,0.0038039449,-0.66943885,0.73796358
-1.1654932,-0.78428734,-0.59604978,-0.73031615,-1.072812,-0.24758323,0.1154776,0.31216261,0.50996351,0.44586951,-0.6130343,0.5844091,0.85356816,0.4428572,-0.52418485,0.74617351,-0.36275269,0.090185698,-0.59080161,0.72080533
-1.097523,-0.76551585,-0.55683215,-0.67466899,-0.9999051,-0.22969329,0.19054442,0.32903143,0.54967857,0.45375037,-0.53277622,0.49763155,0.80003038,0.4649392,-0.4266831,0.7587105,-0.33748721,0.097042905,-0.62563793,0.70521957
-1.0292861,-0.78382736,-0.54398144,-0.63196731,-0.94612889,-0.18521642,0.22846382,0.40963072,0.60315871,0.46243232,-0.45241974,0.37012513,0.76759691,0.48883648,-0.35986319,0.80595542,-0.31031685,0.18327747,-0.65843016,0.69122269
-0.98359438,-0.76323712,-0.50451351,-0.59826207,-0.8921756,-0.14846701,0.29145808,0.42720456,0.65702213,0.42086402,-0.37197306,0.28822647,0.71572509,0.49023467,-0.34324455,0.79327593,-0.29603442,0.19189227,-0.57768818,0.67883107
-0.91523905,-0.74195691,-0.45149698,-0.55151408,-0.83806236,-0.11069367,0.34248966,0.47227657,0.72290825,0.43130942,-0.38653563,0.2018239,0.66448211,0.56287207,-0.3715288,0.8161873,-0.3023738,0.20239453,-0.60757016,0.75992123
-0.84655104,-0.68334555,-0.43772752,-0.50467287,-0.8193258,-0.071931597,0.38058092,0.49069812,0.76289749,0.4425455,-0.30562977,0.15298964,0.67706897,0.61353175,-0.37412701,0.8492132,-0.30607758,0.2147756,-0.63532143,0.7493642
-0.77766706,-0.62462827,-0.39782966,-0.47056772,-0.71153918,-0.032231993,0.44355828,0.53680053,0.81721197,0.45457747,-0.22465832,0.14446394,0.77198569,0.61799175,-0.37737641,0.87580436,-0.26284263,0.12924234,-0.55279519,0.83069187
-0.73137375,-0.56581718,-0.35786996,-0.42784442,-0.69241989,0.008369948,0.48168616,0.5560327,0.85733977,0.46738973,-0.22465832,0.13986525,0.84434943,0.5999977,-0.40136211,0.93016577,-0.19244568,0.14379658,-0.57768818,0.83069187
-0.68489814,-0.52922745,-0.31785726,-0.38081002,-0.63873508,0.053445174,0.54465788,0.61086922,0.92318757,0.49531347,-0.14364587,0.13898754,0.89452567,0.53366402,-0.4238777,0.97576498,-0.1744009,0.05864428,-0.6003725,0.82191209
-0.63825392,-0.49242286,-0.26323291,-0.34646439,-0.58489603,0.098526799,0.55639236,0.62310554,0.97791185,0.51040935,-0.062576022,0.098666618,0.98920204,0.43935697,-0.39841529,1.0543286,-0.13712324,-0.11146119,-0.63895923,0.81471299
-0.56870457,-0.45541248,-0.24841808,-0.30741181,-0.56542829,0.14361162,0.51806162,0.6782703,1.0181576,0.52624911,0.018534823,0.10331475,1.0433489,0.38757637,-0.46436036,1.1164268,-0.098311624,-0.19639705,-0.65476637,0.80911096
-0.52175501,-0.41820843,-0.20807852,-0.27272573,-0.51185772,0.18870285,0.48134807,0.72641923,1.047893,0.57571908,0.031375461,0.067530706,1.0174509,0.314638,-0.48227482,1.1722495,-0.085108536,-0.2123539,-0.56936453,0.80509782
-0.45194134,-0.38081373,-0.16769773,-0.23309627,-0.40427103,0.23786419,0.45779179,0.7750277,1.0936194,0.6090892,0.046126614,0.033662779,0.96929946,0.21815783,-0.45236257,1.2032413,-0.070736861,-0.29761011,-0.58244331,0.80268993
-0.40472516,-0.33441004,-0.12727866,-0.18553091,-0.3849004,0.28757268,0.42387873,0.83055781,1.1341953,0.62683805,0.062771885,0.001756298,0.94650285,0.16718534,-0.42107558,1.2504164,-0.09336953,-0.311844,-0.59319216,0.8018873
-0.37564943,-0.32523462,-0.086818359,-0.15047195,-0.33128985,0.33779955,0.4022411,0.88613074,1.1406548,0.64527355,0.081278474,0.018762374,0.87504781,0.13898209,-0.38845002,1.2979631,-0.075765413,-0.39738592,-0.60156778,0.80268993
-0.36764676,-0.29569592,-0.046325669,-0.12992834,-0.31123373,0.34369353,0.3551567,0.93545849,1.1889609,0.66439049,0.10162178,-0.055949805,0.82898378,0.089305892,-0.30865882,1.3860154,0.0023263625,-0.40979296,-0.51524783,0.80509782
-0.38053716,-0.27436426,0.0040052927,-0.096012338,-0.25786881,0.30551062,0.30277276,0.99120267,1.2298375,0.63626387,0.12376081,-0.13716855,0.78366055,0.063188089,-0.24349322,1.4266523,0.021793527,-0.41997488,-0.52108564,0.80911096
-0.36920993,-0.25176161,0.054671951,-0.073538123,-0.20436108,0.26818845,0.23999544,1.0073494,1.2794968,0.58846891,0.14767096,-0.26597711,0.76576963,0.014682581,-0.21051246,1.4314246,0.070026354,-0.42791434,-0.52459353,0.81471299
-0.35628079,-0.22792426,0.10565369,-0.037561816,-0.1307801,0.22360919,0.17722657,1.0633105,1.3303325,0.540804,0.22592013,-0.31329496,0.78754559,-0.03271385,-0.21609367,1.4370295,0.091666143,-0.51421817,-0.52576282,0.89636827
-0.28472395,-0.24306735,0.076898613,0.0043765417,-0.077363772,0.18732374,0.14069615,1.113877,1.3236637,0.49326913,0.25101104,-0.43533323,0.8851522,-0.10357388,-0.20015582,1.398083,0.1121234,-0.60050469,-0.52459353,0.89636827
-0.21776544,-0.20287947,0.036950694,0.046555381,-0.023810345,0.14291407,0.094240034,1.1699722,1.3762711,0.44586951,0.25101104,-0.52322749,0.8712352,-0.15002476,-0.20757221,1.3704384,0.16581149,-0.60650474,-0.43800507,0.90342813
-0.18117923,-0.16260685,0.0093676073,0.076939817,-0.0036342695,0.10774215,0.058013896,1.2209954,1.3706136,0.37705891,0.32889122,-0.61087862,0.83042586,-0.19581445,-0.21035788,1.4145736,0.24930555,-0.61010651,-0.43459246,0.91204411
-0.1654519,-0.12225858,-0.030297619,0.11961853,0.049696376,0.073568556,0.012380457,1.2772077,1.3835237,0.35620973,0.4069436,-0.69826604,0.76125245,-0.26579765,-0.21407759,1.5208627,0.3606449,-0.69665277,-0.34809929,0.92219984
-0.14826851,-0.081831633,-0.056632149,0.15613525,0.15675182,0.029546057,-0.050120761,1.3005101,1.420267,0.33607842,0.48515997,-0.74930487,0.72164154,-0.33416226,-0.19198298,1.6007424,0.36678905,-0.78319902,-0.34255596,0.9338953
-0.1077949,-0.041332054,-0.095976403,0.20460984,0.17681365,-0.0033796245,-0.068259186,1.3522469,1.4347131,0.31668578,0.56353214,-0.79834104,0.65298503,-0.3781106,-0.14547512,1.5762105,0.40258855,-0.86974528,-0.33481263,0.94710592
-0.072913128,0.013063815,-0.12098876,0.25240217,0.19776089,-0.035207783,-0.13058291,1.3760773,1.4309895,0.22009189,0.6420437,-0.84263019,0.61464499,-0.44701553,-0.052452808,1.5261156,0.41249226,-1.0428205,-0.24863993,0.86642527
-0.015873641,-0.01267398,-0.15996787,0.2822489,0.21958784,-0.065903221,-0.16605398,1.428402,1.4468921,0.17198481,0.72069465,-0.92754931,0.54655807,-0.54144344,0.01724157,1.5041654,0.42862379,-1.0386386,-0.22715954,0.78579375
0.034455184,-0.037316293,-0.18356971,0.23990388,0.24227164,-0.080814171,-0.20968425,1.4849197,1.4636643,0.12400778,0.69849822,-1.0119987,0.47865883,-0.58400307,0.087649631,1.4632015,0.44289227,-1.125029,-0.21326659,0.70521957
0.09965684,-0.021307717,-0.22214245,0.20370601,0.26579517,-0.10973693,-0.27175159,1.505619,1.4614414,0.10413136,0.67783513,-1.0556944,0.41095712,-0.65204301,0.066334485,1.4227127,0.48630851,-1.2114108,-0.19730355,0.72080533
0.1584076,-0.044013264,-0.24425132,0.16807286,0.31774913,-0.13742778,-0.28730646,1.5622509,1.4796376,0.055961859,0.65872997,-1.1384255,0.37635066,-0.7166799,0.092783552,1.3554902,0.47074036,-1.2039735,-0.17930507,0.73796358
0.2304293,-0.065559778,-0.26515875,0.13992977,0.36648132,-0.16384832,-0.34910051,1.6154633,1.5200278,0.017988064,0.73869286,-1.2205013,0.30786208,-0.78378376,0.12045937,1.3159317,0.48985053,-1.1936011,-0.15928847,0.75667796
0.26550247,-0.085913971,-0.30288636,0.11844315,0.39202702,-0.1471103,-0.36332274,1.6091211,1.5396362,0.00024961959,0.81873776,-1.301856,0.24108225,-0.85753024,0.1493422,1.276893,0.5376678,-1.1803282,-0.075203173,0.77692388
0.33084769,-0.10505466,-0.32215065,0.12800296,0.41833246,-0.1712782,-0.40388768,1.6346155,1.5183797,-0.016635715,0.89885644,-1.3412663,0.20705196,-0.92439949,0.13316755,1.2330568,0.57929629,-1.1641982,-0.05371413,0.79867678
0.36164837,-0.12294856,-0.34012515,0.17823388,0.44538623,-0.19409259,-0.44355386,1.6577895,1.5602558,-0.032647131,0.89885644,-1.4209934,0.1410656,-0.99824076,0.16447427,1.195404,0.62942005,-1.145263,-0.030328232,0.82191209
0.34341907,-0.13957448,-0.35678042,0.23348384,0.47317117,-0.21551508,-0.47684709,1.681717,1.5403644,-0.097639542,0.88231777,-1.4997685,0.14163189,-1.060951,0.19691565,1.1355019,0.65434249,-1.1235918,-0.0050714615,0.82191209
0.32103804,-0.11811875,-0.37208996,0.2839093,0.55108784,-0.23551048,-0.51514402,1.6778979,1.5414582,-0.14742163,0.86730423,-1.5315267,0.11171711,-1.1267894,0.2304621,1.0942028,0.69829142,-1.0992366,0.022021535,0.74367208
0.30571631,-0.13263541,-0.38602727,0.31242663,0.57986674,-0.27557165,-0.55243231,1.6734652,1.5429146,-0.19711528,0.85382402,-1.6072113,0.082286308,-1.1776647,0.24637692,1.085896,0.7519851,-1.0722926,0.050898789,0.76883206
0.31852696,-0.14583567,-0.39856878,0.31152414,0.60932541,-0.29358319,-0.56075773,1.6713787,1.5249601,-0.21215915,0.84190174,-1.6333118,0.018765957,-1.2360998,0.25513189,1.0470389,0.7971835,-1.1539903,0.081525655,0.79545807
0.30133672,-0.15770441,-0.37538509,0.29001861,0.63943529,-0.33292122,-0.56782659,1.6699858,1.5078547,-0.26205567,0.83152919,-1.6556541,-0.079749356,-1.2252009,0.24651506,1.0374524,0.84283093,-1.1235918,0.11385882,0.7183483
0.2899548,-0.16822347,-0.38565918,0.26490991,0.68790471,-0.3488369,-0.54556631,1.6692038,1.5331708,-0.36158343,0.82273918,-1.6741148,-0.11684487,-1.1806388,0.26727109,1.027201,0.91490127,-1.0906997,0.14785499,0.74692355
0.35404675,-0.14740324,-0.39450508,0.21823623,0.71825451,-0.36316229,-0.49178495,1.669552,1.4951008,-0.37652846,0.8155317,-1.7014926,-0.11989035,-1.1121581,0.27842364,1.0231692,0.98721147,-1.0178073,0.22068041,0.67055089
0.42167063,-0.15141598,-0.36916587,0.19374088,0.81513623,-0.33835443,-0.43560316,1.6713787,1.5217643,-0.4264614,0.73378948,-1.7664264,-0.15509602,-1.0391557,0.30225477,0.99057913,1.0339243,-0.94010091,0.14302191,0.70110814
0.49263274,-0.094953218,-0.37575023,0.1473266,0.86393125,-0.31296742,-0.3513178,1.6734652,1.5261453,-0.4763007,0.72806613,-1.7755043,-0.15463509,-0.9724571,0.31492677,0.93250999,1.0961104,-0.90138194,0.18251809,0.62552992
0.56024978,-0.098203353,-0.34916246,0.1234865,0.91294906,-0.32375706,-0.29511911,1.6778979,1.5308919,-0.54088217,0.72397451,-1.7802802,-0.15140524,-0.90325832,0.29739383,0.84873541,1.1689784,-0.82421239,0.22352137,0.55020559
0.55090271,-0.073512621,-0.35351179,0.10012467,0.88411304,-0.29687255,-0.23678483,1.681717,1.5180142,-0.55462036,0.6420437,-1.7073481,-0.14772104,-0.83067305,0.29698601,0.7939521,1.199543,-0.7465147,0.14785499,0.47515153
0.52013392,-0.045523336,-0.35641822,0.074128344,0.93371351,-0.30511197,-0.20364938,1.6887413,1.5472779,-0.60490182,0.6420437,-1.6329079,-0.20842309,-0.76279425,0.34175406,0.79831364,1.2052298,-0.66834947,0.19113623,0.40038412
0.51320907,-0.01715275,-0.32788694,0.059495449,0.90586573,-0.31172591,-0.14757747,1.6630214,1.5360866,-0.61780771,0.63953461,-1.5407982,-0.27100181,-0.71770603,0.34375698,0.77432656,1.2117811,-0.58974268,0.23583794,0.40038412
0.53025574,-0.048882413,-0.32860545,0.049006131,0.85210666,-0.31669516,-0.11355172,1.5778096,1.5428232,-0.71873998,0.63869825,-1.4309242,-0.33653711,-0.62298426,0.34709847,0.7511721,1.1573316,-0.62456552,0.28190816,0.32591975
0.52586248,-0.10934278,-0.32788694,0.052944353,0.902941,-0.35051678,-0.082202502,1.5210122,1.5330794,-0.76908387,0.63953461,-1.3569249,-0.39858576,-0.55096775,0.35176866,0.70108841,1.112836,-0.54467733,0.20927329,0.25177479
0.50086327,-0.16980315,-0.32573436,0.044705835,0.95395242,-0.38396082,-0.046799045,1.4642205,1.4997826,-0.78170365,0.6420437,-1.2647946,-0.46014713,-0.50536054,0.35776427,0.65196588,1.0867813,-0.57663434,0.25753486,0.21739276
0.4757638,-0.19843398,-0.32215065,0.025857757,1.0051295,-0.41593297,0.013031276,1.4045773,1.5324397,-0.83228163,0.56011289,-1.1726643,-0.55380615,-0.43489152,0.40739656,0.56878644,1.0543313,-0.49561194,0.30706965,0.14287106
0.45212951,-0.22666537,-0.38088286,-0.0058331152,0.98023502,-0.44440456,0.045155279,1.3477628,1.5410041,-0.88278678,0.5643849,-1.0991512,-0.61424152,-0.38826292,0.48054753,0.53764933,1.0317405,-0.52472909,0.23678204,0.1093408
0.45191532,-0.28703192,-0.41229112,-0.023528773,1.0318862,-0.47388729,0.077453961,1.288211,1.5341732,-0.98354738,0.57034604,-1.0245008,-0.67932247,-0.34053471,0.51645538,0.47585849,1.0040012,-0.44271102,0.28844755,0.034417783
0.43020422,-0.31479121,-0.44337547,-0.054078033,0.98473636,-0.47101069,0.1148465,1.2313765,1.5030875,-1.033782,0.57799631,-0.94879969,-0.77147027,-0.24575133,0.51119977,0.44255877,0.96398474,-0.36045917,0.21972765,0.0018048129
0.40980335,-0.34211474,-0.47412117,-0.05792844,0.96218394,-0.49569375,0.17537272,1.1719189,1.4978545,-1.0193936,0.5873275,-0.8567559,-0.83633721,-0.17426803,0.50722024,0.40798775,0.9732191,-0.27799953,0.27348924,-0.073527709
0.38935919,-0.36898735,-0.50451351,-0.074097445,0.94033414,-0.49144765,0.19804153,1.1150615,1.4935383,-1.0691133,0.66870893,-0.78018117,-0.93928739,-0.14845593,0.54824557,0.35039081,1.0222719,-0.19534076,0.32838547,-0.10517425
0.36952343,-0.42911181,-0.56338707,-0.075588971,0.8874662,-0.51838335,0.18438559,1.0557066,1.4644043,-1.1020048,0.67949146,-0.68821568,-1.0096494,-0.097616152,0.54710104,0.26673358,1.0824695,-0.16891627,0.38437304,-0.18092446
0.3522899,-0.48921509,-0.59181529,-0.048904978,0.86603912,-0.50757132,0.17290186,0.99882646,1.4617214,-1.150939,0.7606761,-0.61659402,-1.0237013,-0.047250335,0.54722931,0.2150461,1.1271854,-0.11042222,0.31913505,-0.21152267
0.33401275,-0.54929718,-0.61980769,-0.021556284,0.82536707,-0.4950218,0.16646128,0.93958293,1.4338758,-1.1323214,0.7606761,-0.53992863,-1.0602997,0.0036415826,0.54862708,0.22284993,1.1939371,-0.0784479,0.43601257,-0.21152267
0.31911713,-0.58287585,-0.61572633,0.006038296,0.80615639,-0.51928569,0.15864018,0.88267991,1.3932055,-1.1805065,0.77284437,-0.44796726,-1.1024622,0.055035902,0.56740979,0.2326627,1.2546061,-0.044715985,0.49589779,-0.28770696
0.30245099,-0.61613072,-0.61002832,0.020944098,0.78770545,-0.5815789,0.15466201,0.8235534,1.3668369,-1.1599175,0.78657876,-0.35599764,-1.1066732,0.1069113,0.60020637,0.1810311,1.2947982,-0.0092697694,0.43421099,-0.36359641
0.2899548,-0.67635201,-0.63579452,-0.003983569,0.77003139,-0.620005,0.096775695,0.76662754,1.3145007,-1.1846524,0.80188749,-0.28438422,-1.1750301,0.18013404,0.60560669,0.070391543,1.362501,0.069510182,0.37341631,-0.43916644
0.27494525,-0.70933755,-0.62757878,-0.05792844,0.75313992,-0.65816231,0.066085749,0.68125017,1.2767992,-1.2310117,0.81873776,-0.15633386,-1.1756787,0.25342314,0.58446915,-0.012536432,1.4305552,0.10585684,0.43601257,-0.5143843
0.28727054,-0.74195691,-0.65190207,-0.087034811,0.73704819,-0.69603484,0.037027078,0.65068078,1.2377151,-1.2770068,0.83711315,-0.08398696,-1.2068446,0.35030619,0.6201402,-0.095416908,1.4647064,0.18423852,0.49944898,-0.58922542
0.27860934,-0.77419195,-0.67566882,-0.11550755,0.70728677,-0.7336098,0.035993092,0.59181687,1.1986752,-1.2516684,0.75742904,-0.030191389,-1.2361898,0.42370193,0.6478193,-0.18246614,1.5332571,0.22142501,0.56369091,-0.66365703
0.27142472,-0.8060245,-0.66396066,-0.14313051,0.76267957,-0.77087117,0.0078190849,0.5348482,1.147701,-1.2690999,0.77769855,0.061943055,-1.2308693,0.476639,0.65861994,-0.26535779,1.6021228,0.26014398,0.62871237,-0.697261
0.26009521,-0.83743642,-0.68618143,-0.15698656,0.74923267,-0.80779657,-0.019301214,0.47613271,1.0818562,-1.3126501,0.7994768,0.17237747,-1.1911036,0.48996925,0.67063088,-0.32474852,1.6825908,0.30035215,0.69447872,-0.77220859
0.27741304,-0.86840348,-0.70779265,-0.1836557,0.73661405,-0.84437,-0.04653421,0.4191412,1.0279574,-1.2831814,0.72069465,0.26452016,-1.1774138,0.47797321,0.68383897,-0.40767091,1.7215921,0.34199756,0.76094664,-0.8467221
0.26775151,-0.86840348,-0.6925155,-0.19610399,0.72482373,-0.8528238,-0.10162285,0.38909129,0.96209777,-1.2525371,0.6420437,0.35665872,-1.2308693,0.47176191,0.69823763,-0.51814562,1.7344996,0.41772986,0.82809015,-0.88010494
0.26550247,-0.86648184,-0.67566882,-0.22132078,0.70376795,-0.88810772,-0.15638748,0.30357406,0.88148249,-1.2612295,0.56353214,0.4129267,-1.2889177,0.5091577,0.76009464,-0.60093109,1.7145387,0.45999865,0.89588327,-0.91121912
0.22891171,-0.86264765,-0.65729973,-0.24577559,0.69451963,-0.92295966,-0.182702,0.27370397,0.82792274,-1.227594,0.58818026,0.43294088,-1.2744442,0.56548835,0.73055403,-0.68364951,1.6686793,0.50362676,0.94988737,-0.98725599
0.16390146,-0.82988908,-0.67525067,-0.29967587,0.68613388,-0.95735404,-0.20631464,0.21553936,0.74786762,-1.266473,0.58818026,0.49140519,-1.2495438,0.62212235,0.79821918,-0.74753311,1.629653,0.54856224,1.0048616,-0.98725599
0.1065065,-0.81932463,-0.6925155,-0.34193713,0.6786164,-0.960717,-0.20070801,0.15848791,0.69469703,-1.2310117,0.61436171,0.60500017,-1.30348,0.67904783,0.86606193,-0.75839087,1.5857236,0.62241574,1.1175903,-1.0169369
0.064551761,-0.80998277,-0.6706422,-0.37043284,0.67196721,-0.99355309,-0.22193149,0.10052595,0.61525513,-1.1946557,0.6420437,0.66542593,-1.3146906,0.70191898,0.9410744,-0.76644896,1.5704817,0.7413952,1.1829149,-1.0935635
0.045613795,-0.80462943,-0.64734661,-0.41212261,0.66619201,-1.0258356,-0.24189559,0.043460238,0.57577004,-1.1929859,0.67120162,0.72693543,-1.3119414,0.67465181,0.97067091,-0.77167667,1.5335834,0.78728307,1.2398465,-1.1698133
0.005944555,-0.76301016,-0.6618758,-0.43999955,0.65729785,-1.0255444,-0.26529692,-0.014281944,0.49659348,-1.1542006,0.70179448,0.81866604,-1.3732065,0.67159,0.95502577,-0.8019979,1.4930342,0.83434844,1.3050759,-1.2456372
-0.060211861,-0.74940135,-0.67566882,-0.48105299,0.6541789,-1.055168,-0.2832663,-0.071356222,0.44404496,-1.1147026,0.6261282,0.88732905,-1.4214435,0.69957286,0.94049227,-0.80151453,1.4575164,0.88256534,1.3709375,-1.2757768
-0.098304267,-0.77122023,-0.64900154,-0.50825172,0.59711808,-1.0504419,-0.30556603,-0.12885293,0.44534511,-1.1476878,0.5507161,0.88089666,-1.4682845,0.72939706,0.97310139,-0.82604087,1.4225592,0.93189047,1.4374141,-1.3522559
-0.15791636,-0.75483338,-0.62103269,-0.53508838,0.59485027,-1.0472005,-0.32146181,-0.18593578,0.36764559,-1.0652379,0.47557459,0.85950617,-1.4989105,0.76102233,0.96070894,-0.85000001,1.3604734,0.98228921,1.5044883,-1.3806428
-0.19517022,-0.7748789,-0.59181529,-0.5750529,0.59349073,-1.0389739,-0.37001407,-0.24301862,0.31612599,-1.0956949,0.40072007,0.85599535,-1.4682845,0.76377369,0.97645274,-0.87254536,1.3266485,1.0337269,1.5721168,-1.4060321
-0.2320162,-0.75574123,-0.60191564,-0.60111137,0.5363785,-1.0284562,-0.35634968,-0.29965048,0.27958614,-1.052899,0.32616894,0.85433059,-1.5096305,0.714953,0.96661903,-0.92488666,1.2909411,1.0861776,1.6402997,-1.428301
-0.26126056,-0.77396196,-0.57055744,-0.62593906,0.5363785,-1.0536897,-0.37627715,-0.35672476,0.22876526,-1.0815718,0.25193759,0.85451602,-1.531739,0.62715348,1.0034149,-0.94509896,1.2586668,1.0179605,1.5876555,-1.4473429
-0.31847322,-0.75211585,-0.57895575,-0.66544963,0.53775518,-1.0395594,-0.38779469,-0.44233332,0.19357567,-0.99318648,0.2175155,0.91242816,-1.5413561,0.56535801,0.99571235,-0.99129051,1.1991944,0.95034952,1.6570336,-1.5272947
-0.35362843,-0.76847849,-0.54555981,-0.68895738,0.54005726,-1.0232182,-0.39785844,-0.49940475,0.15930592,-1.0193936,0.18465134,0.97287452,-1.5769075,0.50372133,1.0062861,-1.0082449,1.1681864,0.89636633,1.6059658,-1.6070662
-0.38829828,-0.78405735,-0.55227669,-0.71302309,0.54327904,-1.0047267,-0.4156785,-0.58501046,0.1097734,-0.9739603,0.15338611,1.0357603,-1.5643075,0.44743095,1.0287391,-1.023562,1.1099773,0.82859947,1.5558247,-1.6070662
-0.41395375,-0.75846481,-0.55822206,-0.7499924,0.54741479,-1.0249621,-0.45953134,-0.61269417,0.076998386,-0.92818367,0.15338611,1.0923786,-1.5028943,0.38648625,1.0242794,-1.0372082,1.0803108,0.77481542,1.5066363,-1.686633
-0.44730654,-0.77213414,-0.56338707,-0.77301783,0.49560935,-1.003002,-0.46616632,-0.66852683,0.028347372,-0.95201873,0.077391844,1.1707169,-1.4388043,0.32573114,1.020961,-1.075948,1.0234572,0.70688406,1.578483,-1.7659623
-0.48011016,-0.74398446,-0.52631025,-0.82435658,0.4387656,-0.97904211,-0.48197194,-0.72554402,-0.04397465,-0.92746581,0.047110571,1.2495292,-1.4426795,0.26517746,1.018787,-1.1211169,0.96740405,0.65331646,1.6507628,-1.7431938
-0.50278058,-0.75574123,-0.52983212,-0.86210003,0.38192756,-0.99555295,-0.48617269,-0.78091144,-0.091729415,-0.87998816,-0.029293681,1.3287906,-1.4431635,0.21965082,1.0177576,-1.1298233,0.93951413,0.58521193,1.7965608,-1.7166907
-0.53412131,-0.7666537,-0.4909973,-0.92861478,0.32510095,-1.0110623,-0.50053861,-0.83787726,-0.12132334,-0.83228163,-0.0585254,1.4203564,-1.3722649,0.15975832,1.0178694,-1.0901084,0.88449011,0.47964385,1.7509064,-1.7932927
-0.56484908,-0.77670974,-0.49292314,-0.9708909,0.26828576,-0.98244667,-0.50226286,-0.89272234,-0.19120426,-0.85218926,-0.13533963,1.4885826,-1.2993743,0.092981485,1.0191291,-1.0939362,0.83024979,0.4104917,1.8249964,-1.7618018
-0.58427468,-0.78589728,-0.49408041,-1.0264543,0.26280189,-0.99555295,-0.55291127,-0.91863924,-0.23724612,-0.75523124,-0.21189968,1.5588197,-1.2064067,0.065851768,1.0215332,-1.0586443,0.8046831,0.35854316,1.8994415,-1.8362825
-0.63328188,-0.75211585,-0.4528221,-1.0796629,0.20132541,-1.0513282,-0.55243231,-0.97245678,-0.29714448,-0.77306331,-0.28817274,1.6309853,-1.1569054,0.024043376,1.0250819,-1.0454005,0.7817548,0.30778079,1.8559697,-1.909977
-0.66151906,-0.75937267,-0.45244223,-1.0822609,0.19776089,-1.0625818,-0.55035307,-1.0291743,-0.34306842,-0.72391066,-0.31768324,1.6472621,-1.0854734,-0.016722294,1.0297686,-1.0045623,0.75821013,0.2375204,1.9313329,-1.8715573
-0.68904075,-0.76574281,-0.45130557,-1.0467399,0.19521318,-1.0727123,-0.56091833,-1.0539837,-0.40735662,-0.74016656,-0.39441548,1.6396841,-1.0094485,-0.038567309,1.0355931,-0.96136603,0.73550494,0.187113,1.8894375,-1.829755
-0.70359229,-0.77122023,-0.40783284,-1.0235266,0.19368226,-1.0372172,-0.55626961,-1.106494,-0.44885533,-0.69050412,-0.47085253,1.6584497,-0.93197497,-0.062609149,1.0733296,-0.91594005,0.71689121,0.11659287,1.9656755,-1.8985682
-0.72926599,-0.73319305,-0.4052356,-1.0084911,0.13657003,-1.0448455,-0.56525431,-1.1301589,-0.51308752,-0.65510526,-0.54698619,1.736751,-0.94523018,-0.098620957,1.0506298,-0.93013392,0.69631682,0.066549115,1.9253652,-1.8985682
-0.74108997,-0.73678212,-0.36041714,-0.97042074,0.0794578,-1.0064514,-0.55803331,-1.1812934,-0.55460392,-0.60490182,-0.54698619,1.7585907,-1.0023468,-0.15316477,1.0598354,-0.95861946,0.67662653,0.017838707,1.8861028,-1.8516144
-0.76480629,-0.71911216,-0.31499795,-0.93994309,-0.034772374,-0.96661739,-0.5885035,-1.2316087,-0.6187742,-0.61780771,-0.62277547,1.7237008,-0.96593282,-0.20727727,1.0701558,-0.96825061,0.63032369,-0.053884902,1.8479059,-1.801794
-0.78767951,-0.69850377,-0.31036003,-0.91304698,-0.033127213,-0.92543309,-0.59500042,-1.2532499,-0.68285603,-0.56723494,-0.69820397,1.7483796,-0.8927789,-0.26093714,1.071968,-1.011405,0.61251597,-0.10214509,1.8108003,-1.7493774
-0.79545886,-0.69938742,-0.26376002,-0.89274656,-0.09020517,-0.88298808,-0.58380407,-1.3087943,-0.7206017,-0.57871031,-0.66456084,1.6579758,-0.81960192,-0.31412542,1.0443711,-1.0170351,0.56829372,-0.17418039,1.7748033,-1.8103445
-0.81622204,-0.67766236,-0.25782054,-0.85863871,-0.087406111,-0.83936555,-0.58866409,-1.3570774,-0.78060913,-0.47688332,-0.73863639,1.5698756,-0.7464052,-0.3668184,1.0186719,-0.99966433,0.55244666,-0.22196438,1.739941,-1.7535052
-0.82103229,-0.67635201,-0.25120083,-0.8233879,-0.14443266,-0.83989031,-0.57491517,-1.376889,-0.84030406,-0.4867461,-0.7019676,1.5116132,-0.66274192,-0.44257212,1.042434,-0.94117888,0.5375646,-0.29432869,1.7062393,-1.8103445
-0.83959428,-0.65400053,-0.20295473,-0.79323314,-0.19738057,-0.81713351,-0.59939557,-1.3871358,-0.8816819,-0.49549048,-0.6633227,1.4236488,-0.62327587,-0.49423186,1.0515409,-0.96016458,0.49661662,-0.36602632,1.786375,-1.7493774
-0.84135797,-0.62846549,-0.15426691,-0.76255688,-0.25431001,-0.77087117,-0.60167766,-1.4411874,-0.94097882,-0.44410101,-0.62277547,1.3385072,-0.67210222,-0.54532047,1.0695902,-0.95673067,0.44963884,-0.50722244,1.7543276,-1.801794
-0.85763673,-0.62462827,-0.10516389,-0.72482155,-0.24898037,-0.7236553,-0.58396466,-1.4482061,-0.97610944,-0.39996297,-0.58041613,1.2549768,-0.73238614,-0.61792706,1.050176,-0.97204496,0.43750952,-0.45528256,1.6938101,-1.7370431
-0.87290833,-0.61994977,-0.096303265,-0.68617022,-0.30578985,-0.67555949,-0.56477253,-1.4639161,-1.0172779,-0.40614282,-0.53631846,1.1731399,-0.80598454,-0.6904199,1.0327384,-0.94646526,0.39970752,-0.52356025,1.6653833,-1.7848323
-0.87022635,-0.61443302,-0.046325669,-0.65373359,-0.29915208,-0.67168136,-0.56445135,-1.5047181,-1.0754664,-0.35442043,-0.49057267,1.0930791,-0.86566924,-0.80867163,1.0172972,-0.97532799,0.36323308,-0.5909375,1.6382037,-1.7166907
-0.89787336,-0.56581718,-0.036375498,-0.62502442,-0.29132614,-0.62189606,-0.52366384,-1.5182931,-1.1331978,-0.35937783,-0.44324434,1.014889,-0.90936932,-0.90325832,1.0038753,-0.98520503,0.31908334,-0.65734504,1.6122886,-1.7597215
-0.90932364,-0.51662334,0.014403059,-0.59522632,-0.33861881,-0.57138442,-0.50116407,-1.5693505,-1.1657104,-0.31132277,-0.39441548,0.93139156,-0.81979288,-0.9724571,0.96337621,-1.0320588,0.28486241,-0.60050469,1.5295025,-1.7996646
-0.919687,-0.50893075,0.025386823,-0.55336768,-0.3948799,-0.52019123,-0.51703449,-1.5673754,-1.2221417,-0.31403295,-0.39441548,0.88089666,-0.77296173,-1.0413478,0.95328268,-1.0527293,0.2421741,-0.66467844,1.5044883,-1.8362825
-0.91057235,-0.45857486,0.076898613,-0.51083757,-0.38427775,-0.46835808,-0.4739029,-1.6167231,-1.2779804,-0.31565594,-0.45931564,0.79829749,-0.81070585,-1.0838814,0.91491804,-1.0944839,0.20008542,-0.72772665,1.4807819,-1.8362825
-0.91843146,-0.40774082,0.088862964,-0.47841445,-0.37248172,-0.41593297,-0.44784477,-1.6501182,-1.3183765,-0.26364745,-0.52334663,0.72522122,-0.80334403,-1.1488903,0.90823835,-1.0207372,0.13280377,-0.66712868,1.4584267,-1.7618018
-0.92517174,-0.3564589,0.14104615,-0.43225145,-0.42821155,-0.3714177,-0.44294249,-1.6579161,-1.3617296,-0.26417804,-0.58642647,0.63424881,-0.83576434,-1.1926728,0.90366354,-0.92133819,0.12877089,-0.72772665,1.4374141,-1.7932927
-0.97421996,-0.3047624,0.19347963,-0.39862187,-0.41495315,-0.31856383,-0.41476848,-1.6874237,-1.4151626,-0.26205567,-0.53277622,0.54332173,-0.82415861,-1.2557716,0.86890351,-0.92049438,0.063567048,-0.78701724,1.4177786,-1.7166907
-1.0092316,-0.25266947,0.24615753,-0.3538207,-0.4555795,-0.27414456,-0.38539708,-1.6923531,-1.4547656,-0.25940271,-0.59365855,0.46176921,-0.77016319,-1.2942078,0.83506765,-0.95467423,0.024652243,-0.72273093,1.3333035,-1.7431938
-1.0714323,-0.24144228,0.29906216,-0.3173283,-0.43963057,-0.22089711,-0.37821834,-1.7176021,-1.4803411,-0.20748265,-0.65344213,0.39487397,-0.67498966,-1.3313855,0.83542613,-0.98624721,-0.038543526,-0.65734504,1.2488891,-1.7659623
-1.1223125,-0.18850201,0.35218176,-0.27171112,-0.49425793,-0.16716969,-0.34688321,-1.7194916,-1.5313713,-0.20385173,-0.59607744,0.30402518,-0.65968657,-1.367248,0.80398128,-0.9531319,-0.075765413,-0.71277413,1.2300245,-1.686633
-1.1843947,-0.13523491,0.40550749,-0.23469317,-0.47677809,-0.122968,-0.29946636,-1.7401452,-1.5813461,-0.19349997,-0.53750741,0.2132382,-0.68185432,-1.3955864,0.77509187,-0.90921193,-0.11218686,-0.76669671,1.1453675,-1.7046021
-1.2352932,-0.094272324,0.4322425,-0.18834509,-0.53090275,-0.068917409,-0.30512933,-1.7388636,-1.6025111,-0.18679473,-0.47779763,0.12251303,-0.62398703,-1.4280553,0.74613997,-0.82944684,-0.17211951,-0.69789087,1.0607798,-1.7187218
-1.2972432,-0.040829706,0.4980538,-0.15085699,-0.51185772,-0.024805316,-0.2567123,-1.7546421,-1.6217952,-0.17907513,-0.41702189,0.031857918,-0.64160469,-1.4590075,0.71821749,-0.79206219,-0.24476438,-0.7490342,0.97626147,-1.7288694
-1.3388994,6.0252032e-05,0.52483004,-0.10385231,-0.61882748,0.029546057,-0.22193149,-1.7901352,-1.6674391,-0.17036196,-0.3552458,-0.066119661,-0.58168623,-1.458017,0.69135074,-0.77977947,-0.3023738,-0.72647122,0.80746725,-1.6473615
-1.3800794,0.053660232,0.5906325,-0.056261281,-0.59773172,0.073568556,-0.14798881,-1.7841497,-1.6900635,-0.14996015,-0.40796129,-0.15633386,-0.51159094,-1.4853765,0.69823763,-0.73234455,-0.37343453,-0.65368267,0.72320006,-1.5658127
-1.4207535,0.094480588,0.61744407,-0.018271955,-0.6504797,0.12819191,-0.13646564,-1.7924728,-1.7024931,-0.13830271,-0.40796129,-0.24644917,-0.46823986,-1.5110464,0.64085348,-0.68426141,-0.42842787,-0.69912898,0.63902815,-1.5658127
-1.4815278,0.14822885,0.68324064,0.029437959,-0.62773306,0.17213441,-0.061443894,-1.8222345,-1.7170247,-0.12568293,-0.34415168,-0.33645322,-0.42380228,-1.5349698,0.61726244,-0.64113216,-0.49765344,-0.74274843,0.55495152,-1.571382
-1.530437,0.18898263,0.72224331,0.067650204,-0.67976129,0.22700735,-0.011150474,-1.8246321,-1.7500297,-0.11212681,-0.39441548,-0.4000107,-0.32681794,-1.5463876,0.55714195,-0.6238704,-0.56605347,-0.66712868,0.53477035,-1.5732411
-1.5268504,0.24286707,0.74904016,0.1058638,-0.78305799,0.27086986,0.064677048,-1.8236045,-1.7852812,-0.097639542,-0.44324434,-0.52084985,-0.26797939,-1.5981895,0.53537952,-0.57334245,-0.65585622,-0.70780438,0.45039057,-1.4913401
-1.492479,0.31053584,0.80275459,0.15367909,-0.75751801,0.32597638,0.1409469,-1.8086138,-1.8168061,-0.065934024,-0.49057267,-0.58273845,-0.28375329,-1.6161812,0.51478792,-0.5262093,-0.72206968,-0.63060886,0.36609739,-1.4895629
-1.4357494,0.35122304,0.86853644,0.19209264,-0.80815813,0.3697589,0.17846341,-1.7924728,-1.848738,-0.048752182,-0.42270424,-0.67153926,-0.2967089,-1.6321846,0.4953869,-0.50537951,-0.76939609,-0.66834947,0.28190816,-1.4842311
-1.4064641,0.40524064,0.89544519,0.24000251,-0.85847836,0.39737935,0.25498965,-1.7841497,-1.8477975,-0.030701625,-0.35413884,-0.76184412,-0.33653711,-1.6657887,0.43793697,-0.45279234,-0.84796757,-0.58974268,0.19783152,-1.4753858
-1.3692353,0.44587034,0.9612182,0.27860114,-0.83054489,0.45286344,0.29467837,-1.7650517,-1.8440415,-0.011803159,-0.28491748,-0.84968481,-0.34481751,-1.6911126,0.42053229,-0.43000111,-0.89054711,-0.62456552,0.11385882,-1.3941401
-1.3370811,0.50000293,0.9881564,0.32659342,-0.87985974,0.49651477,0.34624807,-1.7517279,-1.8337671,0.028480275,-0.21508114,-0.87658877,-0.35018742,-1.6533092,0.4043708,-0.40753121,-0.97193547,-0.65734504,0.09331388,-1.3823217
-1.3203785,0.54057514,1.0539235,0.36536228,-0.89836209,0.55219085,0.42387873,-1.7299354,-1.8581751,-0.019054593,-0.14467902,-0.9007566,-0.38506057,-1.626971,0.3490981,-0.41043425,-1.0527995,-0.57663434,0.0090033848,-1.3014937
-1.2810237,0.5948197,1.0808882,0.41342887,-0.86685268,0.60816131,0.47581188,-1.7119477,-1.875652,0.0026528927,-0.073743933,-0.92211,-0.38555443,-1.5648556,0.2944174,-0.41084777,-1.112721,-0.60650474,-0.075203173,-1.286989
-1.2187957,0.64927307,1.1196936,0.4523531,-0.83429791,0.65162705,0.55396094,-1.6877291,-1.8537617,0.025145864,-0.0023086633,-0.94058304,-0.38308512,-1.4839997,0.24980063,-0.43669291,-1.1725003,-0.63424526,-0.094752052,-1.2693967
-1.1823302,0.68968186,1.1736377,0.50048588,-0.8806252,0.70776389,0.60621809,-1.66546,-1.8362495,0.072420638,-0.0023086633,-0.93208619,-0.34693123,-1.4339182,0.23815476,-0.43209108,-1.2521316,-0.55175099,-0.17930507,-1.2693967
-1.1410682,0.74422904,1.2124107,0.53955603,-0.84635672,0.75116244,0.68482639,-1.6690964,-1.8440415,0.026576384,0.069602185,-1.0029661,-0.27912417,-1.3815547,0.21724414,-0.39980561,-1.3310126,-0.57663434,-0.26375414,-1.1896743
-1.0993801,0.78459244,1.2664049,0.58774825,-0.81113427,0.80745287,0.73737373,-1.6417666,-1.8217208,0.051717117,0.14194761,-1.0132431,-0.24122531,-1.3108676,0.16573062,-0.3911384,-1.3898576,-0.61974296,-0.36699856,-1.1698133
-1.0600868,0.83922738,1.3051455,0.63705372,-0.73800457,0.85078742,0.816399,-1.6129326,-1.8238759,0.077575711,0.21471123,-1.0766935,-0.20218069,-1.2719433,0.11494065,-0.37579617,-1.4484654,-0.63788166,-0.38376711,-1.0906232
-1.0173254,0.87954236,1.3591897,0.67639542,-0.78085873,0.89416676,0.89564966,-1.5835392,-1.8368715,0.032761431,0.28786842,-1.0802125,-0.10393206,-1.198102,0.076793082,-0.39402468,-1.5068139,-0.65368267,-0.46891777,-1.0687065
-0.95152903,0.93425901,1.3978979,0.71582358,-0.74232883,0.9504956,0.94860553,-1.5516682,-1.8340766,0.087386475,0.25193759,-1.0805298,-0.1125845,-1.1370578,0.027983009,-0.37798393,-1.5856113,-0.56831391,-0.48390206,-1.0441198
-0.90807266,0.9745286,1.4519863,0.76415226,-0.70302204,0.99381735,0.9923006,-1.5177479,-1.828195,0.11570556,0.32616894,-1.0607711,-0.11851741,-1.0932374,0.023194419,-0.33240986,-1.6436112,-0.58138763,-0.56936453,-0.96628115
-0.86576244,1.0293239,1.490668,0.80369256,-0.74376834,1.0502838,1.0098051,-1.4859141,-1.7952107,0.072420638,0.29244382,-1.0560117,-0.12171763,-1.0480402,-0.023681801,-0.31189301,-1.7223389,-0.59213232,-0.65476637,-0.93997456
-0.8214698,1.0695511,1.5448006,0.85206042,-0.66159025,1.1069838,1.0543989,-1.4536863,-1.7840813,0.10181132,0.36766732,-1.0481,-0.12217527,-0.96879336,-0.069676603,-0.28912973,-1.779912,-0.60050469,-0.66821759,-0.86269279
-0.7769151,1.1244221,1.5990568,0.89336245,-0.61951297,1.1501423,1.0641894,-1.4162296,-1.7473969,0.16244974,0.33613151,-1.0370607,-0.11989035,-0.92119786,-0.11475052,-0.29072235,-1.8585226,-0.51421817,-0.75393124,-0.8348137
-0.70933225,1.1794565,1.6534309,0.94179651,-0.57681875,1.2069607,1.0829307,-1.3828801,-1.7314119,0.12078261,0.30615362,-1.022935,-0.11486614,-0.87242931,-0.15887396,-0.26338797,-1.9155574,-0.52005373,-0.83960158,-0.75807248
-0.66428992,1.2195476,1.7079227,0.98162322,-0.53354186,1.2500649,1.1019679,-1.3431028,-1.712738,0.1524309,0.27776646,-1.0455699,-0.077191158,-0.83406427,-0.20200745,-0.21786141,-1.9939867,-0.52356025,-0.85130319,-0.68102823
-0.61912682,1.2746455,1.7625235,1.0319879,-0.48971659,1.3069985,1.1484297,-1.3087943,-1.6710477,0.18464621,0.27776646,-1.0348561,-0.0087552482,-0.7827363,-0.2441181,-0.1873334,-2.0503243,-0.52472909,-0.93726802,-0.65255126
-0.55076694,1.3298978,1.7790433,1.0719848,-0.44536008,1.3641369,1.1953169,-1.2669705,-1.6481462,0.14420672,0.43260848,-1.0107501,0.089631661,-0.7622255,-0.28516316,-0.12918882,-2.1284691,-0.52356025,-1.0231895,-0.65255126
-0.50509798,1.3852953,1.8339327,1.1226021,-0.35519039,1.4214736,1.2426154,-1.2318399,-1.6038408,0.21116024,0.43260848,-0.98376372,0.15254292,-0.70876943,-0.32510645,-0.095045297,-2.1897683,-0.43700534,-1.1090678,-0.57601479
-0.43645782,1.4408351,1.8509502,1.1650323,-0.3094172,1.4790024,1.2288636,-1.1964896,-1.618564,0.24541468,0.4069436,-0.99489782,0.14617212,-0.65441757,-0.3639085,-0.059052097,-2.2509337,-0.43359405,-1.194894,-0.54621921
-0.39042656,1.496508,1.8682827,1.2160022,-0.3429088,1.5367103,1.2770835,-1.1523709,-1.5719089,0.20668141,0.48515997,-0.96255043,0.17624164,-0.60864684,-0.40152656,-0.058929158,-2.3292096,-0.34713437,-1.2806683,-0.47017415
-0.32145371,1.5523141,1.8859245,1.2589295,-0.29613595,1.5656299,1.2645488,-1.1163556,-1.5416075,0.2418722,0.56353214,-0.92754931,0.20747009,-0.5831997,-0.48361996,-0.082133903,-2.3903415,-0.33385287,-1.2914085,-0.43916644
-0.25312801,1.5687887,1.9038725,1.2994169,-0.24898037,1.6102251,1.2803037,-1.0706984,-1.5093159,0.24009835,0.54044195,-0.84732777,0.20705196,-0.5258903,-0.51891608,-0.041147701,-2.4686452,-0.24771354,-1.3854977,-0.36359641
-0.20679368,1.6249247,1.9221238,1.3507853,-0.20144778,1.6262656,1.3023217,-1.0341122,-1.5002709,0.27666244,0.61940449,-0.80848205,0.24108225,-0.49831269,-0.59888488,0.0014925896,-2.5468179,-0.2380338,-1.4718697,-0.28770696
-0.1375474,1.6419591,1.9406725,1.4022727,-0.10535436,1.6133673,1.319398,-0.9870907,-1.4648042,0.31365828,0.69849822,-0.72635676,0.24481583,-0.46959045,-0.63163213,0.060805092,-2.6080781,-0.22624148,-1.5582156,-0.25636346
-0.068175788,1.6984067,1.9595157,1.4459444,-0.056822106,1.6300925,1.3373167,-0.93917297,-1.413491,0.35108067,0.67783513,-0.68486968,0.28153272,-0.4397544,-0.70919347,0.10705532,-2.6637129,-0.2123539,-1.5634038,-0.18092446
-0.021433578,1.7159768,1.9417827,1.4977114,-0.0079813797,1.6472177,1.3604926,-0.90177613,-1.3754682,0.31539051,0.75742904,-0.6414706,0.31926696,-0.38616325,-0.78547874,0.15474729,-2.741272,-0.19639705,-1.5651361,-0.10517425
0.046816929,1.7623321,1.961362,1.5417966,0.041139252,1.7064104,1.3477439,-0.86427083,-1.3229167,0.39229004,0.73869286,-0.557252,0.32861081,-0.35406639,-0.88502945,0.20382232,-2.7824068,-0.17840554,-1.6517505,-0.073527709
0.095161038,1.7907995,1.9447421,1.5596584,0.09053979,1.7241563,1.3680714,-0.81495164,-1.2826503,0.43130942,0.72151462,-0.51082834,0.34036469,-0.32095524,-0.91144234,0.25958915,-2.8110972,-0.15839669,-1.6499489,0.0018048129
0.16498382,1.7993183,1.9288083,1.5855629,0.19011203,1.7422798,1.3612167,-0.77708099,-1.2680126,0.39735148,0.7059107,-0.46246795,0.35450227,-0.29248895,-0.95910789,0.34352019,-2.8247884,-0.074343966,-1.6445442,0.077432178
0.23315686,1.7800565,1.9135635,1.5555864,0.24026089,1.8020324,1.3860605,-0.72679135,-1.1868224,0.43714074,0.7059107,-0.37616016,0.37099722,-0.28530839,-1.0525249,0.37232705,-2.7691173,-0.052863247,-1.7308468,0.15333801
0.30133672,1.799518,1.8990166,1.5068754,0.29063824,1.7796628,1.4083574,-0.68860387,-1.1433543,0.51772841,0.69189751,-0.32522847,0.38982977,-0.27188335,-1.121351,0.38615769,-2.7351223,-0.029486407,-1.7214925,0.15333801
0.37120052,1.8192942,1.8633916,1.4694549,0.34122695,1.7989062,1.4314319,-0.63744367,-1.1263845,0.55850603,0.67949146,-0.27259081,0.37153388,-0.23866556,-1.1661388,0.41698186,-2.6691012,-0.0042394197,-1.8073447,0.18456685
0.43936216,1.801718,1.8278666,1.4207438,0.39202702,1.8185177,1.4271636,-0.59898218,-1.0710411,0.59959055,0.7606761,-0.25888541,0.39435682,-0.2271032,-1.2564083,0.41002184,-2.6080781,0.022843082,-1.7937376,0.26008774
0.50753064,1.7848803,1.7924447,1.3833395,0.41833246,1.8384875,1.4220923,-0.56046075,-1.0251319,0.64096638,0.75010676,-0.16251077,0.41082543,-0.24059697,-1.3243102,0.44255877,-2.5385011,0.051709151,-1.8788882,0.33587072
0.57742862,1.8059184,1.7571317,1.3346298,0.51975552,1.8992,1.4195989,-0.49665036,-0.97822624,0.68262832,0.83152919,-0.11387842,0.40578476,-0.1993123,-1.3871934,0.4616255,-2.4586774,0.082324153,-1.8607512,0.36736984
0.64558114,1.8272591,1.7219248,1.2859202,0.57075552,1.9196977,1.4171928,-0.45807471,-0.92192173,0.75540796,0.82273918,-0.055949805,0.43474803,-0.15953011,-1.4537568,0.45792336,-2.3972024,0.1146448,-1.9448971,0.44278426
0.71553381,1.8488964,1.6644618,1.2485334,0.62193831,1.9005119,1.4163898,-0.40581275,-0.87375422,0.79724676,0.8155317,0.0033468833,0.4240576,-0.13999804,-1.5129465,0.49318451,-2.3090256,0.1486278,-1.9219356,0.51846896
0.78367039,1.8708273,1.6293049,1.2072003,0.67329819,1.9218736,1.4167476,-0.34203661,-0.82474647,0.83935085,0.80992314,0.035236881,0.44566894,-0.097616152,-1.5778457,0.49140469,-2.2474168,0.22142501,-1.9766846,0.55020559
0.8518138,1.8566132,1.5942599,1.1584906,0.72482373,1.904006,1.4186184,-0.3032583,-0.80356079,0.86996397,0.80590532,0.070880825,0.54976488,-0.077418163,-1.6421694,0.51564045,-2.175115,0.14379658,-2.0576951,0.62552992
0.92179381,1.8431497,1.5367026,1.109781,0.74966681,1.9262221,1.4207568,-0.26443432,-0.7176653,0.94271761,0.80349462,0.11016746,0.56997036,-0.031573966,-1.7058517,0.51616015,-2.0941338,0.18327747,-2.0243918,0.65809375
0.98992127,1.8304427,1.5017136,1.0723901,0.85252937,1.9487645,1.4252956,-0.21142169,-0.69566002,0.98462923,0.80269106,0.13832823,0.61161598,0.014682581,-1.7688368,0.55479654,-2.0188115,0.22426486,-2.103159,0.7330659
1.0599491,1.8184953,1.4668424,1.0310638,0.90419772,1.9327368,1.4314319,-0.17242074,-0.64431731,1.0155024,0.80349462,0.18344564,0.59185826,0.038378427,-1.8189624,0.58272326,-1.9418716,0.1486278,-2.0644337,0.76640779
1.1280606,1.7830736,1.4091909,0.98235278,0.95601459,1.9175219,1.4364047,-0.13337983,-0.592326,1.0573256,0.80349462,0.17759014,0.60465913,0.063188089,-1.9083143,0.62291874,-1.89119,0.19189227,-2.1404638,0.76640779
1.1981318,1.7477761,1.3743785,0.94895692,1.0079743,1.9031325,1.4140711,-0.069695028,-0.56874638,1.1300533,0.80590532,0.22869078,0.61868477,0.11298278,-1.96805,0.66370377,-1.808343,0.23657667,-2.2153593,0.84105235
1.2662296,1.7126117,1.3166946,0.98732453,1.060071,1.8895751,1.4204892,-0.0060016634,-0.5156436,1.1611554,0.80992314,0.28294787,0.62599391,0.14036133,-1.9969592,0.70505599,-1.7593376,0.28262904,-2.1690293,0.87511496
1.3343366,1.653038,1.281947,1.040325,1.1646645,1.8517537,1.4314319,0.043460238,-0.4574493,1.2028069,0.8155317,0.34023366,0.64295966,0.1689864,-2.0841075,0.7370397,-1.6760165,0.21002231,-2.2403216,0.94943191
1.404426,1.6179493,1.2707277,1.086357,1.2171497,1.8204087,1.4117524,0.10719356,-0.40367139,1.2340182,0.89728211,0.34418952,0.62889122,0.22242351,-2.1401762,0.77977499,-1.6242891,0.25826518,-2.3099163,1.0240191
1.472517,1.5829967,1.2603476,1.1442022,1.2697548,1.7765206,1.4206667,0.1569466,-0.34532378,1.2656561,0.9043502,0.38561067,0.6481024,0.25342314,-2.1829643,0.8494032,-1.569742,0.30778079,-2.2555051,1.0581964
1.5426451,1.5481864,1.2264157,1.1722305,1.3224743,1.7451052,1.3698746,0.20694511,-0.25775962,1.3386438,0.91297623,0.39322982,0.6684725,0.30608769,-2.2369116,0.90222508,-1.5146649,0.2375204,-2.1981317,1.1324724
1.5901461,1.5388566,1.1926311,1.2122639,1.3753022,1.6762237,1.3799524,0.27072696,-0.19935305,1.3707811,0.92314378,0.45994786,0.6849016,0.35917643,-2.3204061,0.97279488,-1.4588935,0.2891659,-2.1381079,1.1673049
1.6581984,1.530356,1.134479,1.2041402,1.4282387,1.6447923,1.36311,0.32097378,-0.13685439,1.4033137,0.93485287,0.47187313,0.70807025,0.37288822,-2.3709855,1.0525069,-1.3752321,0.22047262,-2.0757282,1.2033413
1.7284222,1.5226907,1.1007915,1.1781804,1.3868298,1.6074285,1.34711,0.39674648,-0.074220121,1.4438729,0.94807889,0.48577633,0.69966145,0.38873521,-2.419345,1.159028,-1.317843,0.27421338,-2.0156178,1.276741
1.7557206,1.5158666,1.0672601,1.1352288,1.3670993,1.5445178,1.3256836,0.4475185,-0.015901996,1.5094739,0.86730423,0.50164098,0.72164154,0.4299156,-2.4586865,1.2026266,-1.2607412,0.38505423,-1.953316,1.3133671
1.8060266,1.4826602,1.0590591,1.0924231,1.3480314,1.5072372,1.338407,0.52403617,0.071612044,1.5496637,0.78657876,0.51943822,0.74853718,0.46781853,-2.5357907,1.2292094,-1.2033326,0.31984151,-1.8308952,1.3864801
1.8340382,1.4496232,1.0260754,1.0559725,1.3296319,1.444288,1.2903168,0.56230642,0.10509168,1.5901032,0.7059107,0.53915159,0.74363809,0.48917062,-2.6059751,1.2214195,-1.117836,0.37775546,-1.7706375,1.4598716
1.8460035,1.3866148,0.99326547,1.0075547,1.3119064,1.4070906,1.2769933,0.63909524,0.16787336,1.630782,0.7059107,0.56075223,0.77259478,0.51253469,-2.6466353,1.1785362,-1.0599086,0.43667376,-1.7084657,1.4598716
1.8560387,1.3539197,0.96063515,0.97116093,1.3663567,1.3441063,1.2298864,0.67727701,0.20168024,1.5987019,0.72151462,0.55679637,0.80148233,0.55416298,-2.6836088,1.1462116,-0.97399096,0.49653579,-1.6445442,1.4964977
1.8669763,1.2935956,0.90211201,0.92893886,1.3333906,1.2811507,1.1755669,0.75431986,0.26471547,1.6085023,0.73869286,0.58145869,0.83295113,0.58082347,-2.6820203,1.1045632,-0.91563409,0.43487288,-1.5860275,1.5696107
1.8034814,1.2890926,0.86961715,0.88053722,1.3179501,1.2439725,1.1290291,0.80588252,0.30410917,1.6502266,0.75742904,0.54966759,0.83247044,0.63191919,-2.6138848,1.0742224,-0.82937336,0.37410175,-1.5222533,1.6430022
1.7626386,1.2854853,0.83731075,0.84417857,1.3032065,1.1809754,1.0749237,0.86969006,0.3385735,1.6195043,0.77769855,0.5779149,0.89843705,0.66220077,-2.5450916,1.0706851,-0.74624466,0.43667376,-1.456972,1.6796283
1.6995948,1.2827799,0.7787081,0.79580531,1.2891712,1.1701217,1.0129437,0.90770342,0.37908751,1.6617332,0.7994768,0.54966759,0.99720587,0.69430711,-2.5033624,1.0310484,-0.659917,0.5000856,-1.399945,1.7527495
1.6324472,1.2515133,0.72011723,0.74744285,1.2758557,1.1602728,0.97808681,0.97151381,0.41403534,1.6020727,0.82273918,0.58145869,1.0301299,0.6974803,-2.4328886,1.0291261,-0.6011362,0.56430265,-1.3348629,1.7898998
1.5429732,1.1910196,0.68791978,0.70517755,1.251401,1.0969749,0.91619415,1.0095786,0.47791375,1.6450716,0.74440801,0.55679637,1.0318551,0.73285937,-2.3620859,1.0030351,-0.51812185,0.62929892,-1.2776108,1.8280656
1.4759099,1.1599557,0.62929358,0.66888105,1.1954598,1.0606798,0.88148941,1.047689,0.51309744,1.6161439,0.76959731,0.56075223,1.0356513,0.76995419,-2.2910036,0.96554986,-0.40737098,0.69503979,-1.2127106,1.8672389
1.408883,1.09945,0.59725809,0.62054021,1.1841836,0.9973371,0.81969536,1.1115079,0.577138,1.659616,0.79625434,0.53915159,1.0415118,0.81868009,-2.2196812,0.97947271,-0.32427018,0.76148197,-1.1552679,1.9073949
1.3195777,1.0389412,0.53859655,0.57221018,1.1736557,0.93401676,0.77797529,1.1496611,0.64124342,1.6313906,0.71905472,0.57732564,1.04943,0.85948842,-2.1233174,1.006075,-0.24411734,0.82859947,-1.0905323,1.948501
1.2526465,0.97843541,0.47994679,0.5360069,1.1174518,0.89778251,0.74368189,1.2134829,0.67673667,1.7194118,0.74766327,0.55936768,1.0593928,0.90187978,-2.0199286,1.0930293,-0.16087429,0.89636633,-1.0245754,1.990549
1.1634756,0.91792966,0.42130291,0.48771469,1.1075465,0.83442057,0.68215831,1.251679,0.7627884,1.6921643,0.74766327,0.54332173,1.0713903,0.94580916,-1.9485273,1.1290616,-0.080188754,0.95034952,-0.96832796,1.990549
1.0966516,0.88705035,0.38935577,0.45158572,1.0419743,0.77107783,0.64804804,1.3155008,0.79829049,1.6653589,0.67120162,0.52920837,1.0854061,0.95900433,-1.8522556,1.1656862,-0.026919007,1.0053024,-0.90256162,2.033506
1.007631,0.82653552,0.33067656,0.4092272,0.98555323,0.73491398,0.60763243,1.3410324,0.88433339,1.7101472,0.70179448,0.51704411,1.1014236,0.9733536,-1.7557438,1.2653675,0.056502532,1.1179874,-0.7881526,2.0773558
0.96821017,0.76602068,0.27200618,0.36096472,0.92915505,0.67152644,0.54643285,1.4048542,0.94175232,1.7292485,0.6261282,0.50684953,1.0808527,0.96851679,-1.6912886,1.3031293,0.13798293,1.1832867,-0.72384138,2.1220738
0.87944031,0.70550584,0.21334464,0.31271574,0.872774,0.63550338,0.53444481,1.4309709,1.0279574,1.7038633,0.5507161,0.46338864,1.1002878,1.0179821,-1.6003547,1.3786558,0.2214742,1.2401964,-0.6657664,2.0539321
0.84044099,0.644991,0.18149761,0.27667729,0.8164158,0.57207105,0.47354951,1.4816573,1.0854795,1.7494579,0.47557459,0.456709,1.1216785,1.0032916,-1.5407736,1.4797955,0.30333111,1.3054004,-0.60636622,1.9861673
0.85720056,0.58447616,0.12279779,0.22847696,0.76008045,0.50865791,0.46267434,1.5454791,1.1494876,1.7247801,0.40072007,0.45204439,1.1050486,1.0223568,-1.4803538,1.555959,0.38687537,1.3712365,-0.54571879,2.0328836
0.92910376,0.52396133,0.064106798,0.18606574,0.64748401,0.47696095,0.42491272,1.609298,1.2006357,1.7467893,0.32616894,0.3938438,1.0980193,1.0754787,-1.4191677,1.632374,0.41812602,1.4376874,-0.48390206,1.9661097
0.97898597,0.46344951,0.0054275871,0.15009484,0.59122292,0.40926011,0.392414,1.6477481,1.2582669,1.7232924,0.25193759,0.39363777,1.1156896,1.1436585,-1.3211299,1.6947936,0.45258402,1.5047356,-0.42322865,2.0142429
1.0450923,0.40293468,-0.026304594,0.10193503,0.53499611,0.37753755,0.33225123,1.6994763,1.3099133,1.7698753,0.2175155,0.50504466,1.1122951,1.2045842,-1.2590624,1.7414657,0.48881023,1.572338,-0.36142925,1.948501
1.1169955,0.34242286,-0.085025031,0.053795496,0.47879214,0.31410842,0.2721927,1.738052,1.367686,1.7470858,0.14290697,0.61711087,1.1321681,1.2658939,-1.19637,1.7404459,0.49910998,1.6404944,-0.30073851,1.9980429
1.1668708,0.28191105,-0.14373663,0.011341049,0.42262245,0.27822934,0.26402224,1.776659,1.4313639,1.7247801,0.10933764,0.67544744,1.1216785,1.289893,-1.1331054,1.7027092,0.5621663,1.5878706,-0.23895643,1.9333575
1.2387877,0.22139924,-0.1752833,-0.024515017,0.3563076,0.21474901,0.20441731,1.828861,1.4891249,1.6816408,0.034327331,0.73492132,1.123486,1.2816058,-1.0693079,1.7031031,0.62147979,1.6572219,-0.17613498,1.8691553
1.3048872,0.16088743,-0.23403613,-0.072605919,0.30002366,0.15129108,0.19754848,1.8675851,1.5528175,1.6608229,0.034327331,0.75728017,1.1464571,1.3225136,-0.97076034,1.641832,0.68534492,1.6061738,-0.11233478,1.805461
1.3767904,0.099900505,-0.29278012,-0.1083485,0.24377971,0.1155144,0.13844505,1.909232,1.6047322,1.6405147,0.0016763621,0.76539792,1.1395991,1.3678294,-0.90641037,1.6438353,0.74497357,1.5560521,-0.047599151,1.805461
1.4266726,0.039379614,-0.32412066,-0.15636915,0.23422292,0.052002075,0.10487572,1.8986255,1.6625786,1.6207267,-0.073743933,0.88107797,1.1338571,1.4317695,-0.84161641,1.5842406,0.78214247,1.5068828,0.018019948,1.8576319
1.4985917,0.0091176561,-0.38290293,-0.20436143,0.17783616,0.016420581,0.074394263,1.8637433,1.7493969,1.5827217,-0.10542734,0.99716185,1.1292379,1.516647,-0.74352267,1.549678,0.83215746,1.5787017,0.084470546,1.9105645
1.5485058,-0.051569675,-0.41396666,-0.23992702,0.12147796,-0.047146142,0.042188556,1.8930653,1.7728851,1.5645255,-0.18126582,1.0222156,1.1257413,1.5834476,-0.67792951,1.5156881,0.87807821,1.6509534,0.21972765,1.8486555
1.5984404,-0.11209359,-0.47278428,-0.2824882,0.11259523,-0.082516451,0.012380457,1.8835862,1.8256341,1.5468755,-0.21189968,1.1260322,1.1233708,1.6712471,-0.5792635,1.4822794,0.92498627,1.796695,0.16715269,1.7872953
1.6544523,-0.17261751,-0.531596,-0.33041022,-0.00037250872,-0.14614077,-0.045336814,1.8896573,1.8447502,1.5297717,-0.28817274,1.2043541,1.1221296,1.7443703,-0.51331514,1.4643639,0.94518136,1.7510582,0.23678204,1.8422263
1.6732102,-0.23314142,-0.56239176,-0.36585423,-0.0085297668,-0.1812839,-0.10283996,1.881006,1.8354987,1.4638481,-0.36415061,1.322078,1.1220176,1.8110618,-0.41465571,1.4172614,0.99391621,1.8251195,0.30706965,1.7820946
1.6995948,-0.29366534,-0.62123588,-0.41368033,-0.065127885,-0.24496261,-0.13194935,1.88841,1.8228834,1.4476859,-0.43980869,1.413104,1.1230317,1.8381584,-0.315993,1.3623748,1.0157931,1.8995358,0.37798956,1.8383688
1.6916833,-0.35418926,-0.68007705,-0.44896357,-0.12171458,-0.30862213,-0.18897072,1.85697,1.8153154,1.4320958,-0.51511419,1.5041671,1.1251783,1.8327101,-0.21733357,1.3316093,1.0686947,1.8560809,0.44948978,1.7794983
1.626689,-0.41471317,-0.71056362,-0.48911993,-0.17827271,-0.34358926,-0.2175617,1.8496031,1.8377276,1.3824073,-0.59004251,1.621961,1.1284477,1.8615106,-0.15110237,1.2786253,1.1218417,1.9314149,0.52156165,1.8370829
1.5401773,-0.44477843,-0.76943423,-0.53178243,-0.2424797,-0.37821403,-0.24573289,1.8425588,1.831557,1.367223,-0.66456084,1.6885925,1.0877964,1.8576928,-0.085785473,1.2493714,1.2030432,1.8895357,0.47453867,1.7794983
1.5043408,-0.50529629,-0.79953505,-0.57158483,-0.24898037,-0.44199833,-0.30164421,1.8126772,1.7966947,1.3026416,-0.69820397,1.7050052,1.0931367,1.8038102,0.012877243,1.1817214,1.2253747,1.9657442,0.54794441,1.7225772
1.418237,-0.53494393,-0.85842333,-0.61901778,-0.30578985,-0.47632552,-0.35797814,1.846335,1.7918537,1.2526982,-0.69820397,1.6831079,1.0717327,1.7682747,0.07850987,1.1315679,1.1947264,1.9254495,0.50299151,1.7225772
1.3537873,-0.59544364,-0.88810011,-0.65368495,-0.3625879,-0.54016422,-0.413557,1.817658,1.7858866,1.2383618,-0.77323888,1.7023515,1.061681,1.7335378,0.17717588,1.0873433,1.1918342,1.8862023,0.5776445,1.7820946
1.2680343,-0.62462827,-0.94699428,-0.68821026,-0.36814603,-0.57416183,-0.46987684,1.8122548,1.7814702,1.1882936,-0.84783921,1.6736963,1.024602,1.8001535,0.24309135,1.0390059,1.1904314,1.8480202,0.65273922,1.7265166
1.2038626,-0.68509772,-0.97619696,-0.72258696,-0.42505262,-0.60774986,-0.52508662,1.7847338,1.7508798,1.1242167,-0.88126094,1.7452808,1.0341565,1.8675844,0.30926992,0.97409413,1.2186699,1.8109289,0.61060996,1.6716593
1.1398185,-0.74556414,-1.0048902,-0.76962812,-0.48647197,-0.63971561,-0.58137547,1.780147,1.7485242,1.1107907,-0.91241138,1.7689336,0.99894426,1.9022928,0.37570175,0.92800875,1.2475973,1.7749459,0.68683932,1.6175392
1.0546353,-0.8060245,-1.0330534,-0.8078174,-0.48971659,-0.70487262,-0.66580452,1.7939817,1.7478284,1.0604728,-0.98853684,1.7940245,1.0106356,1.9216543,0.44237365,0.86477058,1.2225912,1.7400971,0.76344979,1.5641807
0.99091477,-0.83460087,-1.0918651,-0.85452621,-0.54677741,-0.73760632,-0.72328795,1.7500457,1.7183466,1.0101965,-1.0182523,1.8205287,0.97733951,1.8911642,0.50927249,0.80228122,1.1991944,1.7064085,0.72404889,1.5116166
0.92734235,-0.86264765,-1.1193981,-0.88815714,-0.54877103,-0.76960086,-0.75231281,1.765162,1.6895693,0.99708256,-1.0949682,1.8484258,0.94497847,1.8615106,0.60786615,0.79918539,1.1752314,1.7865131,0.8796344,1.4487576
0.85540497,-0.92297487,-1.1781333,-0.93458494,-0.60587755,-0.80185139,-0.83680947,1.7219881,1.6909815,0.89632195,-1.1713068,1.883295,0.95984367,1.8327101,0.63873874,0.7781237,1.1823544,1.7236208,0.84287523,1.3864801
0.77092355,-0.95037102,-1.2049567,-0.96783354,-0.66368098,-0.83358676,-0.8655216,1.7194078,1.6636429,0.88353571,-1.2472191,1.8674015,0.92947783,1.7713886,0.67063088,0.75792816,1.1633363,1.6939841,0.921755,1.3248005
0.72011393,-0.97716798,-1.2311086,-1.0008484,-0.72080463,-0.86478136,-0.92205275,1.6960169,1.635526,0.83304616,-1.2773938,1.854203,0.90009313,1.6960923,0.70351626,0.73861276,1.1423715,1.6655683,0.88695332,1.2637433
0.65692433,-1.0372561,-1.2895817,-1.0467399,-0.77792829,-0.8954064,-0.97820918,1.6733796,1.6406117,0.82078011,-1.353962,1.8879761,0.8717126,1.6369795,0.76965537,0.70108841,1.1262065,1.6383992,0.96669058,1.2033413
0.57295333,-1.0632723,-1.3148561,-1.0792832,-0.77719711,-0.9593155,-1.0057915,1.6721608,1.615496,0.71958775,-1.353962,1.8793639,0.89085135,1.5745607,0.86795631,0.68388533,1.0752711,1.6124942,0.93382906,1.1436191
0.51019668,-1.1231638,-1.3393473,-1.1143287,-0.83429791,-0.98927179,-1.0611112,1.6712931,1.6205109,0.66905659,-1.382382,1.8734631,0.81802666,1.5080778,0.90084498,0.66760708,1.0890264,1.5297402,1.0143632,1.1436191
0.42683636,-1.1483024,-1.3683674,-1.1460817,-0.83204724,-1.0185785,-1.0878342,1.6908221,1.6293643,0.61856705,-1.4078009,1.8702819,0.83931535,1.4416066,0.93408227,0.63424031,1.1097988,1.5047356,1.0951051,1.0875989
0.36456734,-1.2023987,-1.4207685,-1.1908086,-0.88524079,-1.0472005,-1.1722069,1.6707708,1.6033849,0.56812432,-1.4300957,1.8698286,0.76857146,1.3563594,1.0012311,0.58088197,1.0939601,1.4810384,1.1760377,1.0323976
0.31364606,-1.2320826,-1.4432513,-1.2219023,-0.94217022,-1.1107896,-1.1983834,1.6712931,1.5813265,0.55569701,-1.4491599,1.8298415,0.74547525,1.3043608,1.0680049,0.5678616,1.0517962,1.4586919,1.1461384,0.97186459
0.23096022,-1.284917,-1.5005436,-1.2526069,-0.93664637,-1.1385253,-1.2521084,1.6318098,1.589263,0.45457747,-1.5292047,1.7897225,0.72348857,1.2279767,1.1021105,0.53899607,1.0377396,1.4376874,1.2277552,0.91204411
0.16923125,-1.3143982,-1.5216571,-1.2978701,-0.92955732,-1.1654738,-1.2772171,1.6136166,1.5687672,0.40408793,-1.6090692,1.7947909,0.70263119,1.1570077,1.1381005,0.48930635,0.96352456,1.4180595,1.3095365,0.85296075
0.09776555,-1.3657709,-1.5783369,-1.327471,-0.98612688,-1.1915935,-1.3297025,1.575058,1.510511,0.3536452,-1.6887288,1.8026161,0.63643412,1.0905887,1.2077489,0.44085719,0.89568512,1.3336171,1.2819238,0.7962607
0.036385211,-1.3867182,-1.5978544,-1.3565706,-1.0426564,-1.2544947,-1.3491284,1.5179552,1.4909645,0.3032597,-1.7681505,1.7683196,0.61792752,1.0241886,1.2756607,0.43245542,0.86191322,1.2492354,1.3643201,0.74041242
-0.045006345,-1.4157122,-1.6258291,-1.3986238,-1.0228117,-1.279437,-1.4046594,1.48039,1.4379708,0.20264475,-1.7453555,1.64521,0.60060947,0.9388964,1.3136405,0.37146089,0.79467899,1.2303781,1.3384831,0.68544048
-0.10569169,-1.4640647,-1.6713779,-1.4266115,-1.0787243,-1.3034193,-1.4215413,1.4160002,1.3799475,0.1524309,-1.7188214,1.6534101,0.53821183,0.8679866,1.3524031,0.32733136,0.7551004,1.1457539,1.421425,0.63139403
-0.16605119,-1.4823551,-1.6988285,-1.4539656,-1.1345684,-1.3263904,-1.47024,1.373477,1.3406953,0.10227428,-1.7955127,1.5761143,0.5234026,0.80154628,1.4211437,0.28464636,0.68880885,1.061199,1.3973376,0.57830581
-0.21497408,-1.538842,-1.7416328,-1.4936964,-1.1215385,-1.3483025,-1.5249652,1.3103203,1.3067558,0.052190489,-1.7639851,1.5046533,0.46376728,0.72656038,1.4609851,0.2326627,0.60696588,0.89231435,1.4807819,0.5262086
-0.27439249,-1.555247,-1.7683943,-1.5192374,-1.1068749,-1.4094374,-1.545073,1.2686534,1.2684116,0.038462702,-1.7639851,1.4229895,0.40565306,0.65606056,1.5015631,0.19221576,0.59188859,0.80798456,1.4374141,0.47515153
-0.35298813,-1.6105508,-1.8078858,-1.5439503,-1.2165866,-1.4296728,-1.5913404,1.2273434,1.259912,-0.061996193,-1.8385526,1.3940994,0.34912248,0.57091051,1.5428548,0.12848863,0.58458143,0.72375001,1.5216553,0.47515153
-0.41143355,-1.624792,-1.8190786,-1.5659557,-1.1993409,-1.4486794,-1.6004406,1.1660733,1.1974989,-0.11212681,-1.912333,1.2719664,0.2942414,0.51908251,1.5848471,0.091006186,0.57186363,0.63961071,1.5023316,0.42517555
-0.45715264,-1.6376019,-1.8442853,-1.5883826,-1.180473,-1.4664094,-1.6534274,1.125708,1.1607733,-0.16217939,-1.8738684,1.1972995,0.28645487,0.43396563,1.6275234,0.029849598,0.53334486,0.55556664,1.5869539,0.37632161
-0.51438125,-1.6903485,-1.8772013,-1.6097585,-1.2339978,-1.4958409,-1.658896,1.0651115,1.1022458,-0.21215915,-1.8320175,1.0754631,0.23485302,0.36377388,1.6766032,-0.018725295,0.48787313,0.53539329,1.5692846,0.32863886
-0.57107894,-1.7005256,-1.8832291,-1.6396849,-1.2129421,-1.540673,-1.7106263,1.0046121,1.0694561,-0.31186377,-1.9009109,0.98728044,0.17300521,0.29375514,1.6886503,-0.052050159,0.45142659,0.45104619,1.5529837,0.28216006
-0.64578262,-1.7511478,-1.9062243,-1.6580979,-1.2655872,-1.5693749,-1.7498614,0.9642468,1.0075176,-0.36158343,-1.8539023,0.93993375,0.12413935,0.2239165,1.7336946,-0.099152579,0.40727684,0.36678567,1.6382037,0.23695072
-0.7010926,-1.758326,-1.9509279,-1.6705584,-1.2939491,-1.5672727,-1.7489373,0.92388151,0.94570289,-0.41120426,-1.8040239,0.88677688,0.077239052,0.15426744,1.7614757,-0.14571015,0.33737355,0.28262904,1.6235052,0.19303541
-0.74183053,-1.7637459,-1.9520204,-1.6857114,-1.2684034,-1.5948963,-1.7594716,0.8641242,0.8870752,-0.46072104,-1.7515462,0.82984135,0.032373463,0.069401761,1.7842872,-0.20133449,0.25864588,0.19858497,1.6101839,0.15048785
-0.79545886,-1.81008,-1.9703159,-1.6993675,-1.3189122,-1.6320169,-1.7925676,0.82482926,0.79915137,-0.5594165,-1.8125843,0.78422946,-0.010378403,-0.0022308352,1.7685961,-0.24634694,0.21608308,0.1146448,1.5982311,0.1093408
-0.86576244,-1.8119774,-1.9890531,-1.7050499,-1.2910872,-1.6585015,-1.8232942,0.766736,0.77321025,-0.60858476,-1.7556788,0.77237424,-0.067718912,-0.071119178,1.7943314,-0.31724086,0.22080205,0.094107812,1.5876555,0.069651585
-0.91751771,-1.8119774,-1.9833256,-1.7149489,-1.3403221,-1.6657905,-1.8292022,0.72859705,0.71829434,-0.65761257,-1.8125843,0.76388975,-0.1244602,-0.13976343,1.821708,-0.36107981,0.19104072,0.0098299748,1.578483,0.031469348
-0.93618452,-1.8527766,-1.9907787,-1.7155149,-1.3890429,-1.671291,-1.8554914,0.71255311,0.69701726,-0.70649993,-1.7515462,0.64046281,-0.16264221,-0.20815411,1.7683001,-0.40421744,0.1882071,-0.074343966,1.570705,-0.0051567704
-0.97024597,-1.8488122,-2.0053255,-1.721427,-1.3256927,-1.6749707,-1.897975,0.67562152,0.67217877,-0.72391066,-1.7515462,0.55818093,-0.21749366,-0.29347005,1.7981663,-0.46574005,0.16136026,-0.093885272,1.5643302,-0.0051567704
-0.98653385,-1.8851145,-1.9925102,-1.7167619,-1.3719743,-1.676817,-1.8796253,0.63920656,0.65244064,-0.82206512,-1.8040239,0.43742007,-0.25196513,-0.36114505,1.7461167,-0.50795564,0.16101722,-0.2628219,1.5593672,0.068676963
-1.0339688,-1.8769226,-1.9884789,-1.6994783,-1.3373859,-1.7220586,-1.918759,0.62568296,0.62843943,-0.87091086,-1.7391975,0.35520824,-0.30473578,-0.42850723,1.7364803,-0.57642711,0.12415511,-0.28125498,1.553694,0.034417783
-1.0632519,-1.8667818,-1.9983083,-1.6896524,-1.3819938,-1.7201323,-1.8951858,0.5905724,0.57577004,-0.91959015,-1.7870424,0.23190492,-0.35670967,-0.49553526,1.685641,-0.61714508,0.12588707,-0.36602632,1.5529837,0.0018048129
-1.1079501,-1.8954641,-1.9861849,-1.687461,-1.345229,-1.716299,-1.908143,0.57890694,0.55243218,-0.96808216,-1.7188214,0.1086222,-0.40785388,-0.56220782,1.6353312,-0.68426141,0.10458196,-0.38278838,1.553694,-0.029129187
-1.1334939,-1.8928646,-1.9925102,-1.6728132,-1.3491648,-1.7105682,-1.9018207,0.54516929,0.5005529,-1.0353062,-1.7619024,-0.014639916,-0.45812559,-0.62958895,1.585564,-0.72330853,0.085014397,-0.46790606,1.5558247,-0.058326887
-1.1432193,-1.9038315,-1.9686345,-1.6668107,-1.3900482,-1.7029783,-1.947936,0.49569597,0.48434375,-1.0839178,-1.801892,-0.13787319,-0.50748532,-0.64566345,1.5123572,-0.7613917,0.090734619,-0.48288455,1.4692535,-0.085739145
-1.1648552,-1.8851145,-1.9433011,-1.6476924,-1.3491648,-1.7375711,-1.9377623,0.46349679,0.46231194,-1.1323214,-1.8385526,-0.22315905,-0.55589024,-0.71044252,1.420407,-0.82134125,0.097606696,-0.56831391,1.4728654,-0.1113332
-1.2032165,-1.8723439,-1.9476505,-1.6381339,-1.3880318,-1.7259143,-1.938847,0.41640965,0.41200994,-1.150939,-1.7639851,-0.30536264,-0.60329427,-0.74016483,1.3287101,-0.88564675,0.082677222,-0.65368267,1.4779063,-0.13505172
-1.2205047,-1.8789622,-1.9182211,-1.6149801,-1.345229,-1.7124753,-1.936317,0.38585453,0.36221208,-1.2482091,-1.7955127,-0.43147627,-0.64964803,-0.7682875,1.2802224,-0.94509896,0.092131904,-0.66712868,1.3914824,-0.15686196
-1.2240594,-1.8592526,-1.9166486,-1.6021806,-1.3819938,-1.6973179,-1.9567347,0.34132484,0.34137133,-1.266473,-1.7188214,-0.51372518,-0.72081993,-0.82805914,1.2453735,-1.0043891,0.080454395,-0.75280913,1.3980738,-0.17673113
-1.2571524,-1.8326433,-1.8847427,-1.5754615,-1.2920412,-1.7220586,-1.9475725,0.31253081,0.28453025,-1.3153551,-1.7453555,-0.59840118,-0.76569539,-0.86693132,1.2021282,-1.0634976,0.053320292,-0.83844629,1.4061116,-0.19460193
-1.2679054,-1.8350763,-1.8476688,-1.5597667,-1.3256927,-1.7029783,-1.9280395,0.27072696,0.27253112,-1.3326202,-1.7681505,-0.64284279,-0.8093823,-0.92239699,1.1287108,-1.1501501,0.066386719,-0.85014337,1.3199476,-0.21045796
-1.296833,-1.8067633,-1.8423595,-1.529951,-1.3580533,-1.6823686,-1.9134369,0.2438139,0.22474687,-1.3818769,-1.7681505,-0.76641808,-0.87957965,-0.97571798,1.0250819,-1.208887,0.05933057,-0.9360749,1.3295964,-0.21045796
-1.3025889,-1.7760443,-1.8074234,-1.5117055,-1.3102294,-1.6603189,-1.8955351,0.20491857,0.20559839,-1.4476704,-1.6887288,-0.84968481,-0.92153475,-1.0267639,0.97807086,-1.2673948,0.074951714,-1.0219631,1.3407004,-0.29097481
-1.2977901,-1.7723826,-1.7927146,-1.4923656,-1.3403221,-1.6369094,-1.8714097,0.18000351,0.15891971,-1.4626154,-1.7067188,-0.89118425,-0.96213997,-1.0430185,0.97541346,-1.3279004,0.07120052,-1.1078081,1.2549174,-0.30514368
-1.3205175,-1.7391429,-1.7560206,-1.4587644,-1.2910872,-1.6122199,-1.8464419,0.15591906,0.14068811,-1.5126316,-1.720855,-0.97328894,-1.0310632,-1.1005981,0.97391045,-1.3855281,0.069323528,-1.1936011,1.2676931,-0.31718312
-1.3473145,-1.7303397,-1.7189467,-1.4373359,-1.2684034,-1.6179027,-1.8223109,0.12139648,0.095188711,-1.5262293,-1.7310143,-1.0547426,-1.0696337,-1.143672,0.95885402,-1.4691881,0.069086464,-1.2793422,1.2819238,-0.32706857
-1.3370811,-1.6950028,-1.6815371,-1.4016352,-1.2939491,-1.5948963,-1.795447,0.099478431,0.077915272,-1.5887248,-1.6494115,-1.1354833,-1.1376317,-1.1839447,0.9299975,-1.5265559,0.070026354,-1.3761482,1.1966432,-0.33478364
-1.3573224,-1.6591394,-1.6438213,-1.3649847,-1.2423036,-1.5660152,-1.7669602,0.051848981,0.072007102,-1.5987125,-1.5677677,-1.1713374,-1.1724324,-1.2340736,0.96070894,-1.6114733,0.072840447,-1.384131,1.2300245,-0.34030377
-1.3433816,-1.6444653,-1.6058316,-1.3409258,-1.2655872,-1.5681142,-1.7363464,0.031572142,0.028748326,-1.6065361,-1.5733434,-1.2497129,-1.2408551,-1.2915583,0.9346644,-1.6952423,0.056502532,-1.4704695,1.1453675,-0.34362076
-1.3568986,-1.6070192,-1.5831868,-1.3169681,-1.2129421,-1.53739,-1.7034532,0.0029293937,0.013264437,-1.6580972,-1.5752047,-1.3726907,-1.307365,-1.3162139,0.89379036,-1.7518781,0.062624369,-1.556782,1.1645613,-0.42548898
-1.3393187,-1.569216,-1.5442254,-1.2776724,-1.180473,-1.5058018,-1.6963195,-0.033228686,0.010451865,-1.6639702,-1.4932083,-1.4034475,-1.3734403,-1.3531452,0.85373854,-1.8359628,0.048835593,-1.5619681,1.0803114,-0.4266274
-1.3447852,-1.5496304,-1.5184651,-1.251241,-1.1993409,-1.4734137,-1.6362976,-0.05919126,-0.0037760945,-1.7194691,-1.491429,-1.4785923,-1.4390447,-1.3788057,0.7692936,-1.8915536,0.058270753,-1.5636998,1.1013154,-0.42548898
-1.3481576,-1.4926683,-1.4657931,-1.224222,-1.2165866,-1.4702971,-1.598505,-0.094721397,-0.0044482816,-1.7207072,-1.486091,-1.6004369,-1.4700032,-1.4008877,0.73079741,-1.9753561,0.047061794,-1.6502807,1.0175246,-0.4220819
-1.3477361,-1.4714214,-1.4389226,-1.1831483,-1.1617993,-1.4357267,-1.5651864,-0.13791243,-0.017387883,-1.7727261,-1.4772354,-1.6815444,-1.5340108,-1.419287,0.78426123,-2.0591558,0.0370019,-1.6484798,1.0403821,-0.41640616
-1.3220419,-1.431978,-1.3989835,-1.15507,-1.1769028,-1.4005388,-1.5249652,-0.17299445,-0.055847007,-1.7714256,-1.4772354,-1.8104889,-1.5973863,-1.4339182,0.74784032,-2.1418798,0.012492238,-1.6430771,0.9570937,-0.41640616
-1.3166414,-1.3923378,-1.3589414,-1.1265108,-1.1215385,-1.3647813,-1.5103204,-0.2150609,-0.067625022,-1.819283,-1.395895,-1.857848,-1.6600638,-1.4467958,0.75815421,-2.1988146,0.0051990242,-1.7293463,0.98183944,-0.40848634
-1.3087755,-1.3525131,-1.3188079,-1.0962817,-1.0787243,-1.3547277,-1.4669465,-0.24964912,-0.10447738,-1.8124997,-1.3840629,-1.9453961,-1.7219807,-1.4752645,0.76965537,-2.2826031,-0.015453461,-1.7199956,0.89912265,-0.39832243
-1.2760106,-1.3125189,-1.2785891,-1.0666174,-1.0897663,-1.3172967,-1.4222794,-0.29050535,-0.14036569,-1.8638476,-1.3031407,-2.032458,-1.7830581,-1.4782552,0.73628324,-2.39431,-0.01991306,-1.8058146,0.92578258,-0.38595538
-1.263462,-1.2723734,-1.2382937,-1.0231619,-1.0335338,-1.279437,-1.3862618,-0.30250762,-0.15021264,-1.8539224,-1.2886191,-2.081556,-1.8432169,-1.5015743,0.72408483,-2.4780818,-0.061070214,-1.7922127,0.84369807,-0.46670974
-1.2264337,-1.2320826,-1.1979247,-0.97939151,-1.0426564,-1.2411773,-1.3399747,-0.34142579,-0.18435561,-1.841313,-1.2710063,-2.1664298,-1.9023617,-1.5474161,0.76493914,-2.5618396,-0.075765413,-1.8773304,0.87230682,-0.45176281
-1.2094851,-1.1916617,-1.1574938,-0.93734778,-0.98612688,-1.2253512,-1.3185681,-0.37458117,-0.21744609,-1.8753177,-1.191191,-2.2098041,-1.9603837,-1.5904307,0.73469801,-2.6455779,-0.075888129,-1.8592003,0.79090657,-0.43460456
-1.1834923,-1.1641415,-1.1169982,-0.89319375,-0.99909395,-1.1858243,-1.2815108,-0.4120722,-0.2252352,-1.856747,-1.1713068,-2.207579,-2.0171711,-1.6098135,0.72689353,-2.7269691,-0.11181592,-1.9433137,0.70970553,-0.41527593
-1.1615306,-1.1231638,-1.0665907,-0.85102572,-0.94217022,-1.1460032,-1.2326261,-0.44455396,-0.27356781,-1.9046356,-1.0920245,-2.282831,-2.0810536,-1.6484463,0.74553153,-2.7781565,-0.12026936,-2.0031064,0.74085209,-0.39382606
-1.1244431,-1.0820983,-1.0262217,-0.80654069,-0.94612889,-1.1059068,-1.1828905,-0.45218061,-0.30410515,-1.882564,-1.0700823,-2.2711776,-2.1675582,-1.6333909,0.74309777,-2.7912159,-0.12625175,-1.9750889,0.58026026,-0.47248376
-1.0905981,-1.0409481,-0.98579082,-0.77510786,-0.88909092,-1.0655544,-1.1323661,-0.4869515,-0.33346617,-1.9031427,-1.0454669,-2.2951642,-2.2205132,-1.6425194,0.7396938,-2.8204587,-0.1559573,-2.056068,0.50033245,-0.44832297
-1.0630081,-0.97335195,-0.94530402,-0.7327642,-0.89140443,-1.0442567,-1.1058515,-0.54373465,-0.37997679,-1.8753177,-0.96753756,-2.2619267,-2.3138595,-1.6719194,0.71515885,-2.813887,-0.18366315,-2.0227776,0.42067315,-0.5261289
-1.0234186,-0.93214424,-0.90476716,-0.68776308,-0.83429791,-1.003002,-1.0675574,-0.57746944,-0.40735662,-1.9181345,-0.94120032,-2.1438525,-2.3636341,-1.6527689,0.71491547,-2.7983436,-0.21739879,-2.1015143,0.34129968,-0.49918348
-1.02258,-0.89086693,-0.8545157,-0.63211322,-0.83429791,-0.96155854,-1.0152017,-0.60811589,-0.43345399,-1.8869336,-0.94120032,-2.06469,-2.4110809,-1.6538495,0.71589555,-2.7355274,-0.24022948,-2.062804,0.26222936,-0.49918348
-0.97808229,-0.84952304,-0.8140878,-0.58690539,-0.77719711,-0.91993907,-0.96225424,-0.64001823,-0.43624888,-1.8927961,-0.86382851,-1.9954501,-2.5001964,-1.6437304,0.74115405,-2.6515879,-0.28799655,-2.1388047,0.18347951,-0.57601479
-0.94286328,-0.80811863,-0.77360983,-0.54443744,-0.77500356,-0.87815322,-0.92355724,-0.66974276,-0.4800737,-1.856747,-0.83591693,-1.9241663,-2.5876459,-1.6697368,0.72102948,-2.5897552,-0.30660749,-2.2136712,0.10506746,-0.54621921
-0.92517174,-0.7666537,-0.72318758,-0.50196002,-0.71794845,-0.83621057,-0.86991675,-0.6991476,-0.50304599,-1.819283,-0.7590863,-1.8030017,-2.6276453,-1.6308457,0.74844876,-2.5190038,-0.29036719,-2.167359,0.068706718,-0.62192029
-0.88670791,-0.71444274,-0.68281268,-0.45650766,-0.71438965,-0.79412394,-0.83103944,-0.72839545,-0.52460905,-1.7805601,-0.68195228,-1.7292455,-2.7097974,-1.6204374,0.73055403,-2.4566681,-0.33253954,-2.2386238,-0.01010376,-0.58922542
-0.84688145,-0.67308372,-0.64238772,-0.41398296,-0.70940846,-0.78105926,-0.77678475,-0.75621617,-0.56597803,-1.8138522,-0.65344213,-1.6072113,-2.6959035,-1.5545042,0.7138137,-2.3800044,-0.36869882,-2.3081915,-0.088567781,-0.66365703
-0.82376897,-0.6316672,-0.59181529,-0.36835497,-0.652559,-0.73860465,-0.72208773,-0.78383423,-0.62676084,-1.8030791,-0.57681649,-1.485,-2.6302266,-1.4898863,0.69823763,-2.3177525,-0.38279996,-2.2538014,-0.1666507,-0.62802191
-0.81316863,-0.57932915,-0.55148456,-0.32579109,-0.63873508,-0.69603484,-0.68295404,-0.81106125,-0.66638745,-1.7597994,-0.54698619,-1.3972623,-2.5606449,-1.4251286,0.68383897,-2.2554727,-0.41602244,-2.1964502,-0.24433519,-0.70102026
-0.7867088,-0.5380125,-0.50064417,-0.27008989,-0.58219979,-0.62450068,-0.62774989,-0.83581646,-0.72440781,-1.7157654,-0.47085253,-1.2751293,-2.4905727,-1.3602452,0.71662897,-2.2022178,-0.42221679,-2.1364497,-0.32158661,-0.77349443
-0.7415138,-0.49663835,-0.46040472,-0.22751926,-0.52563595,-0.59555872,-0.5885035,-0.86180473,-0.73916644,-1.6710551,-0.43980869,-1.1936262,-2.4422665,-1.2952458,0.70449963,-2.1248388,-0.45381885,-2.0740941,-0.39837031,-0.8453953
-0.71184105,-0.44418832,-0.40931697,-0.18170482,-0.51710168,-0.55296652,-0.52619386,-0.91572217,-0.73429309,-1.6499251,-0.36415061,-1.1059256,-2.3710749,-1.2098872,0.69356744,-2.0701812,-0.45493445,-2.014007,-0.47466897,-0.91666554
-0.69651477,-0.40290798,-0.35786996,-0.13910447,-0.46070349,-0.4950218,-0.47064881,-0.94074568,-0.78752559,-1.6722412,-0.28817274,-0.98376372,-2.2743078,-1.1282989,0.68383897,-2.0147693,-0.48169762,-1.9517293,-0.62563793,-0.98725599
-0.66387976,-0.3615762,-0.31785726,-0.096501407,-0.3948799,-0.45250639,-0.43133198,-0.96110244,-0.82186314,-1.6246127,-0.25679271,-0.89596424,-2.202405,-1.0458434,0.70302622,-1.9413635,-0.50729778,-1.8293559,-0.70023029,-1.0571093
-0.6463933,-0.30902934,-0.26620707,-0.050530255,-0.38427775,-0.4098918,-0.36912096,-0.95159196,-0.83070476,-1.5766304,-0.25679271,-0.77386416,-2.1561204,-0.9721514,0.66803268,-1.8842974,-0.52955951,-1.7691216,-0.77416437,-1.0571093
-0.62801589,-0.25612236,-0.21424474,0.0051722923,-0.32823944,-0.35198867,-0.32981258,-1.0022355,-0.83776567,-1.5283309,-0.18126582,-0.68598639,-2.0841089,-0.89839544,0.64521123,-1.8289944,-0.5214045,-1.7069738,-0.72758313,-1.0126781
-0.59144791,-0.21501149,-0.17444111,0.057513503,-0.27216115,-0.30945087,-0.2739069,-0.99011054,-0.86842094,-1.4971196,-0.10542734,-0.67153926,-2.0119592,-0.83406427,0.64085348,-1.7704419,-0.53831137,-1.6430771,-0.67926093,-1.0803692
-0.53900676,-0.1619078,-0.12231093,0.10349952,-0.21603145,-0.25141656,-0.22828755,-1.0388532,-0.9123578,-1.4476704,-0.073743933,-0.58273845,-1.9195348,-0.73950839,0.63774221,-1.6919481,-0.5249772,-1.5845831,-0.75015485,-1.1471185
-0.47161075,-0.10848637,-0.069898062,0.1461296,-0.15986747,-0.20894915,-0.15914572,-1.0240451,-0.94022114,-1.3980392,0.0016763621,-0.49375221,-1.8526925,-0.65578733,0.59152705,-1.6325545,-0.53644553,-1.5208336,-0.6989917,-1.0979779
-0.425183,-0.054765338,-0.017223112,0.19844243,-0.047430976,-0.15079964,-0.089200926,-1.0706984,-0.97976814,-1.4124536,0.077391844,-0.40459702,-1.8063683,-0.58177069,0.59114884,-1.5507442,-0.51797683,-1.4555776,-0.64624351,-1.1622211
-0.37859802,-0.01400248,0.035702137,0.25414633,0.008841537,-0.092384556,-0.042153151,-1.0892541,-0.97764839,-1.3117502,0.15338611,-0.31528113,-1.7136872,-0.5077114,0.54824557,-1.4903392,-0.52397595,-1.3985727,-0.59199688,-1.1097962
-0.31946672,0.039866832,0.07505228,0.2967629,0.065142612,-0.050137931,0.020446675,-1.1071362,-0.96229717,-1.3235117,0.18465134,-0.25644184,-1.6461468,-0.41246827,0.55066288,-1.4263327,-0.53529647,-1.3335158,-0.65843016,-1.1713366
-0.30622085,0.093999423,0.12808943,0.35246545,0.12147796,0.008369948,0.067877616,-1.1510579,-0.98459138,-1.272606,0.26026023,-0.22509577,-1.5781981,-0.35947906,0.51119977,-1.3653549,-0.51000031,-1.2762858,-0.72384138,-1.2315093
-0.25993437,0.14838621,0.18135038,0.408168,0.17783616,0.067117811,0.13055633,-1.1301589,-0.97784297,-1.2216327,0.33613151,-0.13457252,-1.5342643,-0.28490078,0.51645538,-1.2994288,-0.42180402,-1.2114108,-0.7881526,-1.1743752
-0.196902,0.20300602,0.23482334,0.45078862,0.29063824,0.10915645,0.17833945,-1.1715289,-1.0063284,-1.2310117,0.36766732,-0.043970967,-1.4653444,-0.24188378,0.46163326,-1.2156487,-0.34230659,-1.1539903,-0.85130319,-1.2315093
-0.14869462,0.24332403,0.28849655,0.50314334,0.3470707,0.16797791,0.24108578,-1.1477755,-1.0235576,-1.1283004,0.44316961,0.0072079671,-1.3961282,-0.14696769,0.4268206,-1.1314941,-0.28063919,-1.0892798,-0.79070773,-1.1713366
-0.083244584,0.32548525,0.32743149,0.55884589,0.40353173,0.20996855,0.31333802,-1.1864197,-1.0466743,-1.0768901,0.51894249,0.070880825,-1.30348,-0.062684983,0.43584525,-1.0698039,-0.19244568,-1.0233484,-0.72883904,-1.1097962
-0.034469808,0.36568826,0.38117831,0.6014557,0.46000988,0.2688572,0.36182267,-1.1598349,-1.0602213,-1.0839178,0.51894249,0.13569923,-1.256471,0.022097753,0.38364765,-1.0010614,-0.1307476,-0.96712281,-0.7881526,-1.1097962
0.032525156,0.42060766,0.42006908,0.6571596,0.5165166,0.32795064,0.43499338,-1.1955905,-1.0776804,-1.0322631,0.5507161,0.2016055,-1.1860959,0.10735208,0.35376829,-0.94629482,-0.060091278,-0.90138194,-0.65843016,-1.1622211
0.081637175,0.46076225,0.45902757,0.71286215,0.57303475,0.38723287,0.50866841,-1.1662228,-1.0873741,-0.92890153,0.6261282,0.26855019,-1.1155397,0.18171471,0.32607932,-0.87718072,0.0017267292,-0.78701724,-0.59199688,-1.2128113
0.1308016,0.51576336,0.51273317,0.75547466,0.68613388,0.42890673,0.54698788,-1.1593953,-1.0662267,-0.93393176,0.65872997,0.33647972,-1.0204386,0.26630312,0.27706534,-0.79958942,0.072840447,-0.72273093,-0.64624351,-1.2614441
0.19713575,0.55586953,0.55165044,0.81117721,0.74270914,0.48823695,0.62100944,-1.166885,-1.1019942,-0.88208972,0.73378948,0.38313826,-0.97113482,0.34066101,0.22096714,-0.72984945,0.1443,-0.66467844,-0.6989917,-1.1942771
0.24646425,0.59604228,0.5906325,0.85379108,0.75096923,0.51796926,0.68397271,-1.1565382,-1.1068911,-0.83023728,0.76717022,0.45366794,-0.89979501,0.41503786,0.17396923,-0.66777361,0.18015249,-0.60530127,-0.75015485,-1.2393472
0.31312653,0.6510101,0.62967934,0.90949498,0.80744167,0.58925384,0.73358432,-1.1618157,-1.1111837,-0.78170365,0.84190174,0.52502588,-0.82833996,0.478241,0.15999812,-0.5904226,0.23625585,-0.54467733,-0.799655,-1.1698133
0.36259629,0.69113746,0.68324064,0.95211155,0.86393125,0.61900534,0.7833847,-1.1662228,-1.1120033,-0.72974718,0.87600405,0.55996106,-0.75677627,0.56287207,0.10870496,-0.52837191,0.29367004,-0.48288455,-0.84739688,-1.2112634
0.42683636,0.73132534,0.70795264,0.99473082,0.92043798,0.66055122,0.84637051,-1.1510579,-1.1101606,-0.6777907,0.95040759,0.61477032,-0.6851138,0.62625058,0.064900539,-0.46630445,0.32682558,-0.42223464,-0.89329387,-1.1396
0.47632891,0.77157677,0.76130782,1.0504334,1.0335028,0.72005103,0.88442796,-1.1532472,-1.1068911,-0.67969459,1.0250817,0.67236517,-0.61335586,0.68973573,0.054553764,-0.41223363,0.36161547,-0.36045917,-0.81890939,-1.0672569
0.52586248,0.82640841,0.78645563,1.093054,1.0419743,0.77970443,0.94741095,-1.1750739,-1.0726508,-0.6276913,1.0592988,0.74819817,-0.5415156,0.75332515,-0.019863426,-0.3346982,0.33563601,-0.29979194,-0.86174023,-1.103883
0.58746613,0.86661445,0.8257881,1.1390954,1.0984182,0.82110311,1.0103939,-1.1750739,-1.0954846,-0.52367952,1.1336614,0.80970767,-0.46958975,0.82749819,-0.060757197,-0.27273413,0.29839181,-0.2380338,-0.90256162,-1.029779
0.63447722,0.90687799,0.86517358,1.1817309,1.1548735,0.86259139,1.0484767,-1.1532472,-1.0873741,-0.52427253,1.1336614,0.8737143,-0.39759475,0.91229752,-0.10061497,-0.21824978,0.27503958,-0.17523668,-0.94129559,-1.029779
0.69876513,0.94719902,0.90460912,1.227852,1.1638876,0.92216159,1.1114569,-1.1510579,-1.0722469,-0.47225363,1.1685344,0.94011506,-0.33070297,0.95486899,-0.13939729,-0.14052995,0.20166678,-0.11146119,-0.97784689,-1.0628997
0.74589699,0.9875715,0.94409178,1.2704996,1.2766211,0.96362747,1.1629196,-1.1260516,-1.0602213,-0.42023474,1.2046128,0.98566101,-0.25877382,1.0196978,-0.17707784,-0.085604137,0.12877089,-0.046750636,-1.0121289,-0.98725599
0.80826627,1.0142504,0.97080323,1.3166951,1.3330136,1.0051765,1.2125424,-1.1217359,-1.0393363,-0.36766444,1.278098,1.0660968,-0.18677883,1.0742511,-0.21361057,-0.030404505,0.052729026,0.018843045,-1.044055,-1.0169369
0.85566246,1.0548741,1.0105156,1.3593549,1.3424047,1.046812,1.2640868,-1.0937097,-1.0600237,-0.31565594,1.3147668,1.1469488,-0.11471469,1.1203252,-0.24896918,0.047625467,0.0012470226,0.085267904,-1.0735385,-1.0441198
0.90314523,1.0825123,1.0502691,1.4056205,1.3987001,1.0885275,1.3023217,-1.1271305,-1.071445,-0.26364745,1.387965,1.2281923,-0.047957903,1.1677998,-0.28310762,0.086658614,-0.050943384,0.22047262,-1.1248576,-0.96628115
0.96502688,1.123366,1.0780525,1.4482911,1.4550183,1.1478001,1.3542577,-1.0960473,-1.0433016,-0.21163896,1.461442,1.3098066,0.019058981,1.2290526,-0.315993,0.16475564,-0.10090818,0.16791802,-1.1465372,-0.99007339
1.0121382,1.164259,1.1180092,1.494623,1.4648835,1.1894868,1.392611,-1.0875615,-1.0227704,-0.21007839,1.4981108,1.3834928,0.090925576,1.2795322,-0.34759243,0.22047777,-0.16238872,0.2375204,-1.06227,-0.91121912
1.0758474,1.1929806,1.1466465,1.5280256,1.5315354,1.2141346,1.4555376,-1.0928619,-1.0008742,-0.10612382,1.571309,1.318048,0.15805769,1.3312867,-0.41218906,0.29871171,-0.22473384,0.30778079,-0.97784689,-0.93171894
1.1242758,1.2340794,1.175964,1.5744804,1.5876423,1.2561509,1.5184643,-1.0434,-1.0045742,-0.05414134,1.644786,1.2466324,0.22542357,1.351333,-0.44173295,0.36018123,-0.28799655,0.37867322,-0.99562017,-0.85203747
1.1732374,1.2636634,1.2162447,1.6118996,1.5986443,1.2982343,1.5568288,-1.0322569,-0.9668934,-0.05169125,1.6814547,1.1828194,0.29301333,1.3723984,-0.46987579,0.4276608,-0.2499547,0.45014575,-0.91053881,-0.77220859
1.2071075,1.3049468,1.2463514,1.6366449,1.6103204,1.3403849,1.6197498,-1.0332873,-0.90096895,0.00024961959,1.7546611,1.0881549,0.36081381,1.3944756,-0.49303928,0.4568672,-0.23440886,0.5221897,-0.92520263,-0.69225685
1.2572563,1.3353601,1.2770971,1.6745532,1.6226762,1.3666039,1.6720633,-1.0201547,-0.87430553,0.10413136,1.7546611,0.99877304,0.42881183,1.3985849,-0.52180371,0.47122592,-0.26885012,0.47518494,-0.83960158,-0.61219045
1.292694,1.3664331,1.3084641,1.6998389,1.6783889,1.3936388,1.7105237,-0.98026325,-0.82060132,0.10737734,1.7918547,0.9058433,0.51888542,1.4228377,-0.54055683,0.50239097,-0.3023738,0.54856224,-0.75393124,-0.61219045
1.3118052,1.3981536,1.3404407,1.7254029,1.7047858,1.436295,1.7490065,-0.9280013,-0.76859527,0.15926619,1.830065,0.93084351,0.56307607,1.4813651,-0.56200024,0.53433557,-0.2812946,0.50362676,-0.66821759,-0.53202577
1.3487605,1.4305037,1.3730122,1.7556617,1.7189638,1.4643314,1.8017257,-0.86427083,-0.7026885,0.21116024,1.8692839,0.89925432,0.63392202,1.5075943,-0.54295112,0.62929201,-0.21175108,0.57825083,-0.58244331,-0.45176281
1.3515018,1.4634741,1.4061607,1.7818701,1.7337932,1.4931422,1.85469,-0.81180051,-0.65036404,0.26701293,1.9094868,0.92756756,0.66111069,1.5500473,-0.56062549,0.70108841,-0.15721792,0.65331646,-0.49663439,-0.37140976
1.3897218,1.5140539,1.3988402,1.8129976,1.7492565,1.5227113,1.8838248,-0.80680837,-0.58444254,0.31884976,1.9506408,0.95752084,0.64295966,1.544938,-0.53645561,0.77335143,-0.10239192,0.61120352,-0.48390206,-0.38595538
1.39674,1.5063583,1.4330312,1.8319902,1.7653597,1.5530228,1.8507119,-0.7902421,-0.53183506,0.3706918,1.9927377,0.98907706,0.67233779,1.5583914,-0.51874506,0.83570946,-0.047292594,0.68740336,-0.46891777,-0.30514368
1.4185742,1.5412957,1.4677699,1.8565545,1.7994339,1.5840606,1.8571243,-0.70973985,-0.49177507,0.42253903,2.0357448,0.9915948,0.74902775,1.5707477,-0.52112291,0.89287053,0.030595585,0.76398415,-0.45170748,-0.22426646
1.4271215,1.576793,1.4617951,1.8768535,1.8173936,1.5998483,1.8878565,-0.65587093,-0.48971428,0.4271323,2.0796457,0.96764125,0.82103921,1.6017023,-0.50012021,0.93719285,0.086065847,0.72459851,-0.36699856,-0.14334829
1.41818,1.5704743,1.4975233,1.9030242,1.8359645,1.6043983,1.856558,-0.60185359,-0.47455764,0.53070193,2.1244157,0.94538129,0.88313395,1.6000174,-0.5395307,0.98271383,0.16410184,0.88012376,-0.26375414,-0.062372795
1.4415932,1.6069914,1.4924083,1.9245905,1.8551352,1.62081,1.8650694,-0.53862262,-0.50830261,0.58249714,2.0561947,0.98278477,0.94650285,1.5991737,-0.50333014,1.0452144,0.2421741,0.84337883,-0.24326117,0.018643654
1.4205999,1.6015533,1.4876968,1.9344124,1.8748943,1.654142,1.8580991,-0.49276568,-0.49145666,0.58767302,1.9883509,0.96384609,1.0110965,1.6495751,-0.46452809,1.077212,0.29806271,0.92222804,-0.15928847,0.031469348
1.4322872,1.5965299,1.4833916,1.9391612,1.8214494,1.6439828,1.8679037,-0.45616233,-0.52156357,0.63940061,2.0351216,0.94665047,1.0793711,1.6841247,-0.40743007,1.1551135,0.3593508,0.88743984,-0.13730573,0.046203334
1.4258295,1.5919179,1.4794899,1.9321373,1.8631839,1.6785179,1.8223604,-0.41944767,-0.50304599,0.7428714,1.96827,0.98871856,1.1455583,1.6859921,-0.36487871,1.2042109,0.41536492,0.96714621,-0.05371413,0.062829233
1.3884207,1.5877206,1.4759975,1.9256362,1.8849138,1.6693346,1.8333792,-0.35595696,-0.45588381,0.74857788,1.96827,0.94102573,1.2128419,1.7221651,-0.30595209,1.2151916,0.49359893,0.93429742,0.030007386,0.062829233
1.3396641,1.6265921,1.5144612,1.9135526,1.9072149,1.6605928,1.8279952,-0.33518062,-0.44449201,0.80024305,2.0164593,0.87132018,1.2811823,1.7099463,-0.23241302,1.2050016,0.57186363,1.0148003,0.0090033848,0.081314284
1.3665546,1.6232602,1.511811,1.9017664,1.8547982,1.6522958,1.8403016,-0.27156147,-0.38775117,0.85192382,1.9506408,0.86080007,1.3505335,1.6965592,-0.18644453,1.1786256,0.63303459,1.095511,-0.01010376,0.10163392
1.3314108,1.620346,1.5314316,1.8965838,1.8779047,1.6890548,1.835743,-0.23435301,-0.33856358,0.8581921,2.0002404,0.85210954,1.4208527,1.7198474,-0.11294165,1.1923165,0.69957157,1.1764122,-0.027288065,0.12374718
1.316816,1.6178434,1.5493472,1.8854974,1.8258422,1.6817273,1.8096793,-0.18593578,-0.28150139,0.96140279,1.9354796,0.78892292,1.4921036,1.7260279,-0.052452808,1.2250099,0.75033122,1.1465245,-0.042514883,0.14762951
1.3033285,1.6157583,1.5479337,1.8812498,1.8742259,1.6748478,1.8059096,-0.14841906,-0.23782397,1.0130263,1.8712026,0.72826641,1.5177251,1.7330236,0.037099748,1.2406567,0.77953197,1.2281097,-0.12791672,0.22578761
1.3325,1.6140909,1.5469237,1.8708726,1.8228032,1.623597,1.7810037,-0.084685732,-0.22162662,1.0197368,1.807434,0.67024713,1.5442553,1.7262838,0.094490474,1.2364656,0.77072712,1.3098593,-0.14148054,0.25084931
1.3620565,1.612838,1.5257483,1.867568,1.8480804,1.6175558,1.796553,-0.047074821,-0.13671583,1.0712823,1.8596657,0.63308266,1.6181467,1.7162405,0.16559249,1.2144903,0.78619766,1.2822574,-0.1529916,0.32863886
1.3816166,1.5692124,1.5044698,1.8764172,1.7970519,1.6119722,1.7543117,0.0023870796,-0.05161046,1.1300533,1.91266,0.57968679,1.6464186,1.7116478,0.20882135,1.1932889,0.81801169,1.3646218,-0.16244124,0.40660041
1.4426574,1.5687887,1.4836979,1.8741137,1.8231403,1.5618637,1.7711062,0.040260584,-0.030925966,1.181526,1.8506789,0.52920837,1.675553,1.7221651,0.26754407,1.1728698,0.8359728,1.3387947,-0.16981212,0.48472575
1.4634388,1.5687887,1.4636503,1.8652172,1.7994339,1.5571505,1.7488403,0.1040567,-0.0098346227,1.2330143,1.7892472,0.43721403,1.705537,1.7334857,0.34175406,1.192758,0.85537303,1.4217045,-0.17507828,0.56300671
1.5250721,1.5692124,1.4646809,1.8452194,1.826859,1.5529044,1.7078471,0.15591906,0.040314071,1.2407027,1.8442422,0.38993739,1.7363539,1.712681,0.43100733,1.1546692,0.92787845,1.4810384,-0.17930507,0.6414269
1.5772671,1.5700537,1.4661209,1.8443629,1.8547982,1.5491254,1.7070104,0.19375546,0.055800907,1.3003371,1.7840405,0.34585428,1.7679939,1.7126289,0.47718631,1.1764127,0.99015386,1.4586919,-0.092690628,0.71998632
1.6092094,1.5713186,1.4679761,1.8365796,1.8052034,1.5458201,1.6864602,0.25754872,0.10730282,1.351659,1.7840405,0.40965076,1.7543436,1.7066925,0.53729364,1.1408581,1.076713,1.4376874,-0.091659916,0.71998632
1.6414753,1.5730042,1.4702406,1.8366837,1.7557743,1.5429819,1.6666652,0.29545362,0.1303724,1.4029964,1.8403802,0.38334429,1.7876627,1.7088088,0.64085348,1.085625,1.1498125,1.5218959,-0.088567781,0.69781572
1.6949783,1.5751104,1.4729143,1.8296422,1.7848103,1.540614,1.6874689,0.34569475,0.18824829,1.4116524,1.7814412,0.39795625,1.7758528,1.6594312,0.73140914,1.0706851,1.1724145,1.5025797,-0.0020486176,0.67717667
1.7279482,1.5776343,1.4759975,1.8229249,1.7656967,1.538723,1.6884775,0.38381657,0.25177587,1.4629014,1.8390928,0.36391525,1.7650077,1.6112788,0.77931806,1.0959155,1.246557,1.5871693,0.0029750199,0.65809375
1.7314824,1.6035416,1.4794899,1.8244164,1.7960351,1.5373023,1.6898214,0.44763553,0.31538894,1.5232277,1.7814412,0.33335211,1.8008356,1.5966427,0.87067621,1.1218976,1.2710862,1.5695068,0.089390246,0.73796358
1.7567164,1.5839409,1.4606585,1.7995644,1.7478856,1.5141487,1.6725704,0.48581159,0.35023064,1.5744039,1.7244537,0.30633689,1.7462574,1.61517,0.92602784,1.0923978,1.3334509,1.5532122,0.096250109,0.81791532
