1.0,1.0,1.0,1.0,1.0,1.0,1.0,1.0,1.0,1.0,1.0,1.0,1.0,1.0,1.0,1.0,1.0,1.0,1.0,1.0,1.0,1.0,1.0,1.0,1.0,1.0,1.0,1.0,1.0,1.0,1.0,1.0,1.0,1.0,1.0,1.0,1.0,1.0,1.0,1.0,1.0,1.0,1.0,1.0,1.0,1.0,1.0,1.0,1.0,1.0,1.0,1.0,1.0,1.0,1.0,1.0,1.0,1.0,1.0,1.0,1.0,1.0,1.0,1.0,1.0,1.0,1.0,1.0,1.0,1.0,1.0,1.0,1.0,1.0,1.0,1.0,1.0,1.0,1.0,1.0,1.0,1.0,1.0,1.0,1.0,1.0,1.0,1.0,1.0,1.0,2.0,2.0,2.0,2.0,2.0,2.0,2.0,2.0,2.0,2.0,2.0,2.0,2.0,2.0,2.0,2.0,2.0,2.0,2.0,2.0,2.0,2.0,2.0,2.0,2.0,2.0,2.0,2.0,2.0,2.0,2.0,2.0,2.0,2.0,2.0,2.0,2.0,2.0,2.0,2.0,2.0,2.0,2.0,2.0,2.0,2.0,2.0,2.0,2.0,2.0,2.0,2.0,2.0,2.0,2.0,2.0,2.0,2.0,2.0,2.0,2.0,2.0,2.0,2.0,2.0,2.0,2.0,2.0,2.0,2.0,2.0,2.0,2.0,2.0,2.0,2.0,2.0,2.0,2.0,2.0,2.0,2.0,2.0,2.0,2.0,2.0,2.0,2.0,2.0,2.0
0.44,1.84,0.68,0.44,0.3,0.37,2.52,0.4,1.3,0.18,3.49,1.7,0.38,0.29,0.36,0.19,0.19,0.11,0.21,0.19,0.21,0.38,0.41,0.25,2.88,2.06,0.37,1.78,0.46,0.21,0.19,0.24,0.37,0.4,0.43,0.2,0.19,0.42,1.3,0.38,0.44,0.49,2.05,0.29,1.31,0.16,0.21,0.32,0.26,1.38,0.68,0.31,0.33,1.72,0.29,0.1,0.18,3.49,0.14,0.39,0.29,0.14,1.7,1.78,0.41,1.66,1.36,2.04,0.44,0.26,0.38,0.21,1.98,0.91,0.34,0.32,0.35,0.11,0.24,1.44,0.43,0.19,1.31,0.12,0.19,0.23,0.53,0.38,0.38,1.57,0.25,0.32,0.39,0.71,0.39,4.72,0.39,1.93,1.36,0.34,1.26,0.53,0.97,0.41,1.34,1.47,1.34,0.94,0.34,2.37,3.75,0.2,1.01,0.27,0.33,0.38,0.26,1.49,3.71,0.15,0.3,0.32,0.41,0.12,0.23,0.38,0.74,0.34,1.47,0.25,3.71,2.19,0.25,0.23,1.36,0.7,0.97,2.85,0.31,3.06,0.33,1.31,1.36,0.42,1.41,0.32,2.37,3.75,0.21,0.32,0.41,0.84,0.25,0.23,0.99,1.01,0.34,1.31,0.43,0.22,0.39,0.33,1.62,0.59,0.32,1.61,3.58,0.27,1.34,0.26,0.28,0.19,0.54,2.19,0.71,1.57,2.85,0.41,0.29,1.17
0.4,1.71,0.66,0.4,0.32,0.31,2.56,0.31,1.42,0.19,3.49,1.5,0.39,0.28,0.29,0.22,0.24,0.18,0.23,0.4,0.17,0.32,0.3,0.24,2.37,1.86,0.37,1.59,0.47,0.17,0.2,0.29,0.32,0.31,0.33,0.21,0.24,0.32,1.42,0.36,0.4,0.44,2.23,0.3,0.87,0.19,0.2,0.2,0.26,1.33,0.66,0.34,0.3,1.47,0.28,0.2,0.18,3.49,0.19,0.39,0.25,0.19,1.5,1.59,0.3,1.58,1.11,1.92,0.39,0.24,0.29,0.23,2.13,0.87,0.34,0.3,0.35,0.16,0.25,1.41,0.33,0.24,0.87,0.23,0.22,0.26,0.49,0.32,0.39,1.4,0.26,0.35,0.31,0.49,0.38,4.72,0.35,1.65,1.36,0.28,0.83,0.54,0.7,0.45,1.48,1.38,0.78,1.09,0.31,2.37,4.05,0.26,1.01,0.34,0.42,0.35,0.28,1.29,3.72,0.23,0.28,0.38,0.6,0.16,0.29,0.34,0.5,0.29,1.38,0.27,3.72,1.91,0.29,0.17,1.36,0.67,0.7,2.04,0.31,2.88,0.34,1.05,1.36,0.48,1.14,0.45,2.37,4.05,0.25,0.28,0.34,2.78,0.29,0.24,1.12,1.01,0.3,1.05,0.35,0.29,0.42,0.34,1.44,0.47,0.32,1.54,3.4,0.26,1.48,0.28,0.34,0.2,0.44,1.91,0.49,1.47,2.04,0.34,0.34,1.48
0.36,1.58,0.64,0.36,0.34,0.28,2.6,0.3,1.44,0.18,1.63,1.3,0.39,0.28,0.25,0.25,0.29,0.25,0.22,0.6,0.13,0.29,0.24,0.22,1.87,1.34,0.34,1.39,0.46,0.13,0.2,0.31,0.29,0.3,0.3,0.22,0.26,0.23,1.44,0.33,0.36,0.38,2.42,0.3,0.62,0.18,0.17,0.13,0.28,1.28,0.64,0.38,0.3,1.37,0.28,0.16,0.17,1.63,0.19,0.39,0.19,0.19,1.3,1.39,0.24,1.5,0.85,1.81,0.34,0.22,0.23,0.22,2.28,0.84,0.34,0.28,0.35,0.16,0.28,1.27,0.3,0.26,0.62,0.2,0.25,0.74,0.46,0.29,0.39,1.26,0.29,0.31,0.26,0.27,0.34,4.72,0.3,1.38,0.26,0.34,0.4,0.52,0.62,0.5,1.12,1.33,0.22,1.07,0.32,2.37,4.35,0.31,1.01,0.35,0.53,0.31,0.31,1.1,3.73,0.19,0.28,0.41,0.8,0.21,0.32,0.33,0.31,0.24,1.33,0.27,3.73,1.63,0.27,0.13,0.26,0.64,0.62,1.23,0.3,3.29,0.36,0.8,1.36,0.45,0.87,0.44,2.37,4.35,0.24,0.32,0.29,3.96,0.27,0.36,1.26,1.01,0.25,0.8,0.27,0.34,0.4,0.36,1.24,0.35,0.32,1.55,3.22,0.27,1.12,0.31,0.39,0.17,0.49,1.63,0.27,1.61,1.23,0.29,0.38,1.79
0.35,1.46,0.55,0.35,0.37,0.26,2.61,0.33,1.37,0.16,1.63,3.4,0.38,0.25,0.24,0.19,0.31,0.54,0.21,1.23,0.09,0.3,0.28,0.17,2.42,0.82,0.32,1.45,0.43,0.09,0.2,0.22,0.3,0.33,0.34,0.22,0.23,0.47,1.37,0.31,0.35,0.4,2.01,0.31,0.38,0.16,0.15,0.15,0.27,1.28,0.55,0.3,0.3,1.26,0.25,0.12,0.2,1.63,0.16,0.33,0.14,0.16,3.4,1.45,0.28,0.99,0.74,1.72,0.4,0.17,0.24,0.21,1.97,0.82,0.26,0.24,0.35,0.15,0.31,1.12,0.34,0.23,0.38,0.17,0.19,1.22,0.62,0.3,0.38,0.72,0.32,0.31,0.3,0.31,0.29,4.63,0.31,1.46,0.26,0.41,0.31,0.53,0.53,0.44,0.76,1.36,0.26,1.17,0.34,1.9,4.06,0.3,0.98,0.28,0.47,0.28,0.29,0.71,3.71,0.16,0.3,0.37,1.17,0.26,0.26,0.33,0.25,0.28,1.36,0.29,3.71,0.99,0.25,0.12,0.26,0.41,0.53,0.95,0.3,3.7,0.31,0.75,1.39,0.42,0.59,0.43,1.9,4.06,0.24,0.35,0.23,5.14,0.25,0.48,1.02,0.98,0.27,0.75,0.33,0.35,0.38,0.31,1.05,0.3,0.28,1.56,3.15,0.28,0.76,0.29,0.4,0.19,0.54,0.99,0.31,1.74,0.95,0.23,0.37,2.09
0.35,1.38,0.45,0.35,0.57,0.26,2.56,0.34,1.0,0.2,1.49,5.5,0.46,0.23,0.28,0.14,0.27,0.83,0.24,1.86,0.14,0.3,0.28,0.17,2.98,0.54,0.31,1.45,0.41,0.14,0.22,0.22,0.31,0.34,0.36,0.21,0.21,0.7,1.0,0.3,0.35,0.41,1.73,0.3,0.33,0.17,0.19,0.21,0.25,1.29,0.45,0.22,0.29,1.14,0.23,0.14,0.22,1.49,0.16,0.28,0.17,0.16,5.5,1.45,0.28,0.48,0.63,1.52,0.37,0.16,0.28,0.24,1.8,0.9,0.18,0.26,0.39,0.14,0.27,0.78,0.36,0.21,0.33,0.14,0.14,1.56,0.77,0.3,0.46,0.18,0.28,0.33,0.39,0.36,0.27,4.54,0.32,1.4,0.25,0.48,0.35,0.55,0.42,0.38,0.55,1.42,0.33,1.23,0.33,1.43,3.62,0.29,0.96,0.25,0.4,0.26,0.27,0.33,3.69,0.14,0.28,0.33,1.26,0.24,0.27,0.32,0.27,0.33,1.42,0.34,3.69,0.34,0.26,0.14,0.25,0.19,0.42,0.66,0.3,3.7,0.27,0.71,1.43,0.51,0.32,0.41,1.43,3.62,0.24,0.33,0.27,3.93,0.26,0.9,0.78,0.96,0.34,0.71,0.32,0.32,0.82,0.27,1.15,0.24,0.25,1.55,3.15,0.26,0.55,0.27,0.36,0.24,0.5,0.34,0.36,2.1,0.66,0.27,0.32,2.4
0.38,1.36,0.34,0.38,0.77,0.3,2.54,0.28,0.63,0.29,1.35,4.15,0.4,0.25,0.27,0.11,0.23,1.03,0.27,1.6,0.19,0.27,0.28,0.18,2.3,0.26,0.32,1.41,0.41,0.19,0.26,0.3,0.29,0.28,0.34,0.2,0.2,1.01,0.63,0.28,0.38,0.38,1.44,0.27,0.3,0.19,0.71,0.25,0.23,1.28,0.34,0.27,0.25,0.98,0.25,0.18,0.23,1.35,0.18,0.3,0.2,0.18,4.15,1.41,0.28,0.52,0.53,1.32,0.35,0.18,0.28,0.27,1.68,0.98,0.83,0.3,0.39,0.17,0.23,0.44,0.34,0.2,0.3,0.15,0.11,1.89,1.04,0.27,0.4,0.21,0.24,0.35,0.38,0.43,0.26,4.07,0.27,1.34,0.23,0.54,0.39,0.57,0.3,0.4,0.34,1.43,0.4,1.39,0.31,1.43,3.18,0.3,0.92,0.29,0.39,0.27,0.27,0.28,3.66,0.18,0.25,0.32,1.35,0.19,0.33,0.32,0.32,0.82,1.43,0.33,3.66,0.29,0.25,0.16,0.23,0.18,0.3,0.76,0.3,1.66,0.28,0.7,1.1,0.6,0.34,0.38,1.43,3.18,0.25,0.29,0.32,2.71,0.25,1.31,0.45,0.92,0.35,0.7,0.3,0.31,1.26,0.28,1.24,0.24,0.32,1.54,2.86,0.23,0.34,0.27,0.33,0.27,0.46,0.29,0.43,2.45,0.76,0.32,0.31,2.39
0.36,1.07,0.22,0.36,1.02,0.3,2.53,0.27,0.44,0.6,1.36,2.8,0.35,0.28,0.26,0.2,0.26,1.22,0.26,1.35,0.19,0.23,0.23,0.21,1.39,0.27,0.28,1.4,0.44,0.19,0.29,0.38,0.26,0.27,0.29,0.2,0.21,1.31,0.44,0.27,0.36,0.35,1.34,0.25,0.28,0.18,1.23,0.21,0.28,1.26,0.22,0.29,0.23,0.62,0.28,0.19,0.2,1.36,0.17,0.32,0.19,0.17,2.8,1.4,0.23,0.53,0.48,0.98,0.36,0.2,0.24,0.26,1.66,0.78,1.48,0.32,0.35,0.18,0.21,0.35,0.29,0.21,0.28,0.21,0.2,1.78,1.31,0.23,0.35,0.19,0.29,0.3,0.31,0.42,0.24,3.61,0.22,1.36,0.2,0.53,0.37,0.53,0.29,0.43,0.32,1.36,0.32,1.3,0.35,1.44,2.88,0.31,0.88,0.31,0.39,0.28,0.28,0.23,3.64,0.23,0.23,0.33,1.34,0.15,0.34,0.34,0.32,1.31,1.36,0.26,3.64,0.29,0.24,0.13,0.2,0.17,0.29,0.85,0.32,1.66,0.29,0.69,0.76,0.88,0.32,0.36,1.44,2.88,0.24,0.26,0.25,3.08,0.24,1.02,0.12,0.88,0.28,0.69,0.3,0.29,0.78,0.29,1.34,0.31,0.39,1.54,2.86,0.42,0.32,0.28,0.28,0.22,0.44,0.29,0.42,2.38,0.85,0.25,0.31,2.39
0.35,0.78,0.3,0.35,1.27,0.26,2.54,0.3,0.3,0.91,0.95,2.67,0.36,0.26,0.22,0.28,0.27,1.32,0.24,0.73,0.2,0.22,0.25,0.18,0.48,0.26,0.24,1.45,0.43,0.2,0.28,0.34,0.23,0.3,0.29,0.21,0.2,1.3,0.3,0.27,0.35,0.35,1.23,0.26,0.28,0.15,1.79,0.14,0.32,1.24,0.3,0.3,0.26,0.27,0.26,0.17,0.22,0.95,0.16,0.33,0.18,0.16,2.67,1.45,0.25,0.51,0.39,0.65,0.37,0.2,0.22,0.24,1.63,0.58,1.36,0.26,0.32,0.17,0.22,0.28,0.29,0.2,0.28,0.25,0.28,1.67,1.35,0.22,0.36,0.17,0.33,0.25,0.26,0.4,0.25,3.61,0.24,1.38,0.21,0.41,0.34,0.49,0.27,0.4,0.27,1.34,0.31,1.15,0.39,1.44,2.59,0.31,1.07,0.28,0.36,0.3,0.28,0.27,3.6,0.23,0.29,0.32,1.33,0.16,0.3,0.29,0.27,0.88,1.34,0.24,3.6,0.3,0.24,0.15,0.21,0.18,0.27,0.86,0.33,1.66,0.27,0.71,0.56,1.16,0.3,0.33,1.44,2.59,0.22,0.27,0.24,3.45,0.24,0.72,0.16,1.07,0.26,0.71,0.31,0.28,0.3,0.27,1.2,0.28,0.31,1.53,2.86,0.62,0.27,0.28,0.22,0.19,0.46,0.3,0.4,2.0,0.86,0.24,0.3,2.44
0.35,0.51,0.38,0.35,1.25,0.23,2.52,0.29,0.26,1.22,0.53,2.53,0.38,0.24,0.86,0.23,0.25,0.76,0.19,0.1,0.19,0.26,0.31,0.48,0.3,0.25,0.25,1.46,0.42,0.19,0.25,0.31,0.23,0.29,0.34,0.22,0.17,1.3,0.26,0.29,0.35,0.35,1.16,0.26,0.28,0.18,2.35,0.11,0.31,1.24,0.38,0.27,0.26,0.18,0.24,0.16,0.24,0.53,0.17,0.32,0.21,0.17,2.53,1.46,0.31,0.46,0.28,0.46,0.43,0.22,0.28,0.19,1.57,0.6,0.95,0.24,0.34,0.14,0.23,0.26,0.34,0.17,0.28,0.29,0.23,1.48,0.8,0.26,0.38,0.16,0.32,0.26,0.29,0.31,0.26,3.46,0.26,1.39,0.21,0.3,0.34,0.48,0.26,0.37,0.23,1.39,0.29,0.99,0.38,1.42,2.54,0.64,1.26,0.25,0.34,0.29,0.28,0.3,3.56,0.73,0.35,0.31,0.94,0.17,0.26,0.25,0.27,0.44,1.39,0.28,3.56,0.3,0.27,0.19,0.21,0.2,0.26,0.55,0.32,1.63,0.24,0.72,0.36,1.32,0.31,0.31,1.42,2.54,0.24,0.3,0.28,2.87,0.27,0.39,0.2,1.26,0.27,0.72,0.31,0.24,0.54,0.24,1.07,0.24,0.22,0.99,0.38,0.6,0.23,0.28,0.24,0.18,0.49,0.3,0.31,1.62,0.55,0.28,0.26,2.43
0.38,0.24,0.3,0.38,0.74,0.27,2.52,0.27,0.26,0.85,0.6,2.49,0.33,0.25,1.5,0.19,0.22,0.19,0.23,0.19,0.17,0.31,0.31,0.86,0.13,0.25,0.29,1.4,0.46,0.17,0.23,0.29,0.23,0.27,0.39,0.21,0.18,0.98,0.26,0.28,0.38,0.35,1.14,0.28,0.27,0.19,1.94,0.13,0.27,1.25,0.3,0.25,0.26,0.16,0.25,0.17,0.28,0.6,0.17,0.32,0.26,0.17,2.49,1.4,0.31,0.41,0.17,0.27,0.42,0.26,0.26,0.23,1.45,0.62,0.55,0.3,0.35,0.17,0.16,0.27,0.39,0.18,0.27,0.24,0.19,1.28,0.26,0.31,0.33,0.18,0.33,0.26,0.32,0.27,0.82,3.46,0.26,1.19,0.17,0.29,0.34,0.5,0.24,0.43,0.27,1.24,0.29,0.91,0.37,2.24,2.5,0.98,1.7,0.29,0.35,0.29,0.3,0.32,3.47,1.24,0.29,0.32,0.56,0.19,0.26,0.28,0.34,0.33,1.24,0.29,3.47,0.27,0.3,0.18,0.17,0.21,0.24,0.24,0.3,1.63,0.27,0.74,0.29,1.49,0.31,0.28,2.24,2.5,0.26,0.29,0.32,2.3,0.3,0.32,0.24,1.7,0.28,0.74,0.27,0.22,0.92,0.27,1.53,0.24,0.29,0.46,0.38,0.59,0.27,0.3,0.26,0.49,0.48,0.27,0.27,1.54,0.24,0.32,0.28,2.36
0.38,0.3,0.21,0.38,0.23,0.31,2.51,0.26,0.29,0.48,0.66,2.45,0.28,0.25,1.45,0.2,0.25,0.23,0.26,0.19,0.16,0.24,0.26,1.21,0.18,0.27,0.3,0.85,0.49,0.16,0.21,0.28,0.22,0.26,0.39,0.18,0.22,0.55,0.29,0.27,0.38,0.4,1.16,0.27,0.25,0.15,1.54,0.19,0.24,1.26,0.21,0.28,0.23,0.19,0.25,0.18,0.31,0.66,0.16,0.31,0.26,0.16,2.45,0.85,0.26,0.45,0.15,0.28,0.41,0.27,0.23,0.26,1.35,0.51,0.42,0.27,0.37,0.19,0.16,0.32,0.39,0.22,0.25,0.23,0.2,1.2,0.21,0.24,0.28,0.17,0.74,0.28,0.3,0.22,1.37,3.89,0.26,0.98,0.14,0.3,0.34,0.49,0.25,0.5,0.32,1.09,0.25,0.97,0.34,3.06,2.47,1.3,1.82,0.35,0.35,0.32,0.32,0.33,3.41,0.93,0.31,0.33,0.56,0.19,0.29,0.3,0.36,0.22,1.09,0.24,3.41,0.25,0.28,0.16,0.14,0.23,0.25,0.3,0.29,1.63,0.31,0.75,0.21,1.35,0.29,0.73,3.06,2.47,0.23,0.26,0.32,2.38,0.28,0.24,0.27,1.82,0.26,0.75,0.22,0.27,1.29,0.31,1.99,0.27,0.35,0.48,0.37,0.59,0.32,0.32,0.26,0.92,0.43,0.25,0.22,1.42,0.3,0.32,0.3,2.33
0.38,0.3,0.25,0.38,0.29,0.31,2.52,0.28,0.3,0.29,1.06,2.41,0.32,0.28,1.37,0.21,0.32,0.27,0.24,0.14,0.21,0.24,0.24,1.21,0.19,0.29,0.26,0.3,0.48,0.21,0.16,0.32,0.23,0.28,0.35,0.23,0.26,0.24,0.3,0.26,0.38,0.43,1.17,0.27,0.26,0.53,1.52,0.24,0.27,1.27,0.25,0.32,0.25,0.2,0.28,0.17,0.41,1.06,0.18,0.31,0.23,0.18,2.41,0.3,0.24,0.49,0.19,0.32,0.44,0.22,0.21,0.24,1.26,0.4,0.29,0.24,0.36,0.17,0.19,0.32,0.35,0.26,0.26,0.23,0.21,1.16,0.2,0.24,0.32,0.17,1.15,0.3,0.26,0.24,1.3,4.33,0.28,0.65,0.16,0.3,0.34,0.48,0.26,0.41,0.31,0.7,0.25,0.98,0.31,2.5,2.43,1.23,1.93,0.35,0.35,0.35,0.31,0.33,3.34,0.63,0.34,0.34,0.29,0.2,0.3,0.28,0.32,0.29,0.7,0.23,3.34,0.27,0.26,0.16,0.16,0.23,0.26,0.26,0.27,0.65,0.31,0.7,0.31,1.21,0.3,1.18,2.5,2.43,0.21,0.26,0.29,2.43,0.26,0.26,0.17,1.93,0.27,0.7,0.25,0.32,1.04,0.31,2.13,0.29,0.81,0.51,0.39,0.6,0.31,0.31,0.25,1.24,0.44,0.27,0.24,1.3,0.26,0.29,0.28,2.35
0.42,0.26,0.28,0.42,0.34,0.31,2.53,0.31,0.3,0.11,1.45,1.64,0.37,0.25,1.3,0.2,0.31,0.18,0.22,0.13,0.25,0.29,0.3,0.7,0.21,0.25,0.24,0.34,0.44,0.25,0.13,0.37,0.23,0.31,0.33,0.28,0.24,0.27,0.3,0.29,0.42,0.42,1.16,0.28,0.27,0.91,1.51,0.17,0.27,1.29,0.28,0.3,0.3,0.18,0.25,0.18,0.34,1.45,0.18,0.31,0.2,0.18,1.64,0.34,0.3,0.44,0.38,0.36,0.47,0.19,0.24,0.22,1.23,0.4,0.26,0.23,0.35,0.15,0.2,0.29,0.33,0.24,0.27,0.25,0.2,1.21,0.22,0.29,0.37,0.17,1.25,0.28,0.27,0.26,1.16,3.38,0.31,0.32,0.19,0.3,0.33,0.47,0.26,0.32,0.31,0.31,0.27,0.96,0.31,1.95,2.47,1.15,1.83,0.29,0.34,0.31,0.32,0.32,3.49,0.39,0.32,0.34,0.29,0.21,0.3,0.25,0.28,0.32,0.31,0.29,3.49,0.28,0.29,0.18,0.19,0.28,0.26,0.22,0.29,0.65,0.33,0.66,0.27,0.81,0.31,1.33,1.95,2.47,0.23,0.29,0.33,2.42,0.29,0.26,0.15,1.83,0.27,0.66,0.28,0.26,0.68,0.33,2.27,0.31,1.26,0.48,0.41,0.6,0.31,0.32,0.3,0.86,0.52,0.28,0.26,1.48,0.22,0.33,0.26,2.39
0.45,0.26,0.31,0.45,0.35,0.28,2.57,0.32,0.28,0.16,1.35,0.88,0.32,0.22,0.99,0.18,0.25,0.18,0.25,0.17,0.14,0.28,0.35,0.2,0.32,0.23,0.27,0.38,0.57,0.14,0.17,0.3,0.22,0.32,0.35,0.26,0.18,0.29,0.28,0.29,0.45,0.39,1.17,0.3,0.29,1.17,1.33,0.14,0.26,1.3,0.31,0.29,0.32,0.19,0.22,0.19,0.26,1.35,0.14,0.29,0.19,0.14,0.88,0.38,0.35,0.45,0.57,0.33,0.45,0.2,0.28,0.25,1.2,0.41,0.24,0.25,0.35,0.16,0.15,0.31,0.35,0.18,0.29,0.27,0.18,0.89,0.21,0.28,0.32,0.17,1.35,0.26,0.31,0.27,1.03,2.43,0.31,0.31,0.17,0.28,0.31,0.48,0.27,0.38,0.31,0.28,0.3,0.95,0.31,1.8,2.51,0.68,2.61,0.26,0.37,0.27,0.32,0.3,3.49,0.14,0.3,0.33,0.29,0.21,0.3,0.29,0.29,0.34,0.28,0.29,3.49,0.28,0.28,0.16,0.17,0.19,0.27,0.23,0.3,0.5,0.35,0.68,0.24,0.4,0.3,1.48,1.8,2.51,0.26,0.32,0.36,2.4,0.28,0.26,0.14,2.61,0.27,0.68,0.28,0.26,0.33,0.35,2.29,0.22,1.4,0.46,0.77,0.58,0.31,0.32,0.86,0.49,0.47,0.28,0.27,1.67,0.23,0.36,0.29,2.38
0.43,0.31,0.35,0.43,0.35,0.24,2.57,0.3,0.28,0.19,0.85,0.53,0.28,0.24,0.69,0.18,0.22,0.18,0.22,0.18,0.11,0.27,0.36,0.25,0.43,0.22,0.29,0.33,0.69,0.11,0.21,0.22,0.22,0.3,0.34,0.22,0.17,0.32,0.28,0.27,0.43,0.39,1.16,0.31,0.31,0.85,1.2,0.15,0.24,1.31,0.35,0.31,0.31,0.19,0.24,0.2,0.26,0.85,0.13,0.28,0.18,0.13,0.53,0.33,0.36,0.56,0.89,0.29,0.42,0.19,0.28,0.22,0.89,0.39,0.24,0.32,0.38,0.19,0.16,0.36,0.34,0.17,0.31,0.27,0.18,0.57,0.19,0.27,0.28,0.16,0.87,0.29,0.32,0.3,0.66,2.43,0.3,0.3,0.14,0.28,0.38,0.52,0.27,0.44,0.31,0.28,0.34,1.01,0.31,1.66,2.46,0.21,3.4,0.3,0.42,0.25,0.3,0.28,3.5,0.21,0.3,0.32,0.3,0.2,0.31,0.33,0.31,0.34,0.28,1.37,3.5,0.27,0.28,0.16,0.14,0.16,0.27,0.27,0.3,0.97,0.35,0.7,0.26,0.45,0.29,1.48,1.66,2.46,0.27,0.31,0.31,2.39,0.28,0.27,0.14,3.4,0.29,0.7,0.28,0.31,0.32,0.35,1.77,0.3,1.19,0.52,1.13,0.56,0.31,0.3,1.41,0.39,0.43,0.27,0.3,1.59,0.27,0.31,0.3,2.39
0.37,0.36,0.26,0.37,0.29,0.27,2.58,0.32,0.33,0.18,0.35,0.19,0.32,0.27,0.45,0.19,0.26,0.18,0.19,0.16,0.08,0.29,0.33,0.27,0.43,0.19,0.28,0.33,1.11,0.08,0.17,0.22,0.23,0.32,0.32,0.18,0.19,0.32,0.33,0.28,0.37,0.36,1.15,0.31,0.31,0.53,0.81,0.19,0.25,1.31,0.26,0.39,0.3,0.18,0.27,0.23,0.35,0.35,0.16,0.26,0.18,0.16,0.19,0.33,0.33,0.71,1.21,0.29,0.41,0.16,0.24,0.19,0.58,0.35,0.25,0.38,0.38,0.17,0.19,0.37,0.32,0.19,0.31,0.26,0.19,0.35,0.19,0.29,0.32,0.18,0.38,0.32,0.28,0.34,0.29,2.42,0.23,0.29,0.16,0.28,0.44,0.51,0.28,0.38,0.25,0.32,0.33,1.22,0.32,1.69,2.48,0.28,1.83,0.31,0.42,0.26,0.28,0.3,3.46,0.27,0.29,0.29,0.31,0.2,0.3,0.32,0.3,0.33,0.32,1.37,3.46,0.27,0.28,0.17,0.16,0.23,0.28,0.25,0.3,1.45,0.26,0.64,0.3,0.51,0.3,0.32,1.69,2.48,0.24,0.31,0.26,2.39,0.28,0.27,0.19,1.83,0.34,0.64,0.31,0.33,0.32,0.26,1.25,0.37,0.98,0.58,1.13,0.55,0.25,0.28,1.2,0.29,0.44,0.27,0.34,1.52,0.25,0.26,0.29,2.4
0.66,0.35,0.37,0.66,0.24,0.3,2.6,0.37,0.37,0.14,0.29,0.17,0.36,0.27,0.22,0.19,0.28,0.18,0.19,0.15,0.14,0.34,0.33,0.23,0.57,0.18,0.25,0.39,1.53,0.14,0.17,0.28,0.23,0.37,0.28,0.21,0.21,0.31,0.37,0.33,0.66,0.33,1.17,0.3,0.31,0.32,0.42,0.25,0.25,1.08,0.37,0.47,0.32,0.19,0.27,0.23,0.35,0.29,0.19,0.25,0.16,0.19,0.17,0.39,0.33,0.6,1.16,0.28,0.4,0.15,0.24,0.19,0.4,0.32,0.23,0.32,0.34,0.16,0.21,0.31,0.28,0.21,0.31,0.24,0.19,0.13,0.2,0.34,0.36,0.18,0.33,0.28,0.29,0.3,0.28,2.42,0.27,0.26,0.19,0.28,0.37,0.49,0.36,0.32,0.27,0.32,0.32,1.28,0.32,1.67,2.5,0.34,0.26,0.28,0.39,0.26,0.3,0.29,3.43,0.22,0.29,0.28,0.3,0.19,0.3,0.3,0.29,0.33,0.32,1.37,3.43,0.3,0.27,0.16,0.19,0.23,0.36,0.23,0.31,0.93,0.3,0.69,0.34,0.51,0.31,0.32,1.67,2.5,0.21,0.31,0.24,2.38,0.27,0.28,0.19,0.26,0.34,0.69,0.33,0.33,0.34,0.3,1.19,0.34,0.6,0.56,0.26,0.54,0.27,0.3,0.98,0.24,0.49,0.3,0.3,1.65,0.23,0.24,0.27,2.41
1.13,0.31,0.48,1.13,0.29,0.3,2.64,0.36,0.37,0.14,0.3,0.16,0.37,0.26,0.24,0.18,0.25,0.16,0.19,0.16,0.16,0.38,0.37,0.17,0.5,0.17,0.3,0.35,1.33,0.16,0.22,0.28,0.24,0.36,0.29,0.21,0.18,0.3,0.37,0.38,1.13,0.34,1.2,0.84,0.3,0.11,0.29,0.26,0.26,0.84,0.48,0.86,0.32,0.2,0.26,0.2,0.28,0.3,0.14,0.25,0.17,0.14,0.16,0.35,0.37,0.48,1.07,0.22,0.4,0.19,0.31,0.19,0.22,0.29,0.25,0.33,0.29,0.17,0.2,0.26,0.29,0.18,0.3,0.21,0.18,0.18,0.22,0.38,0.37,0.16,0.33,0.24,0.35,0.25,0.27,2.41,0.32,0.24,0.18,0.28,0.29,0.48,0.37,0.41,0.3,0.3,0.32,1.24,0.29,1.62,2.48,0.32,0.3,0.26,0.36,0.27,0.32,0.27,3.29,0.18,0.27,0.27,0.3,0.16,0.28,0.27,0.3,0.32,0.3,0.28,3.29,0.3,0.25,0.16,0.18,0.59,0.37,0.25,0.28,0.41,0.3,0.74,0.34,0.46,0.29,0.34,1.62,2.48,0.24,0.31,0.27,2.37,0.25,0.25,0.21,0.3,0.27,0.74,0.39,0.33,0.3,0.3,1.12,0.31,0.23,0.53,0.26,0.42,0.3,0.32,0.64,0.21,0.45,0.3,0.25,1.63,0.25,0.27,0.69,2.38
1.35,0.3,0.38,1.35,0.31,0.23,2.62,0.3,0.28,0.22,0.31,0.16,0.38,0.23,0.28,0.16,0.23,0.15,0.19,0.16,0.18,0.38,0.36,0.16,0.35,0.19,0.37,0.31,1.14,0.18,0.28,0.57,0.28,0.3,0.35,0.2,0.17,0.27,0.28,0.36,1.35,0.35,1.19,1.37,0.28,0.19,0.16,0.25,0.24,0.51,0.38,1.25,0.3,0.18,0.23,0.19,0.21,0.31,0.15,0.24,0.18,0.15,0.16,0.31,0.36,0.49,0.94,0.15,0.34,0.19,0.27,0.19,0.22,0.26,0.26,0.37,0.29,0.19,0.21,0.27,0.35,0.17,0.28,0.22,0.16,0.21,0.26,0.38,0.38,0.16,0.31,0.3,0.38,0.28,0.27,2.41,0.28,0.27,0.16,0.28,0.33,0.52,0.33,0.49,0.29,0.28,0.33,1.24,0.29,1.56,2.46,0.3,0.36,0.28,0.37,0.28,0.28,0.27,2.89,0.17,0.28,0.28,0.25,0.14,0.25,0.24,0.3,0.29,0.28,0.28,2.89,0.26,0.28,0.17,0.16,0.95,0.33,0.27,0.26,0.45,0.26,0.7,0.25,0.46,0.28,0.35,1.56,2.46,0.27,0.27,0.27,2.38,0.28,0.22,0.23,0.36,0.24,0.7,0.55,0.34,0.26,0.26,1.24,0.31,0.29,0.54,0.26,0.29,0.29,0.28,0.3,0.2,0.42,0.26,0.28,1.62,0.27,0.27,1.11,2.41
1.09,0.3,0.28,1.09,0.32,0.23,2.59,0.27,0.27,0.21,0.31,0.22,0.4,0.2,0.27,0.14,0.27,0.16,0.19,0.16,0.13,0.31,0.29,0.18,0.35,0.19,0.39,0.31,0.81,0.13,0.2,0.85,0.31,0.27,0.35,0.19,0.19,0.25,0.27,0.32,1.09,0.36,0.77,1.11,0.26,0.19,0.2,0.24,0.24,0.19,0.28,0.93,0.25,0.17,0.2,0.2,0.19,0.31,0.18,0.24,0.19,0.18,0.22,0.31,0.29,0.49,0.52,0.16,0.34,0.16,0.23,0.19,0.19,0.41,0.25,0.36,0.3,0.17,0.28,0.3,0.35,0.19,0.26,0.25,0.14,0.2,0.3,0.31,0.4,0.2,0.31,0.36,0.33,0.27,0.27,2.41,0.24,0.31,0.19,0.28,0.37,0.56,0.31,0.49,0.28,0.29,0.31,1.23,0.32,1.53,2.45,0.3,0.43,0.34,0.33,0.29,0.24,0.27,2.48,0.18,0.28,0.27,0.25,0.15,0.27,0.27,0.29,0.25,0.29,0.27,2.48,0.22,0.32,0.19,0.19,1.3,0.31,0.23,0.28,0.5,0.22,0.65,0.27,0.46,0.27,0.35,1.53,2.45,0.24,0.26,0.27,2.38,0.32,0.24,0.23,0.43,0.27,0.65,0.7,0.33,0.23,0.22,1.36,0.34,0.34,0.55,0.32,0.26,0.28,0.24,0.3,0.19,0.42,0.22,0.27,1.38,0.23,0.27,1.2,2.44
0.75,0.28,0.17,0.75,0.28,0.29,2.56,0.28,0.31,0.2,0.32,0.29,0.42,0.24,0.25,0.12,0.31,0.16,0.21,0.18,0.16,0.28,0.27,0.19,0.29,0.18,0.33,0.35,0.48,0.16,0.18,1.32,0.3,0.28,0.34,0.19,0.24,0.24,0.31,0.32,0.75,0.38,0.38,0.85,0.25,0.15,0.2,0.22,0.26,0.22,0.17,0.61,0.23,0.2,0.24,0.19,0.22,0.32,0.18,0.25,0.16,0.18,0.29,0.35,0.27,0.49,0.1,0.17,0.39,0.15,0.21,0.21,0.2,0.55,0.25,0.29,0.32,0.16,0.28,0.3,0.34,0.24,0.25,0.25,0.12,0.18,0.24,0.28,0.42,0.19,0.29,0.33,0.28,0.25,0.28,2.4,0.26,0.32,0.25,0.27,0.37,0.56,0.3,0.4,0.27,0.27,0.31,1.39,0.35,1.5,2.45,0.28,0.94,0.34,0.3,0.28,0.27,0.27,2.4,0.19,0.29,0.26,0.25,0.19,0.33,0.31,0.3,0.27,0.27,0.26,2.4,0.23,0.33,0.16,0.25,1.12,0.3,0.17,0.32,0.44,0.27,0.68,0.27,0.45,0.33,0.25,1.5,2.45,0.21,0.28,0.28,2.35,0.33,0.28,0.22,0.94,0.25,0.68,1.05,0.28,0.28,0.27,1.16,0.35,0.29,0.5,0.31,0.27,0.27,0.27,0.31,0.16,0.46,0.23,0.25,1.28,0.17,0.28,1.29,2.47
0.41,0.26,0.19,0.41,0.25,0.34,2.54,0.29,0.31,0.21,0.34,0.19,0.38,0.28,0.23,0.17,0.29,0.18,0.23,0.16,0.19,0.3,0.29,0.17,0.22,0.17,0.29,0.38,0.44,0.19,0.2,0.93,0.28,0.29,0.33,0.2,0.26,0.27,0.31,0.34,0.41,0.38,0.25,0.59,0.26,0.16,0.15,0.23,0.26,0.21,0.19,0.43,0.27,0.18,0.28,0.15,0.25,0.34,0.15,0.25,0.16,0.15,0.19,0.38,0.29,0.5,0.14,0.17,0.43,0.2,0.23,0.23,0.23,0.52,0.26,0.23,0.35,0.16,0.22,0.25,0.33,0.26,0.26,0.19,0.17,0.18,0.21,0.3,0.38,0.15,0.28,0.31,0.28,0.25,0.3,1.34,0.29,0.33,0.26,0.25,0.38,0.51,0.3,0.4,0.27,0.24,0.25,1.35,0.37,1.09,2.49,0.26,1.46,0.29,0.33,0.28,0.31,0.27,2.31,0.19,0.28,0.26,0.25,0.23,0.32,0.24,0.34,0.3,0.24,0.25,2.31,0.24,0.32,0.14,0.26,0.94,0.3,0.18,0.27,0.37,0.32,0.7,0.29,0.44,0.33,0.33,1.09,2.49,0.24,0.3,0.31,2.34,0.32,0.29,0.2,1.46,0.23,0.7,1.4,0.28,0.33,0.32,1.22,0.32,0.23,0.45,0.33,0.28,0.27,0.31,0.33,0.16,0.5,0.24,0.25,1.18,0.18,0.31,0.94,2.42
0.37,0.27,0.22,0.37,0.3,0.29,2.49,0.28,0.27,0.24,0.32,0.14,0.34,0.28,0.27,0.22,0.25,0.21,0.25,0.13,0.22,0.28,0.31,0.16,0.19,0.19,0.32,0.38,0.43,0.22,0.2,0.55,0.23,0.28,0.36,0.21,0.21,0.29,0.27,0.31,0.37,0.38,0.2,0.32,0.27,0.19,0.16,0.26,0.25,0.2,0.22,0.25,0.26,0.16,0.28,0.15,0.26,0.32,0.16,0.23,0.19,0.16,0.14,0.38,0.31,0.51,0.19,0.18,0.4,0.22,0.26,0.25,0.22,0.49,0.28,0.28,0.32,0.19,0.19,0.25,0.36,0.21,0.27,0.14,0.22,0.18,0.24,0.28,0.34,0.14,0.27,0.29,0.29,0.27,0.31,0.28,0.32,0.35,0.22,0.39,0.38,0.43,0.28,0.39,0.3,0.24,0.25,1.3,0.37,0.67,2.2,0.22,0.86,0.27,0.37,0.36,0.23,0.27,2.29,0.17,0.32,0.27,0.35,0.23,0.3,0.28,0.34,0.28,0.24,0.25,2.29,0.26,0.31,0.15,0.22,0.58,0.28,0.18,0.23,0.4,0.28,0.7,0.29,0.44,0.35,0.33,0.67,2.2,0.26,0.29,0.33,2.35,0.31,0.3,0.2,0.86,0.23,0.7,0.84,0.29,0.33,0.28,1.27,0.26,0.29,0.45,0.36,0.28,0.3,0.23,0.33,0.2,0.5,0.26,0.27,1.42,0.18,0.33,0.59,2.4
0.33,0.28,0.23,0.33,0.36,0.23,2.47,0.26,0.25,0.22,0.32,0.15,0.33,0.26,0.33,0.22,0.23,0.23,0.28,0.11,0.24,0.25,0.28,0.17,0.19,0.2,0.3,0.33,0.46,0.24,0.17,0.38,0.21,0.26,0.39,0.2,0.19,0.27,0.25,0.25,0.33,0.38,0.15,0.29,0.28,0.18,0.22,0.29,0.25,0.2,0.23,0.3,0.26,0.16,0.26,0.22,0.44,0.32,0.19,0.22,0.23,0.19,0.15,0.33,0.28,0.5,0.19,0.2,0.37,0.22,0.28,0.28,0.19,0.51,0.3,0.27,0.34,0.17,0.2,0.31,0.39,0.19,0.28,0.12,0.22,0.17,0.28,0.25,0.33,0.19,0.26,0.27,0.29,0.25,0.31,0.32,0.31,0.37,0.21,0.54,0.37,0.34,0.25,0.39,0.33,0.24,0.25,1.29,0.33,0.5,1.91,0.24,0.26,0.3,0.37,0.43,0.84,0.3,2.33,0.15,0.33,0.27,0.3,0.2,0.25,0.33,0.32,0.32,0.24,0.29,2.33,0.28,0.31,0.15,0.21,0.22,0.25,0.18,0.24,0.43,0.25,0.7,0.28,0.44,0.35,0.37,0.5,1.91,0.24,0.26,0.31,2.35,0.31,0.3,0.14,0.26,0.27,0.7,0.28,0.3,0.23,0.25,1.35,0.24,0.27,0.46,0.34,0.32,0.33,0.84,0.31,0.19,0.47,0.28,0.25,1.68,0.18,0.31,0.4,2.39
0.33,0.28,0.2,0.33,0.34,0.26,2.48,0.28,0.28,0.16,0.32,0.21,0.33,0.26,0.35,0.24,0.26,0.25,0.31,0.13,0.25,0.23,0.26,0.19,0.19,0.23,0.27,0.33,0.47,0.25,0.19,0.21,0.19,0.28,0.37,0.21,0.19,0.24,0.28,0.24,0.33,0.41,0.15,0.28,0.27,0.17,0.21,0.26,0.29,0.21,0.2,0.33,0.23,0.2,0.26,0.63,0.61,0.32,0.17,0.25,0.23,0.17,0.21,0.33,0.26,0.5,0.15,0.18,0.36,0.24,0.24,0.31,0.17,0.52,0.33,0.26,0.36,0.16,0.19,0.31,0.37,0.19,0.27,0.13,0.24,0.18,0.3,0.23,0.33,0.15,0.34,0.28,0.27,0.23,0.28,0.3,0.31,0.35,0.21,0.95,0.35,0.28,0.28,0.41,0.28,0.25,0.29,1.36,0.33,0.33,1.69,0.28,0.26,0.31,0.33,0.88,1.46,0.33,2.38,0.14,0.32,0.27,0.3,0.18,0.27,0.28,0.3,0.35,0.25,0.28,2.38,0.28,0.29,0.14,0.21,0.22,0.28,0.19,0.28,0.94,0.24,0.7,0.28,0.46,0.32,0.4,0.33,1.69,0.21,0.26,0.26,2.37,0.29,0.3,0.14,0.26,0.31,0.7,0.28,0.29,0.23,0.24,1.31,0.31,0.24,0.45,0.33,0.32,0.28,1.46,0.28,0.14,0.47,0.28,0.23,1.63,0.19,0.26,0.22,2.4
0.4,0.27,0.16,0.4,0.31,0.3,2.47,0.28,0.31,0.13,0.3,0.26,0.33,0.28,0.32,0.24,0.27,0.23,0.3,0.16,0.2,0.27,0.28,0.18,0.21,0.25,0.23,0.38,0.48,0.2,0.21,0.3,0.2,0.28,0.32,0.22,0.46,0.25,0.31,0.28,0.4,0.41,0.2,0.29,0.26,0.17,0.15,0.22,0.31,0.24,0.16,0.33,0.25,0.21,0.28,1.03,0.96,0.3,0.16,0.25,0.23,0.16,0.26,0.38,0.28,0.33,0.15,0.17,0.4,0.27,0.26,0.3,0.22,0.52,0.31,0.24,0.31,0.16,0.17,0.27,0.32,0.46,0.26,0.19,0.24,0.21,0.29,0.27,0.33,0.11,0.41,0.28,0.28,0.23,0.25,0.28,0.31,0.32,0.18,1.37,0.35,0.27,0.31,0.43,0.23,0.25,0.32,1.72,0.29,0.28,1.48,0.25,0.26,0.28,0.32,1.32,1.15,0.34,2.29,0.13,0.31,0.27,0.29,0.19,0.31,0.24,0.32,0.35,0.25,0.26,2.29,0.38,0.29,0.14,0.18,0.2,0.31,0.18,0.33,1.44,0.23,0.75,0.3,0.46,0.29,0.33,0.28,1.48,0.23,0.31,0.23,2.38,0.29,0.31,0.17,0.26,0.32,0.75,0.29,0.28,0.26,0.23,1.26,0.27,0.29,0.44,0.29,0.92,0.23,1.15,0.25,0.12,0.49,0.38,0.23,1.58,0.18,0.23,0.29,2.39
0.4,0.28,0.22,0.4,0.29,0.27,2.44,0.27,0.3,0.17,0.28,0.26,0.33,0.26,0.28,0.28,0.26,0.22,0.28,0.13,0.15,0.31,0.29,0.16,0.23,0.27,0.26,0.39,0.47,0.15,0.2,0.32,0.22,0.27,0.28,0.18,0.72,0.28,0.3,0.3,0.4,0.38,0.19,0.29,0.3,0.18,0.14,0.19,0.29,0.27,0.22,0.31,0.29,0.18,0.26,1.28,1.31,0.28,0.16,0.25,0.26,0.16,0.26,0.39,0.29,0.16,0.17,0.17,0.44,0.24,0.3,0.28,0.18,0.45,0.3,0.27,0.26,0.19,0.15,0.24,0.28,0.72,0.3,0.25,0.28,0.2,0.26,0.31,0.33,0.14,0.41,0.28,0.29,0.71,0.28,0.32,0.31,0.28,0.15,1.02,0.33,0.3,0.67,0.42,0.25,0.3,0.32,1.87,0.31,0.27,1.43,0.21,0.2,0.26,0.35,0.97,0.85,0.32,2.33,0.14,0.29,0.28,0.27,0.22,0.3,0.24,0.32,0.35,0.3,0.3,2.33,0.38,0.28,0.17,0.15,0.2,0.67,0.17,0.32,1.6,0.27,0.75,0.31,0.48,0.28,0.25,0.27,1.43,0.26,0.35,0.24,2.39,0.28,0.26,0.2,0.2,0.31,0.75,0.3,0.29,0.3,0.27,1.22,0.24,0.33,0.44,0.26,1.53,0.25,0.85,0.25,0.19,0.48,0.38,0.71,1.66,0.17,0.24,0.3,2.4
0.39,0.28,0.29,0.39,0.3,0.24,2.45,0.26,0.28,0.19,0.3,0.22,0.32,0.24,0.24,0.2,0.25,0.21,0.25,0.15,0.12,0.31,0.29,0.2,0.19,0.26,0.31,0.35,0.48,0.12,0.16,0.34,0.23,0.26,0.3,0.14,0.95,0.29,0.28,0.28,0.39,0.36,0.16,0.32,0.34,0.18,0.2,0.23,0.25,0.27,0.29,0.29,0.3,0.17,0.24,1.54,1.34,0.3,0.17,0.24,0.25,0.17,0.22,0.35,0.29,0.16,0.17,0.18,0.45,0.19,0.3,0.25,0.15,0.52,0.27,0.31,0.26,0.17,0.18,0.27,0.3,0.95,0.34,0.17,0.2,0.16,0.24,0.31,0.32,0.18,0.3,0.28,0.3,1.2,0.31,0.35,0.27,0.23,0.16,0.68,0.32,0.31,1.02,0.41,0.27,0.3,0.35,2.07,0.34,0.31,1.39,0.22,0.15,0.28,0.39,0.63,0.62,0.33,2.37,0.14,0.27,0.29,0.28,0.19,0.26,0.33,0.28,0.35,0.3,0.34,2.37,0.31,0.26,0.19,0.16,0.28,1.02,0.18,0.31,1.33,0.3,0.72,0.26,0.45,0.26,0.26,0.31,1.39,0.49,0.27,0.25,2.35,0.26,0.22,0.21,0.15,0.3,0.72,0.29,0.32,0.28,0.3,1.18,0.23,0.33,0.45,0.31,1.53,0.27,0.62,0.27,0.25,0.43,0.31,1.2,1.69,0.18,0.25,0.26,2.41
0.4,0.31,0.3,0.4,0.31,0.24,2.49,0.28,0.27,0.18,0.33,0.21,0.31,0.22,0.26,0.12,0.28,0.2,0.2,0.18,0.12,0.25,0.27,0.24,0.15,0.25,0.31,0.33,0.47,0.12,0.75,0.31,0.22,0.28,0.35,0.17,1.17,0.27,0.27,0.23,0.4,0.36,0.16,0.34,0.33,0.19,0.21,0.29,0.23,0.28,0.3,0.26,0.27,0.18,0.22,1.49,0.78,0.33,0.16,0.23,0.19,0.16,0.21,0.33,0.27,0.19,0.16,0.15,0.46,0.17,0.25,0.2,0.17,0.58,0.25,0.3,0.26,0.16,0.17,0.32,0.35,1.17,0.33,0.13,0.12,0.16,0.24,0.25,0.31,0.19,0.3,0.28,0.27,1.26,0.35,0.3,0.23,0.26,0.17,0.51,0.3,0.28,1.36,0.38,0.28,0.3,0.35,1.98,0.32,0.31,1.39,0.23,0.18,0.32,0.42,0.43,0.4,0.33,2.26,0.14,0.23,0.3,0.27,0.14,0.27,0.36,0.26,0.33,0.3,0.31,2.26,0.23,0.26,0.17,0.17,0.23,1.36,0.19,0.32,1.06,0.27,0.69,0.22,0.42,0.28,0.29,0.31,1.39,0.72,0.26,0.27,2.31,0.26,0.22,0.21,0.18,0.29,0.69,0.28,0.33,0.33,0.27,1.15,0.26,0.32,0.45,0.35,0.29,0.28,0.4,0.29,0.18,0.42,0.23,1.26,1.73,0.19,0.27,0.27,2.41
0.43,0.32,0.3,0.43,0.33,0.24,2.5,0.28,0.33,0.13,0.33,0.24,0.85,0.25,0.27,0.56,0.3,0.19,0.14,0.17,0.18,0.25,0.28,0.27,0.23,0.23,0.25,0.36,0.46,0.18,1.33,0.28,0.2,0.28,0.35,0.21,1.27,0.27,0.33,0.26,0.43,0.36,0.18,0.36,0.29,0.17,0.17,0.29,0.25,0.25,0.3,0.28,0.27,0.19,0.25,1.0,0.21,0.33,0.18,0.24,0.15,0.18,0.24,0.36,0.28,0.17,0.17,0.13,0.41,0.19,0.22,0.14,0.21,0.57,0.22,0.25,0.32,0.16,0.15,0.37,0.35,1.27,0.29,0.15,0.56,0.19,0.23,0.25,0.85,0.16,0.29,0.27,0.3,1.31,0.35,0.25,0.26,0.28,0.18,0.35,0.3,0.26,1.02,0.34,0.32,0.26,0.29,1.94,0.3,0.27,1.4,0.26,0.21,0.33,0.36,0.24,0.37,0.29,2.14,0.19,0.22,0.31,0.26,0.12,0.35,0.31,0.31,0.32,0.26,0.24,2.14,0.23,0.26,0.16,0.18,0.18,1.02,0.2,0.29,0.77,0.25,0.64,0.22,0.42,0.3,0.32,0.27,1.4,1.0,0.28,0.25,2.32,0.26,0.26,0.21,0.21,0.27,0.64,0.3,0.34,0.37,0.25,1.16,0.3,0.32,0.45,0.3,0.29,0.32,0.37,0.27,0.17,0.47,0.23,1.31,1.5,0.2,0.25,0.31,2.38
0.4,0.34,0.74,0.4,0.32,0.24,2.48,0.27,0.38,0.15,0.33,0.26,1.39,0.27,0.23,1.0,0.28,0.18,0.17,0.16,0.18,0.29,0.3,0.24,0.21,0.22,0.24,0.38,0.42,0.18,0.92,0.33,0.18,0.27,0.32,0.24,0.75,0.31,0.38,0.31,0.4,0.38,0.17,0.33,0.25,0.16,0.15,0.24,0.26,0.23,0.74,0.29,0.33,0.19,0.27,0.52,0.19,0.33,0.17,0.25,0.17,0.17,0.26,0.38,0.3,0.16,0.16,0.15,0.35,0.17,0.24,0.17,0.22,0.57,0.2,0.25,0.38,0.18,0.14,0.27,0.32,0.75,0.25,0.2,1.0,0.23,0.22,0.29,1.39,0.15,0.28,0.26,0.35,1.12,0.3,0.23,0.29,0.29,0.15,0.3,0.31,0.29,0.67,0.91,0.36,0.26,0.29,1.88,0.23,0.26,1.39,0.29,0.19,0.3,0.31,0.25,0.3,0.24,2.29,0.16,0.25,0.32,0.26,0.16,0.34,0.31,0.31,0.31,0.26,0.24,2.29,0.23,0.25,0.17,0.15,0.19,0.67,0.23,0.26,0.47,0.3,0.67,0.3,0.42,0.27,0.28,0.26,1.39,1.29,0.3,0.25,2.33,0.25,0.26,0.19,0.19,0.26,0.67,0.3,0.36,0.37,0.3,1.17,0.3,0.32,0.45,0.26,0.26,0.36,0.3,0.26,0.17,0.52,0.23,1.12,1.27,0.23,0.25,0.35,2.39
0.35,0.33,1.18,0.35,0.3,1.25,2.51,0.26,0.37,0.19,0.34,0.29,1.22,0.24,0.25,1.11,0.25,0.18,0.19,0.16,0.15,0.32,0.33,0.21,0.2,0.19,0.29,0.37,0.43,0.15,0.52,0.38,0.17,0.26,0.29,0.23,0.22,0.3,0.37,0.31,0.35,0.4,0.17,0.31,0.26,0.19,0.18,0.17,0.27,0.21,1.18,0.3,0.32,0.2,0.24,0.49,0.17,0.34,0.14,0.22,0.19,0.14,0.29,0.37,0.33,0.16,0.15,0.17,0.36,0.15,0.27,0.19,0.2,0.39,0.22,0.31,0.31,0.19,0.16,0.24,0.29,0.22,0.26,0.23,1.11,0.2,0.2,0.32,1.22,0.16,0.25,0.29,0.36,0.68,0.3,0.29,0.32,0.3,0.16,0.3,0.34,0.31,0.49,1.47,0.33,0.28,0.29,1.73,0.77,0.28,1.37,0.21,0.18,0.29,0.33,0.28,0.23,0.27,2.36,0.13,0.28,0.33,0.27,0.24,0.27,0.32,0.29,0.3,0.28,0.28,2.36,0.27,0.26,0.18,0.16,0.19,0.49,0.25,0.24,0.47,0.36,0.69,0.22,0.45,0.23,0.24,0.28,1.37,0.8,0.27,0.31,2.34,0.26,0.26,0.18,0.18,0.27,0.69,0.3,0.4,0.27,0.36,1.18,0.25,0.32,0.45,0.32,0.25,0.33,0.23,0.29,0.17,0.5,0.27,0.68,1.28,0.25,0.31,0.34,2.38
0.31,0.29,0.97,0.31,0.3,1.25,2.54,0.31,0.31,0.2,0.34,0.22,1.06,0.22,0.29,1.22,0.23,0.18,0.19,0.16,0.12,0.31,0.34,0.19,0.21,0.18,0.3,0.34,0.47,0.12,0.34,0.3,0.16,0.31,0.34,0.22,0.18,0.29,0.31,0.25,0.31,0.41,0.18,0.29,0.27,0.18,0.19,0.13,0.27,0.19,0.97,0.29,0.3,0.19,0.22,0.48,0.19,0.34,0.15,0.19,0.17,0.15,0.22,0.34,0.34,0.18,0.17,0.16,0.36,0.18,0.27,0.19,0.19,0.21,0.24,0.38,0.24,0.21,0.2,0.28,0.34,0.18,0.27,0.2,1.22,0.16,0.18,0.31,1.06,0.17,0.25,0.29,0.31,0.25,0.31,0.34,0.51,0.48,0.17,0.31,0.37,0.29,0.31,1.15,0.33,0.27,0.29,1.38,1.31,0.32,1.38,0.29,0.13,0.29,0.36,0.31,0.27,0.32,2.43,0.11,0.24,0.33,0.33,0.22,0.23,0.33,0.25,0.3,0.27,0.28,2.43,0.31,0.26,0.16,0.17,0.15,0.31,0.26,0.23,0.35,0.29,0.74,0.34,0.45,0.26,0.28,0.32,1.38,0.56,0.27,0.37,2.36,0.26,0.22,0.23,0.13,0.27,0.74,0.28,0.33,0.27,0.29,1.19,0.25,0.28,0.46,0.32,0.23,0.33,0.27,0.33,0.14,0.48,0.31,0.25,1.38,0.26,0.37,0.32,2.4
0.33,0.27,0.75,0.33,0.29,1.04,2.51,0.36,0.26,0.19,0.34,0.17,0.74,0.23,0.3,0.71,0.25,0.16,0.19,0.15,0.13,0.32,0.35,0.18,0.23,0.17,0.27,0.34,0.5,0.13,0.17,0.28,0.2,0.36,0.42,0.19,0.18,0.24,0.26,0.25,0.33,0.43,0.16,0.26,0.27,0.15,0.18,0.34,0.28,0.18,0.75,0.28,0.25,0.16,0.23,0.49,0.21,0.34,0.17,0.22,0.14,0.17,0.17,0.34,0.35,0.2,0.19,0.14,0.36,0.19,0.25,0.19,0.2,0.45,0.22,0.87,0.24,0.23,0.23,0.27,0.42,0.18,0.27,0.17,0.71,0.15,0.16,0.32,0.74,0.17,0.35,0.29,0.27,0.27,0.27,0.3,0.69,0.66,0.18,0.27,0.37,0.28,0.29,0.75,0.33,0.26,0.32,1.23,1.38,0.33,1.4,0.38,0.15,0.3,0.31,0.28,0.31,0.31,2.36,0.15,0.26,0.45,0.3,0.2,0.23,0.33,0.25,0.3,0.26,0.25,2.36,0.31,0.26,0.17,0.18,0.11,0.29,0.2,0.26,0.43,0.23,1.09,0.34,0.45,0.3,0.35,0.33,1.4,0.31,0.28,0.3,2.34,0.26,0.22,0.17,0.15,0.25,1.09,0.26,0.27,0.28,0.23,1.24,0.29,0.24,0.47,0.32,0.25,0.33,0.31,0.28,0.18,0.5,0.31,0.27,1.48,0.2,0.3,0.31,2.4
0.33,0.27,0.45,0.33,0.33,0.84,2.44,0.35,0.27,0.2,0.32,0.13,0.43,0.24,0.26,0.2,0.26,0.16,0.19,0.18,0.15,0.35,0.36,0.18,0.18,0.19,0.27,0.37,0.47,0.15,0.18,0.27,0.22,0.35,0.4,0.19,0.19,0.22,0.27,0.33,0.33,0.41,0.16,0.26,0.26,0.15,0.17,0.55,0.27,0.17,0.45,0.33,0.25,0.14,0.24,0.9,0.25,0.32,0.18,0.26,0.16,0.18,0.13,0.37,0.36,0.17,0.16,0.17,0.37,0.16,0.27,0.19,0.21,0.7,0.19,1.35,0.3,0.26,0.22,0.26,0.4,0.19,0.26,0.16,0.2,0.2,0.19,0.35,0.43,0.18,0.34,0.3,0.28,0.29,0.24,0.26,0.69,0.59,0.17,0.23,0.38,0.33,0.26,0.36,0.28,0.27,0.4,1.18,1.07,0.33,1.38,0.35,0.17,0.27,0.29,0.26,0.27,0.3,2.26,0.19,0.29,0.57,0.29,0.14,0.28,0.29,0.32,0.25,0.27,0.25,2.26,0.28,0.28,0.17,0.17,0.14,0.26,0.17,0.28,0.43,0.3,1.43,0.34,0.47,0.27,0.42,0.33,1.38,0.23,0.3,0.22,2.34,0.28,0.27,0.12,0.17,0.25,1.43,0.26,0.28,0.26,0.3,1.25,0.31,0.27,0.45,0.29,0.27,0.28,0.27,0.22,0.19,0.67,0.28,0.29,1.49,0.17,0.22,0.29,2.43
0.33,0.3,0.16,0.33,0.35,0.62,2.41,0.29,0.29,0.26,0.32,0.19,0.42,0.71,0.23,0.2,0.28,0.18,0.23,0.18,0.23,0.37,0.35,0.16,0.13,0.18,0.32,0.37,0.46,0.23,0.2,0.29,0.25,0.29,0.33,0.2,0.2,0.23,0.29,0.33,0.33,0.38,0.18,0.26,0.25,0.18,0.17,0.89,0.27,0.18,0.16,0.39,0.27,0.16,0.71,1.32,0.24,0.32,0.1,0.22,0.2,0.1,0.19,0.37,0.35,0.17,0.13,0.2,0.35,0.16,0.3,0.23,0.2,0.93,0.22,1.15,0.3,0.25,0.22,0.23,0.33,0.2,0.25,0.73,0.2,0.21,0.21,0.37,0.42,0.16,0.25,0.34,0.32,0.24,0.29,2.01,0.96,0.53,0.22,0.23,0.38,0.89,0.26,0.35,0.27,0.26,0.48,1.06,0.76,0.34,1.36,0.3,0.28,0.27,0.49,0.24,0.3,0.3,2.12,0.19,0.29,0.99,0.3,0.18,0.32,0.26,0.39,0.25,0.26,0.26,2.12,0.28,0.29,0.16,0.22,0.17,0.26,0.17,0.23,0.4,0.44,0.96,0.3,0.47,0.24,0.32,0.34,1.36,0.22,0.3,0.23,2.35,0.29,0.33,0.1,0.28,0.64,0.96,0.26,0.25,0.23,0.44,1.4,0.33,0.3,1.98,0.26,0.3,0.27,0.3,0.3,0.16,0.84,0.28,0.24,1.43,0.17,0.23,0.26,2.42
0.3,0.28,0.21,0.3,0.37,0.39,2.43,0.27,0.29,0.22,0.3,0.24,0.41,1.18,0.24,0.2,0.27,0.2,0.26,0.15,0.32,0.36,0.33,0.16,0.16,0.14,0.37,0.35,0.48,0.32,0.19,0.3,0.27,0.27,0.28,0.22,0.18,0.24,0.29,0.33,0.3,0.36,0.19,0.26,0.27,0.19,0.17,1.22,0.24,0.18,0.21,0.38,0.28,0.19,1.18,1.18,0.23,0.3,0.37,0.23,0.2,0.37,0.24,0.35,0.33,0.17,0.16,0.18,0.34,0.22,0.29,0.26,0.21,1.17,0.24,0.96,0.32,0.27,0.19,0.26,0.28,0.18,0.27,1.3,0.2,0.18,0.22,0.36,0.41,0.14,0.25,0.37,0.69,0.23,0.28,3.76,0.96,0.57,0.27,0.28,0.38,1.45,0.26,0.34,0.26,0.27,0.92,0.92,0.43,0.38,1.31,0.27,0.24,0.29,0.68,0.28,0.32,0.3,2.06,0.2,0.26,1.41,0.3,0.22,0.3,0.3,0.29,0.25,0.27,0.27,2.06,0.3,0.29,0.16,0.27,0.15,0.26,0.18,0.33,0.37,0.58,0.49,0.27,0.5,0.33,0.32,0.38,1.31,0.22,0.31,0.27,2.34,0.29,0.23,0.17,0.24,1.09,0.49,0.26,0.23,0.23,0.58,1.54,0.31,0.3,3.52,0.28,0.26,0.26,0.32,0.26,0.17,1.2,0.3,0.23,1.36,0.18,0.27,0.27,2.39
0.3,0.26,0.26,0.3,0.92,0.29,2.45,0.31,0.24,0.17,0.27,0.16,0.42,1.23,0.27,0.17,0.28,0.21,0.2,0.15,0.32,0.32,0.3,0.17,0.19,0.57,0.37,0.35,0.46,0.32,0.18,0.33,0.28,0.31,0.3,0.18,0.17,0.24,0.24,0.3,0.3,0.34,0.15,0.26,0.32,0.17,0.17,1.32,0.23,0.24,0.26,1.56,0.26,0.16,1.23,0.86,0.22,0.27,0.64,0.24,0.79,0.64,0.16,0.35,0.3,0.17,0.15,0.16,0.42,0.34,0.24,0.2,0.2,0.78,0.24,0.59,0.34,0.31,0.16,0.31,0.3,0.17,0.32,1.33,0.17,0.16,0.2,0.32,0.42,0.13,0.3,0.64,1.06,0.3,0.27,3.61,0.6,0.61,0.87,0.27,0.32,1.07,0.84,0.33,0.28,0.32,1.36,0.99,0.68,0.35,1.39,0.24,0.19,0.31,1.09,0.31,0.31,0.26,2.0,0.18,0.29,1.17,0.28,0.19,0.29,0.29,0.29,0.32,0.32,0.29,2.0,0.31,0.28,0.19,0.87,0.12,0.84,0.18,0.43,0.42,0.97,0.41,0.33,0.52,0.43,0.32,0.35,1.39,0.22,0.34,0.31,2.32,0.28,0.48,0.24,0.19,1.39,0.41,0.27,1.44,0.31,0.97,1.81,0.33,0.29,3.14,0.31,0.23,0.28,0.31,0.23,0.24,1.55,0.31,0.3,1.33,0.18,0.31,0.28,2.37
0.33,0.25,0.3,0.33,1.48,0.45,2.42,0.35,0.26,0.53,0.29,0.13,0.94,0.93,0.3,0.14,0.28,0.23,0.2,0.19,0.72,0.29,0.3,0.18,0.18,0.99,0.33,0.37,0.43,0.72,0.21,0.35,0.29,0.35,0.35,0.16,0.2,0.23,0.26,0.32,0.33,0.33,0.15,0.29,1.2,0.17,0.2,1.4,0.25,0.3,0.3,2.75,0.25,0.18,0.93,0.47,0.27,0.29,0.89,0.24,1.39,0.89,0.13,0.37,0.3,0.17,0.14,0.16,1.48,0.76,0.23,0.2,0.19,0.52,0.25,0.22,0.34,0.93,0.13,0.31,0.35,0.2,1.2,1.33,0.14,0.18,0.17,0.29,0.94,0.15,0.29,0.91,1.4,0.38,0.28,3.46,0.24,0.53,1.46,0.29,0.36,0.71,1.43,0.32,0.29,0.32,1.09,0.87,0.94,0.28,1.46,0.25,0.18,0.33,1.5,0.22,0.3,0.23,2.05,0.18,0.35,0.92,0.26,0.16,0.32,0.28,0.38,0.23,0.32,0.34,2.05,0.57,0.27,0.19,1.46,0.14,1.43,0.17,0.36,0.48,1.35,0.34,0.33,1.1,0.78,0.3,0.28,1.46,0.22,0.38,0.25,2.32,0.27,0.74,0.22,0.18,1.37,0.34,0.28,2.64,0.4,1.35,2.09,0.36,0.32,2.77,0.31,0.55,0.29,0.3,0.25,0.26,1.67,0.57,0.38,1.29,0.17,0.25,0.29,2.39
0.36,1.73,0.23,0.36,1.48,0.61,2.44,1.44,0.36,0.88,0.31,0.17,1.45,0.63,0.29,0.17,0.27,0.25,0.2,0.18,0.72,0.29,0.29,0.14,0.17,1.45,0.32,0.38,0.42,0.72,0.26,1.53,0.29,1.44,0.38,0.68,0.23,0.24,0.36,0.35,0.36,0.32,0.19,0.66,2.07,0.17,0.17,2.32,0.31,0.59,0.23,1.56,0.24,0.21,0.63,0.19,0.33,0.31,1.14,0.24,1.76,1.14,0.17,0.38,0.29,0.19,0.13,0.16,2.54,1.18,0.25,0.2,0.19,0.25,1.79,0.26,0.34,1.55,0.13,0.27,0.38,0.23,2.07,1.01,0.17,0.19,0.12,0.29,1.45,0.17,0.29,0.91,1.75,0.29,0.3,3.47,0.28,0.44,1.87,0.29,0.39,0.35,2.16,0.33,0.31,0.3,0.78,0.94,1.47,0.26,1.43,0.25,0.18,0.34,1.5,0.73,1.22,0.25,2.1,0.18,0.4,0.83,0.25,0.12,0.3,0.82,0.91,0.23,0.3,0.37,2.1,0.83,0.25,0.15,1.87,0.16,2.16,0.17,0.85,0.43,1.17,0.34,0.84,1.68,1.14,0.29,0.26,1.43,0.22,0.38,0.25,2.34,0.25,0.74,0.2,0.18,0.86,0.34,0.29,2.04,2.03,1.17,1.7,0.38,0.34,3.84,0.34,0.88,0.31,1.22,0.28,0.2,1.77,0.83,0.29,1.29,0.17,0.25,0.27,2.39
1.1,3.22,0.16,1.1,1.47,1.91,2.46,2.52,1.22,1.59,0.3,0.21,1.86,0.29,0.32,0.2,0.26,0.29,0.34,0.15,0.57,0.29,0.27,0.75,0.18,1.86,0.31,0.36,0.46,0.57,0.25,2.71,0.29,2.52,0.96,1.19,0.25,0.28,1.22,0.32,1.1,1.79,0.18,1.04,1.75,0.18,0.16,3.23,0.85,0.87,0.16,0.37,0.48,0.2,0.29,0.17,0.29,0.3,1.19,0.16,2.13,1.19,0.21,0.36,0.27,0.18,0.17,0.17,2.27,1.56,0.27,0.34,0.22,0.21,3.33,0.29,1.54,3.39,0.89,0.26,0.96,0.25,1.75,0.69,0.2,0.19,1.15,0.29,1.86,0.13,0.32,3.02,1.9,1.42,1.23,3.49,0.97,0.38,2.29,0.3,1.52,0.31,2.89,0.35,0.29,1.52,0.47,0.84,2.89,0.3,1.44,0.25,0.22,0.34,2.08,1.24,2.14,0.31,2.11,0.17,1.82,0.78,0.23,0.1,0.28,1.35,1.44,2.05,1.52,1.23,2.11,1.6,1.19,0.14,2.29,0.16,2.89,0.17,1.34,0.39,0.98,0.34,1.35,2.14,3.14,0.28,0.3,1.44,0.22,2.52,0.29,2.37,1.19,1.33,0.8,0.22,0.35,0.34,0.28,1.44,3.66,0.98,1.32,1.36,0.45,4.91,0.34,0.69,0.29,2.14,0.28,0.17,1.85,1.6,1.42,1.39,0.17,0.29,0.28,2.36
1.83,3.17,0.16,1.83,1.37,3.21,2.45,2.41,2.08,2.27,0.29,0.26,2.28,1.05,0.34,1.26,0.22,0.53,1.2,0.14,0.42,0.27,0.26,1.36,0.19,2.63,0.29,0.35,0.45,0.42,0.14,2.46,0.31,2.41,1.55,0.79,1.96,0.25,2.08,0.26,1.83,3.26,0.15,0.84,1.43,0.24,0.17,2.92,1.38,1.35,0.16,0.49,0.73,0.18,1.05,0.17,0.25,0.29,1.24,0.92,2.01,1.24,0.26,0.35,0.26,0.16,0.19,0.19,2.01,1.94,0.27,1.2,0.21,0.2,2.94,0.29,2.74,2.65,1.65,1.22,1.55,1.96,1.43,0.47,1.26,0.21,2.18,0.27,2.28,0.13,0.35,3.02,2.06,2.55,2.16,3.41,1.66,0.32,2.26,0.3,2.65,0.26,2.75,0.36,0.27,2.74,0.49,0.85,4.3,0.31,1.44,0.27,0.26,0.32,2.08,0.94,2.38,0.41,2.09,0.17,3.25,0.73,0.28,1.38,0.22,1.38,1.44,3.88,2.74,2.1,2.09,2.13,2.12,0.18,2.26,0.15,2.75,0.18,1.4,0.37,0.65,0.23,1.24,2.6,2.56,0.28,0.31,1.44,0.22,2.52,1.96,2.41,2.12,1.33,1.41,0.26,0.22,0.23,1.36,1.58,2.85,0.65,1.3,2.34,1.35,3.42,0.31,0.51,0.27,2.38,2.36,0.41,2.43,2.13,2.55,1.48,0.18,1.96,0.28,2.35
1.93,2.89,0.15,1.93,1.25,2.59,2.41,2.3,2.14,2.27,0.26,0.3,2.13,1.81,0.33,2.33,0.24,0.77,2.07,0.17,0.97,0.27,0.29,0.94,0.33,3.4,0.27,0.36,0.45,0.97,0.51,2.2,0.97,2.3,1.09,0.38,3.67,0.23,2.14,0.23,1.93,2.38,0.14,0.64,1.49,0.47,0.2,2.15,1.34,1.82,0.15,0.61,1.03,0.18,1.81,0.17,0.21,0.26,0.68,1.68,1.87,0.68,0.3,0.36,0.29,0.13,0.17,0.22,1.8,1.41,0.28,2.07,0.14,0.19,2.54,0.25,2.21,1.91,1.79,1.97,1.09,3.67,1.49,0.25,2.33,0.26,1.69,0.27,2.13,0.16,0.72,2.64,4.93,2.58,2.08,2.91,1.37,0.31,2.23,0.3,2.63,0.26,2.61,0.36,0.27,2.61,0.51,0.95,3.23,0.27,1.33,0.3,0.18,0.89,1.79,0.63,2.62,0.79,2.08,0.18,2.27,0.69,0.33,2.66,0.6,1.42,2.91,2.85,2.61,2.37,2.08,2.65,1.94,0.27,2.23,0.19,2.61,0.19,1.03,0.36,0.32,0.23,1.12,2.48,1.97,0.3,0.27,1.33,0.22,2.4,3.63,2.38,1.94,1.81,0.91,0.18,1.05,0.23,2.45,1.71,2.04,0.32,1.16,3.13,2.25,1.94,0.28,0.52,0.27,2.62,2.36,0.64,3.0,2.65,2.58,1.88,0.19,3.63,0.29,2.36
2.04,2.61,0.22,2.04,1.12,1.98,2.42,2.28,2.2,2.02,0.24,0.99,1.99,1.81,0.27,1.32,0.27,0.61,2.01,0.17,1.52,0.28,0.3,0.53,1.03,2.49,0.27,0.36,0.46,1.52,0.88,2.2,1.63,2.28,0.63,0.29,2.51,0.23,2.2,0.28,2.04,1.5,0.18,0.73,1.56,0.7,0.17,1.33,1.33,1.44,0.22,0.61,1.33,0.19,1.81,0.16,0.24,0.24,0.12,1.01,1.73,0.12,0.99,0.36,0.3,0.7,0.16,0.25,1.6,0.89,0.28,2.01,0.2,0.29,2.54,0.26,1.69,1.93,1.91,1.9,0.63,2.51,1.56,0.29,1.32,1.04,1.2,0.28,1.99,0.19,1.1,2.26,7.8,2.38,2.0,2.41,1.08,0.93,2.09,0.22,2.61,0.31,2.27,0.36,0.4,2.47,0.49,0.88,2.16,0.24,1.22,0.27,0.1,1.28,1.5,0.59,2.36,1.18,2.12,0.72,1.3,0.66,0.84,2.02,0.98,0.89,2.91,1.82,2.47,2.63,2.12,2.67,2.06,0.37,2.09,0.22,2.27,0.21,0.65,0.4,0.31,0.26,1.65,2.21,2.07,0.36,0.24,1.22,0.18,2.29,2.88,2.36,2.06,2.29,0.41,0.1,1.89,0.26,2.54,1.61,2.04,0.31,1.03,3.93,2.14,2.34,0.29,0.53,0.4,2.36,2.16,0.5,2.46,2.67,2.38,2.28,0.21,2.88,0.28,2.36
2.04,2.47,0.19,2.04,1.0,1.85,2.45,2.27,2.31,2.02,0.31,1.67,1.95,0.87,0.24,0.32,0.3,0.45,1.93,0.16,1.2,0.29,0.27,0.57,1.73,1.59,0.28,0.36,1.53,1.2,1.07,2.9,1.93,2.27,1.18,0.19,1.36,0.29,2.31,0.31,2.04,1.49,0.19,1.11,1.66,1.08,0.14,1.34,1.34,1.06,0.19,2.36,1.39,0.18,0.87,0.17,0.27,0.31,0.16,0.34,1.79,0.16,1.67,0.36,0.27,1.26,0.16,0.31,1.72,0.88,0.29,1.93,0.26,0.28,1.58,0.28,1.71,1.98,1.99,1.54,1.18,1.36,1.66,0.26,0.32,1.83,1.55,0.29,1.95,0.18,1.06,2.44,5.55,2.19,2.01,2.41,1.09,1.55,1.95,1.25,2.59,0.31,2.07,0.36,0.4,2.22,0.48,0.94,2.28,0.24,1.3,0.24,0.16,1.11,1.55,0.96,2.04,1.14,2.04,1.27,1.66,1.38,1.34,1.38,1.25,0.37,2.67,2.1,2.22,2.29,2.04,2.69,2.18,0.81,1.95,0.22,2.07,0.24,0.46,0.43,0.29,0.29,2.19,1.93,2.16,0.42,0.24,1.3,0.33,2.18,2.13,2.33,2.18,2.37,0.32,0.16,1.74,0.29,2.59,1.51,1.89,0.29,1.03,3.21,2.03,2.74,0.3,0.62,0.4,2.04,1.97,0.36,1.93,2.69,2.19,3.43,0.24,2.13,0.33,2.31
1.93,2.32,0.17,1.93,0.88,1.72,2.46,2.35,2.48,1.95,0.37,1.52,1.91,0.87,0.26,0.72,0.28,0.64,1.86,0.17,2.25,0.27,0.26,0.96,1.62,1.5,0.28,0.35,2.59,2.25,1.27,2.9,2.22,2.35,1.51,0.19,1.27,0.36,2.48,0.28,1.93,1.55,0.16,1.49,1.71,1.46,0.17,1.35,1.02,0.9,0.17,2.36,1.47,0.19,0.87,0.18,0.29,0.37,0.17,1.01,1.79,0.17,1.52,0.35,0.26,1.23,0.16,0.36,1.85,0.88,0.27,1.86,0.2,0.27,1.58,0.3,1.73,2.05,1.51,1.96,1.51,1.27,1.71,0.23,0.72,1.79,1.63,0.27,1.91,0.19,1.02,2.78,3.3,2.43,2.01,2.41,1.72,1.1,2.03,2.27,2.58,0.26,1.87,0.34,0.58,1.97,0.47,0.82,2.4,0.98,1.39,0.94,0.23,0.62,1.56,1.33,1.72,1.1,1.95,0.79,1.94,2.11,1.66,1.37,1.51,0.33,2.43,2.39,1.97,1.95,1.95,2.73,2.54,1.24,2.03,0.22,1.87,0.26,0.27,0.35,0.29,0.23,2.47,2.12,2.35,0.38,0.98,1.39,0.49,2.08,2.19,2.31,2.54,2.36,0.31,0.23,1.59,0.23,2.64,1.43,1.74,0.29,1.07,2.49,2.02,2.61,0.3,0.71,0.58,1.72,1.93,0.35,2.07,2.73,2.43,4.58,0.26,2.19,0.41,2.31
1.93,1.76,0.19,1.93,1.13,1.3,2.47,2.24,2.68,1.91,0.32,1.36,1.87,1.12,0.29,1.1,0.26,0.83,1.85,0.16,3.31,0.26,0.28,1.34,1.51,1.42,0.27,0.37,1.91,3.31,1.66,2.3,1.82,2.24,1.84,0.2,1.32,0.35,2.68,0.24,1.93,1.61,0.15,1.62,1.76,2.03,0.19,1.37,0.69,0.9,0.19,1.95,1.47,0.19,1.12,0.16,0.3,0.32,0.16,1.69,1.66,0.16,1.36,0.37,0.28,1.23,0.16,0.88,1.95,0.63,0.25,1.85,0.15,0.26,1.46,0.27,1.31,2.13,1.04,2.46,1.84,1.32,1.76,0.19,1.1,1.59,1.7,0.26,1.87,0.25,1.11,3.13,2.7,2.68,2.06,2.44,2.34,0.65,1.72,2.25,2.58,0.25,1.69,0.31,0.75,2.63,0.5,0.92,2.22,1.72,1.36,1.63,0.21,1.71,1.51,2.35,2.06,1.5,2.01,0.31,2.15,2.67,1.97,1.38,2.11,0.31,2.86,2.62,2.63,2.07,2.01,2.76,2.75,1.25,1.72,0.21,1.69,0.27,0.35,0.45,2.26,0.95,2.75,2.3,2.54,0.61,1.72,1.36,0.49,2.04,1.95,2.29,2.75,2.34,0.29,0.21,1.57,0.95,2.91,1.35,1.63,2.26,1.11,2.63,2.02,2.48,0.3,1.24,0.75,2.06,2.0,0.35,2.21,2.76,2.68,4.58,0.27,1.95,0.48,2.35
1.53,1.6,0.22,1.53,1.38,0.87,2.48,2.14,2.87,1.87,1.14,1.38,1.87,1.38,0.31,1.47,0.26,1.04,1.83,0.14,2.3,0.28,0.31,1.33,1.61,1.39,0.27,0.37,1.23,2.3,2.05,1.69,1.42,2.14,1.64,0.21,1.37,0.27,2.87,0.26,1.53,1.53,0.17,1.75,1.76,2.6,0.19,1.35,0.5,1.74,0.22,1.54,0.25,0.19,1.38,0.12,0.24,1.14,0.18,1.56,1.45,0.18,1.38,0.37,0.31,1.22,0.19,1.4,1.67,0.38,0.23,1.83,0.14,0.24,1.34,0.27,0.89,1.81,2.22,2.56,1.64,1.37,1.76,0.21,1.47,1.39,1.56,0.28,1.87,0.31,1.21,3.05,2.1,2.23,2.11,2.45,2.17,0.99,1.41,2.23,2.57,0.3,1.51,0.27,1.23,2.63,0.53,0.9,2.04,2.63,1.33,1.45,0.16,2.79,1.5,2.65,2.4,1.9,2.06,0.63,1.88,2.34,2.34,1.39,2.71,0.29,2.62,2.86,2.63,2.51,2.06,2.78,2.96,1.21,1.41,0.2,1.51,0.24,0.31,0.54,2.26,1.66,3.02,2.45,2.32,0.85,2.63,1.33,0.49,1.99,1.71,2.31,2.96,2.59,0.42,0.16,2.68,1.66,3.17,1.37,1.8,2.26,1.19,2.16,1.8,1.27,0.26,1.78,1.23,2.4,2.07,1.46,2.18,2.78,2.23,4.35,0.24,1.71,0.54,2.38
1.36,1.45,0.3,1.36,1.35,0.87,2.47,2.08,2.21,1.8,1.96,1.38,1.87,1.53,0.25,1.4,0.31,1.25,1.79,0.32,1.29,0.28,0.3,1.27,1.33,1.36,0.29,0.35,1.62,1.29,1.74,2.12,1.57,2.08,1.44,0.23,1.34,0.23,2.21,0.29,1.36,1.45,0.19,1.52,1.71,2.22,0.17,1.34,0.31,1.74,0.3,1.57,0.25,0.2,1.53,0.08,0.22,1.96,0.16,1.42,1.27,0.16,1.38,0.35,0.3,1.18,0.42,1.37,1.38,0.28,0.24,1.79,0.2,0.23,1.61,0.28,1.54,1.54,3.4,2.67,1.44,1.34,1.71,0.25,1.4,1.32,1.39,0.28,1.87,0.56,1.09,3.55,2.19,1.78,2.18,2.39,2.0,1.32,1.3,2.17,2.1,1.36,1.41,1.3,1.5,1.77,0.56,0.83,1.73,2.82,1.22,1.16,0.16,2.31,1.49,2.95,2.68,2.22,2.1,0.95,1.6,2.01,2.71,1.4,2.53,0.27,2.37,3.11,1.77,2.95,2.1,2.86,2.15,0.89,1.3,0.23,1.41,0.19,0.27,0.45,2.3,2.23,2.82,2.6,2.11,0.62,2.82,1.22,0.88,1.82,1.71,2.31,2.15,2.83,0.41,0.16,3.79,2.23,3.66,1.39,1.96,2.3,1.26,1.7,1.58,0.79,0.53,2.79,1.5,2.68,1.74,1.46,2.2,2.86,1.78,4.35,0.19,1.71,0.46,2.35
1.19,1.46,0.24,1.19,1.32,1.71,2.43,1.77,1.54,1.72,1.76,1.39,1.87,1.53,0.24,1.34,0.56,1.22,2.2,0.74,1.31,0.29,0.3,1.0,1.05,1.28,0.28,0.34,2.02,1.31,1.74,2.55,1.55,1.77,1.39,0.34,0.77,0.26,1.54,0.3,1.19,1.36,0.21,1.29,1.62,1.8,0.19,1.31,0.3,1.67,0.24,2.09,0.28,0.61,1.53,0.04,0.2,1.76,0.14,1.36,1.18,0.14,1.39,0.34,0.3,1.15,0.65,1.6,1.3,0.2,0.26,2.2,0.25,0.21,1.79,0.31,2.2,1.26,2.44,1.98,1.39,0.77,1.62,0.21,1.34,1.29,1.32,0.29,1.87,0.81,1.24,4.04,2.29,2.2,2.24,4.13,3.04,1.32,1.22,2.11,1.62,2.42,1.31,2.32,1.77,1.77,0.66,0.98,1.43,3.01,1.11,0.87,0.13,1.83,1.43,2.94,2.3,1.96,2.1,1.14,1.32,2.11,2.77,1.29,2.34,0.26,1.86,3.04,1.77,2.92,2.1,2.95,1.89,0.57,1.22,0.25,1.31,0.11,0.25,0.35,2.34,2.81,2.62,2.24,1.73,0.4,3.01,1.11,1.26,1.56,1.71,2.31,1.89,3.24,0.41,0.13,3.41,2.81,4.14,1.32,1.95,2.34,1.37,1.49,1.59,0.31,0.8,2.79,1.77,2.3,1.56,1.93,2.21,2.95,2.2,3.91,0.11,1.71,0.38,2.33
2.25,1.65,0.18,2.25,1.42,1.65,2.43,1.46,1.45,2.16,1.57,1.41,1.86,2.01,0.29,1.37,0.8,0.86,2.61,1.19,1.37,0.3,0.33,0.72,1.17,1.24,0.26,0.36,2.63,1.37,2.31,2.0,1.54,1.46,1.33,0.46,0.2,0.29,1.45,0.26,2.25,1.28,0.32,1.32,1.99,1.47,0.19,1.29,0.26,1.37,0.18,2.61,0.27,1.04,2.01,0.39,0.22,1.57,0.15,1.3,1.16,0.15,1.41,0.36,0.33,1.15,1.03,1.84,1.21,0.16,0.26,2.61,0.32,0.19,1.96,0.32,1.95,1.26,1.48,1.98,1.33,0.2,1.99,0.17,1.37,1.28,1.25,0.3,1.86,0.81,1.39,3.16,1.85,2.61,2.55,4.13,4.08,3.07,1.19,2.28,1.54,2.42,1.41,1.31,1.73,1.52,0.76,1.32,1.37,2.48,0.99,0.53,0.28,2.01,1.37,2.94,1.91,1.7,2.4,1.32,1.03,2.3,2.84,1.22,2.37,0.55,1.35,2.97,1.52,2.88,2.4,2.33,1.64,0.37,1.19,0.21,1.41,0.57,0.28,0.36,2.41,2.93,2.17,2.19,1.36,0.37,2.48,0.99,0.92,1.33,1.6,2.29,1.64,3.66,0.37,0.28,3.03,2.93,3.77,1.32,1.9,2.41,1.48,1.29,1.47,0.31,1.07,1.7,1.73,1.91,1.37,1.59,2.22,2.33,2.61,3.46,0.57,1.6,0.91,2.35
3.31,1.83,0.18,3.31,1.59,1.65,2.44,1.42,1.38,2.59,1.59,1.38,1.85,2.01,0.3,1.38,1.07,0.49,2.61,2.01,1.43,0.35,0.38,0.47,1.3,1.26,0.26,0.38,2.63,1.43,2.31,1.45,1.46,1.42,1.3,0.36,0.2,0.27,1.38,0.31,3.31,1.33,0.53,1.34,2.37,1.15,0.17,1.27,0.24,1.06,0.18,1.5,0.24,1.32,2.01,0.88,0.25,1.59,0.16,1.3,1.2,0.16,1.38,0.38,0.38,1.19,1.41,2.51,1.21,0.17,0.23,2.61,0.39,0.56,1.97,0.34,1.7,1.27,1.38,1.93,1.3,0.2,2.37,0.13,1.38,2.15,1.28,0.35,1.85,2.33,1.47,2.28,1.41,1.51,2.86,3.79,3.09,3.07,1.2,2.45,1.46,1.24,1.36,0.3,1.91,1.27,1.01,1.67,1.31,2.12,1.73,1.29,0.28,2.19,1.4,2.32,2.34,1.58,2.4,1.24,0.79,2.5,2.76,1.26,2.4,0.84,1.33,2.87,1.27,2.95,2.4,1.7,1.63,0.16,1.2,0.17,1.36,1.03,0.3,0.44,2.48,3.05,1.73,2.14,1.39,0.34,2.12,1.73,0.58,1.33,1.5,2.45,1.63,2.57,0.41,0.28,2.93,3.05,3.4,1.37,1.85,2.48,1.92,1.34,1.34,0.32,1.34,1.7,1.91,2.34,1.41,1.25,2.96,1.7,1.51,3.46,1.03,1.5,1.44,2.34
3.08,1.64,0.18,3.08,1.76,1.47,2.45,1.36,1.62,2.01,1.61,1.35,1.84,1.73,0.28,1.39,1.35,0.42,1.37,2.83,1.76,0.37,0.37,0.23,1.3,1.24,0.31,0.37,3.13,1.76,1.78,1.37,1.37,1.36,1.32,0.27,0.21,0.23,1.62,0.36,3.08,1.44,0.82,1.33,2.37,1.17,0.15,0.98,0.26,0.51,0.18,0.39,0.25,1.32,1.73,1.34,0.23,1.61,0.16,1.31,1.22,0.16,1.35,0.37,0.37,1.21,1.41,3.17,1.15,0.24,0.22,1.37,0.65,0.93,1.63,0.35,1.79,1.27,1.27,1.93,1.32,0.21,2.37,0.13,1.39,3.02,1.32,0.37,1.84,2.33,1.49,2.02,1.43,0.41,2.71,3.46,2.09,3.33,1.23,2.22,1.55,1.24,1.32,0.3,2.09,1.3,1.6,1.51,1.38,1.77,2.47,2.06,0.28,1.97,1.39,1.7,2.52,1.62,2.1,1.75,0.55,2.3,2.75,1.3,2.07,0.84,1.33,2.76,1.3,2.95,2.1,2.11,1.62,0.17,1.23,0.19,1.32,1.27,0.25,0.53,2.62,2.51,1.48,2.23,1.41,0.27,1.77,2.47,0.51,1.32,1.05,2.61,1.62,1.48,0.45,0.28,2.82,2.51,2.35,1.34,1.72,2.62,2.36,1.39,1.35,0.35,1.34,1.84,2.09,2.52,1.4,1.29,3.71,2.11,0.41,3.4,1.27,1.05,1.65,2.3
2.85,1.44,0.18,2.85,1.6,1.29,2.43,1.32,1.86,1.42,1.63,1.34,1.74,1.44,0.28,1.39,1.36,0.36,1.37,2.56,2.09,0.35,0.32,0.21,1.29,1.19,0.34,0.39,3.13,2.09,1.25,1.39,1.3,1.32,1.37,0.16,0.21,0.24,1.86,0.38,2.85,1.55,1.24,1.32,1.28,1.17,0.17,0.58,0.27,0.35,0.18,0.44,0.28,1.36,1.44,1.72,0.21,1.63,0.13,1.31,1.2,0.13,1.34,0.39,0.32,1.22,1.78,2.59,1.15,0.25,0.21,1.37,0.91,0.74,1.29,0.35,1.8,1.25,0.99,1.79,1.37,0.21,1.28,0.18,1.39,2.64,1.3,0.35,1.74,1.99,1.5,1.72,1.41,0.36,2.56,3.46,1.86,3.58,1.24,1.99,1.64,0.92,1.32,0.28,1.8,1.31,2.19,1.38,1.35,1.69,1.99,2.92,0.16,1.76,1.37,1.63,2.7,1.66,1.8,2.27,0.64,2.1,2.74,1.31,1.74,0.78,1.33,2.3,1.31,3.52,1.8,1.92,1.61,0.17,1.24,0.21,1.32,1.99,0.28,0.6,2.84,1.97,1.44,2.14,1.43,0.52,1.69,1.99,0.45,1.29,0.6,3.01,1.61,2.14,0.43,0.16,2.72,1.97,1.3,1.31,1.59,2.84,2.41,1.44,1.34,0.34,0.72,1.85,1.8,2.7,1.39,1.27,4.0,1.92,0.36,3.33,1.99,0.6,1.86,2.3
2.04,1.35,0.28,2.04,1.44,1.35,2.39,1.32,1.9,1.3,1.65,1.33,1.47,1.4,0.31,1.42,1.32,0.3,1.27,2.29,2.09,0.33,0.3,0.17,1.3,0.87,0.34,0.41,2.96,2.09,1.3,1.41,1.29,1.32,1.38,0.94,0.18,0.26,1.9,0.35,2.04,1.66,1.66,1.33,1.28,1.18,0.19,0.27,0.24,0.18,0.28,0.48,0.28,1.49,1.4,2.09,0.18,1.65,0.16,1.32,1.19,0.16,1.33,0.41,0.3,1.21,2.16,2.0,0.72,0.23,0.46,1.27,1.16,0.55,1.31,0.33,1.82,1.26,0.71,1.66,1.38,0.18,1.28,0.21,1.42,2.27,1.28,0.33,1.47,1.66,1.57,1.42,2.02,0.3,2.38,3.37,1.63,3.2,1.26,1.99,1.64,0.92,1.43,0.42,1.5,1.32,2.03,1.52,1.33,1.62,1.52,3.78,0.16,1.6,1.37,1.56,2.04,1.49,1.81,1.8,0.66,1.79,2.19,1.28,1.6,0.78,1.34,1.84,1.32,3.52,1.81,1.73,1.61,0.14,1.26,0.24,1.43,2.7,0.32,0.67,3.05,1.69,1.41,2.06,1.39,0.77,1.62,1.52,0.51,1.3,0.5,3.41,1.61,2.79,0.41,0.16,2.67,1.69,1.33,1.27,1.56,3.05,2.47,1.44,1.33,0.33,0.72,1.87,1.5,2.04,1.4,1.17,2.84,1.73,0.3,3.2,2.7,0.5,2.78,2.33
1.24,1.3,0.28,1.24,1.11,1.4,2.91,1.34,1.89,1.22,2.62,1.33,1.19,1.36,0.37,1.42,1.07,0.25,1.92,1.86,0.61,0.33,0.31,0.15,1.3,0.53,0.29,1.08,2.79,0.61,1.31,1.4,1.34,1.34,1.36,1.72,0.14,0.28,1.89,0.33,1.24,1.65,1.71,0.8,1.86,1.2,0.17,0.23,0.21,0.21,0.28,0.49,0.25,1.8,1.36,2.37,0.17,2.62,0.14,1.33,1.24,0.14,1.33,1.08,0.31,1.2,2.62,1.98,0.3,0.23,0.7,1.92,1.4,0.43,1.34,0.29,1.54,1.27,0.46,1.7,1.36,0.14,1.86,0.21,1.42,2.25,1.21,0.33,1.19,1.56,1.64,1.86,2.64,0.41,2.19,3.37,1.53,2.64,1.27,2.65,2.66,1.61,1.43,0.42,1.46,1.3,1.88,1.46,1.35,1.65,1.38,3.23,0.76,1.53,1.38,1.51,1.38,1.32,1.32,1.34,0.63,1.57,1.64,1.23,1.46,0.86,1.03,2.11,1.3,3.14,1.32,1.51,1.61,0.16,1.27,0.28,1.43,1.5,0.56,0.69,2.71,1.41,1.34,1.99,1.34,1.46,1.65,1.38,0.57,1.3,0.41,3.41,1.61,2.08,0.35,0.76,2.96,1.41,1.37,0.99,1.53,2.71,2.34,1.43,1.35,0.33,0.55,1.71,1.46,1.38,1.41,1.07,1.68,1.51,0.41,3.23,1.5,0.41,3.7,2.33
1.26,1.29,0.29,1.26,0.77,1.53,3.44,1.33,1.83,1.22,3.59,1.31,1.19,1.33,0.34,1.46,0.73,0.29,2.56,1.44,0.61,0.32,0.31,0.17,1.17,0.26,0.88,1.75,2.73,0.61,1.29,1.21,1.34,1.33,1.34,1.12,0.17,0.25,1.83,0.34,1.26,1.65,1.76,0.27,2.43,1.18,0.15,0.21,0.24,0.24,0.29,0.49,0.23,2.12,1.33,2.66,0.17,3.59,0.12,1.33,1.28,0.12,1.31,1.75,0.31,1.21,2.22,1.77,0.3,0.23,0.97,2.56,1.44,0.87,1.32,0.29,1.44,1.29,0.21,1.72,1.34,0.17,2.43,0.16,1.46,2.23,1.16,0.32,1.19,1.47,1.4,2.3,2.01,0.75,2.11,3.38,1.42,2.07,1.27,2.65,2.66,1.61,1.17,0.44,1.42,1.34,1.5,1.4,1.36,1.67,1.56,2.68,1.36,1.51,1.37,1.45,1.46,1.34,0.82,1.31,0.61,1.36,1.51,1.19,1.4,0.94,0.72,2.38,1.34,3.2,0.82,1.28,1.6,0.19,1.27,0.45,1.17,0.3,0.79,1.03,2.36,1.49,1.27,1.91,1.37,1.49,1.67,1.56,0.59,1.32,0.37,2.02,1.6,1.37,0.39,1.36,3.25,1.49,1.38,0.72,1.58,2.36,1.86,1.42,1.36,0.34,0.37,1.54,1.42,1.46,1.42,0.59,1.76,1.28,0.75,3.26,0.3,0.37,2.61,2.28
1.29,1.37,0.31,1.29,0.73,1.66,3.48,1.33,1.83,1.76,2.62,1.3,1.2,1.31,0.27,1.42,0.33,0.33,1.94,1.72,0.4,0.28,0.28,0.21,0.73,0.24,1.47,1.68,3.24,0.4,2.37,1.01,1.32,1.33,1.35,0.53,0.21,0.24,1.83,0.83,1.29,1.62,1.68,0.3,1.87,1.16,1.09,0.24,0.3,0.25,0.31,0.67,0.26,1.76,1.31,2.08,0.24,2.62,0.14,1.31,1.27,0.14,1.3,1.68,0.28,1.28,1.82,1.56,0.26,0.18,1.25,1.94,1.38,1.31,1.3,0.28,1.35,1.25,0.18,1.69,1.35,0.21,1.87,0.15,1.42,2.19,0.98,0.28,1.2,1.39,1.16,1.82,1.38,1.09,2.02,3.38,2.57,1.74,1.23,2.04,2.04,1.46,0.91,0.45,1.38,1.36,1.12,1.14,1.36,1.68,1.73,2.18,1.34,1.55,1.32,1.51,1.42,1.37,0.63,1.31,0.48,1.38,1.37,1.2,1.37,1.15,0.54,1.9,1.36,3.26,0.63,1.37,1.6,0.19,1.23,0.34,0.91,0.5,0.83,1.36,2.32,1.57,1.3,1.98,1.41,1.52,1.68,1.73,1.01,1.32,0.34,2.02,1.6,1.4,0.44,1.34,2.97,1.57,1.4,0.5,1.77,2.32,1.38,1.39,1.36,0.35,0.42,1.65,1.38,1.42,1.43,0.11,2.18,1.37,1.09,3.49,0.5,0.34,1.51,2.29
1.31,1.46,0.3,1.31,0.8,1.94,3.5,1.34,1.86,2.3,1.66,0.89,1.21,1.92,0.24,1.38,0.25,0.32,1.32,2.01,0.18,0.26,0.23,0.22,0.29,0.25,1.39,1.66,3.74,0.18,3.45,0.65,1.31,1.34,1.37,0.39,0.25,0.27,1.86,1.32,1.31,1.58,2.04,0.32,1.3,1.2,2.03,0.3,0.29,0.26,0.3,0.85,0.29,1.39,1.92,1.51,0.2,1.66,0.17,1.29,0.9,0.17,0.89,1.66,0.23,1.9,1.79,1.46,0.24,0.16,1.29,1.32,1.32,1.34,1.28,0.28,1.44,1.23,0.15,1.62,1.37,0.25,1.3,0.16,1.38,2.17,0.81,0.26,1.21,1.33,0.95,1.35,1.36,0.77,1.81,3.51,3.73,1.41,1.2,1.42,1.43,1.32,1.22,0.46,1.35,1.34,0.94,1.09,1.36,1.7,2.07,1.68,1.32,1.59,1.3,1.49,1.37,1.37,1.05,1.34,0.34,1.4,1.46,1.24,1.35,1.35,0.35,1.42,1.34,3.09,1.05,1.4,1.61,0.13,1.2,0.23,1.22,0.77,0.88,1.08,2.27,1.57,1.34,2.05,1.62,1.43,1.7,2.07,1.42,1.32,0.78,2.27,1.61,1.44,0.48,1.32,2.42,1.57,1.37,0.29,1.95,2.27,1.74,1.36,1.3,0.36,0.49,1.76,1.35,1.37,1.46,0.17,2.6,1.4,0.77,3.36,0.77,0.78,2.14,2.4
1.34,1.37,0.27,1.34,0.86,1.94,3.51,1.33,1.81,2.3,1.57,0.49,1.2,2.53,0.28,1.31,0.2,0.31,1.25,2.82,0.1,0.26,0.25,0.21,0.38,0.26,1.33,1.65,3.99,0.1,2.31,0.29,1.32,1.33,1.35,0.26,0.21,0.3,1.81,1.32,1.34,1.4,2.4,0.33,1.27,1.19,2.03,0.3,0.25,0.24,0.27,1.08,0.3,1.4,2.53,1.52,0.16,1.57,0.18,0.94,0.52,0.18,0.49,1.65,0.25,2.53,1.76,1.47,0.24,0.16,1.32,1.25,1.35,1.37,1.26,0.26,1.39,0.84,0.16,1.59,1.35,0.21,1.27,0.19,1.31,2.11,0.48,0.26,1.2,1.7,1.29,1.33,1.39,0.44,1.71,3.64,2.56,1.38,1.19,1.71,1.54,1.36,1.53,0.37,1.34,1.37,0.77,1.11,1.37,1.74,2.41,1.78,1.33,1.57,1.32,1.47,1.37,1.37,1.47,2.36,0.34,1.4,1.56,1.26,1.35,1.36,0.35,1.43,1.37,2.92,1.47,1.43,1.6,0.14,1.19,0.26,1.53,1.03,0.81,0.8,2.5,1.52,1.32,2.03,1.83,1.34,1.74,2.41,2.12,1.32,1.21,2.13,1.6,1.39,0.52,1.33,1.88,1.52,1.35,0.3,1.74,2.5,2.09,1.35,1.3,0.39,0.56,1.75,1.34,1.37,1.48,0.25,2.24,1.43,0.44,3.24,1.03,1.21,2.77,2.6
1.79,1.37,1.13,1.79,0.82,1.36,3.01,1.33,1.7,1.3,1.47,0.31,1.18,1.89,0.3,0.98,0.24,0.35,1.19,3.63,0.18,0.29,0.29,0.22,0.46,0.23,1.31,1.5,4.24,0.18,1.16,0.3,1.28,1.33,1.32,0.17,0.18,0.33,1.7,1.32,1.79,1.21,2.0,0.32,1.28,1.17,0.76,0.25,0.23,0.21,1.13,1.31,0.3,1.39,1.89,1.54,0.14,1.47,0.16,0.59,0.34,0.16,0.31,1.5,0.29,2.05,1.71,1.48,0.21,0.18,1.33,1.19,1.35,1.34,1.24,0.27,1.33,0.45,0.2,1.56,1.32,0.18,1.28,0.2,0.98,1.99,0.16,0.29,1.18,2.06,1.62,1.31,1.43,0.46,1.61,3.75,1.38,1.34,1.21,2.04,1.96,1.42,1.4,0.29,1.33,1.4,0.98,1.61,1.38,1.78,2.41,1.89,1.35,1.52,1.37,1.46,2.17,1.36,1.55,3.39,0.36,1.36,1.43,1.23,1.34,1.37,0.3,1.45,1.4,2.92,1.55,1.43,1.58,0.2,1.21,0.28,1.4,0.95,0.75,1.08,2.73,1.47,1.3,2.01,1.83,1.33,1.78,2.41,2.81,1.32,1.43,1.98,1.58,1.37,0.52,1.35,2.72,1.47,1.36,0.3,1.53,2.73,2.2,1.36,1.37,0.42,1.05,1.76,1.33,2.17,1.44,0.26,1.87,1.43,0.46,2.9,0.95,1.43,2.14,2.97
2.25,1.39,2.0,2.25,0.79,1.36,2.51,1.33,1.59,1.3,1.42,0.14,1.2,1.26,0.28,0.65,0.3,0.4,1.2,2.73,0.27,0.31,0.31,0.26,0.56,0.18,0.82,1.34,4.84,0.27,0.73,0.31,1.19,1.33,1.3,1.06,0.17,0.3,1.59,1.36,2.25,1.23,1.6,0.29,2.55,1.16,0.76,0.19,0.27,0.2,2.0,1.28,0.31,1.37,1.26,1.47,0.17,1.42,0.16,0.42,0.19,0.16,0.14,1.34,0.31,1.56,1.65,1.45,0.19,0.16,0.77,1.2,3.72,1.32,1.21,0.29,1.33,0.22,0.24,1.56,1.3,0.17,2.55,0.21,0.65,2.15,0.17,0.31,1.2,3.27,1.92,1.31,1.41,0.48,1.57,3.86,1.39,1.21,1.22,2.37,2.39,1.43,2.39,0.72,1.33,1.39,1.19,2.16,1.01,1.87,3.2,1.94,1.36,1.54,1.37,1.46,2.17,1.36,1.56,2.34,0.4,1.33,1.3,0.89,1.36,1.37,0.29,1.46,1.39,4.78,1.56,1.36,1.58,0.17,1.22,0.29,2.39,0.86,0.71,1.36,2.15,1.45,1.31,1.82,1.79,1.32,1.87,3.2,2.01,1.32,1.4,1.9,1.58,1.41,1.34,1.36,3.56,1.45,1.36,0.28,1.56,2.15,2.25,1.38,1.44,0.38,1.55,1.78,1.33,2.17,1.38,0.2,1.79,1.36,0.48,2.74,0.86,1.4,1.51,3.35
1.73,1.33,2.43,1.73,0.72,1.57,2.4,1.36,1.58,1.22,1.38,0.2,1.23,1.27,0.26,0.49,0.3,0.36,1.2,1.83,0.29,0.78,0.25,0.27,0.66,0.17,0.32,1.55,5.43,0.29,0.29,0.32,0.88,1.36,1.33,1.95,0.18,0.29,1.58,0.81,1.73,1.25,2.54,0.26,3.83,1.19,1.07,0.17,0.26,0.2,2.43,1.25,0.32,1.35,1.27,1.4,0.2,1.38,0.16,0.25,0.18,0.16,0.2,1.55,0.25,1.37,2.29,1.38,0.19,0.16,0.21,1.2,3.72,1.2,0.92,0.28,1.34,0.22,0.23,1.55,1.33,0.18,3.83,0.2,0.49,2.3,0.2,0.78,1.23,4.49,2.23,1.37,1.36,0.42,1.54,3.7,1.39,1.08,0.69,2.52,1.92,1.4,3.38,1.15,1.33,1.32,1.02,2.72,0.64,1.94,3.2,1.99,1.37,1.62,1.32,1.5,1.74,1.35,1.56,1.3,0.5,1.36,2.71,0.54,1.35,2.13,0.32,1.48,1.32,4.78,1.56,1.36,1.58,0.13,0.69,0.81,3.38,0.51,0.67,1.5,1.57,1.43,1.32,1.64,1.79,1.25,1.94,3.2,1.2,1.33,1.37,1.86,1.58,1.39,1.34,1.37,2.48,1.43,1.29,0.28,1.59,1.57,2.24,1.35,1.4,0.34,2.01,1.75,1.33,1.74,1.35,0.17,1.74,1.36,0.42,2.58,0.51,1.37,2.73,3.07
1.21,1.28,2.87,1.21,0.74,1.78,2.48,1.36,1.59,1.17,1.38,0.23,1.06,1.29,0.26,0.32,0.25,0.32,1.19,2.12,0.32,1.24,0.24,0.23,1.11,0.2,0.26,1.75,4.56,0.32,0.2,0.3,0.57,1.36,1.37,1.96,0.19,0.27,1.59,0.26,1.21,1.25,3.47,0.25,2.63,1.19,1.38,0.2,0.23,0.19,2.87,1.3,0.31,2.18,1.29,1.5,0.25,1.38,0.16,0.25,0.2,0.16,0.23,1.75,0.24,1.17,2.92,1.31,0.19,0.17,0.25,1.19,3.72,1.07,0.64,0.27,1.34,0.23,0.2,1.53,1.37,0.19,2.63,0.2,0.32,1.8,0.21,1.24,1.06,2.97,2.44,1.37,1.32,0.35,2.61,3.54,1.45,0.67,0.15,2.68,1.45,1.36,2.41,1.3,1.34,0.82,0.85,3.28,0.46,1.96,3.59,2.07,1.31,1.66,1.0,1.54,1.32,1.32,1.55,0.73,0.61,1.44,4.12,0.4,1.35,2.89,0.32,1.42,0.82,4.18,1.55,1.35,1.58,0.14,0.15,1.33,2.41,0.16,0.53,1.64,1.54,1.5,1.32,1.64,1.72,1.29,1.96,3.59,0.97,1.34,1.36,1.87,1.58,1.37,1.43,1.31,1.41,1.5,1.35,0.29,1.69,1.54,2.13,1.35,1.37,0.34,1.92,1.82,1.34,1.32,1.33,0.17,1.69,1.35,0.35,2.76,0.16,1.36,3.94,2.78
1.12,1.29,2.12,1.12,0.77,2.47,2.57,1.33,1.61,1.14,1.38,0.22,0.9,1.31,0.29,0.38,0.21,0.29,1.14,2.41,0.29,1.32,0.29,0.16,1.55,0.19,0.24,1.68,3.69,0.29,0.17,0.29,0.39,1.33,1.36,1.96,0.14,0.26,1.61,0.27,1.12,1.24,3.63,0.27,1.44,1.19,1.57,0.24,0.21,0.18,2.12,0.8,0.27,3.01,1.31,1.55,0.31,1.38,0.17,0.2,0.23,0.17,0.22,1.68,0.29,1.18,2.09,2.01,0.19,0.18,0.26,1.14,2.37,0.62,0.45,0.27,1.34,0.24,0.18,1.52,1.36,0.14,1.44,0.21,0.38,1.29,0.23,1.32,0.9,1.46,2.64,1.3,1.36,0.37,3.68,3.37,1.52,0.26,0.18,2.97,1.43,1.22,1.45,1.46,1.36,0.32,0.92,2.99,0.28,1.91,3.92,2.15,1.38,1.59,0.68,1.45,1.36,1.28,1.55,0.16,0.63,1.51,3.74,0.26,1.32,2.31,0.27,1.36,0.32,3.57,1.55,1.33,0.48,0.17,0.18,1.81,1.45,0.25,0.39,1.74,1.5,1.56,1.32,1.57,1.54,1.33,1.91,3.92,0.74,1.33,1.35,1.9,0.48,1.37,1.2,1.38,1.37,1.56,1.41,0.31,1.74,1.5,2.01,1.35,1.42,0.35,1.82,1.89,1.36,1.36,1.27,0.16,1.64,1.33,0.37,2.95,0.25,1.35,3.83,2.78
0.97,1.32,1.37,0.97,0.81,3.17,2.57,1.37,1.54,1.09,1.52,0.23,0.59,1.32,0.29,0.44,0.26,0.26,1.08,2.7,0.29,1.34,0.27,0.15,1.54,0.16,0.28,1.6,3.11,0.29,0.2,0.36,0.21,1.37,1.32,1.9,0.15,0.25,1.54,0.29,0.97,1.24,3.78,0.3,1.39,1.19,1.61,0.22,0.22,0.21,1.37,0.3,0.24,3.03,1.32,1.58,0.26,1.52,0.22,0.2,0.2,0.22,0.23,1.6,0.27,1.22,1.26,2.72,0.2,0.16,0.23,1.08,2.37,0.17,0.26,0.29,1.13,0.22,0.16,1.56,1.32,0.15,1.39,0.24,0.44,1.3,0.21,1.34,0.59,1.33,2.25,1.39,1.39,0.39,3.73,3.76,1.52,0.3,0.17,3.26,1.42,1.08,1.38,1.73,1.62,0.26,1.36,2.7,0.3,1.89,4.25,1.97,1.46,1.54,0.46,1.47,1.41,1.37,1.56,0.17,0.62,1.51,3.36,0.22,1.15,1.73,0.26,1.34,0.26,3.25,1.56,1.29,0.48,0.18,0.17,2.3,1.38,0.35,0.44,1.84,1.54,1.63,1.35,1.57,1.37,1.33,1.89,4.25,0.74,1.32,1.32,1.9,0.48,1.38,0.97,1.46,1.32,1.63,1.35,0.31,1.8,1.54,1.87,1.34,1.48,0.3,1.82,1.8,1.62,1.41,1.2,0.16,1.61,1.29,0.39,2.12,0.35,1.32,3.72,0.5
0.82,1.35,2.06,0.82,0.85,2.26,2.58,1.42,1.54,1.03,1.52,0.28,0.27,1.23,0.26,0.4,0.27,0.27,0.64,2.99,0.26,1.31,0.26,0.19,1.53,0.17,0.3,1.48,2.52,0.26,0.18,0.41,0.21,1.42,1.28,1.84,0.21,0.25,1.54,0.28,0.82,1.25,2.52,0.29,1.37,1.17,1.64,0.16,0.27,0.24,2.06,0.27,0.24,3.05,1.23,1.61,0.21,1.52,0.25,0.2,0.14,0.25,0.28,1.48,0.26,1.3,1.23,2.83,0.2,0.16,0.23,0.64,2.59,0.54,0.23,0.31,0.77,0.22,0.16,1.29,1.28,0.21,1.37,0.28,0.4,1.32,0.19,1.31,0.27,1.26,1.85,1.48,1.37,0.47,3.27,4.16,1.52,0.31,0.14,3.66,1.4,0.7,1.39,2.64,1.87,0.26,1.79,2.41,0.32,1.91,3.3,1.87,1.4,1.57,0.23,1.51,1.35,1.46,1.57,0.18,0.56,1.5,3.45,0.16,0.98,1.47,0.31,2.42,0.26,2.62,1.57,1.29,0.52,0.16,0.14,1.84,1.39,0.37,0.49,1.9,1.57,1.7,1.34,1.56,1.36,1.33,1.91,3.3,1.65,1.31,1.32,1.88,0.52,1.41,0.68,1.4,1.31,1.7,1.29,0.3,1.78,1.57,1.78,1.32,1.26,0.26,1.75,1.6,1.87,1.35,0.72,0.18,1.61,1.29,0.47,1.29,0.37,1.32,3.35,0.5
0.47,1.34,2.74,0.47,0.81,1.35,2.58,1.44,1.58,0.6,5.01,0.31,0.23,1.29,0.25,0.36,0.24,0.48,0.2,2.58,0.26,1.31,0.28,0.21,1.51,0.2,0.28,1.41,3.35,0.26,0.15,0.46,0.21,1.44,1.06,1.95,0.23,0.28,1.58,0.26,0.47,1.25,1.27,0.25,1.38,1.14,1.66,0.14,0.31,0.59,2.74,0.23,0.29,1.33,1.29,1.62,0.25,5.01,0.25,0.2,0.14,0.25,0.31,1.41,0.28,1.38,1.19,2.95,0.21,0.2,0.25,0.2,2.56,0.95,0.24,0.32,0.42,0.23,0.17,1.02,1.06,0.23,1.38,0.28,0.36,1.33,0.16,1.31,0.23,1.19,1.66,1.68,1.33,0.52,2.81,2.77,1.55,0.3,0.15,3.68,1.39,0.32,1.41,3.55,1.78,0.3,0.99,2.21,0.32,1.93,2.46,1.77,1.35,1.62,0.71,1.55,1.33,1.42,1.57,0.19,0.61,1.62,3.45,0.13,0.69,1.84,0.32,3.5,0.3,1.99,1.57,1.4,0.56,0.16,0.15,1.38,1.41,0.39,0.47,1.97,1.6,1.43,1.34,1.56,1.36,1.31,1.93,2.46,1.65,1.34,1.33,1.86,0.56,1.43,0.39,1.35,1.33,1.43,1.29,0.3,1.31,1.6,1.69,1.33,1.03,0.8,1.75,1.4,1.78,1.33,0.25,0.16,1.63,1.4,0.52,1.45,0.39,1.33,2.98,0.34
0.11,1.31,2.1,0.11,0.78,1.36,2.57,1.39,1.61,0.18,5.01,0.3,0.19,1.35,0.29,0.35,0.21,0.69,0.2,1.85,0.32,0.43,0.62,0.18,1.49,0.19,0.23,1.38,4.19,0.32,0.14,0.47,0.19,1.39,0.71,2.06,0.22,0.32,1.61,0.27,0.11,1.24,1.32,0.25,1.37,0.87,1.68,0.17,0.24,0.95,2.1,0.3,0.29,1.99,1.35,1.56,0.28,5.01,0.27,0.21,0.19,0.27,0.3,1.38,0.62,1.62,1.18,2.09,0.22,0.25,0.29,0.2,2.53,1.35,0.26,0.34,0.42,0.24,0.17,1.27,0.71,0.22,1.37,0.25,0.35,1.3,0.16,0.43,0.19,1.24,1.48,1.66,1.34,0.56,2.22,1.39,1.56,0.3,0.2,3.7,1.39,0.4,1.4,2.82,1.69,0.3,1.45,2.2,0.25,1.9,1.61,1.6,1.36,1.6,1.18,1.48,1.32,1.37,1.58,0.21,0.66,1.75,3.07,0.15,0.41,2.22,0.28,4.23,0.3,1.98,1.58,1.4,0.56,0.16,0.2,1.46,1.4,0.38,0.45,1.92,1.64,1.45,1.31,1.56,1.43,1.31,1.9,1.61,1.15,1.35,1.33,1.93,0.56,1.82,0.43,1.36,1.34,1.45,1.37,0.32,0.84,1.64,2.38,1.35,0.8,1.34,1.86,1.36,1.69,1.32,0.34,0.49,1.59,1.4,0.56,1.61,0.38,1.33,2.39,0.28
0.16,1.32,1.46,0.16,0.83,1.37,2.57,1.33,1.58,0.21,4.29,0.28,0.19,1.32,0.35,0.44,0.25,1.02,0.21,1.11,0.39,0.43,1.11,0.15,1.1,0.17,0.27,1.33,4.21,0.39,0.16,0.48,0.21,1.33,0.4,0.68,0.21,0.81,1.58,0.32,0.16,1.23,1.32,0.27,1.36,0.6,1.64,0.21,0.23,0.64,1.46,0.33,0.26,2.64,1.32,1.42,0.3,4.29,0.29,0.22,0.2,0.29,0.28,1.33,1.11,1.85,1.21,1.23,0.22,0.23,0.29,0.21,2.31,1.46,0.25,0.36,0.36,0.22,0.17,1.52,0.4,0.21,1.36,0.5,0.44,1.26,0.18,0.43,0.19,1.23,1.35,1.64,1.39,0.71,1.63,2.12,1.56,0.29,0.23,3.34,1.47,0.46,1.51,2.08,1.74,0.26,1.9,2.1,0.31,1.82,1.54,1.43,1.75,1.54,1.25,1.42,1.38,2.64,1.55,0.2,0.63,1.63,3.07,0.22,0.3,3.44,0.24,4.95,0.26,2.34,1.55,1.48,0.54,0.16,0.23,1.8,1.51,0.36,0.41,1.55,1.64,1.46,1.28,1.61,1.43,1.31,1.82,1.54,0.64,1.38,1.34,1.99,0.54,2.21,0.42,1.75,1.32,1.46,1.44,0.33,0.84,1.64,3.08,1.38,0.57,1.3,1.97,1.36,1.74,1.38,0.35,0.82,1.55,1.48,0.71,1.62,0.36,1.34,1.79,0.31
0.22,1.11,1.41,0.22,0.88,1.37,2.58,1.3,1.55,0.2,3.56,0.34,0.19,1.29,0.35,0.53,0.3,1.34,0.26,1.17,0.36,0.37,1.41,0.16,0.72,0.2,0.34,1.31,4.21,0.36,0.18,0.44,0.22,1.3,0.33,1.08,0.24,1.3,1.55,0.34,0.22,1.23,1.28,0.31,1.35,0.38,1.57,0.22,0.27,0.33,1.41,0.37,0.22,2.52,1.29,1.28,0.29,3.56,0.17,0.16,0.17,0.17,0.34,1.31,1.41,1.53,1.22,1.23,0.27,0.22,0.25,0.26,2.32,1.46,0.25,0.36,0.36,0.22,0.15,1.54,0.33,0.24,1.35,0.77,0.53,1.67,0.25,0.37,0.19,1.2,1.23,1.64,1.4,0.85,1.66,2.12,1.56,0.32,0.22,2.73,1.37,0.49,1.61,2.27,1.79,0.26,1.73,2.13,0.29,1.71,1.47,1.52,2.14,1.53,1.32,1.48,1.38,3.91,1.53,0.2,0.63,1.5,3.15,0.2,0.27,3.85,0.5,4.05,0.26,2.7,1.53,1.57,0.53,0.16,0.22,2.15,1.61,0.55,0.44,1.18,1.57,1.54,0.92,1.61,1.21,1.3,1.71,1.47,0.62,1.42,1.32,1.95,0.53,2.48,0.41,2.14,1.36,1.54,0.87,0.35,0.85,1.57,3.07,1.07,0.47,1.34,2.42,1.37,1.79,1.38,0.35,0.6,1.5,1.57,0.85,1.62,0.55,1.32,1.78,0.37
0.62,0.91,1.41,0.62,0.92,1.35,2.56,1.34,1.56,0.16,2.69,0.41,0.19,1.09,0.31,0.4,0.29,1.12,0.22,1.19,0.35,0.31,1.36,0.19,0.64,0.25,0.36,1.34,3.51,0.35,0.18,0.41,0.21,1.34,0.29,1.48,0.27,1.35,1.56,0.34,0.62,1.23,1.3,0.32,1.37,0.16,1.52,0.19,0.27,0.28,1.41,0.31,0.22,2.41,1.09,1.27,0.28,2.69,0.13,0.19,0.17,0.13,0.41,1.34,1.36,1.22,1.17,1.25,0.27,0.2,0.25,0.22,2.34,5.79,0.29,0.34,0.94,0.24,0.17,1.53,0.29,0.27,1.37,0.63,0.4,2.08,0.24,0.31,0.19,1.2,1.01,2.06,1.38,0.77,1.69,4.41,1.56,0.31,0.22,2.11,1.37,0.51,1.2,2.45,1.75,0.34,1.56,2.01,0.29,1.61,1.44,1.62,1.57,1.61,1.32,1.5,1.31,3.89,1.55,0.16,0.66,1.38,2.64,0.17,0.3,4.25,0.76,3.16,0.34,2.29,1.55,1.89,0.53,0.19,0.22,2.15,1.2,0.74,0.47,0.84,1.55,1.62,0.57,1.56,0.99,1.3,1.61,1.44,0.59,1.41,1.31,2.6,0.53,2.75,0.55,1.57,1.39,1.62,0.31,0.36,0.85,1.55,3.06,0.75,0.37,1.38,2.87,1.41,1.75,1.31,0.39,0.39,1.49,1.89,0.77,1.81,0.74,1.31,1.82,0.36
0.82,0.6,1.4,0.82,0.55,1.35,2.55,1.38,1.94,0.13,1.83,0.34,0.2,0.9,0.27,0.27,0.23,0.9,0.17,1.16,0.34,0.31,1.32,0.21,0.56,0.27,0.33,1.39,2.81,0.34,0.23,0.31,0.18,1.38,0.33,2.16,0.22,1.38,1.94,0.33,0.82,1.1,1.32,0.31,1.44,0.19,1.49,0.18,0.24,0.25,1.4,0.25,0.26,1.84,0.9,1.27,0.28,1.83,0.17,0.22,0.25,0.17,0.34,1.39,1.32,1.28,1.16,1.25,0.64,0.18,0.28,0.17,1.79,5.79,0.34,0.31,1.51,0.24,0.17,1.49,0.33,0.22,1.44,0.36,0.27,1.64,0.23,0.31,0.2,1.23,0.8,2.48,1.39,1.51,1.69,4.41,1.54,0.3,0.26,1.91,0.99,1.15,0.78,2.53,1.72,0.3,1.41,2.95,0.3,1.51,1.4,1.72,1.17,1.61,1.32,1.51,1.38,2.67,1.53,0.13,0.66,1.35,2.12,0.19,0.3,4.28,0.76,2.37,0.3,1.88,1.53,1.88,0.53,0.17,0.26,0.97,0.78,0.66,0.4,1.09,1.55,1.48,0.42,1.5,0.69,1.3,1.51,1.4,0.58,1.4,1.33,3.25,0.53,2.93,0.69,1.17,1.4,1.48,0.31,0.34,0.75,1.55,3.14,0.58,0.37,0.83,2.76,1.46,1.72,1.38,0.43,0.31,1.5,1.88,1.51,2.0,0.66,1.33,1.87,0.33
0.63,0.29,1.37,0.63,0.96,1.37,2.58,1.32,2.32,0.15,1.75,0.27,0.19,0.59,0.28,0.25,0.22,0.6,0.17,1.17,0.43,0.34,1.32,0.19,0.49,0.24,0.3,1.4,2.27,0.43,0.2,0.22,0.23,1.32,0.36,2.84,0.16,1.07,2.32,0.36,0.63,0.98,1.3,0.31,1.59,0.18,1.42,0.17,0.21,0.23,1.37,0.28,0.3,1.27,0.59,1.27,0.28,1.75,0.18,0.22,0.26,0.18,0.27,1.4,1.32,1.28,1.21,1.23,1.01,0.16,0.29,0.17,1.25,5.07,0.33,0.3,1.81,0.22,0.17,1.46,0.36,0.16,1.59,0.3,0.25,1.2,0.21,0.34,0.19,1.22,0.81,2.75,0.94,2.25,1.7,3.83,1.53,0.29,0.24,2.34,0.6,1.79,0.58,2.61,1.79,0.27,1.26,3.89,0.3,1.51,1.44,1.81,0.78,0.83,2.11,1.49,1.38,1.46,1.5,0.11,0.64,1.32,2.04,0.2,0.28,4.36,0.77,1.58,0.27,1.81,1.5,1.88,0.53,0.13,0.24,0.97,0.58,0.58,0.99,1.34,1.79,1.35,0.26,1.45,0.39,1.3,1.51,1.44,0.56,1.34,1.35,3.9,0.53,3.12,0.58,0.78,1.37,1.35,0.36,0.28,0.64,1.79,3.21,0.41,0.37,0.29,2.66,2.28,1.79,1.38,0.46,0.56,1.5,1.88,2.25,2.27,0.58,1.35,1.85,0.34
0.35,0.3,1.37,0.35,1.38,1.39,2.62,1.3,1.43,0.17,2.49,0.3,0.17,0.27,0.31,0.28,0.25,0.29,0.16,1.21,0.53,0.33,0.78,0.2,0.72,0.25,0.33,1.39,1.72,0.53,0.18,0.35,0.28,1.3,0.35,2.87,0.15,0.77,1.43,0.36,0.35,0.62,1.26,0.32,2.31,0.16,1.32,0.17,0.23,0.26,1.37,0.28,0.29,1.23,0.27,1.27,0.28,2.49,0.16,0.22,0.23,0.16,0.3,1.39,0.78,1.2,1.21,1.21,0.63,0.17,0.66,0.16,1.27,4.35,0.33,0.3,1.81,0.22,0.18,1.41,0.35,0.15,2.31,0.24,0.28,1.24,0.23,0.33,0.17,1.21,0.82,3.03,0.48,2.03,1.72,3.24,1.53,0.38,0.17,2.78,0.41,1.76,0.37,2.09,1.8,0.26,1.04,3.1,0.39,1.52,1.43,1.9,0.73,0.83,2.11,1.47,1.35,0.92,1.6,0.15,0.57,1.33,1.7,0.23,0.24,4.44,0.55,1.49,0.26,1.82,1.6,1.86,0.51,0.11,0.17,0.68,0.37,0.61,1.59,1.63,2.03,0.94,0.28,1.39,0.47,1.37,1.52,1.43,0.58,1.32,1.32,4.56,0.51,4.45,0.47,0.73,1.37,0.94,0.36,0.26,0.48,2.03,3.1,0.36,0.87,0.32,2.58,3.09,1.8,1.35,0.49,0.81,1.5,1.86,2.03,3.14,0.61,1.32,1.82,0.38
0.3,0.29,2.14,0.3,0.96,1.41,2.65,0.87,0.55,0.18,3.23,0.3,0.19,0.25,0.64,0.31,0.27,0.26,0.18,1.21,0.53,0.26,0.24,0.23,0.96,0.24,0.3,1.38,2.27,0.53,0.15,0.48,0.27,0.87,0.31,2.9,0.2,0.57,0.55,0.31,0.3,0.26,1.24,0.32,3.04,0.18,1.22,0.18,0.24,0.28,2.14,0.28,0.28,1.2,0.25,1.24,0.33,3.23,0.15,0.18,0.18,0.15,0.3,1.38,0.24,2.27,1.17,1.26,0.25,0.17,1.01,0.18,1.29,4.41,0.31,0.28,1.49,0.24,0.23,1.42,0.31,0.2,3.04,0.21,0.31,1.27,0.28,0.26,0.19,1.22,1.36,3.03,0.37,1.81,1.59,3.19,1.54,0.46,0.15,2.85,0.4,1.79,0.42,1.57,1.81,0.28,0.82,3.8,0.35,1.33,1.41,1.98,0.67,0.63,1.9,1.48,1.33,0.38,1.7,0.19,0.46,1.36,1.36,0.24,0.23,3.79,0.41,1.4,0.28,1.82,1.7,1.85,0.49,0.15,0.15,0.39,0.42,1.21,3.01,1.92,2.02,0.54,0.29,1.39,0.68,1.37,1.33,1.41,0.6,1.33,1.31,4.06,0.49,5.78,0.47,0.67,1.36,0.54,0.29,0.32,0.32,2.02,2.99,0.34,1.36,0.34,2.5,3.09,1.81,1.33,0.47,1.1,1.53,1.85,1.81,4.01,1.21,1.31,1.82,0.39
0.22,0.26,2.14,0.22,0.54,1.36,2.65,0.44,0.47,0.13,3.57,0.29,0.21,0.22,1.06,0.25,0.24,0.31,0.21,1.17,0.46,0.23,0.23,0.27,1.09,0.21,0.27,1.14,2.83,0.46,0.16,0.4,0.28,0.44,0.3,1.56,0.25,0.38,0.47,0.26,0.22,0.24,1.25,0.28,3.04,0.19,1.2,0.21,0.25,0.23,2.14,0.27,0.3,1.18,0.22,1.22,0.38,3.57,0.16,0.13,0.17,0.16,0.29,1.14,0.23,3.34,1.16,1.3,0.31,0.16,1.15,0.21,1.31,4.47,0.29,0.26,1.49,0.24,0.31,1.45,0.3,0.25,3.04,0.23,0.25,1.25,0.27,0.23,0.21,1.22,1.9,3.67,0.33,2.39,1.46,3.14,1.53,0.51,0.19,2.93,0.38,1.75,0.43,1.57,1.84,0.29,0.8,4.5,0.31,1.15,2.26,2.05,0.59,0.44,1.69,1.5,1.35,0.39,1.67,0.19,0.35,1.36,1.05,0.21,0.3,3.14,0.32,1.35,0.29,1.58,1.67,1.72,0.5,0.19,0.19,0.52,0.43,1.82,4.43,1.82,2.02,0.54,0.29,4.85,0.88,1.36,1.15,2.26,0.63,1.35,1.33,3.65,0.5,4.97,0.24,0.59,1.33,0.54,0.23,0.3,0.31,2.02,2.33,0.34,0.89,0.33,1.95,1.86,1.84,1.35,0.45,1.38,1.56,1.72,2.39,3.07,1.82,1.33,1.82,0.36
0.17,0.26,2.14,0.17,0.43,1.31,2.65,0.28,0.42,0.15,3.91,0.27,0.22,0.23,1.34,0.19,0.23,0.36,0.24,1.17,0.39,0.24,0.26,0.28,1.23,0.17,0.23,0.89,2.34,0.39,0.16,0.33,0.28,0.28,0.35,0.22,0.3,0.33,0.42,0.28,0.17,0.22,1.24,0.25,3.34,0.19,1.15,0.26,0.22,0.23,2.14,0.27,0.29,1.18,0.23,1.2,0.26,3.91,0.16,0.19,0.16,0.16,0.27,0.89,0.26,2.23,1.21,1.27,0.3,0.17,1.64,0.24,1.26,3.45,0.32,0.27,1.4,0.22,0.94,1.47,0.35,0.3,3.34,0.24,0.19,1.21,0.25,0.24,0.22,1.21,1.78,3.67,0.35,1.59,1.37,2.92,1.53,0.55,0.19,2.98,0.38,1.72,0.43,3.98,1.91,0.28,1.11,4.67,0.3,1.27,3.1,2.23,1.67,0.39,1.54,1.44,1.37,0.37,1.64,0.2,0.31,1.36,0.73,0.15,0.38,2.41,0.3,1.29,0.28,1.42,1.64,1.58,0.51,0.13,0.19,0.65,0.43,2.02,3.53,1.5,1.96,0.55,0.29,4.85,1.05,1.36,1.27,3.1,0.66,1.36,1.37,3.25,0.51,4.17,0.21,1.67,1.3,0.55,0.31,0.26,0.3,1.96,1.68,0.33,0.42,0.33,1.41,1.86,1.91,1.37,0.53,1.35,1.54,1.58,1.59,2.25,2.02,1.37,1.8,0.36
0.27,0.28,2.42,0.27,0.36,1.35,2.61,0.37,0.64,0.19,3.01,0.62,0.22,0.25,1.36,0.19,0.27,0.38,0.27,1.21,0.37,0.26,0.31,0.23,0.71,0.18,0.26,0.56,1.84,0.37,0.16,0.59,0.25,0.37,0.41,0.29,0.3,0.27,0.64,0.31,0.27,0.2,1.24,0.26,3.34,0.19,1.13,0.28,0.24,0.22,2.42,0.28,0.27,1.21,0.25,1.16,0.14,3.01,0.16,0.25,0.16,0.16,0.62,0.56,0.31,1.13,1.21,1.25,0.29,0.22,2.12,0.27,1.25,2.43,0.35,0.3,0.93,0.22,1.56,1.45,0.41,0.3,3.34,0.22,0.19,1.2,0.21,0.26,0.22,1.21,1.66,2.88,0.45,0.79,1.38,3.69,1.53,0.58,0.15,3.04,0.38,1.74,0.4,3.98,1.99,0.28,1.41,4.43,0.3,1.4,3.13,2.41,2.75,0.32,1.39,2.19,1.51,0.35,1.62,0.19,0.29,1.38,0.65,0.12,0.32,1.67,0.29,0.87,0.28,1.4,1.62,1.47,0.51,0.14,0.15,0.63,0.4,2.22,2.62,1.18,1.91,0.55,0.27,4.19,1.27,1.37,1.4,3.13,0.47,1.35,1.42,2.72,0.51,4.04,0.21,2.75,1.42,0.55,0.29,0.25,0.28,1.91,1.59,0.3,0.37,0.34,1.16,1.81,1.99,1.51,1.65,1.37,1.5,1.47,0.79,1.42,2.22,1.42,1.76,0.35
0.21,0.28,2.42,0.21,0.28,1.39,2.59,0.46,0.86,0.19,2.43,0.97,0.26,0.27,1.39,0.19,0.3,0.4,0.28,1.21,0.35,0.29,0.31,0.19,0.19,0.19,0.31,0.22,1.74,0.35,0.15,0.92,0.21,0.46,0.42,0.37,0.3,0.23,0.86,0.29,0.21,0.19,1.25,0.3,2.89,0.18,1.17,0.25,0.28,0.21,2.42,0.31,0.23,1.21,0.27,1.16,0.2,2.43,0.18,0.19,0.11,0.18,0.97,0.22,0.31,1.16,1.18,1.25,0.25,0.32,2.06,0.28,1.25,2.04,0.31,0.29,0.46,0.24,1.45,1.54,0.42,0.3,2.89,0.19,0.19,1.21,0.21,0.29,0.26,1.22,1.86,2.62,0.56,0.84,1.39,4.46,1.53,1.35,0.14,2.94,0.3,1.71,0.4,3.62,2.14,0.32,1.71,3.64,0.3,1.39,3.16,2.24,2.82,0.31,1.44,2.94,1.66,0.37,1.62,0.18,0.3,1.43,0.56,0.17,0.27,1.51,0.3,0.44,0.32,1.5,1.62,1.36,0.51,0.19,0.14,0.61,0.4,2.03,2.04,0.92,1.77,0.68,0.28,3.52,1.49,1.39,1.39,3.16,0.27,1.34,1.42,3.59,0.51,3.91,0.22,2.82,1.54,0.68,0.27,0.28,0.33,1.77,2.01,0.3,0.36,0.35,0.92,1.75,2.14,1.66,2.78,1.14,1.49,1.36,0.84,1.48,2.03,1.42,1.75,0.34
0.15,0.28,2.4,0.15,0.35,1.35,2.59,1.05,1.13,0.17,1.86,0.97,0.3,0.25,1.08,0.35,0.27,0.31,0.28,1.18,0.42,0.24,0.25,0.18,0.18,0.19,0.31,0.27,2.24,0.42,0.18,1.25,0.21,1.05,0.37,0.32,0.32,0.26,1.13,0.24,0.15,0.17,1.27,0.31,2.44,0.18,1.2,0.22,0.28,0.2,2.4,0.3,0.23,1.17,0.25,1.19,0.25,1.86,0.16,0.17,0.22,0.16,0.97,0.27,0.25,1.2,1.15,0.19,0.2,0.42,3.55,0.28,1.25,1.64,0.27,0.26,0.46,0.23,1.06,1.62,0.37,0.32,2.44,0.17,0.35,1.22,0.22,0.24,0.3,1.2,1.8,2.37,0.69,0.88,1.36,3.62,1.57,2.11,0.18,2.84,0.37,1.67,0.4,3.26,1.89,0.45,1.58,2.81,0.3,1.38,2.58,2.07,2.37,0.35,1.49,3.47,1.39,0.38,2.07,0.18,0.3,1.48,1.14,0.23,0.36,1.34,0.33,0.38,0.45,1.45,2.07,1.49,0.56,0.23,0.18,0.5,0.4,1.85,1.45,0.64,1.64,0.81,0.29,5.22,1.45,1.42,1.38,2.58,0.39,1.39,1.42,4.47,0.56,3.39,0.23,2.37,1.28,0.81,0.27,0.27,0.38,1.64,2.42,0.3,0.34,0.36,0.73,1.79,1.89,1.39,1.63,0.9,1.52,1.49,0.88,1.51,1.85,1.42,1.78,0.29
0.16,0.28,2.39,0.16,0.35,1.31,2.64,1.65,1.41,0.19,1.86,1.31,0.25,0.23,0.76,0.35,0.24,0.41,0.28,1.18,0.4,0.25,0.24,0.19,0.16,0.17,0.25,0.29,2.74,0.4,0.21,1.71,0.2,1.65,0.34,0.27,0.3,0.3,1.41,0.25,0.16,0.14,1.25,0.27,2.38,0.2,1.18,0.23,0.24,0.24,2.39,0.29,0.26,1.17,0.23,1.21,0.22,1.86,0.14,0.14,0.33,0.14,1.31,0.29,0.24,1.21,0.89,0.19,0.31,0.5,5.04,0.28,1.22,1.68,0.23,0.26,0.33,0.23,0.7,1.52,0.34,0.3,2.38,0.16,0.35,0.69,0.23,0.25,0.25,1.15,1.75,2.36,1.13,0.91,0.82,2.78,1.6,3.28,0.19,2.51,0.45,3.01,0.41,3.05,1.64,0.58,1.44,2.37,0.29,1.39,1.99,1.96,1.91,0.35,1.54,4.0,1.12,0.35,2.51,0.17,0.29,1.53,1.73,0.25,0.44,1.44,0.56,0.53,0.58,1.39,2.51,1.62,0.56,0.23,0.19,0.4,0.41,1.9,1.41,0.35,1.55,0.81,0.28,6.93,1.41,1.39,1.39,1.99,0.37,1.35,1.42,5.66,0.56,3.42,0.18,1.91,1.28,0.81,0.27,0.26,0.42,1.55,2.42,0.3,0.34,0.36,0.54,1.76,1.64,1.12,0.49,0.65,1.52,1.62,0.91,1.57,1.9,1.42,1.76,0.31
0.22,0.3,2.1,0.22,0.32,1.35,1.45,1.69,1.48,0.25,2.68,1.31,0.21,0.25,0.56,0.35,0.22,0.5,0.3,1.21,0.37,0.32,0.29,0.19,0.22,0.18,0.24,0.27,2.82,0.37,0.21,2.17,0.19,1.69,0.34,0.38,0.26,0.3,1.48,0.3,0.22,0.19,1.24,0.24,2.34,0.21,1.16,0.29,0.24,0.28,2.1,0.29,0.25,1.21,0.25,1.18,0.19,2.68,0.16,0.26,0.49,0.16,1.31,0.27,0.29,1.18,0.48,0.23,0.42,0.55,3.9,0.3,1.22,1.73,0.2,0.29,0.3,0.22,0.4,1.43,0.34,0.26,2.34,0.17,0.35,0.15,0.23,0.32,0.21,0.71,1.73,2.34,1.56,1.1,0.28,2.33,1.63,2.84,0.16,2.18,0.38,4.36,0.41,2.84,1.61,0.56,1.43,2.2,0.28,1.4,1.76,1.85,2.65,0.3,1.59,3.39,1.62,0.32,1.61,0.2,0.35,1.53,1.85,0.23,1.32,1.54,0.79,0.68,0.56,1.37,1.61,2.3,0.56,0.24,0.16,0.48,0.41,1.68,1.37,0.36,1.47,0.83,0.26,6.32,1.41,1.96,1.4,1.76,0.34,1.31,1.46,4.47,0.56,3.45,0.16,2.65,1.19,0.83,0.36,0.27,0.76,1.47,4.11,0.29,0.44,0.39,0.59,1.73,1.61,1.62,0.56,0.4,1.5,2.3,1.1,1.63,1.68,1.46,1.69,0.34
0.31,0.29,2.27,0.31,0.32,1.39,0.25,1.59,1.45,0.26,3.5,1.34,0.23,0.28,0.35,0.35,0.25,0.46,0.23,1.2,0.35,0.3,0.34,0.17,0.28,0.19,0.28,0.27,2.58,0.35,0.23,2.12,0.19,1.59,0.36,0.49,0.25,0.25,1.45,0.31,0.31,0.23,1.26,0.26,2.2,0.16,1.16,0.31,0.28,0.21,2.27,0.28,0.24,1.21,0.28,1.27,0.16,3.5,0.18,0.38,0.66,0.18,1.34,0.27,0.34,1.17,0.16,0.26,0.33,0.52,2.75,0.23,1.23,1.77,1.29,0.3,0.47,0.24,0.42,1.41,0.36,0.25,2.2,0.18,0.35,0.23,0.16,0.3,0.23,0.26,1.72,2.4,1.51,1.29,0.3,1.89,1.63,2.39,0.13,2.03,0.38,4.55,0.4,2.58,1.68,0.54,1.0,2.32,0.31,1.4,1.53,2.07,3.39,0.28,1.45,2.79,2.12,0.33,0.71,0.23,0.48,2.99,1.98,0.19,1.95,1.62,0.86,0.59,0.54,1.41,0.71,2.99,0.56,0.45,0.13,0.56,0.4,1.45,1.39,0.36,1.42,0.85,0.36,5.01,1.39,2.54,1.4,1.53,0.35,1.31,1.47,3.28,0.56,3.44,0.14,3.39,1.19,0.85,0.45,0.3,1.1,1.42,4.11,0.27,0.44,0.39,0.65,1.63,1.68,2.12,0.53,0.28,1.52,2.99,1.29,1.76,1.45,1.47,2.3,0.33
0.48,0.27,2.45,0.48,0.3,1.38,0.41,1.5,1.39,0.22,2.52,1.38,0.19,0.26,0.36,0.35,0.26,0.41,0.16,1.18,0.41,0.25,0.62,0.17,0.22,0.19,0.3,0.29,2.34,0.41,0.23,2.07,0.19,1.5,0.34,0.63,0.29,0.23,1.39,0.26,0.48,0.22,1.27,0.31,2.05,0.16,1.17,0.28,0.25,0.15,2.45,0.26,0.22,1.17,0.26,1.35,0.14,2.52,0.16,0.26,0.66,0.16,1.38,0.29,0.62,1.18,0.17,0.26,0.23,0.44,2.1,0.16,1.24,1.77,2.39,0.27,0.47,0.23,0.43,1.41,0.34,0.29,2.05,0.21,0.35,0.24,0.15,0.25,0.19,0.19,1.76,2.46,1.51,1.59,0.31,2.84,0.46,1.8,0.17,1.95,0.38,4.74,0.44,2.32,1.76,0.43,0.58,2.35,0.33,1.4,1.53,2.29,4.07,0.33,2.08,2.79,2.05,0.33,2.65,0.22,0.62,2.99,2.79,0.2,1.2,1.56,0.86,0.5,0.43,1.42,2.65,3.01,2.07,0.66,0.17,0.79,0.44,1.5,1.4,0.31,1.38,1.15,0.45,3.7,1.39,1.78,1.4,1.53,0.35,1.05,1.48,2.52,2.07,3.44,0.18,4.07,1.28,1.15,0.39,0.33,1.77,1.38,3.65,0.27,0.44,0.39,1.08,4.34,1.76,2.05,0.49,0.17,1.58,3.01,1.59,1.89,1.5,1.48,2.92,0.3
0.65,0.28,2.2,0.65,0.29,1.38,0.57,1.45,1.32,0.16,1.54,1.41,0.15,0.25,0.33,0.42,0.26,0.39,0.16,1.19,0.48,0.25,1.11,0.18,0.16,0.18,0.27,0.28,1.74,0.48,0.22,1.98,0.2,1.45,0.31,0.77,0.45,0.23,1.32,0.23,0.65,0.22,1.23,0.35,1.24,0.21,1.16,0.22,0.23,0.23,2.2,0.25,0.24,1.16,0.25,1.47,0.22,1.54,0.13,0.23,2.25,0.13,1.41,0.28,1.11,1.2,0.17,0.22,0.37,0.39,1.45,0.16,1.24,1.77,0.77,0.28,0.55,0.22,0.41,1.4,0.31,0.45,1.24,0.21,0.42,0.23,0.17,0.25,0.15,0.18,1.8,2.44,1.56,1.88,0.35,3.8,0.46,1.2,0.18,1.88,0.4,4.53,0.48,2.86,1.87,0.39,0.51,2.49,0.32,1.47,1.8,2.29,3.47,0.37,2.71,3.92,1.98,1.42,4.58,0.18,0.76,2.18,3.61,0.22,0.44,1.5,0.83,1.03,0.39,1.39,4.58,2.23,2.07,0.61,0.18,1.2,0.48,1.54,1.33,0.32,1.21,1.44,0.48,2.79,1.4,1.03,1.47,1.8,0.36,0.8,1.55,1.76,2.07,3.64,0.22,3.47,1.37,1.44,0.34,0.37,1.75,1.21,2.66,0.3,0.36,0.35,1.5,7.05,1.87,1.98,1.19,0.14,1.6,2.23,1.88,1.69,1.54,1.55,2.26,0.32
1.01,0.35,1.94,1.01,0.29,1.28,0.8,1.39,0.94,0.19,1.51,1.43,0.18,0.24,0.3,0.48,0.26,0.39,0.16,1.2,0.51,0.34,0.87,0.19,0.18,0.22,0.24,0.27,1.74,0.51,0.18,1.89,0.19,1.39,0.31,0.8,0.61,0.25,0.94,0.28,1.01,0.22,1.24,0.34,0.42,0.21,1.17,0.2,0.21,0.22,1.94,0.26,0.29,1.2,0.24,1.43,0.29,1.51,0.17,0.19,2.25,0.17,1.43,0.27,0.87,1.22,0.16,0.18,0.32,0.35,1.39,0.16,1.25,2.2,0.75,0.34,0.63,0.22,0.56,1.4,0.31,0.61,0.42,0.18,0.48,0.24,0.2,0.34,0.18,0.23,1.8,2.41,2.3,1.89,0.38,3.59,0.46,1.6,0.18,1.89,0.42,4.33,0.45,3.4,2.65,0.43,0.44,2.48,0.31,1.54,1.8,2.72,2.87,0.38,1.54,3.92,1.78,1.42,5.51,0.15,0.8,1.36,3.5,0.21,0.41,1.52,0.77,1.56,0.43,1.39,5.51,1.44,1.29,0.49,0.18,1.62,0.45,1.73,1.39,0.34,1.04,1.45,0.52,2.79,0.84,1.09,1.54,1.8,0.37,0.51,1.32,1.76,1.29,3.84,0.21,2.87,1.39,1.45,0.34,0.3,1.73,1.04,1.68,0.3,0.36,0.31,1.12,5.46,2.65,1.78,1.89,0.18,1.61,1.44,1.89,1.5,1.73,1.32,1.6,0.38
1.36,0.8,2.33,1.36,0.26,1.18,1.23,1.38,0.56,0.22,1.51,1.46,0.22,0.24,0.29,0.44,0.27,0.39,0.16,1.18,0.76,0.37,0.5,0.19,0.21,0.25,0.27,0.27,1.43,0.76,0.18,1.69,0.19,1.38,0.34,0.82,0.43,0.27,0.56,0.33,1.36,0.21,1.26,0.32,0.48,0.18,1.17,0.25,0.23,0.22,2.33,0.28,0.28,1.2,0.24,1.39,0.42,1.51,0.14,0.26,2.25,0.14,1.46,0.27,0.5,1.25,0.17,0.18,0.27,0.27,1.33,0.16,1.24,2.62,0.74,0.38,0.49,0.24,0.72,1.34,0.34,0.43,0.48,0.14,0.44,0.27,0.21,0.37,0.22,0.2,2.02,2.42,3.04,1.94,0.38,3.37,0.48,1.99,0.19,1.89,0.36,3.96,0.47,2.51,3.43,0.36,0.44,2.39,0.27,1.54,2.2,2.72,1.85,0.33,0.36,2.88,1.59,0.91,4.11,0.16,0.75,1.4,3.39,0.19,0.36,1.54,0.71,2.01,0.36,1.42,4.11,1.47,0.52,0.38,0.19,1.64,0.47,1.91,1.46,0.34,0.96,1.46,0.5,3.68,0.28,1.14,1.54,2.2,0.35,0.23,1.09,1.48,0.52,3.53,0.2,1.85,1.42,1.46,0.35,0.24,1.75,0.96,1.64,0.28,0.36,0.32,0.73,3.87,3.43,1.59,1.17,0.19,1.54,1.47,1.94,1.51,1.91,1.09,1.59,0.41
0.92,1.25,2.33,0.92,0.26,0.79,1.87,1.39,0.42,0.18,1.52,1.43,0.19,0.3,0.29,0.4,0.29,0.4,0.18,1.19,1.36,0.36,0.47,0.18,0.17,0.27,0.33,0.3,1.43,1.36,0.17,1.48,0.19,1.39,0.36,0.78,0.38,0.24,0.42,0.36,0.92,0.2,1.27,0.31,0.52,0.18,1.15,0.31,0.26,0.22,2.33,0.28,0.25,1.18,0.3,2.4,0.54,1.52,0.1,0.29,0.6,0.1,1.43,0.3,0.47,1.23,0.18,0.17,0.27,0.18,1.3,0.18,1.24,2.06,1.08,0.37,0.36,0.24,0.75,1.35,0.36,0.38,0.52,0.14,0.4,0.26,0.2,0.36,0.19,0.16,2.27,2.42,3.04,1.98,0.39,3.14,0.48,1.34,0.21,1.97,0.3,3.96,0.5,1.61,4.12,0.3,0.44,2.54,0.32,1.51,2.61,3.02,0.83,0.33,0.38,2.32,1.4,0.4,2.72,0.17,0.71,1.85,3.39,0.14,0.35,1.5,0.48,2.46,0.3,1.43,2.72,1.49,0.52,0.43,0.21,1.62,0.5,2.1,1.42,0.33,0.89,1.62,0.48,3.68,0.29,0.9,1.51,2.61,0.36,0.29,0.79,1.48,0.52,3.22,0.2,0.83,1.42,1.62,0.29,0.34,1.77,0.89,1.56,0.27,0.36,0.33,0.48,3.6,4.12,1.4,0.46,0.17,1.47,1.49,1.98,1.49,2.1,0.79,1.57,0.43
0.52,0.85,1.3,0.52,0.25,0.39,2.36,1.41,0.33,0.16,1.46,1.41,0.16,0.24,0.28,0.39,0.27,0.31,0.19,1.2,0.89,0.31,0.43,0.22,0.12,0.25,0.35,0.3,1.35,0.89,0.18,1.05,0.2,1.41,0.36,0.73,0.32,0.27,0.33,0.31,0.52,0.19,1.22,0.33,0.51,0.19,1.16,0.32,0.28,0.23,1.3,0.31,0.24,1.18,0.24,3.41,0.51,1.46,0.13,0.32,0.6,0.13,1.41,0.3,0.43,1.22,0.16,0.18,0.2,0.15,1.34,0.19,1.24,1.9,1.42,0.31,0.33,0.22,0.75,1.41,0.36,0.32,0.51,0.2,0.39,0.2,0.2,0.31,0.16,0.17,2.27,2.45,2.29,2.02,0.32,2.9,0.56,0.7,0.22,2.04,0.37,3.76,1.57,1.63,4.82,0.3,0.45,2.47,0.37,1.5,2.06,3.33,0.81,0.36,0.37,1.75,1.4,0.44,2.32,0.13,0.68,2.3,1.41,0.13,0.36,1.46,0.25,2.14,0.3,1.43,2.32,1.6,0.52,0.8,0.22,1.6,1.57,1.83,1.36,0.33,0.98,1.79,0.5,3.34,0.28,0.66,1.5,2.06,0.37,0.31,0.48,1.16,0.52,3.21,0.19,0.81,1.39,1.79,0.3,0.29,1.57,0.98,1.48,0.29,0.35,0.3,0.39,3.32,4.82,1.4,0.43,0.17,1.42,1.6,2.02,2.15,1.83,0.48,1.88,0.48
0.23,0.45,1.3,0.23,0.24,0.33,2.68,1.4,0.32,0.16,1.46,1.04,0.18,0.18,0.26,0.41,0.25,0.38,0.19,1.18,0.42,0.31,0.38,0.26,0.12,0.25,0.33,0.31,1.33,0.42,0.18,0.62,0.23,1.4,0.37,0.6,0.31,0.35,0.32,0.32,0.23,0.18,1.19,0.3,0.46,0.19,1.19,0.25,0.23,0.18,1.3,0.3,0.3,1.19,0.18,2.35,0.52,1.46,0.17,0.27,0.57,0.17,1.04,0.31,0.38,1.22,0.16,0.18,0.31,0.19,1.35,0.19,1.27,1.73,1.37,0.31,0.32,0.22,0.76,1.42,0.37,0.31,0.46,0.2,0.41,0.17,0.19,0.31,0.18,0.22,2.66,3.62,2.29,1.69,0.26,2.21,0.64,0.83,0.23,2.17,0.34,3.76,2.64,2.18,3.35,0.32,0.45,2.27,0.32,1.49,1.51,3.36,0.8,0.36,0.34,1.68,1.44,0.47,1.92,0.13,0.61,1.92,1.41,0.18,1.52,1.52,0.29,1.88,0.32,4.56,1.92,1.96,0.51,1.18,0.23,1.6,2.64,1.56,1.38,0.32,0.93,2.33,0.53,3.2,0.28,0.59,1.49,1.51,0.31,0.31,0.52,0.84,0.51,3.19,0.19,0.8,1.4,2.33,0.3,0.24,1.38,0.93,1.95,0.33,0.91,0.27,0.31,2.43,3.35,1.44,0.4,0.18,1.37,1.96,1.69,2.8,1.56,0.52,2.18,0.52
0.21,0.36,1.04,0.21,0.26,0.28,2.43,1.39,0.34,0.19,2.19,0.66,0.2,0.23,0.27,0.44,0.22,0.44,0.21,1.15,0.42,0.35,1.35,0.27,0.21,0.23,0.33,0.33,1.34,0.42,0.21,0.48,0.27,1.39,0.38,0.47,0.28,0.3,0.34,0.38,0.21,0.18,0.72,0.26,0.46,0.2,1.2,0.2,0.25,0.13,1.04,0.3,0.36,1.18,0.23,1.29,0.53,2.19,0.18,0.33,0.55,0.18,0.66,0.33,1.35,1.22,0.18,0.18,0.31,0.22,1.33,0.21,1.26,1.51,1.58,0.33,0.31,0.25,0.79,1.37,0.38,0.28,0.46,0.21,0.44,0.23,0.18,0.35,0.2,0.2,3.05,4.79,2.17,1.37,0.26,1.52,0.64,1.49,0.17,2.31,0.31,3.27,2.4,2.73,1.89,0.33,0.41,1.48,0.31,1.5,1.53,3.4,0.73,0.31,0.74,1.65,1.4,0.42,1.85,0.19,0.48,1.54,1.41,0.29,2.69,1.58,0.3,1.62,0.33,4.56,1.85,2.33,0.48,1.61,0.17,1.68,2.4,2.13,1.4,0.9,0.87,2.88,0.47,3.06,0.32,0.52,1.5,1.53,0.24,0.3,0.55,0.63,0.48,3.16,0.18,0.73,1.39,2.88,0.29,0.26,1.39,0.87,2.41,0.33,1.47,0.3,0.3,1.53,1.89,1.4,0.4,0.21,1.34,2.33,1.37,2.8,2.13,0.55,2.19,0.49
0.19,0.28,0.78,0.19,0.29,0.39,2.19,0.86,0.33,0.18,2.19,0.47,0.21,0.27,0.28,0.38,0.24,0.39,0.22,0.85,1.47,0.33,2.32,0.26,0.14,0.21,0.34,0.36,1.34,1.47,0.26,0.35,0.29,0.86,0.38,0.38,0.26,0.26,0.33,0.36,0.19,0.17,0.25,0.25,0.48,0.19,1.16,0.2,0.31,0.17,0.78,0.33,0.35,1.18,0.27,1.3,1.17,2.19,0.16,0.38,0.57,0.16,0.47,0.36,2.32,1.22,0.19,0.18,0.49,0.22,1.32,0.22,1.24,2.12,1.79,0.31,0.28,1.49,0.82,1.33,0.38,0.26,0.48,0.2,0.38,0.24,0.19,0.33,0.21,0.18,3.2,4.53,1.88,0.98,0.33,1.47,0.6,2.15,0.16,1.97,0.34,2.47,2.59,2.13,1.89,0.33,0.37,1.99,0.29,1.51,1.55,3.15,0.66,0.28,1.15,1.62,1.4,1.64,1.77,0.19,0.36,1.58,1.46,0.25,1.58,1.47,0.67,1.37,0.33,4.09,1.77,2.33,1.17,2.04,0.16,1.58,2.59,2.7,1.38,1.47,0.9,2.72,0.42,3.09,0.37,1.55,1.51,1.55,0.71,0.32,0.56,0.41,1.17,2.76,0.16,0.66,1.39,2.72,0.28,0.29,1.4,0.9,2.27,0.33,1.4,0.34,0.35,1.53,1.89,1.4,0.4,0.24,1.07,2.33,0.98,2.35,2.7,0.56,2.2,0.43
0.16,0.24,0.74,0.16,0.31,0.35,1.73,0.33,0.28,0.16,1.82,0.28,0.23,0.26,0.29,0.32,0.26,0.34,0.23,0.54,1.47,0.26,2.28,0.23,0.14,0.17,0.34,0.38,1.33,1.47,0.27,0.41,0.27,0.33,0.37,0.28,0.28,0.23,0.28,0.29,0.16,0.19,0.2,0.28,0.5,0.17,1.15,0.23,0.31,0.2,0.74,0.34,0.28,1.19,0.26,1.27,1.81,1.82,0.16,0.34,1.98,0.16,0.28,0.38,2.28,1.2,0.14,0.18,0.67,0.78,1.36,0.23,1.24,2.73,1.04,0.26,0.32,2.72,0.82,1.38,0.37,0.28,0.5,0.2,0.32,0.22,0.2,0.26,0.23,0.19,3.11,4.28,1.58,0.59,0.27,1.41,0.6,2.11,0.18,1.62,0.37,1.68,2.78,1.53,1.85,0.63,0.41,2.49,0.29,1.49,1.57,2.9,0.75,0.32,0.74,1.6,1.41,2.86,2.29,0.16,0.32,1.54,1.46,0.2,0.47,1.51,1.03,1.12,0.63,3.61,2.29,0.33,1.87,2.34,0.18,1.58,2.78,2.87,1.03,1.46,0.85,2.13,0.47,2.68,0.34,2.57,1.49,1.57,1.18,0.34,0.57,0.69,1.87,2.35,0.18,0.75,1.4,2.13,0.48,0.31,1.52,0.85,1.53,0.35,1.34,0.27,0.39,2.01,1.85,1.41,0.34,0.26,0.7,0.33,0.59,2.35,2.87,0.57,2.2,0.44
0.16,0.23,0.69,0.16,0.32,0.31,1.27,0.29,0.25,0.14,1.45,0.26,0.24,0.25,0.27,0.39,0.28,0.37,0.22,0.34,1.41,0.24,2.24,0.21,0.87,0.18,0.29,0.35,1.35,1.41,0.27,0.39,0.27,0.29,0.34,0.22,0.36,0.24,0.25,0.24,0.16,0.21,0.19,0.32,0.39,0.18,1.19,0.25,0.26,0.16,0.69,0.3,0.24,1.18,0.25,1.22,1.81,1.45,0.16,0.3,3.24,0.16,0.26,0.35,2.24,1.22,0.15,0.19,0.88,1.34,1.39,0.22,0.96,2.05,0.29,0.22,0.36,2.5,0.72,1.4,0.34,0.36,0.39,0.23,0.39,0.21,0.2,0.24,0.24,0.21,3.02,4.21,1.35,0.47,0.24,1.72,0.54,2.08,0.19,2.15,0.37,1.58,2.81,1.89,1.85,0.93,0.45,2.39,0.31,1.43,1.54,4.38,0.84,0.35,0.33,1.6,1.42,1.57,2.81,0.14,0.31,1.51,1.45,0.14,0.49,1.55,1.26,0.87,0.93,3.26,2.81,0.33,1.41,2.64,0.19,1.61,2.81,3.05,0.68,1.46,0.8,1.55,0.52,2.27,0.31,1.53,1.43,1.54,1.38,0.31,0.58,1.04,1.41,1.55,0.19,0.84,1.46,1.55,0.67,0.29,1.63,0.8,0.8,0.38,1.82,0.32,0.39,2.01,1.85,1.42,0.33,0.2,0.38,0.33,0.47,2.53,3.05,0.58,4.38,0.46
0.17,0.27,1.67,0.17,0.31,0.28,1.32,0.29,0.29,0.16,1.41,0.27,0.25,0.22,0.26,0.39,0.28,0.4,0.22,0.13,1.34,0.28,1.88,0.2,1.59,0.18,0.27,0.3,1.37,1.34,0.26,0.38,0.3,0.29,0.31,0.62,0.79,0.29,0.29,0.25,0.17,0.23,0.2,0.3,0.29,0.18,1.26,0.23,0.22,0.12,1.67,0.28,0.27,1.17,0.22,1.77,1.8,1.41,0.16,0.26,2.86,0.16,0.27,0.3,1.88,1.3,0.2,0.2,1.08,1.34,1.39,0.22,0.67,1.37,0.35,0.63,0.33,2.28,0.63,1.41,0.31,0.79,0.29,0.26,0.39,0.22,0.19,0.28,0.25,0.23,2.73,3.84,1.36,0.35,0.29,2.02,0.48,2.08,0.13,1.85,0.37,1.69,2.85,2.25,2.43,1.15,1.07,2.06,0.31,1.43,2.27,3.73,0.84,0.36,0.34,1.66,1.45,0.27,2.97,0.11,0.38,1.46,1.51,0.16,0.55,1.74,1.49,0.62,1.15,2.64,2.97,0.26,0.95,3.23,0.13,1.53,2.85,2.47,0.49,1.24,0.82,0.93,0.52,1.87,0.32,0.5,1.43,2.27,1.58,0.26,0.56,1.39,0.95,0.76,0.78,0.84,1.43,0.93,1.01,0.31,1.53,0.82,0.85,0.37,2.3,0.38,0.55,1.74,2.43,1.45,0.33,0.17,0.3,0.26,0.35,2.7,2.47,0.56,4.38,0.45
0.17,0.32,2.64,0.17,0.3,0.25,1.35,0.32,0.33,0.2,1.38,0.27,0.26,0.18,0.28,0.39,0.26,0.43,0.22,0.19,0.92,0.31,1.51,0.19,0.92,0.19,0.28,0.3,0.79,0.92,0.21,0.32,0.31,0.32,0.32,1.02,1.16,0.29,0.33,0.27,0.17,0.26,0.22,0.26,0.34,0.18,0.68,0.17,0.24,0.17,2.64,0.25,0.29,1.2,0.18,2.32,1.79,1.38,0.16,0.21,2.21,0.16,0.27,0.3,1.51,0.72,0.19,0.16,1.21,1.3,1.0,0.22,0.41,1.05,0.32,1.05,0.33,2.24,0.67,1.36,0.32,1.16,0.34,0.29,0.39,0.21,0.19,0.31,0.26,0.21,2.44,3.48,1.38,0.8,0.37,2.3,0.49,0.35,0.15,1.56,0.35,1.81,2.79,2.22,3.01,1.36,1.69,1.67,0.33,0.33,3.01,3.07,2.52,0.33,0.34,1.75,0.85,0.26,3.13,0.15,0.66,1.41,1.58,0.22,0.57,1.92,1.51,0.64,1.36,2.02,3.13,0.28,1.2,3.82,0.15,1.46,2.79,2.05,0.3,1.02,0.84,0.31,0.52,1.47,0.33,1.12,0.33,3.01,1.56,0.26,0.53,2.29,1.2,0.66,1.37,2.52,1.38,0.31,1.35,0.33,1.42,0.84,1.29,0.31,2.09,0.38,0.71,1.47,3.01,0.85,0.32,0.19,0.26,0.28,0.8,2.69,2.05,0.53,3.87,0.41
0.17,0.25,1.65,0.17,0.3,0.31,1.33,0.32,0.31,0.22,1.37,0.23,0.27,0.24,0.31,0.31,0.26,0.47,0.23,0.21,0.51,0.28,1.49,0.19,0.25,0.17,0.28,0.31,0.21,0.51,0.2,0.33,0.29,0.32,0.34,1.11,1.3,0.25,0.31,0.28,0.17,0.25,0.2,0.24,0.39,0.16,0.1,0.14,0.27,0.22,1.65,0.27,0.27,1.2,0.24,1.73,1.77,1.37,0.18,0.27,1.97,0.18,0.23,0.31,1.49,0.14,0.14,0.12,1.04,1.3,0.61,0.23,0.14,0.73,0.28,1.17,0.32,2.2,0.67,1.39,0.34,1.3,0.39,0.24,0.31,0.21,0.22,0.28,0.27,0.21,1.88,3.08,1.91,1.24,0.34,2.44,0.51,0.35,0.2,1.5,0.33,2.26,1.59,1.37,2.44,1.62,1.63,1.57,0.34,0.33,2.69,2.83,2.52,0.34,0.31,1.75,0.26,0.3,2.58,0.2,0.94,1.41,1.81,0.22,0.59,1.97,1.52,0.66,1.62,2.1,2.58,0.3,1.45,3.82,0.2,1.28,1.59,1.62,0.31,0.91,0.86,0.37,0.53,1.41,0.36,1.74,0.33,2.69,1.54,0.31,0.52,3.19,1.45,0.56,1.3,2.52,1.38,0.37,1.5,0.36,1.56,0.86,1.73,0.28,1.87,0.33,1.05,1.47,2.44,0.26,0.34,0.2,0.28,0.3,1.24,2.7,1.62,0.52,3.3,0.44
0.18,0.24,0.65,0.18,0.31,0.36,1.32,0.31,0.27,0.23,1.35,0.24,0.22,0.3,0.34,0.24,0.3,0.45,0.24,0.16,0.33,0.25,0.98,0.17,0.21,0.18,0.27,0.3,0.23,0.33,0.19,0.33,0.27,0.31,0.35,1.21,0.99,0.22,0.27,0.23,0.18,0.25,0.21,0.29,0.36,0.19,0.18,0.16,0.26,0.21,0.65,0.29,0.24,1.17,0.3,1.13,1.3,1.35,0.15,0.28,1.73,0.15,0.24,0.3,0.98,0.2,0.14,0.16,0.87,1.34,0.46,0.24,0.16,0.55,0.3,1.28,0.31,1.84,0.63,1.47,0.35,0.99,0.36,0.23,0.24,0.23,0.27,0.25,0.22,0.2,1.32,2.68,2.45,1.69,0.34,2.59,0.55,0.48,0.19,1.43,0.35,2.71,0.39,0.53,1.87,1.87,1.3,1.45,0.32,0.27,2.38,2.59,2.57,0.36,0.29,2.19,0.65,0.33,2.03,0.19,1.5,1.41,2.04,0.19,0.6,2.03,1.52,0.67,1.87,2.11,2.03,0.29,1.4,2.17,0.19,0.88,0.39,1.8,0.32,0.77,0.87,0.43,0.42,1.42,0.4,1.13,0.27,2.38,1.6,0.29,0.55,3.37,1.4,0.47,1.24,2.57,1.42,0.43,3.3,0.36,1.58,0.87,1.53,0.28,1.82,0.27,1.05,1.4,1.87,0.65,0.37,0.16,0.31,0.29,1.69,2.71,1.8,0.55,3.3,0.5
0.18,0.7,0.62,0.18,0.26,0.36,1.36,0.34,0.27,0.23,1.37,0.26,0.16,0.23,0.33,0.82,0.27,0.43,0.21,0.18,0.14,0.26,0.47,0.14,0.23,0.19,0.27,0.25,0.28,0.14,0.21,0.3,0.24,0.34,0.33,1.19,0.68,0.26,0.27,0.25,0.18,0.4,0.21,0.35,0.28,0.21,0.2,0.21,0.22,0.21,0.62,0.3,0.23,1.16,0.23,1.18,0.83,1.37,0.15,0.28,1.49,0.15,0.26,0.25,0.47,0.22,0.2,0.2,0.56,1.32,0.31,0.21,0.19,0.37,0.32,1.12,0.3,1.48,0.64,1.45,0.33,0.68,0.28,0.23,0.82,0.25,0.3,0.26,0.16,0.2,1.65,2.6,2.43,1.85,0.4,1.9,0.6,0.62,0.14,1.51,0.37,2.8,0.39,0.44,1.78,1.63,0.98,1.42,0.3,0.3,2.34,2.58,2.61,0.36,0.28,2.19,1.04,0.32,2.03,0.19,1.51,1.37,2.48,0.14,0.61,2.44,1.55,0.56,1.63,1.8,2.03,0.28,1.35,2.17,0.14,0.48,0.39,1.98,0.31,0.64,0.98,0.97,0.3,1.44,0.35,0.52,0.3,2.34,1.52,0.26,0.61,3.56,1.35,0.47,1.24,2.61,1.41,0.97,5.1,0.33,1.61,0.98,1.39,0.29,1.77,0.3,3.15,1.4,1.78,1.04,0.39,0.15,0.3,0.28,1.85,2.71,1.98,0.61,0.67,0.88
0.16,0.96,0.87,0.16,0.22,0.31,1.45,0.4,0.31,0.24,1.39,0.28,0.23,0.23,0.32,1.39,0.24,0.42,0.21,0.21,0.2,0.29,0.42,0.55,0.25,0.19,0.29,0.26,0.28,0.2,0.18,0.27,0.22,0.4,0.32,1.17,0.5,0.29,0.31,0.31,0.16,0.55,0.2,0.65,0.68,0.19,0.17,0.23,0.25,0.26,0.87,0.28,0.25,1.2,0.23,1.17,0.77,1.39,0.18,0.24,1.25,0.18,0.28,0.26,0.42,0.21,0.2,0.16,0.26,1.24,0.28,0.21,0.15,0.37,0.19,0.95,0.3,1.48,0.67,1.38,0.32,0.5,0.68,0.27,1.39,0.22,0.27,0.29,0.23,0.21,1.98,1.6,3.11,1.91,0.46,1.9,0.49,0.59,0.14,1.58,0.35,2.9,0.41,1.91,1.69,1.39,1.62,1.65,0.32,0.37,2.31,2.58,1.84,0.31,0.3,1.8,1.27,0.31,2.16,0.18,1.52,1.38,2.92,0.14,0.62,2.86,1.55,0.44,1.39,1.49,2.16,0.28,1.28,4.13,0.14,0.46,0.41,1.8,0.31,0.8,1.1,1.5,0.29,1.5,0.31,0.56,0.37,2.31,1.43,0.24,0.68,3.7,1.28,0.48,0.22,1.84,1.31,1.5,3.99,0.31,1.56,1.1,1.21,0.29,1.74,0.33,3.15,1.39,1.69,1.27,0.39,0.2,0.23,0.28,1.91,2.71,1.8,0.68,0.67,1.3
0.19,0.64,1.13,0.19,0.65,0.31,1.54,0.38,0.34,0.21,1.36,0.3,0.24,0.23,0.3,1.3,0.24,0.4,0.22,0.2,0.25,0.29,0.37,0.95,0.22,0.18,0.28,0.31,0.27,0.25,0.18,0.27,0.2,0.38,0.36,0.75,0.33,0.28,0.34,0.31,0.19,0.51,0.2,0.96,1.07,0.18,0.16,0.21,0.29,0.31,1.13,0.26,0.26,1.18,0.23,1.13,0.7,1.36,0.2,0.2,1.8,0.2,0.3,0.31,0.37,0.21,0.15,0.13,0.26,1.22,0.28,0.22,0.17,0.37,0.17,0.59,0.37,3.46,0.68,1.33,0.36,0.33,1.07,0.33,1.3,0.18,0.23,0.29,0.24,0.23,1.96,0.61,3.79,1.97,0.41,0.4,0.39,0.52,0.18,2.0,0.34,2.86,0.41,3.37,1.73,1.42,2.26,2.02,0.34,0.45,2.03,2.61,1.37,0.29,0.3,1.74,1.5,0.34,2.16,0.18,1.46,1.38,2.64,0.19,0.64,2.57,1.6,0.48,1.42,1.45,2.16,1.63,1.22,6.08,0.18,0.48,0.41,1.72,0.3,0.97,1.13,1.05,0.28,1.26,0.31,0.59,0.45,2.03,1.45,0.24,0.69,3.85,1.22,0.44,0.22,1.37,0.96,1.05,2.89,0.3,1.51,1.13,1.03,0.25,1.7,0.35,2.76,1.38,1.73,1.5,3.3,0.21,0.68,1.63,1.97,2.63,1.72,0.69,1.58,1.55
0.25,0.3,1.22,0.25,1.08,0.33,1.6,0.3,0.34,0.19,1.33,0.33,0.25,0.25,0.3,1.21,0.28,0.39,0.22,0.18,0.31,0.26,0.31,1.11,0.2,0.22,0.27,0.32,0.27,0.31,0.19,0.28,0.2,0.3,0.4,0.33,0.33,0.24,0.34,0.26,0.25,0.47,0.24,1.17,1.29,0.18,0.17,0.18,0.31,0.42,1.22,0.29,0.26,1.15,0.25,0.82,0.97,1.33,0.18,0.25,2.35,0.18,0.33,0.32,0.31,0.21,0.15,0.18,0.27,1.26,0.28,0.22,0.2,0.5,0.16,0.22,0.37,3.46,0.62,1.37,0.4,0.33,1.29,0.88,1.21,0.2,0.21,0.26,0.25,0.22,1.95,0.61,3.79,1.98,0.36,0.4,0.44,0.46,0.19,2.41,0.68,2.82,0.41,2.66,1.76,1.45,2.02,2.17,0.35,2.27,1.74,2.64,0.9,0.33,0.28,1.69,1.6,0.36,2.2,0.18,1.41,1.36,3.07,0.26,0.55,2.29,1.65,0.84,1.45,1.45,2.2,1.63,1.02,3.99,0.19,0.51,0.41,1.64,0.28,0.99,1.16,0.6,0.26,1.01,0.32,0.74,2.27,1.74,1.46,0.28,0.69,3.85,1.02,0.4,0.22,0.9,0.61,0.6,2.77,0.84,1.51,1.16,0.82,0.24,1.72,0.36,2.36,1.39,1.76,1.6,3.3,0.19,1.13,1.63,1.98,2.17,1.64,0.69,2.34,1.71
0.28,0.61,1.32,0.28,1.17,0.34,1.68,0.25,0.35,0.16,1.35,0.65,0.2,0.27,0.27,1.23,0.31,0.37,0.21,0.19,0.27,0.31,0.25,1.22,0.18,0.25,0.26,0.27,0.29,0.27,0.22,0.28,0.21,0.25,0.41,0.29,0.34,0.25,0.35,0.24,0.28,0.37,0.23,1.38,1.39,0.19,0.18,0.17,0.25,0.53,1.32,0.33,0.26,1.13,0.27,0.48,1.24,1.35,0.2,0.27,3.22,0.2,0.65,0.27,0.25,0.2,0.19,0.23,0.27,1.28,0.28,0.21,0.2,0.62,0.24,0.28,0.59,3.3,0.66,0.99,0.41,0.34,1.39,1.43,1.23,0.25,0.25,0.31,0.2,0.18,2.24,0.53,2.37,2.0,0.33,1.06,0.69,0.44,0.18,2.41,1.02,2.09,0.4,1.95,1.81,1.63,1.77,2.13,0.37,4.1,1.5,2.56,0.82,0.38,0.27,2.0,1.7,0.36,2.25,0.18,1.37,1.32,3.5,0.34,1.11,3.06,1.9,1.19,1.63,4.07,2.25,1.86,0.81,1.91,0.18,0.64,0.4,1.78,0.29,1.17,1.16,2.74,0.25,0.68,0.43,0.88,4.1,1.5,1.56,0.32,0.69,2.08,0.81,0.73,0.19,0.82,0.89,2.74,2.94,1.37,1.42,1.16,0.61,0.28,1.74,0.37,2.18,1.39,1.81,1.7,3.13,0.22,1.49,1.86,2.0,1.71,1.78,0.69,3.09,1.87
0.26,0.91,1.31,0.26,1.25,0.26,1.66,0.25,0.34,0.17,1.37,0.98,0.15,0.25,0.25,1.26,0.28,0.38,0.2,0.2,0.23,0.35,0.22,0.85,0.17,0.27,0.29,0.24,0.27,0.23,0.21,0.31,0.21,0.25,0.36,0.28,0.27,0.31,0.34,0.29,0.26,0.27,0.21,1.38,1.38,0.19,0.18,0.19,0.23,0.95,1.31,0.37,0.28,0.97,0.25,0.22,1.37,1.37,0.22,0.29,4.09,0.22,0.98,0.24,0.22,0.21,0.19,0.19,0.23,0.71,0.26,0.2,0.19,0.67,0.32,0.4,0.82,3.15,0.72,0.6,0.36,0.27,1.38,1.36,1.26,0.26,0.32,0.35,0.15,0.18,2.53,0.53,2.37,2.03,0.3,1.72,0.93,0.43,0.2,3.58,1.13,2.35,0.47,1.16,1.86,1.8,1.41,2.21,0.35,4.21,1.25,2.48,0.74,0.52,0.29,2.31,1.73,0.52,2.37,0.19,1.32,1.34,3.88,0.23,1.68,3.82,1.87,1.63,1.8,4.07,2.37,2.09,0.84,1.34,0.2,1.06,0.47,1.92,0.31,1.36,3.45,4.88,0.24,0.35,0.54,1.09,4.21,1.25,1.66,0.7,0.7,2.08,0.84,1.06,0.19,0.74,1.14,4.88,3.11,1.37,1.33,3.45,2.68,0.33,1.73,0.37,1.99,1.39,1.86,1.73,2.95,0.26,1.63,2.09,2.03,1.62,1.92,0.7,3.0,2.11
0.23,1.11,1.32,0.23,0.98,0.3,1.63,0.27,0.33,0.18,1.34,0.75,0.18,0.22,0.26,1.3,0.23,0.39,0.2,0.19,0.17,0.37,0.23,0.49,0.22,0.25,0.32,0.26,0.24,0.17,0.23,0.28,0.2,0.27,0.32,0.28,0.26,0.35,0.33,0.34,0.23,0.26,0.2,0.8,1.31,0.22,0.18,0.2,0.24,1.37,1.32,0.32,0.3,0.81,0.22,0.17,1.5,1.34,0.21,0.24,3.29,0.21,0.75,0.26,0.23,0.23,0.16,0.15,0.2,0.14,0.24,0.2,0.18,0.72,0.32,0.57,1.09,3.15,0.75,0.43,0.32,0.26,1.31,1.33,1.3,0.21,0.26,0.37,0.18,0.21,2.56,1.09,2.32,2.99,0.27,2.73,1.25,0.45,0.25,3.58,1.13,2.61,0.48,0.75,1.79,2.26,1.04,2.35,0.56,4.32,1.35,2.36,0.96,0.67,0.33,2.49,1.75,0.52,2.49,0.2,1.48,1.35,4.74,0.11,1.68,3.35,1.83,1.63,2.26,3.37,2.49,2.06,0.88,2.16,0.25,1.47,0.48,1.87,0.3,1.72,3.45,4.03,0.23,0.52,0.58,1.29,4.32,1.35,1.37,1.07,0.72,2.16,0.88,1.46,0.36,0.96,1.39,4.03,3.55,1.38,1.38,3.45,4.75,0.27,1.71,0.39,1.99,1.38,1.79,1.75,2.95,0.23,1.76,2.06,2.99,1.54,1.87,0.72,2.52,2.35
0.21,1.3,1.05,0.21,0.68,0.33,1.51,0.29,0.3,0.2,1.3,0.51,0.22,0.25,0.29,1.31,0.23,0.38,0.28,0.19,0.12,0.35,0.22,0.3,0.26,0.44,0.32,0.27,0.23,0.12,0.25,0.28,0.21,0.29,0.33,0.27,0.28,0.33,0.3,0.34,0.21,0.26,0.24,0.22,1.21,0.27,0.18,0.45,0.26,1.86,1.05,0.28,0.33,0.47,0.25,0.15,1.4,1.3,0.2,0.2,2.48,0.2,0.51,0.27,0.22,0.23,0.16,0.17,0.21,0.21,0.22,0.28,0.19,0.96,0.32,0.6,1.36,1.37,0.74,0.26,0.33,0.28,1.21,1.34,1.31,0.18,0.2,0.35,0.22,0.24,2.54,1.65,2.27,3.96,0.25,3.74,1.58,0.47,0.27,4.06,1.13,2.94,0.49,0.33,1.74,2.72,1.4,2.66,0.78,3.54,1.45,2.24,1.18,0.64,0.36,2.68,1.76,0.57,2.6,0.25,1.65,1.6,5.6,0.11,1.77,2.87,1.87,2.92,2.72,2.66,2.6,2.02,0.92,2.97,0.27,1.75,0.49,1.82,0.29,2.09,3.45,3.18,0.27,0.7,0.61,1.4,3.54,1.45,1.08,1.4,1.01,2.37,0.92,1.86,0.54,1.18,1.33,3.18,3.99,1.06,1.39,3.45,4.18,0.28,2.65,0.41,1.98,1.36,1.74,1.76,1.64,0.18,2.04,2.02,3.96,1.8,1.82,1.01,2.03,2.39
0.2,1.2,0.79,0.2,0.37,0.37,1.44,0.33,0.29,0.17,1.33,0.64,0.23,0.26,0.29,1.31,0.23,0.38,0.32,0.19,0.18,0.34,0.18,0.31,0.28,0.84,0.33,0.28,0.26,0.18,0.24,0.54,0.22,0.33,0.34,0.23,0.31,0.28,0.29,0.32,0.2,0.25,0.24,0.27,0.78,0.35,0.16,0.69,0.27,2.35,0.79,0.28,0.36,0.13,0.26,0.19,1.31,1.33,0.22,0.24,2.13,0.22,0.64,0.28,0.18,0.18,0.18,0.19,0.19,0.2,0.25,0.32,0.18,1.19,0.32,0.63,1.02,1.37,0.75,0.33,0.34,0.31,0.78,1.34,1.31,0.23,0.19,0.34,0.23,0.18,2.53,1.79,2.27,3.59,0.27,4.29,1.56,0.47,0.23,4.54,1.03,3.28,1.7,0.36,1.74,3.03,1.77,2.77,1.22,2.77,1.92,2.18,2.81,0.86,0.38,2.76,1.93,0.61,2.94,0.2,1.79,1.84,6.17,0.11,1.77,2.87,1.9,2.92,3.03,2.04,2.94,2.02,1.19,3.75,0.23,2.03,1.7,2.14,0.34,1.63,5.29,3.09,0.31,0.85,1.13,2.27,2.77,1.92,0.84,1.73,1.3,2.59,1.19,2.27,0.56,2.81,1.27,3.09,4.27,0.74,1.41,5.29,3.62,0.36,3.59,0.41,1.75,1.38,1.74,1.93,1.64,0.17,1.87,2.02,3.59,2.06,2.14,1.3,1.65,2.45
0.18,1.1,0.49,0.18,0.34,0.41,1.45,0.37,0.29,0.15,1.36,0.48,0.23,0.27,0.25,1.29,0.22,0.42,0.36,0.18,0.21,0.34,0.17,0.32,0.31,1.24,0.35,0.29,0.29,0.21,0.16,0.8,0.25,0.37,0.35,0.31,0.3,0.27,0.29,0.33,0.18,0.26,0.22,0.33,0.35,0.44,0.17,0.69,0.8,1.31,0.49,0.27,0.87,0.16,0.27,0.21,1.03,1.36,0.71,0.27,1.78,0.71,0.48,0.29,0.17,0.21,0.18,0.18,0.16,0.18,0.28,0.36,0.17,1.0,0.28,0.57,0.68,1.22,0.81,0.33,0.35,0.3,0.35,1.34,1.29,0.24,0.21,0.34,0.23,0.19,2.37,1.94,2.34,3.22,0.3,3.67,1.55,0.4,0.2,4.31,1.21,3.76,2.92,0.39,5.38,3.34,1.74,2.84,1.67,2.65,2.39,2.11,4.44,1.08,0.4,2.84,2.09,0.79,3.27,0.16,1.87,1.93,4.87,1.36,1.52,3.3,2.46,3.16,3.34,1.43,3.27,2.73,1.45,3.28,0.2,1.51,2.92,2.46,0.38,1.16,5.29,3.0,1.21,1.0,1.64,3.15,2.65,2.39,0.61,1.68,1.53,2.63,1.45,2.68,0.57,4.44,0.95,3.0,4.56,1.13,1.4,5.29,3.6,0.34,3.76,0.42,1.52,1.4,5.38,2.09,1.57,0.22,1.69,2.73,3.22,2.17,2.46,1.53,1.27,2.5
0.14,0.69,0.2,0.14,0.28,0.34,1.48,0.4,0.33,0.16,1.36,0.31,0.26,0.24,0.26,0.97,0.2,0.41,0.31,0.18,0.22,0.32,0.22,0.3,0.34,0.89,0.38,0.33,0.29,0.22,0.16,0.8,0.31,0.4,0.34,0.37,0.29,0.27,0.33,0.37,0.14,0.27,0.21,0.4,0.91,0.48,0.2,0.71,1.32,0.26,0.2,0.27,1.38,0.17,0.24,0.19,0.76,1.36,1.2,0.3,1.43,1.2,0.31,0.33,0.22,0.26,0.17,0.17,0.23,0.2,0.29,0.31,0.18,0.81,0.28,0.54,0.33,1.07,0.66,0.28,0.34,0.29,0.91,1.31,0.97,0.22,0.23,0.32,0.26,0.24,2.21,2.08,2.86,3.1,0.33,3.04,1.62,0.33,0.19,4.29,1.39,4.24,2.41,0.39,5.38,3.2,2.15,2.6,1.66,2.91,2.58,2.37,4.38,1.42,0.38,2.31,2.31,0.96,3.56,1.57,1.9,2.01,3.57,1.36,1.28,3.3,3.02,3.4,3.2,1.68,3.56,2.73,1.89,2.81,0.19,0.99,2.41,3.1,0.66,1.13,4.46,3.07,2.11,1.7,1.85,3.08,2.91,2.58,0.48,1.62,1.93,2.68,1.89,2.96,0.57,4.38,1.06,3.07,4.28,1.52,1.39,4.46,3.58,0.32,3.92,0.55,1.57,1.42,5.38,2.31,1.75,0.26,1.74,2.73,3.1,2.14,3.1,1.93,0.9,2.52
0.25,0.27,0.18,0.25,0.22,0.28,1.48,0.37,0.35,0.19,1.29,1.46,0.29,0.24,0.28,0.65,0.24,0.4,0.26,0.21,0.2,0.29,0.27,0.28,0.37,0.53,0.35,0.39,0.27,0.2,0.21,1.23,0.39,0.37,0.36,0.41,0.32,0.27,0.35,0.35,0.25,0.26,0.22,0.48,1.47,0.34,0.19,0.71,1.35,0.23,0.18,0.2,1.33,0.17,0.24,0.17,0.62,1.29,1.21,0.2,1.26,1.21,1.46,0.39,0.27,0.21,0.18,0.2,0.3,0.28,0.26,0.26,0.18,0.83,0.26,0.54,0.35,0.68,0.51,0.28,0.36,0.32,1.47,1.27,0.65,0.2,0.74,0.29,0.29,0.25,2.75,2.36,3.38,3.11,0.37,3.05,1.68,1.03,0.18,4.28,1.67,4.69,1.9,0.55,5.64,3.06,2.57,2.62,1.66,3.18,2.77,2.63,4.32,1.77,0.32,1.78,2.52,0.96,3.88,2.98,2.03,1.9,3.42,1.36,0.91,3.3,3.18,3.38,3.06,1.82,3.88,2.47,2.34,3.47,0.18,0.99,1.9,3.74,0.95,1.38,3.93,3.14,1.27,2.4,2.07,2.92,3.18,2.77,0.51,1.94,2.33,2.68,2.34,3.24,2.0,4.32,1.17,3.14,4.0,1.49,1.42,3.93,3.26,1.52,3.62,0.69,1.61,1.67,5.64,2.52,1.93,0.29,1.8,2.47,3.11,2.11,3.74,2.33,0.53,2.4
0.37,0.46,0.17,0.37,0.27,0.35,1.45,0.32,0.37,0.19,1.29,2.6,0.26,0.29,0.3,0.44,0.29,0.53,0.31,0.2,0.2,0.27,0.3,0.25,0.27,0.37,0.28,0.37,0.26,0.2,0.26,1.23,0.46,0.32,0.98,0.43,0.35,0.25,0.37,0.29,0.37,0.25,0.21,0.56,1.62,0.21,0.14,0.51,1.36,0.27,0.17,0.76,1.31,0.18,0.29,0.18,0.49,1.29,1.26,0.47,0.75,1.26,2.6,0.37,0.3,0.16,0.16,0.19,0.3,0.32,0.25,0.31,0.17,0.84,0.25,0.53,0.37,0.3,0.45,0.35,0.98,0.35,1.62,0.73,0.44,0.21,1.25,0.27,0.26,0.2,3.27,2.53,3.38,3.12,0.69,3.05,2.63,1.72,0.16,4.15,2.1,5.14,1.8,0.55,4.82,2.8,2.36,2.64,1.73,3.21,3.42,2.91,3.29,1.56,0.23,1.76,2.6,2.1,3.88,3.7,2.15,1.78,3.53,1.36,0.54,3.27,3.35,3.36,2.8,1.73,3.88,2.21,2.73,4.13,0.16,3.67,1.8,3.1,0.95,1.62,3.41,3.15,0.44,3.05,2.37,2.76,3.21,3.42,0.53,2.25,2.34,2.69,2.73,3.09,3.44,3.29,1.18,3.15,3.88,1.45,1.46,3.41,2.93,2.73,3.31,1.58,3.0,1.93,4.82,2.6,2.71,2.31,1.85,2.21,3.12,2.23,3.1,2.34,0.79,2.29
0.58,0.58,0.17,0.58,0.31,0.51,1.45,0.29,0.46,0.16,1.34,1.44,0.22,0.29,0.57,0.23,0.31,0.67,0.36,0.16,0.2,0.29,0.27,0.24,0.17,0.2,0.27,0.31,0.27,0.2,0.71,0.88,0.54,0.29,1.61,0.44,0.35,0.26,0.46,0.27,0.58,0.43,0.21,0.59,1.77,0.34,0.16,0.3,1.16,0.3,0.17,1.32,1.3,0.16,0.29,0.18,0.42,1.34,1.33,0.74,0.24,1.33,1.44,0.31,0.27,0.18,0.16,0.18,0.3,0.31,0.26,0.36,0.18,0.71,0.26,0.53,0.35,0.35,0.39,0.39,1.61,0.35,1.77,0.19,0.23,0.21,1.21,0.29,0.22,0.18,3.8,2.71,4.1,2.98,1.0,3.11,3.57,2.03,0.46,4.47,2.53,5.28,2.12,2.12,3.99,3.07,2.69,2.65,2.01,3.89,4.07,4.26,3.29,1.3,1.07,2.25,2.68,2.1,7.16,3.73,2.3,1.58,3.64,1.36,1.7,3.27,3.57,3.3,3.07,1.76,7.16,2.14,3.13,3.21,0.46,3.67,2.12,2.45,2.9,2.89,3.55,3.15,0.45,3.71,2.66,2.65,3.89,4.07,0.53,2.39,2.36,2.56,3.13,3.04,3.42,3.29,1.96,3.15,3.77,2.12,1.49,3.55,3.04,2.8,2.94,2.47,4.38,2.05,3.99,2.68,3.49,4.33,1.91,2.14,2.98,2.35,2.45,2.36,1.05,2.23
0.7,0.64,0.18,0.7,0.36,0.67,1.5,0.81,0.55,0.22,1.38,0.27,0.18,0.28,0.83,0.21,0.25,0.67,0.54,0.15,0.27,0.28,0.23,0.26,0.25,0.21,0.3,0.27,0.24,0.27,1.17,0.52,0.55,0.81,1.51,0.47,0.27,0.27,0.55,0.28,0.7,0.83,0.22,1.34,1.74,0.72,0.21,0.34,0.96,0.43,0.18,1.34,0.81,0.14,0.28,0.19,0.43,1.38,1.41,1.24,0.3,1.41,0.27,0.27,0.23,0.22,0.18,0.19,0.2,0.3,0.25,0.54,0.2,0.57,0.27,0.82,0.32,0.35,0.38,0.36,1.51,0.27,1.74,0.26,0.21,0.22,1.21,0.28,0.18,0.23,4.47,2.79,4.1,2.81,2.25,3.21,2.6,2.33,1.5,4.78,2.56,4.78,2.43,3.69,3.77,3.33,3.03,2.67,2.28,4.58,4.18,5.61,3.04,1.09,1.91,2.74,2.52,2.04,7.16,3.76,2.44,1.38,3.64,4.01,2.86,3.27,3.8,3.24,3.33,1.8,7.16,2.01,3.17,2.29,1.5,2.75,2.43,2.18,2.9,3.88,3.69,3.25,0.84,2.89,2.65,2.55,4.58,4.18,4.34,3.1,2.36,2.44,3.17,2.99,3.4,3.04,2.74,3.25,3.64,2.78,2.08,3.69,3.96,2.88,2.58,2.93,4.46,2.17,3.77,2.52,4.68,3.41,1.85,2.01,2.81,2.35,2.18,2.36,1.05,2.45
0.74,0.64,0.2,0.74,0.22,1.02,1.27,1.33,0.62,0.29,1.3,0.35,0.26,0.25,1.06,0.2,0.23,2.78,0.72,0.17,0.97,0.27,0.21,0.32,1.0,0.26,0.3,0.28,0.22,0.97,1.56,0.6,0.55,1.33,1.42,0.67,0.28,0.27,0.62,0.3,0.74,1.22,0.21,2.1,1.56,1.09,0.21,0.31,0.61,0.56,0.2,1.37,0.32,0.15,0.25,0.2,0.44,1.3,1.48,1.75,0.56,1.48,0.35,0.28,0.21,0.24,0.19,0.2,0.45,0.28,0.24,0.72,0.17,0.58,0.24,0.63,0.63,0.49,0.35,0.3,1.42,0.28,1.56,0.25,0.2,0.23,0.51,0.27,0.26,0.23,5.15,2.86,5.17,2.54,3.51,3.31,1.64,2.55,2.9,3.64,2.59,4.27,3.02,3.53,3.55,3.17,2.94,2.91,2.35,4.23,4.18,5.62,3.04,0.89,2.43,2.61,2.75,1.99,7.02,3.9,2.44,1.53,3.26,4.01,2.96,3.26,3.8,3.43,3.17,2.17,7.02,1.87,3.34,2.29,2.9,1.84,3.02,1.56,2.56,4.86,4.09,4.55,1.24,2.08,2.64,2.67,4.23,4.18,4.34,3.82,3.36,2.49,3.34,2.88,3.01,3.04,2.74,4.55,3.51,4.87,2.66,4.09,4.89,3.22,2.41,3.4,4.53,2.18,3.55,2.75,5.87,2.5,1.8,1.87,2.54,2.19,1.56,3.36,2.99,2.67
0.56,1.96,0.22,0.56,0.45,1.38,1.05,1.35,0.64,0.44,1.17,0.44,0.34,0.22,1.3,0.33,0.26,2.78,0.96,0.2,1.66,0.26,0.21,0.39,1.75,0.26,0.25,0.29,0.24,1.66,1.55,1.09,0.54,1.35,1.33,0.87,0.31,0.26,0.64,0.28,0.56,1.79,0.2,2.73,1.37,1.26,0.15,0.25,0.27,0.49,0.22,1.48,0.25,0.17,0.22,0.19,0.43,1.17,1.15,1.4,0.82,1.15,0.44,0.29,0.21,0.21,0.15,0.17,0.69,0.24,0.22,0.96,0.16,0.75,0.21,0.44,0.94,0.63,0.3,0.29,1.33,0.31,1.37,0.22,0.33,0.22,0.51,0.26,0.34,0.21,5.01,2.77,6.24,2.27,2.7,4.19,1.59,2.77,3.36,2.51,2.53,4.2,3.62,3.37,3.96,2.88,3.09,3.46,2.41,3.88,5.69,5.41,3.4,1.51,2.96,2.8,2.98,2.79,6.88,3.78,3.04,1.9,2.88,3.76,4.13,3.26,3.06,3.62,2.88,2.5,6.88,2.24,3.5,2.89,3.36,2.27,3.62,0.94,2.23,4.82,4.26,5.85,2.36,1.8,2.28,2.8,3.88,5.69,3.42,3.69,3.36,2.52,3.5,3.11,2.63,3.4,3.71,5.85,3.71,3.56,3.25,4.26,4.8,4.99,2.24,3.43,4.21,2.2,3.96,2.98,5.47,2.83,1.92,2.24,2.27,2.19,0.94,3.36,2.99,2.67
0.38,1.96,1.05,0.38,0.67,1.83,0.75,1.41,0.85,0.58,1.04,0.46,0.35,0.19,1.89,0.46,0.39,2.22,1.21,0.16,1.31,0.28,0.19,0.59,1.42,0.26,0.24,0.29,0.27,1.31,1.54,1.58,0.95,1.41,0.83,0.69,0.37,0.25,0.85,0.26,0.38,2.37,0.22,2.0,1.0,1.43,0.14,0.2,0.26,0.42,1.05,1.6,0.24,0.17,0.19,0.16,0.43,1.04,0.83,1.73,0.44,0.83,0.46,0.29,0.19,0.2,0.15,0.14,0.61,0.2,0.2,1.21,0.18,0.92,0.21,0.43,1.57,0.75,0.52,0.31,0.83,0.37,1.0,0.16,0.46,0.19,0.49,0.28,0.35,0.2,5.01,2.68,6.24,1.87,3.02,5.07,2.12,2.77,3.4,2.36,2.46,3.23,4.06,3.16,4.37,2.59,3.23,3.58,2.47,3.58,5.69,5.2,3.38,1.93,3.33,3.0,2.95,3.59,6.48,3.66,3.04,2.28,2.88,3.36,5.3,3.23,3.06,3.49,2.59,2.82,6.48,2.61,3.19,2.89,3.4,2.69,4.06,0.92,2.91,4.78,4.43,6.56,3.08,1.53,1.92,2.7,3.58,5.69,2.54,3.57,4.49,2.69,3.19,3.35,2.05,3.38,3.71,6.56,3.91,2.26,3.84,4.43,5.41,6.76,1.9,3.47,3.88,2.21,4.37,2.95,5.07,2.48,2.04,2.61,1.87,1.99,0.92,4.49,2.9,1.34
0.32,1.64,1.89,0.32,0.55,2.29,0.45,1.48,1.06,0.93,0.64,0.47,0.37,0.2,2.48,0.41,0.57,1.66,0.91,0.18,0.96,0.3,0.2,0.7,0.88,0.34,0.28,0.24,0.31,0.96,1.42,2.14,1.37,1.48,0.33,0.51,0.36,0.27,1.06,0.27,0.32,2.12,0.22,1.28,0.63,1.44,0.2,0.23,0.27,0.47,1.89,1.12,0.26,0.13,0.2,0.17,0.41,0.64,0.62,2.06,0.59,0.62,0.47,0.24,0.2,0.2,0.19,0.16,0.53,0.2,0.25,0.91,0.17,0.99,0.21,0.45,2.19,1.44,0.75,0.31,0.33,0.36,0.63,0.15,0.41,0.21,0.48,0.3,0.37,0.21,5.45,2.68,4.91,1.69,3.33,4.12,2.65,2.75,3.86,2.6,1.95,2.25,3.69,2.95,4.56,2.99,3.22,3.06,2.55,3.29,5.69,4.99,3.36,2.36,3.7,2.92,2.91,4.31,6.08,3.2,2.13,2.45,2.88,2.95,5.44,3.2,2.81,3.37,2.99,2.82,6.08,3.02,2.87,2.99,3.86,2.33,3.69,0.95,3.59,3.51,4.12,7.27,3.8,1.84,2.07,2.77,3.29,5.69,1.66,3.26,5.62,2.85,2.87,2.57,1.47,3.36,3.64,7.27,5.26,3.33,3.36,4.12,6.03,5.26,3.33,2.89,3.31,2.62,4.56,2.91,4.62,2.12,2.54,3.02,1.69,1.78,0.95,5.62,2.81,1.34
0.3,1.32,1.41,0.3,0.44,2.29,0.48,1.71,1.13,1.27,0.24,0.48,1.21,0.21,1.9,0.35,0.92,0.92,0.61,0.21,2.82,0.28,0.22,0.81,0.33,0.43,0.28,0.25,0.31,2.82,1.31,1.43,1.71,1.71,0.31,0.52,0.36,0.27,1.13,0.29,0.3,1.88,0.2,1.22,0.64,1.37,0.2,0.3,0.27,0.51,1.41,0.65,0.28,0.14,0.21,0.21,0.39,0.24,0.4,2.23,0.74,0.4,0.48,0.25,0.22,0.21,0.19,0.18,0.48,0.22,0.3,0.61,0.17,1.07,0.23,0.49,2.31,2.14,0.99,0.27,0.31,0.36,0.64,0.19,0.35,0.25,0.48,0.28,1.21,0.21,5.45,0.91,4.91,1.51,5.01,3.17,3.28,2.56,4.45,2.85,1.44,2.15,3.33,2.56,4.76,3.39,3.22,2.15,2.64,2.73,5.05,4.78,2.8,3.52,4.14,2.91,2.91,5.02,5.07,2.73,1.23,2.61,2.88,2.94,5.72,2.88,2.81,2.86,3.39,2.79,5.07,3.42,2.77,3.1,4.45,1.97,3.33,0.99,2.74,2.24,3.89,6.48,3.64,2.19,1.91,2.84,2.73,5.05,1.97,2.95,5.62,2.91,2.77,1.79,1.42,2.8,3.57,6.48,6.61,4.4,2.87,3.89,5.29,3.76,4.77,2.31,2.74,3.04,4.76,2.91,4.62,2.4,3.03,3.42,1.51,1.69,0.99,5.62,3.02,1.38
0.32,1.06,0.92,0.32,0.58,2.34,0.48,1.94,1.2,1.28,0.24,1.01,2.06,0.2,1.31,0.27,1.27,0.17,0.38,0.2,3.2,0.26,0.26,0.71,0.35,0.53,0.27,0.3,0.25,3.2,1.25,0.72,1.75,1.94,0.29,1.03,0.5,0.28,1.2,0.28,0.32,1.86,0.2,1.15,0.65,1.3,0.16,0.45,0.28,0.45,0.92,0.54,0.28,0.15,0.2,0.21,0.37,0.24,0.37,2.4,1.3,0.37,1.01,0.3,0.26,0.21,0.15,0.16,0.42,0.43,0.25,0.38,0.14,1.19,0.24,1.08,2.42,2.0,1.24,0.27,0.29,0.5,0.65,0.23,0.27,0.25,0.37,0.26,2.06,0.21,5.06,0.91,4.66,1.56,3.36,3.09,3.9,2.37,3.61,3.31,1.81,2.04,3.08,2.16,4.48,2.9,2.69,2.01,2.74,2.18,5.05,4.78,2.24,4.67,4.57,2.9,3.27,4.87,4.67,2.33,1.2,2.73,4.2,2.93,6.0,2.56,1.81,2.35,2.9,2.79,4.67,3.3,2.68,2.05,3.61,1.48,3.08,1.23,2.57,3.67,3.67,5.69,3.48,2.54,1.75,2.26,2.18,5.05,2.28,3.36,6.04,2.97,2.68,1.8,1.0,2.24,3.34,5.69,7.14,3.98,2.69,3.67,4.54,3.44,4.47,3.55,3.12,3.65,4.48,3.27,1.8,2.69,3.89,3.3,1.56,2.13,1.23,6.04,3.23,1.38
0.31,0.72,0.84,0.31,0.73,2.34,0.43,1.92,0.87,1.27,0.28,1.54,2.32,0.18,1.52,0.19,1.35,0.21,0.14,0.18,3.59,0.29,0.24,0.61,0.32,0.63,0.23,0.3,0.24,3.59,1.25,0.63,1.79,1.92,0.32,1.53,0.5,0.3,0.87,0.27,0.31,1.94,0.23,0.97,1.01,0.95,0.15,0.61,0.26,0.38,0.84,0.44,0.28,0.16,0.18,0.14,0.4,0.28,0.32,1.88,1.74,0.32,1.54,0.3,0.24,0.23,0.14,0.13,0.4,0.63,0.24,0.14,0.14,1.51,0.93,1.68,2.33,1.87,2.12,0.31,0.32,0.5,1.01,0.27,0.19,0.2,0.26,0.29,2.32,0.23,4.68,0.81,4.96,1.61,1.72,2.74,3.14,2.05,2.78,3.31,2.18,2.04,3.13,3.25,4.19,2.4,2.16,2.69,2.83,2.11,3.99,4.78,2.03,4.06,4.24,2.97,3.27,4.74,4.28,1.92,1.17,2.84,4.2,4.38,6.19,2.6,1.81,2.98,2.4,2.72,4.28,3.18,2.32,1.9,2.78,0.98,3.13,1.46,2.39,5.1,3.67,4.6,2.6,2.65,1.58,2.11,2.11,3.99,3.46,3.76,6.04,2.34,2.32,1.82,0.58,2.03,3.1,4.6,5.35,3.56,2.51,3.67,3.71,3.11,4.91,4.79,3.5,4.26,4.19,3.27,1.8,1.7,4.74,3.18,1.61,2.56,1.46,6.04,2.82,1.75
0.31,0.37,0.77,0.31,0.58,2.33,0.43,1.92,1.3,1.25,0.28,1.75,2.59,0.18,1.75,0.21,1.41,0.5,0.2,0.18,2.7,0.35,0.2,1.22,0.29,0.44,0.26,0.26,0.28,2.7,1.21,0.53,1.18,1.92,0.35,1.39,0.51,0.32,1.3,0.28,0.31,2.01,0.22,0.79,1.37,0.62,0.18,0.45,0.25,0.82,0.77,2.55,0.31,0.14,0.18,0.17,0.42,0.28,0.26,1.36,1.74,0.26,1.75,0.26,0.2,0.22,0.19,0.17,0.37,0.63,0.26,0.2,0.16,1.82,1.62,1.27,2.23,1.84,3.0,0.32,0.35,0.51,1.37,0.23,0.21,0.17,0.31,0.35,2.59,0.21,4.68,0.7,5.25,1.52,1.72,2.4,3.45,1.73,3.21,3.32,2.35,2.03,3.18,4.35,4.04,2.48,2.12,3.45,2.66,2.04,2.93,4.78,1.82,3.45,3.54,2.97,3.18,3.54,4.08,2.05,1.18,2.85,3.8,3.38,6.38,2.13,1.69,3.62,2.48,2.78,4.08,2.93,1.96,1.74,3.21,2.24,3.18,1.18,3.1,4.42,3.55,3.52,1.72,2.76,1.5,1.95,2.04,2.93,4.64,4.57,4.43,1.7,1.96,1.85,0.53,1.82,5.06,3.52,3.56,3.65,2.85,3.55,5.01,2.6,5.35,3.59,4.11,4.35,4.04,3.18,1.9,0.72,5.02,2.93,1.52,2.86,1.18,4.43,2.41,2.12
0.85,0.34,0.66,0.85,0.43,2.32,0.44,3.02,1.73,1.81,1.01,1.97,2.18,0.78,1.91,0.23,1.41,0.79,0.2,0.2,1.82,0.36,0.18,1.84,0.28,0.25,0.31,0.25,0.28,1.82,1.17,0.49,0.58,3.02,0.42,1.25,0.36,0.32,1.73,0.29,0.85,2.2,0.18,2.22,1.38,0.29,0.18,0.28,0.23,1.26,0.66,2.69,0.34,0.16,0.78,0.22,0.51,1.01,0.23,0.83,1.46,0.23,1.97,0.25,0.18,0.17,0.19,0.2,0.77,0.64,0.26,0.2,0.18,1.82,2.12,0.86,2.11,3.03,2.59,0.29,0.42,0.36,1.38,0.22,0.23,0.21,0.37,0.36,2.18,0.19,3.32,0.78,5.14,1.43,1.46,3.16,3.76,1.78,3.64,3.35,2.53,2.59,3.47,4.38,3.62,2.82,2.07,3.85,2.88,2.09,2.35,4.17,2.02,3.1,2.78,2.97,3.09,2.34,3.88,2.18,1.19,2.86,3.4,2.39,5.71,1.66,2.1,3.42,2.82,3.11,3.88,2.69,1.76,3.3,3.64,3.54,3.47,0.89,3.8,3.75,3.55,3.49,1.6,2.31,1.42,2.06,2.09,2.35,3.71,4.57,2.81,1.51,1.76,1.88,0.5,2.02,7.03,3.49,3.48,3.74,3.18,3.55,6.32,2.08,4.03,2.39,4.72,4.45,3.62,3.09,2.15,1.18,5.29,2.69,1.43,3.17,0.89,2.81,1.95,3.17
1.4,0.36,0.55,1.4,0.67,1.89,0.42,3.02,2.05,2.38,1.74,1.89,1.78,1.39,1.92,0.55,0.25,1.22,0.19,0.19,1.73,0.34,0.19,2.26,0.27,0.23,0.34,0.28,0.24,1.73,0.91,0.44,0.54,3.02,0.48,1.49,0.22,0.28,2.05,0.32,1.4,2.39,0.16,3.65,1.69,0.26,0.17,0.31,0.24,2.23,0.55,2.84,0.32,0.19,1.39,0.22,0.47,1.74,0.25,2.04,1.46,0.25,1.89,0.28,0.19,0.23,0.15,0.18,1.17,1.03,0.25,0.19,0.15,1.77,2.63,0.97,1.99,4.22,2.18,0.27,0.48,0.22,1.69,0.26,0.55,0.23,0.48,0.34,1.78,0.2,3.32,2.24,4.06,1.42,1.46,3.92,4.87,1.83,3.18,3.38,3.44,3.14,3.76,4.42,3.2,3.15,3.16,3.64,3.09,2.14,1.77,3.48,2.22,2.75,2.78,2.95,3.1,2.84,3.31,2.24,1.55,2.78,3.24,1.65,5.03,1.65,2.8,3.22,3.15,3.22,3.31,2.64,1.57,3.25,3.18,4.83,3.76,0.86,3.8,3.01,3.5,3.19,1.81,1.85,1.17,2.16,2.14,1.77,2.78,3.29,3.35,1.32,1.57,2.67,0.46,2.22,5.51,3.19,3.65,2.19,4.28,3.5,7.3,1.61,4.03,2.39,4.2,5.09,3.2,3.1,2.41,1.65,4.63,2.64,1.42,3.26,0.86,3.35,1.49,4.22
1.82,0.39,0.48,1.82,0.92,1.65,0.39,2.43,2.38,2.28,1.71,1.81,1.83,1.74,1.9,0.88,0.25,1.22,0.2,0.19,1.64,0.33,0.21,2.68,0.27,0.19,0.31,0.31,0.26,1.64,0.65,0.47,0.5,2.43,0.54,1.72,1.36,0.24,2.38,0.33,1.82,2.91,0.19,4.38,2.01,0.26,0.17,0.41,0.25,3.21,0.48,3.19,0.26,0.17,1.74,0.17,0.42,1.71,0.24,3.25,2.95,0.24,1.81,0.31,0.21,0.29,0.14,0.15,1.36,1.43,0.23,0.2,0.17,1.72,2.63,1.02,2.4,4.93,2.2,0.3,0.54,1.36,2.01,0.3,0.88,0.23,0.61,0.33,1.83,0.23,2.71,3.7,2.98,1.41,2.61,3.63,4.81,1.79,2.68,4.01,4.36,3.14,3.45,4.61,2.85,3.06,4.25,3.43,3.47,2.17,1.79,2.78,2.49,2.67,2.78,2.98,3.1,3.34,3.17,2.1,1.91,2.42,3.08,1.44,3.96,1.63,3.57,2.94,3.06,3.33,3.17,2.08,1.7,3.2,2.68,5.18,3.45,0.84,3.61,2.28,3.46,2.89,2.02,1.68,0.92,2.58,2.17,1.79,2.78,3.29,3.89,1.14,1.7,3.45,0.46,2.49,4.0,2.89,3.82,0.64,5.38,3.46,7.28,1.14,2.32,2.37,3.68,5.7,2.85,3.1,3.47,1.65,3.98,2.08,1.41,3.26,0.84,3.89,1.81,4.15
2.24,0.39,0.41,2.24,0.92,1.42,0.41,1.84,4.41,2.18,1.67,1.67,1.78,2.09,1.86,0.6,0.26,3.19,0.21,0.19,3.27,0.36,0.21,2.17,0.27,0.12,0.31,0.3,0.35,3.27,0.54,0.49,0.49,1.84,0.58,2.36,2.51,0.23,4.41,0.35,2.24,3.42,0.22,5.11,2.08,0.26,0.17,0.57,0.27,3.21,0.41,3.53,0.23,0.16,2.09,0.15,0.4,1.67,0.23,2.73,2.95,0.23,1.67,0.3,0.21,0.24,0.18,0.18,1.55,1.84,0.23,0.21,0.2,1.69,1.18,1.02,2.7,5.64,2.23,0.35,0.58,2.51,2.08,0.32,0.6,0.22,0.73,0.36,1.78,0.22,2.39,3.55,3.25,1.48,3.75,3.35,4.75,1.74,2.39,4.64,4.36,4.01,3.14,4.81,2.5,2.96,4.35,3.07,3.89,2.56,2.01,2.86,2.42,2.55,2.78,3.02,3.09,3.3,3.04,1.96,2.74,2.07,3.06,1.23,2.9,1.61,3.97,2.65,2.96,3.03,3.04,1.53,1.84,3.02,2.39,4.73,3.14,1.59,3.61,2.4,3.41,2.89,2.43,1.49,0.75,3.01,2.56,2.01,3.58,3.24,3.35,1.09,1.84,4.03,0.46,2.42,4.07,2.89,3.37,0.59,5.53,3.41,7.26,1.24,2.32,2.37,3.67,6.32,2.5,3.09,4.54,1.89,3.59,1.53,1.48,1.69,1.59,3.35,2.13,3.06
2.29,0.39,0.37,2.29,3.09,1.31,0.44,1.72,3.35,2.51,1.46,1.54,1.74,2.16,1.76,0.32,0.25,3.19,0.23,0.18,4.89,0.36,0.22,1.67,0.28,0.12,0.34,0.31,0.28,4.89,0.42,1.2,0.44,1.72,0.57,3.0,2.1,0.27,3.35,0.36,2.29,2.83,0.18,4.46,2.12,0.96,0.16,1.0,0.27,3.59,0.37,2.3,0.25,0.16,2.16,0.2,0.39,1.46,0.23,2.22,3.0,0.23,1.54,0.31,0.22,0.19,0.19,0.22,1.94,2.25,0.24,0.23,0.19,1.66,1.18,1.02,3.01,4.35,4.16,0.36,0.57,2.1,2.12,0.28,0.32,0.2,0.84,0.36,1.74,0.18,2.06,3.6,3.52,1.54,4.26,3.25,4.06,2.59,2.1,4.58,2.27,4.01,2.89,4.53,2.25,2.96,4.44,3.13,4.32,2.95,2.23,2.87,2.35,2.69,3.03,2.77,2.75,3.25,3.18,1.71,3.57,1.96,2.89,1.2,2.43,1.6,4.37,2.74,2.96,2.74,3.18,1.48,1.92,2.33,2.1,4.29,2.89,2.34,2.49,2.51,3.47,2.95,2.84,1.3,0.58,2.91,2.95,2.23,3.58,3.28,2.81,1.04,1.92,4.61,0.46,2.35,4.07,2.95,2.92,0.53,5.69,3.47,6.83,1.45,2.78,2.38,3.16,6.4,2.25,2.75,3.46,1.89,3.2,1.48,1.54,1.69,2.34,2.81,2.47,1.96
2.34,3.04,0.34,2.34,3.09,1.2,0.43,1.6,2.29,2.84,1.64,1.49,3.86,2.74,1.63,1.5,0.23,3.03,0.24,0.18,3.88,0.3,0.24,1.63,0.29,3.48,0.8,0.34,0.2,3.88,0.33,1.91,0.36,1.6,0.55,1.74,2.83,0.29,2.29,0.35,2.34,2.23,0.18,3.75,2.0,0.96,0.17,1.42,0.26,3.59,0.34,1.65,0.29,0.16,2.74,0.2,0.86,1.64,0.25,2.22,3.05,0.25,1.49,0.34,0.24,0.18,0.16,0.19,2.33,2.25,0.25,0.24,0.18,2.1,1.01,1.02,3.79,3.07,6.1,0.34,0.55,2.83,2.0,0.25,1.5,0.23,0.88,0.3,3.86,0.17,2.03,3.66,3.61,1.48,4.78,3.25,3.37,3.44,2.16,4.52,2.27,3.5,2.65,4.26,2.01,2.96,4.24,3.49,3.59,3.16,2.62,2.87,2.54,2.83,3.3,2.65,2.41,2.96,3.32,1.46,3.97,1.86,2.72,1.16,1.96,1.58,2.74,2.09,2.96,2.74,3.32,1.48,2.01,1.64,2.16,4.29,2.65,2.41,2.11,2.35,3.53,2.95,3.36,1.09,0.59,2.49,3.16,2.62,2.95,3.33,2.67,0.72,2.01,4.72,2.27,2.54,2.29,2.95,2.98,0.51,5.03,3.53,6.41,1.67,3.24,2.49,2.66,4.61,2.01,2.41,2.38,2.12,3.02,1.48,1.48,1.72,2.41,2.67,3.04,2.08
2.38,3.04,0.5,2.38,2.62,1.2,0.39,1.46,2.29,2.67,1.81,1.43,2.52,3.32,1.55,2.68,0.26,2.87,0.22,0.21,3.16,0.25,0.26,2.14,0.28,3.48,1.26,0.36,0.22,3.16,0.38,1.91,0.43,1.46,0.52,0.48,3.56,0.26,2.29,0.32,2.38,1.95,0.2,3.01,1.81,0.96,0.2,1.42,0.27,3.51,0.5,1.0,0.28,0.16,3.32,0.18,1.32,1.81,0.25,1.42,3.05,0.25,1.43,0.36,0.26,0.24,0.18,0.17,2.24,2.29,0.24,0.22,0.17,2.55,0.83,1.01,4.57,2.64,4.83,0.32,0.52,3.56,1.81,0.25,2.68,0.22,0.73,0.25,2.52,0.19,1.99,3.32,3.7,1.41,4.78,3.28,2.88,3.4,2.21,4.65,2.66,2.98,2.51,3.51,2.37,2.81,4.04,3.09,2.85,3.43,3.02,2.8,2.72,3.23,3.85,2.53,2.38,2.92,3.66,1.4,4.38,1.82,2.72,1.02,2.09,1.6,1.12,1.45,2.81,3.94,3.66,4.78,2.25,2.17,2.21,2.35,2.51,2.48,1.73,2.18,3.49,2.32,2.45,0.87,0.58,2.06,3.43,3.02,2.31,2.62,2.54,0.41,2.25,4.72,2.27,2.72,2.29,2.32,2.98,0.52,4.37,3.49,5.71,1.5,2.95,2.59,2.54,2.83,2.37,2.38,2.81,2.35,2.84,4.78,1.41,1.68,2.48,2.54,3.61,2.21
2.38,2.85,0.66,2.38,2.15,1.23,0.4,1.46,1.1,2.57,2.17,1.41,1.18,3.32,1.47,2.38,0.31,2.87,0.26,0.2,2.45,0.28,0.24,2.39,0.27,2.79,1.3,0.35,0.24,2.45,0.42,3.33,0.49,1.46,0.51,0.75,3.06,0.23,1.1,0.3,2.38,1.66,0.21,3.01,1.81,0.45,0.17,0.98,0.26,3.43,0.66,1.28,0.25,0.18,3.32,0.16,0.86,2.17,0.21,1.42,0.68,0.21,1.41,0.35,0.24,0.23,0.26,0.17,1.88,2.57,0.24,0.26,0.18,2.08,0.78,1.02,3.71,2.2,3.56,0.31,0.51,3.06,1.81,0.26,2.38,0.21,0.58,0.28,1.18,0.22,2.53,2.98,3.7,1.38,5.86,3.28,2.55,3.35,2.76,4.78,3.05,2.8,2.38,2.75,2.72,2.81,4.0,2.14,2.87,3.7,4.05,2.73,2.51,3.65,4.4,2.49,1.78,2.89,4.0,1.36,3.69,1.82,1.83,0.88,2.22,1.61,0.99,1.33,2.81,3.94,4.0,4.78,2.2,2.7,2.76,2.35,2.38,2.04,1.52,1.77,3.44,2.0,1.55,0.91,0.56,2.64,3.7,4.05,2.41,1.91,2.59,0.36,2.2,3.19,2.29,2.51,2.01,2.0,2.81,0.64,3.6,3.44,5.58,2.55,2.66,2.63,2.42,3.01,2.72,1.78,3.24,1.83,2.71,4.78,1.38,1.56,2.04,2.59,3.88,2.69
1.23,2.69,1.28,1.23,2.1,1.26,0.44,3.87,1.1,2.54,2.17,1.43,1.76,1.94,1.37,2.08,0.29,2.96,0.31,0.16,3.0,0.31,0.2,1.92,0.65,2.09,1.34,0.32,0.23,3.0,0.39,3.33,0.55,3.87,0.5,1.02,2.51,0.25,1.1,0.84,1.23,1.63,0.19,1.61,1.82,0.45,0.15,0.98,0.25,3.43,1.28,1.56,0.23,0.18,1.94,0.18,0.4,2.17,0.22,1.47,0.68,0.22,1.43,0.32,0.2,0.2,1.59,0.17,1.52,2.84,0.26,0.31,0.17,1.6,0.74,1.04,2.85,2.2,3.56,0.31,0.5,2.51,1.82,0.28,2.08,0.21,0.54,0.31,1.76,0.18,3.07,2.82,2.84,1.35,5.86,2.32,2.23,3.22,3.31,5.03,2.9,2.67,2.37,2.64,3.75,2.38,3.96,1.3,2.77,5.05,3.26,3.27,2.29,3.47,4.4,2.46,1.17,3.13,3.98,1.39,2.99,3.07,1.83,0.88,2.65,1.59,0.92,1.2,2.38,4.21,3.98,4.35,2.14,2.7,3.31,2.3,2.37,1.59,1.38,1.35,3.32,1.68,3.07,0.92,0.56,3.21,5.05,3.26,2.24,1.81,2.64,0.35,2.14,3.19,1.86,2.29,1.77,1.68,2.81,0.76,3.1,3.32,5.45,3.61,2.14,2.75,2.88,3.01,3.75,1.17,2.53,1.31,2.58,4.35,1.35,1.39,1.59,2.64,4.15,3.17
1.23,2.54,1.28,1.23,2.06,1.27,0.45,3.87,1.22,2.64,1.34,1.44,2.33,1.94,1.28,2.72,0.25,2.96,0.33,0.17,2.43,0.3,1.71,1.21,1.04,2.48,1.41,0.31,0.22,2.43,0.32,2.83,0.66,3.87,0.66,1.17,1.93,0.29,1.22,1.38,1.23,2.71,0.21,1.61,1.82,0.39,0.18,0.92,0.23,4.17,1.28,1.92,0.26,0.14,1.94,0.19,0.54,1.34,0.26,1.48,0.69,0.26,1.44,0.31,1.71,0.19,2.91,0.17,1.41,3.62,0.27,0.33,0.17,1.6,0.72,1.02,2.91,0.65,1.53,0.29,0.66,1.93,1.82,0.29,2.72,0.21,1.34,0.3,2.33,0.2,3.07,2.65,2.84,1.04,5.57,1.35,1.77,3.08,2.62,4.89,2.62,2.59,2.1,2.53,4.78,1.93,3.86,1.01,2.68,6.41,2.48,3.82,1.64,3.29,1.99,1.79,1.03,3.01,4.24,1.42,2.28,3.07,2.08,1.02,3.08,1.57,0.92,1.13,1.93,4.49,4.24,4.03,1.88,1.57,2.62,2.25,2.1,2.31,1.24,1.29,3.19,1.8,1.89,0.93,0.55,2.31,6.41,2.48,2.08,1.7,2.78,0.37,1.88,2.73,1.43,1.64,1.63,1.8,2.42,0.81,2.6,3.19,4.8,4.0,1.62,2.87,3.35,3.84,4.78,1.03,1.82,2.41,3.13,4.03,1.04,1.22,2.31,2.78,3.4,3.48
1.18,2.5,2.29,1.18,2.35,1.29,0.43,4.08,1.34,2.73,1.34,1.53,1.72,1.83,1.32,1.86,0.23,2.96,0.38,0.21,1.87,0.24,3.22,1.03,1.41,2.87,1.1,0.32,0.22,1.87,0.25,2.83,0.74,4.08,0.82,1.26,1.71,0.31,1.34,1.31,1.18,3.78,0.23,1.72,1.25,0.32,0.18,0.86,0.23,4.9,2.29,2.76,0.28,0.15,1.83,0.18,0.69,1.34,0.29,1.49,0.71,0.29,1.53,0.32,3.22,0.21,2.92,0.19,1.31,4.4,0.25,0.38,0.18,2.52,0.71,1.01,2.97,0.65,1.53,0.28,0.82,1.71,1.25,0.29,1.86,0.2,2.15,0.24,1.72,0.24,4.84,2.65,2.51,0.73,5.28,1.3,1.48,3.48,2.3,4.75,2.35,2.54,1.84,2.05,3.93,1.47,3.75,0.78,2.49,6.32,2.42,4.67,0.99,2.97,1.99,1.13,0.82,2.9,4.5,1.36,1.62,2.87,2.08,1.16,2.85,1.59,0.96,1.1,1.47,3.99,4.5,3.7,1.61,1.57,2.3,2.2,1.84,3.03,1.38,1.18,3.14,1.75,0.72,0.93,0.55,1.41,6.32,2.42,1.84,1.63,2.92,0.38,1.61,2.26,1.26,0.99,1.56,1.75,2.04,1.16,2.46,3.14,4.15,4.45,1.95,2.66,2.4,3.84,3.93,0.82,1.71,3.51,3.69,3.7,0.73,1.08,3.03,2.92,2.65,3.79
1.14,2.45,2.29,1.14,1.9,1.25,0.46,4.29,1.18,2.64,0.8,1.61,1.1,1.65,1.35,1.0,0.25,2.71,0.43,0.21,2.22,0.26,2.24,0.78,1.78,2.62,0.79,0.84,0.26,2.22,0.23,0.58,0.82,4.29,0.71,1.36,1.5,0.47,1.18,1.31,1.14,2.18,0.21,1.84,0.69,0.28,1.1,1.73,0.25,4.03,2.29,3.59,0.28,0.19,1.65,0.18,1.02,0.8,0.39,2.04,0.73,0.39,1.61,0.84,2.24,0.22,2.92,0.2,1.22,3.64,0.25,0.43,0.18,2.52,0.7,1.01,2.62,0.46,1.98,0.3,0.71,1.5,0.69,0.26,1.0,0.21,2.15,0.26,1.1,0.24,4.84,3.49,2.17,0.68,4.81,1.13,1.19,3.87,1.98,4.14,2.28,2.67,1.43,1.81,3.08,1.42,3.19,0.54,3.14,6.15,2.37,5.52,0.94,2.65,1.83,1.15,0.61,2.88,4.29,1.35,0.96,2.62,1.66,1.19,2.61,1.6,1.56,1.07,1.42,3.5,4.29,2.99,1.44,1.57,1.98,2.16,1.43,1.87,1.52,1.06,3.08,1.71,0.57,0.77,0.94,1.3,6.15,2.37,1.81,1.55,2.92,0.38,1.44,1.95,1.09,0.94,1.55,1.71,1.63,1.5,2.31,3.08,4.15,4.82,2.27,2.44,1.46,4.53,3.08,0.61,1.58,3.51,4.21,2.99,0.68,0.98,1.87,2.92,2.7,3.06
0.77,2.1,2.24,0.77,1.46,1.22,0.49,4.23,1.02,2.41,0.26,1.62,1.07,1.47,1.36,0.97,0.26,2.71,0.43,0.16,2.58,0.31,1.27,0.54,2.45,2.33,0.55,1.36,0.26,2.58,0.2,0.58,0.85,4.23,0.6,1.03,2.13,0.62,1.02,1.37,0.77,0.58,0.19,1.53,1.12,0.25,1.1,2.61,0.28,3.17,2.24,4.04,0.25,0.19,1.47,0.17,0.98,0.26,0.48,2.59,0.73,0.48,1.62,1.36,1.27,0.21,2.6,0.18,1.28,2.87,0.29,0.43,0.18,2.0,0.84,1.04,2.28,0.32,2.43,0.32,0.6,2.13,1.12,0.22,0.97,0.24,4.6,0.31,1.07,0.8,3.87,3.49,2.99,0.63,4.3,0.95,1.16,3.89,3.12,3.54,2.22,2.8,1.01,1.58,2.51,1.36,2.63,0.37,3.8,5.97,2.28,4.51,0.89,2.48,1.67,1.16,0.52,3.12,3.62,1.33,0.83,2.31,1.66,1.21,2.67,1.61,2.16,0.97,1.36,2.75,3.62,2.29,1.26,0.23,3.12,2.05,1.01,0.71,0.93,0.78,3.09,1.7,0.42,0.77,1.33,1.2,5.97,2.28,1.78,1.5,2.36,0.36,1.26,1.65,1.07,0.89,1.59,1.7,1.22,1.77,2.16,3.09,1.43,3.6,3.36,2.12,1.54,5.21,2.51,0.52,1.31,2.91,4.74,2.29,0.63,0.88,0.71,2.36,2.7,2.33
0.4,1.74,2.18,0.4,1.35,1.26,0.48,3.71,1.11,2.19,0.3,1.61,1.07,1.49,0.79,0.95,0.27,2.71,0.26,0.17,1.47,0.36,1.59,0.44,2.24,1.83,0.3,1.36,0.26,1.47,0.16,0.53,0.88,3.71,0.86,0.7,2.43,1.07,1.11,1.11,0.4,0.57,0.21,1.22,1.55,0.25,1.21,2.61,0.28,3.0,2.18,2.91,0.28,0.14,1.49,0.17,0.94,0.3,0.62,2.59,0.7,0.62,1.61,1.36,1.59,0.22,2.6,0.17,1.35,3.38,0.3,0.26,0.19,1.48,0.97,1.1,2.76,0.26,2.43,0.29,0.86,2.43,1.55,0.21,0.95,0.22,4.6,0.36,1.07,1.36,2.77,1.96,2.99,0.98,3.79,0.65,1.12,3.91,1.72,3.24,1.32,2.77,0.92,1.51,1.95,1.34,2.16,0.28,3.8,4.15,2.25,3.5,0.75,2.3,1.25,1.99,0.43,3.36,2.95,2.38,0.7,1.92,1.6,1.4,2.67,1.62,2.04,0.82,1.34,2.17,2.95,1.54,0.85,0.23,1.72,1.94,0.92,0.75,0.34,0.49,3.1,1.69,0.99,0.69,2.66,0.79,4.15,2.25,1.65,1.2,2.36,0.39,0.85,1.53,1.05,0.75,1.63,1.69,1.29,2.05,1.84,3.1,1.43,2.39,4.46,1.93,1.63,5.21,1.95,0.43,1.03,2.91,3.79,1.54,0.98,0.93,0.75,2.36,3.45,2.09
0.33,1.61,1.8,0.33,1.16,0.93,0.42,3.2,1.2,2.23,0.34,1.6,1.0,1.82,0.22,0.98,0.25,2.15,0.26,0.21,0.36,0.73,1.91,0.35,2.04,1.32,0.31,1.4,0.23,0.36,0.12,0.46,0.88,3.2,1.12,0.59,1.68,1.51,1.2,0.85,0.33,0.56,0.23,0.94,1.95,1.4,1.67,1.92,0.26,2.77,1.8,1.78,0.37,0.14,1.82,0.18,0.49,0.34,0.39,2.67,0.66,0.39,1.6,1.4,1.91,0.2,2.89,0.18,1.32,3.88,0.28,0.26,0.2,1.6,1.23,1.2,3.25,0.24,0.64,0.45,1.12,1.68,1.95,0.22,0.98,0.18,3.4,0.73,1.0,1.91,1.67,0.43,0.85,1.33,2.62,0.35,1.12,3.83,0.31,2.94,0.42,2.74,0.84,1.45,1.98,1.4,1.69,0.28,1.43,2.33,2.25,3.87,0.59,1.57,2.0,2.83,0.39,3.36,2.38,2.61,0.68,1.54,1.39,1.59,2.62,1.63,1.92,0.66,1.4,1.59,2.38,0.94,0.43,0.22,0.31,1.93,0.84,0.79,0.36,0.42,3.09,1.64,1.56,0.61,3.99,0.38,2.33,2.25,1.53,0.9,2.06,0.44,0.43,1.42,0.92,0.59,1.64,1.64,1.38,2.08,1.52,3.09,1.4,2.13,3.46,1.73,1.59,2.46,1.98,0.39,1.03,2.96,2.83,0.94,1.33,0.87,0.79,2.06,4.2,1.86
0.29,1.49,1.42,0.29,0.97,0.59,0.4,3.2,0.98,2.15,0.3,1.59,0.99,2.14,0.31,1.0,0.27,2.15,0.25,0.2,0.33,1.1,1.65,0.32,1.8,1.0,0.28,0.81,0.25,0.33,0.21,0.39,0.87,3.2,0.83,0.35,0.73,1.4,0.98,0.57,0.29,0.73,0.21,0.65,2.35,2.55,2.13,1.92,0.26,2.54,1.42,1.12,0.32,0.19,2.14,0.19,0.64,0.3,0.17,2.67,0.63,0.17,1.59,0.81,1.65,0.2,3.17,0.18,1.38,3.3,0.24,0.25,0.17,1.77,1.49,1.51,2.31,0.22,0.64,0.6,0.83,0.73,2.35,0.25,1.0,0.17,2.2,1.1,0.99,2.45,1.67,0.43,0.85,1.03,1.44,0.39,0.97,4.5,0.3,2.77,0.38,2.18,0.74,1.39,2.18,1.46,1.63,0.29,1.43,2.12,2.23,4.23,0.43,0.84,2.74,2.2,0.36,1.61,2.56,2.83,1.03,1.56,1.18,1.48,2.35,1.65,1.32,0.55,1.46,1.6,2.56,0.35,0.34,0.23,0.3,1.95,0.74,0.77,0.38,0.35,3.09,1.6,1.56,0.62,3.43,1.49,2.12,2.23,1.53,0.62,1.76,0.48,0.34,1.34,0.79,0.43,1.68,1.6,1.35,2.38,1.45,3.09,1.34,1.89,2.46,1.71,1.13,2.46,2.18,0.36,1.46,3.02,3.2,0.35,1.03,0.82,0.77,1.76,3.79,1.8
0.28,1.43,1.03,0.28,0.66,0.53,0.46,0.83,0.76,2.07,0.26,1.55,0.99,2.45,0.27,0.7,0.3,1.59,0.23,0.18,0.3,1.33,1.4,0.29,1.56,0.72,0.25,0.23,0.28,0.3,0.31,0.41,0.85,0.83,0.55,0.12,0.32,1.3,0.76,0.28,0.28,0.91,0.22,0.45,1.75,1.93,2.17,1.33,0.27,1.95,1.03,0.68,0.28,0.19,2.45,0.18,0.8,0.26,0.14,2.67,0.57,0.14,1.55,0.23,1.4,0.21,3.95,0.11,1.44,2.29,0.24,0.23,0.15,1.93,1.17,1.81,1.38,0.18,0.49,0.71,0.55,0.32,1.75,0.23,0.7,0.21,2.18,1.33,0.99,2.13,1.67,0.38,0.56,0.73,1.44,0.42,0.82,5.18,0.33,2.64,0.34,1.65,0.78,1.34,2.38,0.98,1.78,0.29,1.4,1.97,2.22,4.49,0.23,0.58,1.85,1.58,0.35,1.61,2.73,2.23,1.37,1.61,1.32,1.38,2.09,1.65,0.73,0.44,0.98,1.75,2.73,0.25,0.24,0.23,0.33,1.98,0.78,0.78,0.32,0.38,2.92,1.64,1.35,0.62,2.87,2.59,1.97,2.22,0.15,0.34,0.96,0.39,0.24,1.43,0.85,0.23,1.69,1.64,1.33,2.69,1.38,2.92,1.29,1.89,2.39,1.69,0.67,1.84,2.38,0.35,1.46,2.13,3.61,0.25,0.73,0.81,0.78,0.96,3.39,1.74
0.24,1.38,0.63,0.24,0.36,0.46,0.45,0.83,0.52,2.06,0.28,1.0,0.94,2.76,0.23,0.4,0.3,1.03,0.23,0.19,0.27,1.38,1.11,0.24,1.08,0.53,0.26,0.27,0.28,0.27,0.21,0.43,0.83,0.83,0.87,0.21,0.29,0.88,0.52,0.31,0.24,0.96,0.2,0.34,0.96,1.32,2.2,0.79,0.27,1.35,0.63,0.23,0.24,0.12,2.76,0.17,1.04,0.28,0.7,0.98,0.39,0.7,1.0,0.27,1.11,0.26,4.73,0.64,1.43,1.29,0.26,0.23,0.16,1.58,0.85,1.8,1.4,0.16,0.34,0.81,0.87,0.29,0.96,0.17,0.4,0.25,1.68,1.38,0.94,1.85,1.67,0.37,0.27,0.45,1.44,0.36,0.55,4.39,0.35,2.69,0.32,1.13,0.83,1.39,2.25,0.5,1.92,0.26,1.37,1.91,1.39,4.75,0.26,0.32,0.96,1.58,0.35,1.41,2.56,1.64,1.41,1.5,1.46,3.53,1.77,1.57,0.69,0.4,0.5,1.91,2.56,0.58,0.28,0.19,0.35,1.84,0.83,0.78,0.26,0.41,2.75,1.69,1.35,0.38,3.19,1.41,1.91,1.39,0.15,0.26,0.96,0.39,0.28,1.51,0.91,0.26,1.65,1.69,1.32,2.23,1.53,2.75,0.89,1.37,2.29,1.75,0.49,1.21,2.25,0.35,1.44,1.31,2.99,0.58,0.45,0.94,0.78,0.96,3.43,1.68
0.22,1.37,0.78,0.22,0.33,0.39,0.41,0.6,0.3,2.06,0.3,0.55,0.89,3.35,0.24,0.86,0.26,1.27,0.22,1.17,0.23,1.43,0.81,0.21,0.61,0.36,0.29,0.29,0.26,0.23,0.19,0.36,0.79,0.6,1.15,0.17,0.25,0.57,0.3,0.31,0.22,1.0,0.2,0.23,0.25,1.25,1.91,0.26,0.23,1.29,0.78,0.25,0.26,0.99,3.35,0.18,1.29,0.3,1.25,0.98,0.2,1.25,0.55,0.29,0.81,0.29,5.76,1.18,1.42,1.36,0.28,0.22,0.16,1.22,0.83,1.79,1.42,0.16,0.36,0.84,1.15,0.25,0.25,0.14,0.86,1.17,1.19,1.43,0.89,1.63,2.24,0.37,0.28,0.38,1.44,0.38,0.28,3.6,0.33,2.74,0.3,0.84,0.83,1.42,2.12,0.44,1.92,0.27,1.43,2.35,0.55,4.07,0.29,0.3,0.92,0.38,0.33,0.89,2.39,1.16,1.44,1.39,1.69,5.68,1.46,1.57,0.64,0.37,0.44,1.89,2.39,0.9,0.28,0.16,0.33,1.66,0.83,1.6,0.29,0.41,2.99,1.74,0.88,0.32,3.51,0.24,2.35,0.55,0.16,0.26,1.36,0.4,0.28,1.15,0.79,0.29,1.6,1.74,1.31,1.77,1.67,2.99,0.5,1.37,2.18,1.81,0.31,0.93,2.12,0.33,1.42,0.49,2.38,0.9,0.38,1.07,1.6,1.36,3.43,1.69
0.23,1.41,0.92,0.23,0.3,0.32,0.4,0.49,0.28,1.57,0.32,0.37,0.93,3.08,0.29,1.33,0.23,1.5,0.22,2.15,0.25,1.16,0.6,0.23,0.42,0.25,0.31,0.28,0.27,0.25,0.2,0.3,0.57,0.49,1.34,0.14,0.24,0.33,0.28,0.3,0.23,1.07,0.21,0.24,0.25,1.23,1.95,0.31,0.23,0.72,0.92,0.27,0.3,1.87,3.08,0.2,0.94,0.32,1.21,0.58,0.2,1.21,0.37,0.28,0.6,1.02,5.76,1.99,1.43,1.38,0.27,0.22,2.13,1.22,0.79,1.77,1.41,0.18,0.35,0.86,1.34,0.24,0.25,0.14,1.33,2.1,1.62,1.16,0.93,1.76,2.24,0.35,0.28,0.3,1.44,0.4,0.29,3.66,0.29,2.76,0.23,0.55,0.76,1.42,3.5,0.36,1.34,0.28,0.87,2.79,0.56,3.39,0.23,0.32,0.91,0.38,0.31,0.37,2.54,0.67,1.46,1.38,1.91,4.39,1.24,1.6,0.58,0.37,0.36,1.87,2.54,0.8,0.27,0.18,0.29,1.48,0.76,2.42,0.31,0.34,3.23,1.79,0.4,0.26,3.53,0.29,2.79,0.56,0.17,0.3,1.36,0.44,0.27,1.33,0.67,0.23,1.6,1.79,1.28,1.54,1.09,3.23,0.38,0.83,1.98,1.75,0.27,1.34,3.5,0.31,0.87,0.38,2.38,0.8,0.3,1.22,2.42,1.36,2.39,1.69
0.25,1.42,0.78,0.25,0.3,0.32,0.45,0.38,0.29,1.57,0.33,0.37,0.97,2.8,0.34,1.29,0.24,1.44,0.22,1.98,0.26,0.9,0.39,0.26,0.24,0.15,0.31,0.27,0.31,0.26,0.19,0.3,0.36,0.38,1.37,0.17,0.22,0.27,0.29,0.34,0.25,0.98,0.77,0.32,0.31,1.19,1.99,0.33,0.26,0.16,0.78,0.31,0.29,1.78,2.8,0.17,0.58,0.33,1.2,0.58,0.17,1.2,0.37,0.27,0.39,1.75,3.09,2.8,2.09,1.34,0.26,0.22,2.13,1.11,0.75,1.79,1.4,0.19,0.32,0.83,1.37,0.22,0.31,0.2,1.29,2.1,2.05,0.9,0.97,1.9,1.46,0.32,0.26,0.28,1.32,0.4,0.31,3.71,0.3,2.93,0.31,0.57,0.7,1.41,4.87,0.29,1.34,0.29,0.31,2.79,0.56,3.42,0.17,0.35,0.91,0.33,0.34,0.71,2.7,0.48,0.89,1.42,2.06,3.1,1.28,1.62,0.53,0.36,0.29,1.61,2.7,0.71,0.25,0.23,0.3,1.35,0.7,2.11,0.27,0.35,4.02,1.6,0.32,0.26,3.56,0.34,2.79,0.56,0.16,0.31,0.88,0.81,0.25,1.51,0.43,0.17,1.61,1.6,1.25,1.31,0.52,4.02,0.3,0.29,3.23,1.84,0.3,1.76,4.87,0.34,0.32,0.33,3.36,0.71,0.28,1.37,2.11,0.88,2.39,1.7
0.25,1.4,0.64,0.25,0.31,0.32,0.52,0.47,0.32,1.29,0.23,0.36,0.97,2.67,0.38,1.24,0.29,1.37,0.22,1.81,0.29,0.43,0.32,0.29,0.22,0.23,0.31,0.27,0.32,0.29,0.12,0.3,0.32,0.47,1.29,0.21,0.2,0.21,0.32,0.42,0.25,0.89,1.32,0.41,0.4,1.09,1.81,0.31,0.3,0.24,0.64,0.34,0.23,1.69,2.67,0.1,0.32,0.23,1.24,0.58,0.13,1.24,0.36,0.27,0.32,1.95,3.09,2.67,2.75,1.3,0.27,0.22,2.3,1.11,0.73,1.84,1.31,0.17,0.31,0.8,1.29,0.2,0.4,0.27,1.24,2.1,1.28,0.43,0.97,2.38,0.68,0.32,0.26,0.27,1.32,0.4,0.31,3.92,0.35,3.11,0.4,0.57,0.75,1.23,3.59,0.23,1.37,0.28,0.25,2.79,0.44,3.45,0.12,0.36,0.94,0.28,0.37,1.05,2.84,0.29,0.32,1.46,2.21,2.98,1.32,1.67,0.53,0.36,0.23,1.35,2.84,0.69,0.23,0.28,0.35,1.23,0.75,1.79,0.24,0.35,4.81,1.41,0.23,0.26,3.67,0.4,2.79,0.44,0.15,0.27,0.39,1.18,0.23,2.11,0.2,0.12,1.6,1.41,1.21,1.09,0.4,4.81,0.21,0.36,4.49,1.93,0.32,3.1,3.59,0.37,0.23,0.34,3.36,0.69,0.27,1.38,1.79,0.39,2.38,1.71
