1.0,1.0,1.0,1.0,1.0,1.0,1.0,1.0,1.0,1.0,1.0,1.0,1.0,1.0,1.0,1.0,1.0,1.0,1.0,1.0,1.0,1.0,1.0,1.0,1.0,1.0,1.0,1.0,1.0,1.0,1.0,1.0,1.0,1.0,1.0,1.0,1.0,1.0,1.0,1.0,1.0,1.0,1.0,1.0,1.0,1.0,1.0,1.0,1.0,1.0,1.0,1.0,1.0,1.0,1.0,1.0,1.0,1.0,1.0,1.0,1.0,1.0,1.0,1.0,1.0,1.0,1.0,1.0,1.0,2.0,2.0,2.0,2.0,2.0,2.0,2.0,2.0,2.0,2.0,2.0,2.0,2.0,2.0,2.0,2.0,2.0,2.0,2.0,2.0,2.0,2.0,2.0,2.0,2.0,2.0,2.0,2.0,2.0,2.0,2.0
0.073124179,0.70370874,0.59401433,0.73059393,2.1130509,1.1685633,1.814836,0.59313603,0.17950028,0.5358112,0.59782907,0.31452914,0.38123865,0.5807386,0.29476758,0.99311088,0.64275558,0.50691007,0.59591868,0.56688351,0.54278954,-0.1743352,0.92756523,0.54309888,0.26158131,0.9548887,1.1593518,0.41601568,0.16455766,0.34263832,-0.022584248,0.28914124,0.7809784,1.2106339,0.78922775,0.99970742,1.6163364,0.73543754,0.41500979,0.6303957,0.31930911,2.2487902,0.98754646,-0.70630453,0.27482721,0.48223006,1.668206,0.32800826,1.2259204,0.58127681,0.40473265,0.64865752,0.1476469,0.58597594,-0.36808017,0.068846565,0.47041178,0.5347352,0.18824682,1.2571379,0.65656714,-0.15738917,0.15058441,0.08725314,0.46679299,1.3084559,1.1949282,0.6692266,0.47527619,1.3971093,0.99292711,0.43707074,0.55686579,2.6890171,0.19767692,2.1667159,0.91899571,0.98308038,0.50205548,0.18753379,0.31664616,1.1688741,1.2050062,0.59824137,0.50112303,1.0880765,0.5264121,1.3510633,0.50871874,0.20303954,0.31421954,0.65173918,1.4684175,1.450874,-0.19441323,2.0394327,0.46737906,1.2215121,2.0412979,0.12377605
0.77605406,2.1329849,1.1537236,0.95465401,3.2390538,1.8563351,3.1168412,0.80250911,1.0384092,0.6007662,1.2574276,1.9123548,0.63353024,1.0971106,0.86093158,2.7048435,1.9652219,1.6370345,1.3137186,0.59276786,2.0640499,1.3528679,1.2653326,1.227348,0.57982062,2.1905343,2.5344027,1.1139534,1.1072882,0.88226289,0.20520995,0.43851407,1.3408039,2.0033132,2.0527997,2.7911688,2.0997266,1.8699754,0.67367738,2.1919773,2.0916954,3.5350384,2.8132911,-0.22618127,0.48103668,0.98683211,2.8481734,1.2102222,1.8508505,0.87618758,1.2808587,0.75202595,0.8046684,1.1371795,-0.62198358,0.80884529,1.1748488,1.1512282,0.54011861,2.7809697,2.439455,0.73698093,1.656594,1.2520477,0.50362537,2.5326755,2.1907971,0.64016336,1.3431131,2.2885831,2.3228425,0.18274102,0.81828421,2.7087035,0.45541658,2.284215,1.0688252,0.84106858,0.54216265,-0.27663761,0.24319908,2.0759008,2.0318554,1.0987288,0.72913063,1.5640399,1.0079024,2.8253475,0.80968553,0.4620785,0.78106253,1.2370342,3.2539464,2.5570839,-1.1007149,1.8832347,0.34010397,3.5215769,2.0215905,2.4334614
2.181336,3.5596179,2.6051702,2.7894027,2.5576422,2.1545365,2.709344,0.067021556,1.9464212,2.115888,2.7584957,2.9333556,1.002302,1.7440564,2.4191877,3.4733421,2.9047617,3.1547647,2.7465019,2.1505681,2.8059709,2.6915514,2.6947366,2.679487,1.049515,3.438425,2.9723235,2.1378086,2.1469641,1.6426063,1.7449143,1.8578511,1.9632789,1.7456025,3.6115297,3.6556783,1.7879116,2.2378345,1.9191069,3.5209004,3.4437763,2.8882737,3.8502628,0.21619952,0.91926414,1.4437677,2.5169776,2.5976534,2.8294223,1.0427672,2.5151479,2.6362312,0.36777149,1.2907909,-0.60141727,2.6079585,2.2214786,2.6653731,2.1784493,3.2871348,3.7686961,2.4996379,2.7067667,1.9706734,0.78866915,2.5672471,2.4432745,0.33815791,2.7848317,2.4340418,2.3505839,-0.38857572,0.96784416,2.0083814,0.97310983,1.7854924,0.98272169,1.9682872,0.72238348,-0.30880471,0.37047144,1.7601405,2.4472937,1.6835287,0.83374023,1.3688902,1.7898944,2.6405387,1.5528082,0.74836772,1.2049684,2.1094477,3.5995103,1.9918773,-1.3215892,1.9093279,0.35138992,3.6276133,1.9258954,2.7623845
3.4403251,3.3633563,3.1965895,3.2344186,2.3156721,2.3218258,2.2893513,0.052160732,2.7051409,3.3480717,4.0869911,1.5788524,1.5212777,2.2783712,3.4520527,2.2126661,2.3393423,1.7402818,4.1991449,3.3019652,1.5594706,1.6637386,3.920299,2.8579347,1.9877269,3.3063762,2.0894468,1.9796622,1.8764232,1.9629229,2.3217103,3.1790404,3.0925116,1.475794,3.8177297,2.4709798,1.3280621,1.3957275,3.2162676,2.7300388,2.2330166,2.7209197,2.3797891,-0.31772657,1.5386127,2.1864284,2.1727729,2.2107785,3.263266,1.7961197,1.2995187,3.4557156,0.24389371,1.33595,-0.62828928,3.6402976,3.9038609,4.1776046,3.4937688,2.700352,2.5048154,3.0521245,2.6687049,1.7369054,0.2229358,1.1317266,2.0007909,0.28531081,2.8877708,2.3545672,2.580396,-1.0763129,1.3404921,2.2357998,1.9359564,1.9232385,1.5201531,3.0955059,1.4288852,-0.27084334,1.0637381,1.6064459,2.7394479,2.4789134,1.2557705,1.2501573,2.3580139,1.2185972,1.9816869,0.99695917,1.5346969,1.4324433,2.3933767,1.486097,-0.81488251,2.4715339,0.80988876,3.0769932,2.3343605,2.3959632
2.1684748,2.6401432,2.0619099,2.150623,1.0033186,1.9164374,0.74680004,-0.12167926,1.6707064,2.0451475,2.4522113,1.3517568,1.8638942,2.3894875,2.0206306,0.45329533,0.79156126,1.8124405,2.7199107,1.7582258,0.15867064,1.6834037,2.6225412,1.7048162,2.351593,2.7520431,0.41626364,0.65161616,1.6426157,1.7741008,1.252388,1.9176691,3.7208991,0.19887114,2.4657895,1.4594185,0.75938508,0.21107322,2.8894929,2.1389401,2.3024139,0.86212017,1.6998137,-0.64897192,2.0466195,2.5175393,0.72046706,1.6216664,2.1600331,2.5413991,1.4534323,2.1181574,0.026613882,1.2572291,-0.61144343,2.0932971,2.7879987,2.9168965,2.0753308,0.86951154,2.0810982,1.6280319,2.1616487,1.3942079,0.53730356,-0.042169112,1.0049886,-0.13126681,1.5500174,2.3225632,2.635011,-1.247922,1.9317436,1.5169816,2.259463,2.2243859,2.3103544,2.3676954,2.1365158,-0.73064539,1.6781871,1.9490456,2.7458899,2.8024127,2.0013616,1.4914982,2.3014737,-0.056741817,1.6243391,0.99855221,1.8773314,0.78670067,0.41737672,1.7354962,-0.34071735,1.1181387,1.2934283,2.0356967,1.1738737,2.1412625
0.49731547,1.260467,0.1933088,0.90708836,0.84966324,1.214881,0.34330609,-0.26202288,-0.10116654,1.4415876,0.81663588,0.028089189,1.7927666,2.3484163,-0.019059689,0.047793342,0.15917504,0.6171909,1.715197,-0.10959189,-0.70491116,0.5311746,1.5789118,-0.020583018,1.5728266,0.94861402,-0.017382074,-0.43881608,0.4217124,1.6433305,0.45185648,0.4844841,3.0264523,0.10653092,0.69777517,0.33317464,0.23035588,-1.4823914,2.6509826,0.56072695,0.62160769,0.3755771,0.078576335,-1.2193491,2.2471427,1.878655,0.72537573,-0.23932105,1.3472488,2.2466526,0.47427508,0.52062024,-0.27440211,0.0056128186,-0.39257197,0.42604149,1.0087323,1.478838,1.2102543,0.75423951,0.58786769,-0.36093506,0.45358164,-0.28091459,0.04355325,0.55679287,0.18298559,-0.28827394,-0.40538954,1.9834299,1.4674241,-0.73082583,2.3661759,0.02991649,1.7413407,1.6907376,2.3079504,1.231601,2.281149,-0.1786955,1.7595575,1.3028421,2.2763553,2.438696,2.5040332,1.6825891,2.0870246,1.1969525,1.3628215,0.84949403,2.1582136,-0.45945978,1.071454,1.338377,-0.38421122,0.044438534,1.7335345,-0.13592834,-0.45254768,-0.41829927
-0.92428396,-0.49060654,-0.39215695,0.41094624,1.6319269,0.52682367,1.3851769,-0.33994214,-1.5788757,0.10484063,-0.77634288,-1.2632887,1.3811552,1.9432379,-0.99335938,0.95955986,0.92527794,-1.3848904,0.15929885,-1.3994646,-0.023513034,-1.3537081,0.32293635,-0.68932496,0.94027428,0.10024156,1.2204922,0.39646958,-1.3478626,1.2459171,-0.59501535,-0.69042172,1.9805153,1.0173006,-0.7662826,0.5504913,-0.18072166,-1.0472139,1.2160414,-0.67853152,-0.88666448,1.6392038,-0.59667118,-1.524295,1.8813336,1.0926861,1.6386019,-1.5987116,0.6058005,1.5003869,-1.3965619,-0.18862656,0.096730583,-0.8532002,-0.32274168,-0.95675232,-0.58596686,0.13561963,-0.26732577,1.5212668,-1.0527939,-1.2269598,-1.1248073,-0.36111772,-0.26114082,1.1341733,0.84161448,-0.33789631,-0.02436819,1.3102738,-0.12895384,-0.17795163,2.3375529,-0.56134614,1.1582961,0.59279901,1.7544429,0.095506633,1.9362737,-0.40416399,1.6977172,0.45933154,1.5253659,1.7176569,2.4541953,1.2269507,1.9675564,0.72468158,1.4121392,0.87570482,2.1029722,-0.36329857,1.685863,0.26275366,-0.62349815,0.02378222,2.1628923,1.2264337,-0.72808871,0.51694526
-1.4992268,-0.090413285,0.77476198,0.84251916,1.4242787,0.30918951,1.2283536,-1.0062404,-0.75090575,-0.093578452,-0.50396426,0.032857894,0.85684321,1.2774838,-0.10652825,1.1930596,1.2314808,-0.25466994,-0.56274529,-0.59941349,0.57809638,-0.18406623,0.033836143,0.94154136,0.32373143,1.0080502,1.2212464,0.95909097,-0.57436761,0.56180853,-0.10859517,-0.97612467,1.0087382,0.81742798,0.37966856,1.4679113,-0.15454607,0.15702017,-0.22193749,0.73745468,0.24808104,1.2831241,0.82701885,-1.5080601,1.2234635,0.35257487,1.2929038,-0.60213646,-0.75581516,1.0315208,-0.64708079,0.78081841,-0.74773064,-0.85408508,-0.57911647,-0.45170082,-1.114817,-0.63417895,-0.86685963,1.0206125,0.091880465,-0.0902894,-0.035755804,0.82250354,0.80315578,0.90654975,1.3158619,-0.77754625,1.0565722,0.64807903,-0.90738915,-0.1124692,1.8998198,-0.79370191,0.41824112,-0.19814065,1.5135657,0.73455973,1.46889,-1.3154284,1.612159,0.51641212,0.76059655,1.0093086,2.2203273,0.34396908,1.5140547,0.96665163,0.97378315,1.0092909,1.6779094,-0.55752269,1.5729415,-0.1148676,-0.64220725,-0.1854629,2.1414868,0.74404578,-0.97286861,0.3463399
-0.67932845,0.53944717,0.74411737,0.99018514,1.3158524,0.61779774,1.2051607,-0.59898697,0.17531007,1.0806246,0.58736328,0.40003933,0.26386347,0.65341422,0.54713625,1.007462,1.1813325,0.50182027,0.9384163,0.2362639,0.41833539,0.45316622,1.3215228,1.1063917,-0.34593676,0.79991001,1.066033,0.87090753,0.38085119,-0.032995131,0.53918182,0.30059564,-0.088959062,0.99833497,0.76403919,1.2131432,0.030906251,-0.22123268,0.31057568,1.1284541,0.49880185,1.1570711,0.87119579,-1.5508989,0.58100914,-0.29388443,1.6095656,-0.08660337,-0.8421453,0.38267199,0.4319451,0.93377469,-1.6097771,-0.95444804,-0.89648815,0.29688267,-0.12519509,0.37588637,0.28339578,1.0330029,0.99214593,0.46134368,0.71933982,0.057914995,-0.1395228,1.0640724,1.0808092,-0.72411581,0.76472116,-0.017222812,-1.0144013,-0.23692637,1.3690636,-0.97937117,-0.071605093,-0.43426533,1.318105,0.55704498,1.0088451,-1.04931,1.1681877,0.85217953,0.18844767,0.25735084,2.1224353,-0.33531682,0.75045389,0.54982412,0.19369358,0.80806681,1.1686752,-1.1959349,1.7088762,0.1974278,-0.55256542,-0.84122924,1.6615111,0.2093786,-1.1330444,-0.024068726
-0.54989193,0.25431671,0.52828631,0.91588143,0.99924424,0.76545115,1.3629613,-0.52970494,0.064900903,0.99424594,0.18173346,-0.20063643,-0.15280853,0.081747746,0.37580845,0.99132093,1.3698903,0.15305764,1.0180912,0.18299708,0.53746948,-0.19759894,1.4228921,1.0760685,-0.44660582,0.66919319,1.3501838,1.2258174,-0.14112818,-0.34645009,0.23145563,0.68456713,-0.24125413,0.82159462,0.25773427,1.0813722,-0.075155368,0.019546913,0.41078598,0.61621496,-0.098005224,1.1850721,0.80990883,-1.6004537,-0.013895524,-0.11538824,1.395034,0.026581391,-0.020085156,-0.19756134,0.13244512,0.70140202,-1.1795931,-0.74570298,-0.9948452,0.43301091,0.11704067,0.90807948,0.40012091,0.91998275,0.23873695,0.26394649,0.16920057,0.019468541,-0.61216233,0.48358225,1.348972,-0.70891127,1.0003107,-0.51081279,-1.3187679,-0.10154323,0.89970477,-1.2881617,-0.24124953,-0.45957792,0.67161156,0.14876106,0.38028224,-1.1725143,0.49995704,0.98922717,-0.029051462,-0.22155853,1.9165236,-0.72931956,0.11539967,-0.98860325,-0.26377121,0.16128675,0.68953902,-0.8249699,1.0320818,0.42180558,-0.58374892,-1.210844,1.1206418,0.65520998,-1.3083921,0.59781942
-0.78725674,0.34155574,0.60695632,0.60915066,0.20781148,0.69202363,0.72878415,-1.1856121,0.44313164,0.99555338,0.1138058,0.065543508,-0.1303639,0.092010301,0.4727728,0.57820045,0.87052383,-0.075266957,0.69694232,-0.10913651,0.11032367,0.094040089,1.0230605,1.7448192,-0.41008189,0.75164438,0.68139322,0.39357742,-0.086251055,-0.11860832,0.25229108,-0.052810963,0.38623753,-0.29900089,0.53011349,0.99656008,-0.33687146,0.053034731,-0.041293451,0.95796663,-0.030765777,0.59537694,0.84297108,-1.6891668,0.075209638,0.32008756,0.1492802,-0.30304941,-0.25751114,-0.16993849,-0.40660902,1.006133,-1.0559264,-0.90664719,-0.81096441,0.35309097,0.20179858,0.58484092,0.14208125,0.0040308763,0.20619455,0.37287578,0.52592483,0.2184925,-0.32442077,-0.33310204,1.147414,-0.90083177,0.61892367,-0.36040726,-1.3309024,0.066372326,0.36114369,-1.178131,-0.24347772,-0.5650328,0.062202091,-0.046505167,-0.29677967,-1.2252639,-0.022362533,0.82125349,-0.049523678,-0.13558175,1.3821329,-0.94971983,-0.22783536,-1.0896612,-0.33644359,-0.41905794,0.16295673,-0.78616871,0.05307411,0.58532859,-0.67414434,-1.1649628,0.45783849,-0.21036739,-1.4269104,-0.41035257
-0.86524789,0.34724464,0.075758462,0.25079411,-0.42103656,0.83157467,0.16295678,-1.0053182,0.034638965,0.87982356,-0.019752933,0.20950973,0.084059923,0.27164682,0.27377468,-0.019752725,-0.17245692,0.10883743,0.75985712,-0.37201856,-0.18762124,0.44589949,1.1996819,0.77982663,-0.27481066,0.33961792,0.035639147,-0.42623237,0.22459803,-0.052680343,-0.093439968,0.035296862,0.5923369,-0.67685417,0.19901945,0.46236553,-0.23652244,-0.16331404,-0.2297146,0.84746895,0.34472022,-0.05150871,0.60561297,-1.3953936,0.32472237,0.20484042,-0.33322555,-0.37246008,-0.45800598,0.01144398,0.23056633,0.39578379,-1.1287774,-1.1693085,-0.74245493,-0.33603917,-0.38598629,0.27323378,0.092881754,-0.4328252,0.55427393,0.1095486,0.64460189,-0.68816176,-0.16721713,-0.30649192,0.31794044,-0.92681631,-0.26310215,-0.094296865,-1.2728595,-0.14923713,-0.17698351,-1.3899892,-0.2639019,-0.71309039,-0.055991082,-0.25952286,-0.51392868,-1.2664036,-0.23531816,0.57644764,-0.20996418,-0.1912687,0.73544948,-1.0159285,-0.20111247,-1.3796467,-0.18884968,-0.45015898,-0.22586798,-1.2286909,-0.50839812,0.62372327,-0.70857317,-1.3305675,-0.17802412,-0.82743492,-1.3777995,-1.3711803
-0.67281251,0.2807386,-0.16262867,-0.42775694,-0.46503334,0.85853066,-0.0080553275,-0.89876927,0.0095425646,0.72863849,0.30257219,-0.69548403,0.034076095,-0.223713,-0.23720976,-0.48965442,-0.71374715,-0.20001468,0.74706274,0.10176102,-0.46296555,-0.31478967,1.1087683,-0.21725383,-0.27100607,-0.10043702,-0.36203921,-0.6687601,-0.22780341,-0.4085353,-0.29337387,0.30537079,0.65592355,-0.68235251,0.35027834,-0.36150828,0.017446446,-0.36689641,0.10139349,-0.0042978538,-0.38987174,-0.43380888,0.089042884,-1.4708313,-0.0998377,0.09906004,-0.45278197,-0.27912982,-0.20190807,-0.014047002,-0.12135267,-0.36970304,-0.68603867,-1.2278135,-1.0150701,0.14740177,-0.20846672,0.39029792,0.18240754,-0.43523685,-0.48057051,-0.61703345,-0.032198206,-0.93545714,-0.21054138,-0.64862953,-0.39567572,-1.206166,-0.57270577,-0.42289316,-1.3167994,-0.57392493,-0.34962957,-1.3843161,-0.62165563,-0.75961482,0.058747605,0.077755158,-0.25564469,-1.5779631,-0.11827251,0.74308944,-0.37415034,-0.30697176,0.22085538,-1.0660428,0.0014060274,-1.4933006,-0.13284071,-0.21226069,-0.26498096,-1.3205729,-0.47231375,0.45377072,-0.73420062,-1.4505416,-0.22524688,-1.0251441,-1.4946452,-1.2626738
-0.43837158,-0.058395009,-0.75770482,-0.73149665,-0.60489143,0.37871281,-0.22321765,-1.0917618,-0.53952365,-0.35932679,-0.35718866,-1.0077523,-0.18460828,-0.31928843,-0.94233522,-0.44228661,-0.66787891,-0.71551966,0.025409363,-0.91047504,-0.67848725,-1.1647464,0.027013266,-0.93104466,-0.40467442,-0.37277379,-0.44150933,-0.87512626,-0.81511003,-0.26670168,-0.9517888,-0.794713,0.8049269,-0.96281272,-0.31242445,-0.50390667,0.031067473,-0.95736738,-0.10164656,-0.49077663,-0.62012368,-0.37916601,-0.59212075,-1.5817696,-0.16934754,0.22945554,-0.78508967,-0.94947081,-0.32052377,-0.076610835,-0.9186398,-0.73820206,-0.79878866,-1.4456713,-1.0731354,-0.67365902,0.25844822,0.088883087,-0.69088571,-0.64467814,-0.60856053,-1.2405919,-0.65313136,-0.99010877,-0.95789518,-0.79981042,-0.52295339,-1.2043277,-0.68380925,-0.59953622,-1.5566399,-0.7120064,-0.18012552,-1.4799193,-0.41871614,-0.799381,0.030198911,-0.72106121,-0.10720254,-1.5186608,-0.071027356,0.8529702,-0.24863758,-0.16764052,-0.04881732,-1.1633754,-0.090393416,-1.5358864,-0.33661722,-0.33518908,-0.17853669,-1.3830934,-0.70552421,0.54674871,-0.7671118,-1.6214423,0.03250859,-1.1013262,-1.6391585,-1.3410687
-0.75957456,-0.69286534,-0.82668801,-0.67576141,-0.6477287,-0.21882916,-0.43115973,-1.4072013,-0.7703735,-0.86489438,-0.72212577,-0.94276255,-0.24718659,0.15733927,-0.68503094,-0.58495969,-0.88154185,-0.94438292,-0.39747878,-1.0245056,-0.66659982,-0.99762711,-0.44294995,-0.69332449,-0.43797211,-0.40366919,-0.85315246,-0.91726551,-1.019881,-0.068461616,-1.0923964,-1.2263427,0.55720714,-0.97213158,-0.32041774,-0.57442722,-0.11954177,-1.103912,-0.77507146,-0.53657841,-1.0453047,-0.52318316,-0.64018804,-1.3080662,0.0027368262,0.24823268,-0.82853298,-0.9640863,-0.33016424,-0.060981187,-1.2467709,-0.72908415,-1.7142791,-1.3641394,-0.85638102,-0.91681541,-0.29346312,-0.3768425,-0.81472327,-0.80723278,-0.63123276,-0.63759698,-0.64744008,-1.0866248,-0.096172781,-0.81463101,-0.58800575,-1.2900816,-0.85528617,-0.15652846,-1.3384669,-0.54022507,-0.1373533,-1.6174653,-0.18850206,-0.95621071,-0.20713671,-0.56129794,-0.28782655,-1.6223793,-0.32298644,0.30745835,-0.095016682,-0.098005103,0.058893288,-1.2074661,-0.36348937,-1.6085794,-0.4250242,-0.74453609,-0.21714779,-1.3137133,-0.78626011,0.54709414,-0.74069201,-1.5285523,-0.1168657,-1.022982,-1.6507469,-1.439354
-1.2470789,-0.89370968,-0.90466799,-0.92615471,-0.81837778,-0.54759978,-0.48352087,-1.4293048,-0.86459765,-0.70354973,-0.73469728,-1.1275164,-0.19186736,0.033266964,-0.94911582,-0.4443578,-0.88056139,-0.79628119,-0.69259959,-1.0119139,-0.72720675,-1.175502,-0.51068862,-0.68116191,-0.69019346,-0.61250256,-0.79641287,-0.92670864,-1.1106369,-0.2990208,-1.179427,-1.070343,0.30263564,-1.0023209,-0.46188239,-0.62491742,-0.42609942,-1.340855,-0.36890014,-0.75626983,-1.0410438,-0.71830401,-0.58381473,-1.3220377,-0.068218734,0.18641973,-0.82657129,-0.95486094,-0.28678445,0.091619691,-1.3483736,-0.90693968,-1.6498584,-1.4457378,-1.0930954,-0.9012812,-0.10047724,-0.51716061,-0.95037184,-0.78744574,-0.75097956,-1.1867339,-0.99854648,-1.1528112,-0.31173137,-0.88200523,-0.73068718,-1.4926257,-0.87181822,-0.014679595,-1.5092478,-0.41591443,-0.3138134,-1.6067999,-0.6231424,-1.061581,-0.31796969,-0.68555826,-0.41800901,-1.7890883,-0.43356208,-0.13039065,-0.099479162,-0.056259596,0.37064182,-1.2347116,-0.43495219,-1.7979364,-0.28995731,-0.84187552,-0.2391025,-1.3088983,-0.9431652,-0.025421027,-0.69700841,-1.6564765,-0.41491491,-1.4627243,-1.63712,-1.7022762
-0.76753457,-0.50978985,-0.86489703,-0.94312642,-0.90049714,-0.57829007,-0.5467077,-1.6250422,-1.2169037,-0.89332244,-1.0181106,-1.095153,-0.10236096,-0.27660464,-1.0395398,-0.36681751,-0.93676769,-0.97295135,-0.67263826,-1.1543758,-0.77209834,-1.1555864,-0.56287703,-1.0850947,-0.86851522,-0.77438015,-0.74198639,-1.0474146,-1.1851544,-0.43211096,-1.2756013,-1.1958144,0.43666368,-1.0992891,-0.5554543,-0.7127256,-0.78787868,-1.0370343,-0.59624103,-0.8623727,-0.61869683,-0.71356612,-1.021813,-1.3201542,-0.26885261,-0.18922971,-0.97349672,-1.2032956,-0.38412916,0.22472284,-1.1902833,-0.87096235,-1.0326988,-1.6622698,-1.5145011,-0.99310462,-0.44661919,-0.68466891,-1.1110586,-0.89934918,-0.9105596,-1.1788481,-0.98739107,-1.2421486,-0.74357761,-1.002864,-0.8104488,-1.4695423,-0.97463085,-0.31324582,-1.5848065,-0.48967529,-0.39519556,-1.7073068,-0.93578951,-1.0103316,-0.18678489,-0.86307301,-0.31916313,-1.6733497,-0.31865971,-0.062199969,-0.12141585,-0.3234,0.35392528,-1.3248416,-0.42163636,-1.8713879,-0.29897631,-0.59821278,-0.095147651,-1.4952363,-1.0633661,-0.3992211,-0.73888966,-1.8499284,-0.35638904,-1.436744,-1.7475462,-1.5347447
-0.90354932,-0.85662103,-0.92723404,-0.99803908,-0.89675992,-0.57036241,-0.85696251,-1.5733116,-1.1220705,-0.99962492,-0.68482885,-1.0951984,-0.10079175,-0.4154689,-1.1689719,-0.40379975,-1.0415576,-1.1058692,-0.70592656,-1.2901829,-0.88130547,-1.2357325,-0.70542121,-1.2432011,-0.97683688,-0.62467027,-0.95344005,-1.0874926,-1.3335503,-0.64048897,-1.3215008,-1.2412898,0.36623393,-1.0526758,-0.66719228,-0.87725194,-0.83315607,-1.2842738,-0.95912436,-0.92217942,-1.1784057,-0.82040631,-0.87248309,-1.3945806,-0.87451394,-0.53960038,-1.1701115,-1.3401393,-0.45739365,-0.01356082,-1.0112698,-1.060217,-1.4239179,-1.5050652,-1.3941725,-0.93581397,-0.94101217,-0.75120423,-1.1942503,-0.99303352,-1.1746287,-1.3021618,-1.2347709,-1.2978639,-0.87320425,-1.2456578,-0.89688854,-1.6202575,-1.0680316,-0.4369491,-1.6530533,-0.61413303,-0.34465947,-1.8333817,-1.1178232,-0.96559222,-0.22070618,-0.91632743,-0.2603787,-1.958582,-0.29565486,-0.10072696,-0.35854858,-0.6301811,-0.056939609,-1.3649445,-0.38390173,-1.8084146,-0.46744708,-0.46744349,0.067183123,-1.6645152,-1.168249,-0.36481858,-0.84594789,-1.4444446,-0.2509871,-1.4114183,-1.7957816,-1.5867927
-1.19472,-0.88452148,-1.0822416,-1.0254685,-0.94460744,-0.82642609,-0.95103046,-1.9192262,-1.2970508,-1.0895387,-0.92543325,-1.2995269,-0.38136518,-0.70769902,-1.1913392,-0.61565955,-1.1711792,-1.1303803,-0.83698358,-1.2730994,-0.8496939,-1.4046113,-0.75027758,-0.95819628,-1.0213827,-0.87058323,-1.0306164,-1.1044476,-1.176131,-0.92019333,-1.462929,-1.0606375,-0.052911988,-1.2604252,-0.74946479,-0.863112,-0.69918239,-1.3641318,-0.8567013,-0.91724381,-1.1975206,-0.85969474,-0.97818045,-1.2384409,-0.96353972,-0.45736717,-1.1505492,-1.3715076,-0.79393108,-0.47678065,-2.0039201,-1.1979584,-1.7824333,-1.676811,-1.1909184,-1.2372415,-0.71326638,-0.83014081,-1.133374,-1.1098699,-0.95275915,-0.99205735,-1.1688943,-1.3145734,-1.0822995,-1.2165421,-0.96893386,-1.9641802,-1.0048411,-0.65324945,-1.9489427,-0.72557428,-0.31354598,-1.7511665,-1.2450346,-1.0139493,-0.30589505,-1.0583392,-0.35035721,-2.1708271,-0.41773284,-0.23281819,-0.73913476,-0.56971894,-0.27014949,-1.3312292,-0.24369553,-1.9634411,-0.57800441,-0.54607648,0.044738707,-1.6580473,-1.155859,-0.44704226,-0.90054696,-1.8181468,-0.36715659,-1.6730853,-1.8923593,-1.7684513
-1.121947,-0.93822468,-1.0179055,-1.1094105,-1.0835873,-1.0418231,-0.93978875,-1.74836,-1.0562452,-1.0714517,-1.1036499,-1.4563502,-0.63136351,-0.7798772,-0.9059242,-0.83379226,-1.0859123,-1.3637825,-0.85410331,-1.1593025,-1.2677519,-1.385224,-0.89062943,-1.2711155,-0.91656244,-0.96719059,-0.98844203,-1.403129,-1.2988095,-0.95060688,-1.2618191,-1.257063,-0.27489342,-1.3282097,-0.88504613,-0.94895439,-0.7868791,-1.2791882,-0.99241809,-1.0339617,-1.0880619,-1.0077108,-1.0883289,-1.3179835,-0.63926924,-0.55985517,-1.2575322,-1.1738752,-0.97711277,-0.65884966,-1.3270367,-0.98160194,-1.0251257,-1.8241034,-1.5410888,-1.1273011,-0.80758438,-0.728014,-1.1823912,-1.1504357,-1.173999,-1.004383,-1.132583,-1.3549397,-0.63932937,-1.2608334,-1.1616738,-2.140537,-1.1564903,-0.96135679,-1.8483552,-0.86629299,-0.27889901,-1.8837535,-1.3277681,-1.1065945,-0.11304074,-1.3246114,-0.50548599,-1.8937701,-0.68247969,-0.23446477,-0.78765165,-0.70940747,-0.030288404,-1.356372,-0.29330432,-1.8674521,-0.69952074,-0.69481032,-0.19239807,-1.8050654,-1.2921202,-0.49995006,-0.88965082,-1.757509,-0.33877526,-1.8698694,-1.8622911,-1.7812406
-0.98355763,-1.2568693,-1.0156871,-1.2707569,-1.2033444,-0.7989705,-1.0726102,-1.805791,-1.2684458,-1.0800592,-1.2605537,-1.3408939,-0.60606993,-0.70635123,-1.3046853,-1.025003,-1.124883,-1.1810593,-1.0416322,-1.299877,-1.219541,-1.4047868,-0.84207435,-1.3248697,-1.0851554,-0.97903958,-1.1126344,-1.4854841,-1.5780603,-0.97577933,-1.3051908,-1.3205333,-0.38187981,-1.3951999,-0.98084889,-1.0918879,-0.91889446,-1.4002281,-1.0888853,-1.0888734,-1.3816531,-1.1345552,-1.0609642,-1.4283442,-0.97817777,-0.68034464,-1.4203531,-1.4189553,-0.64542274,-0.67497174,-0.97603428,-1.2724972,-1.7989086,-1.6514071,-1.8866602,-1.282654,-0.95976323,-0.91878724,-1.2967505,-1.2722753,-1.2248547,-1.2935122,-1.2814418,-1.4753261,-1.4214385,-1.6924437,-1.2225131,-2.2355785,-1.2206934,-0.79907716,-1.8435005,-0.99517312,-0.27884146,-1.9133903,-1.3543206,-1.2217788,-0.2183722,-1.4843746,-0.71088709,-2.1184859,-0.88183977,-0.21475573,-0.70894109,-0.75032305,0.18392629,-1.370512,-0.59897814,-1.9725184,-0.86183236,-0.85633856,-0.52251979,-1.9127306,-1.4191115,-0.51412324,-0.88327915,-1.5500211,-0.081856181,-1.9964448,-2.0314748,-2.0252245
-1.2439151,-1.065784,-1.2161342,-1.1801884,-1.2250112,-0.79339385,-1.3601239,-1.8971609,-1.4927307,-1.3338561,-1.0172755,-1.2609331,-0.64047755,-0.82926454,-1.4366801,-1.201268,-1.3186066,-1.350292,-0.97179172,-1.5995593,-1.1338395,-1.3337243,-0.83651524,-1.3877444,-1.0981035,-1.1457139,-1.2711207,-1.5943135,-1.5405676,-1.0752105,-1.6134564,-1.2959316,-0.53945163,-1.5480231,-1.0631133,-1.1544232,-0.84977911,-1.4080326,-1.0417139,-1.1075535,-1.2971845,-1.0714557,-1.2332062,-1.3303188,-1.0722797,-0.53120819,-1.48459,-1.5592412,-0.75732619,-0.83289751,-1.8636169,-1.2873802,-1.7936136,-1.830753,-1.7607609,-1.5474282,-1.0230287,-1.1869734,-1.3465192,-1.3851092,-1.0880795,-1.4486697,-1.2022795,-1.4923176,-1.884789,-1.6718997,-1.2840793,-2.1912348,-1.3067336,-0.63679183,-1.8497487,-1.0197488,-0.43379412,-1.9986311,-1.2618599,-1.3070171,-0.7412612,-1.8039012,-0.82391982,-2.1488524,-0.84332048,-0.23041257,-0.75975595,-0.67332704,0.034146417,-1.3339249,-0.79239756,-1.974003,-0.86605151,-0.90661027,-0.75271166,-2.3294546,-1.4850444,-0.69395009,-0.92932783,-2.0486198,-0.12102792,-2.1150898,-2.0181803,-2.0039307
-1.4228455,-1.2760981,-1.3557418,-1.4132684,-1.3277376,-1.1716008,-1.3413854,-1.7293434,-1.4998569,-1.3746308,-1.1808423,-1.5417315,-0.70421571,-0.88312444,-1.4286924,-1.3762815,-1.4501196,-1.6052023,-1.1959011,-1.4791533,-1.4279445,-1.4274843,-1.1818528,-1.3868555,-0.98283369,-1.0789287,-1.2987385,-1.8601465,-1.6413192,-1.1348472,-1.6115185,-1.4023509,-0.5195059,-1.7076263,-1.0495432,-1.1557447,-0.82126556,-1.4692785,-1.1047771,-1.1772523,-1.3249303,-1.1277623,-1.3973797,-1.3595008,-0.84334825,-0.55707366,-1.4657847,-1.3084412,-1.0511368,-0.85054084,-1.4876914,-1.2766979,-1.0854783,-1.6389427,-1.916579,-1.4292195,-1.2076556,-0.83873139,-1.4017603,-1.4737069,-1.3026384,-1.7158839,-1.3473458,-1.5284035,-0.75447711,-1.8980276,-1.4718455,-2.4190612,-1.4448952,-0.95354458,-1.7824383,-0.99517312,-0.59497077,-1.8438057,-1.2808817,-1.2825839,-0.81072743,-1.9636645,-0.89970154,-2.0920793,-0.88365177,-0.22755149,-0.74105769,-0.98010141,-0.18551869,-1.3781622,-0.79440992,-1.8118577,-0.77510883,-0.85141067,-0.7633734,-2.5095343,-1.6273653,-0.80428474,-1.0130808,-2.0674221,-0.58705515,-2.1980117,-1.8818739,-2.2033053
-1.2470051,-1.2851325,-1.3605295,-1.5289884,-1.5290698,-1.2151115,-1.4050711,-2.2691788,-1.6429739,-1.4982365,-1.7259903,-1.698238,-0.632491,-0.78555149,-1.6120869,-1.4132188,-1.4573616,-1.4906852,-1.4385469,-1.40468,-1.5642636,-1.6475716,-1.1827903,-1.5890792,-1.0841019,-1.3019739,-1.3884359,-2.046753,-1.559647,-1.1679504,-1.5662641,-1.5843517,-0.54375073,-1.9472583,-1.125052,-1.2367089,-0.94243803,-1.6918667,-1.2595511,-1.3366449,-1.501298,-1.3159615,-1.4201622,-1.3505409,-1.1584434,-0.70828793,-1.3779393,-1.8123748,-0.97099145,-0.73707682,-1.6161399,-1.5397017,-1.5743899,-1.712566,-2.0768171,-1.4337211,-1.2410564,-0.98957563,-1.5283034,-1.5216449,-1.3779335,-1.4317256,-1.4705966,-1.6943233,-1.2973123,-2.1698596,-1.661311,-2.3833501,-1.4511084,-1.1025199,-1.6660744,-1.0380113,-0.62117654,-1.9308357,-1.3678759,-1.2499333,-0.56870234,-2.2299366,-1.1539497,-1.9171793,-1.0300185,-0.23100238,-0.88170685,-1.2071136,-0.1769411,-1.3952861,-0.74223293,-1.7760929,-0.83778941,-0.7671981,-0.67793966,-2.4365433,-1.8020693,-0.71844508,-1.115139,-1.7514358,-0.88692107,-2.0530214,-1.8788136,-2.2882265
-1.5611456,-1.4805175,-1.5026603,-1.4711502,-1.604899,-1.305476,-1.7154323,-1.7849163,-1.5111231,-1.510173,-1.4323945,-1.6536663,-0.74384537,-0.81218301,-1.6178923,-1.4878131,-1.4785816,-1.6388467,-1.2723357,-1.6714886,-1.8216128,-1.79936,-1.1317294,-1.6979127,-0.99017372,-1.4584022,-1.5144666,-2.1796672,-1.6322386,-1.1909087,-1.4517008,-1.6821089,-0.74428235,-2.0772737,-1.5179636,-1.4393446,-0.9580671,-1.6782148,-1.3323476,-1.5629357,-1.6616468,-1.5013693,-1.2854148,-1.4492425,-1.2610084,-0.79252432,-1.6042484,-1.699133,-1.2059984,-0.80863656,-1.9575634,-1.3466101,-1.0360595,-1.9989974,-1.7355405,-1.4539514,-1.3355131,-1.3974539,-1.675998,-1.6190877,-1.587647,-1.4990846,-1.6609084,-1.7820547,-2.540979,-2.1852311,-1.9441719,-2.3352814,-1.662704,-1.0039662,-1.5420146,-1.1636724,-0.6793944,-1.7339859,-1.5093921,-1.3272455,-0.76214063,-2.5317116,-1.2298306,-1.3793675,-1.0552655,-0.46347873,-1.018906,-1.1813802,-0.14088564,-1.4009589,-0.70061494,-1.6584819,-0.89223761,-0.50010025,-0.70799498,-2.25226,-1.8703254,-0.6389764,-1.2142127,-1.8899067,-0.77319756,-2.0658047,-1.7021406,-2.1056452
-1.4887447,-1.6128873,-1.6789171,-1.6987964,-1.6701252,-1.5137317,-1.759417,-1.7460259,-1.8409323,-1.5826767,-1.9682875,-1.682468,-0.9688458,-1.159634,-1.7272275,-1.7930976,-1.6753872,-1.7028306,-1.4633253,-1.6117656,-1.7485221,-1.8410863,-1.2840467,-1.2655322,-1.074644,-1.4309802,-1.6665734,-2.3354512,-1.8853808,-1.2593464,-1.7714337,-1.673094,-0.80257018,-2.2287107,-1.4808782,-1.5328602,-0.90753234,-1.4673317,-1.4335868,-1.4416866,-1.8333884,-1.5051951,-1.6192753,-1.4248941,-1.1861971,-0.80892495,-1.7756386,-1.5041931,-1.3835055,-0.87081929,-1.7006637,-1.5352169,-2.130021,-1.7098134,-1.918453,-1.8290149,-1.5213725,-1.3020026,-1.6817738,-1.8408816,-1.7171806,-1.5586424,-1.7332526,-1.7944331,-2.3123259,-2.4829402,-2.039104,-2.4091296,-1.7535886,-1.1739967,-1.2042296,-1.2910559,-0.81701902,-1.5787199,-1.7489948,-1.4259096,-1.0347687,-2.6027175,-1.044091,-1.3947797,-1.1686368,-0.72421462,-0.58138267,-1.0263965,-0.33827446,-1.4920148,-0.84145907,-1.5790928,-0.82736862,-0.2679663,-0.83776254,-2.6018957,-1.9727786,-0.7243717,-1.2802051,-1.9401666,-0.70316572,-1.7571801,-1.638922,-2.1816572
-1.2420938,-1.4955172,-1.7439553,-1.6617326,-1.8830349,-1.4558355,-1.8844255,-1.7475481,-1.5926416,-1.8217105,-1.5941341,-1.8680693,-0.94665381,-1.4024688,-1.6543127,-1.8546667,-1.7290109,-1.9761219,-1.5424214,-1.900671,-1.9290449,-1.82546,-1.5164674,-2.039071,-1.3029689,-1.6022496,-1.7839511,-2.5922908,-1.8132509,-1.365662,-2.0376665,-1.9533521,-0.7135334,-2.3156682,-1.5101052,-1.5505765,-1.0062488,-1.8244895,-1.5878223,-1.5250047,-1.8141706,-1.6538586,-1.6767422,-1.2990896,-1.4552122,-0.89253087,-1.7615261,-2.0016292,-1.2444735,-0.89387103,-1.5184788,-1.7634184,-2.0386213,-1.6747662,-2.1974395,-1.9819172,-1.5576032,-1.4222193,-1.6940246,-1.7668947,-1.7041702,-1.85676,-1.6761992,-1.8747797,-2.0156218,-2.4297767,-2.1801167,-1.7280794,-1.75575,-1.2370328,-0.93147576,-1.3995714,-0.86013889,-1.3686669,-1.691137,-1.4767839,-0.99950674,-2.5317116,-1.2020312,-1.2245431,-1.3639905,-0.78788488,-0.35899328,-1.2994876,-0.56327929,-1.5029839,-1.1115483,-1.2089554,-0.93749266,-0.61161333,-0.89701391,-1.7742065,-2.0736688,-0.88547627,-1.2905437,-1.3923952,-0.87018086,-1.6556366,-1.3705513,-1.8756048
-1.5224499,-2.0528977,-1.8176574,-1.7457081,-1.9134538,-1.6207633,-1.950008,-0.72998752,-1.7653278,-1.6917148,-1.478636,-2.0167442,-0.84190708,-1.1439035,-1.8647479,-2.0736805,-2.0020134,-1.9501127,-1.5670811,-2.0397056,-2.1355442,-1.7910915,-1.6958164,-1.8232325,-1.1845412,-1.6908282,-1.8865465,-2.5199744,-1.8846031,-1.4339247,-1.7586722,-1.977941,-0.72706869,-2.4765243,-1.6477548,-1.697434,-1.125972,-1.9068038,-1.6363281,-1.807127,-1.6741169,-1.8809025,-1.5017018,-1.1066066,-1.6929553,-1.1835253,-2.0809162,-1.8574369,-1.3142344,-1.0535721,-1.8975843,-1.6888209,-0.05501273,-1.2410327,-1.7578711,-1.877888,-1.5766115,-1.6337538,-1.7275974,-1.9955843,-1.7736293,-2.0150859,-1.7228702,-2.0250171,-2.2682195,-2.4755274,-2.4142204,-1.508118,-1.9270272,-0.9487888,-0.59165349,-1.5005207,-0.84316095,-1.0669859,-1.5754371,-1.5196969,-0.98669998,-2.5672146,-1.3921949,-0.70368214,-1.3376111,-0.98668657,-0.92421814,-1.9288823,-0.53183852,-1.5535053,-1.189314,-0.95651798,-1.0886334,-1.1419276,-0.89567536,-1.6680736,-2.054587,-0.92901518,-1.29888,-1.2765232,-0.98921601,-0.87854252,-1.074531,-1.7190811
-1.9511948,-1.6416944,-1.9648344,-1.9472569,-1.9651992,-1.8120478,-2.1831213,-0.84418028,-2.0782307,-1.8294197,-2.3515126,-1.9484745,-0.85262508,-1.1505974,-2.0437025,-2.0869331,-2.0563651,-1.860538,-1.7616535,-1.8474294,-2.2463926,-1.8242385,-1.6965507,-1.7430023,-1.2652706,-1.7542855,-2.0474511,-2.5636068,-1.9639344,-1.5117986,-1.8883494,-1.9077707,-0.8910346,-2.549976,-1.7577504,-1.9290225,-1.2265875,-1.9298943,-1.5809843,-1.9284675,-1.8588047,-1.8100991,-1.6669005,-0.97070858,-1.9015054,-1.3928976,-2.227107,-1.9543183,-1.4773477,-1.1644873,-2.1771748,-1.8093685,-1.1401949,-0.94469051,-1.5190403,-2.0599423,-1.7348497,-1.6511988,-2.0750283,-2.1403108,-1.8051685,-1.7349102,-1.9567843,-2.011048,-2.6171746,-2.2562715,-2.4477675,-1.1367001,-2.0732827,-0.92823331,-0.29757467,-1.6017705,-0.89559815,-0.68688217,-1.8345013,-1.5450067,-1.0670712,-2.4962087,-1.1301083,-0.51579361,-1.2612936,-1.224672,-1.0948085,-1.9076361,-0.39902793,-1.5988639,-1.172079,-0.57893192,-0.99066033,-1.1068337,-0.9626454,-1.5599063,-1.9235598,-0.86621187,-1.4081455,-0.96957959,-1.031618,-0.75572895,-0.77577882,-1.4309135
-1.881457,-1.738472,-1.9914343,-1.9375065,-2.0613577,-1.7640156,-2.1779467,-0.42672489,-1.8019612,-1.8667598,-1.7501782,-2.0687512,-0.915115,-1.6302565,-1.7881577,-2.0074234,-2.0999205,-2.3427803,-1.8428245,-2.0187986,-2.2156476,-2.0028394,-1.7925315,-2.1419924,-1.5934673,-1.739732,-2.1838105,-2.4376588,-2.0534033,-1.639218,-1.7658035,-1.6603424,-0.88052164,-2.3832854,-1.80272,-1.8858667,-1.3745719,-1.7127263,-1.8849704,-1.9496758,-1.9986341,-1.8814254,-1.8556772,-0.78746971,-1.681844,-1.4238268,-1.957896,-1.7167091,-1.6714611,-1.1868895,-1.8727894,-1.8638914,-0.70427521,-0.98619023,-1.585452,-1.9537648,-1.9569032,-1.7824151,-1.9526867,-1.9179246,-1.6335501,-1.6264839,-2.0945013,-2.0139477,-2.4110906,-1.9250092,-2.4448851,-0.59679096,-2.1304679,-1.2255539,-0.15772402,-1.7099414,-0.92122324,-0.38254923,-1.8479682,-1.5457064,-1.1346649,-2.0701733,-1.1798666,-0.37018611,-1.4097822,-1.2881418,-0.66136445,-1.8688252,-0.47085456,-1.4645683,-1.3321921,0.0091407399,-0.96243856,-0.91681409,-1.0852043,-0.66048299,-1.7610525,-0.87417332,-1.5917251,-0.81353676,-1.1907084,-0.51665345,-0.325801,-0.8422116
-1.7514624,-1.8948757,-2.1455117,-2.0973895,-2.0139337,-2.0627722,-2.1525434,-0.26633783,-2.0299619,-1.9627095,-1.9622735,-2.1358328,-1.070632,-1.677548,-1.9843096,-2.1524661,-2.1468928,-1.9823785,-1.6366834,-2.0558872,-2.1510943,-2.0097871,-1.8976218,-1.6471364,-1.5880397,-1.9576504,-2.1544763,-2.1830587,-2.0121174,-1.6745117,-1.9705345,-1.966998,-0.75277364,-2.190772,-1.7923121,-1.978862,-1.3621048,-1.8947244,-1.8502112,-1.819808,-2.0455699,-1.9864112,-1.9268678,-0.40474516,-1.5709794,-1.6533368,-2.1089526,-2.1675454,-1.7352912,-1.171606,-1.7752905,-1.9944534,0.048723084,-0.68197326,-1.3944578,-1.8248292,-1.7295609,-1.8822069,-1.9090556,-1.9873367,-1.8505269,-1.9218907,-1.9965956,-2.1668307,-2.1820322,-1.5828682,-2.2974206,-0.42528446,-2.1625923,-1.3603722,0.56933028,-1.8376695,-0.88928992,0.0058375575,-1.7746864,-1.5298879,-1.2243463,-1.6973923,-1.6492718,-0.0079399061,-1.6345041,-1.3641481,-0.78512404,-1.9906124,-0.69888015,-1.516411,-1.5125598,0.41393379,-1.1148195,-1.1133568,-1.1786837,-0.87372723,-1.5644783,-0.96963206,-1.6842284,-0.53408863,-1.3504713,0.099858207,0.10598077,-0.60268298
-1.8197548,-1.7296248,-2.0926588,-2.0953513,-1.9866672,-2.2859142,-2.0963579,-0.079507284,-2.0198087,-1.9313763,-1.8714837,-1.9864864,-1.3026119,-1.5217353,-2.1426461,-2.0920997,-2.0228336,-1.5832168,-1.7920051,-1.5811505,-2.3312285,-1.7300546,-1.8771656,-2.0623913,-1.5621622,-1.9800571,-2.1857059,-1.7220253,-1.951674,-1.6928927,-2.0275006,-1.9352513,-0.99466312,-2.0227201,-1.8687786,-1.9854938,-1.2954596,-1.9375769,-1.5605024,-1.7579563,-1.8967705,-1.9802986,-1.5274143,-0.23162907,-2.0163766,-1.856352,-1.89408,-1.6748811,-1.610633,-1.1302897,-1.6681586,-1.8898102,-0.47585411,-0.18182055,-1.003315,-1.9793392,-2.0988834,-1.9508719,-2.0473411,-1.8178444,-1.7669636,-2.0577809,-1.8874305,-2.0968878,-2.1904259,-1.112299,-2.1031254,0.049137167,-2.1702212,-1.3778245,0.24728897,-1.9208202,-0.9648305,0.28644788,-2.0595725,-1.5441042,-1.268287,-1.2891084,-1.7265754,-0.060596143,-1.7032377,-1.4282213,-1.2881566,-2.0116357,-0.86421976,-1.6458347,-1.560419,0.79693596,-1.1860607,-1.1243013,-1.2381379,-0.34851131,-1.1734369,-1.0134753,-1.6191126,0.18649755,-1.315321,0.077720141,0.41984097,-0.27167349
-1.5629875,-2.1026516,-1.8876264,-1.8553922,-1.7922721,-2.1082389,-2.0510521,1.1773343,-1.9855857,-1.737213,-1.5807111,-1.5471905,-1.3942987,-1.7507135,-1.4607454,-2.0311639,-2.0071527,-1.8470533,-1.8138444,-1.7307928,-1.9414192,-1.7375591,-1.7712398,-2.0291769,-1.796088,-1.8878595,-2.0936898,-1.1826573,-1.909618,-1.8213737,-1.8254148,-1.646765,-1.137075,-1.5502245,-1.7035305,-1.9680557,-1.4603632,-1.6380168,-2.1586919,-1.7316727,-1.6343955,-1.7677252,-1.6123279,-0.067758632,-2.1418538,-1.8704229,-1.8003226,-1.8145649,-1.7341661,-1.2804719,-1.9333433,-1.9257132,0.52586518,0.041145017,-0.6906748,-1.2836669,-1.7148509,-1.8055552,-1.9649807,-1.7714289,-1.6500436,-1.6867679,-1.9523265,-1.8472235,-2.1644801,-0.62868402,-1.8770823,0.33933537,-2.0143108,-1.4315549,0.93645999,-1.8713694,-1.1142478,0.56434769,-2.179838,-1.6328329,-1.335924,-0.93407891,-1.6083704,0.049118471,-1.6770249,-1.5017669,-1.3345034,-2.4026522,-0.92543852,-1.5075231,-1.6294781,1.1532698,-1.2780785,-0.63091696,-1.311662,-0.069974211,-0.64637223,-1.0534537,-1.557851,0.18891511,-1.2073897,0.4159264,0.55780729,0.043212308
-1.4381696,-1.3989201,-1.9263239,-1.8460876,-1.580074,-2.1224856,-1.802704,0.73347594,-1.7244608,-1.8744234,-1.5556297,-1.6836213,-1.3316191,-1.990933,-1.7978484,-1.8833279,-2.0073806,-1.6819993,-1.5141021,-1.6191702,-1.5425392,-1.6639753,-1.6629641,-1.2298643,-1.7979178,-1.8733188,-1.9738504,-0.8519289,-1.704815,-1.8415655,-1.7608529,-1.7517142,-1.0150152,-1.1347029,-1.5778579,-1.8771463,-1.6102179,-1.7444979,-1.8949871,-1.674876,-1.3429893,-1.4316559,-1.6619347,0.14492215,-2.0269626,-2.2614426,-1.464235,-1.5073572,-1.9516243,-1.4578255,-1.4896118,-1.8336293,0.24477767,0.26965257,-0.48888243,-1.4264365,-1.7751271,-1.7426318,-1.738151,-1.4208218,-1.4334016,-1.4645761,-1.5933899,-1.7563754,-1.7266159,-0.19758705,-1.5394675,0.5951183,-1.7348827,-1.4836421,0.50760041,-1.7291684,-1.1620867,0.76388319,-2.021338,-1.6235171,-1.4715307,-0.43703761,-1.6628022,0.24305585,-1.7826278,-1.6480837,-1.267791,-2.1440318,-0.92040642,-1.4002917,-1.7536262,1.3466296,-1.3766805,-0.41757296,-1.4525965,-0.1522794,-0.29916933,-1.1475499,-1.6148191,0.52785912,-1.1992221,0.42419506,0.66172383,0.42843503
-1.3597793,-1.116141,-1.707235,-1.7779234,-1.329047,-2.1131536,-1.4675531,0.65012589,-1.6564068,-1.6583345,-1.1898148,-1.5096744,-1.3642305,-2.086291,-1.4780957,-1.5725866,-1.5996686,-1.460829,-1.4983458,-1.7977861,-1.392594,-1.4605276,-1.5371582,-1.372587,-1.6160417,-1.6835565,-1.6681437,-0.29880549,-1.3393562,-1.790643,-1.5130674,-1.4279413,-1.3691058,-0.71965149,-1.3327342,-1.6102913,-1.6205738,-1.4329895,-1.5886635,-1.3019642,-1.1656694,-1.2489468,-1.2214505,0.42255456,-1.9896808,-2.453607,-1.0480598,-0.99970388,-1.7901028,-1.4537981,-1.1507331,-1.6618298,0.67993176,0.48887294,-0.11740004,-1.4780689,-1.6744488,-1.4715216,-1.3949086,-0.99477631,-1.0455713,-1.3867518,-1.4014487,-1.5338703,-1.1703102,0.074202562,-1.1415042,0.81456139,-1.4720145,-1.6023814,1.1303664,-1.6523203,-1.1577271,0.92430946,-1.7997254,-1.4694138,-1.4948522,-0.099759592,-1.6506724,0.1795893,-1.9968716,-1.7058362,-1.5021425,-1.6618146,-0.88177787,-1.3866241,-1.8152875,1.5805981,-1.3227071,-0.83858138,-1.6413078,-0.10986013,0.033866505,-1.1570454,-1.6866895,1.0165503,-1.2519025,0.69321939,0.74204524,0.41907598
-0.81603422,-1.3825585,-1.4208117,-1.202581,-0.89651814,-1.9369656,-1.2232884,1.1787742,-1.5422498,-1.206337,-1.0205255,-0.86883463,-1.5447106,-2.0731697,-1.2309291,-1.3058619,-1.2477127,-1.297685,-1.2834369,-0.57250426,-0.94051585,-1.1407161,-1.2909562,-1.0862407,-1.7217674,-1.4389982,-1.1974179,0.19869091,-1.2274244,-1.8774667,-1.4169127,-0.93965752,-1.4847764,-0.22867963,-1.1428383,-1.4227857,-1.6907146,-1.2871992,-1.7734619,-1.0401643,-0.90722241,-0.92451407,-1.0313656,0.53402642,-1.815479,-2.2074149,-0.89517518,-1.0499143,-1.6197654,-1.5607523,-1.0781561,-1.3425104,0.9286012,0.50861388,0.25205028,-0.78744939,-1.3307911,-1.4031687,-1.3243972,-0.73744766,-0.95910861,-1.1050826,-1.3560129,-1.144208,-1.2692843,0.24453867,-0.81260151,0.51347237,-1.1195179,-1.6619765,0.63644585,-1.6688235,-1.2233045,1.1767835,-1.5894695,-1.4156322,-1.5713908,-0.099759592,-1.6973094,0.37773484,-2.0563716,-1.6867905,-1.6399716,-1.9393573,-0.94323662,-1.2240926,-1.8171945,1.6579084,-1.3948869,-1.1334201,-1.7848404,0.32801368,0.43856506,-1.1378484,-1.6487589,0.98695918,-1.3806293,0.67814222,0.7688022,0.50986322
-0.61959996,-1.0009164,-1.2455294,-0.75234162,-0.55237603,-1.7960732,-0.78604128,1.079006,-1.11003,-0.98843838,-0.40816705,-0.80272275,-1.6770709,-1.911572,-0.79822123,-1.002047,-1.0342535,-0.55792946,-1.0092683,-0.36223781,-0.62262725,-0.98502676,-1.0182203,-0.68922668,-1.8776349,-1.1539,-0.98878535,0.34851283,-0.93414898,-1.8989846,-1.3203423,-0.77476477,-1.0221708,0.10805214,-0.9810673,-1.0420614,-1.7210371,-1.2158426,-1.4500595,-0.7638732,-0.5020325,-0.49763379,-0.56222713,0.35755296,-2.0673586,-2.2577907,-0.49069907,-0.51484779,-1.6608119,-1.7141015,-0.77372316,-1.0113174,0.57304095,0.81440337,0.153349,-0.60358092,-1.2737656,-1.1494597,-0.82439899,-0.36325566,-0.65108539,-0.60325177,-0.95886457,-0.80359528,-1.1404064,0.51297591,-0.49507519,0.7409389,-0.67855046,-1.5269134,0.74346321,-1.6354704,-1.3407032,1.0195918,-1.4506705,-1.4220463,-1.8626604,0.36177876,-1.8386968,0.13241327,-1.9378809,-1.7057193,-1.5339625,-1.8722725,-1.2015819,-1.0355959,-1.8183641,1.5706004,-1.6385415,-0.92595138,-1.8723492,0.21190219,0.55741685,-1.2149863,-1.5526325,1.0381347,-1.6770096,0.47881179,0.88773093,0.73711529
-0.48986109,-0.45116437,-0.88839617,-0.49988437,-0.26007503,-1.5180592,-0.38868829,0.94114932,-0.71823834,-0.67382704,-0.09337209,-0.32872716,-1.7169963,-1.8444634,-0.023287827,-0.53302166,-0.58500925,-0.38096737,-0.63407808,-0.43257802,-0.14431619,-0.61658787,-0.70704915,-0.37195083,-1.7415771,-0.664543,-0.63066609,0.58371481,-0.44911507,-1.7790234,-0.93720522,-0.40595796,-1.2474663,0.3221329,-0.2403431,-0.65191227,-1.6819537,-0.68493209,-1.262174,-0.34104548,-0.1439111,-0.15127407,-0.14094272,0.52821483,-2.1749792,-2.1794258,-0.017316799,-0.29834696,-1.5337532,-1.7409582,-0.5202207,-0.67271665,1.2316066,0.9045377,0.13985183,-0.24978571,-0.66548051,-0.75586538,-0.31298538,0.01113692,-0.29491825,-0.28381611,-0.48330417,-0.43019413,-0.22604982,0.70515466,-0.17519287,0.82628155,-0.24605327,-1.5467346,0.65923206,-1.4814734,-1.4862591,1.0565467,-1.2929073,-1.3089213,-1.9504453,0.52154203,-1.8025962,0.12277799,-1.8794116,-1.7776833,-1.566857,-1.5546911,-1.4695271,-0.88889497,-1.8307318,1.4357052,-1.6768466,-0.8273845,-1.8906598,-0.0074185574,0.83684083,-1.2789714,-1.4598861,0.90506531,-1.9131597,0.62165802,0.93061314,0.65138486
-0.15566953,-0.11216043,-0.4777579,-0.037612581,0.051493625,-1.4170015,-0.070863958,1.0895865,-0.3009326,-0.31351342,0.26725716,-0.13563526,-1.7519345,-1.8266953,-0.47024091,-0.10067188,-0.23800356,-0.31140389,-0.21875523,0.27759356,0.32856278,-0.11334789,-0.5545525,0.049284624,-1.471459,-0.39578689,-0.11764925,0.73279471,-0.25494183,-1.7076467,-0.60076418,-0.021661904,-1.7114988,0.49457595,-0.14656932,-0.38674254,-1.6996601,-0.37072444,-0.6652126,-0.16280014,0.20306092,0.19643811,-0.044415415,0.4617568,-1.5897112,-1.9632911,0.20345441,0.12887592,-1.3233466,-1.8769725,-0.20525277,-0.21615671,1.0433243,0.84133469,0.55046178,-0.022740876,-0.69212143,-0.56482037,-0.1590169,0.3764232,0.085521008,0.01852978,-0.044625343,-0.12211469,0.29834944,0.55388315,0.07494074,0.52163904,0.17242743,-1.8137025,0.59201056,-1.3321717,-1.6275197,0.97452859,-1.0361691,-1.1463607,-1.7486006,0.64580235,-1.7805361,0.58685644,-1.9154266,-1.8693132,-1.7309945,-1.3011939,-1.496398,-0.67086707,-1.8100596,1.3710045,-1.5463976,-1.096835,-1.7787761,0.38776298,0.86219204,-1.3087057,-1.318757,0.77315071,-1.8040762,0.58121424,0.89278808,0.50753165
0.11285306,-0.12544132,-0.099044326,0.31936744,0.33432175,-1.2032011,0.15871901,1.1170872,-0.23294287,0.048131147,0.45376032,0.14102395,-1.7530924,-1.7047513,0.15580858,0.10165556,0.048785229,0.35315849,-0.063673391,-0.17472507,0.5698652,-0.11708515,-0.21021234,0.29082207,-1.3423815,-0.17948173,0.14001755,0.76716593,-0.12825842,-1.5758465,-0.2067461,0.30652853,-1.5263077,0.66650334,0.034652327,-0.024739535,-1.6466202,-0.23453134,-0.17822508,0.24012595,0.6738644,0.36145691,0.40790194,0.36351216,-1.3725735,-1.8399026,0.27883112,0.37943089,-1.2214091,-1.9752459,-0.026608191,0.052871572,1.5802281,0.99911654,0.54731812,0.39847713,-0.25276116,0.058797055,0.28844589,0.45803705,0.37741574,0.30979707,0.13144175,0.18942908,0.22685559,0.5666342,0.30021044,0.69541518,0.48751637,-1.8438218,0.46852759,-1.259456,-1.6469463,0.97208583,-0.72906394,-0.93081787,-1.7054109,0.27302138,-1.8251665,0.434799,-1.8455069,-1.8583761,-1.7196664,-1.0164506,-1.4124957,-0.50035903,-1.6991048,1.1873345,-1.4945179,-1.2912432,-1.7101998,0.14009821,0.86332303,-1.3269767,-1.1241276,1.1705092,-1.6385741,0.24988203,0.82587454,0.54840182
0.59185826,0.38430511,0.18898706,0.61618064,0.52700648,-0.48419464,0.39615348,0.81479883,0.30359266,0.36884819,0.34082814,0.66481739,-1.7430616,-1.5924942,0.59327217,0.42403295,0.27357824,0.31504798,0.18070968,1.0226472,0.99913614,0.2353696,0.23040657,0.69879606,-1.4278667,0.37501079,0.34385896,0.78733714,0.17804408,-1.3088118,0.0089491559,0.56240864,-1.4788375,0.66158288,0.607216,0.34190604,-1.5376434,-0.086409319,0.036122577,0.31242077,0.70463673,0.52481618,0.64344005,0.313566,-1.2477559,-1.5235893,0.67502424,0.47460243,-1.046124,-1.8498089,0.29905385,0.56208966,1.2905714,0.70654447,0.31909548,0.67979006,0.077724652,0.046509576,0.48422411,0.68402413,0.46232903,0.61014797,0.34893485,0.4492385,0.39090723,0.76992444,0.40394604,0.64173935,0.72219379,-1.6124579,0.29239018,-1.1468225,-1.5591661,0.79756973,-0.41531947,-0.67493262,-1.8033503,0.50379055,-1.6447633,0.27736456,-1.658135,-1.7377167,-1.6684945,-0.97927654,-1.56781,-0.30486991,-1.54577,0.97515895,-1.4416409,-1.383113,-1.8413478,0.21024603,0.73373806,-1.301223,-0.9834759,0.52910902,-1.802632,0.41374225,0.71323405,0.48530713
0.71814721,0.52268112,0.4565955,0.74958163,0.63982191,-0.2469919,0.60075948,1.3428101,0.46398306,0.56313559,1.0665267,0.51545957,-1.8213353,-1.4081611,0.79327638,0.65213763,0.41882652,0.62621748,0.40228251,0.62304847,0.96786185,0.42662174,0.20546223,0.76111322,-1.3991789,0.49110358,0.57523285,0.69326988,0.51285171,-1.1428573,0.12270819,0.60510941,-1.6883493,0.63379278,0.48034294,0.53080641,-1.5190506,0.27393778,0.41654386,0.53646954,0.63686847,0.78185211,0.52700599,-0.023153428,-0.88125119,-1.3561556,0.65510886,0.60646546,-0.68745478,-1.8544701,0.19431966,0.70087985,0.75051788,0.64984516,0.50850911,0.73841557,0.04161385,0.045872935,0.81593643,0.78140676,0.76958732,1.1890136,0.65345523,0.51023832,0.71562147,0.50183663,0.46492757,0.5767863,0.87896307,-1.5420541,0.63852363,-0.91981039,-1.5406761,0.80532536,-0.20284251,-0.51149014,-1.7723573,0.30852433,-1.4238097,0.39086427,-1.5094832,-1.7291486,-1.7355071,-0.70625453,-1.9120904,-0.042425979,-1.4566662,0.90662467,-1.3426498,-1.6018684,-1.8897977,0.32263201,0.74286369,-1.3009373,-0.91710525,0.65706782,-1.9967517,0.34924394,0.63487012,0.44250036
0.65506268,0.64022824,0.68388928,0.87424134,0.72894939,-0.21486007,0.50987172,0.60501942,0.49706412,0.71850792,1.0429154,0.87494502,-1.8324035,-1.0672233,0.88352643,0.77169086,0.6427489,1.0197581,0.68322934,1.0621585,0.83333595,0.48868196,0.44585189,0.95658979,-1.1230322,0.55337516,0.68770474,0.71144116,0.42906062,-1.026722,0.64379153,0.92062107,-1.5859912,0.55831471,0.88051888,0.52389908,-1.4401019,0.38104229,0.548315,1.0895203,1.1166565,0.85574991,0.96391793,0.2423185,-0.6872476,-1.0186789,0.68048762,1.0355295,-0.37534271,-1.9398877,0.70179318,0.94692677,0.97756667,0.78087253,0.62449724,1.0779522,0.47523099,0.48199057,0.93325722,0.80419809,0.90868507,0.89323066,0.92827746,0.64912288,0.77004117,0.42562598,0.50599689,0.58165316,0.85769667,-1.5475049,0.35734784,-0.7424242,-1.6107753,0.78101338,0.00030511646,-0.33627523,-1.6900836,0.43278466,-1.3921949,0.4275324,-1.3934261,-1.7281054,-1.6472869,-0.30337161,-1.9972442,0.011476354,-1.4365454,0.80631102,-1.3243083,-1.6551462,-1.725754,0.44521874,0.71255677,-1.3134505,-0.76622029,0.67812941,-1.816844,0.34486122,0.58140712,0.41950302
0.75182204,0.83679803,0.90009814,1.0046299,0.74235551,0.17800355,0.5699061,0.87274247,0.86968963,0.90008507,0.84210931,0.71134621,-1.6011439,-0.73239867,0.9873342,0.91439267,0.68399842,0.81318743,0.59287,1.1361201,1.2204373,0.6563782,0.60619663,0.88487032,-0.88907817,0.77381467,0.74875446,0.58582127,0.7831202,-0.74848478,0.57088896,0.91369914,-1.3635632,0.53485272,0.83146028,0.71934155,-1.2364728,0.6539539,0.66836473,0.83278792,0.66957454,0.86800457,1.1173067,-0.0023966644,-0.40212389,-0.47368223,0.71907747,0.9076036,-0.295424,-1.6467192,0.67189094,1.0049973,1.1415881,0.81487211,0.59734396,0.96626768,0.80391968,0.775385,0.86988103,0.77813236,1.0654491,0.98472203,0.90349566,0.74644297,0.86562574,0.68719628,0.57274747,0.6270132,0.89469716,-1.3193132,0.3773856,-0.75550708,-1.6279842,0.79397353,0.21511179,-0.066463197,-1.6295457,0.36177876,-1.3604156,0.54130425,-1.2328683,-1.5460373,-1.3875588,-0.012646325,-1.7388993,0.10149345,-1.4095046,0.79696583,-1.2979785,-1.4481861,-1.6544786,0.38708037,0.56798877,-1.349907,-0.43579614,0.5179102,-1.5127925,0.29218133,0.55860979,0.42099329
1.0983434,0.91334864,0.94101132,0.89485371,0.69689598,0.15326628,0.68246625,0.5123191,0.93148206,1.047931,0.94017243,1.0102798,-1.3414148,-0.6140476,1.1383853,0.80432214,0.703198,1.0338337,0.94003279,0.91592227,1.0759235,1.0051381,0.74692934,1.3254705,-0.58593046,0.78654607,0.69003713,0.5514357,0.6607407,-0.45905543,0.63745733,1.1957627,-1.3902638,0.48213908,0.88194502,0.83719421,-1.0722291,0.51985868,0.77296784,0.81900637,1.1391991,0.82624508,0.86714949,0.0079621215,-0.20059631,-0.34465464,0.72019,1.0428804,-0.14324557,-1.2572351,0.85378659,1.0275423,1.5299044,0.87359903,0.61482105,0.99012207,0.91850262,0.56919094,1.0163635,0.8654643,1.0118724,1.200026,0.97048627,0.65568343,1.0802876,0.50331669,0.51675065,0.64005163,0.93045816,-0.98673594,0.36620057,-0.80982392,-1.6003671,0.64513762,0.2955633,0.13638832,-1.5751586,0.37953023,-1.2001781,0.56743513,-1.0243483,-1.4591025,-1.3096055,0.169673,-1.5818148,0.25839805,-1.2618154,0.60693675,-1.1485216,-1.4093576,-1.6172059,0.47891035,0.55329732,-1.415896,-0.062335482,0.54165506,-1.4638601,0.41368828,0.51887426,0.44422195
1.2792478,0.97374424,0.94947477,0.98149708,0.70678671,0.34652261,0.52126002,0.72490422,0.77660642,1.0429636,0.98393905,0.84586816,-1.2219698,-0.62365533,0.98232369,0.80127314,0.78272938,1.0255161,0.98085243,0.95371796,0.95540079,0.91308968,0.7264539,1.12168,-0.30253136,0.76038414,0.7538737,0.62029303,0.77236099,-0.28540927,0.74980074,1.0438362,-1.5852681,0.38860263,1.0550705,0.74033281,-0.96042602,0.67703155,0.87175677,0.90212204,1.2432912,0.78078015,1.1099007,0.025180826,-0.071597842,-0.17375591,0.65602258,0.91986476,0.12981266,-1.2498011,0.67685205,1.1916636,0.84768163,0.23948804,0.47970538,1.1601625,1.1074806,0.91358627,1.0748939,0.73073193,0.88326502,1.136819,1.0221354,0.58777003,1.0445707,0.56406933,0.51725614,0.63360328,0.74775761,-0.77435838,0.32036467,-0.6267914,-1.6350744,0.66608905,0.40503821,0.26325697,-1.5344025,0.29077286,-0.91863234,0.6340361,-0.76864001,-1.4107518,-1.3196536,0.091329657,-1.716598,0.1373443,-0.91441063,0.64409607,-1.0493542,-1.5045071,-1.3332645,0.62107045,0.63970949,-1.3828838,0.14745944,0.47090802,-1.5593601,0.091295443,0.54622788,0.49148377
1.0563155,0.85505655,0.99893277,0.89402279,0.61881583,0.5602158,0.42960377,1.088469,0.95722736,0.89953366,0.97699854,0.64720847,-1.1242385,-0.30255211,1.0010214,0.69083304,0.75175976,1.0324445,0.77388907,0.78110657,1.0877,0.77285866,0.82563918,0.85714374,-0.3777073,0.77982162,0.77482939,0.54671487,0.94044421,-0.16207785,0.81657222,1.0235478,-1.5155297,0.39941234,1.0051729,0.75741592,-0.82814727,0.89186799,1.0227698,0.79193508,0.77798058,0.72518763,0.94822195,-0.046041074,0.031612797,0.20482204,0.53604253,1.1408321,0.28452149,-1.2151296,0.89891601,0.96885533,0.7667604,0.97886007,0.46921327,1.015825,0.77580526,0.95468886,0.98014325,0.5854085,1.1871739,1.1377805,1.0770498,0.60879144,0.70439676,0.60573608,0.51176246,0.45195683,0.67615078,-0.6432177,0.35763806,-0.20322652,-1.6498041,0.63825042,0.45540189,0.43954788,-1.3859806,0.5392935,-0.68591581,0.6102504,-0.51129373,-1.1634273,-1.1003919,0.25028041,-1.7979588,0.10318456,-0.52657305,0.43638846,-0.98199143,-1.3606741,-1.0711115,0.57921611,0.53078,-1.4170395,0.20885403,0.46793846,-1.5239157,0.48129658,0.46277437,0.34982511
0.99464566,0.9168316,0.94897463,0.69172868,0.59308291,0.43173761,0.36043331,0.77410833,0.84270652,1.0279334,0.81587327,1.171734,-1.0325074,0.11621277,0.83163539,0.61021074,0.63880201,1.1787538,0.87522053,0.95437031,0.86271594,0.96660043,0.98929816,0.82838041,-0.32970261,0.67836334,0.66528731,0.59147075,0.73659176,-0.1510679,0.6982016,1.1544901,-1.157178,0.39393721,0.92835156,0.70839631,-0.62651442,0.76912619,1.0639148,0.88963177,0.93665667,0.65159462,0.90597994,0.31519173,0.080364427,0.29904266,0.66836543,0.85017406,0.364611,-0.92686749,0.77225822,0.84461754,0.56568218,0.84852437,0.63920536,0.94281447,1.052794,1.0054228,0.94649985,0.65586063,0.893563,1.1240111,0.97306995,0.66036694,0.84998655,0.57315027,0.44605113,0.75507765,0.71573034,-0.51982583,0.32480464,0.18067076,-1.47202,0.60022936,0.54207991,0.62767038,-1.1421926,0.30852433,-0.66794346,0.60248655,-0.30956399,-0.90741874,-0.90045831,0.38726526,-1.6296142,0.25942847,-0.39644392,0.4173406,-0.69182456,-1.1107051,-1.053257,0.69960986,0.52132135,-1.4538743,0.29907317,0.59913278,-1.3369984,0.19183897,0.38710092,0.44492622
1.1167,0.78953567,0.82744347,0.6479818,0.60875104,0.43292827,0.38969564,0.70870558,0.59997909,1.026368,0.7779003,0.54904041,-0.93561726,0.055411688,0.90998926,0.7091267,0.58432399,0.74439326,0.7783658,0.49887536,0.73644627,0.87115019,0.79614569,0.77034371,0.1143453,0.64906624,0.62539553,0.73227223,0.72598397,-0.13861278,0.64807318,0.89138749,-1.026275,0.39690711,0.82209831,0.67710308,-0.38726802,0.69865802,0.87277644,0.77246854,0.70713413,0.65550067,0.80929904,0.21896092,0.21287398,0.31969949,0.68619346,0.78688814,0.40489234,-0.7684571,0.6498631,0.77949209,1.0846257,0.27915647,0.49066668,0.86369756,1.0120119,1.0377656,0.85434159,0.60165239,0.72847378,1.0165527,0.92998056,0.42151345,1.2178231,0.61750989,0.46327016,0.64087958,0.69377634,-0.41192015,0.13541346,0.31912124,-1.1759175,0.51806721,0.73676461,0.74825551,-0.93927964,0.62805088,-0.51272154,0.50072533,-0.13196163,-0.71621062,-0.93434224,0.25792917,-1.4509832,0.28884496,-0.50146707,0.39732821,-0.43398086,-0.9906629,-0.94570387,0.91670757,0.4875235,-1.1305481,0.4815012,0.47387851,-1.1101437,0.32476525,0.49854746,0.30543753
0.89990447,0.81599558,0.78173448,0.58824562,0.56287954,0.31104039,0.42090655,0.79153338,0.83157962,0.91264163,0.81860661,0.79365876,-0.69685446,0.066442751,0.84624751,0.65098901,0.66918217,0.81744116,0.7959889,0.82314511,0.85793997,0.75099477,0.63808687,1.0531116,0.27374261,0.62812588,0.64566147,0.63572084,0.67048807,0.11033553,0.76961676,1.0221172,-1.1042243,0.42166085,0.83763418,0.5996245,-0.25290086,0.77491053,0.67065337,0.7469912,0.88868946,0.52495374,0.8630134,0.30766391,0.3354064,0.5891394,0.55904631,1.0158116,0.40548486,-0.54259414,0.63881629,0.743938,1.0573685,0.46947185,0.3388896,0.7572688,0.72443783,0.80607371,0.73572487,0.60567876,0.94516327,0.95049934,0.84903207,0.42654404,0.76010925,0.5857523,0.47779571,0.5253825,0.65056269,-0.27226538,0.24938564,0.33351818,-1.0049538,0.64637147,0.67149855,0.83209959,-0.67225032,0.57479645,-0.10169069,0.60955938,0.035054082,-0.58176337,-0.76519269,0.42929196,-1.4278371,0.37561229,-0.45028828,0.27774806,-0.57437581,-0.86473975,-0.6480925,0.69036064,0.42475336,-0.8433083,0.61783845,0.50290558,-0.89923946,-0.05405613,0.45849862,0.31988394
0.75355753,0.76457052,0.71188769,0.66833144,0.60347036,0.46511094,0.38012997,0.70991321,0.48951411,0.6238852,0.47230255,0.78513749,-0.37407899,0.42332142,0.64582257,0.62584063,0.63540721,0.88087733,0.68323507,0.76074078,0.78104814,0.69887641,0.60042026,0.66660903,0.17509953,0.50539457,0.61850929,0.61228671,0.79568292,0.26845744,0.76849867,0.8441698,-0.82270643,0.38075173,0.7933129,0.52901871,-0.15906052,0.84246016,1.0432044,0.66540339,0.9200951,0.56875127,0.76800848,0.53138597,0.47743425,0.78199311,0.56085022,0.78087507,0.40420162,-0.20504068,0.67025023,0.67335291,0.50308411,0.55390315,0.51168528,0.57539129,0.95483584,0.85119391,0.7186939,0.53661635,0.59859893,1.0063636,0.76882158,0.60489586,0.46583469,0.53046861,0.50613804,0.66578504,0.65600825,-0.056057664,0.25877551,0.43707074,-0.9702992,0.51211797,0.63718316,0.89968645,-0.36513353,0.6102994,0.063954259,0.71631595,0.14215881,-0.44252605,-0.31750385,0.51751195,-1.4234267,0.45706007,-0.13146598,0.3563615,-0.63900538,-0.66534071,-0.46395201,0.78867598,0.29269957,-0.79132007,0.6520107,0.65981579,-0.7352989,0.2627474,0.38337416,0.34194301
0.93003195,0.49983047,0.64823767,0.66425224,0.53784661,0.80842949,0.36076989,0.48996558,0.3744976,0.77580761,0.54607445,0.34467449,-0.13286473,0.45323058,0.69677522,0.6350268,0.5926714,0.57845734,0.54214163,0.50969389,0.84238011,0.64589389,0.75238309,0.33452822,0.32060039,0.51614047,0.60603772,0.73885847,0.61386604,0.19691003,0.84822455,0.7521887,-0.36660368,0.46693248,0.64607175,0.61907775,0.025740575,0.70444584,0.84760635,0.52013208,0.74580973,0.72005592,0.57859233,0.41760631,0.53826973,0.65391305,0.65964585,0.80101238,0.35692385,-0.1419683,1.0374359,0.50527636,0.95328821,0.74572117,0.58297709,0.6607389,0.63820354,0.82394606,0.65853318,0.53257847,0.55621742,0.89310823,0.75621834,0.52182373,0.91208319,0.55388283,0.52307572,0.42517263,0.69737415,0.13796641,0.11292647,0.62131362,-0.88095065,0.47815973,0.77934611,0.96995844,-0.26430783,0.57479645,0.082614311,0.66526458,0.22580665,-0.20704617,-0.12712004,0.40467528,-1.3124234,0.24608338,0.069685738,0.22353753,-0.11974766,-0.53173869,-0.44029382,0.87630152,0.4149625,-0.51434893,0.70056931,0.38413318,-0.62115511,0.12352279,0.4624378,0.21074101
0.9151704,0.65676993,0.69262451,0.52641713,0.51812293,0.75977671,0.31933386,0.78993928,0.72580573,0.9005532,0.71132841,0.78651213,0.013063599,0.30669245,0.69267685,0.62785003,0.62951558,0.78842673,0.64059169,0.69827638,0.81268712,0.65245631,0.71155734,0.57657724,0.47897163,0.50937568,0.63942927,0.65059694,0.54969375,0.3415912,0.63313586,0.77935123,-0.3125244,0.48418504,0.58251883,0.5918086,0.14107311,0.72742393,0.49511649,0.7012037,0.65805635,0.5729603,0.83727355,0.48482066,0.48987919,0.64801647,0.70940886,0.65621393,0.36216982,0.032076295,0.43305326,0.66254685,0.45419824,0.54018362,0.50136524,0.88335663,0.80321316,0.7131084,0.68489,0.6359821,0.69009435,0.65362024,0.65609937,0.5714113,0.93517011,0.69972902,0.49089689,0.56961246,0.72206868,0.23100576,0.17071638,0.68981965,-0.73201572,0.34186576,0.67812924,1.0676785,-0.24073059,0.25526991,0.23760718,0.70036838,0.34369036,-0.026462658,-0.12393914,0.51198192,-1.1325473,0.1670573,0.045052045,0.218878,0.35123945,-0.4564117,-0.37801159,0.83114476,0.36965221,-0.22593269,0.82486954,0.68218534,-0.45901969,0.029316117,0.52128288,0.19134602
0.77815786,0.57289019,0.56480838,0.54798041,0.59629696,0.55031466,0.39643818,0.50126724,0.56427401,0.51607342,0.34545408,0.48572658,0.13762721,0.35921726,0.81807675,0.67701916,0.63588582,0.63660987,0.50922627,0.19078711,0.65457535,0.64119884,0.46213547,0.72304696,0.47730162,0.44309433,0.64645492,0.60937563,0.75667855,0.47335575,0.65397945,0.68220534,-0.212619,0.46930643,0.65238373,0.50106959,0.17093826,0.59631786,0.76566684,0.82642646,0.4053932,0.50084141,0.42243563,0.56905186,0.51794475,0.81655292,0.61547611,0.6961819,0.44092194,0.38084395,0.65715862,0.60770289,1.1989698,0.66707285,0.44552905,0.57993723,0.80865492,0.60449921,0.70924256,0.53099612,0.62736479,0.88646385,0.81248661,0.58367184,0.63411733,0.50941901,0.55358738,0.63776834,0.74480756,0.31626444,0.10999838,0.62938654,-0.63995015,0.40103811,0.55736698,1.0497882,-0.050920263,0.6102994,0.17479318,0.34767801,0.42858907,0.11703627,0.094417909,0.57732858,-0.92964111,0.34107174,0.12483771,0.21645073,0.18562812,-0.29351677,-0.17973792,0.79840024,0.15175597,-0.13825608,0.92153559,0.75604449,-0.19245738,0.040023614,0.54289555,0.35677577
0.75508833,0.61484244,0.49460019,0.62124967,0.52432868,0.48885185,0.382826,0.64551575,0.66095832,0.84117045,0.59041937,0.68113477,0.30735216,0.36960693,0.50115958,0.74058694,0.5999117,0.41239616,0.49928852,0.73331042,1.0122299,0.67783156,0.48055229,0.48691358,0.33470487,0.43775475,0.64085722,0.66132781,0.51065576,0.37148964,0.85395141,0.80309438,0.20380411,0.55859949,0.52280559,0.51123953,0.30806218,0.64563288,0.55918838,0.66509135,0.82966271,0.49535629,0.55999064,0.70470753,0.53220601,0.78281835,0.63125517,0.67790021,0.37749129,0.44776824,0.52901327,0.54610457,0.84971989,0.43675462,0.49031067,0.54936763,0.35048747,0.72206738,0.56570213,0.55949644,0.59536816,0.94861722,0.724854,0.57611727,0.59564138,0.43474328,0.57940421,0.45642456,0.6891006,0.41062443,0.049029107,0.6561198,-0.52509206,0.40939273,0.63462258,0.93097493,0.17103641,0.34402728,0.12320539,0.45850724,0.4695677,0.22063662,0.28842606,0.52189259,-0.71796579,0.26229991,0.26294534,0.22628126,0.10283419,-0.048334569,0.068041623,0.74892898,0.18999208,0.087944204,0.97288062,0.61435762,0.054817614,0.15409221,0.70444864,0.14262695
0.76912022,0.54089615,0.65125956,0.56069211,0.50674142,0.72413274,0.40484153,0.76640171,0.52405056,0.57778281,0.4565372,0.60322562,0.47997495,0.38301222,0.57804953,0.76568509,0.51703759,0.61823917,0.55352849,0.30120014,0.85268779,0.62033721,0.60995137,0.43315019,0.25807723,0.50858506,0.55340944,0.65501714,0.5362876,0.46578258,0.76330824,0.49716161,0.28947628,0.45822607,0.47384318,0.55878267,0.41424251,0.86459168,0.6747978,0.42308822,0.74840541,0.51489919,0.74246549,0.67666848,0.48414343,0.77050817,0.56741509,0.90150874,0.34421921,0.53223706,0.56207051,0.68716257,-0.13771474,0.62178002,0.57064332,0.75627311,0.59308132,0.57987022,0.55820413,0.54941496,0.56438527,0.5431492,0.60643634,0.58776723,0.70628078,0.5085047,0.5108784,0.18157832,0.68170334,0.43363741,0.089260813,0.88433353,-0.28096973,0.30471192,0.57043994,0.99617341,0.32675755,0.57479645,0.5033942,0.73903774,0.56978192,0.26431516,0.26134707,0.55256222,-0.53865342,0.22048166,0.2428136,0.051749369,0.48600248,0.1432135,0.1697713,0.55054866,0.20083312,0.36954458,1.0792456,0.98529284,0.20428428,0.14085676,0.81086868,0.19375202
0.79651893,0.39077625,0.58689289,0.49561756,0.50123192,0.75093312,0.58767065,0.15491479,0.46671876,0.53402255,0.37054491,0.62542157,0.58140714,0.47176348,0.64158868,0.75747855,0.62038759,0.64190446,0.47593541,0.38008205,0.61352661,0.68975494,0.71068658,0.73476578,0.41822047,0.55839082,0.58247839,0.59753475,0.50366844,0.54089476,0.74111754,0.62815879,0.21226797,0.47829954,0.56195589,0.44073898,0.37436844,0.66524626,0.59264024,0.68346718,0.5809532,0.5163807,0.55067561,0.63186926,0.48955919,0.82553256,0.40070829,0.65491565,0.38923281,0.6235315,1.0283513,0.54300417,0.63112045,0.44373617,0.54944186,0.52775792,0.81393851,0.52553238,0.56666706,0.50059776,0.73411269,0.85479621,0.53883091,0.63383532,0.91283177,0.45174653,0.57680163,0.47894905,0.70529202,0.49259458,0.12838853,1.1110678,-0.062383655,0.2577703,0.46618602,1.1629241,0.50361779,0.41503318,0.6838702,0.52361666,0.67566632,0.40505498,0.28973234,0.60213932,-0.41701616,0.36496225,0.3090242,0.057490234,0.57407331,0.2684479,0.13236052,0.56323602,0.097209651,0.47582154,1.1797202,1.0581193,0.32399129,-0.1262528,0.84128969,0.30562366
0.83954318,0.47798147,0.39271944,0.48645276,0.481598,0.63100588,0.59500206,0.41564746,0.61706199,0.80115669,0.85178703,0.55096738,0.67917086,0.46110431,0.65312703,0.63137099,0.54816639,0.64007398,0.60663324,0.85431086,0.83037465,0.67414873,0.41261837,0.47376668,0.45570312,0.41194473,0.589396,0.51081229,0.68026701,0.36440987,0.79739505,0.66951919,0.39287985,0.47696808,0.58331543,0.48503107,0.42253746,0.62393512,0.49202133,0.7785762,0.62708381,0.40598206,0.52511349,0.80665436,0.51085975,0.67838148,0.45704242,0.81448478,0.1811664,0.51215621,-0.019686467,0.45314766,0.69407501,0.3734015,0.6226834,0.50516629,0.63892725,0.49672079,0.58567217,0.49216999,0.63819072,0.44309256,0.59598285,0.58023172,0.82767998,0.4113844,0.55857759,0.46425351,0.67208974,0.59999188,0.12960015,1.1367263,-0.021949972,0.38755869,0.48409927,1.2174583,0.61688495,0.21976696,0.47499476,0.51508335,0.69988535,0.46497434,0.40727778,0.54817524,-0.29451916,0.28835255,0.4591846,0.14059423,0.40397434,0.37448588,0.20540715,0.98123191,0.037613958,0.40274027,1.1043549,0.85157441,0.41063033,0.0062633122,0.85245267,0.081876195
0.76156696,0.37671973,0.46809317,0.64269558,0.47713123,0.71781997,0.35283927,0.3142384,0.68490133,0.68692175,0.22274349,0.55788416,0.79151735,0.37373316,0.47728359,0.5503832,0.59089917,0.48912123,0.54055945,0.46170592,0.74648495,0.65611776,0.45535569,0.56453023,0.56325579,0.50587482,0.61619276,0.54590224,0.87943908,0.26527903,0.84658059,0.71510853,0.50741425,0.49255067,0.5285568,0.50189452,0.55083151,0.47120656,0.70914366,0.36476564,0.48055791,0.42214327,0.63924848,0.67985002,0.42388961,0.53792373,0.50830249,0.85914247,0.12140753,0.68879071,1.1777618,0.48578457,0.51507095,0.47644065,0.70378381,0.62776202,0.46192926,0.62104462,0.58357824,0.42445282,0.51245173,0.35907526,0.76608981,0.49449989,0.61224018,0.32602884,0.54380342,0.37112865,0.66611669,0.55345609,0.002581504,1.0436681,-0.019032333,0.25075475,0.46811174,1.2604235,0.58608308,0.27302138,0.53279711,0.41768627,0.73256075,0.43416264,0.43663741,0.41385248,-0.13417765,0.28827916,0.29894485,0.0081304607,0.5345357,0.43712032,0.39916148,0.46065651,0.11253864,0.22281146,0.92291354,0.53874142,0.45174631,0.109657,0.69108352,0.12666364
0.62995935,0.56613391,0.59618888,0.51214309,0.36448407,0.6192352,0.59457128,0.42052174,0.46143356,0.58087065,0.39840572,0.59327119,0.81584029,0.29326044,0.49204638,0.57019334,0.48709892,0.41201203,0.52308622,0.22523491,0.55807478,0.68502344,0.58211136,0.29504326,0.64228937,0.4196961,0.49229477,0.46808777,0.49186036,0.33028835,0.82337661,0.66328456,0.5922262,0.42788022,0.40636335,0.46095598,0.51761864,0.82290509,0.62153356,0.65740999,0.56559193,0.41079177,0.47647589,0.57379448,0.49546141,0.53594711,0.41179677,0.68344701,0.20907595,0.94772035,0.84790423,0.44067902,0.5592294,0.38699714,0.70743103,0.64241568,1.3950243,0.51059698,0.4476914,0.46236985,0.6474743,1.0432701,0.65196068,0.45595736,0.9540478,0.43877057,0.54597403,0.57090088,0.60662528,0.51879557,0.093249921,1.0240922,0.10383147,0.26046103,0.43414845,1.2206794,0.58391661,0.55704498,0.72354995,0.30199525,0.7716652,0.4868072,0.44930812,0.37404084,-0.029799267,0.40272726,0.096622746,-0.013382516,0.58675421,0.52029813,0.49643003,0.6243964,0.033237732,0.15902303,0.86881536,0.90249501,0.55410401,0.031423292,0.74737044,0.094116222
0.94179343,0.324026,0.48342542,0.39921706,0.42906321,0.47629716,0.52692647,0.32342367,0.50701044,0.49762567,0.28460078,0.63621326,0.78038301,0.28570498,0.76712772,0.47303239,0.51182843,0.67667731,0.34662553,0.39193027,0.73410868,0.73064181,0.44616485,0.57950571,0.48337443,0.39749103,0.48718876,0.39408489,0.50644506,0.43267728,0.68000357,0.3520508,0.76172404,0.49164863,0.49938868,0.39988058,0.41464957,0.87045218,0.49030768,0.90881109,0.6678784,0.3194716,0.39718967,0.69169559,0.7047736,0.56489515,0.40052745,0.64021189,0.073102099,0.8274124,0.16943202,0.53915332,0.555712,0.77528263,0.83658141,0.61129848,0.24079772,0.64136035,0.57826374,0.33620966,0.75772934,0.82765915,0.58152192,0.54473783,0.97561273,0.34449028,0.45310459,0.15882532,0.68661784,0.68588751,0.13312627,1.0436681,0.24379633,0.11719242,0.43444022,1.0665458,0.66561855,0.30852433,0.6644198,0.45724703,0.73812943,0.43938773,0.57086672,0.51866444,-0.047161714,0.36496225,0.32105926,0.042685178,0.52181179,0.64595463,0.51251997,0.62939021,-0.02367321,0.23351695,0.92704209,0.98809047,0.71178704,-0.032844966,0.7926625,0.14380138
0.5148406,0.24478462,0.52306562,0.50185492,0.41800232,0.62541035,0.50865477,0.27822343,0.54280183,0.45019918,0.49736514,0.84050833,0.77843241,0.33948809,0.53485721,0.38274519,0.51280847,0.52389415,0.42162988,0.53771638,0.71616852,0.66933561,0.42490389,0.5002742,0.5977918,0.42809569,0.48857718,0.52063614,0.71269662,0.28757898,0.79463285,0.45899113,0.7441493,0.41993751,0.4173809,0.40444837,0.46229599,0.52840362,0.54991974,0.72742986,0.56885552,0.31647894,0.54513339,0.70951523,0.56084504,0.5541468,0.36189013,0.79177879,0.12791697,0.72960427,0.67343368,0.36957146,0.46969403,0.37837448,0.97671097,0.51007263,0.058935948,0.55110525,0.52546581,0.35603203,0.3591961,0.29922593,0.50954751,0.52592434,0.62999832,0.22102244,0.47026043,0.5223865,0.53906457,0.67408309,-0.1065233,0.95551695,0.23786778,0.1300502,0.46884501,1.0374046,0.64149646,0.25526991,0.64793559,0.2885931,0.7236995,0.36961087,0.71117799,0.55101816,-0.059706364,0.43108901,0.55117831,0.062064605,0.72175519,0.62296152,0.56105279,0.64997374,0.050143982,0.29103782,0.92671744,0.65468729,0.77912725,-0.0056070895,0.82489155,0.034175938
0.57168814,0.43970075,0.5137537,0.44900105,0.33307746,0.64715893,0.5427347,-0.090264024,0.53118055,0.52066011,0.70120432,0.36189828,0.81246709,0.36271362,0.42846829,0.39918361,0.41523838,0.49946967,0.39821562,0.46554921,0.65706606,0.66355582,0.38499871,0.20682548,0.6160748,0.33316956,0.39059497,0.38481373,0.60107579,0.10055547,0.83236444,0.70632428,0.65502964,0.38063547,0.42487472,0.40629134,0.56861931,0.70167141,0.65918223,0.4116391,0.45093787,0.30740853,0.3330331,0.68260676,0.43955004,0.48341517,0.26791711,0.56013986,0.20966993,0.71119979,0.6352647,0.37731573,0.38882121,0.1361239,1.0447076,0.44491603,0.80172289,0.33226855,0.45305751,0.43532801,0.59307667,0.49136903,0.61452675,0.38214582,0.53994467,0.18235969,0.51533453,0.56684164,0.47444208,0.44879707,0.0080988732,0.79091922,0.1565006,0.30662929,0.43787545,1.0280974,0.57376149,0.29077286,0.75705403,0.15256262,0.80687593,0.41314866,0.67270791,0.41477723,0.087574776,0.47695407,0.35607157,-0.057979348,0.6848584,0.47560443,0.60312536,0.37188004,0.02095634,0.31631407,0.88343312,0.58384122,0.7638632,-0.044973055,0.73355633,0.14278655
0.84011187,0.23777299,0.43378089,0.3588213,0.28346888,0.53358724,0.37860812,0.082859583,0.73012784,0.45495261,0.075299251,0.44499235,0.86141506,0.38574687,0.50443169,0.33821756,0.38768122,0.34044937,0.26746326,0.334607,0.58363227,0.67114639,0.37825735,0.71296551,0.493797,0.35165567,0.4283386,0.38326677,0.71051935,0.30306621,0.76411454,0.60334804,0.71342145,0.44767977,0.36774037,0.37917143,0.54402707,0.76079688,0.4954751,0.24151131,0.4585795,0.25230219,0.36683921,0.60653853,0.58182821,0.43787624,0.32174868,0.63391226,0.10841687,0.57064342,0.74822003,0.47011338,0.34312937,0.19337036,1.1005165,0.5677236,0.060674966,0.7730893,0.47656667,0.34044294,0.57323765,0.62283443,0.68880188,0.43976674,0.4817332,0.29640352,0.39092365,0.061079969,0.55984467,0.5100268,0.038201403,0.75110276,0.19093237,0.09310346,0.46474394,0.87633669,0.68557701,0.27302138,0.7320716,0.16566068,0.87898449,0.3978947,0.50102225,0.48080068,0.29597052,0.34008248,0.19536367,-0.05566184,0.35160214,0.46532114,0.6565219,0.69082008,-0.095082575,0.26956682,0.89989121,0.22025055,0.77773186,0.033773535,0.54221106,0.069114893
0.5736698,0.25566436,0.33661455,0.36320459,0.26304588,0.77102669,0.44005207,0.53525853,0.77407468,0.3871647,0.35071242,0.73680784,0.85233767,0.37504944,0.36799917,0.25162563,0.32056127,0.36466982,0.36036078,0.31563109,0.63082749,0.6366849,0.36084126,0.33679193,0.5494112,0.24182589,0.42369808,0.42955704,0.67531645,0.39592048,0.66606696,0.35210943,0.8024664,0.36612588,0.33871158,0.32234146,0.46027884,0.66404873,0.54939406,0.41591219,0.38092638,0.098817208,0.44647151,0.62393644,0.61366758,0.40430356,0.26268828,0.77200739,0.096871528,0.59894443,0.64016663,0.32144799,0.53559788,0.21531201,1.1871488,0.41104608,0.56301153,0.36450658,0.35518571,0.28557744,0.18039386,0.24474693,0.39052644,0.52711614,0.6609393,0.19574463,0.40203223,0.47445439,0.41716552,0.65705181,-0.11082325,0.89201878,0.35307145,0.093169052,0.52942319,0.7183252,0.78233391,0.50379055,0.62021499,0.22198896,0.85579127,0.31876371,0.50474276,0.59543525,0.35727159,0.48674992,0.41527749,0.062631029,0.43725082,0.51372922,0.74428084,0.50977472,-0.039961331,0.18663139,0.89992495,0.16772921,0.81778039,-0.030621995,0.4398919,0.22675027
0.71731607,0.2847559,0.31448484,0.36163423,0.24960836,0.80847799,0.33123905,0.24757589,0.55115241,0.3048046,0.25875233,0.33686932,0.78723205,0.32928201,0.27068227,0.23681772,0.44472826,0.54217614,0.29793309,0.33141428,0.59398116,0.71059812,0.37322856,0.15079792,0.60733721,0.25573068,0.27419181,0.38067482,0.54587768,0.27463172,0.72268864,0.23021697,0.74421351,0.32853491,0.31958909,0.28236162,0.4835684,0.65784907,0.40261956,0.32387831,0.34950893,0.058965974,0.078466812,0.53698955,0.63757675,0.39575539,0.22581812,0.41966977,0.253693,0.76494881,0.59131589,0.32551344,0.90070837,0.68831277,1.2850059,0.35670535,0.38523352,0.15511541,0.45571947,0.23317215,0.54497909,0.51545871,0.30701265,0.50140767,0.78531361,0.082229881,0.39944293,0.34933249,0.43372555,0.45500634,-0.12041552,1.0496927,0.50156327,0.069559367,0.50502137,0.56646112,0.66128551,0.18426401,0.60629677,0.35536341,0.80638433,0.26371736,0.6440953,0.56873712,0.30529841,0.74087597,0.5729076,-0.15101682,0.71485022,0.43557245,0.74381857,0.57865534,0.039653284,0.18942324,0.84428614,-0.0078476486,0.85281043,-0.0059868958,0.17818583,0.041043601
0.81150426,0.34540402,0.41624216,0.20057977,0.16096889,0.45094397,0.31359522,0.56139889,0.41732696,0.21445674,0.23056116,0.55244374,0.79792534,0.36494342,0.35391793,0.21019813,0.34956381,0.37836208,0.21546029,0.25275833,0.41479157,0.68415659,0.20037254,0.38030674,0.79891833,0.21702394,0.25955801,0.35429443,0.65650295,0.3942039,0.78358104,0.3873167,0.56416443,0.31534058,0.049830321,0.35485281,0.53347655,0.6582625,0.20818362,0.27553765,0.39879126,0.14112748,0.20627515,0.79352766,0.66634325,0.48234983,0.25668612,0.63479984,0.62839466,0.71934306,0.43168075,0.25125875,0.65684587,0.86513661,1.2504146,0.48312761,0.10923447,0.60077751,0.49012269,0.31345426,0.33009122,0.50933115,0.33509223,0.41953567,0.82605179,0.25161629,0.33478044,0.2423789,0.4007906,0.31711476,-0.11178477,1.0605181,0.5441835,0.21729395,0.59580496,0.44231659,0.60656306,0.30852433,0.67795016,0.35025602,0.79250094,0.28886308,0.5693421,0.72196906,0.3596797,0.60662226,0.41172368,0.016422729,0.69202144,0.41166962,0.66879431,0.44903641,0.030251268,0.20436166,0.87548042,0.047374143,0.86878147,-0.035922891,0.067928638,0.20327393
0.63731832,0.15379756,0.27971827,0.2566303,0.19426417,0.57542273,0.44666908,0.30952558,0.58127611,0.20228491,0.2887762,0.37112219,0.82803079,0.36740252,0.36476282,0.19977885,0.35382241,0.46030085,0.11282313,0.42246533,0.61573621,0.54002169,0.077666612,0.18678888,0.69315162,0.080436796,0.37310296,0.25855047,0.56396696,0.42913948,0.51354987,0.27626911,0.51218704,0.44443883,0.36299497,0.21421836,0.48240607,0.75222882,0.55779193,0.20409279,0.22800942,0.074438681,0.33430092,1.1080892,0.63429892,0.51771464,0.14650693,0.53577461,0.77861289,0.5633234,0.71749974,0.2705711,0.69003294,1.1040074,1.1659265,0.37172147,0.47034604,0.1159597,0.38348068,0.30001874,0.26131178,0.25763912,0.42430212,0.38130368,0.64012639,0.061732386,0.39259157,0.60357026,0.32196062,0.46951114,0.049725648,0.96637615,0.48843187,0.064019283,0.60665388,0.42797578,0.7097423,0.23751843,0.68908363,0.23771197,0.80381413,0.35824403,0.40637792,0.84312816,0.53631147,0.64531556,0.33065713,0.032865136,0.60707653,0.50660284,0.67557652,0.50170411,-0.1301563,0.15762555,0.98458243,-0.13176619,0.82122291,0.023524711,-0.042475807,0.14643482
0.22063763,-0.078810462,0.21400447,0.35495588,0.16329789,0.70451729,0.43036174,0.27271595,0.49454658,0.24764394,0.07736689,0.37065549,0.80570054,0.35875166,0.16523965,0.19538199,0.46867739,0.23009651,0.23442048,0.33733818,0.48515411,0.4511246,0.22276803,-0.0094597512,0.59396758,0.13614363,0.26053993,0.43331664,0.51106688,0.33962524,0.62306531,0.41590847,0.55213285,0.3867798,0.30737553,0.18782819,0.44587169,0.67945989,0.26727987,0.22254801,0.14285328,0.010571305,0.10823433,1.0154766,0.65031586,0.47598645,0.12344467,0.32129593,0.707466,0.51730475,0.59541636,0.27716131,0.9525963,0.53105904,1.0236343,0.40620356,0.16641582,-0.0052225825,0.22396411,0.17777537,0.34823146,0.54448365,0.36649593,0.42180031,0.27749628,0.11608909,0.28207243,0.61054679,0.34978547,0.45564687,0.088460607,0.90886871,0.44293224,0.19102973,0.57833233,0.40983454,0.73992807,0.060003683,0.59880728,0.29322718,0.78193839,0.32673714,0.45022584,0.6168265,0.60598555,0.88255983,0.45350512,-0.14212168,0.60400921,0.4346806,0.72364773,0.55146457,0.1155564,0.11163348,0.91121158,-0.060787931,0.77448351,0.010005788,-0.0067941907,0.09692111
0.68522624,0.22459146,0.26661842,0.16341288,0.17884684,0.60622152,0.18632146,0.21810709,0.49244215,0.22296468,0.23689685,0.68025979,0.80673359,0.52162501,0.24950479,0.15563249,0.33019947,0.49426611,0.064902354,0.023032784,0.43624868,0.58766039,0.068980794,0.161135,1.0173372,0.14117822,0.27551164,0.26673068,0.596023,0.54674481,0.61175672,0.61818513,0.49949489,0.35675378,0.0036182657,0.29084646,0.45746729,0.4966542,0.27607969,0.31690479,0.10983773,0.018008545,0.0034538347,1.1737391,0.70749353,0.53858068,0.10569229,0.48255678,0.76560167,0.49819486,0.45848779,0.15517117,0.54776991,0.20986348,0.81085304,0.16768971,0.18778965,0.16481241,0.3329755,0.16156702,0.15802124,0.10467057,0.16733544,0.38075815,0.50911507,0.044929444,0.31198979,0.78138735,0.33543097,0.31199796,0.26363765,0.93143944,0.54723574,0.080114911,0.65745667,0.36088664,0.75958848,0.16651253,0.54264656,0.52298643,0.70043908,0.22921539,0.51752375,0.60801778,0.52141357,0.70573837,0.4586406,-0.043954713,0.65274229,0.21509747,0.72221816,0.5184779,-0.0142366,0.07806129,0.64469009,0.077160185,0.81832998,0.010863771,0.015047884,0.32241503
0.52607755,0.29375224,0.43474294,0.22643823,0.076809831,0.73263084,0.21795405,0.27393487,0.48735228,-0.040042393,0.16692018,0.08146743,0.75091701,0.62974813,0.23825738,0.18672692,0.40549274,0.3347966,0.086005352,0.4818057,0.44166322,0.50550476,0.064950174,0.29586526,1.0964061,0.1691803,0.3072742,0.27649564,0.4639162,0.8220322,0.58927719,-0.063743579,0.49820084,0.44368163,0.033593107,0.16447839,0.41793131,0.70567358,0.31585484,0.084497126,0.20422445,0.06032822,0.028080629,0.67925679,0.76192815,0.63027485,0.19601456,0.57630614,0.69542167,0.50454372,0.48356648,0.12095431,-0.16769268,0.47040482,0.69145775,0.32064458,0.43108177,0.048156636,0.4131472,0.22713739,0.20835002,0.30478711,0.41284926,0.44102916,0.69916736,0.22205897,0.34734552,1.0117046,0.22770578,0.39554644,0.53091178,0.94256857,0.71845521,0.12376522,0.66066382,0.35148882,0.81070347,0.20201548,0.58180737,0.6218095,0.73595994,0.20441776,0.50276501,0.77629989,0.49248463,0.56069736,0.39882301,0.0019502207,0.72514513,0.2123013,0.77217538,0.47135908,-0.12020794,0.037505075,0.54624229,-0.29065653,0.83964346,0.050329092,-0.049013166,0.039481129
0.44106115,-0.082837109,0.15539161,0.1421098,0.062740042,0.61479159,0.16279763,-0.017904864,0.46125489,0.21030657,-0.069638473,0.4553567,0.70935151,0.6374475,0.34175502,0.15264001,0.42792223,0.15980891,0.11529257,0.071660347,0.35273346,0.45309965,-0.065661771,0.0076856356,1.0066722,0.11719156,0.28528169,0.42484835,0.52364033,0.89685132,0.68037148,0.84626844,0.48083508,0.42994058,-0.00022251768,0.10950107,0.47211456,0.49551026,0.10803062,0.35334228,0.10185956,-0.0052835382,0.28769202,0.57059741,0.75524205,0.61814456,0.06434636,0.28996466,0.73705912,0.59124855,0.65571268,0.32639509,0.011531941,0.13428334,0.56948125,0.36711015,0.3340818,0.045531815,0.10550942,0.15108552,0.14473466,0.29124101,0.53834086,0.55042779,0.74421755,0.47938609,0.35167915,0.57541476,0.19367019,0.50722803,0.16303892,0.88622598,0.70815968,0.16413121,0.80420603,0.3201457,0.72006148,-0.064256642,0.63063068,0.58480256,0.86416166,0.24438588,0.57193338,0.61682123,0.56384421,0.5381514,0.494015,-0.023239864,0.68730458,0.38697442,0.8871881,0.59085883,0.070485289,-0.008191192,0.7488074,-0.096476165,0.7881012,0.046130773,-0.094703985,0.28112422
0.32928138,0.059070814,0.21200508,0.051816255,0.281737,0.78328362,0.22910978,-0.13892085,0.64845969,0.10010929,0.33711756,0.44991117,0.82109051,0.8201197,0.30403988,0.058320816,0.41080052,0.67293695,0.40376048,0.38076003,0.40225609,0.77291692,0.17737849,0.17710925,1.1742992,0.2054532,0.23011999,0.26645232,0.7881647,0.9553667,0.60237733,0.89760666,0.32557258,0.47399508,0.15016706,0.15207041,0.62716251,0.88176751,0.1624707,0.37652863,0.27016878,-0.039992762,0.24131422,0.48242833,0.78469797,0.6643433,0.08059776,0.68976896,1.0000557,0.56237854,0.49079447,0.47395183,-0.17648785,0.051553549,0.58941742,0.44763161,0.30683461,0.066650703,0.55240783,0.12896749,0.30454222,0.06150538,0.37945446,0.46371421,0.033625115,0.48613213,0.51548996,0.33857279,0.22742227,0.45970314,0.27437666,0.841469,0.57932866,0.2455166,0.95017385,0.28116669,0.59837902,0.21976696,0.6644198,0.65454242,0.70766984,0.26263199,0.63469281,0.59952044,0.5486995,0.42585609,0.60765852,-0.043992575,0.71820754,0.33385625,0.88714718,0.52547599,-0.013129003,0.010155106,0.90480019,-0.17559459,0.82925862,0.067469936,-0.1140152,0.18655268
0.60522125,0.37341512,0.61498033,0.33930872,0.44048912,0.9028789,0.29358933,-0.21014382,0.99879183,0.51042812,0.61541185,0.43518479,0.76975229,1.0291188,0.6617561,0.14603854,0.5894265,0.77501505,0.64651147,0.91484009,0.32067925,0.89361217,0.40220431,0.41285417,1.2658947,0.50159919,0.18064991,0.22431914,1.1295005,1.0646542,0.76897688,0.79957922,0.3253825,0.6371973,0.38758647,0.1993418,0.59303616,0.95524748,0.23201055,0.65982328,0.45458897,0.085052042,0.69449025,0.33532385,0.9191244,0.86471428,0.33326736,0.85559866,1.112517,0.44703778,1.0668703,0.59473611,-0.27770647,0.50461939,0.70348381,0.84198405,0.80995113,0.23052361,0.79898319,0.32105873,0.57923734,0.48883963,0.54479634,0.42800741,0.47069981,0.53600098,0.60228285,0.6034177,0.17551903,0.46914966,0.023395886,0.89907418,0.62876366,0.59856244,0.86632106,0.30648701,0.61022571,0.18426401,0.6863178,0.79430976,0.45875614,0.24388475,0.6493091,0.68892604,0.45977545,0.5963963,0.63189399,0.028251186,0.87549638,0.11874715,0.77645149,0.5670984,-0.063534613,0.093521958,0.76474744,-0.17683834,0.90610556,0.0078069277,-0.0011615384,0.52755881
0.99376719,0.76557009,0.71676817,0.24507334,0.47879892,0.58169505,0.39369087,-0.1137507,0.96269761,0.57268599,0.58699084,1.0397024,0.59720507,1.070825,0.93488793,0.34330537,0.76784519,0.97858472,0.5343092,0.65785024,0.70177722,0.90260426,0.36716136,0.26696005,1.3794796,0.57490406,0.4767162,0.33174276,1.1494515,1.1424179,0.98697875,0.89144874,0.444007,0.78668779,0.34819104,0.29967751,0.48837218,1.1016102,0.61703523,0.81620248,0.68958872,0.23214528,0.67393263,0.415497,0.96093655,1.1087905,0.29294268,0.75653094,1.1496046,0.45239829,0.92914878,0.69819946,-0.22483592,-0.10774779,0.68204818,0.89723218,1.1522226,0.60322751,0.66881835,0.55903857,0.58702684,0.48156552,0.75413877,0.72512227,0.77461005,0.35084294,0.65119116,0.2955411,0.34750821,0.5511582,0.10734881,1.0099683,0.79178011,0.78595212,1.0014973,0.30455869,0.65995343,0.20201548,0.65738251,0.84635428,0.60014556,0.22750228,0.70308117,0.5307274,0.53210383,0.77936324,0.59523745,-0.037340248,0.84446562,0.19977383,0.76292721,0.60085031,-0.060068932,0.042215749,0.56709375,-0.26148476,0.78985702,0.10937357,-0.0838521,0.30947666
0.83343942,0.42700273,0.87342363,0.53702864,0.50719613,0.64803104,0.55408042,0.093109051,1.0421928,0.48502131,0.71123459,0.63467635,0.75976065,1.0505703,0.5931077,0.44168717,0.86361692,0.82089194,0.57351477,0.89767758,0.59395432,0.97000717,0.54228558,0.95372582,1.3662893,0.56978084,0.65199991,0.36996738,0.98225971,1.2079176,1.0081204,0.72312945,0.42942221,1.0491275,0.44368902,0.48495387,0.57181713,1.225435,0.68554618,0.68012713,0.92953394,0.38484877,0.49159487,0.26353051,0.91454644,1.2390306,0.38261291,0.86012922,1.2669278,0.4407001,0.93902615,0.82678088,-0.91072293,-0.28093072,0.59810378,0.6474705,0.5408318,0.71238708,0.8149307,0.60961813,0.42327712,0.76400489,0.71926784,0.86005159,0.27925622,0.2633702,0.63261702,0.21154464,0.61978171,0.51314969,-0.15719862,1.0532713,0.76625982,0.63289168,1.2667761,0.23258023,0.66577939,0.095506633,0.65088944,0.51370663,0.82513646,0.24578495,0.58769289,0.54462062,0.75307517,0.73281109,0.53274663,-0.011156313,0.84913804,0.47825397,0.81154604,0.59996991,0.20159924,-0.056904462,0.63114909,-0.30170242,0.59219154,0.053045011,-0.093966707,0.22119106
0.74053978,0.52756719,0.75727531,0.80713103,0.35508406,0.72286437,0.27941028,-0.42413019,0.75878503,1.1681583,0.63711648,0.94194723,0.96383845,0.93059661,0.57686895,0.63961804,0.62072789,0.55729331,0.35302903,0.96119214,0.70273438,0.95258768,0.38647193,0.81309132,1.1347884,0.45648774,0.60353396,0.56189262,0.89402163,1.2096563,1.0314917,1.0286766,0.37472729,0.87613024,0.46841463,0.60300949,0.7081623,0.85128993,0.54223095,0.31022602,0.50570993,0.40289912,0.5070639,0.26492582,0.99706479,1.0899692,0.6815076,0.72387774,1.4226271,0.44913373,1.3121779,0.57516625,-0.037931787,-0.09797888,0.23660011,0.47428668,0.90570745,0.49910405,0.57742444,0.54140162,0.67516352,0.57885921,0.50206206,1.008694,0.44518242,0.050237219,0.4099852,0.41840097,0.67846578,0.41825968,-0.10725292,1.0099683,0.61005728,0.601114,1.261269,0.23221348,0.53886891,-0.17076549,0.72173837,0.2658702,0.80003425,0.23295916,0.355199,0.65981978,0.84651787,0.62376104,0.60443758,0.0041186808,1.1551799,0.52159962,0.68923001,0.37192774,0.12560538,0.043026546,0.91368603,-0.15769403,0.51037025,-0.014841257,-0.078748905,0.40176022
0.61812138,0.50578253,0.51954152,0.63696255,0.16924946,0.54406191,0.28295483,-0.18865992,0.61377296,0.74938465,0.54294467,1.0765017,0.87539839,0.71313129,0.47873224,0.64339829,0.52610389,0.69978204,0.26353982,0.75030932,0.65788425,0.6038387,0.24674897,0.25147222,1.2971863,0.29058154,0.58548774,0.82878253,0.76415056,1.1701417,0.84182237,0.42059035,0.28648482,0.63468906,0.43036021,0.6067196,0.85056025,1.0111744,0.59528904,-0.20623397,0.36376327,0.39355616,0.10098599,0.19964877,1.0213727,0.84222734,0.61509956,0.4458859,1.3073774,0.65793626,0.58060433,0.40119607,0.071667671,-0.0090136989,0.11398171,0.33651308,0.73703156,0.27300791,0.44011513,0.39574596,0.32828563,0.65465996,0.30988251,1.0243868,0.18205782,-0.024588945,0.36886411,0.088503418,0.56769143,0.41703328,0.043185199,0.97005977,0.60152951,0.39655387,1.2621858,0.27864968,0.30914391,0.50379055,0.73970645,0.38071489,0.76282112,0.16461077,0.39096336,0.56485534,0.7551361,0.49063238,0.68789901,0.0062360765,1.2696425,0.41185944,0.48300041,0.77951338,0.35961784,0.15674891,1.1599834,-0.16105487,0.48805409,0.28771582,0.00019599784,0.76148521
0.62578752,0.13154282,0.54603085,0.54241627,0.11046712,0.27844715,0.073871144,0.048308086,0.73969574,0.04494477,0.34956668,0.40302246,0.82509616,0.68223114,0.38042193,0.44976835,0.4397664,0.50512919,0.092057865,0.44026878,0.027779585,0.59555377,0.067658329,0.4759238,1.3840377,0.17774619,0.61454016,0.78522788,0.68591219,1.1038603,0.69312463,0.30022362,0.21085752,0.64561285,0.14604406,0.43017987,0.99247237,0.66293574,0.26795275,0.030208269,0.44699331,0.24032629,0.25562729,0.22967746,0.83071642,0.93301907,0.32699335,0.52091469,1.0300946,0.77128378,0.57095928,0.34996612,-1.0489198,0.083350877,0.39492419,0.28150151,0.055853564,0.1420472,0.35085284,0.21263311,-0.096943569,0.57880072,0.24499447,0.86485997,0.68915684,-0.040239751,0.31356913,0.18171743,0.45223543,0.467111,-0.097837626,0.99311835,0.75465614,0.18487064,1.1996334,0.22146146,0.34512159,0.18426401,0.69148052,0.31812962,0.75544283,0.17153767,0.55882641,0.47263422,0.69976801,0.43944916,0.54608739,0.22729099,1.097906,0.33925708,0.5368841,0.81321292,0.48612796,0.15283328,1.2499887,-0.27517994,0.5551999,0.66467801,-0.0877118,0.84402685
0.46864555,0.12950621,0.35220095,0.36355807,0.021528654,0.11675102,-0.17960444,-0.66521083,0.41964707,-0.066675367,0.16303043,0.50310337,0.86680864,0.73019617,0.38979563,0.41549582,0.13778017,0.30667784,-0.17175339,0.39289158,0.20896727,0.61378236,-0.1645918,0.3486487,0.99097189,-0.035324659,0.4406746,0.5016838,0.41375288,0.89564261,0.68368051,0.28447616,0.30070069,0.46473292,-0.14166323,0.23113939,0.98314222,0.54521456,0.20668617,0.094015152,0.29017508,0.053103837,-0.080152137,0.32640105,0.75422812,0.89372385,0.165494,0.59710275,0.89760681,0.6883202,0.52277452,0.14805279,-0.63621758,-0.27151162,0.34853846,0.12320494,0.20591019,0.07157657,0.18347025,0.077601894,0.044244043,-0.057641124,0.1870624,0.87815173,0.62440027,-0.081721791,0.13937583,0.33434729,0.3966564,0.55602072,0.016612623,1.0461243,0.90416095,0.2394387,0.94305876,0.19771907,0.71144273,0.18426401,0.69522947,0.35077223,0.65376588,0.16669037,0.6110082,0.45420433,0.73676406,0.25488385,0.58014005,0.37901905,1.1794649,0.2328307,0.82934108,0.81717349,0.22319232,0.1448568,1.2580716,-0.37618733,0.76294419,0.71539681,-0.09344386,0.99665027
0.059755354,-0.15099513,0.24965577,0.38020759,-0.085791634,0.1264548,0.020608281,-0.30484309,0.58649517,-0.084065601,-0.045172582,0.40319452,0.85295836,0.6047155,0.055126152,0.24083847,0.1135003,0.17112097,-0.16070163,0.42709083,0.068265472,0.23900466,-0.14152796,0.21627786,1.0083584,-0.10457349,0.20044633,0.35056739,0.38834908,0.80437217,0.56372119,-0.055718535,0.36982165,0.46333617,-0.088109529,0.22701451,1.0070419,0.77143072,0.027907715,-0.10082389,0.040298406,-0.015459353,-0.40710484,0.20278218,0.73992558,0.40913431,0.09622552,0.0041582105,0.62940603,0.76057639,0.44632254,-0.033206288,-0.38663674,-0.1728883,0.38970864,-0.057563631,-0.015736798,0.055745476,0.23293268,0.062430149,-0.12724098,0.338954,0.022708647,0.69027609,-0.097793865,0.017324661,0.093670719,0.027673647,0.21912562,0.78861759,-0.054093949,1.0605181,1.0213569,0.048780372,0.83352393,0.30678074,0.94077722,0.11325811,0.7501145,0.44350383,0.52644092,0.099141394,0.69257515,0.40649302,0.65962871,0.19750421,0.94054621,0.40506216,1.3981351,0.25209581,0.96538322,0.85718509,0.2344934,0.10450183,1.293779,-0.10732506,0.90934581,0.66527195,-0.05769818,1.0212269
0.096981647,0.12673297,0.19693798,0.090905298,-0.13028596,0.1585669,-0.15176853,0.0048759833,0.34465915,-0.04429502,-0.16641273,0.18811983,0.86424777,0.65791259,0.04853402,0.11312449,0.10893713,0.1158474,-0.24940706,0.15915583,-0.11798829,0.30504852,-0.40596293,-0.16607008,0.967726,0.063707074,0.16804595,0.35980422,0.63458404,0.87587161,0.43863922,0.17362511,0.28008181,0.42437091,-0.23576055,0.051546402,1.2195438,0.37383113,-0.175753,-0.28888674,-0.20253657,-0.19510253,-0.17139404,0.18153191,0.53291993,0.29969234,0.018381314,0.18873901,0.46698548,0.95106694,0.6206822,-0.11426641,-0.50751228,-0.15630351,0.45654441,0.010401321,0.090974722,-0.14893827,0.14886325,0.043606603,-0.11493543,0.1320958,-0.19090177,0.63679502,0.49746032,-0.18496493,0.077365223,0.29401312,0.042417516,1.015674,-0.28676106,0.98671204,1.1079595,0.014701305,0.6915735,0.34047874,0.87843816,0.32627581,0.85384485,0.38844843,0.47733909,0.14693663,0.79444623,0.31572594,0.45889683,0.40071896,1.0174775,0.19951882,1.37286,0.43315453,0.89002952,0.57841371,0.28242688,0.12606128,1.3502427,-0.064679581,0.96187994,0.79548582,-0.060419021,0.90251967
0.19685754,-0.23428292,0.091654066,-0.060212628,-0.11626912,0.26965904,-0.02923996,-0.41411973,0.20750257,-0.21687749,0.10593932,0.14261348,0.89555601,0.79018252,0.02372686,0.042859218,0.13049494,0.13145495,-0.12360075,0.28951514,-0.10501847,0.27929827,-0.39321336,-0.17753246,0.54369075,-0.0064037312,-0.016371308,0.2348369,0.31396944,0.80603642,0.39072451,-0.07873725,0.19298,0.26218379,-0.3770084,-0.10722707,1.3547613,0.36460138,0.19438146,-0.26615541,-0.083446265,-0.19249284,-0.44053475,0.23192633,0.44239105,0.35868333,-0.036049008,0.35839279,0.56096792,0.95167507,0.049713371,0.12034538,-0.7166559,-0.057780525,0.15365625,-0.017934473,-0.22159296,-0.320406,0.025794922,-0.12017359,-0.28178372,0.076898761,-0.089089718,0.70271127,0.34999828,0.020526854,0.12533221,0.32948968,0.0088995724,0.92311943,-0.10816617,0.841469,1.0623296,0.056774287,0.41830842,0.25722383,0.8103929,0.25526991,0.91601888,0.51552985,0.57494596,0.13341444,0.89688657,0.15547546,0.42427792,0.24904405,0.88870856,0.29168416,1.4783319,0.35764047,0.90713135,0.79580156,-0.13580683,0.20115557,1.3011068,-0.2052363,1.0330292,0.35688981,-0.057214332,0.60200662
-0.0021268498,-0.29217644,0.21048798,0.066960257,-0.18007087,-0.018007492,-0.09605356,-0.19676712,0.52698019,-0.19060671,-0.15697644,0.20686898,1.0137696,0.59636625,0.018429521,-0.11644459,0.061247792,0.16102571,-0.41908272,0.12219964,-0.090652478,0.22291827,-0.33064101,0.071613006,0.55492192,-0.29534326,0.013378907,0.11808351,0.22409245,0.83204805,0.4166316,-0.006596848,0.20796206,0.2253518,-0.52753813,-0.09565,1.3755222,0.37565211,-0.097093177,-0.15192877,-0.15863462,-0.34953564,-0.32062696,0.38609804,0.50658326,0.16955164,-0.022687817,-0.16948401,0.46951187,0.86996202,0.2698563,-0.22010169,-0.46375771,-0.19680778,0.18117864,-0.17628534,-0.2804552,-0.20320039,-0.088937537,-0.13750672,-0.14773509,-0.058980391,-0.035984174,0.55505912,0.34933738,-0.041323205,0.060442159,-0.03062947,0.03596579,0.69248872,-0.08924637,0.73180897,0.89330866,-0.159521,0.42601702,0.15948639,0.81204616,0.25526991,0.82774969,0.17507977,0.69842456,0.12529443,1.0514822,0.15012374,0.57514723,0.20962139,1.0290469,-0.027799432,1.796733,0.17873833,0.95208708,0.39816153,-0.18727892,0.17509916,1.088284,-0.087677274,0.8952406,0.156098,-0.11642003,0.47199256
-0.094384183,-0.26470573,-0.015256405,-0.15598224,-0.16631974,0.013914038,-0.078537956,-0.17918337,0.27258373,-0.15579939,-0.026205127,0.16984613,1.1453727,0.50330359,0.37602929,-0.089543136,0.078585303,0.0099787414,-0.3202235,0.15607143,-0.18747854,0.014128542,-0.57649678,-0.20267628,0.59882356,-0.10858442,-0.073255282,0.18145228,0.47256083,0.94484915,0.24158965,0.017776907,0.2469873,0.34204574,-0.27322359,-0.15719648,1.4532931,0.40420964,-0.32245049,-0.4778374,-0.042542894,-0.43444403,-0.37312979,0.26526622,0.44782721,0.28576098,-0.0061312772,0.31336029,0.43776261,0.96020984,0.41891845,-0.15122608,-0.46044227,-0.35654539,0.36646374,-0.23377359,-0.44835145,-0.37650036,0.1061531,-0.13823033,-0.2858337,-0.076748768,-0.13561674,0.34563621,0.32493302,0.050318386,0.083074091,0.38243103,-0.062248542,0.72154325,-0.20700951,0.75721936,0.79984596,-0.022906271,0.57805773,0.082376794,0.74804029,0.5392935,0.88090557,0.0873934,0.72241431,0.20271343,0.9391156,0.35439193,0.55918781,0.36496225,1.0391371,-0.19868525,1.4383253,0.37737192,0.7811642,0.46657552,-0.10947385,0.1912545,0.86683333,-0.08637962,0.54303703,-0.014453087,-0.024918867,0.45648089
-0.2534871,-0.096006178,0.095381521,-0.20973822,-0.14237232,0.20245165,0.16677821,-0.51376342,0.34840968,-0.34512885,-0.063728094,0.17912233,1.0410415,0.5148594,-0.0049700637,-0.064282766,0.077828845,0.10865763,-0.22563804,0.43353887,-0.13078377,0.29554609,-0.4072113,-0.25024911,0.63388732,-0.097027039,0.0027093835,0.10988031,0.18463793,0.84750455,0.27061807,-0.074981299,0.20075966,0.36436619,-0.31913813,-0.19614914,1.4661577,0.45484573,-0.0021939396,-0.22496145,-0.19342755,-0.23053023,-0.42548927,0.24689965,0.42828057,0.32195206,-0.014322565,0.12599111,0.53859312,1.0703106,-0.064345669,-0.077444659,-0.77079245,-0.24017552,0.29835318,0.29682625,-0.04101777,-0.39701547,0.23085483,-0.097822607,7.0280533e-05,-0.022102371,0.03892077,0.55502419,0.59795569,0.044882988,0.054984777,0.22032801,-0.099531844,0.82763507,-0.012786486,0.85410098,0.83840082,-0.13740048,0.58022963,0.13271749,0.60764791,0.30852433,1.0888307,0.41601092,0.77159793,0.18640913,0.5557415,0.37869259,0.35328436,0.12984442,0.77887393,-0.17073811,0.69251641,0.5720518,0.6401907,0.51741161,-0.20503522,0.21765326,0.81277952,-0.088805668,0.48404181,-0.05879335,0.088910345,0.18361577
-0.058934993,-0.184226,0.1220583,-0.026553855,-0.11230398,-0.17801548,0.0043439165,-0.41397942,0.32432338,-0.16215852,-0.37007445,0.47274545,1.0540548,0.36250425,-0.1613087,-0.13243209,0.079985449,0.048930083,-0.41717749,0.48783112,-0.12055911,0.3327364,-0.3543673,0.082940898,0.61612792,-0.17846205,0.047906089,0.055477548,0.35553044,0.80586783,0.33426153,0.061268909,0.1446385,0.25836137,-0.48795808,-0.11020546,1.3767514,0.24159055,0.05254325,-0.27264759,-0.16064206,-0.27959324,-0.24189468,0.33816714,0.43737808,0.033172873,-0.15436469,-0.046115194,0.38359117,1.0027704,0.37646912,-0.097868776,-0.53350348,-0.028155518,0.55686438,-0.10895391,0.037214251,-0.18855204,0.078553916,-0.35762979,-0.39000289,-0.16132255,-0.11521328,0.74035298,1.0019739,-0.13149635,0.061965212,0.21024644,0.04216042,0.72856657,-0.18407756,0.85831893,0.81934987,-0.13660983,0.48245231,0.25138307,0.50924331,0.59254793,0.93104294,0.32665573,0.76422904,0.41900645,0.44731137,0.39462999,0.3580163,0.24432215,0.7795607,-0.28446251,0.93092348,0.49869164,0.71962299,0.35107124,-0.11603394,0.26097232,0.85454896,0.090496632,0.67663296,-0.14699367,0.11528339,0.21749914
-0.13063785,-0.19090339,-0.028834469,-0.22865049,-0.083357236,-0.047374373,-0.21732801,0.10872402,0.33048863,-0.047013086,-0.074981639,0.21595497,1.3494831,0.41891152,0.081796239,-0.16534767,-0.10907211,-0.014351457,-0.29645393,0.19882026,-0.090310053,0.015242973,-0.58097188,-0.23944672,0.42185906,-0.20516451,-0.089623497,0.20030573,0.25334405,0.8418723,0.24864997,-0.096789729,0.18789002,0.21793416,-0.42076006,-0.19871606,1.3916463,0.34370038,-0.096647804,-0.484068,-0.20791505,-0.39912965,-0.69143558,0.12088731,0.3422193,0.0068894041,-0.017805312,0.099801472,0.19577834,0.90786883,0.27781111,-0.13678697,-0.4002281,-0.25056284,0.96894031,-0.16938363,-0.19196349,-0.55104721,0.059380192,-0.23568494,-0.47257244,0.06865574,-0.22757884,0.44952291,0.67440973,-0.033367784,0.086669753,0.15923002,-0.051857131,0.63287419,-0.29055342,0.76343678,0.70344962,-0.072175939,0.32556942,0.24408782,0.53015995,0.57479645,0.61029836,0.40172528,0.61062146,0.72388755,0.5646415,0.5257822,0.60588882,0.58525362,0.85121082,-0.15061437,1.497244,0.74312635,0.69281771,0.33964832,-0.17146032,0.58207622,0.81905006,0.058145382,0.5949164,0.092278284,0.066654186,0.30316616
-0.34723477,-0.14321956,0.05916219,-0.26106331,-0.15890054,-0.090093265,0.094326169,-0.023326113,0.11195293,-0.43940214,-0.2138222,-0.0015606175,1.4363899,0.43683991,0.11986411,-0.12308486,0.065845599,0.031855509,-0.42934136,0.058043926,-0.12118075,0.31150627,-0.3997525,-0.37375371,0.60035149,-0.12417323,-0.068106286,0.15215851,0.11911433,0.75077919,0.39521923,0.037139115,0.15192271,0.26910008,-0.3968943,-0.21874786,1.4369003,0.33325365,-0.32224132,-0.51663144,-0.16577684,-0.35639212,-0.40364135,0.33196993,0.38030214,-0.057385843,-0.0075062626,-0.05288849,0.17058344,0.91645678,0.22567582,-0.34023669,0.17608413,0.50802148,1.3547533,-0.055744418,-0.33125672,-0.22708987,0.0014209701,-0.12330699,-0.10795655,0.1921494,-0.12842996,0.47831376,0.73932393,0.097154351,0.065612145,0.27205537,-0.067828242,0.67349753,-0.10390106,0.75721936,0.7430917,-0.082737685,0.24799135,0.15267108,0.55420565,0.34402728,0.63889427,0.69112137,0.55290034,1.3239469,0.48760026,0.279348,0.71096266,0.54764375,0.65955611,-0.26200415,1.1966548,1.3640378,0.53890721,0.2775461,-0.15398275,1.084883,0.76497783,0.00035112091,0.4540119,0.0028708814,0.10396027,0.27681185
-0.1779331,-0.24367694,0.063779768,-0.1606551,-0.062688992,-0.3091298,0.10021276,1.2233758,0.44894807,-0.33467576,-0.13281116,0.261008,1.3002423,0.23026572,-0.23885135,-0.26683751,0.10818746,0.1392105,-0.37286401,0.42292114,-0.24796264,0.18321705,-0.48712573,-0.095985983,0.63078487,-0.11820595,-0.0123484,0.14969937,0.29623045,0.77569694,0.32683218,-0.13069912,-0.076788917,0.33819337,-0.44396148,-0.22577521,1.2658986,0.34025632,-0.19478725,-0.57430419,-0.18602181,-0.25185433,-0.29384537,0.64158999,0.36825288,-0.30633237,0.0053624637,0.11905553,0.10325461,0.92397483,0.15909081,-0.089441428,1.111768,1.3931381,2.1901509,-0.10516754,-0.05707169,-0.53982888,0.041701978,-0.22417645,-0.42759193,-0.051263559,-0.1619318,0.56835381,0.54086328,0.080608674,0.0032298112,0.41075926,0.010169754,0.75655298,0.038109466,0.92377713,1.0056726,-0.1384679,0.18412739,0.081487161,0.49520923,0.45053613,0.68467857,1.4804796,0.56678608,2.1364876,0.42100331,-0.069657784,0.61971023,1.0933019,0.6312745,-0.22242406,0.85710223,1.9802452,0.61208345,0.66992836,-0.25851518,1.8521323,0.87610327,0.26841067,0.72175261,-0.21004583,0.23877021,0.2281094
-0.060331578,-0.045045495,0.062518328,-0.10491354,-0.057953761,-0.02871342,-0.15028811,3.0473088,0.56713171,-0.18828509,-0.21682791,0.33200537,0.95296784,0.30666737,0.1956168,-0.31281061,-0.047369804,0.1782655,-0.38688693,0.44391869,-0.014804831,0.098610884,-0.54087628,-0.17753834,0.38842756,-0.28969662,-0.011726536,0.18564482,0.32212499,0.89391653,0.08514604,-0.07875785,-0.096128671,0.29435122,-0.4724151,-0.28857256,1.1425243,0.45008457,-0.20156981,-0.1411563,-0.18400319,-0.31717097,-0.5591784,1.5313945,0.25368051,-0.06741053,-0.026597446,0.061988986,0.13442427,0.76735709,0.40835397,-0.080297278,2.4384282,2.4379164,2.4654772,0.018623063,-0.044218663,-0.23207756,0.16332997,-0.2264636,-0.37007859,0.068644092,-0.014223368,0.65437888,0.34583422,0.4181689,0.10953369,1.0621578,-0.019263554,0.85334346,0.39968041,1.0942179,1.1647486,-0.12039571,0.050357907,0.10038863,0.51779314,0.39728171,0.58323764,2.2212624,0.60400236,1.7465965,0.54976604,0.027543961,0.56493009,2.1507955,0.83081463,-0.27178308,0.70511449,2.7125249,0.73607727,0.39167078,-0.087435752,2.7458885,1.0859015,0.55995867,0.98346048,-0.0059148162,0.30620836,0.41509186
-0.34763359,-0.20656957,0.050870599,-0.161476,-0.15371915,0.0010401512,0.029410633,2.402594,0.13675737,-0.25589394,-0.34657612,0.19580798,0.35397519,0.41880937,0.078485501,-0.1985655,-0.098171324,-0.10442321,-0.53091694,0.22725647,-0.031834254,0.13708929,-0.40869314,-0.043046738,0.46511282,-0.21914425,-0.07990608,0.21463268,0.26349909,0.73848308,0.15681753,0.21742299,0.2018451,0.2270549,-0.37748997,-0.1600383,1.326915,0.20859543,-0.2467759,-0.44795985,-0.02605305,-0.35169056,-0.19439362,3.12484,0.29288411,0.22519356,-0.048192086,-0.060122169,0.20905684,0.65622342,0.54001519,-0.19258444,2.7348886,2.9100638,1.646662,-0.16231095,-0.21300695,0.10949861,-0.14498441,-0.20708515,-0.35622477,-0.017255661,-0.1007102,0.53082438,0.7777283,1.4756806,0.060000817,2.5427672,-0.057951543,0.75985986,2.0067233,1.1039632,1.0658567,-0.089411494,0.24198843,0.22872313,0.62778032,0.48603908,0.64052167,2.6229837,0.77706781,1.4702205,0.5054632,0.15302475,0.55611367,2.3850658,0.82709376,-0.065167955,0.1377182,3.2698816,0.57119883,0.50667614,-0.068080977,2.8192039,1.1447178,0.52745406,0.75150705,-0.10002261,0.33757239,0.39851671
-0.44744306,-0.2147904,-0.003989843,-0.20260718,-0.10223231,-0.031450063,0.087803882,2.4357556,0.44476796,-0.15220019,-0.014023039,0.27623309,-0.037792658,0.28307678,-0.15695041,-0.11995395,-0.021278626,0.10132481,-0.38205249,0.51162874,-0.16428974,0.13226231,-0.56790338,-0.15926192,0.54775412,-0.19021517,-0.051751977,0.14911729,0.20450185,0.55957557,0.26549078,-0.063450124,0.21726842,0.40831801,-0.345073,-0.24255383,1.4148013,0.29181353,-0.17661876,-0.73801942,-0.27751489,-0.25222444,-0.55988427,3.3320526,0.29816396,0.06938688,-0.032347036,-0.030952939,0.060733267,0.76235704,-0.027791159,-0.30470444,1.7360544,1.9735478,0.92194246,-0.089595219,-0.14713871,-0.68768556,-0.033069499,-0.10117279,-0.42782566,0.016510036,0.10191216,0.64064978,0.2481278,2.175542,0.040453145,2.1921942,-0.077762082,0.49322622,2.2593691,1.0268182,1.0470411,-0.24314052,0.33145057,0.2538998,0.63405918,0.32627581,0.70858515,2.5891851,0.81234542,1.8935123,0.28184434,0.042231911,0.56181896,1.9938723,0.73991266,-0.15399404,-0.33259176,3.070404,0.44656844,-0.10257616,-0.10364012,2.2613344,1.0219842,0.51000214,0.49768455,-0.040720721,0.75526593,0.13766325
-0.06668896,-0.20443928,0.054530579,-0.12651805,-0.11091866,-0.023117262,-0.0024222663,1.2766935,0.15104997,-0.24433304,-0.18416609,0.39961581,-0.60937387,0.28666866,0.16256033,-0.076979263,0.092690157,0.21106243,-0.45981887,0.35540963,-0.063092931,0.25320529,-0.47168556,-0.23934588,0.43415843,-0.32017728,-0.054228554,0.15756237,0.21071244,0.74928821,0.15786587,-0.053827365,-0.17631623,0.35725521,-0.34179463,-0.31070396,0.80762715,0.48405224,-0.41986688,-0.39860496,-0.12845581,-0.2754384,-0.70637758,2.6537407,0.3171801,0.058976001,-0.21405366,0.001111159,-0.11545964,0.50137321,0.20347623,-0.45455625,0.036856551,-0.048711772,0.27019593,-0.0719688,-0.14602941,-0.31634669,0.22010903,-0.31391839,-0.37963448,0.1490497,0.012287898,0.73917852,0.0042834999,0.82515804,0.069218255,1.5474987,0.07563837,0.58169929,2.0786597,1.0052978,1.2694538,-0.11970985,-0.1200061,0.13794377,0.63413117,0.29077286,0.70501088,1.9354278,0.74884814,1.2569493,0.34683145,0.13426885,0.65818662,1.7602863,0.82409383,-0.099545425,-0.97079591,2.5160159,0.67154941,0.29257261,-0.10245353,2.1453774,0.92982741,0.67704666,0.71987873,0.089248935,0.86793768,0.26363448
-0.17844792,-0.2594731,0.17163876,-0.11709868,0.16933574,-0.0096170709,0.26674696,-0.7978437,0.19337751,-0.34811243,-0.17684524,0.36897911,-1.474071,0.32964691,-0.006183097,-0.14541578,0.12069088,0.041465507,-0.47662155,0.30971768,-0.1060261,0.019005131,-0.44379437,-0.060706022,0.58759586,-0.064398032,-0.081739151,0.35170592,0.3972027,0.90113023,0.1896707,0.12425291,-0.23526339,0.61719789,-0.44912173,-0.26483934,0.1164899,0.44091647,-0.25287784,-0.48868911,-0.042731837,-0.29134662,-0.30707688,1.1553846,0.42303507,0.20719931,0.05603087,0.22771811,-0.11310455,-0.33333635,0.34696389,0.31459,-1.2650744,-1.5272921,-0.49064016,0.038689976,0.086343138,-0.43290016,0.049480863,-0.16804224,-0.3576884,-0.026306049,-0.104105,0.51967381,0.42519351,-0.54097616,0.17855007,0.90299398,0.080578491,0.83666822,0.98133858,1.0099683,1.2243422,0.12404237,0.042422635,0.1993058,0.64784964,0.48603908,0.71381545,0.83474501,0.81804204,0.80040658,0.52637517,0.29615038,0.63971097,1.2692178,0.80693862,-0.072254718,-1.8623141,1.9308803,0.78798188,0.45394247,-0.021530855,1.8595552,0.9638794,1.2486477,0.91141946,0.099830079,0.83823445,0.59589603
-0.25605159,0.14367171,0.11085684,0.05895187,0.31289248,0.041113181,0.3633978,0.093126673,0.45170853,-0.28285676,-0.11922008,0.33294027,-1.0700091,0.14763104,0.56791545,-0.037778275,0.34982908,0.2030291,-0.29426952,0.59314197,0.0018426594,0.12422035,-0.3595461,-0.26418938,0.54978831,0.21960221,0.035595301,0.11957296,0.57304911,0.49019473,0.25330914,0.2068647,0.015158246,0.81170786,-0.39278702,-0.25434277,0.036514563,0.29539937,-0.027529814,-0.23231543,-0.17717182,-0.20508485,-0.22249628,-0.36681942,0.26151674,0.13314702,0.14788919,0.23970956,-0.023894207,-0.524546,0.33918469,0.5821895,-0.20802439,-0.24101953,-0.45251328,0.076532621,-0.14779453,-0.38359833,0.12923039,0.15667789,-0.059085421,0.16546113,0.46355293,0.64716018,0.11737688,-0.091631666,0.45654674,-0.32566723,-0.029783082,0.42748505,-0.16344038,0.9373903,0.56942382,0.27346274,0.34329344,0.4775621,0.38106202,0.73455973,0.43376464,-0.030335993,0.53934704,0.73153981,0.22788969,0.06293182,0.24261796,0.39910334,0.49505124,0.015932976,-1.2386221,0.88438617,0.40136535,0.38968526,0.14479403,0.49048734,1.0141616,1.3726073,0.49387098,0.31919841,1.3586827,0.3878846
