0.0,0.0,0.0,0.0,0.0,0.0,0.0,0.0,0.0,0.0,0.0,0.0,0.0,0.0,0.0,0.0,0.0,0.0,1.0,1.0,1.0,1.0,1.0,1.0,1.0,1.0,1.0,1.0,1.0,1.0,1.0,1.0,1.0,1.0,1.0,1.0
-0.52473014,-0.68255787,-0.21481748,0.63187234,-0.7741349,-1.7517895,1.4478094,-0.47876144,1.4298503,1.9333573,-0.63787331,-1.0809788,-0.53540335,0.798086,-0.8800852,-0.10505623,-0.73272931,-0.9523759,-1.1563265,0.033170997,0.67467478,-1.15228,-1.7481315,-0.52044731,-0.45420855,0.98783652,0.024367557,-1.0865973,-0.5337674,-0.38890145,-1.0085989,-0.32743361,-0.2992819,-0.27434776,1.7728338,0.70715767
-0.56031737,-0.63466152,-0.19593424,0.59848526,-0.6822407,-1.7236914,1.3640999,-0.74699922,1.4298503,1.7909644,-0.72795505,-1.1340934,-0.51720823,0.65016097,-0.86323041,-0.043877476,-0.82524428,-0.9523759,-1.1563265,0.033170997,0.60442176,-1.180606,-1.7095218,-0.52044731,-0.45420855,0.95716226,-0.077147488,-1.1905204,-0.38737189,-0.50127988,-1.1353552,-0.32743361,-0.28053236,-0.3024881,1.6289176,0.70715767
-0.61369822,-0.66659242,-0.12040129,0.51501757,-0.65926716,-1.6955933,1.3138741,-0.83641182,1.4298503,1.6663706,-0.7459714,-1.1695032,-0.48081799,0.45292758,-0.82952084,0.017301281,-0.91775925,-0.93238417,-1.1563265,-0.048682615,0.49904223,-1.180606,-1.7095218,-0.52044731,-0.38648695,0.92648799,-0.14482419,-1.1905204,-0.24097639,-0.78222595,-1.1670442,-0.32743361,-0.28053236,-0.3024881,1.6289176,0.70715767
-0.63149184,-0.71448877,-0.044868335,0.43154987,-0.7741349,-1.6955933,1.2469065,-0.89005937,1.5232067,1.4349821,-0.7099387,-1.1340934,-0.49901311,0.2556942,-0.79581127,0.13965879,-0.99177122,-0.8924007,-1.1836232,-0.13053623,0.46391572,-1.1239541,-1.7481315,-0.52044731,-0.35262615,0.89581373,-0.21250088,-1.1905204,-0.12385999,-0.89460438,-1.1670442,-0.32743361,-0.26178283,-0.33062844,1.6289176,0.70715767
-0.70266631,-0.74641967,0.049547855,0.34808218,-0.75116135,-1.6955933,1.0627454,-0.89005937,1.5978919,1.3103884,-0.65588966,-1.0986836,-0.49901311,0.025588588,-0.74524691,0.28240923,-1.0472802,-0.87240897,-1.1836232,-0.13053623,0.3936627,-1.0956281,-1.7481315,-0.52044731,-0.38648695,0.89581373,-0.28017758,-1.1905204,-0.065301785,-0.9507936,-1.2304223,-0.35746295,-0.2430333,-0.33062844,1.5209804,0.70715767
-0.82722163,-0.76238512,0.14396405,0.29800156,-0.79710844,-1.6534462,0.79487481,-0.83641182,1.6165632,1.1145981,-0.72795505,-0.93933967,-0.48081799,-0.12233645,-0.74524691,0.42515966,-1.1397952,-0.93238417,-1.1836232,-0.13053623,0.35853619,-1.0956281,-1.7481315,-0.54424592,-0.45420855,0.89581373,-0.31401593,-1.2251615,-0.006743583,-1.0069828,-1.1036661,-0.32743361,-0.22428377,-0.33062844,1.4130432,0.70715767
-1.2008876,-0.73045422,0.25726347,0.28130803,-0.7741349,-1.5832009,0.51026228,-0.94370693,1.6165632,0.86541053,-0.67390601,-0.83311036,-0.44442775,-0.22095314,-0.69468255,0.56791009,-1.1212922,-0.87240897,-1.1563265,-0.089609421,0.3936627,-1.1239541,-1.7481315,-0.54424592,-0.38648695,0.8344652,-0.28017758,-1.2251615,0.051814619,-0.9507936,-1.040288,-0.32743361,-0.20553423,-0.33062844,1.269127,0.70715767
-1.1653004,-0.66659242,0.35167967,0.24792095,-0.75116135,-1.4848576,0.30935932,-1.1046496,1.6165632,0.68741939,-0.7099387,-0.7799957,-0.42623263,-0.40175041,-0.74524691,0.7922322,-1.1212922,-0.8324255,-1.1563265,-0.048682615,0.3936627,-1.0956281,-1.7095218,-0.52044731,-0.42034775,0.8344652,-0.34785428,-1.1905204,0.13965192,-0.9507936,-1.1353552,-0.32743361,-0.1867847,-0.35876877,1.1611899,0.78494955
-0.98736418,-0.65062697,0.50274557,0.14775972,-0.82008199,-1.4286614,0.12519827,-1.1940622,1.6165632,0.52722738,-0.65588966,-0.72688105,-0.40803751,-0.45105875,-0.71153733,1.0165543,-1.1212922,-0.85241723,-1.1563265,-0.089609421,0.35853619,-1.0956281,-1.670912,-0.52044731,-0.38648695,0.80379093,-0.48320767,-1.1212384,0.28604742,-0.9507936,-1.2304223,-0.32743361,-0.16803517,-0.35876877,0.90933649,0.86274143
-1.1297131,-0.71448877,0.63492824,-0.019175668,-1.0038704,-1.3865142,-0.14267234,-1.2119447,1.5792206,0.38483447,-0.63787331,-0.62065173,-0.42623263,-0.56611156,-0.67782776,1.2612693,-1.1027892,-0.81243377,-1.1290299,-0.17146303,0.28828317,-1.0956281,-1.7481315,-0.52044731,-0.35262615,0.77311667,-0.51704602,-1.0173152,0.37388473,-0.9507936,-1.2621114,-0.32743361,-0.14928564,-0.35876877,0.58552501,0.70715767
-1.4499982,-0.71448877,0.71046119,-0.13603044,-0.82008199,-1.2460237,-0.44402678,-1.2298272,1.5232067,0.11784777,-0.60184061,-0.39048822,-0.44442775,-0.68116437,-0.66097298,1.587556,-1.0472802,-0.79244203,-1.1017333,-0.13053623,0.25315666,-1.0106503,-1.7867412,-0.52044731,-0.35262615,0.71176814,-0.58472272,-0.98267422,0.43244293,-0.9507936,-1.2938004,-0.32743361,-0.1305361,-0.35876877,0.11779731,0.55157391
-1.3254429,-0.69852332,0.78599414,-0.10264336,-0.84305554,-1.3584161,-0.66167166,-1.2298272,1.5232067,-0.042344246,-0.58382426,-0.23114425,-0.46262287,-0.8290894,-0.64411819,1.8118781,-0.95476523,-0.81243377,-1.0744366,-0.089609421,0.21803015,-0.89734644,-1.7481315,-0.54424592,-0.38648695,0.71176814,-0.65239941,-0.94803318,0.46172203,-0.89460438,-1.1036661,-0.32743361,-0.11178657,-0.35876877,-0.60178377,0.62936579
-1.183094,-0.68255787,0.99370976,-0.019175668,-0.95792328,-1.3584161,-0.82909079,-1.2298272,1.4671929,-0.13133981,-0.60184061,-0.19573448,-0.51720823,-0.84552552,-0.6272634,1.9342357,-0.84374727,-0.7724503,-1.1017333,-0.048682615,0.18290364,-0.84069453,-1.7481315,-0.56804454,-0.31876536,0.71176814,-0.68623776,-0.94803318,0.37388473,-0.83841517,-1.1670442,-0.35746295,-0.093037039,-0.35876877,-0.8896162,0.62936579
-0.98736418,-0.68255787,1.2203086,0.064292025,-0.91197618,-1.330318,-0.92954227,-1.2298272,1.411179,-0.060143359,-0.63787331,-0.07180028,-0.62637896,-0.79621717,-0.6272634,2.1177719,-0.73272931,-0.75245856,-1.1290299,-0.048682615,0.14777713,-0.81236858,-1.7481315,-0.56804454,-0.42034775,0.65041961,-0.72007611,-1.0173152,0.43244293,-0.89460438,-0.85015365,-0.35746295,-0.093037039,-0.35876877,-0.99755336,0.55157391
-0.84501524,-0.74641967,1.4280242,0.080985563,-0.88900264,-1.3443671,-0.99650992,-1.2298272,1.3738365,-0.060143359,-0.65588966,0.069838805,-0.7537448,-0.74690883,-0.64411819,2.2605224,-0.56620238,-0.7724503,-1.1290299,-0.048682615,0.11265062,-0.78404262,-1.7867412,-0.54424592,-0.42034775,0.61974535,-0.82159116,-1.0519563,0.43244293,-1.0069828,-0.85015365,-0.35746295,-0.074287507,-0.35876877,-0.99755336,0.55157391
-0.72045992,-0.79431601,1.5790901,0.047598486,-0.93494973,-1.3865142,-1.0634776,-1.1940622,1.28048,-0.27373272,-0.67390601,0.14065835,-0.8447204,-0.74690883,-0.64411819,2.362487,-0.38117245,-0.7724503,-1.0744366,-0.089609421,0.11265062,-0.69906475,-1.7867412,-0.54424592,-0.42034775,0.55839682,-0.82159116,-1.1212384,0.40316383,-1.063172,-1.2938004,-0.35746295,-0.055537974,-0.35876877,-1.0335324,0.55157391
-0.50693652,-0.74641967,1.6357399,-0.019175668,-0.91197618,-1.4567595,-1.1137033,-1.1940622,1.1871236,-0.48732208,-0.58382426,0.193773,-0.89930576,-0.74690883,-0.64411819,2.5460232,-0.17763952,-0.7724503,-0.99254676,-0.13053623,0.11265062,-0.64241284,-1.7867412,-0.54424592,-0.45420855,0.55839682,-0.82159116,-1.1558794,0.40316383,-1.063172,-1.1670442,-0.35746295,-0.055537974,-0.35876877,-0.9615743,0.55157391
-0.36458758,-0.66659242,1.730156,-0.0024821296,-0.93494973,-1.5129557,-1.1639291,-1.1761797,1.1311098,-0.48732208,-0.69192235,0.24688766,-0.97208625,-0.73047271,-0.64411819,2.4236657,0.93254006,-0.79244203,-0.828767,-0.17146303,0.042397595,-0.64241284,-1.7481315,-0.54424592,-0.45420855,0.52772255,-0.8554295,-1.0173152,0.40316383,-1.063172,-1.0085989,-0.35746295,-0.055537974,-0.35876877,-0.92559525,0.62936579
-0.22223865,-0.63466152,1.9001052,0.064292025,-0.7741349,-1.5410538,-1.2308967,-1.2298272,1.0377533,-0.45172385,-0.67390601,0.17606812,-0.99028137,-0.66472825,-0.61040862,2.4236657,1.080564,-0.8324255,-0.66498723,-0.17146303,-0.027855425,-0.61408689,-1.7095218,-0.52044731,-0.42034775,0.49704829,-0.88926785,-0.87875112,0.31532653,-1.063172,-0.97690988,-0.35746295,-0.055537974,-0.35876877,-0.92559525,0.70715767
-0.062096092,-0.63466152,2.1078208,0.14775972,-0.82008199,-1.5129557,-1.3146063,-1.2655923,0.88838304,-0.5229203,-0.72795505,0.069838805,-1.0448667,-0.64829214,-0.59355383,2.5052374,1.3025999,-0.8324255,-0.50120746,-0.21238984,-0.098108445,-0.61408689,-1.7095218,-0.54424592,-0.38648695,0.37435123,-0.95694455,-1.0173152,0.37388473,-1.063172,-1.0085989,-0.32743361,-0.055537974,-0.35876877,-0.8896162,0.78494955
0.15142731,-0.60273062,2.1455873,0.24792095,-0.86602909,-1.4848576,-1.2978644,-1.2655923,0.73901275,-0.62971498,-0.60184061,0.17606812,-1.0266716,-0.66472825,-0.55984426,2.3828799,1.5061328,-0.8324255,-0.31013107,-0.29424345,-0.098108445,-0.58576093,-1.670912,-0.56804454,-0.42034775,0.3130027,-1.0246212,-1.2251615,0.43244293,-0.9507936,-0.85015365,-0.32743361,-0.055537974,-0.35876877,-0.9615743,0.78494955
0.38274433,-0.60273062,1.805689,0.33138864,-0.93494973,-1.4567595,-1.2643805,-1.1940622,0.62698504,-0.70091143,-0.7099387,0.45934629,-0.93569601,-0.64829214,-0.52613469,2.2401294,1.7096658,-0.79244203,-0.091758051,-0.29424345,-0.098108445,-0.52910902,-1.7095218,-0.56804454,-0.45420855,0.3130027,-1.0246212,-1.1905204,0.31532653,-0.83841517,-0.50157402,-0.32743361,-0.055537974,-0.35876877,-0.9615743,0.70715767
0.54288689,-0.61869607,2.3344197,0.3981628,-0.95792328,-1.4005633,-1.2978644,-1.1225321,0.47761475,-0.77210789,-0.7820041,0.65410003,-0.77193992,-0.68116437,-0.49242511,2.1177719,1.9317017,-0.7724503,0.12661497,-0.21238984,-0.13323496,-0.52910902,-1.7867412,-0.54424592,-0.42034775,0.28232843,-1.0246212,-0.98267422,0.081093719,-0.66984752,-0.62833025,-0.35746295,-0.055537974,-0.35876877,-1.0335324,0.86274143
0.64964859,-0.57079972,2.126704,0.49832403,-0.98089683,-1.3022199,-1.3313482,-1.0867671,0.34691575,-0.77210789,-0.7820041,0.70721469,-0.5717936,-0.69760048,-0.54298947,1.9750215,2.2092466,-0.79244203,0.29039473,-0.29424345,-0.23861449,-0.52910902,-1.7481315,-0.54424592,-0.35262615,0.19030564,-1.0584596,-0.80946905,-0.094580885,-0.55746909,-0.69170837,-0.35746295,-0.055537974,-0.35876877,-0.92559525,0.86274143
0.70302944,-0.55483427,2.0511711,0.71534003,-1.0268439,-1.2038766,-1.3146063,-1.0688846,0.2909019,-0.80770611,-0.7099387,0.14065835,-0.35345215,-0.74690883,-0.55984426,1.7099136,2.4497855,-0.7724503,0.48147113,-0.37609706,-0.273741,-0.50078307,-1.670912,-0.56804454,-0.38648695,0.067608583,-1.0246212,-0.94803318,-0.38737189,-0.44509066,-0.66001931,-0.38749229,-0.055537974,-0.33062844,-0.9615743,0.70715767
0.73861668,-0.58676517,2.2211202,0.99913019,-1.0038704,-1.1336313,-1.3146063,-1.1046496,0.25355933,-0.80770611,-0.67390601,0.15836323,-0.15330583,-0.77978106,-0.49242511,1.4651985,2.5793064,-0.75245856,0.67254752,-0.29424345,-0.273741,-0.44413116,-1.670912,-0.56804454,-0.35262615,-0.024414211,-0.9907829,-0.98267422,-0.5630465,-0.27652302,-0.66001931,-0.35746295,-0.055537974,-0.33062844,-0.9615743,0.86274143
0.68523583,-0.57079972,2.1078208,1.2996139,-0.98089683,-1.049337,-1.3480901,-1.2477098,0.19754547,-0.789907,-0.67390601,0.17606812,-0.0077448618,-0.68116437,-0.44186075,1.2612693,2.7828394,-0.75245856,0.7544374,-0.25331665,-0.30886751,-0.35915329,-1.670912,-0.54424592,-0.31876536,-0.055088475,-1.0246212,-0.80946905,-0.38737189,-0.27652302,-0.62833025,-0.35746295,-0.055537974,-0.33062844,-0.8896162,0.86274143
0.84537838,-0.55483427,1.9756381,1.6000976,-1.0038704,-0.92289559,-1.364832,-1.2834748,0.12286033,-0.73650966,-0.61985696,0.28229743,0.083230741,-0.58254768,-0.39129639,1.0369472,3.0048753,-0.75245856,0.72714078,-0.25331665,-0.41424704,-0.30250138,-1.5936926,-0.54424592,-0.38648695,0.006260054,-1.0246212,-0.67090491,-0.15313909,-0.38890145,-0.5966412,-0.35746295,-0.036788441,-0.3024881,-0.92559525,0.78494955
0.93434646,-0.53886882,1.881222,1.984049,-0.98089683,-0.82455224,-1.3313482,-1.2655923,-0.0078386739,-0.71871055,-0.60184061,0.3177072,0.17420634,-0.46749487,-0.35758682,0.7922322,2.8568513,-0.73246683,0.78173403,-0.33517026,-0.48450006,-0.21752352,-1.5164731,-0.54424592,-0.42034775,0.067608583,-1.0246212,-0.56698181,-0.094580885,-0.38890145,-0.62833025,-0.32743361,-0.036788441,-0.3024881,-0.9615743,0.70715767
0.56068051,-0.52290338,1.7868058,2.3846939,-0.95792328,-0.74025795,-1.3146063,-1.2477098,-0.11986639,-0.71871055,-0.61985696,0.26459255,0.26518195,-0.40175041,-0.32387725,0.54751717,2.7088274,-0.69248336,0.83632729,-0.37609706,-0.48450006,-0.16087161,-1.5936926,-0.54424592,-0.42034775,0.067608583,-1.0246212,-0.53234078,0.022535518,-0.27652302,-0.66001931,-0.32743361,-0.018038909,-0.3024881,-0.8896162,0.70715767
0.57847412,-0.47500703,1.6735063,2.6184034,-0.93494973,-0.6700127,-1.2978644,-1.2655923,-0.2318941,-0.70091143,-0.58382426,0.35311697,0.35615755,-0.45105875,-0.30702246,0.34358798,2.4682885,-0.63250816,0.83632729,-0.45795068,-0.44937355,-0.07589374,-1.5936926,-0.56804454,-0.42034775,0.036934319,-1.0246212,-0.32449458,0.11037282,-0.16414459,-0.66001931,-0.35746295,-0.018038909,-0.33062844,-1.0335324,0.55157391
0.56068051,-0.45904158,1.5224404,2.852113,-0.95792328,-0.59976745,-1.2643805,-1.3550049,-0.30657924,-0.66531321,-0.65588966,0.42393652,0.44713315,-0.45105875,-0.29016768,0.16005171,2.5423005,-0.63250816,0.80903066,-0.53980429,-0.48450006,-0.01924183,-1.4392537,-0.56804454,-0.38648695,-0.024414211,-1.0246212,0.021915756,0.081093719,-0.2203338,-0.75508648,-0.38749229,-0.018038909,-0.33062844,-1.1414696,0.47378203
0.47171242,-0.45904158,1.4280242,2.9522742,-0.91197618,-0.5295222,-1.2476386,-1.3728874,-0.39993567,-0.66531321,-0.60184061,0.33541209,0.48352339,-0.51680322,-0.29016768,0.098872957,2.1722406,-0.59252469,0.80903066,-0.53980429,-0.55475308,0.037410081,-1.3620342,-0.54424592,-0.45420855,-0.055088475,-1.0246212,0.26440299,0.051814619,-0.61365831,-0.81846459,-0.35746295,-0.036788441,-0.33062844,-1.1054905,0.31819827
0.38274433,-0.49097248,1.2958416,3.0858225,-0.86602909,-0.51547315,-1.2476386,-1.4086524,-0.45594953,-0.70091143,-0.61985696,0.38852675,0.46532827,-0.58254768,-0.32387725,0.017301281,2.0612226,-0.53254949,0.86362391,-0.49887748,-0.55475308,0.094061991,-1.2848147,-0.54424592,-0.48806935,-0.055088475,-1.0246212,0.43760816,0.051814619,-0.89460438,-0.85015365,-0.32743361,-0.036788441,-0.33062844,-1.1054905,0.47378203
0.29377625,-0.49097248,1.1447757,3.0524354,-0.82008199,-0.48737505,-1.2141548,-1.6053601,-0.39993567,-0.71871055,-0.49374251,0.4416414,0.46532827,-0.61541991,-0.35758682,-0.023484557,2.0612226,-0.53254949,0.80903066,-0.33517026,-0.58987959,0.12238795,-1.2075953,-0.56804454,-0.42034775,-0.08576274,-1.0246212,0.64545436,0.081093719,-1.2879289,-0.85015365,-0.32743361,-0.055537974,-0.35876877,-1.1414696,0.55157391
0.25818902,-0.45904158,0.84264386,2.8354194,-0.79710844,-0.4171298,-1.2141548,-1.6590077,-0.32525053,-0.73650966,-0.60184061,0.42393652,0.41074291,-0.58254768,-0.40815118,-0.064270395,1.7836777,-0.53254949,0.83632729,-0.29424345,-0.69525912,0.17903986,-1.246205,-0.56804454,-0.45420855,-0.17778553,-1.0584596,0.71473643,0.19821012,-2.2993348,-0.91353177,-0.38749229,-0.055537974,-0.35876877,-1.1054905,0.70715767
0.47171242,-0.42711068,0.54051205,2.5683228,-0.7741349,-0.40308075,-1.1974129,-1.498065,-0.3625931,-0.73650966,-0.65588966,0.42393652,0.35615755,-0.54967545,-0.49242511,-0.18662791,1.5431388,-0.53254949,0.89092054,-0.37609706,-0.73038563,0.29234368,-1.246205,-0.52044731,-0.52193015,-0.30048259,-1.0922979,0.68009539,0.31532653,-1.568875,-0.94522082,-0.38749229,-0.074287507,-0.38690911,-1.1054905,0.62936579
0.11584008,-0.39517978,0.46497909,2.3680003,-0.79710844,-0.4171298,-1.180671,-1.3907699,-0.3625931,-0.70091143,-0.56580791,0.47705117,0.35615755,-0.56611156,-0.61040862,-0.2885925,1.3025999,-0.45258255,0.89092054,-0.41702387,-0.69525912,0.4056475,-1.246205,-0.52044731,-0.48806935,-0.36183112,-1.0922979,0.74937746,0.40316383,-1.6250642,-1.0719771,-0.35746295,-0.093037039,-0.38690911,-1.1054905,0.62936579
0.098046461,-0.36324888,0.40832938,2.1175973,-0.7281878,-0.3609336,-1.1639291,-1.3013573,-0.3625931,-0.71871055,-0.56580791,0.58328049,0.33796243,-0.59898379,-0.72839212,-0.43134294,1.006552,-0.41259908,0.89092054,-0.33517026,-0.69525912,0.43397345,-1.2075953,-0.54424592,-0.48806935,-0.45385391,-1.0584596,0.85330056,0.57883843,-1.7936318,-1.2621114,-0.35746295,-0.093037039,-0.41504944,-1.0695115,0.70715767
0.098046461,-0.37921433,0.27614671,1.8505007,-0.70521425,-0.3328355,-1.1471871,-1.2477098,-0.39993567,-0.71871055,-0.54779156,0.65410003,0.26518195,-0.61541991,-0.86323041,-0.53330753,0.5624802,-0.41259908,0.91821717,-0.25331665,-0.76551214,0.43397345,-1.2848147,-0.56804454,-0.42034775,-0.51520244,-1.0922979,1.1304288,0.69595484,-1.7374426,-1.4522457,-0.35746295,-0.11178657,-0.41504944,-1.0335324,0.55157391
0.062459227,-0.39517978,0.14396405,1.6167911,-0.65926716,-0.3328355,-1.1974129,-1.1761797,-0.43727824,-0.70091143,-0.49374251,0.74262446,0.21059658,-0.68116437,-0.94750434,-0.47212877,0.63649217,-0.45258255,0.89092054,-0.25331665,-0.76551214,0.46229941,-1.3234245,-0.56804454,-0.45420855,-0.57655097,-1.0922979,1.3729161,0.87162944,-1.849821,-1.579002,-0.35746295,-0.1305361,-0.44318978,-1.0695115,0.55157391
0.0090783761,-0.39517978,0.16284728,1.366388,-0.59034651,-0.37498265,-1.2308967,-1.051002,-0.47462081,-0.70091143,-0.69192235,0.86655866,0.26518195,-0.7140366,-0.94750434,-0.41095002,0.45146224,-0.47257429,0.91821717,-0.17146303,-0.76551214,0.49062536,-1.2848147,-0.54424592,-0.45420855,-0.57655097,-1.0922979,1.3729161,1.1058622,-1.6812534,-1.5473129,-0.35746295,-0.1305361,-0.44318978,-0.99755336,0.55157391
-0.026508858,-0.44307613,0.087314331,1.0992914,-0.54439941,-0.37498265,-1.2308967,-0.90794189,-0.4932921,-0.70091143,-0.7459714,0.9373782,0.31976731,-0.73047271,-0.8800852,-0.47212877,0.26643231,-0.49256602,0.9455138,-0.089609421,-0.80063865,0.46229941,-1.246205,-0.54424592,-0.45420855,-0.57655097,-1.0922979,1.5114802,1.1644204,-1.2317397,-1.2938004,-0.32743361,-0.14928564,-0.47133011,-0.9615743,0.47378203
0.0090783761,-0.50693793,-0.12040129,0.8321948,-0.40655813,-0.3328355,-1.2308967,-0.71123418,-0.4932921,-0.71871055,-0.7459714,1.0259026,0.31976731,-0.73047271,-0.77895648,-0.45173585,0.2849353,-0.59252469,0.89092054,-0.17146303,-0.80063865,0.37732154,-1.2075953,-0.52044731,-0.48806935,-0.60722524,-1.0584596,1.5114802,1.0765831,-1.3441181,-0.69170837,-0.35746295,-0.14928564,-0.47133011,-0.9615743,0.47378203
0.04466561,-0.61869607,-0.13928453,0.71534003,-0.33763748,-0.3047374,-1.2141548,-0.56817403,-0.53063467,-0.73650966,-0.7459714,1.1321319,0.33796243,-0.69760048,-0.6272634,-0.43134294,0.17391735,-0.73246683,0.83632729,-0.17146303,-0.80063865,0.37732154,-1.1689856,-0.49664869,-0.52193015,-0.6378995,-1.0584596,1.4421981,1.1058622,-2.1869563,-0.5966412,-0.35746295,-0.16803517,-0.47133011,-1.0335324,0.55157391
0.098046461,-0.71448877,-0.025985097,0.68195295,-0.47547877,-0.34688455,-1.180671,-0.22840617,-0.54930596,-0.75430877,-0.7099387,1.1498368,0.33796243,-0.68116437,-0.45871554,-0.43134294,-0.011112585,-0.8324255,0.91821717,-0.089609421,-0.80063865,0.49062536,-1.1303758,-0.52044731,-0.58965174,-0.66857377,-1.0246212,1.4421981,1.1644204,-1.9621995,-0.18468345,-0.35746295,-0.1867847,-0.49947045,-0.8896162,0.55157391
0.25818902,-0.77835056,-0.15816776,0.58179172,-0.54439941,-0.37498265,-1.1974129,-0.42511388,-0.56797724,-0.77210789,-0.72795505,1.2560661,0.28337707,-0.69760048,-0.30702246,-0.2885925,-0.10362755,-0.93238417,0.83632729,-0.0077558088,-0.80063865,0.63225514,-1.1689856,-0.52044731,-0.58965174,-0.6378995,-1.0246212,1.338275,1.2229787,-1.6812534,-0.02623817,-0.35746295,-0.1867847,-0.49947045,-0.85363714,0.47378203
0.29377625,-0.82624691,-0.44141634,0.3981628,-0.42953167,-0.3609336,-1.2476386,0.0040665787,-0.68000496,-0.77210789,-0.69192235,1.2914759,0.24698682,-0.64829214,-0.15532939,-0.55370045,-0.10362755,-1.0323428,0.89092054,-0.13053623,-0.80063865,0.68890705,-1.2075953,-0.54424592,-0.55579094,-0.60722524,-1.0246212,1.268993,1.2522578,-1.3441181,-0.50157402,-0.38749229,-0.20553423,-0.49947045,-0.85363714,0.62936579
0.52509327,-0.87414326,-0.51694929,0.16445326,-0.54439941,-0.3609336,-1.2141548,0.25442185,-0.6239911,-0.77210789,-0.63787331,1.273771,0.17420634,-0.63185602,-0.020491096,-0.61487921,-0.14063354,-1.092318,0.91821717,-0.048682615,-0.80063865,0.77388492,-1.1689856,-0.52044731,-0.55579094,-0.66857377,-1.0246212,1.2343519,1.2815369,-1.4003073,0.068829001,-0.35746295,-0.20553423,-0.49947045,-0.8896162,0.39599015
0.61406136,-0.89010871,-0.47918281,-0.019175668,-0.61332006,-0.34688455,-1.1639291,0.3080694,-0.56797724,-0.80770611,-0.60184061,1.273771,0.15601122,-0.68116437,0.080637622,-0.67605796,-0.12213054,-1.0723263,0.89092054,0.15595142,-0.83576516,0.85886278,-1.0145466,-0.52044731,-0.55579094,-0.7299223,-1.0246212,1.2343519,1.2815369,-2.2431455,0.22727429,-0.35746295,-0.22428377,-0.49947045,-0.8896162,0.31819827
0.66744221,-0.90607416,-0.55471576,-0.15272398,-0.93494973,-0.34688455,-1.1974129,0.34383444,-0.6239911,-0.82550523,-0.63787331,1.273771,0.17420634,-0.68116437,0.16491155,-0.73723672,-0.34416646,-0.97236764,0.86362391,0.23780503,-0.80063865,0.91551469,-0.93732718,-0.52044731,-0.52193015,-0.76059656,-1.0584596,1.1997109,1.3400951,-1.849821,0.48078674,-0.38749229,-0.22428377,-0.52761079,-0.8896162,0.39599015
0.84537838,-0.92203961,-0.573599,-0.26957875,-0.86602909,-0.31878645,-1.2308967,0.7730149,-0.68000496,-0.82550523,-0.67390601,1.2560661,0.21059658,-0.63185602,0.21547591,-0.7168438,-0.39967544,-0.8324255,0.80903066,0.23780503,-0.80063865,0.88718874,-1.0145466,-0.49664869,-0.45420855,-0.79127082,-1.0584596,1.2343519,1.4572115,-1.6250642,0.67092108,-0.35746295,-0.2430333,-0.52761079,-0.85363714,0.31819827
1.0589018,-0.85817781,-0.66801519,-0.36973998,-1.1187381,-0.22044311,-1.2308967,0.7730149,-0.69867624,-0.84330434,-0.65588966,1.2029515,0.26518195,-0.66472825,0.24918548,-0.73723672,-0.38117245,-0.63250816,0.78173403,0.27873183,-0.76551214,0.83053683,-1.0145466,-0.47285007,-0.45420855,-0.7299223,-1.0584596,1.4075571,1.5450488,-1.7936318,0.92443354,-0.35746295,-0.2430333,-0.52761079,-0.74569998,0.31819827
1.2724252,-0.69852332,-0.80019786,-0.45320767,-1.279553,-0.094001659,-1.2476386,0.98760513,-0.6239911,-0.84330434,-0.63787331,1.0967222,0.35615755,-0.61541991,0.28289506,-0.75762964,-0.36266945,-0.43259082,0.69984415,0.19687822,-0.80063865,0.91551469,-1.0145466,-0.44905146,-0.45420855,-0.76059656,-1.0922979,1.5461212,1.5157697,-2.2993348,1.3047022,-0.32743361,-0.26178283,-0.49947045,-0.74569998,0.39599015
1.6816784,-0.52290338,-0.8190811,-0.51998183,-1.279553,0.032439788,-1.2476386,1.0591352,-0.56797724,-0.89670168,-0.61985696,0.97278797,0.2287917,-0.59898379,0.29974984,-0.69645088,-0.30716047,-0.23267348,0.50876776,0.19687822,-0.83576516,0.80221087,-0.93732718,-0.44905146,-0.48806935,-0.79127082,-1.1261363,1.5461212,1.4864906,-1.7374426,1.8117271,-0.32743361,-0.28053236,-0.49947045,-0.9615743,0.24040639
1.7706465,-0.34728343,-0.85684757,-0.60344952,-1.1417117,0.11673409,-1.2476386,0.84454497,-0.54930596,-0.9322999,-0.65588966,0.83114889,0.30157219,-0.63185602,0.29974984,-0.67605796,-0.38117245,-0.05274787,0.39958124,0.23780503,-0.83576516,0.85886278,-0.78288826,-0.47285007,-0.52193015,-0.76059656,-1.0922979,1.6500443,1.4864906,-1.849821,2.287063,-0.32743361,-0.28053236,-0.47133011,-1.0335324,-0.070761127
2.1087252,-0.17166349,-0.89461405,-0.67022367,-1.0498175,0.18697933,-1.2476386,0.71936734,-0.56797724,-0.9322999,-0.7459714,0.63639514,0.37435267,-0.58254768,0.24918548,-0.7168438,-0.45518442,0.107186,0.31769136,0.19687822,-0.87089167,0.94384065,-0.78288826,-0.49664869,-0.45420855,-0.76059656,-1.0584596,1.8232495,1.6328861,-1.7936318,2.7307098,-0.35746295,-0.2992819,-0.47133011,-0.9615743,-0.070761127
2.3934231,-0.027974446,-0.93238053,-0.68691721,-0.7741349,0.28532268,-1.2308967,0.80877994,-0.56797724,-0.95009902,-0.7099387,0.35311697,0.44713315,-0.53323933,0.2323307,-0.73723672,-0.45518442,0.28711161,0.1539116,0.19687822,-0.87089167,1.0004926,-0.82149799,-0.47285007,-0.45420855,-0.69924803,-1.0246212,1.8925316,1.8671189,-1.3441181,2.9842222,-0.35746295,-0.2992819,-0.41504944,-0.9615743,0.16261451
2.5535656,0.06781825,-0.98903024,-0.72030429,-0.70521425,0.46796033,-1.2476386,0.55842467,-0.54930596,-0.91450079,-0.60184061,0.087543691,0.53810875,-0.53323933,0.21547591,-0.77802256,-0.45518442,0.40706201,-0.11905468,0.15595142,-0.90601818,1.0571445,-0.82149799,-0.49664869,-0.48806935,-0.69924803,-1.0584596,1.9271726,1.9256771,-1.9621995,3.3011128,-0.35746295,-0.31803143,-0.38690911,-0.99755336,0.24040639
2.7315018,0.1795764,-0.970147,-0.73699783,-0.59034651,0.69274512,-1.2476386,0.43324704,-0.4932921,-0.95009902,-0.65588966,-0.07180028,0.6654746,-0.54967545,0.21547591,-0.75762964,-0.4921904,0.50702069,-0.39202095,0.15595142,-0.9762712,1.1421223,-0.82149799,-0.52044731,-0.48806935,-0.69924803,-1.0246212,1.8925316,1.7500025,-2.63647,3.2377347,-0.35746295,-0.31803143,-0.35876877,-1.1054905,0.24040639
2.5713592,0.27536909,-0.91349729,-0.70361075,-0.38358458,0.86133372,-1.180671,0.36171696,-0.47462081,-0.96789813,-0.7459714,-0.16032471,0.86562092,-0.51680322,0.24918548,-0.87998715,-0.5106934,0.56699589,-0.69228386,0.19687822,-0.94114469,1.2271002,-0.78288826,-0.49664869,-0.52193015,-0.7299223,-0.9907829,1.8578905,1.4572115,-1.9621995,3.1743566,-0.32743361,-0.31803143,-0.3024881,-1.1414696,0.084822633
2.4823912,0.35519634,-0.95126377,-0.72030429,-0.19979619,1.0018242,-1.1137033,0.34383444,-0.51196339,-0.98569724,-0.76398775,-0.21343936,1.1203526,-0.48393098,0.16491155,-0.98195175,-0.5106934,0.60697936,-0.96525013,0.15595142,-0.90601818,1.2837521,-0.7056688,-0.47285007,-0.52193015,-0.7299223,-0.95694455,1.9271726,1.3693742,-1.849821,2.5722645,-0.32743361,-0.31803143,-0.27434776,-1.0695115,0.16261451
2.3400422,0.40309269,-0.95126377,-0.73699783,0.052912837,1.1985109,-1.1304452,0.27230436,-0.4932921,-0.98569724,-0.76398775,-0.21343936,1.4296697,-0.45105875,0.11434719,-0.87998715,-0.4921904,0.62697109,-1.1563265,0.033170997,-0.90601818,1.2554262,-0.62844934,-0.44905146,-0.48806935,-0.69924803,-0.95694455,1.8232495,1.5157697,-2.0745779,1.9067943,-0.32743361,-0.31803143,-0.21806709,-0.92559525,0.16261451
2.1976933,0.46695448,-0.91349729,-0.70361075,0.19075413,1.3530505,-1.1304452,0.34383444,-0.39993567,-0.95009902,-0.7459714,-0.28425891,1.8117672,-0.38531429,0.063782836,-0.63527212,-0.4921904,0.66695456,-1.1836232,0.074097804,-0.87089167,1.2554262,-0.58983961,-0.47285007,-0.45420855,-0.6378995,-0.9231062,1.7193264,1.5157697,-1.2317397,1.2096351,-0.32743361,-0.31803143,-0.18992676,-0.74569998,0.24040639
2.073138,0.54678173,-0.93238053,-0.75369137,0.37454251,1.493541,-1.0802195,0.397482,-0.3625931,-0.89670168,-0.8901022,-0.33737356,2.1938647,-0.40175041,0.080637622,-0.59448629,-0.4921904,0.64696282,-1.3474029,0.19687822,-0.87089167,1.2554262,-0.55122988,-0.49664869,-0.48806935,-0.51520244,-0.8554295,1.5461212,1.310816,-2.1869563,0.92443354,-0.32743361,-0.2992819,-0.16178642,-0.60178377,0.16261451
1.8952018,0.53081628,-0.87573081,-0.83715906,0.53535735,1.6199824,-1.0634776,0.36171696,-0.45594953,-0.87890257,-1.0522493,-0.40819311,2.5213769,-0.41818652,0.11434719,-0.75762964,-0.5106934,0.60697936,-1.2928097,0.23780503,-0.94114469,1.1987742,-0.51262015,-0.49664869,-0.52193015,-0.39250539,-0.82159116,1.268993,1.0765831,-0.66984752,0.63923203,-0.32743361,-0.2992819,-0.10550575,-0.24199323,0.084822633
1.6105039,0.48291993,-0.85684757,-0.8538526,0.74211928,1.7183258,-1.0467357,0.3080694,-0.60531981,-0.86110345,-1.088282,-0.53212731,2.7579134,-0.35244206,0.11434719,-0.92077299,-0.5106934,0.58698762,-1.2928097,0.36058545,-0.90601818,1.340404,-0.47401042,-0.47285007,-0.52193015,-0.45385391,-0.8554295,1.0265057,0.87162944,-1.4564965,0.57585391,-0.32743361,-0.2992819,-0.077365413,0.15377636,0.007030753
1.3080124,0.43502358,-0.85684757,-0.83715906,1.0867225,1.7323748,-1.0802195,0.16500925,-0.66133367,-0.82550523,-1.1243147,-0.56753708,2.9216695,-0.30313372,0.063782836,-0.75762964,-0.5106934,0.50702069,-1.265513,0.52429267,-0.87089167,1.8502712,-0.39679096,-0.44905146,-0.55579094,-0.48452818,-0.8554295,0.74937746,0.66667574,-0.55746909,0.57585391,-0.32743361,-0.2992819,-0.049225077,0.33367163,0.16261451
1.0233145,0.35519634,-0.87573081,-0.70361075,1.2705109,1.6480805,-1.1137033,0.021949098,-0.6239911,-0.789907,-1.034233,-0.56753708,3.1036207,-0.23738926,0.046928049,-0.79841548,-0.4921904,0.40706201,-1.265513,0.60614628,-0.87089167,1.7086414,-0.35818123,-0.44905146,-0.62351254,-0.33115686,-0.8554295,0.43760816,0.57883843,-1.2879289,0.54416486,-0.32743361,-0.31803143,-0.021084741,0.36965069,0.084822633
0.50729965,0.37116179,-0.80019786,-0.51998183,1.1786167,1.5497372,-1.1639291,0.093479174,-0.56797724,-0.75430877,-1.088282,-0.58524196,3.2673768,-0.20451703,0.030073263,-0.7168438,-0.47368741,0.36707855,-1.265513,0.56521948,-0.87089167,1.8502712,-0.43540069,-0.42525284,-0.62351254,-0.14711127,-0.78775281,0.22976196,0.52028023,-0.44509066,0.38571957,-0.29740427,-0.31803143,0.03519593,0.44160879,0.007030753
0.38274433,0.33923089,-0.78131462,-0.57006244,1.2015902,1.4373448,-1.2308967,0.32595192,-0.54930596,-0.73650966,-1.4666254,-0.60294685,3.2491817,-0.27026149,0.080637622,-0.67605796,-0.45518442,0.36707855,-1.2928097,0.52429267,-0.90601818,1.9069231,-0.47401042,-0.42525284,-0.58965174,-0.116437,-0.75391446,0.091197823,0.49100113,-0.83841517,0.35403051,-0.29740427,-0.33678096,0.063336266,0.65748312,0.007030753
0.48950604,0.30729999,-0.80019786,-0.70361075,1.6151141,1.2687562,-1.1974129,0.397482,-0.53063467,-0.71871055,-1.448609,-0.63835662,3.1218159,-0.2866976,0.097492408,-0.61487921,-0.4921904,0.34708681,-1.265513,0.52429267,-0.94114469,1.991901,-0.47401042,-0.40145422,-0.58965174,-0.14711127,-0.72007611,-0.012725278,0.49100113,-1.2879289,0.2906524,-0.29740427,-0.33678096,0.091476602,0.94531555,0.007030753
0.32936348,0.27536909,-0.78131462,-0.72030429,1.1556431,1.0299223,-1.1639291,0.34383444,-0.53063467,-0.66531321,-1.39456,-0.67376639,2.9034744,-0.33600595,0.11434719,-0.61487921,-0.52919639,0.32709508,-1.2109198,0.44243906,-0.9762712,2.0485529,-0.35818123,-0.40145422,-0.62351254,-0.024414211,-0.75391446,-0.082007345,0.43244293,-0.44509066,0.16389617,-0.32743361,-0.35553049,0.14775727,0.94531555,0.007030753
0.062459227,0.24343819,-0.76243138,-0.68691721,1.1096961,0.76299037,-1.1974129,0.27230436,-0.53063467,-0.61191587,-1.2324128,-0.69147128,2.6669378,-0.40175041,0.14805677,-0.75762964,-0.54769938,0.26711988,-1.1563265,0.27873183,-1.0465242,2.1618567,-0.28096177,-0.40145422,-0.65737334,0.15963138,-0.82159116,-0.15128941,0.40316383,-0.83841517,0.10051806,-0.32743361,-0.35553049,0.17589761,0.76542028,-0.070761127
-0.079889709,0.22747274,-0.74354815,-0.73699783,1.0407754,0.56630368,-1.180671,0.27230436,-0.51196339,-0.61191587,-1.448609,-0.70917616,2.394011,-0.5003671,0.14805677,-0.87998715,-0.60320836,0.14716947,-1.1290299,0.19687822,-1.0113977,2.0202269,-0.3195715,-0.3776556,-0.62351254,0.28232843,-0.82159116,-0.25521251,0.34460563,-0.10795537,0.10051806,-0.35746295,-0.37428003,0.20403795,0.58552501,-0.14855301
-0.079889709,0.1795764,-0.8190811,-0.73699783,0.83401347,0.36961698,-1.0802195,0.27230436,-0.53063467,-0.61191587,-1.2504292,-0.76229082,2.0664989,-0.66472825,0.19862113,-0.92077299,-0.65871734,0.44704548,-1.1017333,0.15595142,-0.9762712,1.8785972,-0.43540069,-0.3776556,-0.62351254,0.34367696,-0.75391446,-0.32449458,0.34460563,-0.9507936,0.10051806,-0.35746295,-0.37428003,0.23217828,0.40562974,-0.14855301
-0.026508858,0.099749148,-0.87573081,-0.73699783,0.67319864,0.18697933,-0.9630261,0.29018688,-0.54930596,-0.61191587,-0.8901022,-0.79770059,1.7389867,-0.89483387,0.28289506,-0.92077299,-0.69572333,0.50702069,-1.1017333,0.19687822,-0.9762712,1.6803155,-0.39679096,-0.35385699,-0.65737334,0.37435123,-0.72007611,-0.39377665,0.28604742,-0.16414459,0.037139944,-0.35746295,-0.37428003,0.23217828,0.26171353,-0.14855301
-0.026508858,0.06781825,-0.91349729,-0.75369137,0.76509283,0.018390739,-0.87931653,0.34383444,-0.51196339,-0.61191587,-0.51175886,-0.81540547,1.4478648,-0.76334494,0.41773335,-0.92077299,-0.73272931,0.26711988,-1.1017333,0.19687822,-0.94114469,1.3970559,-0.24235204,-0.35385699,-0.65737334,0.46637402,-0.68623776,-0.25521251,0.22748922,-0.27652302,0.037139944,-0.35746295,-0.39302956,0.26031862,0.22573447,-0.14855301
-0.13327056,0.1157146,-0.91349729,-0.83715906,0.85698702,-0.10805071,-0.86257462,0.43324704,-0.47462081,-0.55851853,-0.25952997,-0.81540547,1.174938,-0.8290894,0.51886207,-0.90038007,-0.71422632,-0.21268174,-1.1290299,0.11502461,-0.90601818,1.0571445,-0.20374231,-0.33005837,-0.58965174,0.55839682,-0.61856106,-0.15128941,0.16893102,0.11680149,0.037139944,-0.35746295,-0.39302956,0.28845895,-0.27797228,-0.22634489
-0.29341311,0.1157146,-0.93238053,-0.88723967,0.81103993,-0.23449216,-0.94628418,0.52265963,-0.51196339,-0.48732208,-0.18746458,-0.7799957,0.90201116,-0.86196164,0.65370036,-0.92077299,-0.71422632,0.34708681,-1.1290299,0.15595142,-0.83576516,0.85886278,-0.16513258,-0.28246114,-0.65737334,0.58907108,-0.58472272,-0.39377665,0.11037282,0.1729907,0.037139944,-0.32743361,-0.39302956,0.31659929,-0.062097959,-0.22634489
-0.40017482,0.13168005,-0.89461405,-0.87054614,0.99482831,-0.34688455,-1.0802195,0.64783726,-0.60531981,-0.48732208,-0.061350134,-0.79770059,0.73825508,-0.86196164,0.82224822,-1.0635234,-0.71422632,0.54700415,-1.1290299,0.23780503,-0.80063865,0.80221087,-0.20374231,-0.28246114,-0.65737334,0.52772255,-0.58472272,-0.39377665,0.16893102,0.22917992,0.068829001,-0.32743361,-0.39302956,0.31659929,0.18975542,-0.22634489
-0.41796843,0.13168005,-0.87573081,-0.82046552,0.60427799,-0.43117885,-1.1304452,0.7730149,-0.69867624,-0.48732208,0.2449278,-0.97474945,0.57449899,-0.74690883,1.0245057,-0.96155883,-0.73272931,0.54700415,-1.1017333,0.27873183,-0.73038563,0.80221087,-0.20374231,-0.30625975,-0.58965174,0.37435123,-0.72007611,-0.39377665,0.19821012,0.34155835,-0.02623817,-0.32743361,-0.39302956,0.34473962,0.26171353,-0.22634489
-0.47134929,0.13168005,-0.89461405,-0.78707844,0.42048961,-0.54357125,-1.0634776,0.86242749,-0.7546901,-0.5229203,0.58723844,-1.0809788,0.37435267,-0.59898379,1.311037,-0.94116591,-0.75123231,0.26711988,-1.0744366,0.15595142,-0.73038563,0.77388492,-0.049303387,-0.30625975,-0.62351254,0.25165417,-0.78775281,-0.32449458,0.13965192,0.45393678,-0.12130534,-0.35746295,-0.39302956,0.34473962,0.33367163,-0.22634489
-0.61369822,0.13168005,-0.970147,-0.78707844,0.23670122,-0.6419146,-1.0802195,1.0054876,-0.7546901,-0.59411675,0.56922209,-0.7799957,0.15601122,-0.46749487,1.5638588,-0.96155883,-0.71422632,0.047210801,-1.04714,0.15595142,-0.73038563,0.74555896,0.066525803,-0.28246114,-0.69123414,0.19030564,-0.68623776,-0.35913561,0.022535518,0.51012599,-0.18468345,-0.32743361,-0.39302956,0.37287996,0.36965069,-0.38192865
-0.5959046,0.1157146,-0.970147,-0.82046552,0.14480703,-0.62786555,-1.1974129,1.1843128,-0.7546901,-0.57631764,0.96558177,-0.76229082,-0.098720464,-0.25382537,1.782971,-1.0023447,-0.75123231,0.067202535,-1.0198434,-0.0077558088,-0.73038563,0.68890705,0.066525803,-0.30625975,-0.62351254,0.34367696,-0.75391446,-0.39377665,-0.036022684,0.51012599,-0.24806157,-0.26737493,-0.37428003,0.37287996,0.44160879,-0.38192865
-0.63149184,0.083783699,-0.98903024,-0.80377198,0.12183348,-0.6138165,-1.2643805,1.363138,-0.77336139,-0.50512119,1.3078924,-0.7799957,-0.29886679,-0.10590033,2.103212,-1.0227376,-0.7697353,0.16716121,-1.0198434,-0.21238984,-0.73038563,0.60392919,0.066525803,-0.21106529,-0.69123414,0.49704829,-0.88926785,-0.39377665,-0.006743583,0.51012599,-0.27975063,-0.23734559,-0.37428003,0.37287996,0.47758785,-0.45972053
-0.5959046,0.13168005,-0.98903024,-0.82046552,0.16778058,-0.65596365,-1.2308967,1.5598457,-0.81070396,-0.61191587,1.4700395,-0.7799957,-0.44442775,0.0091524723,2.4234529,-1.0431305,-0.75123231,0.26711988,-1.04714,-0.49887748,-0.73038563,0.49062536,0.066525803,-0.2348639,-0.69123414,0.58907108,-0.75391446,-0.35913561,0.051814619,0.45393678,-0.3748178,-0.20731626,-0.35553049,0.37287996,0.58552501,-0.45972053
-0.5959046,0.27536909,-0.98903024,-0.82046552,0.14480703,-0.71215985,-1.1137033,1.7923185,-0.82937524,-0.789907,0.87550002,-0.67376639,-0.58998872,0.14064139,2.7099843,-1.0023447,-0.75123231,0.50702069,-1.04714,-0.74443832,-0.6250061,0.4056475,0.18235499,-0.25866252,-0.69123414,0.77311667,-0.41553097,-0.22057148,-0.065301785,0.45393678,-0.46988497,-0.26737493,-0.33678096,0.4010203,0.69346217,-0.53751241
-0.70266631,0.37116179,-1.0079135,-0.80377198,0.19075413,-0.7262089,-1.0467357,1.9532612,-0.82937524,-1.0924919,0.91153272,-0.74458593,-0.6627692,0.2556942,2.9796609,-0.94116591,-0.75123231,0.70693803,-1.0744366,-0.82629193,-0.51962657,0.34899559,0.22096472,-0.21106529,-0.72509493,1.049185,-0.31401593,-0.082007345,-0.27025549,0.45393678,-0.43819591,-0.29740427,-0.31803143,0.4010203,0.72944122,-0.61530429
-0.63149184,0.46695448,-1.0079135,-0.80377198,0.25967477,-0.7262089,-1.1471871,2.0426738,-0.82937524,-0.98569724,1.0196308,-0.81540547,-0.80833016,0.30500255,3.1650635,-0.87998715,-0.7697353,0.90685537,-1.0744366,-0.66258471,-0.48450006,0.32066963,0.33679391,-0.18726667,-0.72509493,1.3252534,-0.41553097,-0.22057148,-0.32881369,0.39774756,-0.43819591,-0.32743361,-0.2992819,0.4010203,0.80139933,-0.69309617
-0.54252375,0.62660898,-0.95126377,-0.8538526,0.21372767,-0.7262089,-1.0634776,2.2214989,-0.79203267,-1.1458893,1.1277289,-0.7799957,-0.93569601,0.35431089,3.367321,-0.85959423,-0.7697353,1.2067314,-1.04714,-0.45795068,-0.48450006,0.26401772,0.33679391,-0.16346805,-0.75895573,1.4786248,-0.48320767,-0.18593045,-0.29953459,0.22917992,-0.62833025,-0.32743361,-0.28053236,0.37287996,0.94531555,-0.69309617
-0.52473014,0.78626347,-0.970147,-0.82046552,0.32859541,-0.74025795,-0.86257462,2.3287941,-0.7546901,-1.3594786,1.0196308,-0.72688105,-0.95389113,0.40361924,3.367321,-0.87998715,-0.80674129,1.5865743,-1.0198434,-0.41702387,-0.48450006,0.1507139,0.29818418,-0.18726667,-0.79281653,1.5399733,-0.41553097,-0.22057148,-0.41665099,0.11680149,-1.4522457,-0.32743361,-0.2430333,0.37287996,1.0532527,-0.69309617
-0.57811099,0.91398706,-1.0267967,-0.80377198,0.4664367,-0.75430699,-0.74538122,2.4539717,-0.7546901,-1.412876,0.74938558,-0.72688105,-0.91750088,0.45292758,3.2324827,-0.90038007,-0.80674129,1.9464255,-0.99254676,-0.5807311,-0.51962657,0.065736036,0.37540364,-0.16346805,-0.75895573,1.509299,-0.48320767,-0.18593045,-0.5923256,0.1729907,-1.4839348,-0.32743361,-0.20553423,0.37287996,1.1611899,-0.45972053
-0.63149184,1.1534688,-1.0267967,-0.80377198,0.48941025,-0.76835604,-0.62818783,2.4003241,-0.77336139,-1.2882822,0.64128748,-0.76229082,-0.82652528,0.38718312,3.04708,-0.90038007,-0.80674129,2.3062768,-0.99254676,-0.86721874,-0.55475308,0.037410081,0.4526231,-0.21106529,-0.72509493,1.6319961,-0.55088437,-0.18593045,-0.5923256,0.1729907,-1.4839348,-0.35746295,-0.14928564,0.34473962,1.1971689,-0.38192865
-0.64928546,1.4568123,-1.0079135,-0.80377198,0.60427799,-0.78240509,-0.47751061,2.2751465,-0.84804653,-1.0034964,0.67732018,-0.7799957,-0.73554968,0.37074701,2.8785321,-0.90038007,-0.7697353,2.6861197,-0.99254676,-0.98999916,-0.55475308,-0.01924183,0.4526231,-0.25866252,-0.79281653,1.8467159,-0.51704602,-0.18593045,-0.5630465,0.1729907,-1.4522457,-0.38749229,-0.074287507,0.34473962,1.233148,-0.45972053
-0.64928546,1.6005014,-1.0079135,-0.78707844,0.76509283,-0.76835604,-0.3435753,2.1320863,-0.90406038,-0.30933094,0.65930383,-0.76229082,-0.88111064,0.28856643,2.6931295,-0.85959423,-0.73272931,3.2458883,-0.99254676,-0.98999916,-0.55475308,-0.01924183,0.4526231,-0.33005837,-0.82667733,1.8160417,-0.51704602,-0.18593045,-0.6508838,0.22917992,-1.4205567,-0.35746295,0.00071062368,0.31659929,1.1971689,-0.53751241
-0.63149184,1.728225,-1.0267967,-0.78707844,0.92590767,-0.74025795,-0.24312382,1.9711437,-0.8853891,-0.77210789,0.62327113,-0.72688105,-0.80833016,0.23925809,2.4571625,-0.7168438,-0.7697353,3.6257312,-0.96525013,-0.86721874,-0.48450006,-0.047567785,0.52984256,-0.40145422,-0.79281653,1.6933446,-0.55088437,-0.22057148,-0.6801629,0.34155835,-1.4205567,-0.32743361,0.094458286,0.28845895,1.1971689,-0.61530429
-0.68487269,2.0315685,-1.0267967,-0.8538526,1.1556431,-0.7262089,-0.14267234,1.774436,-0.8853891,-0.46952296,0.56922209,-0.72688105,-0.77193992,0.20638586,2.3054694,-0.65566504,-0.73272931,3.8456403,-0.96525013,-0.78536513,-0.44937355,-0.07589374,0.52984256,-0.3776556,-0.82667733,1.6626703,-0.44936932,-0.11664838,-0.6801629,0.45393678,-1.3571786,-0.32743361,0.16945642,0.26031862,1.269127,-0.45972053
-0.72045992,2.3189466,-0.95126377,-0.88723967,1.4083522,-0.74025795,-0.075704687,1.5419632,-0.94140296,1.9155582,0.51517304,-0.76229082,-0.86291552,0.18994974,2.1706311,-0.7168438,-0.73272931,3.9256072,-0.96525013,-0.74443832,-0.44937355,-0.07589374,0.56845229,-0.33005837,-0.89439893,1.6319961,-0.55088437,-0.082007345,-0.7680002,0.39774756,-1.2621114,-0.32743361,0.24445455,0.23217828,1.233148,-0.53751241
-0.73825354,2.4466702,-0.95126377,-0.83715906,1.821876,-0.74025795,-0.0087370335,1.291608,-0.96007424,2.2715405,0.44310764,-0.81540547,-0.88111064,0.22282197,2.0357928,-0.69645088,-0.69572333,3.7456816,-0.96525013,-0.66258471,-0.44937355,-0.07589374,0.68428148,-0.33005837,-0.89439893,1.6626703,-0.61856106,-0.11664838,-0.82655841,0.51012599,-1.1036661,-0.29740427,0.31945268,0.20403795,1.1611899,-0.61530429
-0.68487269,2.9096682,-0.93238053,-0.72030429,2.1664793,-0.74025795,0.024746793,1.0770177,-1.0160881,1.096799,0.22691145,-0.83311036,-0.80833016,0.22282197,1.8335354,-0.61487921,-0.64021435,3.5457643,-0.93795351,-0.70351151,-0.41424704,-0.13254565,0.80011067,-0.3776556,-0.89439893,1.6933446,-0.65239941,-0.15128941,-0.7387211,0.56631521,-0.97690988,-0.29740427,0.39445081,0.17589761,1.1611899,-0.61530429
-0.64928546,3.1012536,-0.93238053,-0.68691721,2.4881089,-0.78240509,0.074972533,0.88031001,-1.072102,0.61622294,0.028731612,-0.81540547,-0.77193992,0.20638586,1.6144232,-0.53330753,-0.58470537,3.2059048,-0.91065688,-0.78536513,-0.37912053,-0.16087161,0.91593986,-0.42525284,-0.82667733,1.6933446,-0.58472272,-0.15128941,-0.7680002,0.56631521,-0.81846459,-0.29740427,0.46944894,0.11961694,1.1252108,-0.45972053
-0.63149184,3.1012536,-0.95126377,-0.62014306,2.8097386,-0.79645414,0.091714447,0.70148482,-1.1467871,0.31363802,0.55120574,-0.83311036,-0.80833016,0.18994974,1.4121657,-0.49252169,-0.56620238,2.7061114,-0.91065688,-0.82629193,-0.30886751,-0.18919756,0.95454959,-0.42525284,-0.79281653,1.7546931,-0.55088437,-0.18593045,-0.97295391,0.56631521,-0.66001931,-0.32743361,0.52569753,0.091476602,1.0172737,-0.45972053
-0.5959046,3.1012536,-0.91349729,-0.6368366,3.0394741,-0.78240509,0.074972533,0.54054215,-1.1654584,0.49162915,0.40707494,-0.81540547,-0.82652528,0.15707751,1.1930535,-0.45173585,-0.52919639,2.666128,-0.88336025,-0.78536513,-0.273741,-0.18919756,0.95454959,-0.47285007,-0.82667733,1.8160417,-0.65239941,-0.22057148,-1.0607912,0.62250442,-0.53326308,-0.32743361,0.60069567,0.063336266,0.69346217,-0.45972053
-0.63149184,3.0214264,-0.85684757,-0.73699783,3.2232625,-0.81050319,0.024746793,0.397482,-1.1841297,1.4705804,0.40707494,-0.7799957,-0.69915944,0.17351362,1.0245057,-0.43134294,-0.5106934,2.4862024,-0.88336025,-0.74443832,-0.273741,-0.18919756,0.91593986,-0.44905146,-0.89439893,1.6626703,-0.75391446,-0.18593045,-1.0900703,0.62250442,-0.43819591,-0.32743361,0.6756938,0.0070555944,0.36965069,-0.53751241
-0.64928546,2.8777373,-0.83796434,-0.6368366,3.3611038,-0.81050319,0.0080048799,0.25442185,-1.2214722,2.5385272,0.3890586,-0.79770059,-0.69915944,0.10776916,0.90652215,-0.47212877,-0.4921904,1.986409,-0.85606362,-0.74443832,-0.23861449,-0.18919756,0.99315932,-0.40145422,-0.96212052,1.6013218,-0.68623776,-0.15128941,-1.0607912,0.51012599,-0.3748178,-0.32743361,0.73194239,-0.021084741,0.11779731,-0.53751241
-0.72045992,2.829841,-0.87573081,-0.68691721,3.2921831,-0.79645414,-0.058962774,0.093479174,-1.072102,2.8411121,0.3530259,-0.7799957,-0.7537448,-0.13877256,0.67055514,-0.47212877,-0.38117245,1.7664999,-0.828767,-0.74443832,-0.16836147,-0.24584947,1.0703788,-0.35385699,-1.0637029,1.6626703,-0.58472272,-0.15128941,-1.0607912,0.34155835,-0.3748178,-0.32743361,0.80694052,-0.077365413,-0.062097959,-0.45972053
-0.66707907,2.7819446,-0.87573081,-0.57006244,2.8786593,-0.81050319,-0.15941425,-0.067463498,-1.2214722,3.0725006,0.3890586,-0.76229082,-0.71735456,0.17351362,0.43458813,-0.45173585,-0.25165149,1.6265578,-0.77417374,-0.78536513,-0.13323496,-0.30250138,1.1089885,-0.30625975,-0.99598132,1.6933446,-0.48320767,-0.15128941,-1.1779076,0.22917992,-0.3748178,-0.32743361,0.88193865,-0.10550575,-0.24199323,-0.45972053
-0.75604716,2.5424629,-0.87573081,-0.5533689,2.281347,-0.81050319,-0.20963999,-0.21052365,-1.2774861,2.8411121,0.46112399,-0.76229082,-0.73554968,0.38718312,0.38402378,-0.47212877,-0.34416646,1.386657,-0.71958049,-0.86721874,-0.098108445,-0.30250138,1.1475982,-0.2348639,-0.92825972,1.7240189,-0.44936932,-0.15128941,-1.3243031,0.1729907,-0.3748178,-0.29740427,0.91943772,-0.16178642,-0.38590944,-0.45972053
-0.80942801,2.3189466,-0.85684757,-0.51998183,2.0745851,-0.79645414,-0.17615617,-0.28205373,-1.3335,3.0191032,0.51517304,-0.76229082,-0.64457408,0.43649147,0.3503142,-0.47212877,-0.39967544,1.1467562,-0.66498723,-0.94907235,-0.098108445,-0.27417543,1.1475982,-0.16346805,-0.86053813,1.6933446,-0.38169263,-0.15128941,-1.4414195,0.28536913,-0.34312874,-0.29740427,0.97568632,-0.21806709,-0.45786755,-0.45972053
-0.73825354,2.1752576,-0.78131462,-0.48659475,1.821876,-0.82455224,-0.15941425,-0.33570128,-1.4081851,2.2359422,0.62327113,-0.7799957,-0.69915944,0.42005535,0.21547591,-0.59448629,-0.32566347,1.086781,-0.6376906,-0.98999916,-0.098108445,-0.24584947,1.1475982,-0.13966943,-0.82667733,1.6013218,-0.31401593,-0.15128941,-1.4706986,0.45393678,-0.27975063,-0.29740427,0.99443585,-0.24620743,-0.52982566,-0.38192865
-0.61369822,2.0315685,-0.72466491,-0.45320767,1.4542993,-0.83860129,-0.15941425,-0.4429964,-1.464199,0.34923624,0.73136923,-0.85081525,-0.7537448,0.48579981,0.063782836,-0.73723672,-0.32566347,1.0667892,-0.61039398,-1.030926,-0.062981935,-0.21752352,1.1475982,-0.11587082,-0.82667733,1.4479505,-0.31401593,-0.22057148,-1.4999777,0.34155835,-0.34312874,-0.32743361,1.0319349,-0.27434776,-0.56580471,-0.45972053
-0.5959046,1.871914,-0.66801519,-0.41982059,1.0867225,-0.83860129,-0.12593043,-0.53240899,-1.5575554,0.24244156,0.83946732,-0.9039299,-0.69915944,0.56798039,-0.054200668,-0.87998715,-0.39967544,0.90685537,-0.52850409,-1.1127796,-0.027855425,-0.24584947,1.1475982,-0.044474966,-0.82667733,1.4172762,-0.24633923,-0.22057148,-1.5585359,0.11680149,-0.34312874,-0.35746295,1.0506844,-0.3024881,-0.60178377,-0.53751241
-0.66707907,1.728225,-0.573599,-0.35304644,0.76509283,-0.83860129,-0.058962774,-0.55029151,-1.6509118,0.36703536,0.98359812,-0.92163479,-0.6627692,0.65016097,-0.12161981,-1.0227376,-0.43668143,0.74692149,-0.39202095,-1.1537064,0.0072710852,-0.24584947,1.1089885,0.050719502,-0.89439893,1.4786248,-0.14482419,-0.22057148,-1.6170941,-0.10795537,-0.34312874,-0.29740427,1.0881835,-0.33062844,-0.60178377,-0.53751241
-0.70266631,1.5206741,-0.53583253,-0.38643352,0.62725154,-0.85265034,0.0080048799,-0.60393907,-1.4268564,0.4204327,1.1637616,-0.95704456,-0.6627692,0.71590543,-0.20589375,-0.92077299,-0.47368741,0.46703722,-0.20094456,-1.1946332,0.042397595,-0.24584947,1.0703788,0.098316735,-0.92825972,1.6013218,-0.077147488,-0.22057148,-1.6463732,-0.051766157,-0.24806157,-0.26737493,1.106933,-0.35876877,-0.63776282,-0.45972053
-0.64928546,1.2332961,-0.59248224,-0.41982059,0.4664367,-0.86669939,-0.0087370335,-0.62182159,-1.2961574,0.4204327,1.3979741,-0.95704456,-0.68096432,0.798086,-0.34073204,-0.96155883,-0.47368741,0.38707028,0.017428459,-1.1946332,0.11265062,-0.27417543,1.0317691,0.074518118,-0.96212052,1.8160417,-0.0094707914,-0.22057148,-1.6756523,0.1729907,-0.24806157,-0.32743361,1.1444321,-0.38690911,-0.67374187,-0.53751241
-0.5959046,0.96188341,-0.55471576,-0.40312706,0.28264832,-0.88074844,-0.058962774,-0.62182159,-1.2401435,0.34923624,1.6862357,-0.93933967,-0.68096432,1.0117555,-0.45871554,-0.83920131,-0.45518442,0.32709508,0.18120822,-1.1946332,0.14777713,-0.24584947,1.0703788,0.12211535,-1.0298421,2.0614358,-0.04330914,-0.25521251,-1.7049314,0.22917992,-0.1529944,-0.26737493,1.2006807,-0.38690911,-0.70972093,-0.53751241
-0.54252375,0.83415982,-0.53583253,-0.43651413,0.12183348,-0.88074844,-0.025478947,-0.60393907,-1.0347594,0.34923624,2.0465627,-0.93933967,-0.6627692,1.2911695,-0.49242511,-0.96155883,-0.52919639,0.12717774,0.37228462,-1.1946332,0.21803015,-0.21752352,1.1089885,0.14591397,-1.0637029,2.2761556,-0.077147488,-0.32449458,-1.7342105,-0.051766157,-0.1529944,-0.23734559,1.2381798,-0.38690911,-0.70972093,-0.53751241
-0.56031737,0.77029802,-0.55471576,-0.53667536,-0.084928452,-0.92289559,0.05823062,-0.62182159,-0.81070396,0.36703536,2.4429224,-0.93933967,-0.64457408,1.5377112,-0.49242511,-0.75762964,-0.75123231,-0.012764402,0.56336101,-1.1946332,0.25315666,-0.21752352,1.0703788,0.16971259,-0.99598132,2.4908755,-0.077147488,-0.39377665,-1.7342105,-0.33271223,-0.02623817,-0.26737493,1.2944284,-0.38690911,-0.78167903,-0.53751241
-0.56031737,0.65853987,-0.55471576,-0.70361075,-0.22276974,-0.96504274,0.20890784,-0.63970411,-0.56797724,0.36703536,2.731184,-0.92163479,-0.64457408,1.7842529,-0.45871554,-0.61487921,-0.67722034,0.067202535,0.72714078,-1.23556,0.32340968,-0.21752352,1.0317691,0.21730982,-0.89439893,2.7669439,0.024367557,-0.46305871,-1.6756523,-0.33271223,0.068829001,-0.26737493,1.350677,-0.38690911,-0.78167903,-0.61530429
-0.57811099,0.48291993,-0.51694929,-0.87054614,-0.26871684,-0.99314084,0.39306889,-0.58605655,-0.30657924,0.31363802,2.9113475,-0.97474945,-0.62637896,2.1294113,-0.52613469,-0.49252169,-0.62171136,-0.05274787,0.86362391,-1.2764868,0.32340968,-0.21752352,0.99315932,0.24110844,-0.99598132,2.9203152,0.1258826,-0.46305871,-1.587815,-0.2203338,0.13220712,-0.26737493,1.4256751,-0.38690911,-0.81765809,-0.77088805
-0.57811099,0.40309269,-0.49806605,-1.0040944,-0.29169039,-0.99314084,0.52700419,-0.55029151,-0.082523816,0.24244156,3.0014292,-1.1163885,-0.60818384,2.4910059,-0.59355383,-0.24780667,-0.65871734,-0.23267348,1.0001071,-1.2764868,0.32340968,-0.24584947,0.91593986,0.21730982,-1.0975637,3.0430122,0.1258826,-0.42841768,-1.5585359,-0.33271223,0.13220712,-0.26737493,1.4819237,-0.35876877,-0.81765809,-1.0042637
-0.57811099,0.38712724,-0.573599,-1.020788,-0.36061103,-0.99314084,0.69442333,-0.55029151,0.12286033,0.11784777,3.0194456,-1.204913,-0.58998872,2.7211115,-0.64411819,-0.023484557,-0.67722034,-0.27265695,1.0819969,-1.2764868,0.25315666,-0.21752352,0.80011067,0.24110844,-1.0975637,3.1657093,0.15972095,-0.42841768,-1.587815,-0.33271223,0.19558523,-0.26737493,1.5569218,-0.35876877,-0.81765809,-1.0042637
-0.64928546,0.22747274,-0.38476662,-0.98740091,-0.40655813,-1.0071899,0.94555203,-0.56817403,0.32824447,0.17124511,3.0014292,-1.1340934,-0.60818384,2.9019088,-0.69468255,0.13965879,-0.71422632,-0.29264868,1.1092936,-1.3174136,0.25315666,-0.16087161,0.76150094,0.31250429,-1.0637029,3.1963836,0.15972095,-0.46305871,-1.587815,-0.051766157,0.19558523,-0.29740427,1.6131704,-0.33062844,-0.78167903,-0.84867993
-0.72045992,0.083783699,-0.36588338,-0.93732029,-0.38358458,-1.0212389,1.2301646,-0.56817403,0.53362861,0.31363802,2.8933311,-1.3111423,-0.64457408,3.0169616,-0.69468255,0.28240923,-0.65871734,-0.27265695,1.1365902,-1.3583404,0.25315666,-0.21752352,0.8387204,0.38390014,-1.0975637,3.1043608,0.261236,-0.46305871,-1.5585359,-0.44509066,0.22727429,-0.32743361,1.669419,-0.3024881,-0.78167903,-1.1598474
-0.64928546,-0.027974446,0.068431093,-0.7703849,-0.29169039,-0.96504274,1.4143256,-0.58605655,0.66432761,0.38483447,2.6771349,-1.3642569,-0.64457408,3.4936089,-0.66097298,0.38437382,-0.4921904,-0.31264041,1.1638868,-1.3992672,0.25315666,-0.24584947,0.76150094,0.38390014,-1.0975637,2.9509895,0.36275104,-0.49769975,-1.5585359,-0.55746909,0.22727429,-0.32743361,1.7256676,-0.3024881,-0.74569998,-1.2376393
-0.56031737,-0.059905345,-0.970147,-0.57006244,-0.26871684,-0.92289559,1.5482609,-0.58605655,0.77635532,0.45603092,2.4249061,-1.3996667,-0.6627692,3.6086617,-0.69468255,0.52712425,-0.27015449,-0.43259082,1.1638868,-1.3583404,0.32340968,-0.21752352,0.56845229,0.43149737,-1.0637029,2.7976181,0.39658939,-0.49769975,-1.5585359,-0.50127988,0.2906524,-0.32743361,1.7819162,-0.27434776,-0.74569998,-1.3154312
-0.50693652,-0.18762894,-1.1778626,-0.38643352,-0.29169039,-0.97909179,1.6989381,-0.56817403,0.88838304,0.38483447,1.9744973,-1.3642569,-0.6627692,3.6415339,-0.79581127,0.50673134,-0.066621564,-0.45258255,1.1638868,-1.3992672,0.35853619,-0.18919756,0.4526231,0.45529599,-1.0975637,2.552224,0.39658939,-0.42841768,-1.587815,-0.38890145,0.2906524,-0.32743361,1.8569143,-0.24620743,-0.78167903,-1.3154312
-0.41796843,-0.33131798,-1.0834464,-0.18611105,-0.31466393,-1.0212389,1.8998411,-0.56817403,0.98173947,0.40263358,1.5781376,-1.346552,-0.6627692,3.4114283,-0.79581127,0.60869593,0.044396394,-0.39260735,1.1911834,-1.440194,0.32340968,-0.18919756,0.37540364,0.47909461,-1.1314245,2.2761556,0.43042774,-0.53234078,-1.6463732,-0.16414459,0.25896334,-0.26737493,1.9131629,-0.21806709,-0.81765809,-1.3154312
-0.41796843,-0.42711068,-1.04568,-0.052562745,-0.40655813,-0.99314084,2.1342279,-0.53240899,1.019082,0.45603092,1.3619415,-1.4173716,-0.68096432,3.0005254,-0.69468255,0.69026761,0.17391735,-0.39260735,1.1911834,-1.3992672,0.25315666,-0.21752352,0.25957445,0.50289322,-1.1314245,1.9080645,0.46426609,-0.60162285,-1.6170941,-0.16414459,0.19558523,-0.26737493,1.9881611,-0.21806709,-0.81765809,-1.3932231
-0.43576205,-0.47500703,-1.2156291,0.047598486,-0.45250522,-0.97909179,2.3183889,-0.49664395,1.019082,0.47383004,1.181778,-1.3288472,-0.68096432,2.6882393,-0.71153733,0.73105344,0.2849353,-0.43259082,1.1638868,-1.3583404,0.21803015,-0.27417543,0.14374526,0.57428908,-1.0975637,1.4479505,0.53194279,-0.63626388,-1.6170941,-0.38890145,0.10051806,-0.14725758,2.0444097,-0.18992676,-0.78167903,-1.471015
-0.43576205,-0.57079972,-1.2345123,0.14775972,-0.56737296,-0.99314084,2.4355823,-0.47876144,1.019082,0.43823181,0.87550002,-1.1340934,-0.6627692,2.5238781,-0.67782776,0.73105344,0.45146224,-0.47257429,1.1365902,-1.3583404,0.21803015,-0.27417543,0.066525803,0.66948354,-1.0975637,0.92648799,0.56578113,-0.67090491,-1.587815,-0.33271223,0.037139944,-0.14725758,2.1006583,-0.16178642,-0.74569998,-1.471015
-0.50693652,-0.61869607,-1.0645632,0.18114679,-0.45250522,-0.99314084,2.4858081,-0.46087892,1.0004108,0.72301762,0.58723844,-1.1340934,-0.71735456,2.3430808,-0.64411819,0.60869593,0.59948619,-0.41259908,1.1092936,-1.3583404,0.32340968,-0.30250138,-0.010693657,0.71708078,-1.0975637,0.49704829,0.59961948,-0.60162285,-1.4999777,-0.10795537,0.037139944,-0.17728692,2.1194078,-0.16178642,-0.78167903,-1.5488068
-0.54252375,-0.61869607,-0.68689843,0.23122741,-0.40655813,-0.95099369,2.4690661,-0.49664395,0.94439689,0.8298123,0.33500955,-1.1163885,-0.68096432,2.1458475,-0.64411819,0.38437382,0.61798918,-0.43259082,1.0547003,-1.3583404,0.35853619,-0.30250138,-0.087913117,0.71708078,-1.0637029,0.37435123,0.63345783,-0.46305871,-1.3828613,-0.051766157,0.068829001,-0.17728692,2.1569069,-0.16178642,-0.78167903,-1.5488068
-0.4891429,-0.58676517,-0.38476662,0.26461449,-0.33763748,-0.90884654,2.4523242,-0.4429964,0.88838304,0.86541053,0.17286241,-1.0986836,-0.6627692,1.9814863,-0.61040862,0.30280215,0.91403707,-0.57253296,1.0274037,-1.3992672,0.32340968,-0.35915329,-0.16513258,0.78847663,-1.0637029,0.40502549,0.70113453,-0.46305871,-1.295024,-0.051766157,0.19558523,-0.14725758,2.1569069,-0.16178642,-0.74569998,-1.5488068
-0.41796843,-0.49097248,-0.51694929,0.26461449,-0.38358458,-0.89479749,2.4188404,-0.42511388,0.90705432,0.99000432,-0.0073010861,-1.1872081,-0.64457408,1.8171251,-0.52613469,0.30280215,0.48846823,-0.49256602,0.97281042,-1.3583404,0.28828317,-0.38747925,-0.16513258,0.8836711,-1.0637029,0.25165417,0.73497288,-0.46305871,-1.295024,-0.16414459,0.38571957,-0.057169559,2.1569069,-0.18992676,-0.74569998,-1.5488068
-0.40017482,-0.53886882,-0.4225331,0.26461449,-0.49845232,-0.86669939,2.2849051,-0.46087892,0.88838304,1.2213928,-0.097382832,-1.2934374,-0.64457408,1.5870195,-0.6272634,0.26201631,0.50697122,-0.49256602,0.91821717,-1.3174136,0.32340968,-0.38747925,-0.087913117,0.90746971,-1.0975637,0.006260054,0.76881122,-0.42841768,-1.295024,-0.27652302,0.60754297,0.032918459,2.1381573,-0.18992676,-0.70972093,-1.6265987
-0.40017482,-0.55483427,-0.21481748,0.19784033,-0.47547877,-0.82455224,2.1007441,-0.47876144,0.81369789,1.4705804,-0.18746458,-1.3996667,-0.60818384,1.3076056,-0.55984426,0.26201631,0.52547421,-0.55254122,0.86362391,-1.3174136,0.3936627,-0.38747925,0.027916073,0.93126833,-1.0975637,-0.116437,0.80264957,-0.39377665,-1.2364658,-0.2203338,1.2096351,0.062947799,2.1006583,-0.21806709,-0.67374187,-1.6265987
-0.47134929,-0.68255787,-0.044868335,0.11437264,-0.42953167,-0.81050319,1.8496154,-0.42511388,0.73901275,1.6841697,-0.31357902,-1.4881911,-0.58998872,1.0939361,-0.57669904,0.30280215,0.67349816,-0.61251642,0.80903066,-1.3992672,0.42878921,-0.44413116,0.25957445,1.0502614,-1.0637029,-0.26980833,0.87032627,-0.35913561,-1.2071867,-0.33271223,1.5265256,0.032918459,2.0444097,-0.24620743,-0.63776282,-1.5488068
-0.4891429,-0.73045422,0.10619757,0.064292025,-0.38358458,-0.81050319,1.531519,-0.38934884,0.66432761,1.87996,-0.40366077,-1.5590107,-0.60818384,0.94601104,-0.61040862,0.20083755,0.52547421,-0.55254122,0.78173403,-1.440194,0.42878921,-0.44413116,0.56845229,1.1692545,-1.0298421,-0.42317965,0.90416462,-0.35913561,-1.2364658,-0.27652302,1.6849709,0.092977138,1.9694115,-0.24620743,-0.63776282,-1.6265987
-0.3823812,-0.68255787,0.14396405,0.047598486,-0.36061103,-0.81050319,1.2134226,-0.38934884,0.58964247,2.040152,-0.47572616,-1.6298302,-0.5717936,0.71590543,-0.61040862,0.16005171,0.46996523,-0.45258255,0.72714078,-1.4811208,0.42878921,-0.47245711,0.64567175,1.1930531,-1.0298421,-0.48452818,0.93800297,-0.28985355,-1.2364658,-0.16414459,1.6849709,0.18306516,1.8944134,-0.24620743,-0.67374187,-1.7821825
-0.80942801,-0.66659242,0.31391319,0.047598486,-0.33763748,-0.78240509,0.92881012,-0.37146632,0.5522999,2.1469467,-0.51175886,-1.346552,-0.53540335,0.45292758,-0.57669904,0.13965879,0.43295925,-0.45258255,0.72714078,-1.440194,0.42878921,-0.50078307,0.29818418,1.2406504,-1.0637029,-0.45385391,1.0056797,-0.22057148,-1.2657449,-0.27652302,1.6532819,0.18306516,1.8006657,-0.24620743,-0.63776282,-1.7043906
-1.0941259,-0.63466152,-0.082634812,0.11437264,-0.22276974,-0.7262089,0.71116524,-0.29993625,0.47761475,2.2715405,-0.52977521,-1.2403227,-0.55359848,0.28856643,-0.55984426,0.16005171,0.43295925,-0.53254949,0.72714078,-1.3992672,0.46391572,-0.52910902,0.49123283,1.3596434,-1.0975637,-0.54587671,1.0733564,-0.18593045,-1.295024,-0.27652302,1.748349,0.24312384,1.7069181,-0.27434776,-0.56580471,-1.6265987
-1.1297131,-0.61869607,0.23838024,0.26461449,-0.26871684,-0.68406175,0.61071376,-0.28205373,0.4216009,2.360536,-0.54779156,-1.0278641,-0.5717936,0.15707751,-0.57669904,0.13965879,0.46996523,-0.59252469,0.61795427,-1.440194,0.46391572,-0.55743498,0.4526231,1.4072407,-1.0975637,-0.60722524,1.1748714,-0.18593045,-1.3243031,-0.10795537,1.9701724,0.33321185,1.5756714,-0.3024881,-0.56580471,-1.6265987
-1.2720621,-0.63466152,0.35167967,0.14775972,-0.38358458,-0.65596365,0.51026228,-0.29993625,0.36558704,2.3961343,-0.54779156,-0.76229082,-0.55359848,0.025588588,-0.59355383,0.20083755,0.74751013,-0.65249989,0.56336101,-1.440194,0.46391572,-0.61408689,0.4526231,1.4072407,-1.0637029,-0.54587671,1.2425481,-0.22057148,-1.295024,-0.33271223,2.2553739,0.45332921,1.4444246,-0.3024881,-0.56580471,-1.7043906
-1.2186812,-0.55483427,0.219497,0.080985563,-0.52142587,-0.6981108,0.25913358,-0.31781876,0.27223061,2.3783351,-0.56580791,-0.49671753,-0.53540335,-0.10590033,-0.61040862,0.28240923,0.52547421,-0.7124751,0.56336101,-1.440194,0.46391572,-0.61408689,0.68428148,1.5024351,-1.0298421,-0.45385391,1.2763865,-0.25521251,-1.2657449,-0.66984752,2.4771973,0.51338789,1.2944284,-0.33062844,-0.52982566,-1.7821825
-1.2186812,-0.60273062,0.44609586,0.16445326,-0.49845232,-0.71215985,0.041488707,-0.3535838,0.25355933,2.2181431,-0.56580791,-0.24884914,-0.55359848,-0.1716448,-0.55984426,0.30280215,0.32194129,-0.8324255,0.53606438,-1.4811208,0.49904223,-0.58576093,0.52984256,1.5976296,-1.0298421,-0.48452818,1.3102248,-0.25521251,-1.2071867,-0.72603674,2.6673317,0.57344657,1.1444321,-0.35876877,-0.52982566,-1.7821825
-1.3254429,-0.63466152,0.54051205,0.18114679,-0.49845232,-0.71215985,-0.058962774,-0.37146632,0.32824447,1.9867547,-0.54779156,-0.0009807371,-0.46262287,-0.22095314,-0.54298947,0.24162339,0.21092333,-0.7724503,0.53606438,-1.4811208,0.56929525,-0.55743498,0.25957445,1.6214282,-1.0298421,-0.60722524,1.3779015,-0.22057148,-1.0900703,-0.61365831,2.9208441,0.57344657,0.97568632,-0.38690911,-0.4938466,-1.7043906
-1.2364748,-0.68255787,0.31391319,0.24792095,-0.45250522,-0.74025795,-0.10918851,-0.33570128,0.47761475,1.8977591,-0.58382426,0.26459255,-0.38984239,-0.31956983,-0.55984426,0.28240923,0.21092333,-0.63250816,0.53606438,-1.440194,0.56929525,-0.58576093,0.41401337,1.6690255,-1.0637029,-0.66857377,1.4117398,-0.22057148,-0.94367481,-0.61365831,3.1743566,0.66353459,0.78819099,-0.38690911,-0.4938466,-1.7043906
-1.2008876,-0.69852332,0.23838024,0.23122741,-0.47547877,-0.78240509,-0.17615617,-0.33570128,0.51495732,1.719768,-0.65588966,0.51246095,-0.38984239,-0.41818652,-0.52613469,0.42515966,0.26643231,-0.53254949,0.50876776,-1.3992672,0.56929525,-0.64241284,0.4526231,1.6690255,-1.0975637,-0.6378995,1.4455782,-0.25521251,-0.7387211,-0.33271223,3.3644909,0.78365194,0.58194613,-0.41504944,-0.45786755,-1.7821825
-1.1119195,-0.66659242,0.27614671,0.064292025,-0.52142587,-0.86669939,-0.24312382,-0.40723136,0.45894347,1.5239777,-0.63787331,0.72491957,-0.38984239,-0.41818652,-0.54298947,0.56791009,0.22942633,-0.61251642,0.39958124,-1.3583404,0.53416874,-0.69906475,0.18235499,1.6690255,-1.0637029,-0.69924803,1.4455782,-0.28985355,-0.5337674,0.0044230577,3.4595581,0.72359326,0.37570127,-0.47133011,-0.45786755,-1.7821825
-0.70266631,-0.57079972,0.29502995,0.047598486,-0.56737296,-0.90884654,-0.22638191,-0.42511388,0.47761475,1.3281875,-0.58382426,0.90196843,-0.38984239,-0.41818652,-0.55984426,0.71066052,0.11840837,-0.79244203,0.29039473,-1.3174136,0.56929525,-0.72739071,0.29818418,1.6928241,-1.0637029,-0.7299223,1.4794165,-0.32449458,-0.32881369,0.11680149,3.39618,0.69356393,0.20695548,-0.49947045,-0.45786755,-1.7821825
-0.56031737,-0.55483427,0.219497,0.047598486,-0.61332006,-0.93694464,-0.22638191,-0.38934884,0.64565632,1.1501963,-0.56580791,1.0436075,-0.37164727,-0.45105875,-0.54298947,0.93498263,0.15541435,-0.67249163,0.18120822,-1.3992672,0.63954827,-0.78404262,0.29818418,1.7880185,-1.0637029,-0.7299223,1.4794165,-0.32449458,-0.18241819,0.0044230577,3.1743566,0.72359326,0.056959221,-0.52761079,-0.45786755,-1.7821825
-0.5959046,-0.57079972,0.10619757,0.080985563,-0.65926716,-0.92289559,-0.25986573,-0.42511388,0.77635532,0.86541053,-0.58382426,1.1852466,-0.37164727,-0.41818652,-0.61040862,1.0573401,0.19242034,-0.59252469,-0.0098681686,-1.3992672,0.67467478,-0.84069453,0.4526231,1.8356158,-1.0637029,-0.79127082,1.4794165,-0.28985355,-0.094580885,-0.051766157,2.7623988,0.81368128,-0.036788441,-0.58389146,-0.38590944,-1.8599744
-0.61369822,-0.65062697,0.087314331,0.13106618,-0.63629361,-0.85265034,-0.32683339,-0.47876144,0.86971175,0.70521851,-0.56580791,1.273771,-0.33525703,-0.41818652,-0.6272634,1.2000906,0.13691136,-0.53254949,-0.25553782,-1.3583404,0.70980129,-0.86902049,0.72289121,1.7642199,-1.0298421,-0.79127082,1.5132549,-0.28985355,0.022535518,0.1729907,0.92443354,0.84371062,-0.11178657,-0.64017213,-0.27797228,-1.7043906
-0.3823812,-0.68255787,0.068431093,0.14775972,-0.59034651,-0.75430699,-0.36031721,-0.49664395,1.019082,0.70521851,-0.60184061,1.3268857,-0.29886679,-0.48393098,-0.57669904,1.4244127,0.062899388,-0.51255775,-0.55580072,-1.3174136,0.7449278,-0.86902049,0.8387204,1.7166227,-0.99598132,-0.82194509,1.5470932,-0.32449458,0.19821012,0.22917992,0.9561226,0.81368128,-0.14928564,-0.6964528,-0.20601417,-1.7043906
-0.2756195,-0.66659242,0.049547855,0.19784033,-0.65926716,-0.62786555,-0.36031721,-0.49664395,1.2244662,0.49162915,-0.69192235,1.3445906,-0.31706191,-0.53323933,-0.57669904,1.6487348,0.0073904083,-0.55254122,-0.61039398,-1.3174136,0.7449278,-0.89734644,0.8387204,1.7166227,-1.0298421,-0.82194509,1.6147699,-0.39377665,0.31532653,0.060612273,0.86105543,0.7536226,-0.16803517,-0.75273347,-0.13405607,-1.7821825
-0.11547694,-0.63466152,0.011781379,0.24792095,-0.7741349,-0.51547315,-0.41054295,-0.47876144,1.3925077,0.27803979,-0.7099387,1.3977052,-0.37164727,-0.61541991,-0.55984426,1.852664,0.17391735,-0.63250816,-0.61039398,-1.3174136,0.81518082,-0.98232431,0.91593986,1.6928241,-1.0298421,-0.7299223,1.6486083,-0.46305871,0.34460563,0.060612273,0.25896334,0.99385732,-0.16803517,-0.80901414,0.0098601488,-1.8599744
0.080252844,-0.66659242,-0.025985097,0.28130803,-0.75116135,-0.3609336,-0.42728487,-0.40723136,1.7846047,0.20684334,-0.69192235,1.433115,-0.48081799,-0.59898379,-0.55984426,2.097379,0.15541435,-0.7124751,-0.71958049,-1.3583404,0.88543384,-0.98232431,1.0317691,1.6452268,-0.99598132,-0.6378995,1.6486083,-0.42841768,0.46172203,0.22917992,0.48078674,1.0238867,-0.16803517,-0.86529482,0.11779731,-2.2489338
0.11584008,-0.73045422,-0.10151805,0.34808218,-0.6822407,-0.26259026,-0.39380104,-0.37146632,1.9713176,0.18904423,-0.69192235,1.4508199,-0.58998872,-0.51680322,-0.59355383,2.4032728,0.099905374,-0.75245856,-0.828767,-1.3583404,0.95568686,-0.95399835,1.0317691,1.5976296,-0.96212052,-0.54587671,1.6824466,-0.35913561,0.60811753,0.34155835,0.35403051,0.9037693,-0.16803517,-0.92157549,0.26171353,-2.09335
0.22260178,-0.76238512,-0.13928453,0.41485633,-0.65926716,-0.17829596,-0.41054295,-0.31781876,2.0460027,0.153446,-0.69192235,1.433115,-0.68096432,-0.45105875,-0.66097298,2.7703453,0.2849353,-0.85241723,-0.85606362,-1.3583404,0.99081337,-0.95399835,1.1475982,1.573831,-0.96212052,-0.54587671,1.6824466,-0.32449458,0.60811753,0.22917992,0.22727429,0.81368128,-0.16803517,-1.0059965,0.29769258,-1.9377662
0.22260178,-0.74641967,-0.15816776,0.5317111,-0.63629361,-0.094001659,-0.39380104,-0.24628869,2.1020166,0.11784777,-0.65588966,1.3268857,-0.7537448,-0.35244206,-0.72839212,2.9742745,0.45146224,-1.0123511,-0.69228386,-1.3992672,1.0259399,-0.9256724,1.186208,1.5500324,-0.92825972,-0.57655097,1.6824466,-0.32449458,0.57883843,0.1729907,0.16389617,0.93379864,-0.14928564,-1.0904175,0.40562974,-1.7043906
0.52509327,-0.68255787,-0.30923367,0.69864649,-0.65926716,0.0043416888,-0.36031721,-0.22840617,2.195373,0.064450433,-0.65588966,1.2206564,-0.8447204,-0.40175041,-0.76210169,3.0354533,0.65499517,-0.99235937,-0.66498723,-1.3992672,1.0259399,-0.95399835,1.1475982,1.5262338,-0.89439893,-0.6378995,1.6824466,-0.42841768,0.72523394,0.34155835,0.13220712,1.0839453,-0.14928564,-1.1466982,0.65748312,-1.7821825
1.1834571,-0.63466152,-0.47918281,0.88227542,-0.70521425,0.10268504,-0.32683339,-0.21052365,2.326072,0.011053094,-0.63787331,1.2029515,-0.95389113,-0.45105875,-0.72839212,2.7499524,0.80301911,-0.8324255,-0.69228386,-1.3992672,1.0259399,-1.0106503,1.1475982,1.4548379,-0.82667733,-0.66857377,1.6824466,-0.46305871,0.84235034,0.34155835,0.037139944,1.1139747,-0.14928564,-1.2029788,0.94531555,-1.7043906
1.9129954,-0.61869607,-0.74354815,1.0659043,-0.65926716,0.15888124,-0.29334956,-0.22840617,2.4007572,-0.077942472,-0.58382426,1.1321319,-1.0266716,-0.46749487,-0.6272634,2.6887737,1.025055,-0.73246683,-0.6376906,-1.3583404,0.99081337,-1.0956281,1.186208,1.264449,-0.89439893,-0.69924803,1.6824466,-0.49769975,0.84235034,0.1729907,-0.057927227,1.1139747,-0.14928564,-1.2873999,1.233148,-1.7821825
1.0233145,-0.63466152,-0.89461405,1.3496945,-0.65926716,0.22912648,-0.31009147,-0.28205373,2.3447433,-0.16693804,-0.56580791,1.0081977,-0.99028137,-0.46749487,-0.5092799,2.6479878,1.3396059,-0.7124751,-0.55580072,-1.23556,0.95568686,-1.1239541,1.2248177,1.1692545,-0.99598132,-0.69924803,1.716285,-0.56698181,0.84235034,0.22917992,-0.18468345,1.1740334,-0.14928564,-1.3436805,1.4490223,-1.7043906
0.70302944,-0.65062697,-0.177051,1.6835653,-0.70521425,0.34151888,-0.31009147,-0.31781876,2.195373,-0.29153183,-0.52977521,0.9373782,-0.88111064,-0.5003671,-0.47557033,2.4440586,1.5616418,-0.67249163,-0.52850409,-1.1946332,0.95568686,-1.1239541,1.3020372,1.0978586,-0.99598132,-0.66857377,1.716285,-0.56698181,0.90090854,0.39774756,-0.40650685,1.234092,-0.14928564,-1.3999612,1.6648966,-1.7043906
0.40053795,-0.65062697,0.049547855,1.9339683,-0.7281878,0.48200938,-0.29334956,-0.3535838,2.0273315,-0.36272828,-0.45770982,0.84885377,-0.77193992,-0.51680322,-0.45871554,2.2809153,1.8206837,-0.61251642,-0.6376906,-1.1946332,0.95568686,-1.0956281,1.3406469,1.0978586,-0.99598132,-0.66857377,1.6824466,-0.53234078,0.93018764,0.39774756,-0.56495214,1.2641214,-0.16803517,-1.4562419,1.7728338,-1.6265987
0.31156987,-0.61869607,0.20061376,2.2177585,-0.6822407,0.53820558,-0.31009147,-0.38934884,1.7846047,-0.36272828,-0.40366077,0.70721469,-0.6627692,-0.56611156,-0.37444161,2.097379,2.0427196,-0.57253296,-0.44661421,-1.1537064,0.92056035,-1.0673022,1.3020372,1.07406,-0.99598132,-0.7299223,1.6824466,-0.60162285,0.90090854,0.45393678,-0.5966412,1.3241801,-0.16803517,-1.4843822,1.8447919,-1.6265987
0.41833157,-0.63466152,0.33279643,2.5349357,-0.65926716,0.51010748,-0.36031721,-0.42511388,1.5232067,-0.39832651,-0.38564442,0.5655756,-0.51720823,-0.56611156,-0.35758682,1.9546286,2.3017615,-0.59252469,-0.44661421,-1.1127796,0.92056035,-1.0673022,1.3406469,1.0026642,-0.89439893,-0.79127082,1.716285,-0.60162285,0.90090854,0.62250442,-0.53326308,1.4142681,-0.1867847,-1.4843822,1.9887081,-1.7043906
0.27598263,-0.63466152,0.44609586,2.8020324,-0.65926716,0.45391128,-0.39380104,-0.49664395,1.2991513,-0.43392474,-0.40366077,0.51246095,-0.29886679,-0.51680322,-0.37444161,1.8730569,2.5423005,-0.59252469,-0.41931758,-1.1127796,0.92056035,-1.0389762,1.3020372,0.8836711,-0.86053813,-0.82194509,1.7501233,-0.63626388,0.87162944,0.73488285,-0.53326308,1.5944441,-0.20553423,-1.4843822,2.0246872,-1.7821825
0.25818902,-0.61869607,0.52162881,2.8855,-0.59034651,0.43986223,-0.3435753,-0.55029151,0.92572561,-0.54071941,-0.40366077,0.54787072,-0.062330223,-0.48393098,-0.30702246,1.7099136,2.6348154,-0.53254949,-0.41931758,-1.0718528,0.88543384,-1.0389762,1.3020372,0.8836711,-0.82667733,-0.82194509,1.7839617,-0.63626388,0.84235034,0.73488285,-0.56495214,1.7445908,-0.20553423,-1.5125225,2.0606662,-1.7821825
0.25818902,-0.66659242,0.7671109,2.8354194,-0.38358458,0.45391128,-0.25986573,-0.63970411,0.53362861,-0.55851853,-0.52977521,0.42393652,0.21059658,-0.56611156,-0.23960332,1.3836268,2.2277496,-0.25266521,-0.50120746,-0.94907235,0.92056035,-1.0106503,1.3406469,0.69328216,-0.65737334,-0.79127082,1.6824466,-0.60162285,0.72523394,0.9034505,-0.56495214,1.7445908,-0.22428377,-1.4843822,1.9887081,-1.7043906
0.25818902,-0.66659242,0.95594329,2.6851776,-0.38358458,0.42581318,-0.29334956,-0.80064678,0.36558704,-0.50512119,-0.52977521,0.38852675,0.39254779,-0.58254768,-0.2564581,1.1593047,1.9687077,-0.21268174,-0.58309735,-0.86721874,0.92056035,-0.98232431,1.4178664,0.47909461,-0.62351254,-0.82194509,1.6486083,-0.67090491,0.63739663,0.95963971,-0.5966412,1.8046495,-0.22428377,-1.4843822,1.9527291,-1.7821825
0.20480816,-0.65062697,1.1258924,2.5182422,-0.33763748,0.35556793,-0.29334956,-0.97947197,0.25355933,-0.48732208,-0.52977521,0.35311697,0.48352339,-0.51680322,-0.23960332,0.81262512,1.7096658,-0.17269827,-0.61039398,-0.86721874,0.88543384,-0.95399835,1.5336955,0.45529599,-0.58965174,-0.85261935,1.716285,-0.67090491,0.63739663,0.95963971,-0.69170837,1.8647082,-0.20553423,-1.4281015,1.8807709,-1.7821825
0.11584008,-0.65062697,1.2958416,2.3680003,-0.24574329,0.29937173,-0.25986573,-1.0867671,0.066846469,-0.50512119,-0.54779156,0.38852675,0.55630387,-0.5003671,-0.22274853,0.4659455,1.7281688,-0.15270654,-0.58309735,-0.90814554,0.92056035,-0.95399835,1.5336955,0.36010152,-0.62351254,-0.88329362,1.7501233,-0.63626388,0.66667574,1.0720181,-0.72339742,1.8947375,-0.20553423,-1.3718209,1.8807709,-1.7043906
0.080252844,-0.61869607,1.5035572,2.1509843,-0.17682264,0.27127363,-0.27660765,-1.1046496,-0.026509959,-0.57631764,-0.54779156,0.42393652,0.64727947,-0.48393098,-0.22274853,0.3639809,1.6356538,-0.15270654,-0.55580072,-0.86721874,1.0259399,-0.98232431,1.4564761,0.21730982,-0.55579094,-0.88329362,1.6824466,-0.60162285,0.63739663,1.1843966,-0.72339742,1.9247668,-0.20553423,-1.2873999,1.8447919,-1.6265987
0.080252844,-0.58676517,1.6923896,1.9172748,-0.1538491,0.22912648,-0.31009147,-1.1940622,-0.21322282,-0.59411675,-0.51175886,0.49475606,0.73825508,-0.48393098,-0.23960332,0.38437382,1.4691269,-0.092731338,-0.52850409,-0.86721874,1.0259399,-1.0106503,1.4178664,0.098316735,-0.52193015,-0.85261935,1.5809316,-0.60162285,0.63739663,1.2405858,-0.69170837,1.9848255,-0.20553423,-1.1748385,1.8447919,-1.6265987
0.1336337,-0.57079972,1.881222,1.7002588,-0.17682264,0.27127363,-0.31009147,-1.2298272,-0.38126439,-0.57631764,-0.51175886,0.54787072,0.73825508,-0.5003671,-0.32387725,0.34358798,1.2470909,-0.05274787,-0.50120746,-0.82629193,0.95568686,-1.0106503,1.4178664,-0.020676349,-0.45420855,-0.85261935,1.5470932,-0.56698181,0.66667574,1.296775,-0.69170837,2.1950309,-0.20553423,-1.0341368,1.8447919,-1.6265987
0.18701455,-0.55483427,2.1644705,1.4999363,-0.19979619,0.34151888,-0.27660765,-1.2298272,-0.39993567,-0.55851853,-0.51175886,0.60098537,0.72005996,-0.51680322,-0.5092799,0.22123047,1.006552,-0.032756136,-0.47391084,-0.74443832,0.92056035,-1.0389762,1.4178664,-0.11587082,-0.38648695,-0.88329362,1.5470932,-0.56698181,0.63739663,1.3529642,-0.66001931,2.3451776,-0.22428377,-0.89343515,1.7728338,-1.5488068
0.16922093,-0.53886882,2.3721861,1.2662268,-0.1538491,0.35556793,-0.25986573,-1.1761797,-0.39993567,-0.5229203,-0.54779156,0.6895098,0.68366972,-0.48393098,-0.67782776,0.078480038,0.91403707,-0.05274787,-0.50120746,-0.70351151,0.95568686,-1.0106503,1.3792566,-0.2348639,-0.31876536,-0.85261935,1.5809316,-0.60162285,0.57883843,1.4091534,-0.72339742,2.5253536,-0.22428377,-0.75273347,1.7728338,-1.6265987
0.16922093,-0.52290338,2.523252,1.0492108,-0.1538491,0.32746983,-0.32683339,-1.0331195,-0.45594953,-0.5229203,-0.56580791,0.79573912,0.57449899,-0.43462264,-0.72839212,-0.043877476,0.89553408,-0.092731338,-0.52850409,-0.66258471,0.99081337,-0.98232431,1.3406469,-0.33005837,-0.28490456,-0.91396788,1.6147699,-0.60162285,0.60811753,1.4091534,-0.75508648,2.5253536,-0.2430333,-0.58389146,1.8447919,-1.7043906
0.22260178,-0.49097248,2.7498509,0.86558188,-0.19979619,0.32746983,-0.32683339,-0.87217685,-0.47462081,-0.48732208,-0.52977521,0.95508309,0.50171851,-0.43462264,-0.69468255,-0.12544915,0.74751013,-0.15270654,-0.52850409,-0.66258471,0.95568686,-0.98232431,1.3792566,-0.3776556,-0.31876536,-0.91396788,1.6147699,-0.56698181,0.66667574,1.296775,-0.78677554,2.4953243,-0.26178283,-0.44318978,1.8447919,-1.6265987
0.38274433,-0.45904158,2.8065006,0.74872711,-0.24574329,0.32746983,-0.27660765,-0.78276426,-0.47462081,-0.43392474,-0.45770982,1.1498368,0.44713315,-0.48393098,-0.66097298,-0.20702083,0.46996523,-0.23267348,-0.52850409,-0.66258471,0.95568686,-1.0106503,1.3792566,-0.44905146,-0.38648695,-0.88329362,1.5809316,-0.63626388,0.75451304,1.1843966,-0.88184271,2.5253536,-0.28053236,-0.3024881,1.8447919,-1.7043906
0.54288689,-0.44307613,2.8631503,0.69864649,-0.29169039,0.38366603,-0.25986573,-0.65758663,-0.43727824,-0.45172385,-0.38564442,1.3800003,0.31976731,-0.53323933,-0.67782776,-0.2885925,0.0073904083,-0.39260735,-0.61039398,-0.66258471,0.88543384,-0.98232431,1.3792566,-0.49664869,-0.35262615,-0.88329362,1.6147699,-0.74018698,0.84235034,1.1282074,-0.91353177,2.5854123,-0.2992819,-0.18992676,1.7008757,-1.5488068
0.72082306,-0.42711068,2.8253839,0.51501757,-0.26871684,0.53820558,-0.27660765,-0.47876144,-0.38126439,-0.46952296,-0.33159537,1.6278687,0.28337707,-0.51680322,-0.66097298,-0.26819958,-0.10362755,-0.55254122,-0.6376906,-0.6216579,0.81518082,-0.98232431,1.4950858,-0.59184316,-0.35262615,-0.91396788,1.6486083,-0.70554595,0.90090854,1.0720181,-0.85015365,2.5854123,-0.31803143,-0.077365413,1.5929385,-1.471015
0.863172,-0.44307613,2.7309677,0.23122741,-0.107902,0.67869607,-0.31009147,-0.31781876,-0.39993567,-0.50512119,-0.29556267,1.8580323,0.26518195,-0.48393098,-0.54298947,-0.30898542,0.0073904083,-0.59252469,-0.66498723,-0.53980429,0.70980129,-0.98232431,1.5336955,-0.66323901,-0.35262615,-0.97531641,1.5809316,-0.60162285,0.98874584,0.95963971,-0.85015365,2.5854123,-0.33678096,0.0070555944,1.5569595,-1.3932231
1.0055209,-0.45904158,2.6554347,0.030904948,0.21372767,0.80513752,-0.36031721,-0.13899357,-0.45594953,-0.61191587,-0.31357902,2.0173762,0.26518195,-0.46749487,-0.39129639,-0.3905571,-0.19614252,-0.67249163,-0.66498723,-0.53980429,0.67467478,-0.98232431,1.4950858,-0.71083624,-0.25104376,-1.0059907,1.4455782,-0.60162285,0.98874584,0.9034505,-0.78677554,2.4953243,-0.37428003,0.063336266,1.5929385,-1.3932231
1.2012507,-0.42711068,2.598785,-0.069256284,0.94888121,0.95967707,-0.37705913,0.021949098,-0.4932921,-0.55851853,-0.31357902,2.1767202,0.24698682,-0.45105875,-0.20589375,-0.41095002,-0.67722034,-0.75245856,-0.69228386,-0.53980429,0.7449278,-0.95399835,1.4564761,-0.73463486,-0.18332216,-1.0059907,1.3440631,-0.70554595,0.98874584,0.79107207,-0.78677554,2.3752069,-0.41177909,0.14775727,1.5929385,-1.3932231
1.468155,-0.39517978,2.5610185,-0.16941752,1.4542993,1.1844619,-0.41054295,0.46901207,-0.51196339,-0.57631764,-0.31357902,2.2652446,0.19240146,-0.53323933,0.030073263,-0.41095002,-0.56620238,-0.73246683,-0.50120746,-0.53980429,0.7449278,-0.9256724,1.5336955,-0.71083624,-0.25104376,-0.97531641,1.3440631,-0.77482801,0.98874584,0.67869364,-0.81846459,2.3151483,-0.44927816,0.20403795,1.5569595,-1.3154312
1.7172656,-0.37921433,2.4288359,-0.21949813,1.316458,1.4232957,-0.41054295,0.59418971,-0.4932921,-0.61191587,-0.31357902,2.1944251,0.24698682,-0.68116437,0.2323307,-0.47212877,-1.0472802,-0.67249163,-0.47391084,-0.49887748,0.7449278,-0.9256724,1.5336955,-0.73463486,-0.25104376,-1.0059907,1.4117398,-0.80946905,0.98874584,0.62250442,-0.78677554,2.1349722,-0.46802769,0.23217828,1.5569595,-1.2376393
1.9663763,-0.37921433,2.2400035,-0.21949813,-0.061954904,1.6480805,-0.42728487,0.71936734,-0.4932921,-0.59411675,-0.31357902,1.9465567,0.33796243,-0.7140366,0.40087856,-0.59448629,-0.5106934,-0.57253296,-0.44661421,-0.41702387,0.81518082,-0.98232431,1.4564761,-0.75843348,-0.28490456,-1.0673392,1.4455782,-0.77482801,1.047304,0.56631521,-0.72339742,1.9848255,-0.52427629,0.28845895,1.4850014,-1.1598474
2.1976933,-0.34728343,2.0889376,-0.31965936,0.21372767,1.8588162,-0.42728487,0.89819253,-0.47462081,-0.59411675,-0.31357902,1.6455736,0.37435267,-0.68116437,0.51886207,-0.63527212,-0.15913653,-0.37261562,-0.44661421,-0.37609706,0.95568686,-0.98232431,1.3792566,-0.75843348,-0.31876536,-1.0980135,1.4794165,-0.77482801,1.1351413,0.45393678,-0.81846459,1.9247668,-0.56177535,0.31659929,1.4130432,-1.1598474
2.4112167,-0.31535253,2.0134046,-0.43651413,-0.29169039,2.0133558,-0.39380104,1.0233702,-0.43727824,-0.62971498,-0.38564442,1.3622955,0.33796243,-0.68116437,0.61999078,-0.63527212,-0.39967544,-0.15270654,-0.44661421,-0.29424345,1.0610664,-0.95399835,1.3792566,-0.78223209,-0.25104376,-1.0980135,1.5470932,-0.77482801,1.2815369,0.060612273,-0.88184271,1.8046495,-0.59927442,0.37287996,1.4130432,-1.0820556
2.5535656,-0.29938708,1.9567549,-0.50328829,-0.22276974,2.1397972,-0.3435753,1.0770177,-0.43727824,-0.64751409,-0.51175886,1.1321319,0.21059658,-0.64829214,0.70426472,-0.73723672,-0.54769938,0.067202535,-0.44661421,-0.25331665,1.2015724,-0.95399835,1.3792566,-0.78223209,-0.28490456,-1.1900363,1.6147699,-0.77482801,1.3986533,0.060612273,-0.85015365,1.6545028,-0.63677348,0.4010203,1.4850014,-1.0042637
2.6959146,-0.29938708,1.8623387,-0.53667536,-0.061954904,2.2662387,-0.31009147,1.1306653,-0.43727824,-0.64751409,-0.56580791,0.72491957,0.19240146,-0.63185602,0.77168386,-0.79841548,-0.60320836,0.24712814,-0.44661421,-0.21238984,1.447458,-0.95399835,1.3020372,-0.75843348,-0.38648695,-1.3127333,1.6486083,-0.80946905,1.5157697,0.060612273,-0.81846459,1.4442974,-0.67427255,0.42916063,1.5569595,-0.92647181
2.7492954,-0.33131798,1.7112728,-0.51998183,0.052912837,2.3926801,-0.29334956,1.2021954,-0.43727824,-0.64751409,-0.58382426,0.45934629,0.24698682,-0.58254768,0.82224822,-0.8188084,-0.56620238,0.48702895,-0.39202095,-0.13053623,1.587964,-1.0106503,1.186208,-0.80603071,-0.35262615,-1.3434076,1.6486083,-0.84411008,1.5743279,-0.10795537,-0.85015365,1.144004,-0.71177161,0.45730097,1.4850014,-0.77088805
2.6603273,-0.36324888,1.409141,-0.67022367,0.25967477,2.4629254,-0.29334956,1.2200779,-0.45594953,-0.68311232,-0.69192235,0.3177072,0.35615755,-0.48393098,0.80539343,-0.77802256,-0.54769938,0.62697109,-0.39202095,-0.13053623,1.6933436,-1.0106503,1.186208,-0.90122518,-0.31876536,-1.3434076,1.6824466,-0.80946905,1.6328861,-0.051766157,-0.94522082,0.93379864,-0.74927068,0.4854413,1.3410851,-0.61530429
2.5179784,-0.36324888,1.1447757,-0.51998183,0.65022509,2.5472197,-0.29334956,1.0233702,-0.45594953,-0.70091143,-0.83605315,0.12295346,0.37435267,-0.33600595,0.82224822,-0.67605796,-0.75123231,0.8068967,-0.36472433,-0.13053623,1.8689761,-1.0389762,1.3406469,-0.94882241,-0.48806935,-1.3434076,1.7501233,-0.77482801,1.7207234,-0.10795537,-0.97690988,0.72359326,-0.78676974,0.54172197,1.1252108,-0.45972053
2.3756294,-0.37921433,1.0314762,-0.40312706,1.0867225,2.5050725,-0.32683339,0.95184009,-0.47462081,-0.70091143,-0.99820029,-0.054095394,0.33796243,-0.2866976,0.82224822,-0.59448629,-0.99177122,0.94683884,-0.3374277,-0.048682615,2.0094822,-1.0389762,1.3792566,-0.97262103,-0.48806935,-1.3434076,1.8178,-0.80946905,1.7500025,-0.2203338,-0.94522082,0.54341723,-0.80551928,0.59800265,0.83737839,-0.38192865
2.162106,-0.44307613,0.89929357,-0.72030429,0.83401347,2.3786311,-0.36031721,0.93395757,-0.41860696,-0.68311232,-1.1963801,-0.16032471,0.44713315,-0.23738926,0.65370036,-0.65566504,-0.95476523,1.0667892,-0.28283444,0.033170997,2.0446087,-1.0389762,1.186208,-0.94882241,-0.21718296,-1.4047561,1.8178,-0.80946905,1.7500025,-0.2203338,-0.91353177,0.39327053,-0.84301834,0.65428332,0.33367163,-0.30413677
1.9129954,-0.52290338,0.72934443,-0.73699783,0.85698702,2.2521896,-0.36031721,0.93395757,-0.34392182,-0.71871055,-1.3224946,-0.28425891,0.57449899,-0.1716448,0.51886207,-0.75762964,-0.88075326,1.1667479,-0.25553782,0.15595142,2.0797352,-1.0673022,1.1089885,-0.94882241,-0.081739769,-1.4354304,1.8516384,-0.84411008,1.8671189,-0.2203338,-0.85015365,0.36324119,-0.86176787,0.73870433,0.045839203,-0.070761127
1.699472,-0.60273062,0.69157795,-0.75369137,0.97185476,2.1678953,-0.32683339,0.91607505,-0.3625931,-0.66531321,-1.3224946,-0.40819311,0.72005996,-0.1716448,0.43458813,-0.69645088,-0.88075326,1.2667066,-0.20094456,0.27873183,2.1148617,-1.0956281,1.1475982,-0.97262103,-0.14946137,-1.3740819,1.8854767,-0.87875112,2.0135144,-0.16414459,-0.78677554,0.33321185,-0.89926694,0.82312533,-0.45786755,0.007030753
1.5215358,-0.66659242,0.63492824,-0.73699783,1.2245638,2.0274048,-0.25986573,0.86242749,-0.39993567,-0.59411675,-1.2504292,-0.46130776,0.81103556,-0.23738926,0.36716899,-0.65566504,-0.91775925,1.1067727,-0.11905468,0.31965864,2.1148617,-1.0673022,1.0703788,-0.97262103,-0.28490456,-1.3434076,1.9193151,-0.84411008,2.0427935,-0.2203338,-0.78677554,0.24312384,-0.91801647,0.90754634,-0.31395134,-0.070761127
1.4325677,-0.71448877,0.52162881,-0.72030429,1.7989025,1.8166691,-0.24312382,0.79089742,-0.38126439,-0.62971498,-1.1423311,-0.49671753,1.1385477,-0.20451703,0.29974984,-0.63527212,-1.0472802,1.0268058,-0.064461424,0.27873183,2.1499882,-1.0389762,1.1089885,-0.97262103,-0.18332216,-1.3434076,1.9193151,-0.84411008,2.0135144,-0.2203338,-0.97690988,0.092977138,-0.936766,0.99196735,-0.45786755,-0.30413677
1.2902188,-0.71448877,0.35167967,-0.75369137,1.0867225,1.6059334,-0.22638191,0.75513238,-0.34392182,-0.68311232,-0.99820029,-0.49671753,1.5024501,-0.12233645,0.28289506,-0.63527212,-1.2138071,0.96683057,0.017428459,0.23780503,2.0446087,-1.0673022,1.1475982,-0.99641965,-0.21718296,-1.4354304,1.8854767,-0.80946905,2.0720726,-0.33271223,-0.94522082,0.0028891201,-0.95551554,1.0763884,-0.52982566,-0.14855301
0.95214008,-0.74641967,0.18173052,-0.82046552,1.7759289,1.4092467,-0.15941425,0.70148482,-0.34392182,-0.62971498,-0.76398775,-0.51442242,1.7207916,-0.13877256,0.26604027,-0.63527212,-1.2323101,0.88686363,0.099318342,0.27873183,1.9743557,-1.0956281,0.95454959,-1.0202183,-0.25104376,-1.4661046,1.8178,-0.70554595,1.9842353,-0.44509066,-0.94522082,-0.027140219,-0.95551554,1.1889497,-0.56580471,0.084822633
0.66744221,-0.77835056,0.030664617,-0.75369137,0.76509283,1.2406581,-0.10918851,0.59418971,-0.38126439,-0.57631764,-0.52977521,-0.51442242,1.9755233,-0.13877256,0.21547591,-0.65566504,-1.2878191,0.8068967,0.20850485,0.31965864,2.0797352,-1.1239541,0.68428148,-0.99641965,0.087564221,-1.4047561,1.8178,-0.74018698,1.9256771,-0.61365831,-1.0085989,-0.057169559,-0.95551554,1.2452304,-0.52982566,0.24040639
0.56068051,-0.77835056,-0.063751574,-0.7703849,0.87996057,1.0299223,-0.0924466,0.54054215,-0.45594953,-0.68311232,-0.31357902,-0.49671753,2.3030354,-0.1716448,0.16491155,-0.73723672,-1.2693161,0.74692149,0.39958124,0.36058545,2.0446087,-1.1239541,0.56845229,-0.94882241,0.3923114,-1.2513848,1.8178,-0.80946905,1.9549562,-0.72603674,-1.1670442,-0.11722824,-0.95551554,1.3296514,-0.45786755,0.31819827
0.38274433,-0.73045422,-0.12040129,-0.75369137,1.0407754,0.81918657,-0.12593043,0.52265963,-0.51196339,-0.789907,-0.097382832,-0.53212731,2.6305476,-0.22095314,0.14805677,-0.8188084,-1.2138071,0.68694629,0.59065764,0.40151225,2.1148617,-1.1239541,0.56845229,-0.99641965,0.5616154,-1.159362,1.7839617,-0.80946905,1.9256771,-0.72603674,-1.3571786,-0.20731626,-0.936766,1.385932,-0.56580471,0.16261451
-0.18665141,-0.68255787,-0.15816776,-0.75369137,0.99482831,0.62249988,-0.17615617,0.45112956,-0.54930596,-0.84330434,0.19087875,-0.56753708,2.9034744,-0.33600595,0.11434719,-0.8188084,-1.2323101,0.60697936,0.78173403,0.48336587,2.2553677,-1.0956281,0.64567175,-1.0202183,0.5277546,-1.1286877,1.7501233,-0.80946905,1.9256771,-0.72603674,-1.5156238,-0.41752163,-0.91801647,1.4140724,-0.60178377,0.084822633
-0.18665141,-0.60273062,-0.177051,-0.73699783,0.81103993,0.43986223,-0.17615617,0.397482,-0.56797724,-0.82550523,0.56922209,-0.58524196,3.1764012,-0.45105875,0.29974984,-0.85959423,-1.3063221,0.52701242,1.0001071,0.56521948,2.4661268,-1.0673022,0.60706202,-1.0440169,0.62933699,-1.1900363,1.716285,-0.84411008,1.8671189,-0.72603674,-1.4522457,-0.62772701,-0.89926694,1.4422127,-0.63776282,0.007030753
-0.11547694,-0.45904158,-0.19593424,-0.72030429,0.71914573,0.31342078,-0.12593043,0.45112956,-0.6239911,-0.80770611,0.78541828,-0.53212731,3.2855719,-0.53323933,0.63684557,-0.90038007,-1.2693161,0.46703722,1.1911834,0.6879999,2.6768859,-1.0956281,0.41401337,-1.0678155,0.83250178,-1.2207105,1.6824466,-0.80946905,1.7500025,-0.72603674,-1.0085989,-0.68778569,-0.89926694,1.4703531,-0.63776282,-0.070761127
-0.22223865,-0.31535253,-0.32811691,-0.70361075,0.67319864,0.20102838,-0.10918851,0.52265963,-0.66133367,-0.71871055,0.96558177,-0.54983219,3.3583524,-0.58254768,0.36716899,-0.83920131,-1.2508131,0.42705375,1.3822598,0.76985351,2.8173919,-1.15228,0.18235499,-1.0678155,0.96794497,-1.2513848,1.6824466,-0.80946905,1.6621652,-0.66984752,-0.81846459,-0.65775635,-0.88051741,1.4984934,-0.60178377,0.16261451
-0.75604716,-0.15569804,-0.46029957,-0.72030429,0.67319864,0.088635987,-0.24312382,0.57630719,-0.66133367,-0.64751409,1.1277289,-0.67376639,3.3219622,-0.63185602,0.063782836,-0.83920131,-1.2878191,0.42705375,1.5460396,0.85170712,2.9578979,-1.2089319,-0.049303387,-1.0202183,1.1711098,-1.2513848,1.6486083,-0.84411008,1.5157697,-0.61365831,-0.46988497,-0.62772701,-0.86176787,1.5266337,-0.60178377,0.47378203
-0.84501524,0.0039564525,-0.573599,-0.72030429,0.48941025,-0.023756411,-0.39380104,0.61207223,-0.68000496,-0.62971498,1.2718597,-0.53212731,3.1582061,-0.7140366,0.14805677,-0.85959423,-1.3063221,0.38707028,1.6552261,0.89263393,3.028151,-1.180606,-0.39679096,-1.0678155,1.4758569,-1.2207105,1.6147699,-0.87875112,1.2815369,-0.61365831,-0.057927227,-0.62772701,-0.84301834,1.5547741,-0.60178377,0.47378203
-0.66707907,0.1476455,-0.64913196,-0.70361075,0.44346316,-0.13614881,-0.46076869,0.6836023,-0.69867624,-0.62971498,1.3619415,-0.58524196,2.9762549,-0.7140366,0.24918548,-0.87998715,-1.3063221,0.28711161,1.7644126,0.97448754,3.098404,-1.15228,-0.82149799,-1.1154127,1.7467433,-1.2207105,1.5470932,-0.91339215,1.0765831,-0.61365831,0.38571957,-0.59769767,-0.82426881,1.5829144,-0.63776282,0.31819827
-0.52473014,0.25940364,-0.78131462,-0.70361075,0.39751606,-0.19234501,-0.47751061,0.79089742,-0.68000496,-0.50512119,1.3799578,-0.62065173,2.7579134,-0.61541991,0.24918548,-0.96155883,-1.1768011,0.24712814,1.8190059,1.0154143,3.1335305,-1.180606,-1.0917661,-1.1154127,1.9160473,-1.1900363,1.4455782,-0.91339215,0.84235034,-0.61365831,0.67092108,-0.59769767,-0.82426881,1.6391951,-0.67374187,0.16261451
-0.66707907,0.35519634,-0.78131462,-0.70361075,0.35156896,-0.22044311,-0.44402678,0.96972261,-0.68000496,-0.45172385,1.4520232,-0.60294685,2.5759622,-0.43462264,0.28289506,-0.83920131,-0.97326822,0.94683884,1.9008958,1.0154143,3.168657,-1.15228,-0.97593691,-1.1392113,1.9499081,-1.1900363,1.3440631,-0.94803318,0.72523394,-0.61365831,0.79767731,-0.71781502,-0.82426881,1.7236161,-0.70972093,0.084822633
-0.75604716,0.43502358,-0.76243138,-0.68691721,0.35156896,-0.27663931,-0.46076869,1.1306653,-0.69867624,-0.50512119,1.3259088,-0.56753708,2.3758159,-0.18808091,0.31660463,-0.79841548,-0.86225027,0.38707028,1.9827856,1.0154143,3.1335305,-1.0673022,-0.62844934,-1.1392113,1.8821865,-1.1286877,1.2763865,-0.94803318,0.69595484,-0.61365831,0.9561226,-0.83793238,-0.82426881,1.8361774,-0.70972093,0.084822633
-0.86280886,0.49888538,-0.64913196,-0.68691721,0.28264832,-0.29068835,-0.51099444,1.291608,-0.69867624,-0.59411675,1.2538434,-0.54983219,2.2120598,0.042024703,0.31660463,-0.90038007,-0.82524428,0.18715294,2.0373789,1.0563412,2.9578979,-1.0389762,-0.43540069,-1.1154127,1.8821865,-0.97531641,1.1748714,-0.94803318,0.57883843,-0.66984752,1.0828788,-0.9280204,-0.84301834,1.9768791,-0.74569998,-0.070761127
-0.93398333,0.53081628,-0.70578167,-0.67022367,0.14480703,-0.27663931,-0.49425252,1.5061982,-0.66133367,-0.50512119,1.181778,-0.51442242,2.0119135,0.2556942,0.40087856,-0.94116591,-0.75123231,0.26711988,2.0373789,1.0563412,2.7471389,-1.0389762,-0.55122988,-1.16301,1.7806041,-0.79127082,1.0733564,-0.98267422,0.28604742,-0.72603674,1.0828788,-0.98807908,-0.86176787,2.1175808,-0.74569998,-0.53751241
-0.79163439,0.54678173,-0.66801519,-0.68691721,0.075886385,-0.29068835,-0.36031721,1.7565534,-0.68000496,-0.41612562,1.1277289,-0.49671753,1.7935721,0.45292758,0.55257164,-0.90038007,-0.73272931,0.36707855,2.0646755,1.0563412,2.6066328,-1.0956281,-0.7056688,-1.2106072,1.5435785,-0.69924803,0.97184132,-0.98267422,0.19821012,-0.72603674,1.2730132,-0.98807908,-0.89926694,2.2582825,-0.81765809,-0.45972053
-0.84501524,0.57871263,-0.72466491,-0.73699783,0.12183348,-0.3328355,-0.14267234,2.0426738,-0.7546901,-0.36272828,1.0556635,-0.47901265,1.5570355,0.48579981,0.77168386,-0.8188084,-0.71422632,0.36707855,2.0919722,1.0563412,2.2904942,-1.0389762,-0.74427853,-1.2106072,1.7128825,-0.66857377,0.90416462,-0.94803318,0.19821012,-0.66984752,1.3680803,-0.95804974,-0.91801647,2.4271245,-0.85363714,-0.14855301
-1.3432365,0.57871263,-0.78131462,-0.73699783,0.19075413,-0.3609336,0.041488707,2.293029,-0.79203267,-0.30933094,0.94756542,-0.44360288,1.3204989,0.71590543,1.07507,-0.79841548,-0.7697353,0.34708681,2.1192688,1.097268,1.6582171,-1.0673022,-0.78288826,-1.2106072,1.6451609,-0.66857377,0.80264957,-0.94803318,0.16893102,-0.55746909,1.3997694,-0.9280204,-0.95551554,2.5396858,-0.8896162,0.007030753
-1.414411,0.53081628,-0.8190811,-0.75369137,0.21372767,-0.3609336,0.17542401,2.5791493,-0.86671781,-0.14913893,0.85748367,-0.46130776,1.1021575,0.84739435,1.4121657,-0.83920131,-0.82524428,0.34708681,2.1465654,1.0563412,1.517711,-1.0673022,-0.78288826,-1.2106072,1.6451609,-0.69924803,0.73497288,-0.91339215,0.081093719,-0.55746909,1.4314585,-0.9280204,-0.9930146,2.6803875,-0.85363714,0.007030753
-1.2898557,0.46695448,-0.8190811,-0.7703849,0.25967477,-0.37498265,0.32610123,2.9010347,-0.94140296,-0.024545133,0.80343463,-0.49671753,0.92020628,0.92957493,1.7155519,-0.85959423,-0.73272931,0.32709508,2.173862,1.0563412,1.1313194,-1.0106503,-0.7056688,-1.2106072,1.6451609,-0.79127082,0.63345783,-0.87875112,-0.006743583,-0.61365831,1.4631475,-0.9280204,-1.0492632,2.7648085,-0.81765809,-0.14855301
-1.2186812,0.43502358,-0.78131462,-0.7703849,0.30562187,-0.37498265,0.44329463,3.1156249,-0.99741681,-0.20253626,0.82145098,-0.51442242,0.7564502,0.99531939,2.0020833,-0.87998715,-0.69572333,0.20714467,2.173862,1.097268,0.60442176,-0.98232431,-0.66705907,-1.1868086,1.6451609,-0.7299223,0.53194279,-0.87875112,-0.094580885,-0.55746909,1.4631475,-0.89799106,-1.1055118,2.8210892,-0.81765809,0.39599015
-1.040745,0.40309269,-0.78131462,-0.72030429,0.21372767,-0.3609336,0.54374611,3.2050375,-1.0347594,-0.32713006,0.74938558,-0.58524196,0.55630387,1.0117555,2.3223242,-0.85959423,-0.73272931,0.28711161,2.2011587,1.1381948,0.3936627,-0.98232431,-0.66705907,-1.16301,1.5774393,-0.66857377,0.43042774,-0.91339215,-0.21169729,-0.50127988,1.3680803,-0.89799106,-1.1617604,2.8492295,-0.81765809,1.173909
-1.0051578,0.33923089,-0.80019786,-0.7703849,0.4664367,-0.3890317,0.6609395,3.22292,-1.0907732,-0.3805274,0.64128748,-0.60294685,0.35615755,1.0117555,2.5920008,-0.77802256,-0.71422632,0.42705375,2.2011587,1.301902,0.35853619,-0.98232431,-0.62844934,-1.2106072,1.4758569,-0.6378995,0.32891269,-0.84411008,-0.27025549,-0.50127988,1.1145679,-0.83793238,-1.2367585,2.7929488,-0.85363714,1.5628684
-1.2186812,0.27536909,-0.80019786,-0.7703849,0.58130444,-0.40308075,0.74464907,3.1335074,-1.1654584,-0.5229203,0.56922209,-0.53212731,0.15601122,1.0117555,2.811113,-0.7168438,-0.65871734,0.36707855,2.2011587,1.3837556,0.32340968,-1.0106503,-0.58983961,-1.2106072,1.4758569,-0.60722524,0.1935593,-0.84411008,-0.24097639,-0.55746909,0.92443354,-0.89799106,-1.3117567,2.7366682,-0.85363714,1.4850765
-1.4499982,0.24343819,-0.85684757,-0.7703849,0.71914573,-0.3609336,0.76139098,2.8652696,-1.202801,-0.71871055,0.46112399,-0.63835662,0.06503562,1.0281916,3.04708,-0.73723672,-0.65871734,0.50702069,2.2284553,1.4246824,0.28828317,-0.95399835,-0.55122988,-1.2106072,1.4758569,-0.60722524,0.024367557,-0.91339215,-0.27025549,-0.44509066,0.89274448,-1.0181084,-1.3867548,2.5959665,-0.78167903,1.4072846
-1.5745535,0.21150729,-0.91349729,-0.75369137,0.99482831,-0.3328355,0.74464907,2.6506794,-1.2588148,-0.61191587,0.42509129,-0.74458593,-0.044135103,0.84739435,3.0976444,-0.73723672,-0.69572333,0.76691323,2.2557519,1.5474628,0.21803015,-0.89734644,-0.58983961,-1.2106072,1.3742746,-0.66857377,-0.04330914,-1.0519563,-0.32881369,-0.33271223,0.89274448,-1.0181084,-1.4617529,2.4552648,-0.74569998,1.2517008
-1.4499982,0.19554184,-0.89461405,-0.7703849,1.2705109,-0.3328355,0.79487481,2.4003241,-1.3521712,-0.5229203,0.37104225,-0.6560615,-0.15330583,0.66659708,3.0133704,-0.69645088,-0.78823829,1.1067727,2.2557519,1.6293164,0.077524105,-0.81236858,-0.58983961,-1.2344058,1.306553,-0.91396788,-0.11098584,-1.0173152,-0.41665099,-0.2203338,0.82936637,-1.0181084,-1.536751,2.2864228,-0.70972093,1.0183252
-1.1653004,0.21150729,-0.85684757,-0.78707844,1.569167,-0.34688455,0.81161672,2.0784388,-1.4268564,-0.68311232,0.33500955,-0.62065173,-0.26247655,0.58441651,2.811113,-0.63527212,-0.80674129,1.6665413,2.2557519,1.6702432,0.0072710852,-0.81236858,-0.62844934,-1.2344058,1.4081353,-1.0673392,-0.17866253,-1.0173152,-0.44593009,-0.10795537,0.76598826,-1.0781671,-1.6117492,2.1175808,-0.70972093,1.0183252
-1.0229514,0.24343819,-0.85684757,-0.7703849,1.8907967,-0.34688455,0.72790716,1.7923185,-1.3895138,-0.80770611,0.40707494,-0.6560615,-0.37164727,0.51867204,2.6425651,-0.59448629,-0.7697353,2.1663346,2.2011587,1.6702432,-0.027855425,-0.81236858,-0.62844934,-1.2344058,1.5435785,-1.2207105,-0.24633923,-1.0865973,-0.4752092,0.0044230577,0.70261014,-1.1081964,-1.7054968,1.8924581,-0.70972093,0.86274143
-1.0051578,0.30729999,-0.87573081,-0.75369137,2.1664793,-0.3609336,0.64419759,1.5598457,-1.2588148,-0.68311232,0.49715669,-0.6560615,-0.48081799,0.45292758,2.4571625,-0.63527212,-0.71422632,2.5261858,2.1465654,1.7111701,-0.062981935,-0.81236858,-0.66705907,-1.2582044,1.6451609,-1.2820591,-0.34785428,-1.0173152,-0.4752092,0.11680149,0.70261014,-1.1382258,-1.780495,1.6391951,-0.67374187,0.94053331
-0.98736418,0.29133454,-0.87573081,-0.80377198,2.4191883,-0.40308075,0.6609395,1.327373,-1.2401435,-0.64751409,0.58723844,-0.63835662,-0.48081799,0.40361924,2.2549051,-0.61487921,-0.67722034,2.8060701,2.1192688,1.7111701,-0.062981935,-0.78404262,-0.7056688,-1.2582044,1.7467433,-1.0673392,-0.38169263,-0.94803318,-0.5044883,0.11680149,0.70261014,-1.1382258,-1.8554931,1.3296514,-0.63776282,1.173909
-0.98736418,0.27536909,-0.80019786,-0.8538526,2.6489238,-0.37498265,0.62745568,1.0770177,-1.2774861,-0.89670168,0.67732018,-0.6560615,-0.51720823,0.38718312,2.0695024,-0.45173585,-0.56620238,2.9859957,2.0646755,1.7111701,-0.20348798,-0.72739071,-0.7056688,-1.2582044,1.8821865,-0.76059656,-0.38169263,-1.0173152,-0.5044883,0.11680149,0.63923203,-1.1081964,-1.9492408,1.048248,-0.60178377,1.4850765
-0.93398333,0.30729999,-0.80019786,-0.78707844,2.8327122,-0.31878645,0.49352037,0.84454497,-1.2774861,-1.2882822,0.74938558,-0.70917616,-0.58998872,0.33787478,1.8840998,-0.49252169,-0.4921904,3.0059874,2.0100823,1.7520969,-0.098108445,-0.69906475,-0.7056688,-1.2582044,2.0176297,-0.66857377,-0.44936932,-0.98267422,-0.5044883,0.22917992,0.48078674,-1.0781671,-2.0429884,0.82312533,-0.56580471,1.7184521
-0.88060248,0.33923089,-0.80019786,-0.88723967,3.0165005,-0.3047374,0.44329463,0.62995475,-1.2774861,-1.3060813,0.91153272,-0.7799957,-0.55359848,0.33787478,1.6986971,-0.90038007,-0.54769938,2.8260618,1.9008958,1.7930237,-0.062981935,-0.6707388,-0.78288826,-1.282003,2.1530729,-0.54587671,-0.51704602,-0.94803318,-0.4752092,0.28536913,0.19558523,-1.0781671,-2.1179866,0.65428332,-0.52982566,1.796244
-0.93398333,0.32326544,-0.78131462,-0.90393321,3.1773154,-0.3328355,0.46003654,0.29018688,-1.3895138,-1.3416795,1.1637616,-0.85081525,-0.48081799,0.42005535,1.5301492,-0.65566504,-0.65871734,2.5261858,1.8463025,1.8339505,-0.062981935,-0.64241284,-0.78288826,-1.2582044,2.2885161,-0.30048259,-0.61856106,-1.0519563,-0.5044883,0.39774756,0.35403051,-1.1382258,-2.2117342,0.62614298,-0.4938466,1.7184521
-0.95177695,0.30729999,-0.76243138,-0.87054614,3.2002889,-0.3609336,0.46003654,-0.12111105,-1.5762267,-1.0568937,1.3979741,-0.88622502,-0.58998872,0.40361924,1.3278918,-0.63527212,-0.62171136,2.2263098,1.7644126,1.2609752,-0.13323496,-0.55743498,-0.82149799,-1.2582044,2.3562377,0.067608583,-0.65239941,-1.2251615,-0.6216047,0.51012599,0.41740863,-1.1382258,-2.2867323,0.68242365,-0.4938466,1.796244
-0.8983961,0.30729999,-0.83796434,-0.82046552,2.993527,-0.3609336,0.46003654,-0.24628869,-1.6322405,-0.789907,1.596154,-0.95704456,-0.71735456,0.50223593,1.1593439,-0.49252169,-0.4921904,1.8464669,1.6825227,1.2609752,-0.273741,-0.55743498,-0.82149799,-1.282003,2.5932633,0.43569976,-0.68623776,-1.2251615,-0.709442,0.51012599,0.41740863,-1.1081964,-2.3429809,0.794985,-0.4938466,1.796244
-0.84501524,0.35519634,-0.91349729,-0.75369137,2.6948709,-0.34688455,0.47677845,-0.29993625,-1.6135692,-0.54071941,1.8123502,-1.1695032,-0.8447204,0.96244716,1.0245057,-0.45173585,-0.36266945,1.5265991,1.6279295,1.4656092,-0.20348798,-0.47245711,-0.89871745,-1.3058017,2.7287065,0.58907108,-0.68623776,-1.1212384,-0.7972793,0.62250442,0.32234146,-1.1081964,-2.38048,0.93568668,-0.45786755,1.6406602
-0.82722163,0.38712724,-0.91349729,-0.72030429,2.4191883,-0.3047374,0.49352037,-0.33570128,-1.5575554,-0.27373272,2.1546608,-1.2757325,-0.71735456,0.51867204,0.90652215,-0.41095002,-0.39967544,1.4466322,1.518743,1.4656092,-0.13323496,-0.4158052,-0.97593691,-1.3058017,2.8641497,0.80379093,-0.72007611,-0.94803318,-0.88511661,0.73488285,0.22727429,-1.0781671,-2.3992295,1.048248,-0.45786755,1.5628684
-0.82722163,0.41905813,-0.80019786,-0.72030429,2.1435057,-0.29068835,0.49352037,-0.49664395,-1.464199,-0.024545133,2.5690368,-1.1695032,-0.5717936,0.28856643,0.78853865,-0.43134294,-0.39967544,1.1467562,1.4368531,1.4656092,-0.16836147,-0.4158052,-1.0145466,-1.2582044,2.9318713,1.0185108,-0.75391446,-0.80946905,-0.97295391,0.79107207,0.16389617,-1.0781671,-2.3992295,1.132669,-0.52982566,1.4850765
-0.86280886,0.46695448,-0.83796434,-0.73699783,1.821876,-0.29068835,0.52700419,-0.60393907,-1.3148287,0.082249546,2.731184,-1.1517983,-0.62637896,0.28856643,0.55257164,-0.51291461,-0.32566347,0.82688843,1.3549632,1.6293164,-0.16836147,-0.52910902,-1.0917661,-1.1868086,2.8980105,1.1412078,-0.82159116,-0.74018698,-1.002233,0.79107207,0.13220712,-1.0781671,-2.3617305,1.1889497,-0.63776282,1.4072846
-0.88060248,0.56274718,-0.87573081,-0.72030429,1.5232199,-0.3047374,0.57722994,-0.62182159,-1.072102,-0.060143359,2.9293638,-1.0809788,-0.64457408,0.35431089,0.3503142,-0.51291461,-0.36266945,0.56699589,1.2730733,1.6702432,-0.20348798,-0.50078307,-1.1689856,-1.1868086,2.9318713,1.1718821,-0.78775281,-0.63626388,-0.97295391,0.84726128,0.13220712,-1.0781671,-2.3242314,1.2452304,-0.63776282,1.3294927
-0.8983961,0.57871263,-0.83796434,-0.67022367,1.1786167,-0.3328355,0.62745568,-0.58605655,-0.77336139,-0.060143359,3.091511,-0.74458593,-0.58998872,0.38718312,0.21547591,-0.49252169,-0.47368741,0.26711988,1.1638868,1.7111701,-0.23861449,-0.44413116,-1.1689856,-1.1868086,2.9995929,1.1718821,-0.78775281,-0.49769975,-0.94367481,1.0158289,0.13220712,-1.0181084,-2.2679828,1.2733707,-0.60178377,1.0961171
-0.88060248,0.56274718,-0.83796434,-0.67022367,0.90293412,-0.3609336,0.71116524,-0.58605655,-0.53063467,-0.077942472,3.1635764,-0.58524196,-0.58998872,0.38718312,0.080637622,-0.53330753,-0.5106934,0.14716947,0.97281042,1.8339505,-0.20348798,-0.47245711,-1.1303758,-1.1392113,2.9657321,1.2639049,-0.82159116,-0.32449458,-1.0900703,1.0720181,0.068829001,-1.0181084,-2.1929847,1.2733707,-0.52982566,1.0961171
-0.91618971,0.65853987,-0.83796434,-0.67022367,0.78806638,-0.40308075,0.84510055,-0.60393907,-0.28790796,-0.2559336,3.091511,-0.7799957,-0.55359848,0.38718312,-0.12161981,-0.55370045,-0.58470537,0.107186,0.78173403,1.8748773,-0.273741,-0.38747925,-1.1303758,-1.16301,2.8980105,1.2025564,-0.82159116,-0.11664838,-1.2071867,1.1843966,0.10051806,-0.95804974,-2.1179866,1.2733707,-0.4218885,1.2517008
-0.93398333,0.85012527,-0.83796434,-0.67022367,0.58130444,-0.3609336,0.97903586,-0.60393907,0.029503897,-0.43392474,2.9473802,-0.88622502,-0.53540335,0.48579981,-0.27331289,-0.67605796,-0.73272931,0.047210801,0.56336101,1.9158041,-0.273741,-0.33082734,-1.2075953,-1.1868086,2.8302889,0.98783652,-0.8554295,0.091197823,-1.2071867,1.296775,0.25896334,-0.9280204,-2.0054894,1.2733707,-0.34993039,1.0961171
-0.91618971,1.1055725,-0.87573081,-0.72030429,0.35156896,-0.31878645,1.2134226,-0.56817403,0.4216009,-0.30933094,2.4969714,-0.83311036,-0.51720823,0.65016097,-0.35758682,-0.79841548,-1.0102742,-0.012764402,0.34498799,1.9567309,-0.273741,-0.30250138,-1.2075953,-1.16301,2.7964281,0.92648799,-0.88926785,0.43760816,-1.2364658,1.3529642,0.35403051,-0.95804974,-1.8929922,1.2452304,-0.27797228,0.94053331
-0.8983961,1.3929505,-0.83796434,-0.78707844,0.098859933,-0.40308075,1.4812933,-0.46087892,0.83236918,-0.22033538,2.1186281,-0.79770059,-0.53540335,0.86383046,-0.47557033,-0.92077299,-1.1212922,-0.21268174,0.099318342,1.8748773,-0.30886751,-0.27417543,-1.1689856,-1.16301,2.6948457,0.92648799,-0.9231062,0.81865953,-1.2364658,1.4653426,0.32234146,-0.98807908,-1.7617454,1.1889497,-0.17003512,1.0183252
-0.93398333,1.6324323,-0.74354815,-0.90393321,0.052912837,-0.48737505,1.7826477,-0.37146632,1.0564246,-0.024545133,1.8123502,-0.83311036,-0.64457408,1.0939361,-0.67782776,-1.0023447,-0.95476523,-0.43259082,-0.25553782,1.7930237,-0.34399402,-0.21752352,-1.1689856,-1.2106072,2.5255417,0.92648799,-0.9231062,1.0265057,-1.295024,1.6339103,0.0054508874,-1.0481378,-1.6304987,1.1608094,-0.026118905,1.0183252
-0.95177695,1.8240177,-0.63024872,-0.98740091,-0.13087555,-0.51547315,2.0672602,-0.42511388,1.1684523,0.064450433,1.4700395,-0.83311036,-0.64457408,1.2911695,-0.84637562,-1.0227376,-1.0102742,-0.49256602,-0.71958049,1.7111701,-0.34399402,-0.18919756,-1.0917661,-1.2106072,2.3562377,0.95716226,-0.88926785,1.1997109,-1.3535822,1.7462887,-0.12130534,-1.0781671,-1.4805024,1.132669,0.081818256,0.86274143
-0.86280886,2.0315685,-0.66801519,-0.98740091,-0.19979619,-0.5014241,2.2681632,-0.49664395,1.2244662,0.11784777,1.1097126,-0.7799957,-0.71735456,1.504839,-0.86323041,-0.96155883,-1.0287772,-0.55254122,-1.0198434,1.6293164,-0.30886751,-0.07589374,-1.0145466,-1.2106072,2.1530729,0.95716226,-0.8554295,1.4075571,-1.4414195,1.7462887,0.32234146,-1.0181084,-1.3305062,1.0763884,0.081818256,0.62936579
-0.68487269,2.2391194,-0.68689843,-1.0040944,-0.29169039,-0.48737505,2.4020985,-0.46087892,1.4298503,0.028852207,0.85748367,-0.76229082,-0.77193992,1.7185085,-0.94750434,-0.79841548,-0.97326822,-0.61251642,-1.04714,1.5883896,-0.34399402,-0.047567785,-1.0531564,-1.2344058,1.9499081,0.98783652,-0.8554295,1.6500443,-1.4706986,1.6900995,0.16389617,-0.95804974,-1.218009,1.0201077,0.11779731,0.86274143
-0.5959046,2.4307047,-0.64913196,-1.0374815,-0.47547877,-0.48737505,2.5695176,-0.4429964,1.5978919,0.04665132,0.60525479,-0.81540547,-0.73554968,2.0143585,-1.0317783,-0.57409337,-0.7697353,-0.69248336,-0.99254676,1.506536,-0.41424704,0.0090841256,-1.0917661,-1.282003,1.8144649,1.0798593,-0.8554295,1.7193264,-1.4706986,1.7462887,0.068829001,-0.9280204,-1.0867623,0.99196735,0.22573447,0.86274143
-0.5959046,2.5903592,-0.68689843,-1.0708686,-0.52142587,-0.48737505,2.7704206,-0.46087892,1.5792206,-0.0067460196,0.2809605,-0.92163479,-0.62637896,2.4745698,-0.91379477,-0.41095002,-0.56620238,-0.7724503,-1.1017333,1.4246824,-0.58987959,-0.01924183,-1.0531564,-1.3058017,1.6451609,1.0798593,-0.8554295,1.6846854,-1.4414195,1.4653426,0.037139944,-0.89799106,-0.936766,0.96382701,0.5135669,0.70715767
-0.57811099,2.7021174,-0.74354815,-1.020788,-0.52142587,-0.5014241,2.9210978,-0.47876144,1.6539057,-0.0067460196,-0.061350134,-1.0632739,-0.5717936,2.7046754,-0.77895648,-0.22741375,-0.4921904,-0.8324255,-1.1563265,1.3837556,-0.58987959,0.0090841256,-1.0917661,-1.1868086,1.3742746,1.0185108,-0.82159116,1.7886085,-1.4414195,1.2405858,0.037139944,-0.86796172,-0.82426881,0.96382701,0.72944122,0.70715767
-0.5959046,2.6861519,-0.70578167,-0.90393321,-0.54439941,-0.473326,3.0215493,-0.47876144,1.7099196,0.10004866,-0.31357902,-1.1340934,-0.55359848,2.934781,-0.82952084,0.0376942,-0.30716047,-0.8324255,-1.1290299,1.4246824,-0.6250061,0.0090841256,-1.1303758,-1.1868086,1.2049706,1.0185108,-0.82159116,1.9618136,-1.3828613,1.1282074,0.068829001,-0.86796172,-0.69302208,0.96382701,0.80139933,0.70715767
-0.68487269,2.6382556,-0.573599,-0.72030429,-0.65926716,-0.34688455,3.071775,-0.4429964,1.7285909,0.153446,-0.42167712,-1.204913,-0.53540335,3.082706,-0.89693998,0.18044463,-0.17763952,-0.8324255,-1.1290299,1.506536,-0.69525912,0.0090841256,-1.0917661,-1.1392113,1.0356666,0.95716226,-0.8554295,2.1696598,-1.3243031,1.0158289,0.068829001,-0.83793238,-0.58052489,0.96382701,0.83737839,0.62936579
-0.73825354,2.6063247,-0.55471576,-0.51998183,-0.70521425,-0.29068835,3.071775,-0.38934884,1.7472622,0.082249546,-0.47572616,-1.204913,-0.51720823,3.0991421,-0.89693998,0.32319507,-0.029615578,-0.8324255,-1.1017333,1.506536,-0.87089167,0.0090841256,-1.0531564,-1.0916141,0.76478018,0.80379093,-0.8554295,2.342865,-1.2657449,0.9034505,0.10051806,-0.83793238,-0.46802769,0.93568668,0.90933649,0.47378203
-0.66707907,2.5424629,-0.49806605,-0.3363529,-0.6822407,-0.31878645,3.0550331,-0.37146632,1.7285909,0.011053094,-0.60184061,-1.1695032,-0.48081799,2.9840893,-0.8800852,0.50673134,0.11840837,-0.79244203,-1.1017333,1.4656092,-0.87089167,-0.07589374,-1.0145466,-1.0678155,0.69705859,0.77311667,-0.8554295,2.2735829,-1.2071867,0.84726128,0.13220712,-0.83793238,-0.35553049,0.90754634,1.0892318,0.16261451
-0.68487269,2.3987739,-0.53583253,-0.13603044,-0.70521425,-0.34688455,2.9713235,-0.38934884,1.5792206,-0.024545133,-0.61985696,-0.99245433,-0.48081799,2.7046754,-0.8800852,0.62908885,0.19242034,-0.79244203,-1.0744366,1.4656092,-0.83576516,0.037410081,-1.0145466,-1.0916141,0.86636258,0.7424424,-0.82159116,2.0657367,-1.1779076,0.79107207,0.22727429,-0.7778737,-0.20553423,0.93568668,1.269127,0.31819827
-0.79163439,2.2710503,-0.68689843,0.047598486,-0.75116135,-0.34688455,2.7871625,-0.38934884,1.4858642,0.082249546,-0.51175886,-0.69147128,-0.53540335,2.4252614,-0.8800852,0.62908885,0.34044428,-0.81243377,-1.0198434,1.4246824,-0.83576516,0.094061991,-0.93732718,-1.0916141,0.83250178,0.71176814,-0.82159116,1.9271726,-1.1779076,0.73488285,0.32234146,-0.7778737,-0.074287507,0.90754634,1.4130432,0.62936579
-0.70266631,2.1752576,0.35167967,0.18114679,-0.75116135,-0.3047374,2.5695176,-0.38934884,1.3738365,0.26024068,-0.51175886,-0.33737356,-0.5717936,2.2444641,-0.86323041,0.60869593,0.58098319,-0.87240897,-0.99254676,1.4246824,-0.73038563,0.4056475,-0.89871745,-1.0440169,0.76478018,0.71176814,-0.9231062,1.8925316,-1.1779076,0.62250442,0.32234146,-0.7778737,0.056959221,0.879406,1.5209804,0.78494955
-0.68487269,2.0954303,-0.025985097,0.29800156,-0.7741349,-0.24854121,2.301647,-0.40723136,1.149781,0.13564689,-0.56580791,-0.0009807371,-0.58998872,2.0143585,-0.8800852,0.60869593,0.69200115,-0.9523759,-0.96525013,1.4656092,-0.58987959,0.51895132,-0.78288826,-1.0202183,0.66319779,0.71176814,-0.95694455,1.8578905,-1.1193494,0.51012599,0.19558523,-0.74784436,0.15070688,0.879406,1.6648966,0.70715767
-0.73825354,2.0794649,0.40832938,0.38146926,-0.7741349,-0.24854121,2.0170345,-0.40723136,1.1124385,-0.18473715,-0.49374251,0.35311697,-0.55359848,1.7842529,-0.91379477,0.58830301,0.69200115,-0.9523759,-0.91065688,1.4246824,-0.69525912,0.6605811,-0.7056688,-0.97262103,0.59547619,0.71176814,-0.9907829,1.9271726,-1.0900703,0.060612273,-0.21637251,-0.62772701,0.22570501,0.85126567,1.7368547,0.47378203
-0.3823812,1.9996376,-0.25258395,0.46493695,-0.79710844,-0.23449216,1.7491639,-0.42511388,1.1124385,-0.23813449,-0.45770982,0.6895098,-0.48081799,1.5870195,-0.91379477,0.50673134,0.63649217,-0.8924007,-0.91065688,1.2609752,-0.66013261,0.77388492,-0.7056688,-0.85362794,0.5277546,0.68109387,-0.9231062,1.8232495,-1.1193494,-0.16414459,0.037139944,-0.50760965,0.28195361,0.82312533,1.6648966,0.31819827
-0.4891429,1.8080522,-0.30923367,0.58179172,-0.82008199,-0.20639406,1.4478094,-0.4429964,1.019082,-0.042344246,-0.45770982,0.97278797,-0.49901311,1.3897862,-0.89693998,0.48633842,0.59948619,-0.87240897,-0.93795351,1.097268,-0.69525912,0.94384065,-0.66705907,-0.73463486,0.4938938,0.58907108,-0.8554295,1.6154033,-1.1193494,-0.27652302,0.0054508874,-0.50760965,0.31945268,0.76684466,1.6648966,0.31819827
-0.4891429,1.5845359,-0.25258395,0.63187234,-0.79710844,-0.20639406,1.1799388,-0.42511388,0.92572561,0.22464245,-0.42167712,1.2029515,-0.51720823,1.1103722,-0.91379477,0.44555258,0.63649217,-0.87240897,-0.96525013,0.93356073,-0.66013261,1.1421223,-0.62844934,-0.68703763,0.4261722,0.49704829,-0.8554295,1.3729161,-1.0315121,-0.44509066,-0.057927227,-0.53763899,0.35695174,0.73870433,1.5929385,0.16261451
-0.57811099,1.4408469,-0.38476662,0.64856588,-0.79710844,-0.19234501,1.0125197,-0.37146632,0.83236918,0.27803979,-0.40366077,1.3977052,-0.55359848,0.91313881,-0.91379477,0.34358798,0.54397721,-0.85241723,-0.96525013,0.64707309,-0.69525912,1.340404,-0.66705907,-0.59184316,0.3923114,0.52772255,-0.8554295,1.268993,-0.97295391,-0.55746909,-0.089616284,-0.47758031,0.39445081,0.68242365,1.3410851,0.24040639
-0.63149184,1.2173306,-0.44141634,0.6151788,-0.7741349,-0.16424691,0.82835864,-0.37146632,0.73901275,0.58062472,-0.43969347,1.5570492,-0.60818384,0.63372485,-0.89693998,0.30280215,0.43295925,-0.8324255,-0.93795351,0.56521948,-0.83576516,1.5103598,-0.58983961,-0.49664869,0.4261722,0.46637402,-0.8554295,1.3729161,-0.91439571,-0.78222595,-0.24806157,-0.41752163,0.39445081,0.65428332,1.1611899,0.31819827
-0.52473014,1.0576761,-0.44141634,0.59848526,-0.82008199,-0.10805071,0.52700419,-0.37146632,0.64565632,0.79421407,-0.54779156,1.6986883,-0.68096432,0.33787478,-0.8800852,0.30280215,0.43295925,-0.8324255,-0.93795351,0.52429267,-0.94114469,1.6519895,-0.58983961,-0.35385699,0.460033,0.3130027,-0.8554295,1.3729161,-0.88511661,-1.063172,-0.31143968,-0.44755097,0.41320034,0.62614298,1.1252108,0.084822633
-0.50693652,0.96188341,-0.40364986,0.56509818,-0.79710844,-0.05185451,0.29261741,-0.38934884,0.58964247,0.95440609,-0.58382426,1.8049176,-0.77193992,0.058460818,-0.86323041,0.32319507,0.45146224,-0.81243377,-0.91065688,0.48336587,-0.94114469,1.6803155,-0.62844934,-0.21106529,0.460033,0.036934319,-0.95694455,1.268993,-0.85583751,-1.063172,-0.3748178,-0.56766833,0.43194987,0.59800265,1.1252108,0.55157391
-0.13327056,0.80222892,-0.34700015,0.36477572,-0.79710844,-0.06590356,0.20890784,-0.42511388,0.58964247,1.1501963,-0.56580791,1.8580323,-0.80833016,-0.12233645,-0.84637562,0.30280215,0.43295925,-0.79244203,-0.91065688,0.7289267,-0.9762712,1.5103598,-0.62844934,-0.068273583,0.460033,-0.17778553,-0.95694455,1.1650699,-0.88511661,-1.1193612,-0.46988497,-0.62772701,0.46944894,0.56986231,1.1611899,0.39599015
-0.43576205,0.65853987,-0.36588338,0.24792095,-0.7741349,-0.13614881,0.14194019,-0.4429964,0.64565632,1.3993839,-0.56580791,1.893442,-0.77193992,-0.36887818,-0.86323041,0.13965879,0.43295925,-0.79244203,-0.88336025,0.93356073,-1.0816507,1.6519895,-0.51262015,0.12211535,0.4938938,-0.17778553,-0.9231062,1.2343519,-0.88511661,-1.063172,-0.40650685,-0.62772701,0.506948,0.54172197,1.1971689,-0.22634489
-0.82722163,0.49888538,-0.49806605,0.18114679,-0.75116135,-0.19234501,0.12519827,-0.47876144,0.68299889,1.6485715,-0.58382426,1.9111469,-0.73554968,-0.53323933,-0.86323041,0.18044463,0.46996523,-0.7724503,-0.85606362,1.097268,-1.1870303,1.5953376,-0.43540069,0.31250429,0.460033,-0.30048259,-0.8554295,1.338275,-0.88511661,-1.0069828,-0.40650685,-0.68778569,0.5631966,0.51358164,1.233148,0.16261451
-1.3254429,0.25940364,-0.68689843,0.13106618,-0.82008199,-0.22044311,0.1586821,-0.47876144,0.68299889,1.8621609,-0.58382426,1.9111469,-0.7537448,-0.7140366,-0.84637562,0.098872957,0.45146224,-0.7724503,-0.828767,1.0563412,-1.0465242,1.5670117,-0.43540069,0.47909461,0.4261722,0.036934319,-0.82159116,1.5461212,-0.85583751,-0.83841517,-0.50157402,-0.7778737,0.65694426,0.51358164,1.233148,0.31819827
-1.3966174,0.0039564525,-0.78131462,0.097679102,-0.88900264,-0.24854121,0.14194019,-0.4429964,0.72034147,2.0935493,-0.51175886,1.8757371,-0.82652528,-0.8290894,-0.81266605,0.16005171,0.39595326,-0.7724503,-0.80147037,1.0154143,-0.80063865,1.5103598,-0.43540069,0.69328216,0.5277546,-0.055088475,-0.82159116,1.7193264,-0.7972793,-0.50127988,-0.62833025,-0.80790304,0.76944146,0.4854413,1.269127,0.78494955
-1.2186812,-0.17166349,-0.85684757,0.064292025,-0.91197618,-0.22044311,0.10845636,-0.42511388,0.72034147,2.2715405,-0.43969347,1.8049176,-0.86291552,-0.87839775,-0.79581127,0.11926588,0.37745027,-0.79244203,-0.77417374,1.0154143,-0.73038563,1.4820338,-0.43540069,0.85987248,0.5616154,-0.36183112,-0.82159116,1.8578905,-0.7972793,-0.72603674,-0.75508648,-0.74784436,0.90068819,0.4854413,1.269127,1.173909
-1.1297131,-0.31535253,-1.0079135,0.030904948,-0.91197618,-0.16424691,0.05823062,-0.47876144,0.75768404,2.4851298,-0.42167712,1.7163932,-0.82652528,-0.89483387,-0.79581127,0.058087119,0.34044428,-0.79244203,-0.74687711,0.97448754,-0.80063865,1.5103598,-0.35818123,1.0502614,0.59547619,-0.54587671,-0.78775281,1.9964547,-0.7680002,-0.72603674,-0.72339742,-0.71781502,1.0319349,0.4854413,1.233148,1.2517008
-1.0763323,-0.39517978,-1.4988777,-0.069256284,-0.88900264,-0.12209976,0.041488707,-0.53240899,0.90705432,2.6275227,-0.43969347,1.5747541,-0.73554968,-0.87839775,-0.81266605,-0.043877476,0.32194129,-0.81243377,-0.71958049,0.76985351,-0.83576516,1.5103598,-0.12652285,1.264449,0.62933699,-0.116437,-0.75391446,2.1350188,-0.7387211,-0.55746909,-0.94522082,-0.89799106,1.1444321,0.4854413,1.269127,1.0961171
-1.0051578,-0.50693793,-0.970147,-0.052562745,-0.84305554,-0.12209976,0.05823062,-0.53240899,1.0937672,2.6275227,-0.43969347,1.433115,-0.71735456,-0.91126998,-0.81266605,-0.064270395,0.32194129,-0.75245856,-0.71958049,0.76985351,-0.87089167,1.5386857,0.027916073,1.4310393,0.66319779,-0.7299223,-0.72007611,2.2389419,-0.7680002,-0.50127988,-1.1987333,-0.80790304,1.2569293,0.45730097,1.269127,1.0183252
-0.8983961,-0.63466152,-0.68689843,0.014211409,-0.86602909,-0.05185451,0.091714447,-0.56817403,1.2431375,2.5385272,-0.43969347,1.3800003,-0.73554968,-0.9277061,-0.77895648,-0.023484557,0.2849353,-0.7724503,-0.74687711,0.93356073,-0.90601818,1.6803155,0.066525803,1.573831,0.66319779,-0.94464215,-0.72007611,2.2389419,-0.7680002,-0.55746909,-0.75508648,-0.68778569,1.350677,0.42916063,1.1252108,0.70715767
-0.79163439,-0.66659242,-0.61136548,0.080985563,-0.91197618,0.046488838,0.14194019,-0.60393907,1.411179,2.4673307,-0.43969347,1.3091808,-0.69915944,-0.9277061,-0.77895648,-0.043877476,0.32194129,-0.73246683,-0.71958049,0.89263393,-1.0113977,1.8219453,0.066525803,1.6452268,0.62933699,-1.0059907,-0.72007611,2.2043009,-0.7387211,-0.61365831,-0.27975063,-0.68778569,1.4444246,0.42916063,1.0172737,0.70715767
-0.64928546,-0.69852332,-0.53583253,0.16445326,-0.95792328,0.18697933,0.10845636,-0.56817403,1.5792206,2.4139334,-0.47572616,1.1852466,-0.68096432,-0.91126998,-0.79581127,-0.084663314,0.32194129,-0.7124751,-0.69228386,0.85170712,-1.0816507,1.9069231,0.10513553,1.7166227,0.59547619,-0.85261935,-0.72007611,2.308224,-0.6508838,-0.61365831,0.16389617,-0.71781502,1.5006732,0.42916063,1.0172737,0.78494955
-0.50693652,-0.79431601,-0.49806605,0.030904948,-0.91197618,0.32746983,0.12519827,-0.51452647,1.7659335,2.3427369,-0.54779156,1.0436075,-0.68096432,-0.89483387,-0.79581127,-0.043877476,0.26643231,-0.7124751,-0.69228386,0.97448754,-1.0816507,2.0202269,0.10513553,1.7642199,0.59547619,-0.60722524,-0.75391446,2.342865,-0.6801629,-0.61365831,0.32234146,-0.89799106,1.5381723,0.4010203,1.0892318,0.62936579
-0.34679397,-0.90607416,-0.4225331,-0.3363529,-0.88900264,0.51010748,0.12519827,-0.47876144,1.9713176,2.2181431,-0.56580791,0.90196843,-0.68096432,-0.89483387,-0.77895648,0.017301281,0.22942633,-0.73246683,-0.71958049,1.1381948,-1.0816507,2.1618567,0.066525803,1.8118172,0.5616154,-0.54587671,-0.78775281,2.308224,-0.7387211,-0.50127988,0.2906524,-0.95804974,1.5944209,0.4010203,1.1252108,0.47378203
-0.22223865,-0.95397051,-0.34700015,0.030904948,-0.93494973,0.67869607,0.041488707,-0.49664395,2.1206879,2.1647458,-0.49374251,0.74262446,-0.68096432,-0.91126998,-0.81266605,0.098872957,0.21092333,-0.73246683,-0.69228386,1.1381948,-1.1167772,2.2185086,0.10513553,1.883213,0.5277546,-0.30048259,-0.78775281,2.342865,-0.7387211,-0.44509066,0.54416486,-0.95804974,1.63192,0.37287996,1.1252108,0.39599015
-0.13327056,-0.82624691,-0.21481748,0.030904948,-0.95792328,0.73489227,0.091714447,-0.55029151,2.2140443,2.0757502,-0.45770982,0.63639514,-0.6627692,-0.89483387,-0.81266605,0.16005171,0.2849353,-0.75245856,-0.69228386,1.1381948,-1.1870303,2.3318125,0.14374526,1.9308102,0.5277546,0.34367696,-0.75391446,2.4121471,-0.7972793,-0.38890145,0.7342992,-0.9280204,1.669419,0.34473962,1.1611899,0.47378203
-0.026508858,-0.71448877,-0.10151805,0.064292025,-0.98089683,0.84728467,0.12519827,-0.58605655,2.2513869,2.0045538,-0.49374251,0.60098537,-0.68096432,-0.89483387,-0.77895648,0.26201631,0.45146224,-0.8924007,-0.66498723,1.0563412,-1.2221568,2.5017682,0.18235499,1.9546089,0.4938938,-0.30048259,-0.68623776,2.377506,-0.82655841,-0.27652302,0.76598826,-0.89799106,1.7069181,0.31659929,1.1971689,0.62936579
0.15142731,-0.77835056,-0.044868335,0.097679102,-0.95792328,0.90348087,0.091714447,-0.58605655,2.195373,1.8977591,-0.54779156,0.51246095,-0.58998872,-0.84552552,-0.77895648,0.40476674,0.59948619,-0.91239244,-0.66498723,1.097268,-1.2924098,2.6717239,0.29818418,1.9784075,0.460033,0.15963138,-0.68623776,2.2735829,-0.7387211,-0.16414459,0.82936637,-0.9280204,1.7631667,0.26031862,1.233148,0.86274143
0.27598263,-0.82624691,0.011781379,0.11437264,-0.91197618,0.93157897,0.024746793,-0.62182159,2.1020166,1.7731653,-0.56580791,0.45934629,-0.44442775,-0.86196164,-0.77895648,0.60869593,0.80301911,-0.85241723,-0.69228386,1.2609752,-1.3626628,2.8416796,0.37540364,2.0022061,0.460033,-0.33115686,-0.75391446,2.1350188,-0.82655841,-0.16414459,0.89274448,-0.98807908,1.8006657,0.20403795,1.3051061,1.0183252
0.32936348,-0.82624691,0.12508081,0.18114679,-0.88900264,1.0158733,0.0080048799,-0.69335166,1.9713176,1.6663706,-0.60184061,0.47705117,-0.38984239,-0.86196164,-0.76210169,0.85341096,1.062061,-0.81243377,-0.69228386,1.2200484,-1.3977893,2.9266575,0.29818418,2.0022061,0.4261722,-0.45385391,-0.75391446,1.9964547,-0.88511661,-0.051766157,0.89274448,-0.9280204,1.8569143,0.14775727,1.3770642,0.78494955
0.38274433,-0.87414326,0.29502995,0.28130803,-0.88900264,1.0580204,0.024746793,-0.7291167,1.7472622,1.5061786,-0.67390601,0.4416414,-0.46262287,-0.84552552,-0.76210169,1.098126,1.3951149,-0.7724503,-0.71958049,1.3428288,-1.4680423,2.9266575,0.25957445,1.9784075,0.4261722,-0.79127082,-0.68623776,1.8232495,-0.91439571,-0.051766157,0.89274448,-0.98807908,1.8944134,0.091476602,1.3410851,0.62936579
0.50729965,-0.87414326,0.38944614,0.41485633,-0.88900264,1.0299223,0.05823062,-0.76488174,1.4485216,1.3281875,-0.69192235,0.42393652,-0.48081799,-0.8290894,-0.72839212,1.3632339,1.6171508,-0.69248336,-0.69228386,1.3428288,-1.4329158,2.8700056,0.25957445,1.9784075,0.460033,-1.619476,-0.58472272,1.6846854,-0.94367481,-0.051766157,0.98781165,-1.1382258,1.950662,0.03519593,1.0892318,0.55157391
0.59626774,-0.77835056,0.42721262,0.63187234,-0.86602909,0.98777517,0.074972533,-0.87217685,1.0564246,1.1145981,-0.67390601,0.49475606,-0.40803751,-0.79621717,-0.72839212,1.5671631,1.8576897,-0.65249989,-0.71958049,1.3837556,-1.2924098,2.7567018,0.22096472,1.9546089,0.4938938,-0.94464215,-0.61856106,1.5461212,-0.94367481,0.060612273,1.0195007,-1.2283138,1.9881611,-0.021084741,0.90933649,0.62936579
0.47171242,-0.87414326,0.40832938,0.84888834,-0.82008199,1.0439714,0.12519827,-0.94370693,0.73901275,0.8298123,-0.67390601,0.58328049,-0.35345215,-0.8290894,-0.72839212,1.7303065,2.0797256,-0.61251642,-0.71958049,1.506536,-1.2221568,2.5867461,0.25957445,1.883213,0.5277546,-0.26980833,-0.75391446,1.303634,-0.91439571,0.11680149,1.177946,-1.2583431,2.0256601,-0.10550575,0.62150406,0.78494955
0.29377625,-0.93800506,0.31391319,1.115985,-0.79710844,1.0861185,0.17542401,-1.015237,0.5522999,0.58062472,-0.65588966,0.72491957,-0.37164727,-0.84552552,-0.74524691,1.9342357,2.2462526,-0.61251642,-0.69228386,1.6702432,-1.2572833,2.4451163,0.41401337,1.8118172,0.5277546,-0.08576274,-0.72007611,1.0611468,-0.7680002,0.11680149,1.0511898,-1.3184018,2.0256601,-0.21806709,0.22573447,0.94053331
0.25818902,-0.93800506,0.27614671,1.4164686,-0.82008199,1.0580204,0.1586821,-1.0867671,0.38425832,0.38483447,-0.63787331,0.91967331,-0.46262287,-0.86196164,-0.86323041,2.097379,2.4127795,-0.59252469,-0.66498723,1.8339505,-1.2572833,2.2185086,0.49123283,1.7166227,0.5616154,-0.116437,-0.68623776,0.85330056,-0.6216047,0.1729907,1.0195007,-1.3184018,2.0069106,-0.3024881,-0.4218885,0.86274143
0.27598263,-0.93800506,0.27614671,1.7002588,-0.75116135,1.0018242,0.10845636,-1.1940622,0.10418904,0.24244156,-0.61985696,1.1498368,-0.46262287,-0.86196164,-0.8800852,2.2197365,2.5978094,-0.57253296,-0.66498723,2.0795113,-1.2572833,1.963575,0.56845229,1.6214282,0.5616154,-0.08576274,-0.68623776,0.68009539,-0.5044883,0.22917992,0.86105543,-1.1982845,1.950662,-0.41504944,-0.4218885,0.94053331
0.29377625,-0.93800506,0.25726347,1.9339683,-0.6822407,0.95967707,0.14194019,-1.3550049,-0.13853767,0.17124511,-0.56580791,1.3977052,-0.44442775,-0.8290894,-0.79581127,2.1993436,2.6718214,-0.51255775,-0.6376906,2.2432185,-1.2221568,1.7369674,0.64567175,1.5976296,0.5277546,-0.024414211,-0.68623776,0.57617229,-0.35809279,0.39774756,0.79767731,-1.1382258,1.8569143,-0.52761079,-0.4938466,0.78494955
0.2403954,-0.96993596,0.25726347,2.1843714,-0.6822407,0.95967707,0.22564975,-1.5338301,-0.38126439,0.011053094,-0.52977521,1.6632785,-0.48081799,-0.8290894,-0.72839212,2.097379,2.5237975,-0.47257429,-0.58309735,2.3250721,-1.3275363,1.4537078,0.68428148,1.5262338,0.5616154,-0.08576274,-0.68623776,0.54153126,-0.12385999,0.62250442,0.63923203,-1.1382258,1.7256676,-0.64017213,-0.56580471,0.78494955
0.1336337,-0.98590141,0.33279643,2.3846939,-0.6822407,0.97372612,0.1586821,-1.7126553,-0.56797724,-0.095741585,-0.52977521,2.0173762,-0.5717936,-0.84552552,-0.69468255,1.9546286,2.3017615,-0.45258255,-0.47391084,2.1613649,-1.3977893,1.2554262,0.80011067,1.3834421,0.5616154,-0.116437,-0.65239941,0.40296712,0.081093719,0.84726128,0.54416486,-1.0181084,1.5756714,-0.75273347,-0.52982566,0.86274143
0.16922093,-0.96993596,0.25726347,2.4681616,-0.65926716,0.90348087,0.12519827,-1.5338301,-0.71734753,-0.18473715,-0.47572616,2.3006544,-0.68096432,-0.86196164,-0.67782776,1.7506994,2.0982286,-0.41259908,-0.39202095,1.8339505,-1.3626628,1.1137964,0.8387204,1.2882476,0.5277546,0.036934319,-0.61856106,0.26440299,0.22748922,0.84726128,0.5124758,-0.89799106,1.388176,-0.89343515,-0.56580471,0.86274143
0.32936348,-0.95397051,0.10619757,2.4013874,-0.59034651,0.79108847,0.24239167,-1.3907699,-0.7546901,-0.22033538,-0.38564442,2.4777032,-0.80833016,-0.86196164,-0.67782776,1.5671631,1.8021807,-0.35262388,-0.28283444,1.4656092,-1.3977893,1.0004926,0.8387204,1.2882476,0.5616154,0.067608583,-0.55088437,0.22976196,0.34460563,0.84726128,0.44909769,-0.7778737,1.2006807,-1.0059965,-0.70972093,0.86274143
0.18701455,-0.98590141,0.087314331,2.2511456,-0.52142587,0.74894132,0.24239167,-1.2834748,-0.77336139,-0.30933094,-0.34961172,2.5839326,-0.89930576,-0.8290894,-0.64411819,1.3632339,1.5801448,-0.29264868,-0.14635131,0.7289267,-1.3626628,0.94384065,0.8387204,1.2882476,0.4938938,-0.116437,-0.48320767,0.19512092,0.52028023,0.79107207,0.35403051,-0.56766833,0.99443585,-1.1466982,-0.81765809,1.0961171
0.04466561,-1.0018669,0.030664617,2.017436,-0.52142587,0.74894132,0.10845636,-1.1404146,-0.79203267,-0.45172385,-0.34961172,2.6193423,-0.95389113,-0.8290894,-0.61040862,1.0777331,1.4136179,-0.33263215,-0.091758051,-0.17146303,-1.3977893,0.77388492,0.87733013,1.2168517,0.460033,-0.17778553,-0.51704602,0.091197823,0.57883843,0.95963971,0.19558523,-0.53763899,0.76944146,-1.2592595,-0.85363714,0.94053331
0.062459227,-0.95397051,-0.025985097,1.7503394,-0.56737296,0.69274512,0.0080048799,-0.92582441,-0.81070396,-0.55851853,-0.34961172,2.6193423,-1.0084765,-0.8290894,-0.59355383,0.7922322,1.191582,-0.47257429,0.044725087,-0.25331665,-1.2572833,0.60392919,1.0317691,1.1216573,0.460033,-0.08576274,-0.51704602,-0.047366311,0.52028023,1.1282074,0.0054508874,-0.35746295,0.54444707,-1.3999612,-0.8896162,1.0961171
0.04466561,-0.92203961,-0.082634812,1.4999363,-0.56737296,0.62249988,0.05823062,-0.7291167,-0.79203267,-0.57631764,-0.31357902,2.513113,-1.1176472,-0.84552552,-0.55984426,0.50673134,0.87703108,-0.49256602,0.20850485,0.23780503,-1.3275363,0.54727727,1.2248177,1.07406,0.460033,0.15963138,-0.48320767,-0.15128941,0.54955933,1.1843966,-0.057927227,-0.29740427,0.33820221,-1.5406629,-0.85363714,1.2517008
-0.044302475,-0.93800506,-0.025985097,1.2328397,-0.56737296,0.67869607,0.091714447,-0.51452647,-0.81070396,-0.55851853,-0.36762807,2.3006544,-1.1540375,-0.84552552,-0.54298947,0.3639809,0.65499517,-0.47257429,0.39958124,0.11502461,-1.2572833,0.60392919,1.2248177,0.97886556,0.4261722,0.12895711,-0.51704602,-0.22057148,0.63739663,1.1843966,-0.089616284,0.0028891201,0.16945642,-1.6813646,-0.81765809,1.2517008
-0.044302475,-0.95397051,0.18173052,0.98243665,-0.33763748,0.69274512,0.1586821,-0.28205373,-0.82937524,-0.55851853,-0.47572616,2.0350811,-1.1176472,-0.86196164,-0.55984426,0.28240923,0.59948619,-0.45258255,0.59065764,-0.37609706,-1.3275363,0.60392919,1.186208,0.90746971,0.4261722,-0.055088475,-0.51704602,-0.39377665,0.75451304,1.2405858,-0.089616284,0.48335855,0.019460156,-1.8502066,-0.81765809,1.3294927
-0.026508858,-0.92203961,0.16284728,0.81550126,-0.084928452,0.80513752,0.074972533,-0.031698459,-0.84804653,-0.55851853,-0.58382426,1.6278687,-1.0266716,-0.87839775,-0.59355383,0.11926588,0.32194129,-0.43259082,0.7544374,-0.45795068,-1.1870303,0.54727727,1.2634274,0.85987248,0.4261722,-0.08576274,-0.48320767,-0.60162285,0.84235034,1.2405858,-0.02623817,0.99385732,-0.074287507,-2.0190486,-0.81765809,1.2517008
-0.097683326,-0.85817781,-0.0071018592,0.64856588,-0.061954904,0.80513752,0.05823062,0.18289177,-0.81070396,-0.55851853,-0.60184061,1.1321319,-0.88111064,-0.86196164,-0.6272634,-0.023484557,0.044396394,-0.43259082,0.91821717,-0.66258471,-1.1519037,0.51895132,1.3020372,0.78847663,0.4261722,-0.14711127,-0.41553097,-0.67090491,0.93018764,1.1843966,0.037139944,1.3542094,-0.1305361,-2.1878906,-0.81765809,1.2517008
-0.079889709,-0.82624691,-0.063751574,0.43154987,-0.1538491,0.77703942,0.12519827,0.37959948,-0.79203267,-0.59411675,-0.60184061,0.74262446,-0.68096432,-0.87839775,-0.66097298,-0.14584207,-0.2331485,-0.47257429,1.0274037,-0.78536513,-0.94114469,0.54727727,1.2634274,0.76467801,0.35845061,-0.30048259,-0.28017758,-0.67090491,0.98874584,1.2405858,-0.057927227,1.5644148,-0.14928564,-2.3285923,-0.8896162,1.173909
0.026871993,-0.84221236,-0.044868335,0.44824341,-0.19979619,0.91752992,0.05823062,0.55842467,-0.79203267,-0.62971498,-0.67390601,0.54787072,-0.49901311,-0.84552552,-0.72839212,-0.22741375,-0.38117245,-0.61251642,1.0819969,-0.82629193,-0.83576516,0.49062536,1.2248177,0.76467801,0.25686821,-0.26980833,-0.21250088,-0.67090491,1.0180249,1.4091534,-0.3748178,1.6845321,-0.14928564,-2.4130133,-0.8896162,1.0183252
0.080252844,-0.82624691,-0.082634812,0.13106618,-0.1538491,1.1423147,-0.0087370335,0.71936734,-0.73601881,-0.62971498,-0.7820041,0.33541209,-0.31706191,-0.8290894,-0.84637562,-0.32937834,-0.36266945,-0.75245856,1.0819969,-0.74443832,-0.83576516,0.4056475,1.2248177,0.69328216,0.29072901,-0.26980833,-0.17866253,-0.67090491,0.98874584,1.5215319,-0.62833025,1.4442974,-0.11178657,-2.4974343,-0.92559525,1.0183252
0.11584008,-0.81028146,-0.19593424,-0.16941752,0.16778058,1.3390014,-0.0087370335,0.80877994,-0.73601881,-0.61191587,-0.94415124,0.069838805,-0.15330583,-0.84552552,-0.91379477,-0.45173585,-0.47368741,-0.8324255,1.1092936,-0.70351151,-0.83576516,0.32066963,1.2634274,0.59808769,0.32458981,-0.33115686,-0.077147488,-0.63626388,0.84235034,1.5777211,-0.66001931,1.5043561,-0.074287507,-2.553715,-0.92559525,1.173909
0.36495072,-0.79431601,-0.23370072,-0.30296582,0.60427799,1.5216391,0.041488707,0.88031001,-0.7546901,-0.59411675,-1.1062984,-0.17802959,-0.025939982,-0.89483387,-0.89693998,-0.53330753,-0.62171136,-0.91239244,1.1092936,-0.82629193,-0.83576516,0.29234368,1.2634274,0.71708078,0.4261722,-0.42317965,-0.077147488,-0.60162285,0.78379214,1.5777211,-0.5966412,1.6545028,-0.018038909,-2.553715,-0.92559525,1.0961171
0.59626774,-0.84221236,-0.19593424,-0.40312706,0.5583309,1.6902277,0.10845636,1.0054876,-0.73601881,-0.61191587,-1.2684455,-0.35507845,0.083230741,-0.89483387,-0.8800852,-0.65566504,-0.75123231,-1.0123511,1.1092936,-0.90814554,-0.87089167,0.32066963,1.2248177,0.90746971,0.4261722,-0.42317965,-0.14482419,-0.56698181,0.72523394,1.7462887,-0.50157402,1.8046495,0.019460156,-2.4974343,-0.9615743,1.0961171
0.75641029,-0.85817781,-0.25258395,-0.5533689,-0.17682264,1.9712086,0.14194019,1.0949002,-0.69867624,-0.64751409,-1.2143965,-0.47901265,0.10142586,-0.87839775,-0.84637562,-0.73723672,-0.84374727,-1.092318,1.0819969,-0.94907235,-0.69525912,0.29234368,1.186208,1.0026642,0.3923114,-0.39250539,-0.17866253,-0.49769975,0.69595484,1.8024779,-0.46988497,1.8346788,0.056959221,-2.4411536,-0.9615743,1.0961171
0.93434646,-0.85817781,-0.21481748,-0.75369137,-0.36061103,2.2100425,0.091714447,1.1127828,-0.69867624,-0.62971498,-1.0522493,-0.58524196,0.19240146,-0.89483387,-0.82952084,-0.83920131,-0.86225027,-1.092318,1.0274037,-0.90814554,-0.80063865,0.23569177,1.186208,1.0502614,0.35845061,-0.42317965,-0.14482419,-0.46305871,0.75451304,1.8586672,-0.43819591,1.7746201,0.075708754,-2.3567326,-0.99755336,1.173909
1.094489,-0.87414326,-0.12040129,-0.95401383,-0.33763748,2.364582,0.041488707,1.1306653,-0.68000496,-0.64751409,-0.90811854,-0.6560615,0.24698682,-0.87839775,-0.77895648,-0.87998715,-0.86225027,-0.93238417,0.97281042,-0.82629193,-0.80063865,0.23569177,1.0703788,1.0978586,0.32458981,-0.42317965,-0.04330914,-0.42841768,0.87162944,1.9148564,-0.3748178,1.8046495,0.094458286,-2.2723116,-1.0335324,1.2517008
1.3613933,-0.90607416,-0.12040129,-1.1209492,-0.59034651,2.4348273,-0.0087370335,1.1306653,-0.64266239,-0.62971498,-0.7459714,-0.72688105,0.46532827,-0.87839775,-0.69468255,-0.92077299,-0.86225027,-0.73246683,0.86362391,-0.78536513,-0.80063865,0.20736581,0.99315932,1.1692545,0.29072901,-0.45385391,-0.04330914,-0.35913561,0.87162944,1.9710456,-0.3748178,1.8947375,0.094458286,-2.1316099,-1.1054905,1.173909
1.6638848,-0.89010871,0.049547855,-1.2044169,-0.98089683,2.5472197,-0.025478947,1.0770177,-0.64266239,-0.62971498,-0.45770982,-0.7799957,0.48352339,-0.84552552,-0.54298947,-0.98195175,-0.84374727,-0.57253296,0.78173403,-0.74443832,-0.6250061,0.1507139,0.91593986,1.2168517,0.22300741,-0.45385391,-0.077147488,-0.32449458,0.75451304,2.083424,-0.34312874,1.9848255,0.075708754,-2.0190486,-1.1414696,1.173909
1.930789,-0.87414326,0.12508081,-1.1877234,-1.3025265,2.4910235,0.074972533,1.0591352,-0.66133367,-0.62971498,-0.16944823,-0.79770059,0.50171851,-0.77978106,-0.37444161,-1.0431305,-0.84374727,-0.37261562,0.64525089,-0.66258471,-0.48450006,0.065736036,0.91593986,1.2882476,0.18914662,-0.48452818,-0.077147488,-0.32449458,0.69595484,2.1396132,-0.34312874,1.9547962,0.056959221,-1.8502066,-1.1414696,1.3294927
2.1443124,-0.82624691,0.23838024,-1.1877234,-1.0957646,2.4910235,0.091714447,1.0233702,-0.6239911,-0.61191587,0.08278066,-0.7799957,0.50171851,-0.68116437,-0.18903896,-1.0839163,-0.88075326,-0.17269827,0.53606438,-0.66258471,-0.48450006,-0.047567785,0.8387204,1.3834421,0.12142502,-0.51520244,-0.04330914,-0.28985355,0.69595484,2.1958024,-0.3748178,1.8046495,0.038209689,-1.6813646,-1.1414696,1.173909
2.3756294,-0.85817781,0.3705629,-1.2044169,-1.0498175,2.5331706,0.12519827,0.95184009,-0.6239911,-0.59411675,0.3169932,-0.76229082,0.51991363,-0.63185602,-0.020491096,-1.0839163,-0.89925625,0.027219067,0.42687787,-0.66258471,-0.48450006,-0.1042197,0.68428148,1.4786365,0.053703423,-0.51520244,0.058205906,-0.18593045,0.66667574,2.1958024,-0.43819591,2.0448842,0.019460156,-1.5125225,-1.1774486,1.0183252
2.5179784,-0.84221236,0.57827852,-1.1877234,-1.0038704,2.4348273,0.1586821,0.88031001,-0.64266239,-0.61191587,0.56922209,-0.72688105,0.31976731,-0.61541991,0.13120198,-1.0431305,-0.89925625,0.20714467,0.29039473,-0.6216579,-0.41424704,-0.16087161,0.64567175,1.5500324,0.087564221,-0.54587671,0.092044254,-0.047366311,0.57883843,2.2519917,-0.46988497,2.0448842,-0.018038909,-1.3436805,-1.1414696,0.94053331
2.5001848,-0.84221236,0.89929357,-1.1710298,-0.86602909,2.3224349,0.17542401,0.80877994,-0.6239911,-0.66531321,0.80343463,-0.69147128,0.21059658,-0.59898379,0.24918548,-1.0431305,-0.86225027,0.30710334,0.20850485,-0.53980429,-0.30886751,-0.16087161,0.60706202,1.6214282,0.18914662,-0.57655097,0.1258826,0.021915756,0.54955933,2.2519917,-0.50157402,2.1950309,-0.036788441,-1.1748385,-1.2853858,0.62936579
2.3934231,-0.84221236,0.99370976,-1.1710298,-0.61332006,2.0555029,0.17542401,0.70148482,-0.58664853,-0.71871055,1.0016145,-0.69147128,0.15601122,-0.54967545,0.31660463,-1.0431305,-0.84374727,0.42705375,0.072021714,-0.45795068,-0.13323496,-0.16087161,0.60706202,1.6690255,0.18914662,-0.66857377,0.261236,-0.047366311,0.63739663,2.2519917,-0.50157402,2.3752069,-0.055537974,-1.0059965,-1.2853858,0.62936579
2.1087252,-0.82624691,1.1447757,-1.1877234,-0.47547877,1.9571596,0.24239167,0.57630719,-0.64266239,-0.789907,1.1637616,-0.70917616,0.083230741,-0.48393098,0.38402378,-1.0635234,-0.88075326,0.52701242,-0.091758051,-0.41702387,-0.027855425,-0.13254565,0.72289121,1.7166227,0.15528582,-0.7299223,0.32891269,-0.28985355,0.75451304,2.1958024,-0.46988497,2.4052363,-0.055537974,-0.86529482,-1.2134277,0.62936579
1.8774082,-0.84221236,1.3524913,-1.1710298,-0.40655813,1.7464239,0.25913358,0.50477711,-0.69867624,-0.82550523,1.2538434,-0.69147128,0.010450259,-0.41818652,0.45144292,-1.0431305,-0.88075326,0.58698762,-0.20094456,-0.45795068,-0.062981935,-0.13254565,0.80011067,1.7404213,0.12142502,-0.7299223,0.39658939,-0.39377665,0.75451304,2.1396132,-0.3748178,2.4352656,-0.074287507,-0.72459314,-1.2494067,0.70715767
1.7172656,-0.85817781,1.5413237,-1.1543363,-0.22276974,1.3951976,0.24239167,0.48689459,-0.66133367,-0.80770611,1.2898761,-0.70917616,0.010450259,-0.45105875,0.48515249,-1.0431305,-0.86225027,0.62697109,-0.17364793,-0.49887748,0.18290364,-0.07589374,0.80011067,1.7642199,0.019842625,-0.7299223,0.46426609,-0.35913561,0.66667574,2.083424,-0.24806157,2.4052363,-0.074287507,-0.61203179,-1.3933229,0.78494955
1.468155,-0.85817781,1.730156,-1.1877234,0.098859933,1.1704128,0.32610123,0.45112956,-0.68000496,-0.82550523,1.2898761,-0.72688105,0.010450259,-0.5003671,0.53571685,-1.0431305,-0.84374727,0.76691323,-0.25553782,-0.49887748,0.32340968,-0.01924183,0.76150094,1.7642199,0.019842625,-0.54587671,0.49810444,-0.28985355,0.46172203,2.1958024,-0.46988497,2.2550896,-0.074287507,-0.52761079,-1.3933229,0.86274143
1.1122826,-0.84221236,1.881222,-1.1877234,0.37454251,0.95967707,0.4098108,0.397482,-0.71734753,-0.84330434,1.2898761,-0.70917616,-0.025939982,-0.48393098,0.55257164,-1.0023447,-0.80674129,0.84688017,-0.41931758,-0.53980429,0.35853619,-0.01924183,0.72289121,1.6690255,0.019842625,-0.26980833,0.63345783,-0.28985355,0.31532653,2.2519917,-0.50157402,2.0148549,-0.093037039,-0.44318978,-1.2134277,0.78494955
0.75641029,-0.79431601,2.0322879,-1.1543363,0.5583309,0.60845083,0.34284315,0.36171696,-0.7546901,-0.86110345,1.2898761,-0.6560615,-0.062330223,-0.45105875,0.53571685,-1.0023447,-0.84374727,0.8668719,-0.52850409,-0.53980429,0.42878921,-0.01924183,0.72289121,1.6214282,-0.047878971,-0.57655097,0.63345783,-0.28985355,0.25676832,2.1958024,-0.46988497,1.9547962,-0.093037039,-0.35876877,-1.2494067,0.86274143
0.41833157,-0.71448877,2.1833538,-1.1376428,0.71914573,0.62249988,0.32610123,0.34383444,-0.7546901,-0.89670168,1.2178107,-0.62065173,-0.098720464,-0.41818652,0.61999078,-1.0635234,-0.84374727,0.8668719,-0.69228386,-0.49887748,0.60442176,-0.047567785,0.72289121,1.573831,-0.11560057,-0.42317965,0.59961948,-0.25521251,0.28604742,2.1958024,-0.46988497,1.7145615,-0.093037039,-0.27434776,-1.2134277,0.94053331
0.22260178,-0.69852332,2.3344197,-1.1209492,0.87996057,-1.6815443,-1.749896,0.34383444,-0.7546901,-0.87890257,1.1097126,-0.58524196,-0.098720464,-0.38531429,0.45144292,-1.0635234,-0.78823829,0.8668719,-0.69228386,-0.49887748,0.81518082,-0.047567785,0.72289121,1.5024351,-0.14946137,-0.69924803,0.66729618,-0.15128941,0.40316383,2.2519917,-0.56495214,1.2941507,-0.074287507,-0.18992676,-1.2134277,1.0183252
