1.0,1.0,1.0,1.0,1.0,1.0,1.0,1.0,1.0,1.0,1.0,1.0,1.0,1.0,1.0,1.0,1.0,1.0,1.0,1.0,1.0,1.0,2.0,2.0,2.0,2.0,2.0,2.0,2.0,2.0,2.0,2.0,2.0,2.0,2.0,2.0,2.0,2.0,2.0,2.0,2.0,2.0,2.0,2.0,2.0,2.0,2.0,2.0,2.0,2.0,2.0,2.0,3.0,3.0,3.0,3.0,3.0,3.0,3.0,3.0,3.0,3.0
-0.181071231141096,1.3860744754345344,1.3308488853949274,0.9483853886626009,1.5308633587693006,0.11536274414848892,0.16745741567154498,0.5870233137359161,1.028144597213644,-1.0619520909862148,1.1564176584878105,1.1229150039485332,0.3705078637592119,0.8821090704260935,0.31397369345718557,1.4206997130600048,1.1371902596041945,-0.7957022724060959,0.5170917664152571,-0.9704588731946104,1.3987628035764972,0.6938508677832314,0.7184490053215156,0.557963932457729,0.423382589848573,0.8093356755832234,-0.9523431676104727,0.09574869558927383,1.6533877520011893,0.2737788332194062,0.636364516905315,0.986317285158176,0.5303756429556957,0.8850656065217225,0.6164545907524089,1.4302957455371788,0.6806156487360888,0.9358452071738972,0.5132319550422831,1.1209665593056577,0.6813013097148594,0.4852002999546729,0.3752694455039916,0.9624917739631846,0.9770541929660457,1.0638188729205857,1.419080197308912,1.1709065783600585,0.5535176317276197,1.2223832860192652,1.0050583005822011,0.5579510832134329,0.1855014959645478,0.7484391613404109,1.5440731006592048,0.7473786653174881,0.8884574206241678,-0.26910004186145076,0.6183006647742999,0.8775936251690084,0.24390812226753764,1.4444307752502525
-0.181071231141096,1.4053635110701435,1.3677291951033757,0.9877846745136982,1.5308633587693006,0.06848972382158311,0.22142331592729403,0.6170942103410652,1.028144597213644,-1.0619520909862148,1.1564176584878105,1.1229150039485332,0.40926204241927366,0.9141956327021589,0.31397369345718557,1.4466870678064445,1.1168570101874016,-0.7459510474950426,0.531399382478952,-0.9125195911412739,1.365486940615488,0.7391849198807309,0.6036222614437096,0.557963932457729,0.7102696750137579,0.6328751093190659,-0.8537009995085068,0.1536395834189665,1.66860886565993,0.2737788332194062,0.636364516905315,1.0198492412712095,0.5644786186131642,0.8850656065217225,0.589688721795262,1.6275453554184107,0.6806156487360888,1.0188048177035354,0.6354115511046375,1.1491304924047503,0.612492541213824,0.5593390635254927,0.3032361186720543,0.9169281137723295,0.9770541929660457,0.999474083604705,1.4413764233845294,1.1709065783600585,0.7528178895719322,1.444284870068747,0.9791602347813197,0.5864294106452079,0.2287175348014897,0.7484391613404109,1.5440731006592048,0.7473786653174881,0.9303729191339788,-0.20310427211178944,0.931656815550572,0.8426015349103037,0.28062250194366356,1.4792837556972689
-0.181071231141096,1.4053635110701435,1.3677291951033757,0.9483853886626009,1.5736528335563438,0.06848972382158311,0.1944403657994195,0.6726097117659754,1.052662273252405,-1.0048871602781275,1.1564176584878105,1.1427622321822288,0.43439988803660645,0.8821090704260935,0.29256578900886043,1.4466870678064445,1.1371902596041945,-0.5428002124415474,0.488476534287862,-0.8545803090879375,1.365486940615488,0.7609452648875248,0.5459735888001387,0.4678446801011835,0.7764326700802089,0.6328751093190659,-0.8043799154575239,0.09574869558927383,1.6381666383424485,0.32097493322907683,0.636364516905315,0.986317285158176,0.3939637403258221,0.5806231076153276,0.3755617701380859,1.3564028517638616,0.79538802543291,0.9951297943477088,0.6354115511046375,1.1491304924047503,0.6468969254643416,0.5964084453109025,0.4473027723359289,1.0536190943448949,1.0768064018268442,1.1281636622364666,1.4413764233845294,1.220507682622772,0.712696888401964,1.4221128854217062,1.0179544802871299,0.5864294106452079,0.2287175348014897,0.6724302107124507,1.6241932143744993,0.7187635160659523,0.8465419221143569,-0.03811484773763617,0.6183006647742999,0.8775936251690084,0.3907656409720414,1.5141367361442855
-0.14913936203434044,1.4053635110701435,1.3492890402491482,0.928685745737056,1.5447410262678036,0.017710618467462604,0.22142331592729403,0.6448519610535254,1.028144597213644,-1.1190170216943018,1.185071734963236,1.1841106243357724,0.39564570937654936,0.9141956327021589,0.31397369345718557,1.460763551627435,1.05416282448562,-0.5428002124415474,0.5027841503515569,-0.9125195911412739,1.4348116551175836,0.7174245748739289,0.5172669028306872,0.557963932457729,0.7102696750137579,0.8289245646498542,-0.7550588314065408,0.037857807759581176,1.5010518521870704,0.36817103323874745,0.8507860070747546,1.0198492412712095,0.667067078172926,0.33657002242643025,0.45585937700952694,1.6521763200095163,0.6806156487360888,0.9358452071738972,0.5132319550422831,1.2617862248011205,0.4401886168116409,0.4852002999546729,0.4473027723359289,0.9169281137723295,1.0019922451812453,1.213956714657641,1.4636726494601469,1.121305474097345,0.7528178895719322,1.2888992399603874,0.9921621208772725,0.5864294106452079,0.2287175348014897,0.7104346860264308,1.6508999189462639,0.7187635160659523,0.8884574206241678,-0.07111273261246683,0.1878769653456834,0.807609444651599,0.42748002064816737,1.4792837556972689
-0.181071231141096,1.4246525467057525,1.3124087305407068,0.928685745737056,1.5447410262678036,0.06848972382158311,0.1944403657994195,0.6726097117659754,1.0771799492911567,-1.0619520909862148,1.2161136511449522,1.1642633961020694,0.42183096522794006,0.8821090704260935,0.33716558994287504,1.460763551627435,1.0965237607706089,-0.4930489875304942,0.5027841503515569,-0.9704588731946104,1.4680875180785806,0.7174245748739289,0.4885602168612357,0.4678446801011835,0.6882153433249409,0.8876912318497465,-0.8043799154575239,0.037857807759581176,1.4249462838933666,0.32097493322907683,0.9311117649069091,1.0198492412712095,0.3598607646683537,0.2756815226451513,0.589688721795262,1.602914390827305,0.79538802543291,0.9714547709918823,0.6354115511046375,1.2617862248011205,0.5778061538137116,0.5593390635254927,0.19518612842414837,0.8713644535814744,0.8024878274596486,1.1067153991311731,1.4413764233845294,1.0715010866204397,0.8324075179091044,1.1558673320781425,0.8630946174369623,0.5864294106452079,0.1855014959645478,0.7864436366543911,1.51736639608744,0.6901483668144165,0.8046264236045458,-0.03811484773763617,-0.751870753973126,0.8426015349103037,0.3173368816197895,1.409577794803236
-0.14913936203434044,1.4648380376132817,1.3308488853949274,0.9680850315881532,1.5308633587693006,0.017710618467462604,0.1944403657994195,0.6170942103410652,1.0771799492911567,-1.1190170216943018,1.1564176584878105,1.1642633961020694,0.39564570937654936,0.9462821949782241,0.33716558994287504,1.460763551627435,1.1371902596041945,-0.5925514373526007,0.531399382478952,-1.0283981552479684,1.365486940615488,0.6938508677832314,0.5749155754742581,0.28723683418990953,0.6882153433249409,0.8289245646498542,-0.8043799154575239,0.21153047124865915,1.5619363068220335,0.2737788332194062,0.6095892642945969,0.986317285158176,0.49627266729822733,0.6415116073966066,0.589688721795262,1.4549267101282843,0.6806156487360888,1.0306423293814486,0.6965013491358147,1.1209665593056577,0.6468969254643416,0.4852002999546729,0.19518612842414837,0.9624917739631846,0.8024878274596486,1.171060188447054,1.419080197308912,1.046700534489083,0.7528178895719322,1.1558673320781425,0.9921621208772725,0.5579510832134329,0.2287175348014897,0.7864436366543911,1.51736639608744,0.6901483668144165,0.8046264236045458,0.027880922012025133,-1.1043563319701812,0.8426015349103037,0.35405126129591546,1.4792837556972689
-0.11720749292758491,1.4455490019776656,1.3124087305407068,0.9680850315881532,1.5169856912708024,0.16223576447537738,0.1944403657994195,0.5870233137359161,1.052662273252405,-1.1190170216943018,1.127763582012385,1.1229150039485332,0.40926204241927366,0.9462821949782241,0.37998139883952525,1.4466870678064445,1.1371902596041945,-0.5428002124415474,0.5170917664152571,-0.9704588731946104,1.4348116551175836,0.7609452648875248,0.2876134150750752,0.5129043062794563,0.7543783383913919,0.7505690083833312,-0.6560123921238288,0.09574869558927383,1.6228207614569965,0.36817103323874745,0.6633592387997278,1.0031516957781887,0.3598607646683537,0.5806231076153276,0.6164545907524089,1.3071409225816502,0.8336454843318504,1.0069673060256221,0.6354115511046375,1.177294425503843,0.612492541213824,0.5222696817400828,0.12315280159221109,1.0536190943448949,0.9271780885356465,1.1281636622364666,1.419080197308912,1.046700534489083,0.712696888401964,1.1558673320781425,0.9791602347813197,0.5864294106452079,0.1855014959645478,0.7864436366543911,1.4906596915156751,0.7187635160659523,0.8465419221143569,0.09387669176168793,-1.3391328952948802,0.8426015349103037,0.3173368816197895,1.4444307752502525
-0.11720749292758491,1.4246525467057525,1.3492890402491482,0.9073444659010452,1.5308633587693006,0.11536274414848892,0.22142331592729403,0.6448519610535254,1.0771799492911567,-1.0619520909862148,1.2161136511449522,1.1427622321822288,0.42183096522794006,0.9462821949782241,0.33716558994287504,1.460763551627435,1.1575235090209948,-0.5925514373526007,0.5027841503515569,-0.9125195911412739,1.365486940615488,0.8044659549011126,0.5749155754742581,0.5129043062794563,0.7984870017690259,0.8876912318497465,-0.7053334761748117,0.09574869558927383,1.7447144339536338,0.36817103323874745,0.8775612596854728,1.0031516957781887,0.49627266729822733,0.3974585222077092,0.589688721795262,1.4302957455371788,0.79538802543291,0.9240076954959839,0.6354115511046375,1.2054583586029355,0.5778061538137116,0.5222696817400828,0.3032361186720543,1.0995562271602655,0.8523639318900478,0.999474083604705,1.3520087631306201,0.8978972217009422,0.712696888401964,1.022653686616824,0.9791602347813197,0.6146762069596513,0.3583656513123154,0.7484391613404109,1.5974865098027344,0.6901483668144165,0.7627109250947349,0.12687457663651858,-1.4956506041780129,0.807609444651599,0.3907656409720414,1.4444307752502525
-0.08527562382081755,1.4246525467057525,1.3492890402491482,0.9483853886626009,1.5308633587693006,0.11536274414848892,0.1944403657994195,0.6448519610535254,1.028144597213644,-1.0619520909862148,1.2447677276203777,1.1427622321822288,0.42183096522794006,0.9783687572543013,0.3585734943912001,1.4867509063738797,1.1371902596041945,-0.4930489875304942,0.5027841503515569,-0.8545803090879375,1.4680875180785806,0.7827056098943187,0.4024401589528812,0.6030235586360018,0.7323240067025749,0.6526245630501774,-0.6066913080728458,0.09574869558927383,1.66860886565993,0.32097493322907683,0.9846622701283453,1.0198492412712095,0.4280667159832905,-0.15053797582380155,0.643220459709556,1.405664780946073,0.6806156487360888,0.9003326721401574,0.5132319550422831,1.2617862248011205,0.6468969254643416,0.5222696817400828,0.5916646445523936,1.0995562271602655,0.8024878274596486,0.9565775573941179,1.4636726494601469,0.922697773832299,0.6729020742333779,1.1558673320781425,0.9921621208772725,0.6146762069596513,0.3583656513123154,0.7104346860264308,1.5440731006592048,0.6615332175628806,0.9303729191339788,0.09387669176168793,-2.004653891058201,0.8426015349103037,0.3907656409720414,1.4792837556972689
-0.053343754714062,1.4053635110701435,1.3677291951033757,0.928685745737056,1.5447410262678036,0.06848972382158311,0.22142331592729403,0.6448519610535254,1.0036269211748923,-1.0048871602781275,1.3020758805712391,1.1427622321822288,0.39564570937654936,0.9783687572543013,0.31397369345718557,1.460763551627435,1.1575235090209948,-0.5428002124415474,0.531399382478952,-0.9125195911412739,1.365486940615488,0.7609452648875248,0.23020004313617223,0.7382024371708201,0.975102428490126,0.9466184637141195,-0.7053334761748117,-0.020033080070111488,1.6075996477982557,0.2737788332194062,0.6633592387997278,1.0365467867642306,0.22344886203848002,-0.5163680605752569,0.589688721795262,1.4302957455371788,0.7188731076350292,0.9951297943477088,0.6965013491358147,1.177294425503843,0.543401769563194,0.44813091816926304,0.663697971384331,0.8713644535814744,0.9271780885356465,0.9780258204994114,1.4413764233845294,1.1957071304914153,0.6729020742333779,1.2888992399603874,1.0179544802871299,0.5864294106452079,0.2287175348014897,0.7104346860264308,1.4906596915156751,0.6615332175628806,0.9722884176437897,0.22613870572719647,-1.9263950366166342,0.8775936251690084,0.24390812226753764,1.4792837556972689
-0.14913936203434044,1.4246525467057525,1.3492890402491482,0.9877846745136982,1.5169856912708024,0.11536274414848892,0.1944403657994195,0.6170942103410652,1.0036269211748923,-1.0619520909862148,1.3020758805712391,1.0832205474811418,0.39564570937654936,1.04521576199611,0.33716558994287504,1.4867509063738797,1.1575235090209948,-0.5925514373526007,0.531399382478952,-1.0283981552479684,1.4680875180785806,0.7391849198807309,0.5749155754742581,0.24217720801163675,0.8207221066684071,0.9270295746474887,-0.8043799154575239,0.21153047124865915,1.6533877520011893,0.17938663320006498,1.1187580024656305,1.0532443322572513,0.32575778901088526,-0.9425875590442097,0.8843326726923805,1.3071409225816502,0.9101604021297311,1.0306423293814486,0.3299625609487514,1.2054583586029355,0.612492541213824,0.4852002999546729,0.519336099167867,0.9624917739631846,0.902240036320447,1.0209223467099986,1.419080197308912,1.2701087868854857,0.8324075179091044,1.3775871785485503,0.9921621208772725,0.6994165959029812,0.3151496124753735,0.6344257353984705,1.51736639608744,0.6901483668144165,0.9303729191339788,0.22613870572719647,-1.5351007644088026,0.7726173543928944,0.3173368816197895,1.5141367361442855
-0.11720749292758491,1.4455490019776656,1.3124087305407068,0.9680850315881532,1.5736528335563438,0.16223576447537738,0.1944403657994195,0.6448519610535254,1.028144597213644,-1.0619520909862148,1.2161136511449522,1.1229150039485332,0.42183096522794006,1.04521576199611,0.31397369345718557,1.4867509063738797,1.1575235090209948,-0.4432977626194225,0.531399382478952,-1.0283981552479684,1.4680875180785806,0.7174245748739289,0.6610356333826125,0.6030235586360018,1.19582651858886,0.8876912318497465,-0.7550588314065408,0.21153047124865915,1.531494079504552,0.1321905331903944,1.0114375227390635,1.0198492412712095,0.46216969164075894,-1.4301946433582229,0.9646302795638215,1.5043905324628821,0.9101604021297311,0.9714547709918823,0.5743217530734603,1.1491304924047503,0.612492541213824,0.5964084453109025,0.3752694455039916,1.0080554341540398,0.9271780885356465,0.9780258204994114,1.4636726494601469,1.220507682622772,0.8324075179091044,1.3332432092544688,1.0179544802871299,0.5579510832134329,0.3151496124753735,0.7484391613404109,1.5707798052309696,0.7187635160659523,0.9722884176437897,0.1931408208523658,-1.1434857591909644,0.807609444651599,0.28062250194366356,1.4792837556972689
-0.11720749292758491,1.4455490019776656,1.3308488853949274,0.928685745737056,1.5736528335563438,0.11536274414848892,0.1944403657994195,0.6448519610535254,1.028144597213644,-0.8860018879695808,1.2161136511449522,1.0832205474811418,0.43439988803660645,1.1093888865482404,0.31397369345718557,1.473757229000655,1.1795511958891907,-0.5925514373526007,0.488476534287862,-0.9125195911412739,1.5013633810395774,0.7391849198807309,0.6036222614437096,0.6931428109925474,1.0853740869342108,0.9072801209163772,-0.6066913080728458,0.21153047124865915,1.3943792933491739,0.32097493322907683,0.9311117649069091,1.0365467867642306,0.49627266729822733,-1.8564141418271758,0.69675219762385,1.4795576747193901,0.7571305665339696,0.9714547709918823,0.6965013491358147,1.177294425503843,0.543401769563194,0.6337816744879964,0.41128610891996026,1.0080554341540398,1.0768064018268442,1.0209223467099986,1.3967839712332946,1.121305474097345,0.6729020742333779,1.022653686616824,0.9662640550763911,0.671169799588538,0.3151496124753735,0.6724302107124507,1.5707798052309696,0.7759938145690239,0.9722884176437897,0.12687457663651858,-1.026097477528615,0.8426015349103037,0.3173368816197895,1.5489897165913018
-0.053343754714062,1.4648380376132817,1.3492890402491482,0.8876448229755003,1.5736528335563438,0.06848972382158311,0.1944403657994195,0.6726097117659754,0.9791092451361404,-1.0619520909862148,1.3020758805712391,1.1229150039485332,0.42183096522794006,0.9783687572543013,0.33716558994287504,1.4867509063738797,1.1371902596041945,-0.4930489875304942,0.531399382478952,-0.7918127535301455,1.3987628035764972,0.7609452648875248,0.4885602168612357,0.6931428109925474,1.063319755245394,0.8681023427831157,-0.6066913080728458,0.037857807759581176,1.5619363068220335,0.415367133248418,1.0114375227390635,1.0031516957781887,0.5644786186131642,-1.9173026416084549,0.8040350658209394,1.4302957455371788,0.7571305665339696,1.0661548644151884,0.6354115511046375,1.1209665593056577,0.5778061538137116,0.5593390635254927,0.4473027723359289,0.8713644535814744,0.9770541929660457,1.1067153991311731,1.485968875535764,0.9474983259636557,0.8324075179091044,1.200211301372224,0.9662640550763911,0.5579510832134329,0.3583656513123154,0.7864436366543911,1.5440731006592048,0.7473786653174881,0.9722884176437897,0.22613870572719647,-0.9869680503078316,0.912585715427713,0.24390812226753764,1.5838426970383184
-0.053343754714062,1.4648380376132817,1.3677291951033757,0.8876448229755003,1.5308633587693006,0.2598878901564037,0.2506548452324964,0.7003674624784254,1.0036269211748923,-1.1190170216943018,1.2447677276203777,1.1427622321822288,0.40926204241927366,1.04521576199611,0.31397369345718557,1.4997445837470995,1.1795511958891907,-0.4930489875304942,0.5170917664152571,-0.8545803090879375,1.4348116551175836,0.7391849198807309,0.4598535308917842,0.6480831848142746,0.997156760178943,0.8289245646498542,-0.6066913080728458,0.1536395834189665,1.6533877520011893,0.2737788332194062,0.9311117649069091,1.0532443322572513,0.3598607646683537,-2.0999681409522917,0.6699863286667029,1.405664780946073,0.8336454843318504,1.0069673060256221,0.5132319550422831,1.092802626206565,0.612492541213824,0.5593390635254927,0.3752694455039916,1.0080554341540398,0.8274258796748483,1.0209223467099986,1.4413764233845294,1.046700534489083,0.8722023320776904,1.000481701969783,0.9533678753714625,0.6146762069596513,0.3151496124753735,0.7484391613404109,1.5974865098027344,0.7759938145690239,0.9303729191339788,0.1931408208523658,-0.9475178900770418,0.8426015349103037,0.3173368816197895,1.4792837556972689
-0.053343754714062,1.4455490019776656,1.3861693499575962,0.9483853886626009,1.5586186937663018,0.11536274414848892,0.27763779536038097,0.6448519610535254,1.052662273252405,-1.0048871602781275,1.2447677276203777,1.1427622321822288,0.42183096522794006,0.9462821949782241,0.33716558994287504,1.460763551627435,1.1575235090209948,-0.5428002124415474,0.531399382478952,-0.9704588731946104,1.4680875180785806,0.7391849198807309,0.4598535308917842,0.6480831848142746,0.930993765112492,0.7701578974499619,-0.6560123921238288,0.21153047124865915,1.6228207614569965,0.32097493322907683,1.0114375227390635,1.0031516957781887,0.32575778901088526,-2.039079641171013,0.7505033279066454,1.3564028517638616,0.79538802543291,1.0069673060256221,0.5132319550422831,1.1209665593056577,0.612492541213824,0.37399215459844326,0.41128610891996026,0.9624917739631846,0.9770541929660457,0.9565775573941179,1.4636726494601469,1.0715010866204397,0.8324075179091044,1.1336953474311018,0.9662640550763911,0.6146762069596513,0.4447977289861992,0.7484391613404109,1.51736639608744,0.8618392623236314,0.8046264236045458,0.1931408208523658,-0.9083884628562586,0.7726173543928944,0.3173368816197895,1.4792837556972689
0.013180972591684624,1.4455490019776656,1.3677291951033757,0.9483853886626009,1.5736528335563438,0.017710618467462604,0.22142331592729403,0.6170942103410652,1.052662273252405,-1.0619520909862148,1.2447677276203777,1.1427622321822288,0.42183096522794006,0.9462821949782241,0.3585734943912001,1.473757229000655,1.2202176947227763,-0.5428002124415474,0.5468992998812908,-0.9704588731946104,1.4680875180785806,0.8280396619918101,0.5172669028306872,0.6030235586360018,0.7984870017690259,0.848513453716485,-0.5080491399708799,0.1536395834189665,1.5162729658458112,0.2737788332194062,0.716909744021164,1.0365467867642306,0.3939637403258221,-1.9173026416084549,0.8843326726923805,1.5043905324628821,0.6806156487360888,1.0069673060256221,0.6965013491358147,1.177294425503843,0.3713798483106055,0.8561979652004557,0.05082425620768359,0.9624917739631846,0.9770541929660457,0.8277121733270667,1.485968875535764,1.0963016387517965,0.8324075179091044,1.1336953474311018,0.9791602347813197,0.5864294106452079,0.3151496124753735,0.7864436366543911,1.51736639608744,0.8046089638205598,0.8465419221143569,0.35813024522652054,-0.8692590356354755,0.807609444651599,0.35405126129591546,1.5489897165913018
-0.053343754714062,1.4246525467057525,1.3492890402491482,0.928685745737056,1.5447410262678036,0.16223576447537738,0.27763779536038097,0.6170942103410652,1.0771799492911567,-0.8860018879695808,1.2734218040958138,1.1229150039485332,0.39564570937654936,0.9783687572543013,0.4459891042218728,1.4867509063738797,1.2608841935563695,-0.5428002124415474,0.531399382478952,-0.9125195911412739,1.4680875180785806,0.8280396619918101,0.43114684492233274,0.7382024371708201,0.953048096801309,0.985796241847381,-0.5573702240218629,0.037857807759581176,1.31827372505547,0.415367133248418,0.636364516905315,1.0031516957781887,0.2575518376959484,-1.9173026416084549,0.8575668037352334,1.2086170642172274,0.8719029432307908,1.101667399448928,0.8186809451981693,1.1491304924047503,0.6813013097148594,0.7079204380588161,0.19518612842414837,1.0536190943448949,1.0019922451812453,0.7848156471164796,1.4636726494601469,1.2453082347541289,0.7926127037405183,0.8896217787345793,1.0050583005822011,0.6146762069596513,0.3151496124753735,0.8624525872823513,1.5707798052309696,0.7759938145690239,0.8884574206241678,0.42412601497618185,-0.6344824723107765,0.7726173543928944,0.42748002064816737,1.4792837556972689
-0.053343754714062,1.4455490019776656,1.3492890402491482,0.9073444659010452,1.5308633587693006,0.11536274414848892,0.27763779536038097,0.7003674624784254,1.0036269211748923,-0.9478222295700192,1.3020758805712391,1.1427622321822288,0.42183096522794006,1.0104553195303665,0.4459891042218728,1.4867509063738797,1.2829118804245654,-0.4930489875304942,0.531399382478952,-0.8545803090879375,1.4680875180785806,0.8280396619918101,0.5459735888001387,0.6030235586360018,0.8207221066684071,0.9270295746474887,-0.4587280559198969,-0.020033080070111488,1.3487159523729515,0.2737788332194062,0.7704602492426003,0.986317285158176,0.32575778901088526,-2.039079641171013,0.9110985416495275,1.4302957455371788,0.79538802543291,1.0424798410593619,0.6965013491358147,1.1209665593056577,0.6813013097148594,0.7079204380588161,0.4833194357518984,1.0080554341540398,1.026930297396445,0.8491604364323603,1.4413764233845294,1.121305474097345,0.9119971462462765,1.1780393167251832,0.9921621208772725,0.6146762069596513,0.40158169014925726,0.8244481119683712,1.5440731006592048,0.7187635160659523,0.8046264236045458,0.3251323603516884,-0.517094190648427,0.807609444651599,0.35405126129591546,1.6189813576529335
-0.01875089651507092,1.4648380376132817,1.3677291951033757,0.9073444659010452,1.5736528335563438,0.16223576447537738,0.1944403657994195,0.7003674624784254,0.9525484294274881,-0.8860018879695808,1.2734218040958138,1.1427622321822288,0.42183096522794006,1.04521576199611,0.42279720773618334,1.4867509063738797,1.2608841935563695,-0.5428002124415474,0.531399382478952,-0.7918127535301455,1.5013633810395774,0.8280396619918101,0.632328947413161,0.5129043062794563,0.864830770046041,0.848513453716485,-0.5080491399708799,-0.020033080070111488,1.3487159523729515,0.32097493322907683,0.9311117649069091,1.0532443322572513,0.4280667159832905,-2.0999681409522917,0.7237374589494985,1.4795576747193901,0.79538802543291,1.0188048177035354,0.6354115511046375,1.1491304924047503,0.6813013097148594,0.37399215459844326,0.23120279184011702,1.0080554341540398,0.9770541929660457,0.8491604364323603,1.419080197308912,0.8978972217009422,0.8324075179091044,0.8674497940875385,0.9533678753714625,0.5864294106452079,0.3583656513123154,0.8624525872823513,1.5440731006592048,0.8046089638205598,0.9303729191339788,0.2921344754768578,-0.32112632153450443,0.8426015349103037,0.42748002064816737,1.5838426970383184
0.013180972591684624,1.4648380376132817,1.3677291951033757,0.9483853886626009,1.5169856912708024,0.06848972382158311,0.27763779536038097,0.6726097117659754,1.052662273252405,-0.9478222295700192,1.2734218040958138,1.1642633961020694,0.39564570937654936,0.9783687572543013,0.42279720773618334,1.473757229000655,1.3032451298413583,-0.5428002124415474,0.531399382478952,-0.8545803090879375,1.4348116551175836,0.8498000069986121,0.5459735888001387,0.5129043062794563,0.975102428490126,0.7505690083833312,-0.40940697186891395,0.09574869558927383,1.4858307385283296,0.415367133248418,0.716909744021164,1.0198492412712095,0.2575518376959484,-2.28313272635991,0.69675219762385,1.405664780946073,0.79538802543291,0.9951297943477088,0.6965013491358147,1.2054583586029355,0.6813013097148594,0.6337816744879964,0.4473027723359289,0.9169281137723295,0.9521161407508462,0.7419191209058923,1.419080197308912,1.121305474097345,0.9517919604148625,1.000481701969783,0.9921621208772725,0.6146762069596513,0.40158169014925726,0.7864436366543911,1.5440731006592048,0.8046089638205598,0.8465419221143569,0.2921344754768578,-0.39938517597607076,0.7726173543928944,0.35405126129591546,1.4444307752502525
0.013180972591684624,1.4841270732488905,1.3308488853949274,0.9483853886626009,1.5586186937663018,0.017710618467462604,0.33160369561613,0.6448519610535254,1.0036269211748923,-1.0619520909862148,1.2161136511449522,1.1642633961020694,0.43439988803660645,0.9783687572543013,0.40138930328785827,1.5127382611203195,1.3032451298413583,-0.6464485976729176,0.5468992998812908,-0.8545803090879375,1.4680875180785806,0.8280396619918101,0.4885602168612357,0.6030235586360018,0.842776438357224,0.9270295746474887,-0.31076480376694804,-0.0783984833738185,1.4401673975521072,0.32097493322907683,0.9043365122961909,1.069941877750272,0.46216969164075894,-1.9781911413897337,0.48262524596667394,1.5043905324628821,0.7188731076350292,0.959617259313969,0.6965013491358147,1.2054583586029355,0.7501100782158947,0.6708510562734062,0.5553527625838357,1.0080554341540398,0.8024878274596486,0.5916054737335475,1.3967839712332946,1.121305474097345,0.5535176317276197,0.4681723328617308,1.0179544802871299,0.6429230032740946,0.4447977289861992,0.8244481119683712,1.5440731006592048,0.8046089638205598,0.8884574206241678,0.42412601497618185,-0.32112632153450443,0.7726173543928944,0.24390812226753764,1.5489897165913018
-0.053343754714062,1.4841270732488905,1.3861693499575962,0.928685745737056,1.5586186937663018,0.06848972382158311,0.35858664574400456,0.5592655630234559,0.9791092451361404,-0.7718720265534065,1.2734218040958138,1.1427622321822288,0.4469688108452775,1.0104553195303665,0.3585734943912001,1.4997445837470995,1.323578379258151,-0.6464485976729176,0.5755145320086806,-0.7338734714767875,1.4348116551175836,0.7827056098943187,0.6610356333826125,0.557963932457729,0.953048096801309,0.8876912318497465,-0.31076480376694804,0.037857807759581176,1.3334948387142107,0.415367133248418,0.6095892642945969,1.0198492412712095,0.5985815942706326,-1.9173026416084549,0.536156983880968,1.4549267101282843,0.8719029432307908,0.959617259313969,0.6354115511046375,1.177294425503843,0.6468969254643416,0.4852002999546729,0.41128610891996026,1.0536190943448949,1.1019488643061028,0.8062639102217731,1.4413764233845294,1.046700534489083,0.9119971462462765,0.7564081332732605,1.0050583005822011,0.6429230032740946,0.3151496124753735,0.9004570625963315,1.5974865098027344,0.8332241130720955,0.8884574206241678,0.35813024522652054,-0.20373803987215497,0.807609444651599,0.24390812226753764,1.4792837556972689
-0.01875089651507092,1.4648380376132817,1.424586339237226,0.928685745737056,1.5736528335563438,0.06848972382158311,0.35858664574400456,0.6726097117659754,1.0036269211748923,-0.8860018879695808,1.2161136511449522,1.1427622321822288,0.40926204241927366,1.0104553195303665,0.48880491311852303,1.5127382611203195,1.323578379258151,-0.5428002124415474,0.6196296815384146,-0.6759341894234511,1.5346392440005745,0.7827056098943187,0.6036222614437096,0.4678446801011835,0.5999980165696731,0.8681023427831157,-0.5080491399708799,-0.020033080070111488,1.4097251702346258,0.4625632332580886,0.18096575323941158,1.0198492412712095,0.5303756429556957,-2.039079641171013,0.4023276390952329,1.405664780946073,0.79538802543291,1.0188048177035354,0.08560336882404251,1.1491304924047503,0.612492541213824,0.5593390635254927,0.23120279184011702,1.0995562271602655,1.0518683496116445,0.7848156471164796,1.419080197308912,1.0963016387517965,0.8722023320776904,0.6898921793321383,0.9146793362566767,0.6429230032740946,0.4447977289861992,0.8624525872823513,1.6776066235180287,0.7759938145690239,0.7627109250947349,0.42412601497618185,-0.008090903768237375,0.8426015349103037,0.3173368816197895,1.5141367361442855
0.013180972591684624,1.4648380376132817,1.4061461843830054,0.928685745737056,1.5447410262678036,0.11536274414848892,0.33160369561613,0.6448519610535254,0.9791092451361404,-0.8289369572614936,1.3020758805712391,1.1642633961020694,0.40926204241927366,0.9783687572543013,0.5548126185008707,1.4867509063738797,1.323578379258151,-0.5925514373526007,0.6196296815384146,-0.7918127535301455,1.4680875180785806,0.8280396619918101,0.6610356333826125,0.557963932457729,0.7984870017690259,0.8876912318497465,-0.40940697186891395,0.037857807759581176,1.4858307385283296,0.4625632332580886,0.26129151107156656,1.0031516957781887,0.667067078172926,-1.9781911413897337,0.48262524596667394,1.4302957455371788,0.8336454843318504,0.9832922826697955,0.6354115511046375,1.2054583586029355,0.612492541213824,0.5964084453109025,0.41128610891996026,1.1451198873511206,1.1767630209517017,1.171060188447054,1.419080197308912,0.7738944610441583,0.6331072600647919,0.7787618554993755,0.837302258027105,0.7276633922174245,0.3151496124753735,0.9384615379103116,1.5707798052309696,0.7187635160659523,0.8046264236045458,0.49012178472584317,-0.04722033098902231,0.8426015349103037,0.35405126129591546,1.5838426970383184
0.013180972591684624,1.4455490019776656,1.3677291951033757,0.9680850315881532,1.5586186937663018,-0.029162401859443205,0.33160369561613,0.6448519610535254,1.028144597213644,-0.8289369572614936,1.3617718732283808,1.1642633961020694,0.43439988803660645,1.0104553195303665,0.6190363318458539,1.4867509063738797,1.3439116286749515,-0.4930489875304942,0.6196296815384146,-0.7338734714767875,1.4680875180785806,0.8498000069986121,0.4598535308917842,0.557963932457729,0.6661610116361241,0.7113912302500697,-0.5080491399708799,0.21153047124865915,1.5923785341395151,0.2737788332194062,0.42216249601956934,1.0365467867642306,0.5644786186131642,-1.8564141418271758,0.7505033279066454,1.5782834262361993,0.79538802543291,0.9240076954959839,0.6965013491358147,1.2617862248011205,0.5778061538137116,0.5222696817400828,0.4473027723359289,1.1451198873511206,1.2017010731669011,0.9351292942888242,1.4413764233845294,0.9970994302263693,0.8722023320776904,0.7564081332732605,0.9791602347813197,0.6994165959029812,0.40158169014925726,0.8624525872823513,1.6241932143744993,0.7759938145690239,0.7207954265849239,0.5231196696006738,-0.008090903768237375,0.8426015349103037,0.3907656409720414,1.5489897165913018
-0.01875089651507092,1.4648380376132817,1.3861693499575962,0.9680850315881532,1.5875305010548417,0.017710618467462604,0.30462074548825546,0.6170942103410652,1.028144597213644,-0.7718720265534065,1.3617718732283808,1.1642633961020694,0.49829191231400094,0.9141956327021589,0.7938675515071915,1.5127382611203195,1.323578379258151,-0.5428002124415474,0.6339372976021095,-0.6179949073701145,1.5346392440005745,0.871560352005406,0.6610356333826125,0.6480831848142746,0.5999980165696731,0.6328751093190659,-0.4587280559198969,0.09574869558927383,1.729493320294893,0.415367133248418,0.341836738187415,1.0031516957781887,0.8716849321177365,-2.039079641171013,0.643220459709556,1.4549267101282843,0.7571305665339696,0.9714547709918823,0.6354115511046375,1.177294425503843,0.612492541213824,0.5593390635254927,0.663697971384331,1.0080554341540398,1.151824968736502,0.9136810311835306,1.419080197308912,0.8978972217009422,0.9517919604148625,0.9561377326757015,0.9662640550763911,0.6146762069596513,0.4880137678231411,0.8244481119683712,1.6241932143744993,0.8046089638205598,0.8046264236045458,0.5231196696006738,-0.008090903768237375,0.8426015349103037,0.3173368816197895,1.5838426970383184
0.07704471080520753,1.4455490019776656,1.3677291951033757,0.9680850315881532,1.5447410262678036,0.017710618467462604,0.33160369561613,0.6726097117659754,1.028144597213644,-0.657742165137211,1.3904259497038063,1.1642633961020694,0.47315406669666815,0.9462821949782241,1.1649378952781995,1.4997445837470995,1.3642448780917442,-0.5428002124415474,0.6339372976021095,-0.6759341894234511,1.567915106961584,0.871560352005406,0.747155691290967,0.42278505392291077,0.886885101734858,0.8681023427831157,-0.2614437197159651,0.09574869558927383,1.7447144339536338,0.2265827332097356,0.5292635064624425,1.0198492412712095,0.5985815942706326,-2.039079641171013,0.29504477089814346,1.3810338163549674,0.8719029432307908,0.9121701838180707,0.3910523589799286,1.2054583586029355,0.5778061538137116,0.44813091816926304,0.23120279184011702,1.1451198873511206,1.3263913342428992,0.8277121733270667,1.419080197308912,0.9970994302263693,0.8324075179091044,1.08935137813702,0.9662640550763911,0.6994165959029812,0.5744458454970249,0.8624525872823513,1.6508999189462639,0.7473786653174881,0.8884574206241678,0.49012178472584317,0.07016795067332895,0.8426015349103037,0.3173368816197895,1.5141367361442855
0.013180972591684624,1.5034161088844995,1.424586339237226,0.9680850315881532,1.5169856912708024,0.017710618467462604,0.30462074548825546,0.6448519610535254,0.9525484294274881,-0.657742165137211,1.4190800261792424,1.1642633961020694,0.47315406669666815,0.9462821949782241,1.2505695130715158,1.5127382611203195,1.323578379258151,-0.389400602299124,0.6482449136658044,-0.6759341894234511,1.5013633810395774,0.871560352005406,0.7184490053215156,0.5129043062794563,1.0412654235565768,0.7309801193167004,-0.360085887817931,0.037857807759581176,1.7599355476123746,0.2737788332194062,0.3686119907981331,0.986317285158176,0.3939637403258221,-1.673748642483339,0.5093911149238209,1.405664780946073,0.79538802543291,0.9714547709918823,0.5743217530734603,1.0646386931074727,0.47459300106215857,0.4852002999546729,0.23120279184011702,1.0995562271602655,1.0768064018268442,0.9351292942888242,1.3743049892062376,1.0715010866204397,0.7926127037405183,1.1780393167251832,0.9921621208772725,0.6146762069596513,0.6176618843339667,0.8624525872823513,1.6508999189462639,0.7759938145690239,0.9303729191339788,0.45712389985101254,-0.008090903768237375,0.9825698959451223,0.28062250194366356,1.6189813576529335
0.04511284169844017,1.4648380376132817,1.4061461843830054,0.9680850315881532,1.5586186937663018,0.06848972382158311,0.27763779536038097,0.7003674624784254,0.9791092451361404,-0.7718720265534065,1.5074300953118096,1.203957852569468,0.4469688108452775,0.9462821949782241,1.1417459987925178,1.5127382611203195,1.3439116286749515,-0.4432977626194225,0.6482449136658044,-0.560055625316778,1.567915106961584,0.8933206970122,0.6897423193520641,0.42278505392291077,0.886885101734858,0.8289245646498542,-0.360085887817931,0.09574869558927383,1.8513869927915303,0.1321905331903944,0.2077410058501303,1.0198492412712095,0.46216969164075894,-1.795525642045897,0.8308009347780865,1.3564028517638616,0.7188731076350292,1.0779923760931016,0.6965013491358147,1.2336222917020279,0.7501100782158947,0.44813091816926304,0.12315280159221109,1.0995562271602655,1.026930297396445,0.9565775573941179,1.419080197308912,1.0218999823577262,0.8722023320776904,0.8896217787345793,0.9791602347813197,0.6146762069596513,0.6176618843339667,0.8624525872823513,1.4906596915156751,0.7473786653174881,0.8465419221143569,0.45712389985101254,0.6574300919950831,0.9475778056864177,0.3173368816197895,1.5489897165913018
0.04511284169844017,1.4648380376132817,1.4061461843830054,0.9877846745136982,1.5586186937663018,0.11536274414848892,0.33160369561613,0.6448519610535254,1.028144597213644,-0.657742165137211,1.5360841717872349,1.203957852569468,0.43439988803660645,1.0104553195303665,0.9026910657861893,1.4867509063738797,1.323578379258151,-0.5925514373526007,0.6482449136658044,-0.7918127535301455,1.4680875180785806,0.871560352005406,0.8332757491993216,0.4678446801011835,0.842776438357224,0.7897467865165927,-0.5080491399708799,0.2694213590783518,1.729493320294893,0.36817103323874745,0.15419050062869344,0.9696197396651552,0.3939637403258221,-1.795525642045897,0.9646302795638215,1.3810338163549674,0.8336454843318504,1.0661548644151884,0.5132319550422831,1.1491304924047503,0.6813013097148594,0.44813091816926304,0.519336099167867,1.1451198873511206,1.0518683496116445,0.7848156471164796,1.4413764233845294,0.9722988780950125,0.7926127037405183,0.91179376338162,0.9791602347813197,0.7276633922174245,0.6608779231709087,0.8244481119683712,1.5974865098027344,0.7187635160659523,1.0142039161536007,0.49012178472584317,1.2841423935476273,0.9475778056864177,0.35405126129591546,1.4444307752502525
-0.053343754714062,1.5436015997920216,1.3861693499575962,0.9877846745136982,1.5586186937663018,0.20910878480226586,0.38781817504920696,0.6726097117659754,1.0036269211748923,-0.7718720265534065,1.564738248262671,1.1841106243357724,0.49829191231400094,0.9141956327021589,0.7278598461248518,1.5127382611203195,1.3439116286749515,-0.5428002124415474,0.6482449136658044,-0.6759341894234511,1.5346392440005745,0.871560352005406,0.861982435168773,0.557963932457729,0.975102428490126,0.7505690083833312,-0.2614437197159651,0.1536395834189665,1.7599355476123746,0.36817103323874745,0.3686119907981331,1.0031516957781887,0.49627266729822733,-1.7346371422646178,0.9646302795638215,1.405664780946073,0.9101604021297311,1.0661548644151884,0.6354115511046375,1.177294425503843,0.7501100782158947,0.5222696817400828,0.4833194357518984,1.0536190943448949,1.0768064018268442,0.9780258204994114,1.4636726494601469,1.121305474097345,0.9119971462462765,0.9339657480286607,1.0050583005822011,0.671169799588538,0.4447977289861992,0.8624525872823513,1.5440731006592048,0.7473786653174881,0.9722884176437897,0.5231196696006738,0.5009123831119504,1.017561986203827,0.3173368816197895,1.5141367361442855
0.07704471080520753,1.4648380376132817,1.3677291951033757,0.9877846745136982,1.5586186937663018,0.20910878480226586,0.35858664574400456,0.6726097117659754,1.052662273252405,-0.5959218235367726,1.5074300953118096,1.1427622321822288,0.5370460909740626,0.9462821949782241,0.7064519416765266,1.473757229000655,1.3439116286749515,-0.5428002124415474,0.6196296815384146,-0.6759341894234511,1.4680875180785806,0.9168944041028975,0.7184490053215156,0.557963932457729,1.0412654235565768,0.6328751093190659,-0.360085887817931,0.09574869558927383,1.6533877520011893,0.36817103323874745,0.636364516905315,0.986317285158176,0.3939637403258221,-1.795525642045897,1.0716937553924095,1.4302957455371788,0.8719029432307908,0.9476827188518104,0.6965013491358147,1.177294425503843,0.6468969254643416,0.5222696817400828,0.5553527625838357,1.0080554341540398,1.026930297396445,0.8920569626429475,1.4636726494601469,1.1461060262287017,0.5933124458962058,0.8674497940875385,0.9921621208772725,0.671169799588538,0.5744458454970249,0.8244481119683712,1.6241932143744993,0.7473786653174881,0.8884574206241678,0.49012178472584317,0.14874753812490024,1.0875461667212363,0.5012097175387484,1.5489897165913018
0.07704471080520753,1.4841270732488905,1.4061461843830054,1.0074843174392432,1.5586186937663018,0.11536274414848892,0.35858664574400456,0.7003674624784254,1.028144597213644,-0.8289369572614936,1.478776018836384,1.1427622321822288,0.510860835122672,0.8473486279603502,1.0775222854475346,1.5127382611203195,1.3862725649599403,-0.389400602299124,0.6196296815384146,-0.7918127535301455,1.5013633810395774,0.9386547491096914,0.8332757491993216,0.6030235586360018,1.19582651858886,0.7113912302500697,-0.360085887817931,0.2694213590783518,1.6075996477982557,0.36817103323874745,0.716909744021164,1.0198492412712095,0.3598607646683537,-1.9173026416084549,0.8308009347780865,1.331771887172756,0.8719029432307908,0.9832922826697955,0.6354115511046375,1.1491304924047503,0.6813013097148594,0.5222696817400828,0.41128610891996026,0.9624917739631846,1.0768064018268442,0.999474083604705,1.4413764233845294,1.1461060262287017,0.8324075179091044,0.823105824793457,0.9662640550763911,0.6429230032740946,0.6176618843339667,0.8624525872823513,1.6241932143744993,0.7187635160659523,0.8465419221143569,0.5891154393503352,-0.08634975820980548,1.0875461667212363,0.5379240972148744,1.4444307752502525
0.04511284169844017,1.4841270732488905,1.4430264940914468,1.0074843174392432,1.5736528335563438,0.11536274414848892,0.35858664574400456,0.6726097117659754,0.9791092451361404,-0.657742165137211,1.5360841717872349,1.1642633961020694,0.510860835122672,0.9783687572543013,1.3379851229021806,1.6058596156284046,1.323578379258151,-0.289898152476999,0.6625525297295045,-0.560055625316778,1.6039639585026702,0.8498000069986121,0.7758623772604185,0.6480831848142746,0.975102428490126,0.6328751093190659,-0.2121226356649821,0.09574869558927383,1.7751566612711154,0.32097493322907683,0.3686119907981331,1.0198492412712095,0.46216969164075894,-1.795525642045897,0.48262524596667394,1.529021497053988,0.7571305665339696,1.0306423293814486,0.4521421570111059,1.177294425503843,0.612492541213824,0.7079204380588161,0.5553527625838357,1.0536190943448949,0.777549775244449,0.8277121733270667,1.4413764233845294,1.0218999823577262,0.9517919604148625,0.8674497940875385,0.9791602347813197,0.6146762069596513,0.4880137678231411,0.7864436366543911,1.5974865098027344,0.7759938145690239,0.8465419221143569,0.5231196696006738,-0.008090903768237375,1.0525540764625316,0.5012097175387484,1.5838426970383184
0.04511284169844017,1.4648380376132817,1.4430264940914468,1.0074843174392432,1.5736528335563438,0.11536274414848892,0.33160369561613,0.7003674624784254,1.052662273252405,-0.7718720265534065,1.564738248262671,1.1642633961020694,0.5370460909740626,1.04521576199611,1.512816342563526,1.5398084223145299,1.3439116286749515,-0.389400602299124,0.6923600631955383,-0.6179949073701145,1.567915106961584,0.871560352005406,0.5459735888001387,0.557963932457729,0.908939433423675,0.6722134521168082,-0.2121226356649821,0.09574869558927383,1.5771574204807743,0.4625632332580886,0.39538724340885123,1.0031516957781887,0.46216969164075894,-1.8564141418271758,0.4290935080523799,1.331771887172756,0.8719029432307908,1.0188048177035354,0.6354115511046375,1.1491304924047503,0.715705693965377,0.6337816744879964,0.6276813079683623,1.0536190943448949,0.9271780885356465,0.9351292942888242,1.4413764233845294,1.1461060262287017,0.7528178895719322,1.1336953474311018,0.9921621208772725,0.7276633922174245,0.6176618843339667,0.7104346860264308,1.5974865098027344,0.7759938145690239,0.9303729191339788,0.45712389985101254,0.07016795067332895,1.0875461667212363,0.5379240972148744,1.5838426970383184
0.10897657991196306,1.4841270732488905,1.4061461843830054,1.0074843174392432,1.5875305010548417,0.16223576447537738,0.41480112517709145,0.7281252131908857,1.052662273252405,-0.8289369572614936,1.5074300953118096,1.1427622321822288,0.5370460909740626,1.0104553195303665,1.534224247011851,1.5127382611203195,1.2829118804245654,-0.289898152476999,0.6482449136658044,-0.560055625316778,1.567915106961584,0.9168944041028975,0.4598535308917842,0.7382024371708201,1.0412654235565768,0.7309801193167004,-0.16280155161399915,0.5009849103971225,1.6990510929774116,0.36817103323874745,0.5560387590731606,1.0365467867642306,0.5985815942706326,-1.7346371422646178,1.125444885675205,1.233248028808333,0.9101604021297311,1.0069673060256221,0.757591147166992,1.1491304924047503,0.715705693965377,0.5964084453109025,0.5553527625838357,1.0995562271602655,1.1268869165213025,0.9780258204994114,1.3967839712332946,1.3197098911481993,0.7926127037405183,1.022653686616824,0.9921621208772725,0.6429230032740946,0.5744458454970249,0.9004570625963315,1.5974865098027344,0.7759938145690239,1.0564629843233284,0.5231196696006738,0.14874753812490024,1.0525540764625316,0.5012097175387484,1.5141367361442855
0.20743317632446523,1.4455490019776656,1.4061461843830054,0.9877846745136982,1.63031997584188,0.16223576447537738,0.38781817504920696,0.7581961097960348,1.0771799492911567,-0.7148070958453192,1.5074300953118096,1.1841106243357724,0.5244771681653962,0.9462821949782241,1.6002319523941908,1.4466870678064445,1.3642448780917442,-0.389400602299124,0.6482449136658044,-0.560055625316778,1.5346392440005745,0.9168944041028975,-0.14322217517136573,0.8283216895273656,0.908939433423675,0.6722134521168082,-0.40940697186891395,0.4430940225674298,1.6838299793186708,0.36817103323874745,0.5292635064624425,1.0365467867642306,0.3939637403258221,-1.673748642483339,0.7505033279066454,1.4549267101282843,0.7571305665339696,1.0543173527372751,0.8797707432293465,1.177294425503843,0.6468969254643416,0.5222696817400828,0.4473027723359289,1.0995562271602655,1.026930297396445,0.9136810311835306,1.419080197308912,1.220507682622772,0.8324075179091044,1.1336953474311018,0.9921621208772725,0.671169799588538,0.6608779231709087,0.9004570625963315,1.6508999189462639,0.7759938145690239,1.0142039161536007,0.5231196696006738,0.14874753812490024,1.017561986203827,0.6480672362432522,1.4792837556972689
0.14356943811095416,1.4455490019776656,1.424586339237226,0.9877846745136982,1.60140816855334,0.11536274414848892,0.41480112517709145,0.7281252131908857,1.103740764999809,-0.7148070958453192,1.5360841717872349,1.1841106243357724,0.5244771681653962,0.9783687572543013,1.6002319523941908,1.473757229000655,1.3642448780917442,-0.3396493773880523,0.6482449136658044,-0.560055625316778,1.5013633810395774,0.9386547491096914,0.632328947413161,0.6480831848142746,0.864830770046041,0.7309801193167004,-0.06415938351203321,0.2694213590783518,1.7599355476123746,0.36817103323874745,0.6633592387997278,1.0198492412712095,0.3598607646683537,-1.673748642483339,0.536156983880968,1.3810338163549674,0.7188731076350292,0.9951297943477088,0.6965013491358147,1.177294425503843,0.612492541213824,0.6337816744879964,0.4833194357518984,1.0536190943448949,1.1019488643061028,1.1067153991311731,1.485968875535764,1.046700534489083,0.7926127037405183,1.2223832860192652,1.0050583005822011,0.671169799588538,0.5744458454970249,0.8244481119683712,1.6508999189462639,0.7759938145690239,1.0142039161536007,0.5561175544755045,0.031038523452545787,1.0525540764625316,0.5012097175387484,1.5141367361442855
0.14356943811095416,1.4246525467057525,1.4061461843830054,0.9680850315881532,1.63031997584188,0.20910878480226586,0.41480112517709145,0.6448519610535254,1.0771799492911567,-0.657742165137211,1.478776018836384,1.203957852569468,0.549615013782729,0.9141956327021589,1.555632151460176,1.4466870678064445,1.3439116286749515,-0.3396493773880523,0.7066676792592332,-0.3814095056522916,1.5346392440005745,0.9386547491096914,0.5749155754742581,0.6030235586360018,0.7764326700802089,0.9072801209163772,-0.11348046756301618,0.037857807759581176,1.7447144339536338,0.4625632332580886,0.8775612596854728,1.0031516957781887,0.49627266729822733,-1.673748642483339,0.6164545907524089,1.2086170642172274,0.79538802543291,0.9714547709918823,0.6354115511046375,1.289950157900213,0.5089973853126762,0.7079204380588161,0.41128610891996026,1.0536190943448949,0.9271780885356465,1.1496119253417603,1.4413764233845294,1.1957071304914153,0.8324075179091044,1.3999409007746655,1.0050583005822011,0.6146762069596513,0.7040939620078506,0.8244481119683712,1.6776066235180287,0.8046089638205598,0.9303729191339788,0.6551112090999964,-0.008090903768237375,1.017561986203827,0.5746384768910003,1.5838426970383184
0.14356943811095416,1.4246525467057525,1.4614666489456742,1.0288255972752538,1.60140816855334,0.20910878480226586,0.35858664574400456,0.7581961097960348,1.1282584410385608,-0.657742165137211,1.478776018836384,1.2436523090368594,0.549615013782729,1.0104553195303665,1.512816342563526,1.4336933904332247,1.3439116286749515,-0.3396493773880523,0.6923600631955383,-0.4393487877056281,1.6039639585026702,0.9168944041028975,0.4885602168612357,0.6030235586360018,0.6882153433249409,0.8876912318497465,-0.2614437197159651,0.1536395834189665,1.7142722066361524,0.2737788332194062,0.9043365122961909,1.0365467867642306,0.3598607646683537,-1.491083143139502,0.589688721795262,1.3810338163549674,0.8336454843318504,1.0543173527372751,0.6354115511046375,1.177294425503843,0.7845144624664124,0.6708510562734062,0.15916946500817974,1.0536190943448949,1.1019488643061028,1.0638188729205857,1.419080197308912,1.0963016387517965,0.7528178895719322,1.3554151939015096,0.9921621208772725,0.6146762069596513,0.531229806660083,0.8624525872823513,1.6776066235180287,0.8046089638205598,1.0564629843233284,0.5231196696006738,0.30526524700803287,1.017561986203827,0.6480672362432522,1.5141367361442855
0.10897657991196306,1.4053635110701435,1.4430264940914468,1.0288255972752538,1.644197643340383,0.20910878480226586,0.441784075304966,0.7003674624784254,1.0771799492911567,-0.7148070958453192,1.5074300953118096,1.2238050808031637,0.549615013782729,0.9462821949782241,1.534224247011851,1.460763551627435,1.3642448780917442,-0.4432977626194225,0.6768601457931995,-0.4393487877056281,1.567915106961584,0.9386547491096914,0.4598535308917842,0.6931428109925474,0.7323240067025749,0.7113912302500697,-0.2614437197159651,0.2694213590783518,1.5771574204807743,0.32097493322907683,0.7436849966318821,1.0532443322572513,0.5644786186131642,-1.673748642483339,0.5093911149238209,1.3810338163549674,0.79538802543291,0.959617259313969,0.6965013491358147,1.1491304924047503,0.7845144624664124,0.744989819844226,0.19518612842414837,1.0536190943448949,1.0518683496116445,1.0852671360258794,1.4636726494601469,0.9722988780950125,0.7528178895719322,1.3775871785485503,1.0050583005822011,0.6429230032740946,0.40158169014925726,0.8244481119683712,1.6508999189462639,0.7759938145690239,0.9722884176437897,0.49012178472584317,0.2661358197872497,0.9825698959451223,0.5379240972148744,1.5838426970383184
0.14356943811095416,1.4455490019776656,1.4061461843830054,1.0682248831263512,1.63031997584188,0.35363393081019795,0.41480112517709145,0.7003674624784254,1.0771799492911567,-0.657742165137211,1.5360841717872349,1.2436523090368594,0.549615013782729,0.9462821949782241,1.4914084381151929,1.4466870678064445,1.3439116286749515,-0.19039570265487407,0.6625525297295045,-0.32347022359895505,1.567915106961584,0.9604150941164934,0.4024401589528812,0.6030235586360018,0.908939433423675,0.6918023411834389,-0.2614437197159651,0.4430940225674298,1.729493320294893,0.4625632332580886,0.8507860070747546,1.0198492412712095,0.3939637403258221,-1.4301946433582229,0.69675219762385,1.331771887172756,0.8336454843318504,0.9714547709918823,0.6965013491358147,1.2336222917020279,0.715705693965377,0.6337816744879964,0.19518612842414837,1.0995562271602655,0.7526117230292495,0.9780258204994114,1.4413764233845294,1.1461060262287017,0.7926127037405183,1.6660047165391543,1.0179544802871299,0.671169799588538,0.5744458454970249,0.8244481119683712,1.6508999189462639,0.8046089638205598,0.9722884176437897,0.5561175544755045,0.031038523452545787,1.0525540764625316,0.5746384768910003,1.4792837556972689
0.20743317632446523,1.4648380376132817,1.4614666489456742,1.0288255972752538,1.63031997584188,0.35363393081019795,0.38781817504920696,0.7281252131908857,1.0771799492911567,-0.657742165137211,1.564738248262671,1.2436523090368594,0.5747528594000665,0.9141956327021589,1.4914084381151929,1.4466870678064445,1.3439116286749515,-0.19039570265487407,0.6768601457931995,-0.3814095056522916,1.5013633810395774,0.9821754391232873,0.43114684492233274,0.6030235586360018,0.7543783383913919,0.8289245646498542,-0.2121226356649821,0.3273122469080445,1.5923785341395151,0.36817103323874745,0.636364516905315,0.986317285158176,0.4280667159832905,-1.491083143139502,0.9646302795638215,1.4795576747193901,0.6806156487360888,0.9476827188518104,0.5132319550422831,1.177294425503843,0.6813013097148594,0.6337816744879964,0.4473027723359289,1.1451198873511206,1.0768064018268442,1.0209223467099986,1.4636726494601469,0.9722988780950125,0.9119971462462765,1.5108008240098691,0.8630946174369623,0.5579510832134329,0.531229806660083,0.8244481119683712,1.6508999189462639,0.7187635160659523,1.0564629843233284,0.5561175544755045,-0.20373803987215497,1.0875461667212363,0.6113528565671262,1.5838426970383184
0.20743317632446523,1.5034161088844995,1.4614666489456742,1.0074843174392432,1.63031997584188,0.2598878901564037,0.35858664574400456,0.7003674624784254,1.0771799492911567,-0.7148070958453192,1.564738248262671,1.2436523090368594,0.6009381152514571,0.9783687572543013,1.512816342563526,1.4336933904332247,1.3439116286749515,-0.24014692756594577,0.7066676792592332,-0.26070266804116315,1.6039639585026702,0.9386547491096914,0.4885602168612357,0.6931428109925474,0.908939433423675,0.8093356755832234,-0.16280155161399915,0.38520313473773715,1.5923785341395151,0.4625632332580886,0.5828140116838787,0.986317285158176,0.3598607646683537,-1.5519716429207808,0.8308009347780865,1.5043905324628821,0.7188731076350292,0.9003326721401574,0.5743217530734603,1.177294425503843,0.7501100782158947,0.744989819844226,0.26721945525608565,1.1451198873511206,1.026930297396445,0.8920569626429475,1.419080197308912,1.1461060262287017,0.7528178895719322,1.444284870068747,0.9533678753714625,0.6429230032740946,0.4880137678231411,0.8624525872823513,1.6508999189462639,0.7759938145690239,0.9303729191339788,0.5231196696006738,-1.065226904749398,1.0525540764625316,0.6480672362432522,1.6189813576529335
0.2393650454312326,1.4841270732488905,1.4614666489456742,1.0074843174392432,1.644197643340383,0.20910878480226586,0.35858664574400456,0.6726097117659754,1.103740764999809,-0.7148070958453192,1.5074300953118096,1.2436523090368594,0.6009381152514571,1.04521576199611,1.512816342563526,1.4336933904332247,1.3439116286749515,-0.289898152476999,0.6923600631955383,-0.26070266804116315,1.567915106961584,0.9386547491096914,0.6610356333826125,0.6030235586360018,0.864830770046041,0.8681023427831157,-0.06415938351203321,0.4430940225674298,1.805598888588597,0.36817103323874745,0.636364516905315,1.0365467867642306,0.7352730294878628,-1.4301946433582229,0.7237374589494985,1.3810338163549674,0.7188731076350292,0.9476827188518104,0.4521421570111059,1.1491304924047503,0.6813013097148594,0.6337816744879964,0.3032361186720543,1.1906835475419757,0.9770541929660457,1.0209223467099986,1.419080197308912,1.1957071304914153,0.6331072600647919,1.2888992399603874,1.0050583005822011,0.6429230032740946,0.4880137678231411,0.8624525872823513,1.5707798052309696,0.6901483668144165,0.8465419221143569,0.6221133242251657,-1.4956506041780129,1.0875461667212363,0.6480672362432522,1.5838426970383184
0.27129691453798815,1.4455490019776656,1.4799068037998948,1.0074843174392432,1.644197643340383,0.20910878480226586,0.38781817504920696,0.6726097117659754,1.103740764999809,-0.657742165137211,1.478776018836384,1.2238050808031637,0.6135070380601235,0.9462821949782241,1.4914084381151929,1.4336933904332247,1.323578379258151,-0.13649854233455716,0.6625525297295045,-0.26070266804116315,1.6039639585026702,0.9604150941164934,0.632328947413161,0.6931428109925474,0.953048096801309,0.8681023427831157,-0.06415938351203321,0.3273122469080445,1.805598888588597,0.2737788332194062,0.5560387590731606,1.0365467867642306,0.4280667159832905,-1.5519716429207808,0.9110985416495275,1.405664780946073,0.8336454843318504,0.9003326721401574,0.6354115511046375,1.177294425503843,0.7845144624664124,0.6337816744879964,0.4833194357518984,1.1906835475419757,1.0019922451812453,0.6561260684847179,1.419080197308912,1.220507682622772,0.712696888401964,1.3332432092544688,0.9791602347813197,0.671169799588538,0.40158169014925726,0.7864436366543911,1.5974865098027344,0.6901483668144165,0.9722884176437897,0.6221133242251657,-1.613359618850369,1.0525540764625316,0.6113528565671262,1.5838426970383184
0.27129691453798815,1.4648380376132817,1.4799068037998948,1.0074843174392432,1.63031997584188,0.2598878901564037,0.41480112517709145,0.7581961097960348,1.052662273252405,-0.5388568928286853,1.564738248262671,1.2436523090368594,0.6260759608687946,1.0104553195303665,1.4468086371811784,1.4206997130600048,1.3032451298413583,-0.24014692756594577,0.7066676792592332,-0.3814095056522916,1.6039639585026702,0.9604150941164934,0.6610356333826125,0.6480831848142746,1.063319755245394,0.9662073527807502,-0.16280155161399915,0.21153047124865915,1.7142722066361524,0.415367133248418,0.6633592387997278,1.0365467867642306,0.5985815942706326,-1.5519716429207808,0.643220459709556,1.331771887172756,0.8336454843318504,0.959617259313969,0.5743217530734603,1.2336222917020279,0.7845144624664124,0.7079204380588161,0.4473027723359289,1.1906835475419757,1.1767630209517017,0.9565775573941179,1.4636726494601469,1.0715010866204397,0.8324075179091044,1.3775871785485503,1.0179544802871299,0.671169799588538,0.531229806660083,0.7484391613404109,1.6776066235180287,0.7473786653174881,1.0142039161536007,0.6883795684410144,-1.9263950366166342,0.9825698959451223,0.6113528565671262,1.5141367361442855
0.27129691453798815,1.4648380376132817,1.499883638225304,1.048525240200799,1.615285836051843,0.35363393081019795,0.41480112517709145,0.785953860508495,1.0771799492911567,-0.7148070958453192,1.564738248262671,1.285000701190403,0.6135070380601235,0.9783687572543013,1.4914084381151929,1.40770603568678,1.3032451298413583,-0.24014692756594577,0.7352829113866283,-0.560055625316778,1.6039639585026702,1.0275094912207787,0.5459735888001387,0.6030235586360018,0.864830770046041,0.7309801193167004,-0.16280155161399915,0.3273122469080445,1.5467151931632928,0.2265827332097356,0.5024882538517244,1.0532443322572513,0.29165481335341686,-1.491083143139502,0.9913961485209685,1.3071409225816502,0.79538802543291,1.101667399448928,0.5743217530734603,1.2336222917020279,0.81891884671693,0.6708510562734062,0.41128610891996026,1.1906835475419757,1.026930297396445,0.999474083604705,1.4636726494601469,0.8730966695695854,0.8324075179091044,1.200211301372224,0.9791602347813197,0.6994165959029812,0.6176618843339667,0.7104346860264308,1.6241932143744993,0.7473786653174881,0.8884574206241678,0.6883795684410144,-1.887265609395851,1.017561986203827,0.5746384768910003,1.5838426970383184
0.3058897727369792,1.4648380376132817,1.4430264940914468,1.048525240200799,1.644197643340383,0.3067609104832921,0.441784075304966,0.7281252131908857,1.103740764999809,-0.657742165137211,1.5360841717872349,1.203957852569468,0.6135070380601235,0.9462821949782241,1.4682165416295114,1.4206997130600048,1.323578379258151,-0.289898152476999,0.7495905274503232,-0.3814095056522916,1.6039639585026702,0.9386547491096914,0.4024401589528812,0.6931428109925474,0.908939433423675,0.8289245646498542,-0.16280155161399915,0.2694213590783518,1.4858307385283296,0.415367133248418,0.6901344914104459,1.0532443322572513,0.3939637403258221,-1.61286014270206,0.8575668037352334,1.405664780946073,0.6806156487360888,1.0188048177035354,0.5743217530734603,1.2617862248011205,0.7501100782158947,0.6708510562734062,-0.2373090511200656,1.1451198873511206,0.9521161407508462,0.870608699537654,1.3967839712332946,1.2701087868854857,0.9517919604148625,1.1336953474311018,0.9533678753714625,0.6146762069596513,0.531229806660083,0.7864436366543911,1.5707798052309696,0.7473786653174881,0.8884574206241678,0.5891154393503352,-1.613359618850369,1.0525540764625316,0.4644953378626225,1.5489897165913018
0.2393650454312326,1.4648380376132817,1.5183237930795246,1.048525240200799,1.658075310838881,0.35363393081019795,0.41480112517709145,0.785953860508495,1.103740764999809,-0.5388568928286853,1.6244342409198127,1.2436523090368594,0.6009381152514571,1.0104553195303665,1.512816342563526,1.4336933904332247,1.3439116286749515,-0.24014692756594577,0.7495905274503232,-0.3814095056522916,1.567915106961584,0.9168944041028975,0.37373347298342974,0.6480831848142746,0.908939433423675,0.8876912318497465,-0.11348046756301618,0.21153047124865915,1.4706096248695888,0.415367133248418,0.7972355018533184,1.069941877750272,0.8034789808027997,-1.4301946433582229,0.9913961485209685,1.331771887172756,0.7188731076350292,1.0188048177035354,0.5132319550422831,1.2336222917020279,0.81891884671693,0.6337816744879964,0.12315280159221109,1.2362472077328308,0.7274692605499906,0.9780258204994114,1.3967839712332946,1.2949093390168425,0.8722023320776904,1.1558673320781425,0.9921621208772725,0.671169799588538,0.531229806660083,0.8244481119683712,1.5440731006592048,0.7473786653174881,1.0564629843233284,0.5891154393503352,-1.3391328952948802,1.017561986203827,0.5379240972148744,1.5838426970383184
0.3058897727369792,1.4648380376132817,1.4614666489456742,1.0682248831263512,1.658075310838881,0.685651158125684,0.41480112517709145,0.785953860508495,1.103740764999809,-0.42472703141251095,1.5074300953118096,1.2238050808031637,0.6135070380601235,0.9783687572543013,1.6002319523941908,1.460763551627435,1.323578379258151,-0.24014692756594577,0.7352829113866283,-0.4393487877056281,1.6372398214636672,0.9604150941164934,0.4598535308917842,0.4678446801011835,1.01921109186776,1.0053851309140118,-0.06415938351203321,0.21153047124865915,1.5619363068220335,0.2737788332194062,0.8240107544640365,1.1033369687363135,0.7352730294878628,-1.491083143139502,0.9378644106066745,1.3564028517638616,0.7571305665339696,1.0306423293814486,0.6354115511046375,1.177294425503843,0.7501100782158947,0.6708510562734062,0.26721945525608565,1.2362472077328308,0.8773019841052474,0.8920569626429475,1.4413764233845294,1.2453082347541289,0.9119971462462765,1.200211301372224,1.0050583005822011,0.671169799588538,0.531229806660083,0.8244481119683712,1.5440731006592048,0.7759938145690239,1.0983784828331395,0.6551112090999964,-1.4173917497364465,0.9825698959451223,0.6113528565671262,1.5489897165913018
0.3058897727369792,1.4455490019776656,1.4799068037998948,1.048525240200799,1.63031997584188,0.591905117471907,0.4687670254328405,0.7581961097960348,1.103740764999809,-0.42472703141251095,1.5933923247380966,1.2436523090368594,0.6260759608687946,1.0104553195303665,1.643047761290849,1.4336933904332247,1.3862725649599403,-0.19039570265487407,0.7495905274503232,-0.20276338598782662,1.6039639585026702,1.003935784130081,0.6897423193520641,0.5129043062794563,0.7764326700802089,1.0641517981139041,-0.11348046756301618,0.1536395834189665,1.7599355476123746,0.36817103323874745,0.9043365122961909,1.0198492412712095,0.49627266729822733,-1.1252530583880467,0.7772691968637925,1.2578789933994388,0.7571305665339696,1.1135049111268414,0.5743217530734603,1.2336222917020279,0.7501100782158947,0.7820592016296359,0.12315280159221109,1.281810867923686,0.9770541929660457,1.0638188729205857,1.4413764233845294,1.2949093390168425,0.8324075179091044,0.9561377326757015,1.0179544802871299,0.671169799588538,0.4880137678231411,0.7864436366543911,1.6508999189462639,0.7473786653174881,0.9303729191339788,0.6883795684410144,-1.652489046071152,0.9825698959451223,0.6113528565671262,1.5489897165913018
0.33782164184373475,1.4841270732488905,1.4614666489456742,1.0879245260518962,1.63031997584188,0.35363393081019795,0.49574997556071504,0.785953860508495,1.103740764999809,-0.42472703141251095,1.5933923247380966,1.2436523090368594,0.6135070380601235,0.9462821949782241,1.643047761290849,1.4466870678064445,1.323578379258151,-0.24014692756594577,0.765090444852662,-0.32347022359895505,1.567915106961584,1.0275094912207787,0.7758623772604185,0.557963932457729,0.7984870017690259,0.9270295746474887,0.03488705577067888,0.1536395834189665,1.6228207614569965,0.32097493322907683,1.0114375227390635,1.0532443322572513,0.46216969164075894,-1.369306143576944,0.8308009347780865,1.405664780946073,0.7571305665339696,1.0661548644151884,0.08560336882404251,1.2054583586029355,0.6468969254643416,0.744989819844226,0.3032361186720543,1.327374528114541,0.777549775244449,0.8920569626429475,1.485968875535764,1.0963016387517965,0.7528178895719322,0.9561377326757015,0.9921621208772725,0.671169799588538,0.531229806660083,0.7864436366543911,1.5974865098027344,0.6901483668144165,0.9303729191339788,0.7213774533158451,-1.8090067549542848,1.0525540764625316,0.5746384768910003,1.5489897165913018
0.3058897727369792,1.4841270732488905,1.4614666489456742,1.0682248831263512,1.658075310838881,0.35363393081019795,0.441784075304966,0.7281252131908857,1.0771799492911567,-0.3629066898120726,1.6244342409198127,1.2238050808031637,0.6260759608687946,0.9141956327021589,1.6002319523941908,1.4466870678064445,1.3439116286749515,-0.08674731742350389,0.779398060916357,-0.32347022359895505,1.6039639585026702,1.003935784130081,0.6897423193520641,0.557963932457729,0.930993765112492,0.848513453716485,-0.11348046756301618,0.2694213590783518,1.6990510929774116,0.415367133248418,0.9311117649069091,1.0198492412712095,0.32575778901088526,-1.491083143139502,0.5629228528381149,1.331771887172756,0.79538802543291,1.0779923760931016,0.5743217530734603,1.2336222917020279,0.715705693965377,0.7079204380588161,0.519336099167867,1.1906835475419757,0.9271780885356465,1.0423706098152923,1.4636726494601469,1.1957071304914153,0.9119971462462765,0.623376225391016,0.9791602347813197,0.6146762069596513,0.4880137678231411,0.7864436366543911,1.5707798052309696,0.6901483668144165,0.9303729191339788,0.6883795684410144,-1.5742301916295858,1.0875461667212363,0.5746384768910003,1.5489897165913018
0.3058897727369792,1.4841270732488905,1.499883638225304,1.1289654488134517,1.6719529783373792,0.2598878901564037,0.441784075304966,0.785953860508495,1.103740764999809,-0.3058417591039643,1.6244342409198127,1.2651534729567,0.6260759608687946,0.9783687572543013,1.643047761290849,1.4336933904332247,1.3439116286749515,-0.13649854233455716,0.7937056769800519,-0.3814095056522916,1.6039639585026702,0.9821754391232873,0.747155691290967,0.6480831848142746,0.842776438357224,0.9270295746474887,-0.2614437197159651,0.3273122469080445,1.9122714474264935,0.2737788332194062,0.9846622701283453,1.0031516957781887,0.5644786186131642,-1.1861415581693255,0.9646302795638215,1.2578789933994388,0.7188731076350292,1.0779923760931016,0.5743217530734603,1.2336222917020279,0.6813013097148594,0.7079204380588161,0.5553527625838357,1.1451198873511206,1.0518683496116445,0.9780258204994114,1.4413764233845294,1.1461060262287017,0.8722023320776904,0.8674497940875385,0.9791602347813197,0.7276633922174245,0.531229806660083,0.7104346860264308,1.5974865098027344,0.7187635160659523,1.0142039161536007,0.6883795684410144,-0.7910001811939091,1.0525540764625316,0.5379240972148744,1.5489897165913018
0.20743317632446523,1.4648380376132817,1.5183237930795246,1.107624168977441,1.658075310838881,0.3067609104832921,0.4687670254328405,0.785953860508495,1.028144597213644,-0.1917118976877899,1.5933923247380966,1.2651534729567,0.6260759608687946,0.8821090704260935,1.6216398568425239,1.4466870678064445,1.3862725649599403,-0.13649854233455716,0.779398060916357,-0.32347022359895505,1.567915106961584,1.0275094912207787,0.43114684492233274,0.7382024371708201,0.6882153433249409,0.8093356755832234,-0.01443402828030408,0.38520313473773715,1.7447144339536338,0.2265827332097356,1.1455332550763486,1.0365467867642306,0.5644786186131642,-1.369306143576944,0.8308009347780865,1.331771887172756,0.7571305665339696,0.9003326721401574,0.6965013491358147,1.2054583586029355,0.81891884671693,0.8191285834150458,0.519336099167867,1.281810867923686,1.026930297396445,0.9780258204994114,1.4636726494601469,1.1461060262287017,0.9517919604148625,0.9783097173227422,0.9533678753714625,0.671169799588538,0.4880137678231411,0.7104346860264308,1.5974865098027344,0.6901483668144165,1.0142039161536007,0.6221133242251657,-0.9083884628562586,1.0525540764625316,0.6113528565671262,1.5489897165913018
0.2393650454312326,1.4648380376132817,1.4799068037998948,1.107624168977441,1.658075310838881,0.35363393081019795,0.49574997556071504,0.841469361933395,1.052662273252405,-0.2487768283958771,1.6244342409198127,1.2238050808031637,0.6260759608687946,0.9462821949782241,1.6216398568425239,1.4466870678064445,1.3439116286749515,-0.08674731742350389,0.7937056769800519,-0.32347022359895505,1.567915106961584,1.0275094912207787,0.4024401589528812,0.6480831848142746,0.6441066799473071,0.8289245646498542,-0.01443402828030408,0.21153047124865915,1.729493320294893,0.415367133248418,0.9311117649069091,1.0198492412712095,0.6329641025154575,-1.2470300579506046,0.9378644106066745,1.2825099579905446,0.7571305665339696,0.8884951604622442,0.757591147166992,1.2054583586029355,0.7845144624664124,0.7079204380588161,0.4473027723359289,1.2362472077328308,1.1268869165213025,0.870608699537654,1.419080197308912,1.1709065783600585,0.7926127037405183,0.9561377326757015,0.9662640550763911,0.671169799588538,0.4447977289861992,0.8624525872823513,1.6241932143744993,0.7473786653174881,0.9722884176437897,0.6551112090999964,-1.1826151864117476,1.017561986203827,0.6847816159193781,1.5141367361442855
0.2393650454312326,1.5034161088844995,1.5183237930795246,1.048525240200799,1.644197643340383,0.3067609104832921,0.5249815048659174,0.841469361933395,1.103740764999809,-0.3058417591039643,1.6530883173952382,1.2651534729567,0.6522612167201852,0.9462821949782241,1.664455665739174,1.4867509063738797,1.3642448780917442,-0.03699609251245062,0.779398060916357,-0.3814095056522916,1.5346392440005745,1.0492698362275725,0.4598535308917842,0.37772542774463796,0.6661610116361241,0.848513453716485,0.1335292238726448,0.037857807759581176,1.7903777749298562,0.415367133248418,0.9846622701283453,1.0365467867642306,0.5985815942706326,-1.0034760588254887,0.8575668037352334,1.1347241704439102,0.7188731076350292,1.0306423293814486,0.6965013491358147,1.177294425503843,0.715705693965377,0.6708510562734062,0.5916646445523936,1.1906835475419757,1.3014532820276996,0.870608699537654,1.4636726494601469,1.1461060262287017,0.712696888401964,1.4886288393628284,0.9662640550763911,0.7276633922174245,0.3583656513123154,0.8244481119683712,1.5974865098027344,0.6901483668144165,1.0564629843233284,0.7213774533158451,-1.4956506041780129,1.0875461667212363,0.5746384768910003,1.5141367361442855
0.3058897727369792,1.5034161088844995,1.499883638225304,1.0879245260518962,1.6719529783373792,0.35363393081019795,0.441784075304966,0.7581961097960348,1.052662273252405,-0.42472703141251095,1.6244342409198127,1.285000701190403,0.6522612167201852,0.9462821949782241,1.664455665739174,1.460763551627435,1.3862725649599403,-0.08674731742350389,0.7495905274503232,-0.32347022359895505,1.567915106961584,1.0275094912207787,0.632328947413161,0.5129043062794563,0.975102428490126,0.9270295746474887,-0.01443402828030408,0.2694213590783518,1.6381666383424485,0.415367133248418,0.9311117649069091,1.0532443322572513,0.49627266729822733,-1.2470300579506046,0.9110985416495275,1.0113674543359954,0.7188731076350292,0.9951297943477088,0.757591147166992,0.9519829607111024,0.81891884671693,0.7079204380588161,0.5916646445523936,1.1906835475419757,1.1767630209517017,0.9136810311835306,1.4413764233845294,1.2949093390168425,0.6729020742333779,1.887906300588636,0.9404716956665339,0.7276633922174245,0.40158169014925726,0.7484391613404109,1.5974865098027344,0.7473786653174881,0.9722884176437897,0.7543753381906758,-1.2217446136325307,1.122538256979941,0.5746384768910003,1.5489897165913018
0.2393650454312326,1.5436015997920216,1.4799068037998948,1.0879245260518962,1.6719529783373792,0.35363393081019795,0.441784075304966,0.7281252131908857,1.1527761170773125,-0.48179196212059816,1.6244342409198127,1.285000701190403,0.6648301395288516,0.9141956327021589,1.685863570187507,1.4466870678064445,1.406605814376733,-0.13649854233455716,0.779398060916357,-0.4393487877056281,1.6039639585026702,1.0275094912207787,0.43114684492233274,0.6931428109925474,1.0412654235565768,0.9466184637141195,-0.01443402828030408,0.21153047124865915,1.455388511210848,0.2737788332194062,0.9043365122961909,1.0365467867642306,0.5644786186131642,-1.1861415581693255,0.9646302795638215,0.764855915272552,0.8336454843318504,1.0898298877710149,0.8186809451981693,1.177294425503843,0.7845144624664124,0.4110615363838532,0.41128610891996026,1.2362472077328308,1.0019922451812453,0.9780258204994114,1.419080197308912,1.1709065783600585,0.9517919604148625,1.7770463773534322,0.9791602347813197,0.6994165959029812,0.40158169014925726,0.7864436366543911,1.6508999189462639,0.7473786653174881,1.0564629843233284,0.7873732230655064,-0.8301296084146923,1.122538256979941,0.5379240972148744,1.5141367361442855
0.20743317632446523,1.4841270732488905,1.5183237930795246,1.0879245260518962,1.658075310838881,0.35363393081019795,0.5249815048659174,0.7581961097960348,1.1282584410385608,-0.3058417591039643,1.564738248262671,1.2651534729567,0.6648301395288516,0.9462821949782241,1.664455665739174,1.460763551627435,1.406605814376733,-0.08674731742350389,0.765090444852662,-0.3814095056522916,1.6372398214636672,1.0275094912207787,0.5749155754742581,0.5129043062794563,0.886885101734858,0.9270295746474887,-0.01443402828030408,0.3273122469080445,1.4097251702346258,0.17938663320006498,0.7972355018533184,1.1033369687363135,0.5985815942706326,-1.1252530583880467,0.7772691968637925,0.5924391631348122,0.7188731076350292,1.0661548644151884,0.757591147166992,1.1491304924047503,0.6813013097148594,0.744989819844226,0.4473027723359289,1.327374528114541,1.0518683496116445,0.6561260684847179,1.4413764233845294,1.1957071304914153,0.9517919604148625,1.5773167779509913,0.9791602347813197,0.6429230032740946,0.531229806660083,0.8244481119683712,1.6508999189462639,0.7473786653174881,1.0983784828331395,0.8203711079403371,-0.517094190648427,1.122538256979941,0.5012097175387484,1.5489897165913018
0.2393650454312326,1.4648380376132817,1.5367639479337454,1.107624168977441,1.658075310838881,0.35363393081019795,0.49574997556071504,0.813711611220945,1.1527761170773125,-0.2487768283958771,1.6817423938706637,1.3048479294240987,0.6522612167201852,0.9462821949782241,1.685863570187507,1.473757229000655,1.3862725649599403,-0.08674731742350389,0.765090444852662,-0.3814095056522916,1.5346392440005745,1.0927905262411686,0.5172669028306872,0.6480831848142746,1.1294827503118448,0.9662073527807502,-0.01443402828030408,0.2694213590783518,1.5923785341395151,0.32097493322907683,0.636364516905315,1.069941877750272,0.7011700538303944,-1.2470300579506046,0.7505033279066454,0.17351087193362824,0.7571305665339696,1.0306423293814486,0.6965013491358147,1.289950157900213,0.9221319994684831,0.8191285834150458,0.4833194357518984,1.281810867923686,1.026930297396445,0.8277121733270667,1.3743049892062376,1.2453082347541289,0.7926127037405183,1.3332432092544688,0.9921621208772725,0.6994165959029812,0.4880137678231411,0.7864436366543911,1.7310200326615583,0.7473786653174881,1.0564629843233284,0.7873732230655064,-0.28199689431372127,1.0525540764625316,0.5746384768910003,1.5838426970383184
0.3058897727369792,1.4841270732488905,1.499883638225304,1.107624168977441,1.658075310838881,0.2598878901564037,0.4687670254328405,0.7281252131908857,1.1527761170773125,-0.2487768283958771,1.564738248262671,1.3048479294240987,0.638644883677461,0.8821090704260935,1.7732791800181718,1.473757229000655,1.3642448780917442,-0.03699609251245062,0.7937056769800519,-0.4393487877056281,1.6039639585026702,1.1598849233454538,0.3450267870139782,0.6030235586360018,1.0412654235565768,0.8289245646498542,0.08420813982166184,0.1536395834189665,1.7751566612711154,0.32097493322907683,0.6901344914104459,1.0532443322572513,0.8034789808027997,-1.1861415581693255,0.8843326726923805,-0.048369702538709404,0.7188731076350292,1.0188048177035354,0.5743217530734603,1.2617862248011205,0.715705693965377,0.744989819844226,0.19518612842414837,1.0536190943448949,1.0768064018268442,0.699022594695305,1.4636726494601469,1.1709065783600585,0.9119971462462765,1.1558673320781425,0.9791602347813197,0.7559101885318679,0.6608779231709087,0.8244481119683712,1.6776066235180287,0.7759938145690239,0.8884574206241678,0.7213774533158451,-0.24286746709293813,1.2275145277560549,0.6113528565671262,1.5489897165913018
0.33782164184373475,1.4841270732488905,1.4430264940914468,1.0682248831263512,1.7008647856259194,0.40050695113708645,0.441784075304966,0.7281252131908857,1.1527761170773125,-0.3058417591039643,1.6530883173952382,1.3048479294240987,0.638644883677461,0.9783687572543013,1.7304633711215216,1.460763551627435,1.3862725649599403,-0.08674731742350389,0.808013293043752,-0.26070266804116315,1.6705156844246642,1.0927905262411686,0.5749155754742581,0.6931428109925474,1.063319755245394,0.7505690083833312,-0.01443402828030408,0.38520313473773715,1.6838299793186708,0.2737788332194062,0.9578870175176272,1.0198492412712095,0.6329641025154575,-1.1252530583880467,0.8308009347780865,-0.27025027701104704,0.6806156487360888,0.9832922826697955,0.757591147166992,1.2617862248011205,0.7845144624664124,0.7079204380588161,0.23120279184011702,1.0995562271602655,1.0518683496116445,0.8920569626429475,1.4413764233845294,1.1461060262287017,1.0313815887520346,1.2667272553133466,0.8888869768468195,0.6994165959029812,0.6176618843339667,0.7864436366543911,1.6241932143744993,0.6901483668144165,0.9303729191339788,0.8203711079403371,-0.12547918543058864,1.1575303472386456,0.5746384768910003,1.6189813576529335
0.33782164184373475,1.5227051445201083,1.499883638225304,1.107624168977441,1.6719529783373792,0.3067609104832921,0.4687670254328405,0.7581961097960348,1.1282584410385608,-0.2487768283958771,1.6244342409198127,1.3445423858914973,0.6135070380601235,0.9783687572543013,1.7304633711215216,1.460763551627435,1.3862725649599403,-0.13649854233455716,0.7937056769800519,-0.32347022359895505,1.6039639585026702,1.1145508712479624,0.4024401589528812,0.4678446801011835,0.975102428490126,0.9072801209163772,0.03488705577067888,0.2694213590783518,1.6075996477982557,0.415367133248418,1.0652074972441943,1.0532443322572513,0.837581956460268,-1.0643645586067676,0.7237374589494985,-0.4919289583309984,0.7571305665339696,0.9832922826697955,0.8797707432293465,1.177294425503843,0.543401769563194,0.744989819844226,0.33925278208802295,1.1906835475419757,1.0768064018268442,1.1281636622364666,1.4413764233845294,1.1709065783600585,0.9915867745834486,1.5108008240098691,0.9275755159616053,0.671169799588538,0.531229806660083,0.8624525872823513,1.6508999189462639,0.6615332175628806,0.9722884176437897,0.7873732230655064,-0.008090903768237375,1.0875461667212363,0.6113528565671262,1.5489897165913018
0.3058897727369792,1.5227051445201083,1.5183237930795246,1.107624168977441,1.6858306458358823,0.35363393081019795,0.41480112517709145,0.813711611220945,1.103740764999809,-0.2487768283958771,1.6244342409198127,1.3048479294240987,0.6773990623375181,0.9141956327021589,1.7090554666731885,1.473757229000655,1.3862725649599403,-0.08674731742350389,0.765090444852662,-0.3814095056522916,1.6705156844246642,1.1145508712479624,0.632328947413161,0.7382024371708201,1.0412654235565768,0.7897467865165927,0.1335292238726448,0.037857807759581176,1.7447144339536338,0.415367133248418,1.1187580024656305,1.0365467867642306,0.9398908834326732,-1.1252530583880467,0.6164545907524089,-0.7384404973944423,0.79538802543291,0.9951297943477088,0.757591147166992,1.2336222917020279,0.8533232309674478,0.7820592016296359,0.519336099167867,1.2362472077328308,1.026930297396445,1.0209223467099986,1.485968875535764,1.3693109954109128,0.7926127037405183,1.3999409007746655,0.9791602347813197,0.6429230032740946,0.6176618843339667,0.8624525872823513,1.6241932143744993,0.8046089638205598,0.8465419221143569,0.7873732230655064,0.031038523452545787,1.0875461667212363,0.6480672362432522,1.5489897165913018
0.3058897727369792,1.5227051445201083,1.5552041027879728,1.0879245260518962,1.6719529783373792,0.35363393081019795,0.49574997556071504,0.785953860508495,1.1527761170773125,-0.3629066898120726,1.6817423938706637,1.2651534729567,0.6522612167201852,1.0104553195303665,1.7304633711215216,1.460763551627435,1.426939063793526,-0.03699609251245062,0.765090444852662,-0.4393487877056281,1.7037915473856735,1.0710301812343745,0.3450267870139782,0.7382024371708201,1.1074284186230279,0.9662073527807502,0.1335292238726448,-0.2520711468628965,1.7599355476123746,0.32097493322907683,1.0919827498549124,1.0198492412712095,0.837581956460268,-1.0643645586067676,0.7772691968637925,-0.6645476036211252,0.8719029432307908,1.0424798410593619,0.8186809451981693,1.2617862248011205,0.9221319994684831,0.8561979652004557,0.7357312982162683,1.1906835475419757,0.9271780885356465,0.9136810311835306,1.419080197308912,1.220507682622772,0.7926127037405183,1.244555270666306,0.9533678753714625,0.6994165959029812,0.5744458454970249,0.8244481119683712,1.6776066235180287,0.7473786653174881,0.8884574206241678,0.7543753381906758,0.031038523452545787,1.017561986203827,0.6847816159193781,1.5838426970383184
0.33782164184373475,1.5436015997920216,1.5552041027879728,1.0682248831263512,1.6858306458358823,0.35363393081019795,0.4687670254328405,0.7581961097960348,1.1527761170773125,-0.42472703141251095,1.6817423938706637,1.3048479294240987,0.6773990623375181,1.0104553195303665,1.664455665739174,1.473757229000655,1.4472723132103262,-0.03699609251245062,0.765090444852662,-0.26070266804116315,1.7731162618877567,1.1145508712479624,0.4885602168612357,0.6480831848142746,0.930993765112492,0.8681023427831157,0.03488705577067888,0.09574869558927383,1.5923785341395151,0.36817103323874745,0.9311117649069091,1.0365467867642306,0.7011700538303944,-0.8816990592629307,0.8040350658209394,-0.9108572495321823,0.8336454843318504,0.9951297943477088,0.757591147166992,1.2617862248011205,0.8877276152179654,0.744989819844226,0.6276813079683623,1.327374528114541,1.1019488643061028,0.8277121733270667,1.4413764233845294,1.1461060262287017,0.9119971462462765,0.9783097173227422,0.9921621208772725,0.7276633922174245,0.6176618843339667,0.8244481119683712,1.6241932143744993,0.7759938145690239,0.9303729191339788,0.6883795684410144,0.031038523452545787,1.0875461667212363,0.6847816159193781,1.5489897165913018
0.33782164184373475,1.5034161088844995,1.5367639479337454,1.0682248831263512,1.6719529783373792,0.3067609104832921,0.441784075304966,0.7581961097960348,1.1282584410385608,-0.3629066898120726,1.6817423938706637,1.3445423858914973,0.6522612167201852,0.9462821949782241,1.7304633711215216,1.473757229000655,1.467605562627119,-0.08674731742350389,0.7495905274503232,-0.26070266804116315,1.8063921248487538,1.0927905262411686,0.4598535308917842,0.6030235586360018,0.953048096801309,0.7897467865165927,0.1335292238726448,0.21153047124865915,1.4706096248695888,0.5569554332774298,0.9846622701283453,1.0532443322572513,0.8034789808027997,-1.0034760588254887,0.45585937700952694,-0.9108572495321823,0.6806156487360888,1.0306423293814486,0.6965013491358147,1.2336222917020279,0.9565363837190008,0.8191285834150458,0.7357312982162683,1.1906835475419757,0.9271780885356465,0.870608699537654,1.485968875535764,1.121305474097345,0.9915867745834486,1.244555270666306,0.9921621208772725,0.671169799588538,0.5744458454970249,0.8244481119683712,1.6776066235180287,0.7759938145690239,0.9722884176437897,0.7873732230655064,0.031038523452545787,1.0875461667212363,0.5746384768910003,1.6189813576529335
0.33782164184373475,1.5436015997920216,1.5367639479337454,1.0288255972752538,1.63031997584188,0.35363393081019795,0.441784075304966,0.7281252131908857,1.1527761170773125,-0.3629066898120726,1.6530883173952382,1.3048479294240987,0.6522612167201852,0.9783687572543013,1.7518712755698467,1.460763551627435,1.4472723132103262,-0.03699609251245062,0.7937056769800519,-0.32347022359895505,1.7731162618877567,1.0927905262411686,0.747155691290967,0.4678446801011835,0.8207221066684071,0.9072801209163772,0.08420813982166184,0.1536395834189665,1.5162729658458112,0.415367133248418,1.0652074972441943,1.0532443322572513,0.667067078172926,-0.8208105594816517,0.5093911149238209,-1.0834758948223084,0.79538802543291,0.9358452071738972,0.6965013491358147,1.2336222917020279,0.9221319994684831,0.7820592016296359,0.8797979518801436,1.281810867923686,0.9521161407508462,1.171060188447054,1.5082651016113815,1.220507682622772,0.7926127037405183,0.9339657480286607,0.9921621208772725,0.671169799588538,0.5744458454970249,1.0524749638522521,1.6508999189462639,0.7473786653174881,1.0983784828331395,0.8533689928151678,-0.008090903768237375,1.0875461667212363,0.5746384768910003,1.5838426970383184
0.43361724916401323,1.6014687066988555,1.5552041027879728,1.0879245260518962,1.7008647856259194,0.40050695113708645,0.4687670254328405,0.785953860508495,1.1527761170773125,-0.3058417591039643,1.5933923247380966,1.285000701190403,0.6773990623375181,1.0104553195303665,1.7518712755698467,1.4997445837470995,1.4472723132103262,-0.03699609251245062,0.779398060916357,-0.32347022359895505,1.8396679878097508,1.0927905262411686,0.80456906322987,0.6030235586360018,0.7764326700802089,1.0445629090472732,0.23217139197461073,0.21153047124865915,1.5923785341395151,0.415367133248418,1.0919827498549124,1.069941877750272,0.837581956460268,-0.8208105594816517,0.536156983880968,-1.2558926469600484,0.79538802543291,0.8529826254285044,0.6965013491358147,1.2617862248011205,0.8533232309674478,0.7820592016296359,0.9878479421280496,1.1906835475419757,0.7274692605499906,1.407166888040573,1.4413764233845294,0.9970994302263693,0.7528178895719322,1.000481701969783,1.0050583005822011,0.6146762069596513,1.1798246190407442,1.2048043772009105,1.6508999189462639,0.6901483668144165,1.1822094798527614,0.7543753381906758,0.07016795067332895,1.1575303472386456,0.5746384768910003,1.65383433809995
0.4016853800572577,1.5436015997920216,1.5183237930795246,1.048525240200799,1.7008647856259194,0.40050695113708645,0.49574997556071504,0.841469361933395,1.1772937931160734,0.21725343905354394,1.5933923247380966,1.3246951576577943,0.6648301395288516,0.9783687572543013,1.7518712755698467,1.473757229000655,1.4472723132103262,-0.08674731742350389,0.779398060916357,-0.32347022359895505,1.8063921248487538,1.0927905262411686,0.6036222614437096,0.6030235586360018,1.01921109186776,0.9466184637141195,0.08420813982166184,0.09574869558927383,1.4249462838933666,0.36817103323874745,1.0384322446334762,1.0365467867642306,0.6329641025154575,-0.8816990592629307,0.48262524596667394,-1.4531422568412804,0.9101604021297311,0.9951297943477088,0.6354115511046375,1.2336222917020279,0.7845144624664124,0.7820592016296359,0.663697971384331,1.4640655086871062,1.151824968736502,1.3428220987246922,1.4413764233845294,1.046700534489083,0.8722023320776904,1.1780393167251832,1.0179544802871299,0.6429230032740946,1.1366085802038022,0.8624525872823513,1.7043133280897935,0.7187635160659523,1.2241249783625723,0.7873732230655064,0.14874753812490024,1.122538256979941,0.6480672362432522,1.6189813576529335
0.3697535109504903,1.5227051445201083,1.5936210920676026,1.0682248831263512,1.7008647856259194,0.35363393081019795,0.5249815048659174,0.7581961097960348,1.1282584410385608,0.21725343905354394,1.5933923247380966,1.3048479294240987,0.6522612167201852,0.9462821949782241,1.7304633711215216,1.4867509063738797,1.426939063793526,-0.08674731742350389,0.765090444852662,-0.3814095056522916,1.8063921248487538,1.1145508712479624,0.8906891211382245,0.557963932457729,1.063319755245394,0.9072801209163772,0.1335292238726448,0.2694213590783518,1.3487159523729515,0.36817103323874745,1.1455332550763486,1.0198492412712095,0.49627266729822733,-0.7599220597003727,0.3755617701380859,-1.206630717777837,0.8336454843318504,1.0661548644151884,0.6354115511046375,1.2617862248011205,0.715705693965377,0.7079204380588161,0.6997146348002996,1.1906835475419757,1.026930297396445,1.299925572514105,1.4636726494601469,1.0715010866204397,0.15556949004175913,1.1558673320781425,1.0179544802871299,0.6429230032740946,0.7908802695082671,0.8244481119683712,1.6776066235180287,0.7473786653174881,1.0983784828331395,0.8863668776899984,0.14874753812490024,1.122538256979941,0.6847816159193781,1.5489897165913018
0.4016853800572577,1.5436015997920216,1.5552041027879728,1.107624168977441,1.7286201206229206,0.40050695113708645,0.5249815048659174,0.7581961097960348,1.103740764999809,-0.07282662537926433,1.5933923247380966,1.3246951576577943,0.6648301395288516,0.9141956327021589,1.7090554666731885,1.473757229000655,1.467605562627119,0.012755132398602658,0.779398060916357,-0.3814095056522916,1.9062197137317571,1.0927905262411686,0.7758623772604185,0.557963932457729,1.217880850277677,0.985796241847381,0.1335292238726448,0.2694213590783518,1.5619363068220335,0.4625632332580886,0.6901344914104459,1.0198492412712095,0.7011700538303944,-0.7599220597003727,0.69675219762385,-1.3051545761422598,0.7571305665339696,0.9714547709918823,0.757591147166992,1.2617862248011205,0.7845144624664124,0.744989819844226,0.7717479616322369,1.2362472077328308,0.9521161407508462,1.171060188447054,1.485968875535764,1.0963016387517965,0.7926127037405183,1.1780393167251832,1.0050583005822011,0.6429230032740946,0.6176618843339667,0.8624525872823513,1.5974865098027344,0.6901483668144165,1.1402939813429505,0.8203711079403371,0.1878769653456834,1.0875461667212363,0.6113528565671262,1.65383433809995
0.33782164184373475,1.5628906354276377,1.5552041027879728,1.0682248831263512,1.7286201206229206,0.35363393081019795,0.5249815048659174,0.7581961097960348,1.1527761170773125,-0.3058417591039643,1.5933923247380966,1.3246951576577943,0.6648301395288516,0.9462821949782241,1.7090554666731885,1.4997445837470995,1.489633249495315,-0.08674731742350389,0.808013293043752,-0.4393487877056281,1.8396679878097508,1.0710301812343745,0.7184490053215156,0.6480831848142746,0.908939433423675,0.9662073527807502,0.03488705577067888,0.1536395834189665,1.5010518521870704,0.32097493322907683,0.9311117649069091,1.0365467867642306,0.7011700538303944,-0.6381450601378148,0.6699863286667029,-1.403880327659069,0.8719029432307908,1.0188048177035354,0.6354115511046375,1.289950157900213,0.8877276152179654,0.7079204380588161,0.843781288464175,1.2362472077328308,1.0019922451812453,1.213956714657641,1.4636726494601469,0.9474983259636557,0.9119971462462765,1.1115233627840608,0.9791602347813197,0.7276633922174245,0.6176618843339667,0.8624525872823513,1.5440731006592048,0.6901483668144165,1.0564629843233284,0.8863668776899984,0.22700639256646654,1.0875461667212363,0.5746384768910003,1.65383433809995
0.33782164184373475,1.5436015997920216,1.5367639479337454,1.107624168977441,1.7286201206229206,0.40050695113708645,0.5789474051216765,0.7581961097960348,1.1527761170773125,-0.3629066898120726,1.5933923247380966,1.3445423858914973,0.6522612167201852,0.8473486279603502,1.664455665739174,1.473757229000655,1.5099664989121078,0.012755132398602658,0.779398060916357,-0.3814095056522916,1.9062197137317571,1.1145508712479624,0.6610356333826125,0.6480831848142746,0.7543783383913919,0.8289245646498542,0.1335292238726448,0.09574869558927383,1.5010518521870704,0.4625632332580886,0.7704602492426003,1.0532443322572513,0.5644786186131642,-0.7599220597003727,0.8308009347780865,-1.5024041860234918,0.8336454843318504,1.0543173527372751,0.5132319550422831,1.2617862248011205,0.7501100782158947,0.7079204380588161,0.7717479616322369,1.281810867923686,1.0019922451812453,1.3428220987246922,1.3967839712332946,1.1957071304914153,0.9517919604148625,0.9561377326757015,0.9921621208772725,0.6429230032740946,0.6176618843339667,0.7864436366543911,1.6241932143744993,0.7473786653174881,1.0983784828331395,0.9853605323144904,0.1878769653456834,1.017561986203827,0.5012097175387484,1.5489897165913018
0.4016853800572577,1.5628906354276377,1.5183237930795246,1.0879245260518962,1.7147424531244224,0.4981590768181127,0.5789474051216765,0.785953860508495,1.2018114691548252,-0.3629066898120726,1.6530883173952382,1.3246951576577943,0.6522612167201852,0.9141956327021589,1.664455665739174,1.4997445837470995,1.5099664989121078,-0.03699609251245062,0.779398060916357,-0.3814095056522916,1.8396679878097508,1.1145508712479624,0.6036222614437096,0.557963932457729,0.886885101734858,0.7309801193167004,0.18285030792362778,0.1536395834189665,1.66860886565993,0.5097593332677592,1.0384322446334762,1.0365467867642306,0.5644786186131642,-0.7599220597003727,0.7505033279066454,-1.3546183984768576,0.9101604021297311,1.137276963266913,0.5132319550422831,1.289950157900213,0.7845144624664124,0.8191285834150458,0.9878479421280496,1.281810867923686,1.151824968736502,1.2570290463035179,1.4636726494601469,1.0715010866204397,0.8324075179091044,1.022653686616824,1.0179544802871299,0.671169799588538,0.7908802695082671,0.7864436366543911,1.7043133280897935,0.8046089638205598,1.0983784828331395,0.9853605323144904,0.14874753812490024,0.9475778056864177,0.6113528565671262,1.5141367361442855
0.33782164184373475,1.5436015997920216,1.5552041027879728,1.0879245260518962,1.658075310838881,0.4473799714639749,0.605930355249551,0.785953860508495,1.1527761170773125,-0.3629066898120726,1.5933923247380966,1.3858907780450338,0.6522612167201852,0.8473486279603502,1.685863570187507,1.4867509063738797,1.5302997483289007,0.012755132398602658,0.765090444852662,-0.26070266804116315,1.8396679878097508,1.0927905262411686,-0.11451548920191425,0.6480831848142746,1.0412654235565768,0.985796241847381,0.33081356007657664,0.1536395834189665,1.8208200022473378,0.5569554332774298,0.9043365122961909,0.8861320122000517,0.5644786186131642,-0.8208105594816517,0.9110985416495275,-1.3051545761422598,0.7571305665339696,1.1253424228047546,0.6354115511046375,1.2617862248011205,0.8533232309674478,0.7820592016296359,0.7717479616322369,1.0995562271602655,1.3513293864580986,1.1925084515523474,1.485968875535764,1.0963016387517965,0.8722023320776904,0.9783097173227422,0.9791602347813197,0.6429230032740946,0.6608779231709087,0.8244481119683712,1.7043133280897935,0.7473786653174881,1.1822094798527614,0.9853605323144904,0.22700639256646654,0.912585715427713,0.5379240972148744,1.5141367361442855
0.4016853800572577,1.5436015997920216,1.5367639479337454,1.0682248831263512,1.7286201206229206,0.4981590768181127,0.605930355249551,0.7581961097960348,1.1772937931160734,-0.5388568928286853,1.6530883173952382,1.3660435498113306,0.6522612167201852,0.7831755034082077,1.7518712755698467,1.460763551627435,1.550632997745701,0.06250635730967434,0.7937056769800519,-0.26070266804116315,1.8396679878097508,1.0927905262411686,0.43114684492233274,0.6030235586360018,1.063319755245394,0.9270295746474887,0.2814924760255937,0.2694213590783518,1.7447144339536338,0.5097593332677592,0.8507860070747546,1.0365467867642306,0.5644786186131642,-0.8208105594816517,0.9378644106066745,-1.3546183984768576,0.7571305665339696,1.1491144749448263,0.757591147166992,1.2617862248011205,0.715705693965377,0.7820592016296359,0.8077646250482063,1.0995562271602655,1.151824968736502,1.171060188447054,1.485968875535764,1.121305474097345,0.9119971462462765,0.9561377326757015,1.0179544802871299,0.6994165959029812,0.6608779231709087,0.8244481119683712,1.7310200326615583,0.7759938145690239,1.1402939813429505,1.0513563020641516,0.3443946742288178,1.017561986203827,0.6113528565671262,1.65383433809995
0.3697535109504903,1.5227051445201083,1.5552041027879728,1.1289654488134517,1.7424977881214185,0.4473799714639749,0.5789474051216765,0.7281252131908857,1.2528899609022293,-0.5388568928286853,1.6530883173952382,1.3445423858914973,0.6522612167201852,0.7831755034082077,1.7090554666731885,1.473757229000655,1.550632997745701,0.012755132398602658,0.808013293043752,-0.32347022359895505,1.8396679878097508,1.0492698362275725,0.08643131258424688,0.6030235586360018,1.0412654235565768,0.9072801209163772,0.08420813982166184,0.2694213590783518,1.5923785341395151,0.4625632332580886,0.7704602492426003,1.0532443322572513,0.5985815942706326,-0.5772565603565358,0.8040350658209394,-1.403880327659069,0.8336454843318504,1.101667399448928,0.6354115511046375,1.289950157900213,0.81891884671693,0.8191285834150458,0.7717479616322369,1.281810867923686,1.0768064018268442,1.1496119253417603,1.485968875535764,1.2701087868854857,0.9517919604148625,1.1115233627840608,1.0179544802871299,0.6994165959029812,0.7040939620078506,0.8244481119683712,1.6508999189462639,0.7473786653174881,1.0564629843233284,1.018358417189321,0.42265352867038414,1.017561986203827,0.6480672362432522,1.6189813576529335
0.3697535109504903,1.5821796710632465,1.5183237930795246,1.0879245260518962,1.7714095954099587,0.4473799714639749,0.605930355249551,0.813711611220945,1.2283722848634775,-0.3629066898120726,1.6244342409198127,1.3246951576577943,0.6899679851461891,0.7831755034082077,1.7304633711215216,1.473757229000655,1.570966247162494,0.012755132398602658,0.7937056769800519,-0.32347022359895505,1.8396679878097508,1.1145508712479624,0.43114684492233274,0.557963932457729,1.1074284186230279,0.8876912318497465,0.18285030792362778,0.1536395834189665,1.7142722066361524,0.5097593332677592,0.8240107544640365,1.0365467867642306,0.49627266729822733,-0.6990335599190938,0.6699863286667029,-1.403880327659069,0.8719029432307908,1.0661548644151884,0.6354115511046375,1.0364747600083801,0.612492541213824,0.8191285834150458,0.5916646445523936,0.9169281137723295,0.9770541929660457,0.9780258204994114,1.4636726494601469,1.2949093390168425,0.8722023320776904,1.2223832860192652,0.9921621208772725,0.6429230032740946,0.5744458454970249,0.7484391613404109,1.6508999189462639,0.7187635160659523,1.1402939813429505,1.018358417189321,0.383524101449601,1.017561986203827,0.6113528565671262,1.5489897165913018
0.3697535109504903,1.6014687066988555,1.5367639479337454,1.0879245260518962,1.7424977881214185,0.4473799714639749,0.662144834682628,0.813711611220945,1.2774076369409813,-0.3629066898120726,1.5933923247380966,1.3660435498113306,0.6899679851461891,0.8152620656842849,1.7518712755698467,1.473757229000655,1.550632997745701,-0.03699609251245062,0.7937056769800519,-0.3814095056522916,1.9062197137317571,1.1145508712479624,1.03445785169015,0.5129043062794563,1.1074284186230279,0.8681023427831157,0.2814924760255937,-0.020033080070111488,1.7751566612711154,0.32097493322907683,0.7704602492426003,1.0866394232432928,0.7693760051453312,-0.6381450601378148,0.8843326726923805,-1.6255590089790204,0.79538802543291,1.101667399448928,0.3910523589799286,1.289950157900213,0.9909407679695185,0.8191285834150458,0.843781288464175,1.4185018484962513,1.1268869165213025,1.213956714657641,1.4413764233845294,1.2949093390168425,0.8324075179091044,1.2888992399603874,1.0179544802871299,0.6994165959029812,0.7040939620078506,0.8244481119683712,1.6776066235180287,0.7473786653174881,1.0564629843233284,0.9853605323144904,0.5791712375535167,1.122538256979941,0.5379240972148744,1.6189813576529335
0.3697535109504903,1.5436015997920216,1.5552041027879728,1.107624168977441,1.7286201206229206,0.591905117471907,0.716110734938387,0.813711611220945,1.2528899609022293,-0.48179196212059816,1.6530883173952382,1.3858907780450338,0.6773990623375181,0.8473486279603502,1.7090554666731885,1.5127382611203195,1.570966247162494,0.06250635730967434,0.7937056769800519,-0.32347022359895505,1.87294385077076,1.13812457833866,1.1779912815374074,0.6030235586360018,1.1074284186230279,0.7701578974499619,0.2814924760255937,0.09574869558927383,1.9731559020614566,0.4625632332580886,0.9846622701283453,1.0532443322572513,0.9398908834326732,-0.5772565603565358,1.5271523124009114,-1.6255590089790204,0.7571305665339696,1.1253424228047546,0.5132319550422831,1.289950157900213,0.8877276152179654,0.8191285834150458,0.5916646445523936,0.8713644535814744,0.9770541929660457,1.1496119253417603,1.4636726494601469,1.1709065783600585,0.7528178895719322,1.1115233627840608,1.0308506599920586,0.671169799588538,0.7473100008447925,0.7864436366543911,1.7310200326615583,0.7187635160659523,1.1822094798527614,0.9853605323144904,0.5400418103327336,1.0875461667212363,0.7214959955955041,1.65383433809995
0.4016853800572577,1.5227051445201083,1.5936210920676026,1.0879245260518962,1.7563754556199216,0.5450320971450012,0.662144834682628,0.813711611220945,1.2018114691548252,-0.5388568928286853,1.6244342409198127,1.4669336266659614,0.6899679851461891,0.7510889411321424,1.7304633711215216,1.4997445837470995,1.5929939340306898,0.012755132398602658,0.7937056769800519,-0.32347022359895505,1.9422685652728435,1.1598849233454538,1.608826871783848,0.6931428109925474,0.953048096801309,0.8876912318497465,0.18285030792362778,0.09574869558927383,2.2015973701692797,0.5097593332677592,0.8775612596854728,1.0365467867642306,0.7011700538303944,-0.6990335599190938,1.205742492546646,-1.6996537959047238,0.8336454843318504,1.1609519866227396,0.5743217530734603,1.3746728091081393,0.81891884671693,0.8191285834150458,0.7717479616322369,0.6435461526271989,0.8274258796748483,1.2570290463035179,1.4413764233845294,0.8978972217009422,0.712696888401964,1.1558673320781425,0.7985080125212951,0.7276633922174245,0.7473100008447925,0.8244481119683712,1.7043133280897935,0.7473786653174881,1.1402939813429505,0.9853605323144904,0.5009123831119504,1.0525540764625316,0.6113528565671262,1.6189813576529335
0.4016853800572577,1.5821796710632465,1.6120612469218232,1.107624168977441,1.7286201206229206,0.4981590768181127,0.6329133053774255,0.7581961097960348,1.2018114691548252,-0.5388568928286853,1.6244342409198127,1.425585234512425,0.7025369079548555,0.8821090704260935,1.8178789809521865,1.4867509063738797,1.570966247162494,0.11640351762999127,0.808013293043752,-0.3814095056522916,1.9062197137317571,1.13812457833866,1.4652934419365902,0.37772542774463796,0.842776438357224,0.8093356755832234,0.1335292238726448,0.2694213590783518,2.1711551428517977,0.5097593332677592,0.9311117649069091,1.0198492412712095,0.6329641025154575,-0.5163680605752569,0.8040350658209394,-1.7242847604958293,0.8719029432307908,1.1135049111268414,0.5743217530734603,1.289950157900213,0.715705693965377,0.744989819844226,0.5916646445523936,0.7346734730089091,1.0019922451812453,1.0638188729205857,1.4636726494601469,1.1461060262287017,0.8324075179091044,0.9339657480286607,1.0179544802871299,0.7559101885318679,0.6176618843339667,0.8624525872823513,1.7043133280897935,0.6901483668144165,1.0983784828331395,0.9523626474396597,0.5009123831119504,1.0525540764625316,0.6113528565671262,1.5489897165913018
0.43361724916401323,1.5628906354276377,1.5736442576421934,1.107624168977441,1.7563754556199216,0.591905117471907,0.662144834682628,0.841469361933395,1.1772937931160734,-0.42472703141251095,1.5933923247380966,1.3660435498113306,0.6899679851461891,0.8152620656842849,1.7732791800181718,1.4997445837470995,1.5302997483289007,0.11640351762999127,0.7937056769800519,-0.32347022359895505,1.9062197137317571,1.1598849233454538,1.781066987600557,0.6480831848142746,0.7102696750137579,0.7701578974499619,0.23217139197461073,0.2694213590783518,2.1711551428517977,0.36817103323874745,0.7704602492426003,1.069941877750272,0.7011700538303944,-0.6381450601378148,0.8040350658209394,-1.773546689678041,0.9101604021297311,1.0661548644151884,0.6354115511046375,1.289950157900213,0.9909407679695185,0.8191285834150458,0.843781288464175,0.18753607809413236,1.0019922451812453,1.171060188447054,1.4636726494601469,1.1957071304914153,1.0711764029206208,1.1336953474311018,1.0050583005822011,0.6994165959029812,0.6608779231709087,0.8244481119683712,1.6776066235180287,0.7473786653174881,1.1822094798527614,0.9853605323144904,0.5791712375535167,0.9825698959451223,0.5379240972148744,1.5838426970383184
0.43361724916401323,1.5436015997920216,1.5552041027879728,1.0879245260518962,1.7424977881214185,0.6387781377987954,0.716110734938387,0.813711611220945,1.2283722848634775,-0.42472703141251095,1.6530883173952382,1.4057380062787292,0.7025369079548555,0.9141956327021589,1.7304633711215216,1.5127382611203195,1.570966247162494,0.012755132398602658,0.808013293043752,-0.3814095056522916,1.87294385077076,1.0927905262411686,1.5227068138754936,0.557963932457729,1.1074284186230279,0.9662073527807502,0.23217139197461073,0.21153047124865915,2.2015973701692797,0.4625632332580886,0.9043365122961909,1.069941877750272,0.7352730294878628,-0.5772565603565358,0.9646302795638215,-1.675022831313618,0.9101604021297311,1.0543173527372751,0.6354115511046375,1.289950157900213,0.6813013097148594,0.8932673469858655,0.8077646250482063,-0.04028222286014314,1.026930297396445,0.9565775573941179,1.4413764233845294,0.9970994302263693,0.9119971462462765,0.9783097173227422,1.0308506599920586,0.6994165959029812,0.5744458454970249,0.7864436366543911,1.6776066235180287,0.7759938145690239,1.1822094798527614,1.018358417189321,0.5791712375535167,1.017561986203827,0.5379240972148744,1.5838426970383184
0.43361724916401323,1.5436015997920216,1.5936210920676026,1.0879245260518962,1.7286201206229206,0.4981590768181127,0.7430936850662615,0.841469361933395,1.3019253129797421,-0.3629066898120726,1.5933923247380966,1.4057380062787292,0.6773990623375181,1.077302324272175,1.685863570187507,1.5127382611203195,1.550632997745701,0.16615474254104454,0.779398060916357,-0.3814095056522916,1.8063921248487538,1.1816452683522558,0.9481024930771275,0.6030235586360018,0.997156760178943,0.9270295746474887,0.2814924760255937,0.2694213590783518,2.018819243037679,0.415367133248418,0.7972355018533184,1.0532443322572513,0.667067078172926,-0.5163680605752569,1.125444885675205,-1.8720705480424638,0.8336454843318504,1.1253424228047546,0.4521421570111059,1.3465088760090467,0.81891884671693,0.7820592016296359,0.4833194357518984,-0.5874196177749199,0.9770541929660457,0.8491604364323603,1.485968875535764,0.9474983259636557,0.8722023320776904,0.7787618554993755,1.0437468396969871,0.6994165959029812,0.7040939620078506,0.8244481119683712,1.7310200326615583,0.7473786653174881,1.1822094798527614,0.9853605323144904,0.6183006647742999,1.0875461667212363,0.5746384768910003,1.5141367361442855
0.43361724916401323,1.5227051445201083,1.5936210920676026,1.0879245260518962,1.7852872629084617,0.685651158125684,0.716110734938387,0.841469361933395,1.551188352707079,-0.42472703141251095,1.6530883173952382,1.425585234512425,0.6773990623375181,0.9141956327021589,1.7732791800181718,1.5127382611203195,1.570966247162494,0.06250635730967434,0.779398060916357,-0.32347022359895505,1.8396679878097508,1.13812457833866,0.747155691290967,0.4678446801011835,1.173772186900043,1.0053851309140118,0.18285030792362778,0.2694213590783518,2.0492614703551606,0.4625632332580886,0.6901344914104459,1.069941877750272,0.7693760051453312,-0.6990335599190938,1.286040099418087,-1.675022831313618,0.8336454843318504,1.1135049111268414,0.5743217530734603,1.289950157900213,1.2320534608727378,0.744989819844226,0.519336099167867,-1.1345570126896967,1.0518683496116445,0.870608699537654,1.485968875535764,0.8234955653068718,0.9517919604148625,0.8896217787345793,1.0050583005822011,0.7276633922174245,1.1798246190407442,0.8624525872823513,1.7310200326615583,0.7759938145690239,1.0983784828331395,1.018358417189321,0.5400418103327336,1.0875461667212363,0.6847816159193781,1.5141367361442855
0.4016853800572577,1.5227051445201083,1.5936210920676026,1.1289654488134517,1.7852872629084617,0.685651158125684,0.662144834682628,0.785953860508495,1.4020391568046497,-0.48179196212059816,1.564738248262671,1.3858907780450338,0.6522612167201852,0.8473486279603502,1.7732791800181718,1.5127382611203195,1.570966247162494,0.11640351762999127,0.808013293043752,-0.3814095056522916,1.8063921248487538,1.1145508712479624,1.0057511657206983,0.6480831848142746,1.01921109186776,0.9270295746474887,0.2814924760255937,-0.13628937120351114,1.8208200022473378,0.5569554332774298,0.8240107544640365,1.0365467867642306,0.9739938590901417,-0.6381450601378148,1.0449278864352625,-1.8720705480424638,0.9101604021297311,0.9951297943477088,0.5132319550422831,1.2617862248011205,1.025345152220036,0.7079204380588161,0.7717479616322369,-1.3168116534531171,1.151824968736502,0.8062639102217731,1.4413764233845294,1.220507682622772,0.9119971462462765,0.623376225391016,1.0437468396969871,0.7841569848463111,0.9205283860190927,0.8244481119683712,1.7310200326615583,0.7759938145690239,1.1822094798527614,0.8533689928151678,0.6183006647742999,1.0525540764625316,0.6480672362432522,1.65383433809995
0.3697535109504903,1.5628906354276377,1.5736442576421934,1.0879245260518962,1.7714095954099587,0.685651158125684,0.662144834682628,0.841469361933395,1.2018114691548252,-0.5959218235367726,1.6244342409198127,1.3445423858914973,0.6773990623375181,0.8473486279603502,1.7732791800181718,1.52681474494131,1.550632997745701,0.2159059674520978,0.7937056769800519,-0.4393487877056281,1.9062197137317571,1.1816452683522558,0.8332757491993216,0.6030235586360018,1.1294827503118448,0.8093356755832234,0.23217139197461073,0.3273122469080445,1.6990510929774116,0.5569554332774298,1.1187580024656305,1.1033369687363135,0.7352730294878628,-0.5772565603565358,1.0449278864352625,-1.6996537959047238,0.8336454843318504,1.0898298877710149,0.757591147166992,1.289950157900213,1.0597495364705538,0.744989819844226,0.4833194357518984,-1.7728217279861835,1.151824968736502,0.9565775573941179,1.4636726494601469,1.121305474097345,0.9915867745834486,0.6677201946850975,1.0179544802871299,0.7559101885318679,0.6608779231709087,0.8624525872823513,1.7043133280897935,0.7759938145690239,1.2660404768723834,0.919364762564829,0.6183006647742999,1.122538256979941,0.6480672362432522,1.5489897165913018
0.4682101073630043,1.5436015997920216,1.5736442576421934,1.0682248831263512,1.7714095954099587,0.8770493244605045,0.6891277848105125,0.813711611220945,1.2528899609022293,-0.3629066898120726,1.6244342409198127,1.3858907780450338,0.7025369079548555,0.8152620656842849,1.7964710765038614,1.5127382611203195,1.550632997745701,0.16615474254104454,0.779398060916357,-0.32347022359895505,1.87294385077076,1.13812457833866,0.37373347298342974,0.557963932457729,1.217880850277677,0.9466184637141195,0.2814924760255937,0.38520313473773715,1.66860886565993,0.4625632332580886,1.0652074972441943,1.0532443322572513,0.837581956460268,-0.5163680605752569,1.446635313160969,-1.675022831313618,0.8719029432307908,1.0306423293814486,0.757591147166992,1.2336222917020279,0.8877276152179654,0.7820592016296359,0.4473027723359289,-1.6361307474136184,1.1019488643061028,0.7204708578005987,1.3967839712332946,0.9722988780950125,0.8722023320776904,0.823105824793457,1.0308506599920586,0.8124037811607545,0.6176618843339667,0.8624525872823513,1.6776066235180287,0.7473786653174881,1.2241249783625723,0.919364762564829,0.6574300919950831,1.122538256979941,0.6480672362432522,1.5838426970383184
0.5001419764697599,1.5227051445201083,1.6120612469218232,1.0682248831263512,1.79916493040696,0.8770493244605045,0.662144834682628,0.841469361933395,1.1772937931160734,-0.48179196212059816,1.5933923247380966,1.425585234512425,0.6648301395288516,0.7831755034082077,1.8821026942971697,1.52681474494131,1.550632997745701,0.16615474254104454,0.779398060916357,-0.32347022359895505,1.87294385077076,1.1816452683522558,0.5749155754742581,0.6931428109925474,1.151717855211226,0.9270295746474887,0.33081356007657664,0.38520313473773715,1.6228207614569965,0.5097593332677592,0.7972355018533184,1.0532443322572513,0.5644786186131642,-0.5163680605752569,1.473401182118116,-1.7242847604958293,0.79538802543291,1.0424798410593619,0.6354115511046375,1.092802626206565,0.7501100782158947,0.8191285834150458,0.41128610891996026,-1.6361307474136184,0.902240036320447,0.8920569626429475,1.419080197308912,0.9474983259636557,0.9915867745834486,0.712064163979179,0.9791602347813197,0.6994165959029812,0.6176618843339667,0.8624525872823513,1.6776066235180287,0.7187635160659523,1.0983784828331395,0.919364762564829,0.6965595192158662,1.0875461667212363,0.6480672362432522,1.6189813576529335
0.4682101073630043,1.5628906354276377,1.6120612469218232,1.0879245260518962,1.7714095954099587,0.923922344787393,0.662144834682628,0.841469361933395,1.1527761170773125,-0.3629066898120726,1.6530883173952382,1.425585234512425,0.6648301395288516,0.7831755034082077,1.8821026942971697,1.5127382611203195,1.6133271834474827,0.16615474254104454,0.808013293043752,-0.32347022359895505,1.87294385077076,1.13812457833866,0.8906891211382245,0.5129043062794563,1.1294827503118448,1.0641517981139041,0.23217139197461073,0.2694213590783518,2.0340403566964196,0.651347633296771,0.9846622701283453,1.069941877750272,0.6329641025154575,-0.5163680605752569,1.339571837332381,-1.847439583451358,0.79538802543291,1.1491144749448263,0.6354115511046375,1.3746728091081393,1.4384797663758437,0.8561979652004557,0.3752694455039916,-1.7728217279861835,0.8773019841052474,0.699022594695305,1.419080197308912,1.0218999823577262,0.9517919604148625,1.1558673320781425,0.9791602347813197,0.671169799588538,0.7040939620078506,0.8244481119683712,1.8111401463768528,0.7187635160659523,1.1402939813429505,0.9853605323144904,0.5791712375535167,1.0525540764625316,0.6480672362432522,1.5489897165913018
0.5640057146832828,1.5436015997920216,1.5936210920676026,1.0879245260518962,1.7852872629084617,0.8770493244605045,0.6891277848105125,0.841469361933395,1.1282584410385608,-0.42472703141251095,1.6244342409198127,1.3858907780450338,0.7161532409975798,0.7831755034082077,1.9909262085761674,1.4867509063738797,1.6133271834474827,0.2159059674520978,0.7937056769800519,-0.32347022359895505,1.87294385077076,1.1598849233454538,0.8332757491993216,0.6030235586360018,1.1294827503118448,1.1033295762471655,0.23217139197461073,0.2694213590783518,2.2320770264547747,0.415367133248418,1.0384322446334762,1.0198492412712095,0.5644786186131642,-0.39409197494891746,1.5271523124009114,-1.7981776542691466,0.8719029432307908,1.0543173527372751,0.757591147166992,1.2617862248011205,1.128840308121184,0.744989819844226,0.4833194357518984,-1.8183853881770387,0.9521161407508462,0.9351292942888242,1.530561327686999,1.0218999823577262,0.9915867745834486,0.9339657480286607,0.9791602347813197,0.7559101885318679,0.9637444248560346,0.8244481119683712,2.1051328040807884,0.7187635160659523,1.1402939813429505,0.9523626474396597,0.6965595192158662,1.0525540764625316,0.6480672362432522,1.65383433809995
0.5320738455765154,1.5436015997920216,1.5936210920676026,1.107624168977441,1.826920265403961,0.8770493244605045,0.662144834682628,0.813711611220945,1.0771799492911567,-0.3629066898120726,1.6244342409198127,1.3048479294240987,0.6899679851461891,0.7190023788560772,2.035526009510182,1.52681474494131,1.570966247162494,0.2159059674520978,0.7937056769800519,-0.32347022359895505,1.9062197137317571,1.1598849233454538,0.20149335716672073,0.6030235586360018,1.1074284186230279,1.1033295762471655,0.23217139197461073,0.21153047124865915,1.866608106450271,0.415367133248418,1.0384322446334762,1.069941877750272,0.667067078172926,-0.39409197494891746,1.205742492546646,-1.7242847604958293,0.9487314467573517,1.101667399448928,0.757591147166992,1.289950157900213,1.2320534608727378,0.8191285834150458,0.6276813079683623,-1.7728217279861835,0.9271780885356465,1.0423706098152923,1.5082651016113815,1.220507682622772,1.0313815887520346,1.1336953474311018,1.0050583005822011,0.41671710164121634,1.0501765025299183,0.8624525872823513,1.89147916750667,0.6615332175628806,1.1402939813429505,0.9853605323144904,0.6965595192158662,1.0525540764625316,0.5746384768910003,1.6886873185469664
0.5640057146832828,1.5227051445201083,1.6120612469218232,1.0682248831263512,1.79916493040696,0.8770493244605045,0.716110734938387,0.841469361933395,1.052662273252405,-0.2487768283958771,1.6530883173952382,1.3660435498113306,0.6899679851461891,0.7831755034082077,2.035526009510182,1.5398084223145299,1.6133271834474827,0.11640351762999127,0.8223209091074469,-0.20276338598782662,1.87294385077076,1.1598849233454538,0.5172669028306872,0.557963932457729,1.1074284186230279,1.0445629090472732,0.23217139197461073,0.2694213590783518,1.6381666383424485,0.415367133248418,1.0384322446334762,1.069941877750272,0.7011700538303944,-0.2723149753863595,1.152210754632352,-1.6996537959047238,0.9101604021297311,1.1135049111268414,0.6354115511046375,1.289950157900213,1.0944359238706662,0.8191285834150458,0.843781288464175,-1.8639490483678938,0.9770541929660457,0.870608699537654,1.4413764233845294,0.8730966695695854,0.8722023320776904,1.2667272553133466,0.9533678753714625,0.7559101885318679,1.1798246190407442,0.8244481119683712,1.7310200326615583,0.6901483668144165,1.0564629843233284,0.9523626474396597,0.7751391066674393,1.0525540764625316,0.6113528565671262,1.65383433809995
0.5320738455765154,1.5227051445201083,1.630501401776044,1.0879245260518962,1.7852872629084617,0.8770493244605045,0.7430936850662615,0.841469361933395,1.103740764999809,-0.1917118976877899,1.6244342409198127,1.3858907780450338,0.6648301395288516,0.7510889411321424,2.056933913958515,1.52681474494131,1.550632997745701,0.012755132398602658,0.779398060916357,-0.26070266804116315,1.8396679878097508,1.1598849233454538,1.2928180254152133,0.6480831848142746,0.975102428490126,1.0249740199806425,0.33081356007657664,0.38520313473773715,1.5619363068220335,0.5097593332677592,1.0919827498549124,1.0532443322572513,0.5985815942706326,-0.2723149753863595,1.152210754632352,-1.773546689678041,0.8719029432307908,0.9714547709918823,0.6965013491358147,1.289950157900213,1.19764907662222,0.5964084453109025,0.5553527625838357,-1.955076368749604,1.026930297396445,0.7848156471164796,1.5082651016113815,0.8234955653068718,0.8324075179091044,1.2888992399603874,0.9662640550763911,0.8124037811607545,0.9637444248560346,0.7864436366543911,1.7577267372333232,0.7473786653174881,1.1822094798527614,0.9523626474396597,0.6574300919950831,1.0525540764625316,0.6113528565671262,1.5489897165913018
0.5320738455765154,1.5227051445201083,1.6489415566302714,1.0879245260518962,1.8130425979054579,0.923922344787393,0.716110734938387,0.813711611220945,1.1282584410385608,-0.3058417591039643,1.6817423938706637,1.4470863984322657,0.6899679851461891,0.6842419363903338,2.035526009510182,1.4997445837470995,1.5302997483289007,0.06250635730967434,0.7937056769800519,-0.20276338598782662,1.87294385077076,1.1598849233454538,1.0918712236290529,0.557963932457729,0.975102428490126,1.1620962434470579,0.33081356007657664,0.2694213590783518,1.4097251702346258,0.5569554332774298,0.8240107544640365,1.1033369687363135,0.5644786186131642,-0.39409197494891746,1.312805968375234,-1.650189973570126,0.8719029432307908,1.0306423293814486,0.6354115511046375,1.2336222917020279,0.6468969254643416,0.8932673469858655,0.7357312982162683,-2.22883180251925,0.9521161407508462,0.9565775573941179,1.4636726494601469,1.0218999823577262,1.1109712170892068,1.200211301372224,0.9791602347813197,0.8124037811607545,1.0501765025299183,0.8624525872823513,1.7577267372333232,0.7473786653174881,1.1402939813429505,1.018358417189321,0.7360096794466562,1.0525540764625316,0.6847816159193781,1.6189813576529335
0.5320738455765154,1.5436015997920216,1.6689183910556804,1.148665091738997,1.841954405193998,0.923922344787393,0.7430936850662615,0.785953860508495,1.103740764999809,-0.2487768283958771,1.6530883173952382,1.4867808548996644,0.7025369079548555,0.6842419363903338,2.07834181840684,1.4997445837470995,1.5929939340306898,0.06250635730967434,0.808013293043752,-0.26070266804116315,1.8396679878097508,1.1145508712479624,0.5459735888001387,0.557963932457729,0.997156760178943,1.1620962434470579,0.18285030792362778,0.3273122469080445,1.2421681567617662,0.5097593332677592,0.8507860070747546,1.0365467867642306,0.7352730294878628,-0.3332034751676385,1.312805968375234,-1.7242847604958293,0.8719029432307908,1.0069673060256221,0.6354115511046375,1.2617862248011205,1.2320534608727378,0.8932673469858655,0.663697971384331,-1.8639490483678938,1.1019488643061028,0.870608699537654,1.4636726494601469,0.9722988780950125,0.9915867745834486,1.1336953474311018,0.9791602347813197,0.8124037811607545,1.0501765025299183,0.7864436366543911,1.6776066235180287,0.7473786653174881,1.1402939813429505,1.018358417189321,0.8142685338882225,1.0525540764625316,0.6847816159193781,1.6886873185469664
0.5640057146832828,1.5227051445201083,1.6120612469218232,1.107624168977441,1.8130425979054579,0.8770493244605045,0.7430936850662615,0.8992980092510043,1.052662273252405,-0.3629066898120726,1.6530883173952382,1.4470863984322657,0.7025369079548555,0.6200688118381914,2.099749722855165,1.4997445837470995,1.570966247162494,0.16615474254104454,0.7937056769800519,-0.26070266804116315,1.87294385077076,1.1598849233454538,1.0631645376596013,0.6480831848142746,1.0412654235565768,1.1033295762471655,0.3801346441275596,0.38520313473773715,1.3639370660316923,0.4625632332580886,0.7972355018533184,1.0365467867642306,0.5303756429556957,-0.3332034751676385,1.0449278864352625,-1.847439583451358,0.8719029432307908,0.9951297943477088,0.6354115511046375,1.2617862248011205,1.128840308121184,0.9303367287712754,0.5916646445523936,-1.9095127085587489,1.1268869165213025,1.0423706098152923,1.485968875535764,1.0963016387517965,1.1109712170892068,1.1780393167251832,1.0050583005822011,0.7841569848463111,1.1798246190407442,0.8624525872823513,1.7043133280897935,0.8046089638205598,1.0564629843233284,1.018358417189321,0.7360096794466562,1.0875461667212363,0.6113528565671262,1.6189813576529335
0.6305304419890294,1.5628906354276377,1.5736442576421934,1.0879245260518962,1.841954405193998,0.8770493244605045,0.716110734938387,0.9270557599634647,1.0771799492911567,-0.42472703141251095,1.6244342409198127,1.4470863984322657,0.6899679851461891,0.7510889411321424,2.1229416193408546,1.52681474494131,1.6133271834474827,0.06250635730967434,0.8223209091074469,-0.26070266804116315,1.9062197137317571,1.1598849233454538,0.37373347298342974,0.6931428109925474,1.1294827503118448,1.0445629090472732,0.42945572817854255,0.037857807759581176,1.31827372505547,0.5097593332677592,0.9043365122961909,1.0365467867642306,0.22344886203848002,-0.3332034751676385,0.7772691968637925,-1.7981776542691466,0.7188731076350292,1.1609519866227396,0.4521421570111059,1.1209665593056577,0.30257107980957015,0.8191285834150458,0.5553527625838357,-1.955076368749604,1.151824968736502,0.999474083604705,1.4636726494601469,0.8978972217009422,0.8722023320776904,1.2667272553133466,0.9921621208772725,0.7276633922174245,1.5691231983997538,0.8244481119683712,1.784433441805088,0.8904544115751671,1.0983784828331395,0.9523626474396597,0.8142685338882225,1.0525540764625316,0.7214959955955041,1.5838426970383184
0.6305304419890294,1.6014687066988555,1.6489415566302714,1.0682248831263512,1.841954405193998,0.8301763041336161,0.6891277848105125,1.0126421579935239,1.0771799492911567,-0.42472703141251095,1.6817423938706637,1.4867808548996644,0.7025369079548555,0.6842419363903338,2.1229416193408546,1.5398084223145299,1.5929939340306898,0.012755132398602658,0.808013293043752,-0.32347022359895505,1.9062197137317571,1.1816452683522558,1.2066979675068588,0.6030235586360018,1.063319755245394,1.1229184653137962,0.2814924760255937,0.2694213590783518,1.4401673975521072,0.5097593332677592,1.1723085076870667,1.0532443322572513,0.5644786186131642,-0.2723149753863595,1.0449278864352625,-1.7981776542691466,0.8719029432307908,1.1491144749448263,0.6965013491358147,1.2336222917020279,1.4040753821253262,0.8561979652004557,0.663697971384331,-1.955076368749604,1.0768064018268442,0.7633673840111859,1.4413764233845294,1.220507682622772,0.9915867745834486,1.0448256712638648,0.9921621208772725,0.7559101885318679,1.1798246190407442,0.8624525872823513,1.7577267372333232,0.8618392623236314,0.9303729191339788,1.0843541869389823,0.8142685338882225,1.0525540764625316,0.6847816159193781,1.65383433809995
0.6624623110957849,1.6207577423344643,1.630501401776044,1.0682248831263512,1.8697097401909992,0.923922344787393,0.716110734938387,0.9548135106759147,1.0771799492911567,-0.3629066898120726,1.7390505468215252,1.50662808313336,0.7161532409975798,0.6842419363903338,2.099749722855165,1.52681474494131,1.5929939340306898,0.16615474254104454,0.8378208265097857,-0.26070266804116315,1.9062197137317571,1.13812457833866,1.2354046534763103,0.5129043062794563,1.261989513655311,1.1033295762471655,0.3801346441275596,0.09574869558927383,1.5162729658458112,0.651347633296771,0.9311117649069091,1.0532443322572513,0.5985815942706326,-0.2723149753863595,1.178976623589499,-1.847439583451358,0.7571305665339696,1.2083020333343926,0.5132319550422831,1.289950157900213,1.4040753821253262,0.8191285834150458,0.3752694455039916,-2.4110864432826706,1.0768064018268442,1.0209223467099986,1.419080197308912,1.046700534489083,0.9517919604148625,1.1780393167251832,0.9662640550763911,0.7276633922174245,1.0501765025299183,0.9384615379103116,1.7043133280897935,0.919069560826703,0.8046264236045458,1.018358417189321,0.8142685338882225,1.0525540764625316,0.6847816159193781,1.5838426970383184
0.598598572882262,1.6207577423344643,1.6489415566302714,1.1289654488134517,1.8835874076894972,0.923922344787393,0.716110734938387,0.8992980092510043,1.0771799492911567,-0.2487768283958771,1.7103964703460997,1.50662808313336,0.7161532409975798,0.7831755034082077,2.14434952378918,1.5127382611203195,1.6336604328642754,0.11640351762999127,0.8223209091074469,-0.26070266804116315,1.9062197137317571,1.1816452683522558,1.2354046534763103,0.557963932457729,1.0853740869342108,0.8093356755832234,0.33081356007657664,0.3273122469080445,1.5619363068220335,0.5097593332677592,0.9311117649069091,1.0532443322572513,0.5303756429556957,-0.15053797582380155,1.2592742304609401,-1.847439583451358,0.7571305665339696,1.137276963266913,0.6354115511046375,1.289950157900213,1.0597495364705538,0.8191285834150458,0.519336099167867,-2.000640028940459,1.026930297396445,1.1067153991311731,1.485968875535764,1.2701087868854857,0.9915867745834486,1.200211301372224,1.0050583005822011,0.8124037811607545,0.8773123471821508,0.9764660132242917,1.6241932143744993,0.8904544115751671,0.8884574206241678,0.9523626474396597,0.8142685338882225,1.0875461667212363,0.5746384768910003,1.4792837556972689
0.598598572882262,1.6207577423344643,1.630501401776044,1.1683647346645492,1.855832072692501,0.923922344787393,0.716110734938387,0.9548135106759147,1.103740764999809,-0.3629066898120726,1.6817423938706637,1.4669336266659614,0.7412910866149126,0.7510889411321424,2.1229416193408546,1.5398084223145299,1.6133271834474827,0.11640351762999127,0.8378208265097857,-0.14482410393446868,1.9422685652728435,1.2251659583658436,0.7758623772604185,0.557963932457729,0.997156760178943,1.0837406871805348,0.42945572817854255,0.3273122469080445,1.531494079504552,0.5569554332774298,0.9578870175176272,1.0365467867642306,0.5985815942706326,-0.2723149753863595,1.286040099418087,-1.7242847604958293,0.8719029432307908,1.0543173527372751,0.6965013491358147,1.289950157900213,0.9909407679695185,0.9674061105566852,0.3752694455039916,-1.7728217279861835,1.0768064018268442,1.0852671360258794,1.419080197308912,1.121305474097345,0.9517919604148625,1.1336953474311018,1.0050583005822011,0.7276633922174245,0.9205283860190927,0.9384615379103116,1.4637340795293874,0.8618392623236314,0.9303729191339788,0.9523626474396597,0.8533979611090057,1.0525540764625316,0.6847816159193781,1.3747248143562194
0.598598572882262,1.6207577423344643,1.5936210920676026,1.188064377590094,1.8974650751880004,1.0215744704684193,0.6891277848105125,0.9548135106759147,1.103740764999809,-0.3629066898120726,1.7103964703460997,1.4669336266659614,0.7538600094235837,0.8152620656842849,2.1229416193408546,1.5398084223145299,1.6760213691492643,0.06250635730967434,0.808013293043752,-0.20276338598782662,1.9755444282338406,1.2034056133590498,0.9481024930771275,0.5129043062794563,1.1294827503118448,1.1620962434470579,0.18285030792362778,0.3273122469080445,1.6075996477982557,0.5569554332774298,0.9311117649069091,1.0532443322572513,0.5644786186131642,-0.3332034751676385,1.286040099418087,-1.7242847604958293,0.9101604021297311,1.1253424228047546,0.6354115511046375,1.318344942909954,1.2664578451232553,0.9303367287712754,0.5916646445523936,-1.8183853881770387,1.1019488643061028,1.0852671360258794,1.4413764233845294,1.2453082347541289,0.9517919604148625,1.1780393167251832,1.0179544802871299,0.7841569848463111,1.0069604636929765,0.8624525872823513,1.4906596915156751,0.8904544115751671,0.7627109250947349,1.0513563020641516,0.7751391066674393,1.017561986203827,0.7214959955955041,1.5141367361442855
0.6305304419890294,1.6416541976063777,1.630501401776044,1.148665091738997,1.8974650751880004,1.0684474907953252,0.7430936850662615,0.9825712613883646,1.1527761170773125,-0.3058417591039643,1.7700924630032413,1.4867808548996644,0.7412910866149126,0.7510889411321424,2.1229416193408546,1.5528020996877545,1.6336604328642754,0.16615474254104454,0.808013293043752,-0.14482410393446868,2.0088202911948376,1.2487396654565412,0.747155691290967,0.557963932457729,0.997156760178943,1.0249740199806425,0.42945572817854255,0.2694213590783518,1.6533877520011893,0.5097593332677592,1.0114375227390635,1.0532443322572513,0.5303756429556957,-0.2723149753863595,1.312805968375234,-1.5270351506145976,0.8336454843318504,1.137276963266913,0.4521421570111059,1.289950157900213,1.0597495364705538,0.8932673469858655,0.519336099167867,-1.9095127085587489,1.1268869165213025,1.0852671360258794,1.5082651016113815,1.0963016387517965,0.9517919604148625,1.08935137813702,1.0050583005822011,0.6994165959029812,0.9637444248560346,0.9004570625963315,1.14325362466821,0.8618392623236314,0.6788799280751129,1.018358417189321,0.8533979611090057,1.0875461667212363,0.7214959955955041,2.1420617445257792
0.6943941802025404,1.6207577423344643,1.5936210920676026,1.1289654488134517,1.8974650751880004,1.0684474907953252,0.6891277848105125,0.9825712613883646,1.103740764999809,-0.3629066898120726,1.6817423938706637,1.4867808548996644,0.7025369079548555,0.8152620656842849,2.14434952378918,1.5528020996877545,1.6133271834474827,0.16615474254104454,0.8223209091074469,-0.14482410393446868,2.0088202911948376,1.1816452683522558,0.8332757491993216,0.557963932457729,0.864830770046041,0.985796241847381,0.3801346441275596,0.4430940225674298,1.6838299793186708,0.32097493322907683,0.9846622701283453,1.0866394232432928,0.5985815942706326,-0.15053797582380155,1.2592742304609401,-1.5516661152057032,0.79538802543291,1.1253424228047546,0.6354115511046375,1.318344942909954,0.8533232309674478,0.9303367287712754,0.4473027723359289,-1.7728217279861835,1.1767630209517017,0.9780258204994114,1.485968875535764,1.220507682622772,0.9119971462462765,0.9783097173227422,0.9404716956665339,0.7559101885318679,0.8340963083452089,1.0144704885382718,0.44844149097327807,0.8904544115751671,0.6788799280751129,1.0513563020641516,0.8925273883297888,0.9475778056864177,0.6113528565671262,1.095615290612489
0.6624623110957849,1.6416541976063777,1.6120612469218232,1.1683647346645492,1.855832072692501,1.0215744704684193,0.6891277848105125,1.0403999087059739,1.103740764999809,-0.3058417591039643,1.7700924630032413,1.4867808548996644,0.7161532409975798,0.9141956327021589,2.187165332685838,1.5398084223145299,1.6133271834474827,0.16615474254104454,0.8378208265097857,-0.26070266804116315,1.9422685652728435,1.1816452683522558,0.632328947413161,0.3322964603681823,0.6882153433249409,1.0837406871805348,0.42945572817854255,0.3273122469080445,1.7447144339536338,0.36817103323874745,0.9043365122961909,1.069941877750272,0.5985815942706326,-0.0287609762612436,1.339571837332381,-1.6255590089790204,0.9487314467573517,1.2083020333343926,0.6965013491358147,1.3465088760090467,0.9221319994684831,0.8561979652004557,0.519336099167867,-1.7272580677953284,1.2017010731669011,0.9565775573941179,1.5082651016113815,1.1709065783600585,0.9119971462462765,1.1558673320781425,0.8501984377320336,0.7276633922174245,0.8340963083452089,0.9764660132242917,0.02091531041051841,0.9765344097334759,0.7627109250947349,0.9853605323144904,0.8142685338882225,0.9825698959451223,0.6847816159193781,0.4331229819515775
0.6943941802025404,1.6416541976063777,1.5936210920676026,1.2094056574261047,1.855832072692501,1.0684474907953252,0.716110734938387,1.0403999087059739,1.103740764999809,-0.1917118976877899,1.7700924630032413,1.4669336266659614,0.7538600094235837,0.8152620656842849,2.14434952378918,1.5657957770609745,1.5929939340306898,0.2159059674520978,0.8223209091074469,-0.26070266804116315,1.9422685652728435,1.2487396654565412,0.9481024930771275,0.557963932457729,0.7102696750137579,1.1033295762471655,0.47877681222952556,0.3273122469080445,1.7142722066361524,0.4625632332580886,0.7972355018533184,1.0866394232432928,0.7011700538303944,-0.21142647560508052,1.205742492546646,-1.6255590089790204,0.9487314467573517,1.1135049111268414,0.6965013491358147,1.318344942909954,0.612492541213824,0.9303367287712754,0.6276813079683623,-1.6816944076044733,1.151824968736502,0.999474083604705,1.5082651016113815,1.1957071304914153,0.5933124458962058,1.2223832860192652,0.9921621208772725,0.671169799588538,0.8340963083452089,1.0144704885382718,-0.37990416558047646,1.1768404544942266,0.8046264236045458,0.9523626474396597,0.8142685338882225,1.017561986203827,0.5746384768910003,-0.020251444027235256
0.6943941802025404,1.6609432332419936,1.630501401776044,1.2094056574261047,1.855832072692501,0.9747014501415309,0.716110734938387,1.0403999087059739,1.1527761170773125,-0.1917118976877899,1.7700924630032413,1.4669336266659614,0.7538600094235837,0.8821090704260935,2.1229416193408546,1.5528020996877545,1.5929939340306898,0.16615474254104454,0.8378208265097857,-0.32347022359895505,1.9755444282338406,1.1816452683522558,0.7758623772604185,0.5129043062794563,0.997156760178943,1.0249740199806425,0.3801346441275596,0.21153047124865915,1.6990510929774116,0.415367133248418,0.9846622701283453,1.069941877750272,0.7011700538303944,-0.08964947604252257,0.9378644106066745,-1.7242847604958293,0.9487314467573517,1.1727894983006528,0.4521421570111059,1.3746728091081393,0.8533232309674478,0.9674061105566852,0.663697971384331,-1.6361307474136184,0.9521161407508462,1.1925084515523474,1.4413764233845294,1.0963016387517965,0.9517919604148625,1.444284870068747,1.0179544802871299,0.7841569848463111,0.7040939620078506,0.9764660132242917,-0.7540169369997065,1.005149558985012,0.8465419221143569,0.9853605323144904,0.8533979611090057,1.0525540764625316,0.6480672362432522,-0.4736258700060496
0.6624623110957849,1.6609432332419936,1.6689183910556804,1.2094056574261047,1.8697097401909992,1.2129726368032399,0.6891277848105125,1.0681576594184343,1.1282584410385608,-0.2487768283958771,1.7700924630032413,1.50662808313336,0.7538600094235837,0.8821090704260935,2.1229416193408546,1.5528020996877545,1.6336604328642754,0.2159059674520978,0.8223209091074469,-0.3814095056522916,1.9755444282338406,1.2487396654565412,0.8332757491993216,0.557963932457729,1.01921109186776,1.0445629090472732,0.33081356007657664,0.3273122469080445,1.7903777749298562,0.32097493322907683,0.6901344914104459,1.0532443322572513,0.5644786186131642,-0.08964947604252257,0.9913961485209685,-1.4285112922501746,0.9101604021297311,1.2083020333343926,0.6354115511046375,1.2054583586029355,0.9221319994684831,0.8932673469858655,0.7717479616322369,-1.7272580677953284,1.1767630209517017,1.299925572514105,1.4636726494601469,1.0963016387517965,0.9915867745834486,1.5329728086569099,0.9921621208772725,0.7559101885318679,0.5744458454970249,0.9004570625963315,-0.9144760718448183,0.8046089638205598,0.9303729191339788,0.9523626474396597,0.8142685338882225,1.0525540764625316,0.6113528565671262,-1.1361181786669612
0.7263260493093078,1.6609432332419936,1.7242388556183426,1.2291053003516497,1.8835874076894972,1.306718677457034,0.662144834682628,0.9825712613883646,1.1282584410385608,-0.1346469669797027,1.7987465394786668,1.4669336266659614,0.7412910866149126,0.9462821949782241,2.187165332685838,1.5528020996877545,1.6133271834474827,0.31540841727422275,0.808013293043752,-0.14482410393446868,1.9062197137317571,1.2251659583658436,1.03445785169015,0.6030235586360018,0.975102428490126,1.1229184653137962,0.47877681222952556,0.38520313473773715,1.5771574204807743,0.4625632332580886,0.8507860070747546,1.069941877750272,0.667067078172926,-0.2723149753863595,0.9378644106066745,-1.477773221432386,1.0252463645552334,1.101667399448928,0.6965013491358147,1.2617862248011205,0.6468969254643416,0.9303367287712754,0.8077646250482063,-2.000640028940459,0.9521161407508462,1.299925572514105,1.419080197308912,1.220507682622772,1.0313815887520346,1.2667272553133466,0.9791602347813197,0.6994165959029812,0.5744458454970249,0.9004570625963315,-0.941182776416583,0.8046089638205598,1.0142039161536007,0.9523626474396597,0.7751391066674393,1.0525540764625316,0.6113528565671262,-0.9270002959848623
0.7263260493093078,1.6609432332419936,1.7057987007641218,1.148665091738997,1.8697097401909992,1.162193531449102,0.662144834682628,0.9548135106759147,1.1527761170773125,-0.1917118976877899,1.7700924630032413,1.50662808313336,0.7538600094235837,1.0104553195303665,2.4048123612438337,1.5398084223145299,1.6336604328642754,0.16615474254104454,0.8223209091074469,-0.14482410393446868,1.87294385077076,1.2251659583658436,1.2066979675068588,0.6030235586360018,0.953048096801309,0.7897467865165927,0.2814924760255937,0.3273122469080445,1.7903777749298562,0.4625632332580886,1.0919827498549124,1.0532443322572513,0.1893458863810116,-0.3332034751676385,1.152210754632352,-1.4531422568412804,1.0252463645552334,1.0779923760931016,0.6354115511046375,1.3746728091081393,0.612492541213824,0.8561979652004557,0.519336099167867,-1.7728217279861835,0.902240036320447,1.4929599404617475,1.5082651016113815,1.1957071304914153,1.0313815887520346,1.2667272553133466,0.9921621208772725,0.7841569848463111,0.6608779231709087,0.9384615379103116,-0.8877693672730534,0.8618392623236314,1.0564629843233284,0.8863668776899984,0.931656815550572,1.0875461667212363,0.6113528565671262,-0.9967062568788954
0.6943941802025404,1.6995213045132116,1.6689183910556804,1.188064377590094,1.8974650751880004,1.306718677457034,0.6329133053774255,1.0403999087059739,1.103740764999809,-0.3058417591039643,1.7987465394786668,1.4867808548996644,0.7664289322322501,0.9462821949782241,2.8847062192938395,1.5528020996877545,1.6133271834474827,0.16615474254104454,0.8378208265097857,-0.14482410393446868,1.9422685652728435,1.2251659583658436,0.8332757491993216,0.6480831848142746,0.975102428490126,0.848513453716485,0.47877681222952556,0.2694213590783518,1.7751566612711154,0.415367133248418,1.0114375227390635,1.069941877750272,0.46216969164075894,-0.2723149753863595,1.152210754632352,-1.5270351506145976,0.9487314467573517,1.0306423293814486,0.757591147166992,1.318344942909954,0.715705693965377,1.004475492342095,0.6276813079683623,-1.6816944076044733,1.1268869165213025,1.3857186249352793,1.5528575537626164,1.121305474097345,0.9517919604148625,1.000481701969783,0.9533678753714625,0.7841569848463111,0.7908802695082671,0.9384615379103116,-0.8076492535577591,0.8904544115751671,1.0564629843233284,0.8863668776899984,0.8925273883297888,1.0525540764625316,0.5746384768910003,-0.9270002959848623
0.6624623110957849,1.6609432332419936,1.6873585459099012,1.1683647346645492,1.8697097401909992,1.306718677457034,0.6891277848105125,0.9825712613883646,1.1282584410385608,-0.1917118976877899,1.7700924630032413,1.4669336266659614,0.7664289322322501,0.9462821949782241,2.6884670951841767,1.5398084223145299,1.6336604328642754,0.06250635730967434,0.8378208265097857,-0.08688482188113215,1.9422685652728435,1.2487396654565412,0.43114684492233274,0.6030235586360018,1.01921109186776,1.0053851309140118,0.47877681222952556,0.1536395834189665,1.7447144339536338,0.5097593332677592,0.8775612596854728,1.069941877750272,0.5985815942706326,0.032127523520035374,1.339571837332381,-1.477773221432386,0.9101604021297311,1.0188048177035354,0.6354115511046375,1.3746728091081393,0.612492541213824,0.8932673469858655,0.8797979518801436,-1.6816944076044733,1.026930297396445,1.2784773094088113,1.530561327686999,1.121305474097345,1.0313815887520346,1.022653686616824,0.9921621208772725,0.8124037811607545,0.8773123471821508,0.9384615379103116,-0.8076492535577591,0.7759938145690239,1.0983784828331395,0.8863668776899984,0.931656815550572,0.912585715427713,0.5746384768910003,-0.5084788504530661
0.7263260493093078,1.6609432332419936,1.7242388556183426,1.2291053003516497,1.8697097401909992,1.1153205111222135,0.662144834682628,1.0126421579935239,1.1527761170773125,-0.3058417591039643,1.8274006159540923,1.50662808313336,0.7538600094235837,0.8821090704260935,1.9267024952311842,1.5787894544341943,1.6336604328642754,0.11640351762999127,0.8521284425734806,-0.14482410393446868,2.0753720171168437,1.2487396654565412,0.37373347298342974,0.6480831848142746,1.306098177032945,1.0837406871805348,0.47877681222952556,0.3273122469080445,1.6228207614569965,0.651347633296771,0.9578870175176272,1.0365467867642306,0.7011700538303944,-0.21142647560508052,1.5806840503152055,-1.4285112922501746,0.8719029432307908,1.137276963266913,0.5132319550422831,1.289950157900213,0.81891884671693,0.9674061105566852,0.8077646250482063,-1.5905670872227633,1.026930297396445,1.213956714657641,1.597450005913851,1.220507682622772,1.0313815887520346,1.1780393167251832,0.9921621208772725,0.7841569848463111,0.9205283860190927,0.9384615379103116,-0.7540169369997065,0.7759938145690239,1.0983784828331395,0.919364762564829,0.8925273883297888,0.8775936251690084,0.7214959955955041,-0.36878124849740146
0.7609189075082871,1.6802322688776026,1.6873585459099012,1.2488049432771946,1.9969216922605797,1.2598456571301457,0.6891277848105125,1.0126421579935239,1.1282584410385608,-0.2487768283958771,1.7700924630032413,1.4867808548996644,0.7412910866149126,0.9462821949782241,1.7732791800181718,1.5528020996877545,1.6133271834474827,0.11640351762999127,0.8223209091074469,-0.08688482188113215,3.1263346889684502,1.2034056133590498,0.2876134150750752,0.6480831848142746,1.3943155037882127,1.0249740199806425,0.3801346441275596,0.21153047124865915,1.4097251702346258,0.5569554332774298,0.9846622701283453,1.1033369687363135,0.7011700538303944,-0.15053797582380155,1.9288597391266185,-1.403880327659069,0.9487314467573517,1.0779923760931016,0.6965013491358147,1.2617862248011205,0.543401769563194,0.8932673469858655,0.6997146348002996,-1.4990662942165374,0.9770541929660457,1.171060188447054,1.485968875535764,0.9970994302263693,1.0313815887520346,0.8896217787345793,0.9791602347813197,0.7559101885318679,0.8340963083452089,0.9384615379103116,-0.46024318671029374,0.8904544115751671,1.0142039161536007,0.8533689928151678,0.931656815550572,0.8775936251690084,0.6847816159193781,-0.8570086549232306
0.6624623110957849,1.6802322688776026,1.74267901047257,1.2094056574261047,2.306856266393733,1.306718677457034,0.662144834682628,1.0126421579935239,1.1527761170773125,-0.1346469669797027,1.7700924630032413,1.5264753113670555,0.7412910866149126,1.04521576199611,1.7090554666731885,1.5528020996877545,1.6539936822810757,0.06250635730967434,0.8378208265097857,-0.20276338598782662,3.5672398732017037,1.2251659583658436,0.4024401589528812,0.6030235586360018,1.2399351819664939,1.0445629090472732,0.5280978962805085,0.4430940225674298,1.6381666383424485,0.5097593332677592,0.9578870175176272,1.0532443322572513,0.5644786186131642,0.032127523520035374,1.393103575246675,-1.3792493630679632,0.8719029432307908,1.101667399448928,0.8186809451981693,1.3465088760090467,0.715705693965377,0.8932673469858655,0.7717479616322369,-1.7728217279861835,0.9770541929660457,1.0852671360258794,1.4413764233845294,1.0715010866204397,1.0313815887520346,1.0669976559109056,0.9791602347813197,0.7276633922174245,0.9637444248560346,0.9004570625963315,-0.32649075643694686,0.9765344097334759,0.9722884176437897,0.919364762564829,0.9707862427713552,0.5623779924287096,0.6847816159193781,-1.7289045264338398
0.7263260493093078,1.6416541976063777,1.8563932987402776,1.188064377590094,2.3357680736822783,1.3535916977839226,0.716110734938387,1.0403999087059739,1.1527761170773125,-0.1917118976877899,1.7700924630032413,1.5479764752868963,0.7800452652749743,0.9462821949782241,1.4682165416295114,1.5657957770609745,1.6539936822810757,0.06250635730967434,0.8223209091074469,-0.02894553982779565,2.652153641774187,1.292260355470137,0.80456906322987,0.6931428109925474,1.261989513655311,0.9662073527807502,0.5774189803314914,0.3273122469080445,1.4097251702346258,0.5097593332677592,0.9043365122961909,1.069941877750272,0.5985815942706326,0.032127523520035374,1.125444885675205,-1.2312616823689426,0.9101604021297311,1.0661548644151884,0.6965013491358147,1.289950157900213,0.9909407679695185,0.9674061105566852,0.8077646250482063,-1.4990662942165374,0.8024878274596486,1.2355807831982242,1.530561327686999,1.2453082347541289,0.9517919604148625,1.000481701969783,0.9662640550763911,0.7841569848463111,0.9637444248560346,0.8624525872823513,-0.5136565958538234,0.919069560826703,1.0564629843233284,0.9853605323144904,0.8925273883297888,-0.27800581460411605,0.794924754947756,-2.0428670306245866
0.7609189075082871,1.6802322688776026,1.8364164643148686,1.2094056574261047,1.7714095954099587,1.3535916977839226,0.716110734938387,1.0126421579935239,1.1282584410385608,-0.1917118976877899,1.7390505468215252,1.5479764752868963,0.7538600094235837,0.9141956327021589,1.0989301898958599,1.5398084223145299,1.6539936822810757,0.16615474254104454,0.8378208265097857,-0.02894553982779565,1.5013633810395774,1.292260355470137,0.6610356333826125,0.7382024371708201,1.0412654235565768,0.8876912318497465,0.47877681222952556,0.4430940225674298,1.5010518521870704,0.5569554332774298,0.9043365122961909,1.0198492412712095,0.5644786186131642,0.032127523520035374,0.9378644106066745,-1.4531422568412804,0.8719029432307908,1.101667399448928,0.8186809451981693,1.318344942909954,1.025345152220036,0.9303367287712754,0.8077646250482063,-1.3623753136439722,1.151824968736502,1.213956714657641,1.5082651016113815,1.220507682622772,0.9915867745834486,1.1558673320781425,0.9791602347813197,0.7559101885318679,0.9205283860190927,0.8244481119683712,-0.700603527856177,0.8618392623236314,1.2241249783625723,0.9523626474396597,0.931656815550572,-1.0131265304488724,0.7214959955955041,-1.7986104873278728
0.7928507766150544,1.6609432332419936,1.762655844897979,1.2488049432771946,1.4325632139882651,1.3535916977839226,0.7430936850662615,1.0403999087059739,1.1772937931160734,-0.3058417591039643,1.8847087689049538,1.5264753113670555,0.7538600094235837,0.9141956327021589,0.9455068746828473,1.5657957770609745,1.6133271834474827,0.11640351762999127,0.8962435921032094,-0.08688482188113215,1.1963346372304013,1.292260355470137,0.4598535308917842,0.6480831848142746,0.997156760178943,0.985796241847381,0.5280978962805085,0.21153047124865915,1.4706096248695888,0.6041515332871005,0.8507860070747546,1.0365467867642306,0.5985815942706326,-0.08964947604252257,0.8843326726923805,-1.403880327659069,0.9101604021297311,1.0779923760931016,0.4521421570111059,1.318344942909954,0.9221319994684831,0.9303367287712754,0.5916646445523936,-1.4535026340256822,1.0019922451812453,0.870608699537654,1.530561327686999,0.9970994302263693,0.8324075179091044,1.0669976559109056,0.9921621208772725,0.7276633922174245,1.0933925413668604,0.9004570625963315,-0.9144760718448183,0.8618392623236314,1.0564629843233284,0.9853605323144904,1.0099156699921383,-1.8885024277404028,0.6113528565671262,-1.34523606134906
0.7609189075082871,1.6416541976063777,1.7242388556183426,1.2291053003516497,1.2764394546301443,1.4004647181108112,0.770076635194136,1.0126421579935239,1.1282584410385608,-0.2487768283958771,1.8274006159540923,1.5264753113670555,0.7538600094235837,0.9783687572543013,0.9240989702345223,1.5787894544341943,1.6539936822810757,0.2159059674520978,0.8664360586371757,-0.20276338598782662,1.1630587742694043,1.270500010463335,0.7758623772604185,0.6030235586360018,0.975102428490126,0.9072801209163772,0.42945572817854255,0.3273122469080445,1.6075996477982557,0.4625632332580886,0.7972355018533184,1.1033369687363135,0.49627266729822733,0.09301602330131435,0.9913961485209685,-1.2312616823689426,0.8719029432307908,0.9951297943477088,0.6354115511046375,1.318344942909954,0.8877276152179654,0.9303367287712754,0.5553527625838357,-1.5450034270319082,0.8773019841052474,0.999474083604705,1.419080197308912,0.9970994302263693,1.0313815887520346,1.08935137813702,0.9662640550763911,0.7276633922174245,1.0501765025299183,0.9764660132242917,-1.208468729548754,0.8904544115751671,-0.11785811327121425,0.9853605323144904,0.9707862427713552,-2.273702240998111,0.5746384768910003,-1.0315592373259117
0.7263260493093078,1.6995213045132116,2.0807485161333164,1.2291053003516497,1.2209287846361472,1.4004647181108112,0.6891277848105125,1.0126421579935239,1.1282584410385608,-0.07282662537926433,1.8274006159540923,1.5264753113670555,0.7412910866149126,0.9462821949782241,0.859875256889539,1.5528020996877545,1.6539936822810757,0.16615474254104454,0.8664360586371757,-0.14482410393446868,1.1630587742694043,1.270500010463335,1.0918712236290529,0.6480831848142746,0.842776438357224,1.0641517981139041,0.42945572817854255,0.38520313473773715,1.4706096248695888,0.5097593332677592,0.8507860070747546,1.0866394232432928,0.49627266729822733,0.09301602330131435,0.9646302795638215,-1.2805236115511542,0.8719029432307908,1.1135049111268414,0.757591147166992,1.2336222917020279,0.612492541213824,0.8932673469858655,0.663697971384331,-1.4535026340256822,1.0019922451812453,0.8491604364323603,1.530561327686999,0.7488906256986098,0.7528178895719322,1.1336953474311018,0.9791602347813197,0.8406505774751978,1.0069604636929765,0.9004570625963315,-1.475535775266402,0.919069560826703,-0.7891932287480234,0.9523626474396597,0.9707862427713552,-2.3086943312568153,0.6113528565671262,-0.8221556744762142
0.7263260493093078,1.7782848666919586,2.4556983315025103,1.188064377590094,1.205894644846105,1.306718677457034,0.7430936850662615,1.0403999087059739,1.1772937931160734,-0.1346469669797027,1.8274006159540923,1.50662808313336,0.7538600094235837,0.9462821949782241,0.859875256889539,1.5787894544341943,1.6760213691492643,0.2656571923631511,0.8378208265097857,-0.20276338598782662,1.0271823338453145,1.314020700476931,1.0057511657206983,0.6480831848142746,0.7543783383913919,0.8876912318497465,0.47877681222952556,0.3273122469080445,1.6533877520011893,0.5097593332677592,0.6901344914104459,1.1033369687363135,0.2575518376959484,0.15390452308259334,0.9913961485209685,-1.2558926469600484,0.9487314467573517,1.0898298877710149,0.6965013491358147,1.3746728091081393,0.5778061538137116,0.8932673469858655,0.6276813079683623,-1.4079389738348274,1.026930297396445,1.0638188729205857,1.5082651016113815,0.9970994302263693,1.0313815887520346,1.200211301372224,0.9921621208772725,0.8688973737896412,0.9637444248560346,0.8624525872823513,-1.5022424798381666,0.9476847100782388,-1.5021002730747268,1.018358417189321,0.931656815550572,-2.3086943312568153,0.5746384768910003,-0.6130377917941154
0.6624623110957849,1.8168629379631835,2.2497832689636925,1.188064377590094,1.1214721675635626,1.451243823464949,0.6891277848105125,1.0681576594184343,1.2774076369409813,-0.1917118976877899,1.7987465394786668,1.50662808313336,0.7538600094235837,1.04521576199611,0.8152754559555244,1.5398084223145299,1.6539936822810757,0.06250635730967434,0.8378208265097857,-0.20276338598782662,0.586277149612061,1.335781045483725,1.2066979675068588,0.6030235586360018,1.01921109186776,0.985796241847381,0.6267400643824744,0.1536395834189665,1.6075996477982557,0.4625632332580886,0.6901344914104459,1.0866394232432928,0.6329641025154575,0.15390452308259334,0.9110985416495275,-1.4531422568412804,0.986988905656292,1.1135049111268414,0.6965013491358147,1.3746728091081393,0.81891884671693,0.9303367287712754,0.519336099167867,-1.3168116534531171,1.151824968736502,0.8920569626429475,1.4413764233845294,0.9722988780950125,0.9517919604148625,1.2667272553133466,1.0308506599920586,0.8688973737896412,1.0501765025299183,0.8624525872823513,-1.4488290706946372,0.9476847100782388,-2.466500308460296,1.018358417189321,0.931656815550572,-2.238710150739406,0.5746384768910003,-0.5433318309000825
0.6624623110957849,1.8377593932350897,1.762655844897979,1.2488049432771946,0.9526272129984878,1.3535916977839226,0.7430936850662615,1.0959154101308843,1.2528899609022293,-0.2487768283958771,2.352725351336956,1.5264753113670555,0.7412910866149126,1.04521576199611,0.7938675515071915,1.5787894544341943,1.6760213691492643,0.16615474254104454,0.8223209091074469,-0.20276338598782662,0.2812484058028847,1.3811150975812163,0.861982435168773,0.6480831848142746,0.886885101734858,0.8876912318497465,0.42945572817854255,0.4430940225674298,1.2421681567617662,0.5097593332677592,0.8507860070747546,1.0866394232432928,0.46216969164075894,0.2147930228638723,0.8040350658209394,-1.3792493630679632,0.8719029432307908,1.2556520800460458,0.5743217530734603,1.3465088760090467,0.9221319994684831,0.8561979652004557,0.8077646250482063,-1.5905670872227633,1.026930297396445,0.7848156471164796,1.4636726494601469,1.046700534489083,1.0711764029206208,1.2667272553133466,0.8888869768468195,0.7559101885318679,1.0069604636929765,0.9384615379103116,-1.3954156615511075,0.9765344097334759,-2.6345058721594565,1.018358417189321,0.931656815550572,-2.238710150739406,0.6113528565671262,-0.4736258700060496
0.7928507766150544,1.8168629379631835,1.5736442576421934,1.2291053003516497,0.8959600707129465,1.451243823464949,0.7430936850662615,1.0403999087059739,1.3284861286883853,-0.2487768283958771,2.644041795503813,1.50662808313336,0.7287221638062462,1.04521576199611,0.8152754559555244,1.5657957770609745,1.6963546185660645,0.11640351762999127,0.8378208265097857,-0.26070266804116315,0.18142081691988132,1.335781045483725,0.37373347298342974,0.6030235586360018,0.908939433423675,0.8876912318497465,0.5774189803314914,0.38520313473773715,1.4401673975521072,0.6041515332871005,0.9846622701283453,1.1033369687363135,0.5985815942706326,0.032127523520035374,0.9913961485209685,-1.3299874338857518,0.9487314467573517,1.1135049111268414,0.757591147166992,1.3465088760090467,0.8877276152179654,0.9674061105566852,0.41128610891996026,-1.3623753136439722,1.151824968736502,0.8062639102217731,1.5082651016113815,1.1461060262287017,1.0313815887520346,1.244555270666306,0.8759907971418909,0.7841569848463111,1.0069604636929765,0.9004570625963315,-1.4488290706946372,0.9476847100782388,-2.466500308460296,0.9523626474396597,0.931656815550572,-2.028470788775221,0.6113528565671262,-0.36878124849740146
0.7928507766150544,1.7782848666919586,1.5736442576421934,1.2291053003516497,0.8670482634244064,1.451243823464949,0.7430936850662615,1.0126421579935239,1.3530038047271462,-0.1346469669797027,2.2070671292535273,1.50662808313336,0.7412910866149126,1.1414754488243177,0.7938675515071915,1.5528020996877545,1.6963546185660645,0.2159059674520978,0.8521284425734806,-0.08688482188113215,0.1481449539588843,1.314020700476931,0.6036222614437096,0.42278505392291077,0.7984870017690259,1.0053851309140118,0.47877681222952556,0.38520313473773715,1.2269470431030254,0.651347633296771,0.9043365122961909,1.069941877750272,0.5985815942706326,0.2147930228638723,1.125444885675205,-1.3051545761422598,0.79538802543291,1.0661548644151884,0.6354115511046375,1.318344942909954,1.025345152220036,0.8561979652004557,0.663697971384331,-1.3623753136439722,1.1019488643061028,1.171060188447054,1.530561327686999,0.9474983259636557,0.9915867745834486,1.1336953474311018,0.9662640550763911,0.8971441701040844,1.0069604636929765,0.9004570625963315,-1.6092882055397488,0.9765344097334759,-2.382669311440674,1.018358417189321,1.0099156699921383,-1.853510337481698,0.7214959955955041,-0.2642223071563521
0.7263260493093078,1.8377593932350897,1.3308488853949274,1.268504586202747,0.8959600707129465,1.3535916977839226,0.7993081644993384,1.0403999087059739,1.2774076369409813,-0.015761694671156016,1.2447677276203777,1.50662808313336,0.7287221638062462,1.1093888865482404,0.7064519416765266,1.5787894544341943,1.6336604328642754,0.2656571923631511,0.8378208265097857,-0.14482410393446868,0.1481449539588843,1.292260355470137,0.861982435168773,0.6480831848142746,0.7764326700802089,0.8681023427831157,0.5774189803314914,0.2694213590783518,1.181158938900092,0.4625632332580886,0.9578870175176272,1.1033369687363135,0.667067078172926,0.09301602330131435,1.0449278864352625,-1.2805236115511542,0.9101604021297311,1.0898298877710149,0.8186809451981693,1.092802626206565,0.9909407679695185,0.9674061105566852,0.7717479616322369,-1.3168116534531171,1.1019488643061028,1.171060188447054,1.485968875535764,1.121305474097345,0.9915867745834486,1.1115233627840608,1.0179544802871299,0.7841569848463111,0.8340963083452089,0.8624525872823513,-1.5289491844099314,0.9476847100782388,-2.131176320381808,1.018358417189321,0.931656815550572,-1.748534066705584,0.5746384768910003,-0.2293693267093356
0.7609189075082871,1.8377593932350897,1.0865168335764799,1.2291053003516497,0.8959600707129465,1.306718677457034,0.7430936850662615,1.0126421579935239,1.3284861286883853,0.09836816674501839,0.8937552907963787,1.4867808548996644,0.7664289322322501,1.077302324272175,0.7278598461248518,1.5787894544341943,1.6760213691492643,0.16615474254104454,0.8521284425734806,-0.08688482188113215,0.012268513534794669,1.270500010463335,0.4598535308917842,0.6030235586360018,1.0853740869342108,0.9270295746474887,0.5774189803314914,0.38520313473773715,1.1965048157855438,0.5569554332774298,0.9578870175176272,1.069941877750272,0.8716849321177365,0.2756815226451513,1.393103575246675,-1.1819997531867312,0.8336454843318504,1.0188048177035354,0.757591147166992,1.0083108269092875,0.6468969254643416,0.8191285834150458,0.6997146348002996,-1.1801206728805518,1.0518683496116445,1.2784773094088113,1.5082651016113815,1.1957071304914153,1.0313815887520346,1.3554151939015096,1.0050583005822011,0.7559101885318679,0.8340963083452089,0.9004570625963315,-1.1014230038471717,0.9765344097334759,-1.9212552581728364,1.0513563020641516,0.9707862427713552,-1.6432709755175132,0.75821037527163,-0.5084788504530661
0.6943941802025404,1.8570484288707056,0.9359222356003241,1.188064377590094,0.8531705959259084,1.306718677457034,0.716110734938387,1.0403999087059739,1.3530038047271462,0.04130323603693119,0.7194429922375246,1.50662808313336,0.7538600094235837,1.04521576199611,0.7278598461248518,1.6058596156284046,1.5929939340306898,0.2656571923631511,0.8521284425734806,-0.08688482188113215,0.07882023945680103,1.270500010463335,0.4885602168612357,0.557963932457729,1.0412654235565768,0.7897467865165927,0.6764654196142036,0.4430940225674298,0.9070541298160466,0.5097593332677592,1.0114375227390635,1.069941877750272,0.5985815942706326,0.2147930228638723,1.232508361503793,-1.3051545761422598,0.7571305665339696,1.1253424228047546,0.6965013491358147,1.177294425503843,0.9221319994684831,0.9303367287712754,0.663697971384331,-1.271247993262262,1.1268869165213025,1.1067153991311731,1.5082651016113815,1.220507682622772,0.9517919604148625,1.1336953474311018,1.0050583005822011,0.7841569848463111,0.9205283860190927,0.8624525872823513,-1.1014230038471717,0.9765344097334759,-1.9212552581728364,1.0513563020641516,1.0099156699921383,-1.5033026144826946,0.6847816159193781,-0.36878124849740146
0.6624623110957849,1.8168629379631835,0.8806017710376552,1.2488049432771946,0.8392929284274052,1.451243823464949,0.770076635194136,1.0681576594184343,1.2774076369409813,-0.07282662537926433,0.5164766172032345,1.50662808313336,0.7412910866149126,1.04521576199611,0.7724596470588663,1.6058596156284046,1.6539936822810757,0.2656571923631511,0.8962435921032094,-0.02894553982779565,0.07882023945680103,1.4246357875948124,0.861982435168773,0.6931428109925474,1.0412654235565768,0.9072801209163772,0.42945572817854255,0.3273122469080445,0.7700641068873797,0.5569554332774298,0.9043365122961909,1.069941877750272,0.5644786186131642,0.09301602330131435,0.9378644106066745,-1.403880327659069,0.8719029432307908,1.0898298877710149,0.6965013491358147,1.4591646084054168,0.9565363837190008,1.004475492342095,0.8077646250482063,-1.1801206728805518,1.0768064018268442,1.1496119253417603,1.4413764233845294,1.0715010866204397,0.9517919604148625,0.9339657480286607,0.9791602347813197,0.7559101885318679,1.0069604636929765,0.8624525872823513,-1.0480095947036423,1.005149558985012,-1.7535932641335925,1.0513563020641516,0.9707862427713552,-1.5033026144826946,0.6480672362432522,0.5725349037396433
0.7263260493093078,1.8168629379631835,0.8421847817580255,1.2291053003516497,0.8254152609289072,1.451243823464949,0.770076635194136,1.0681576594184343,1.3284861286883853,-0.07282662537926433,0.2824683259872387,1.5264753113670555,0.7287221638062462,1.1414754488243177,0.7724596470588663,1.5787894544341943,1.6963546185660645,0.2159059674520978,0.8807436747008758,0.09176129778333281,0.045544376495804,1.3593547525744225,0.80456906322987,0.7382024371708201,1.01921109186776,0.9270295746474887,0.47877681222952556,0.5009849103971225,0.60250709341452,0.5569554332774298,0.9043365122961909,1.0365467867642306,0.7693760051453312,0.15390452308259334,0.7772691968637925,-1.2558926469600484,0.48932835424138693,1.101667399448928,0.6354115511046375,1.2336222917020279,0.6813013097148594,0.9303367287712754,0.4833194357518984,-1.1801206728805518,1.1268869165213025,0.9136810311835306,1.530561327686999,1.220507682622772,0.8324075179091044,0.823105824793457,1.0179544802871299,0.8124037811607545,0.9205283860190927,0.9384615379103116,-1.0213028901318775,0.9765344097334759,-1.6697622671139707,0.9853605323144904,0.931656815550572,-1.1530948914836912,0.6113528565671262,0.7122325056953079
0.7263260493093078,1.8763374645063147,0.7300071730615062,1.188064377590094,1.192016977347602,1.4004647181108112,0.7993081644993384,1.0959154101308843,1.3019253129797421,-0.07282662537926433,0.16546418037923552,1.4867808548996644,0.7664289322322501,1.1093888865482404,0.7724596470588663,1.6318469703748493,1.6760213691492643,0.3693055775945397,0.8962435921032094,0.20763986189002726,0.045544376495804,1.335781045483725,0.17278667119726926,0.7832620633490929,0.997156760178943,0.9662073527807502,0.5280978962805085,0.3273122469080445,0.815727447863602,0.4625632332580886,0.8775612596854728,1.0866394232432928,0.32575778901088526,0.2756815226451513,0.643220459709556,-1.2312616823689426,0.8719029432307908,0.9951297943477088,0.6965013491358147,0.8672603095031763,0.4057842325611232,0.9303367287712754,0.4473027723359289,-1.225684333071407,0.9770541929660457,0.870608699537654,1.5751537798382338,1.1461060262287017,0.9915867745834486,0.9783097173227422,1.0179544802871299,0.8406505774751978,0.9205283860190927,0.8624525872823513,-1.3954156615511075,1.005149558985012,-1.6278467686041596,1.0513563020641516,0.931656815550572,-1.4333184339652851,0.5379240972148744,0.5725349037396433
0.8247826457218099,1.8377593932350897,0.7300071730615062,1.2291053003516497,1.615285836051843,1.4004647181108112,0.7993081644993384,1.1236731608433344,1.3019253129797421,-0.015761694671156016,-0.008848118179618596,1.4867808548996644,0.7161532409975798,1.04521576199611,0.7510517426105412,1.6188532930016295,1.6539936822810757,0.2159059674520978,0.8807436747008758,0.20763986189002726,0.38384898326597733,1.3593547525744225,0.17278667119726926,0.5129043062794563,0.886885101734858,0.9072801209163772,0.6267400643824744,0.2694213590783518,0.5872859797557792,0.5097593332677592,0.9311117649069091,1.0198492412712095,0.29165481335341686,0.2147930228638723,0.7237374589494985,-1.2312616823689426,1.0252463645552334,0.9951297943477088,0.6354115511046375,1.9100183899015462,0.8533232309674478,0.9303367287712754,0.663697971384331,-1.0889933524988415,0.9770541929660457,1.0638188729205857,1.530561327686999,0.9970994302263693,0.9915867745834486,1.244555270666306,0.9921621208772725,0.7841569848463111,1.0069604636929765,0.7864436366543911,-1.3420022524075779,1.005149558985012,-1.4601847745649157,1.018358417189321,1.0490450972129215,-1.7132551560349225,0.6480672362432522,0.15429913837544423
0.8567145148285655,1.9165229554138368,0.7300071730615062,1.2291053003516497,1.5447410262678036,1.4004647181108112,0.770076635194136,1.0959154101308843,1.2774076369409813,-0.1346469669797027,-0.1258522637876218,1.50662808313336,0.7287221638062462,1.04521576199611,0.7064519416765266,1.6318469703748493,1.6539936822810757,0.2159059674520978,0.8807436747008758,0.20763986189002726,1.6372398214636672,1.335781045483725,0.632328947413161,0.6480831848142746,0.7984870017690259,0.848513453716485,0.7257865036651865,0.38520313473773715,0.6938337753669647,0.5569554332774298,1.0114375227390635,1.0365467867642306,0.4280667159832905,0.2756815226451513,0.8308009347780865,-1.2805236115511542,0.9487314467573517,1.0306423293814486,0.6965013491358147,1.7128708582078982,0.8533232309674478,0.9303367287712754,0.9158146152961123,-1.1801206728805518,0.9521161407508462,1.171060188447054,1.5082651016113815,1.0963016387517965,0.6729020742333779,1.022653686616824,1.0179544802871299,0.7559101885318679,0.8773123471821508,0.8244481119683712,-1.2351754341205188,0.9476847100782388,-1.4182692760551048,1.0513563020641516,1.0099156699921383,-1.7132551560349225,0.6113528565671262,0.049454516866797665
0.8567145148285655,1.9165229554138368,0.7300071730615062,1.148665091738997,1.4880738839822623,1.3535916977839226,0.770076635194136,1.0403999087059739,1.2774076369409813,-0.1346469669797027,-0.06615627113048012,1.4867808548996644,0.7412910866149126,0.9783687572543013,0.7278598461248518,1.6058596156284046,1.6760213691492643,0.3693055775945397,0.9105512081669095,0.20763986189002726,2.2445243205019305,1.335781045483725,0.6036222614437096,0.6480831848142746,0.7984870017690259,0.848513453716485,0.6267400643824744,0.2694213590783518,0.43495007994166046,0.415367133248418,0.7704602492426003,1.0866394232432928,0.49627266729822733,0.15390452308259334,0.69675219762385,-1.1573687885956256,0.8719029432307908,1.0424798410593619,0.6354115511046375,1.9381823230006385,0.9909407679695185,1.004475492342095,0.663697971384331,-1.0889933524988415,1.1767630209517017,1.0638188729205857,1.485968875535764,0.9722988780950125,0.9119971462462765,0.9339657480286607,0.9533678753714625,0.7841569848463111,0.9637444248560346,0.9004570625963315,-1.4221223661228724,1.005149558985012,-1.3763537775452939,1.0513563020641516,1.3624012479891936,-1.8885024277404028,0.6480672362432522,-0.1596633658153027
0.7928507766150544,1.8956265001419235,0.7115670182072856,1.2291053003516497,1.4325632139882651,1.306718677457034,0.716110734938387,1.0403999087059739,1.3530038047271462,-0.1346469669797027,-0.09719818731219633,1.4867808548996644,0.7412910866149126,1.0104553195303665,0.7064519416765266,1.5787894544341943,1.6963546185660645,0.3693055775945397,0.8962435921032094,0.2655791439433638,1.4680875180785806,1.270500010463335,0.7184490053215156,0.6480831848142746,0.7543783383913919,0.848513453716485,0.47877681222952556,0.2694213590783518,0.2673930664688005,0.5569554332774298,0.9846622701283453,1.0866394232432928,0.49627266729822733,0.2147930228638723,0.7505033279066454,-1.1819997531867312,0.9101604021297311,1.0898298877710149,0.6354115511046375,1.853690523703361,0.8877276152179654,0.8932673469858655,0.6997146348002996,-1.0889933524988415,1.3513293864580986,1.0852671360258794,1.4636726494601469,0.9474983259636557,0.9517919604148625,1.000481701969783,1.0050583005822011,0.8124037811607545,1.0069604636929765,0.8624525872823513,-1.475535775266402,1.005149558985012,-1.334094709375566,1.018358417189321,1.753695520197025,-2.448662692291634,0.5746384768910003,-0.4039199091120167
0.7609189075082871,1.8956265001419235,0.6362697192192076,1.2488049432771946,1.3053512619186844,1.306718677457034,0.7430936850662615,1.1236731608433344,1.3530038047271462,-0.015761694671156016,-0.09719818731219633,1.50662808313336,0.7538600094235837,1.0104553195303665,0.7278598461248518,1.6719108089422796,1.7166878679828574,0.46880802741664623,0.8962435921032094,0.38628598155449223,1.5346392440005745,1.292260355470137,0.6897423193520641,0.7832620633490929,0.7102696750137579,1.0641517981139041,0.7257865036651865,0.4430940225674298,0.19128749817509663,0.6041515332871005,0.9846622701283453,1.1033369687363135,0.49627266729822733,0.33657002242643025,0.6699863286667029,-1.1327378240045198,0.8719029432307908,0.9832922826697955,0.6354115511046375,1.5999842739008796,0.81891884671693,0.9303367287712754,0.951831278712081,-1.1345570126896967,1.2515771775973004,1.0638188729205857,1.4636726494601469,1.0963016387517965,1.0313815887520346,1.08935137813702,0.9662640550763911,0.7841569848463111,1.0069604636929765,0.9004570625963315,-1.4488290706946372,1.0623798574880834,-1.3763537775452939,1.018358417189321,1.2841423935476273,-2.8338625055493423,0.6113528565671262,-0.7524497135821813
0.8567145148285655,1.8168629379631835,0.6547098740734283,1.2291053003516497,1.0231720227825272,1.4004647181108112,0.770076635194136,1.0959154101308843,1.3284861286883853,0.09836816674501839,-0.03750219465505466,1.50662808313336,0.7664289322322501,1.04521576199611,1.0775222854475346,1.6719108089422796,1.7166878679828574,0.41905680250559296,0.8807436747008758,0.2655791439433638,1.5013633810395774,1.292260355470137,0.05772462661479539,0.6931428109925474,0.864830770046041,1.0053851309140118,0.6764654196142036,0.38520313473773715,0.2673930664688005,0.5569554332774298,0.9043365122961909,1.0866394232432928,0.667067078172926,0.2147930228638723,1.0449278864352625,-1.1327378240045198,0.9487314467573517,0.9951297943477088,0.6354115511046375,1.289950157900213,0.81891884671693,0.9303367287712754,0.8797979518801436,-0.9978660321171313,1.2017010731669011,1.1067153991311731,1.485968875535764,1.1461060262287017,0.9119971462462765,1.1780393167251832,1.0050583005822011,0.8124037811607545,1.0069604636929765,0.8624525872823513,-1.3420022524075779,0.9765344097334759,-1.166432715336322,0.8863668776899984,1.0490450972129215,-2.8338625055493423,0.6847816159193781,-0.8921473155378459
0.8247826457218099,2.1126281510425486,0.6547098740734283,1.2094056574261047,0.8531705959259084,1.4004647181108112,0.8262911146272229,1.1537440574484936,1.3530038047271462,0.15543309745310557,-0.008848118179618596,1.4669336266659614,0.7412910866149126,1.04521576199611,1.7304633711215216,1.697898163688724,1.6539936822810757,0.3693055775945397,0.8807436747008758,0.3283466995011557,1.060458196806324,1.314020700476931,0.2876134150750752,0.7382024371708201,0.6661610116361241,1.0641517981139041,0.5774189803314914,0.3273122469080445,0.3436233979892155,0.5569554332774298,0.9043365122961909,1.1033369687363135,0.49627266729822733,0.33657002242643025,1.0449278864352625,-1.2312616823689426,0.7571305665339696,1.0188048177035354,0.6965013491358147,1.5154924746036018,0.9565363837190008,0.8191285834150458,0.663697971384331,-0.9523023719262763,1.2515771775973004,0.9565775573941179,1.5751537798382338,1.2701087868854857,0.9517919604148625,1.08935137813702,0.9921621208772725,0.8124037811607545,1.0069604636929765,0.9004570625963315,-1.2618821386922836,0.9476847100782388,-1.166432715336322,0.9853605323144904,1.0099156699921383,-2.7285994143612715,0.6847816159193781,-0.7175967331351648
0.7263260493093078,2.1704952579493826,0.8621616161834346,1.148665091738997,0.8392929284274052,1.451243823464949,0.7993081644993384,1.1236731608433344,1.2774076369409813,-0.07282662537926433,-0.06615627113048012,1.4867808548996644,0.7412910866149126,1.1093888865482404,1.6002319523941908,1.6849044863155043,1.6539936822810757,0.2656571923631511,0.9105512081669095,0.4442252636078502,0.4864495607290576,1.314020700476931,0.6036222614437096,0.6931428109925474,0.7102696750137579,1.1229184653137962,0.6764654196142036,0.3273122469080445,0.43495007994166046,0.6041515332871005,0.9578870175176272,1.1033369687363135,0.7352730294878628,0.33657002242643025,0.5093911149238209,-1.2558926469600484,0.9101604021297311,0.876657648784331,0.6965013491358147,1.628148206999972,0.8533232309674478,0.8561979652004557,0.8797979518801436,-1.3168116534531171,1.151824968736502,0.8920569626429475,1.3967839712332946,1.2949093390168425,0.9517919604148625,1.1115233627840608,0.9662640550763911,0.8688973737896412,1.0069604636929765,0.8244481119683712,-1.1014230038471717,0.9765344097334759,-0.9987707212970782,1.0513563020641516,0.9707862427713552,-2.588631053326453,0.6113528565671262,-0.4736258700060496
0.7609189075082871,1.9551010266850617,1.5367639479337454,1.188064377590094,0.7826257861418691,1.4004647181108112,0.8262911146272229,1.1236731608433344,1.3284861286883853,0.04130323603693119,-0.008848118179618596,1.50662808313336,0.7538600094235837,1.1093888865482404,1.4682165416295114,1.697898163688724,1.7166878679828574,0.31540841727422275,0.8807436747008758,0.38628598155449223,0.18142081691988132,1.270500010463335,0.43114684492233274,0.6030235586360018,0.7984870017690259,1.1229184653137962,0.7257865036651865,0.4430940225674298,0.19128749817509663,0.6041515332871005,1.1990837602977849,1.069941877750272,0.3939637403258221,0.33657002242643025,0.4290935080523799,-1.1819997531867312,0.8336454843318504,1.0188048177035354,0.757591147166992,1.4591646084054168,0.9221319994684831,0.9303367287712754,0.843781288464175,-1.0434296923079864,1.1268869165213025,0.9780258204994114,1.3074163109793853,1.2949093390168425,0.9915867745834486,0.91179376338162,0.9921621208772725,0.8406505774751978,0.9205283860190927,0.7104346860264308,-1.1281297084189366,0.9476847100782388,-0.8311087272578344,0.9853605323144904,1.0881745244337047,-2.483654782550339,0.6113528565671262,-0.36878124849740146
0.7263260493093078,1.3474964041633095,1.762655844897979,1.2291053003516497,0.7687481186433659,1.306718677457034,0.8262911146272229,1.1537440574484936,1.3019253129797421,-0.015761694671156016,0.04846003477123232,1.4867808548996644,0.7412910866149126,1.04521576199611,1.6002319523941908,1.710891841061944,1.7370211173996501,0.46880802741664623,0.8807436747008758,0.4442252636078502,0.07882023945680103,1.292260355470137,0.5459735888001387,0.6480831848142746,0.7543783383913919,1.0641517981139041,0.7751075877161695,0.2694213590783518,0.2065086118338374,0.5569554332774298,1.0652074972441943,1.0866394232432928,0.7352730294878628,0.3974585222077092,0.69675219762385,-1.2805236115511542,0.9101604021297311,0.9832922826697955,0.6354115511046375,1.628148206999972,0.9221319994684831,0.9674061105566852,0.663697971384331,-1.271247993262262,0.9770541929660457,0.9780258204994114,1.1513427284500637,1.220507682622772,1.1109712170892068,1.1780393167251832,0.9662640550763911,0.7841569848463111,0.9637444248560346,0.8624525872823513,-1.1817620249769891,0.9765344097334759,-0.8730242257676454,0.9853605323144904,0.9707862427713552,-2.483654782550339,0.5746384768910003,-0.4039199091120167
0.7263260493093078,0.9745750485415016,1.5736442576421934,1.2094056574261047,0.7398363113548257,1.4004647181108112,0.8532740647550975,1.1815018081609436,1.3019253129797421,0.09836816674501839,0.16546418037923552,1.50662808313336,0.7538600094235837,1.077302324272175,1.3379851229021806,1.697898163688724,1.6963546185660645,0.46880802741664623,0.8962435921032094,0.2655791439433638,-0.05705620096728861,1.314020700476931,0.7184490053215156,0.4678446801011835,0.886885101734858,1.0249740199806425,0.7257865036651865,0.21153047124865915,0.03895159836097779,0.651347633296771,0.9311117649069091,1.0866394232432928,0.7011700538303944,0.3974585222077092,1.419869444203822,-1.0834758948223084,0.8719029432307908,0.9121701838180707,0.757591147166992,1.5154924746036018,0.8877276152179654,0.8932673469858655,0.843781288464175,-1.0434296923079864,1.1019488643061028,1.1067153991311731,1.0844540502232114,1.1957071304914153,1.0313815887520346,0.8674497940875385,1.0050583005822011,0.8406505774751978,1.0069604636929765,0.8244481119683712,-1.315295547835813,1.0337647082365475,-1.0826017183167003,1.018358417189321,1.0099156699921383,-2.448662692291634,0.6847816159193781,-0.29907528760336854
0.7928507766150544,0.8765224507271384,1.5736442576421934,1.2094056574261047,0.7398363113548257,1.3535916977839226,0.7993081644993384,1.1537440574484936,1.3284861286883853,0.04130323603693119,0.19411825685466097,1.50662808313336,0.7800452652749743,0.9783687572543013,1.0989301898958599,1.7249683248829346,1.6963546185660645,0.5185592523276995,0.8962435921032094,0.3283466995011557,0.012268513534794669,1.314020700476931,0.6610356333826125,0.557963932457729,0.930993765112492,1.0249740199806425,0.2814924760255937,0.4430940225674298,-0.1894898697468449,0.651347633296771,1.0919827498549124,1.0532443322572513,0.7693760051453312,0.2756815226451513,0.9646302795638215,-1.2558926469600484,0.7571305665339696,0.959617259313969,0.8186809451981693,1.4028367422072316,0.5778061538137116,0.9303367287712754,0.5916646445523936,-0.9523023719262763,0.9770541929660457,1.0638188729205857,0.92819771174245,1.121305474097345,0.9517919604148625,0.8674497940875385,0.9662640550763911,0.7841569848463111,1.0069604636929765,0.9004570625963315,-1.1014230038471717,1.0337647082365475,-0.9568552227872673,0.9523626474396597,1.0881745244337047,-2.273702240998111,0.5379240972148744,-0.2642223071563521
0.8886463839353329,0.7768624332764853,1.5936210920676026,1.2094056574261047,0.7398363113548257,1.451243823464949,0.8532740647550975,1.1815018081609436,1.3530038047271462,0.09836816674501839,0.924797206978095,1.4867808548996644,0.7800452652749743,1.0104553195303665,0.859875256889539,1.710891841061944,1.7166878679828574,0.46880802741664623,0.9248588242306044,0.4442252636078502,0.045544376495804,1.335781045483725,1.2928180254152133,0.6480831848142746,0.7543783383913919,0.985796241847381,0.6764654196142036,0.21153047124865915,-0.5092580198071123,0.651347633296771,1.0384322446334762,1.1200345142293342,0.7011700538303944,0.2147930228638723,0.7237374589494985,-1.1327378240045198,0.9487314467573517,0.9476827188518104,0.6965013491358147,1.5436564077026944,0.715705693965377,0.8932673469858655,0.663697971384331,-0.8608015789200505,1.0019922451812453,1.1067153991311731,0.7273489211104539,1.1709065783600585,0.9517919604148625,1.1558673320781425,0.9921621208772725,0.7841569848463111,0.8340963083452089,0.9004570625963315,-0.6738968232844121,1.005149558985012,-0.4535256710096188,1.018358417189321,1.166433378875271,-2.238710150739406,0.75821037527163,-0.2642223071563521
0.7609189075082871,0.5807572376477732,1.499883638225304,1.2094056574261047,0.7259586438563277,1.3535916977839226,0.8532740647550975,1.1236731608433344,1.377521480765898,0.21725343905354394,1.7700924630032413,1.5264753113670555,0.7664289322322501,1.04521576199611,0.7064519416765266,1.7249683248829346,1.7997153031014392,0.5185592523276995,0.9248588242306044,0.3283466995011557,-0.02100734942620235,1.314020700476931,1.03445785169015,0.6030235586360018,0.842776438357224,1.0053851309140118,0.6267400643824744,0.38520313473773715,-0.5550461240100456,0.415367133248418,1.1187580024656305,1.069941877750272,0.667067078172926,0.2756815226451513,0.6164545907524089,-0.9849520364578856,0.986988905656292,0.8411451137505912,0.6965013491358147,1.571820340801787,0.81891884671693,0.8561979652004557,0.5553527625838357,-0.8608015789200505,1.026930297396445,1.1925084515523474,0.45979420820304523,1.1957071304914153,0.8722023320776904,1.2223832860192652,0.9921621208772725,0.8406505774751978,1.0069604636929765,0.8624525872823513,-0.7807236415714713,1.005149558985012,-0.07594261476140327,0.9853605323144904,1.0490450972129215,-2.16843914981004,0.6847816159193781,-0.36878124849740146
0.7609189075082871,0.4827046398334172,1.2186712766984082,1.2291053003516497,0.7120809763578297,1.3535916977839226,0.8532740647550975,1.1815018081609436,1.3530038047271462,0.21725343905354394,1.4190800261792424,1.5264753113670555,0.7538600094235837,1.0104553195303665,0.6422282283315434,1.7249683248829346,1.9030759876368142,0.5185592523276995,0.9105512081669095,0.4442252636078502,-0.02100734942620235,1.314020700476931,0.632328947413161,0.6931428109925474,0.7323240067025749,1.0837406871805348,0.7751075877161695,0.3273122469080445,-0.4179313378546676,0.5097593332677592,1.0384322446334762,1.0866394232432928,0.7693760051453312,0.2756815226451513,0.8575668037352334,-1.2558926469600484,0.986988905656292,0.9003326721401574,0.6965013491358147,1.4873285415045094,0.9565363837190008,0.9303367287712754,0.6276813079683623,-0.9067387117354212,1.0768064018268442,1.0638188729205857,0.12516806111734471,1.1461060262287017,0.9517919604148625,1.1336953474311018,1.0179544802871299,0.8406505774751978,0.9637444248560346,0.8624525872823513,-0.7540169369997065,1.005149558985012,-0.4954411695194298,1.018358417189321,1.0099156699921383,-2.1334470595513353,0.6480672362432522,-0.43877288955903315
0.7609189075082871,0.44412656856219224,0.9743392248799538,1.2094056574261047,0.6982033088593266,1.4004647181108112,0.880257014882972,1.2092595588734039,1.3284861286883853,0.15543309745310557,1.1564176584878105,1.5264753113670555,0.7664289322322501,1.077302324272175,0.6190363318458539,1.7249683248829346,2.336851975195106,0.41905680250559296,0.9248588242306044,0.4442252636078502,-0.02100734942620235,1.292260355470137,0.7758623772604185,0.6030235586360018,0.8207221066684071,1.0249740199806425,0.5774189803314914,0.38520313473773715,-0.40271022419592684,0.4625632332580886,1.0919827498549124,1.0532443322572513,0.837581956460268,0.3974585222077092,0.589688721795262,-1.1573687885956256,0.986988905656292,0.9121701838180707,0.6965013491358147,1.0364747600083801,0.81891884671693,0.9303367287712754,0.6997146348002996,-0.7241105983474851,1.0768064018268442,0.9780258204994114,-0.03108827736341669,1.2701087868854857,0.5535176317276197,1.244555270666306,1.0308506599920586,0.8406505774751978,1.0069604636929765,0.9384615379103116,-0.9945961855601126,1.005149558985012,-0.8730242257676454,1.018358417189321,1.1273039516544878,-2.063462879033926,0.6480672362432522,0.2937110601635117
0.8247826457218099,0.4055484972909744,1.0496365238680319,1.2488049432771946,0.994260215493987,1.306718677457034,0.880257014882972,1.2370173095858539,1.3530038047271462,0.21725343905354394,1.1564176584878105,1.4867808548996644,0.7800452652749743,1.077302324272175,0.5334047140525455,1.710891841061944,2.2131580412429384,0.41905680250559296,0.9105512081669095,0.38628598155449223,-0.02100734942620235,1.3593547525744225,0.2876134150750752,0.7382024371708201,0.8207221066684071,0.985796241847381,0.7257865036651865,0.3273122469080445,-0.6311516923037496,0.5569554332774298,1.0384322446334762,1.0365467867642306,0.5303756429556957,0.33657002242643025,0.6164545907524089,-1.1081068594134142,0.8719029432307908,1.184627009978566,0.6965013491358147,1.0646386931074727,0.81891884671693,0.9303367287712754,0.6276813079683623,-0.8152379187291954,1.0019922451812453,0.999474083604705,-0.23193706799541286,1.0715010866204397,0.8324075179091044,1.08935137813702,1.0179544802871299,0.7559101885318679,1.0069604636929765,0.9384615379103116,-1.3687089569793427,1.005149558985012,-1.3763537775452939,1.0843541869389823,1.0490450972129215,-2.063462879033926,0.6847816159193781,0.5028289428456104
0.8567145148285655,0.3846520420190612,1.1049569884307004,1.2488049432771946,1.417529074198223,1.4981168437918548,0.8532740647550975,1.1815018081609436,1.3284861286883853,0.15543309745310557,1.2734218040958138,1.50662808313336,0.7412910866149126,1.04521576199611,0.5102128175668561,1.6849044863155043,1.406605814376733,0.5683104772387712,0.9391664402942993,0.4442252636078502,-0.02100734942620235,1.314020700476931,0.747155691290967,0.7382024371708201,0.7543783383913919,0.985796241847381,0.6764654196142036,0.21153047124865915,-0.5702672376687864,0.4625632332580886,0.7436849966318821,1.0866394232432928,0.5644786186131642,0.2756815226451513,0.69675219762385,-0.935488214123288,0.9487314467573517,1.0898298877710149,0.6965013491358147,2.360872171397676,0.715705693965377,1.0786142559129148,0.8797979518801436,-0.8152379187291954,0.9521161407508462,1.0209223467099986,-0.3880106505247346,1.046700534489083,0.9517919604148625,1.2667272553133466,1.0050583005822011,0.7841569848463111,1.0933925413668604,0.9004570625963315,-1.4488290706946372,1.0623798574880834,-2.0473453233621863,0.9853605323144904,1.0881745244337047,-2.1334470595513353,0.7214959955955041,0.5028289428456104
0.7928507766150544,0.3846520420190612,0.9743392248799538,1.3095455089643027,1.3331065969156857,1.3535916977839226,0.880257014882972,1.1537440574484936,1.377521480765898,0.04130323603693119,1.2447677276203777,1.5479764752868963,0.7538600094235837,1.04521576199611,0.5102128175668561,1.6719108089422796,1.1168570101874016,0.46880802741664623,0.9832815898240332,0.2655791439433638,-0.09033206392828563,1.292260355470137,0.6610356333826125,0.557963932457729,0.5558893531920391,0.8681023427831157,0.6764654196142036,0.3273122469080445,-0.524479133465853,0.5569554332774298,1.1723085076870667,1.0532443322572513,0.4280667159832905,0.33657002242643025,0.32181063985529046,-0.9849520364578856,0.9487314467573517,1.101667399448928,0.8186809451981693,1.9945101891988237,0.81891884671693,0.9303367287712754,0.7357312982162683,-0.632983277965775,1.0019922451812453,1.1067153991311731,-0.47719555482720516,1.0963016387517965,0.9915867745834486,1.311071224607428,1.0050583005822011,0.7841569848463111,0.9637444248560346,0.7864436366543911,-1.475535775266402,1.0623798574880834,-2.21500731740143,1.018358417189321,1.753695520197025,-2.028470788775221,0.6847816159193781,0.014601536419781205
0.8567145148285655,0.42483753292658333,0.8053044720495841,1.3292451518898476,1.192016977347602,1.3535916977839226,0.9364714943160489,1.1537440574484936,1.3019253129797421,0.09836816674501839,1.099109505536949,1.50662808313336,0.7664289322322501,1.1093888865482404,0.48880491311852303,1.8300005503164738,0.9508021399502452,0.5683104772387712,0.9248588242306044,0.4442252636078502,-0.09033206392828563,1.314020700476931,0.43114684492233274,0.557963932457729,0.6220523482584901,0.8681023427831157,0.6764654196142036,0.2694213590783518,-0.6463728059624902,0.651347633296771,0.9846622701283453,1.069941877750272,0.5303756429556957,0.33657002242643025,0.29504477089814346,-0.9108572495321823,1.0252463645552334,1.0661548644151884,0.6354115511046375,1.2617862248011205,0.8533232309674478,0.9303367287712754,0.7717479616322369,-0.632983277965775,1.1019488643061028,0.9780258204994114,-0.767229249761671,1.046700534489083,1.0313815887520346,1.200211301372224,1.0437468396969871,0.8124037811607545,0.9205283860190927,0.7864436366543911,-1.4221223661228724,1.0623798574880834,-2.1730918188916193,1.018358417189321,1.166433378875271,-2.028470788775221,0.7214959955955041,-0.36878124849740146
0.8886463839353329,0.5228901307409394,0.7115670182072856,1.3095455089643027,1.1642616423506058,1.4004647181108112,0.880257014882972,1.1815018081609436,1.3284861286883853,0.21725343905354394,0.924797206978095,1.5264753113670555,0.7800452652749743,1.077302324272175,0.42279720773618334,2.0281541302580983,1.0134963256520269,0.5683104772387712,0.9391664402942993,0.3283466995011557,-0.02100734942620235,1.335781045483725,0.43114684492233274,0.6030235586360018,0.842776438357224,1.1033295762471655,0.6764654196142036,0.38520313473773715,-0.661593919621231,0.5097593332677592,1.0114375227390635,1.069941877750272,0.3598607646683537,0.3974585222077092,0.1612154261124084,-1.2558926469600484,1.0252463645552334,1.0069673060256221,0.8797707432293465,1.8255265906042684,0.81891884671693,0.8932673469858655,0.843781288464175,-0.4962922973932097,1.0518683496116445,1.0209223467099986,-0.6557481193835839,0.6000873129104691,1.0313815887520346,1.244555270666306,0.9921621208772725,0.8406505774751978,0.9637444248560346,0.8624525872823513,-1.2618821386922836,0.9765344097334759,-2.1730918188916193,0.9853605323144904,0.30526524700803287,-1.958486608257812,0.6847816159193781,-0.9270002959848623
0.8886463839353329,0.5036010951053305,0.6931268633530581,1.3095455089643027,1.1492275025605638,1.4004647181108112,0.9072399650108566,1.1815018081609436,1.3530038047271462,0.27431836976165225,0.8651012143209533,1.5264753113670555,0.7800452652749743,1.04521576199611,0.6422282283315434,2.0151604528848788,0.8898023916998592,0.46880802741664623,0.9391664402942993,0.4442252636078502,0.38384898326597733,1.314020700476931,0.43114684492233274,0.557963932457729,0.8207221066684071,1.1033295762471655,0.6764654196142036,0.38520313473773715,-0.8595931604115722,0.5569554332774298,1.0919827498549124,1.0866394232432928,0.5985815942706326,0.2147930228638723,0.536156983880968,-1.034213965640097,0.9487314467573517,1.0424798410593619,0.757591147166992,1.2054583586029355,0.8533232309674478,0.8932673469858655,0.6997146348002996,-0.7241105983474851,1.1268869165213025,1.0852671360258794,-0.7003405715348188,0.426483447990971,0.9517919604148625,0.9561377326757015,1.0179544802871299,0.7559101885318679,0.9637444248560346,0.9764660132242917,-1.2351754341205188,0.9476847100782388,-2.0473453233621863,1.0843541869389823,-0.008090903768237375,-1.9234945179991074,0.5746384768910003,-0.9967062568788954
0.9232392421343122,0.5807572376477732,0.6362697192192076,1.3095455089643027,0.9803825479954839,1.4004647181108112,0.9072399650108566,1.1815018081609436,1.3284861286883853,0.09836816674501839,0.7480970687129501,1.50662808313336,0.7664289322322501,1.04521576199611,0.6850440372281936,1.3936295518657895,0.6407200863441209,0.6222076375590881,0.9391664402942993,0.5021645456611867,2.177972594579924,1.314020700476931,0.31632010104452674,0.6480831848142746,1.0853740869342108,1.0837406871805348,0.5280978962805085,0.3273122469080445,-1.0728135148606541,0.6985437333064417,0.7436849966318821,1.1033369687363135,0.49627266729822733,0.5197346078340487,0.6699863286667029,-0.8369643557588652,0.986988905656292,1.0661548644151884,0.757591147166992,0.980146893810195,0.81891884671693,0.8932673469858655,0.843781288464175,-0.632983277965775,1.0019922451812453,1.0423706098152923,-0.7449330236860535,0.22787574772592506,1.0313815887520346,1.000481701969783,1.0050583005822011,0.7841569848463111,0.9637444248560346,0.9384615379103116,-1.3687089569793427,1.005149558985012,-2.1730918188916193,1.0513563020641516,-0.9869680503078316,-1.958486608257812,0.5746384768910003,-0.43877288955903315
0.8886463839353329,0.6595207998265203,0.6746867084988375,1.3489447948153925,0.9526272129984878,1.5449898641187432,0.880257014882972,1.1537440574484936,1.3530038047271462,0.21725343905354394,0.7194429922375246,1.5264753113670555,0.7538600094235837,0.9783687572543013,0.48880491311852303,1.0904437464906258,0.5170261523919458,0.5185592523276995,0.9391664402942993,0.4442252636078502,2.4497254754281035,1.314020700476931,0.6610356333826125,0.6480831848142746,0.975102428490126,0.985796241847381,0.5774189803314914,0.38520313473773715,-0.8595931604115722,0.651347633296771,1.0919827498549124,1.1033369687363135,0.49627266729822733,0.5197346078340487,0.8040350658209394,-0.8862262849410766,1.0252463645552334,1.0898298877710149,0.6965013491358147,1.1209665593056577,0.81891884671693,0.8561979652004557,0.9878479421280496,-0.5418559575840648,1.1019488643061028,1.213956714657641,-0.7003405715348188,-0.1443358174586184,1.0313815887520346,0.9561377326757015,1.0050583005822011,0.8124037811607545,0.9637444248560346,0.7104346860264308,-1.4221223661228724,1.0337647082365475,-2.382669311440674,1.0843541869389823,-1.613359618850369,-1.9234945179991074,0.6113528565671262,-0.7873026940291977
0.8886463839353329,0.8765224507271384,0.5993894095107595,1.3489447948153925,0.9526272129984878,1.5449898641187432,0.8532740647550975,1.1537440574484936,1.3019253129797421,0.3884482311778267,0.6621348392866632,1.50662808313336,0.7926141880836407,1.0104553195303665,0.4459891042218728,1.0633735852964152,0.5170261523919458,0.7714613122922479,0.9391664402942993,0.5601038277145232,1.87294385077076,1.292260355470137,0.8906891211382245,0.7382024371708201,0.842776438357224,1.0445629090472732,0.6267400643824744,0.4430940225674298,-0.7072572605974534,0.6041515332871005,1.0652074972441943,1.0365467867642306,0.46216969164075894,0.33657002242643025,1.0984596243495566,-0.9108572495321823,0.9487314467573517,1.0898298877710149,0.6354115511046375,0.4164065280070471,0.7845144624664124,0.9674061105566852,1.1682264777604832,-0.5418559575840648,1.0768064018268442,1.2355807831982242,-0.7895254758372883,-0.6405501432999463,1.0313815887520346,0.9339657480286607,1.0308506599920586,0.7559101885318679,0.9637444248560346,0.7864436366543911,-1.2885888432640482,1.0337647082365475,-2.340753812930863,1.0843541869389823,-1.887265609395851,-1.8885024277404028,0.6113528565671262,-1.0664122177729283
0.9232392421343122,1.0517311910839444,0.5609724202311297,1.3292451518898476,0.7548704511448678,1.3535916977839226,0.8532740647550975,1.2092595588734039,1.3284861286883853,0.44551316188591383,0.7194429922375246,1.50662808313336,0.7800452652749743,0.9462821949782241,1.120338094344185,0.9713350372361007,0.4543319666901642,0.7217100873811947,0.9689739737603383,0.38628598155449223,1.8063921248487538,1.314020700476931,0.9481024930771275,0.6931428109925474,0.7323240067025749,1.0641517981139041,0.5774189803314914,0.4430940225674298,-0.7529206015736757,0.7457398333161123,1.2526342655192213,1.1033369687363135,0.4280667159832905,0.5806231076153276,1.5271523124009114,-0.9108572495321823,0.986988905656292,1.1135049111268414,0.6965013491358147,0.47273439420523217,0.81891884671693,0.9303367287712754,0.8077646250482063,-0.5874196177749199,1.151824968736502,1.2784773094088113,-0.8788931360911976,-0.863958395696349,1.0313815887520346,1.08935137813702,0.9921621208772725,0.671169799588538,1.0069604636929765,0.8244481119683712,-0.8610626627012886,0.9765344097334759,-2.089260821871997,0.9853605323144904,-1.9263950366166342,-2.028470788775221,0.6480672362432522,-1.0664122177729283
0.8886463839353329,0.7977588885483985,0.5425322653769091,1.288204229128292,0.5987466917867471,1.451243823464949,0.880257014882972,1.1815018081609436,1.3284861286883853,0.5073335034863522,0.7480970687129501,1.5264753113670555,0.7538600094235837,0.9783687572543013,1.6002319523941908,0.9312711986686655,0.3306380327379966,0.6222076375590881,0.9391664402942993,0.38628598155449223,1.6372398214636672,1.314020700476931,1.1205779095985045,0.6931428109925474,0.8207221066684071,0.9662073527807502,0.6764654196142036,0.5588757982268151,-0.6768150332799718,0.6985437333064417,1.1455332550763486,1.069941877750272,0.7352730294878628,0.032127523520035374,1.419869444203822,-0.9108572495321823,0.9487314467573517,1.0898298877710149,0.8186809451981693,-0.0626111865881747,0.4401886168116409,0.9674061105566852,0.8077646250482063,-0.5418559575840648,1.0518683496116445,1.0852671360258794,-1.1018553968473714,-1.1121672002241085,0.9517919604148625,1.1336953474311018,0.9662640550763911,0.7559101885318679,1.0501765025299183,0.8624525872823513,-0.7807236415714713,0.9476847100782388,-1.8793397596630255,1.018358417189321,-2.239751187392906,-1.9234945179991074,0.5746384768910003,-0.7524497135821813
0.9232392421343122,0.7189953263696514,0.6746867084988375,1.288204229128292,0.5432360217927499,1.4981168437918548,0.8262911146272229,1.1815018081609436,1.3284861286883853,0.5073335034863522,0.6907889157620992,1.50662808313336,0.7412910866149126,0.9462821949782241,1.2737614095571974,0.7731814572944761,0.31030478332119626,0.5185592523276995,0.9832815898240332,0.5021645456611867,1.5346392440005745,1.335781045483725,1.1492845955679558,0.6931428109925474,0.842776438357224,1.0641517981139041,0.5280978962805085,0.4430940225674298,-0.7224783742561941,0.7457398333161123,1.1723085076870667,1.1033369687363135,0.8034789808027997,0.4583470219889882,1.6074499192723528,-0.9601191787143937,0.986988905656292,1.0543173527372751,0.8797707432293465,0.1066032639170291,0.8533232309674478,0.9303367287712754,0.5916646445523936,-0.5874196177749199,0.9770541929660457,1.1281636622364666,-1.146447848998606,-1.4099771090145816,0.8324075179091044,1.3332432092544688,1.0050583005822011,0.7559101885318679,1.0501765025299183,0.9384615379103116,-0.7807236415714713,1.0337647082365475,-1.6278467686041596,1.018358417189321,-1.848136182175068,-1.3983263437065805,0.6847816159193781,-0.5433318309000825
0.8567145148285655,1.0726276463558575,1.3308488853949274,1.3095455089643027,0.4726912120087105,1.451243823464949,0.7993081644993384,1.1815018081609436,1.3284861286883853,0.5073335034863522,0.573784770154096,1.5479764752868963,0.7664289322322501,1.0104553195303665,1.3825849238361951,0.6010152320992912,0.3306380327379966,0.6222076375590881,0.9975892058877281,0.4442252636078502,1.3322110776544909,1.314020700476931,0.919395807107676,0.6931428109925474,0.7984870017690259,1.0837406871805348,0.7257865036651865,0.38520313473773715,-0.7376994879149349,0.6041515332871005,1.3061847707406575,1.0365467867642306,1.076302786062547,0.6415116073966066,1.393103575246675,-0.8369643557588652,0.8336454843318504,0.9951297943477088,0.6354115511046375,-0.28792265138091505,0.7501100782158947,0.9303367287712754,0.663697971384331,-0.6785469381566301,1.1019488643061028,0.9780258204994114,-1.1912230571012807,-1.4595782132772952,0.9915867745834486,0.9783097173227422,1.0179544802871299,0.8124037811607545,0.9637444248560346,0.7864436366543911,-1.0213028901318775,1.005149558985012,-1.7116777656237816,1.018358417189321,-1.026097477528615,-1.4333184339652851,0.6847816159193781,-0.36878124849740146
0.9232392421343122,1.0919166819914665,1.3492890402491482,1.3489447948153925,0.4160240697231692,1.451243823464949,0.9072399650108566,1.1815018081609436,1.3530038047271462,0.6214633649025477,0.573784770154096,1.4867808548996644,0.7664289322322501,0.9783687572543013,1.534224247011851,0.5349640387854163,0.3713045315715822,0.7714613122922479,0.9534740563579995,0.5601038277145232,0.7914783045382339,1.3811150975812163,0.6897423193520641,0.6480831848142746,0.997156760178943,1.1620962434470579,0.5774189803314914,0.5009849103971225,-0.6311516923037496,0.651347633296771,1.0919827498549124,1.069941877750272,0.7693760051453312,0.5806231076153276,1.419869444203822,-0.935488214123288,0.9487314467573517,0.9121701838180707,0.8186809451981693,-0.40080923568793375,0.81891884671693,1.004475492342095,0.951831278712081,-0.632983277965775,1.2515771775973004,0.8062639102217731,-1.2804079614037502,-1.484378765408652,1.0313815887520346,0.8452778094404978,1.0050583005822011,0.8406505774751978,0.8340963083452089,0.7864436366543911,-1.3687089569793427,0.9765344097334759,-1.7116777656237816,1.018358417189321,-1.3782623225156634,-1.6782630657762179,0.6480672362432522,-0.29907528760336854
0.9551711112410796,0.7977588885483985,0.7484473279157269,1.3489447948153925,0.4021464022246712,1.4981168437918548,0.8532740647550975,1.1236731608433344,1.3019253129797421,0.6214633649025477,0.573784770154096,1.4867808548996644,0.7800452652749743,0.9783687572543013,1.4039928282845282,0.5089766840389767,0.3509712821547894,0.6719588624701414,0.9105512081669095,0.5021645456611867,0.4171248462269743,1.335781045483725,0.11513799855369838,0.6931428109925474,0.997156760178943,1.1620962434470579,0.7257865036651865,0.38520313473773715,-0.9052565013877946,0.651347633296771,1.2258590129085032,1.069941877750272,0.7011700538303944,0.5806231076153276,0.9646302795638215,-1.034213965640097,1.0635038234541738,0.9358452071738972,0.8186809451981693,-0.6824485666788592,0.8877276152179654,1.004475492342095,0.951831278712081,-0.5418559575840648,1.3513293864580986,1.171060188447054,-1.3027041874793677,-1.5339798696713656,0.5137228175590337,0.9339657480286607,1.0179544802871299,0.7559101885318679,0.8773123471821508,0.8624525872823513,-1.3687089569793427,0.9765344097334759,-1.0826017183167003,0.9523626474396597,-1.1434857591909644,-1.958486608257812,0.6480672362432522,-0.2642223071563521
1.0190348494545907,0.6595207998265203,0.6547098740734283,1.3292451518898476,0.37323459493613104,1.451243823464949,0.880257014882972,1.1815018081609436,1.3284861286883853,0.5073335034863522,0.7791389848946663,1.567823703520592,0.7664289322322501,1.0104553195303665,1.2291616086231827,0.49490020021798603,0.3713045315715822,0.7714613122922479,0.9391664402942993,0.5601038277145232,0.18142081691988132,1.335781045483725,0.43114684492233274,0.6480831848142746,1.063319755245394,1.0837406871805348,0.6764654196142036,0.5009849103971225,-0.935698728705276,0.651347633296771,1.1455332550763486,1.069941877750272,0.837581956460268,0.3974585222077092,0.8575668037352334,-1.1819997531867312,1.0635038234541738,1.0543173527372751,0.6354115511046375,-0.5979567673815815,0.9221319994684831,1.041544874127505,0.8077646250482063,-0.4962922973932097,1.1268869165213025,1.2355807831982242,-1.2804079614037502,-1.6827831824595063,0.9517919604148625,1.022653686616824,1.0179544802871299,0.7841569848463111,0.9637444248560346,0.8244481119683712,-1.315295547835813,0.9765344097334759,-0.4535256710096188,1.0513563020641516,-1.5351007644088026,-2.6236231435851574,0.6480672362432522,-0.19451634626231915
1.050966718561358,0.6997062907340424,0.8621616161834346,1.3095455089643027,0.35935692743763303,1.5449898641187432,0.880257014882972,1.1815018081609436,1.3019253129797421,0.5073335034863522,1.5933923247380966,1.4867808548996644,0.7926141880836407,0.9462821949782241,0.9901066756168619,0.49490020021798603,0.28997153390440344,0.7714613122922479,0.9391664402942993,0.6228713832723152,0.1481449539588843,1.3593547525744225,0.8332757491993216,0.6480831848142746,1.01921109186776,1.0053851309140118,0.6267400643824744,0.6167666860565078,-1.0575924012019133,0.651347633296771,1.0652074972441943,1.0866394232432928,0.5985815942706326,0.2756815226451513,0.8843326726923805,-0.9849520364578856,1.0252463645552334,1.1135049111268414,0.5743217530734603,-0.7108433516886002,0.8533232309674478,1.004475492342095,0.7717479616322369,-0.4962922973932097,1.1268869165213025,1.3213738356193987,-1.2804079614037502,-1.8069892263304819,1.0711764029206208,1.3775871785485503,0.9791602347813197,0.6994165959029812,0.8773123471821508,0.9384615379103116,-1.2351754341205188,1.005149558985012,-0.5373566680292408,1.0843541869389823,-1.065226904749398,-2.7285994143612715,0.6480672362432522,-0.12481038536828623
1.0190348494545907,0.5614682020121643,0.9743392248799538,1.3095455089643027,0.3165674526505897,1.4981168437918548,0.8532740647550975,1.2647750602983039,1.4020391568046497,0.5643984341944606,1.5933923247380966,1.5479764752868963,0.7664289322322501,1.0104553195303665,0.7278598461248518,0.42884900690411115,0.971135389367038,0.7217100873811947,0.9832815898240332,0.5601038277145232,0.11209610241779804,1.3593547525744225,1.1205779095985045,0.557963932457729,0.953048096801309,1.1620962434470579,0.6764654196142036,0.5588757982268151,-1.0423712875431725,0.6041515332871005,0.9043365122961909,1.1200345142293342,0.9739938590901417,0.5197346078340487,0.7237374589494985,-1.0095830010489915,0.9101604021297311,1.2083020333343926,0.8186809451981693,-1.0769744819768046,0.81891884671693,0.9674061105566852,0.8797979518801436,-0.6785469381566301,1.151824968736502,1.0852671360258794,-1.681922786716303,-1.8565903305931954,1.1507660312577928,1.022653686616824,0.9791602347813197,0.8124037811607545,0.8773123471821508,0.8624525872823513,-1.2351754341205188,0.9765344097334759,-0.4535256710096188,1.018358417189321,0.07016795067332895,-2.6236231435851574,0.6847816159193781,-0.08995740492126976
1.0190348494545907,0.42483753292658333,0.8621616161834346,1.3292451518898476,0.34547925993912987,1.451243823464949,0.9364714943160489,1.2647750602983039,1.3019253129797421,0.5073335034863522,1.2161136511449522,1.5264753113670555,0.7926141880836407,1.0104553195303665,0.5976284273975209,0.8121624894141405,1.426939063793526,0.7714613122922479,0.9689739737603383,0.6808106653256517,0.012268513534794669,1.3811150975812163,1.1492845955679558,0.6030235586360018,1.0412654235565768,0.9466184637141195,0.6764654196142036,0.6167666860565078,-1.0423712875431725,0.6041515332871005,0.9846622701283453,1.0866394232432928,0.8716849321177365,0.3974585222077092,0.48262524596667394,-0.9849520364578856,1.0252463645552334,1.0779923760931016,0.5743217530734603,-0.6824485666788592,0.8877276152179654,1.004475492342095,0.6276813079683623,-0.3596013168206444,1.1268869165213025,0.9565775573941179,-1.7042190127919203,-1.9805930912499794,1.0711764029206208,1.1336953474311018,1.0050583005822011,0.7276633922174245,0.8773123471821508,0.8624525872823513,-1.1817620249769891,1.005149558985012,-0.15977361178102523,0.9523626474396597,0.4617829558911673,-2.5186468728090436,0.6480672362432522,-0.020251444027235256
1.050966718561358,0.30749589947661843,1.0496365238680319,1.3489447948153925,0.34547925993912987,1.4981168437918548,0.9072399650108566,1.2948459569034632,1.2774076369409813,0.5073335034863522,1.099109505536949,1.5264753113670555,0.7926141880836407,0.9783687572543013,0.5334047140525455,1.0774500691174058,1.076190511353816,0.6719588624701414,0.9832815898240332,0.6228713832723152,-0.12360792688928265,1.4028754425880183,0.7184490053215156,0.6480831848142746,1.0853740869342108,0.9072801209163772,0.5280978962805085,0.5009849103971225,-0.9052565013877946,0.7457398333161123,0.9578870175176272,1.0866394232432928,0.7693760051453312,0.3974585222077092,0.7505033279066454,-0.9108572495321823,0.9101604021297311,1.0661548644151884,0.8186809451981693,-1.274352865581101,0.81891884671693,1.041544874127505,0.6997146348002996,-0.31403765662978933,1.2515771775973004,1.0209223467099986,-1.3695928657062197,-2.1544002393836688,0.9915867745834486,1.022653686616824,0.9791602347813197,0.8406505774751978,0.8340963083452089,0.9004570625963315,-1.1548364129907014,0.9765344097334759,-0.28586367697037307,1.0843541869389823,0.3443946742288178,-2.448662692291634,0.75821037527163,-0.08995740492126976
1.0190348494545907,0.2865994442047052,0.9743392248799538,1.3489447948153925,0.6982033088593266,1.4981168437918548,0.9364714943160489,1.2370173095858539,1.3530038047271462,0.5643984341944606,1.3904259497038063,1.4867808548996644,0.7800452652749743,1.04521576199611,0.4459891042218728,0.8121624894141405,0.9508021399502452,0.6222076375590881,0.9975892058877281,0.5601038277145232,-0.12360792688928265,1.4028754425880183,0.4598535308917842,0.6480831848142746,1.173772186900043,0.985796241847381,0.7257865036651865,0.5588757982268151,-0.7987087057766091,0.5569554332774298,0.9578870175176272,1.0866394232432928,0.7011700538303944,0.5197346078340487,1.0181620174781154,-0.935488214123288,0.79538802543291,0.9121701838180707,0.5132319550422831,-0.992482682679527,0.8877276152179654,1.041544874127505,0.663697971384331,-0.3596013168206444,1.2515771775973004,1.0852671360258794,-1.3250004135549849,-1.9805930912499794,0.9915867745834486,0.8896217787345793,0.9791602347813197,0.8124037811607545,0.9205283860190927,0.9384615379103116,-1.1817620249769891,0.9765344097334759,-0.4954411695194298,1.018358417189321,-0.3602557487552876,-2.3786785117742246,0.75821037527163,0.014601536419781205
0.9871029803478351,0.2865994442047052,0.7868643171953567,1.368644437740945,0.9098377382114445,1.6426419897997695,0.880257014882972,1.2092595588734039,1.3530038047271462,0.6785282956106349,1.447734102654668,1.5264753113670555,0.7800452652749743,0.9783687572543013,0.46739700867019796,0.6410790706667263,0.9508021399502452,0.6719588624701414,0.9832815898240332,0.5601038277145232,-0.12360792688928265,1.314020700476931,0.919395807107676,0.6030235586360018,1.217880850277677,1.0053851309140118,0.7257865036651865,0.6167666860565078,-0.874814274070313,0.6985437333064417,0.7704602492426003,1.0866394232432928,0.667067078172926,0.5197346078340487,1.152210754632352,-1.034213965640097,0.9101604021297311,0.9714547709918823,0.6354115511046375,-1.189861066283822,0.8877276152179654,0.9674061105566852,0.7357312982162683,-0.3596013168206444,1.151824968736502,1.1925084515523474,-1.2581117353281328,-1.9557925391186226,1.0711764029206208,0.8674497940875385,0.9921621208772725,0.8124037811607545,0.8340963083452089,0.9764660132242917,-1.1281297084189366,1.0337647082365475,-0.9149397242774563,1.018358417189321,-0.4779647634276438,-2.34368642151552,0.75821037527163,-0.19451634626231915
1.0855595767603372,0.2078358820259581,0.7115670182072856,1.3489447948153925,0.7259586438563277,1.5449898641187432,0.9364714943160489,1.2370173095858539,1.4020391568046497,0.6214633649025477,1.185071734963236,1.50662808313336,0.7800452652749743,1.077302324272175,0.40138930328785827,0.6540727480399462,0.9304688905334448,0.7217100873811947,0.9975892058877281,0.5601038277145232,-0.22620850435237527,1.3593547525744225,0.976809179046579,0.557963932457729,0.997156760178943,1.0445629090472732,0.7751075877161695,0.5588757982268151,-0.9661409560227576,0.6985437333064417,0.8507860070747546,1.1033369687363135,0.9739938590901417,0.5197346078340487,1.5539181813580585,-1.034213965640097,0.9487314467573517,0.9832922826697955,0.6965013491358147,-1.5280591153835825,0.9221319994684831,1.0786142559129148,0.6997146348002996,-0.2684739964389342,1.151824968736502,1.2784773094088113,-1.1912230571012807,-2.079998582989598,1.0711764029206208,1.000481701969783,0.9404716956665339,0.8688973737896412,0.7908802695082671,0.9384615379103116,-1.4221223661228724,1.0337647082365475,-1.0406862198068894,1.018358417189321,-0.04722033098902231,-2.2034312400687446,0.7214959955955041,-0.36878124849740146
0.9871029803478351,0.24802137293348023,0.6362697192192076,1.3292451518898476,0.6415361665737903,1.4981168437918548,0.990437394571808,1.2647750602983039,1.3530038047271462,0.6785282956106349,1.010759436404382,1.5264753113670555,0.7800452652749743,1.1414754488243177,0.42279720773618334,0.5349640387854163,0.8067749565812773,0.7714613122922479,0.9975892058877281,0.6228713832723152,-0.05705620096728861,1.3593547525744225,0.6610356333826125,0.6030235586360018,1.1294827503118448,1.0053851309140118,0.8244286717671524,0.5009849103971225,-0.8443720467528314,0.6041515332871005,1.0384322446334762,1.1033369687363135,0.7693760051453312,0.3974585222077092,1.419869444203822,-0.9849520364578856,0.9487314467573517,1.0306423293814486,0.8186809451981693,-0.9643187495804332,0.6813013097148594,1.0786142559129148,0.843781288464175,-0.3596013168206444,0.9521161407508462,1.2784773094088113,-1.1018553968473714,-2.1544002393836688,0.9915867745834486,1.0448256712638648,1.0179544802871299,0.8688973737896412,0.9205283860190927,0.9384615379103116,-1.5022424798381666,0.919069560826703,-0.8730242257676454,0.9853605323144904,-0.7127413267523428,-2.238710150739406,0.7214959955955041,0.3634170210575446
1.0190348494545907,0.3653630063834523,0.6547098740734283,1.3292451518898476,0.7687481186433659,1.5449898641187432,0.9364714943160489,1.3226037076159132,1.3530038047271462,0.5643984341944606,0.8937552907963787,1.5479764752868963,0.7926141880836407,1.1414754488243177,0.3585734943912001,0.36279781359023633,0.5373594018087461,0.7714613122922479,1.011896821951423,0.5021645456611867,-0.190159652811289,1.335781045483725,0.7758623772604185,0.37772542774463796,0.975102428490126,1.0249740199806425,0.8244286717671524,0.5009849103971225,-0.7529206015736757,0.651347633296771,0.9846622701283453,1.1033369687363135,1.00809683474761,0.5806231076153276,1.286040099418087,-0.9849520364578856,1.0635038234541738,0.9714547709918823,0.8186809451981693,-1.1616971331847294,0.7845144624664124,1.004475492342095,0.843781288464175,-0.2684739964389342,0.6775931561195915,1.0423706098152923,-1.213519283176898,-2.1295996872523117,0.9915867745834486,1.2667272553133466,1.0050583005822011,0.8971441701040844,1.0069604636929765,0.8624525872823513,-1.4488290706946372,0.919069560826703,-1.1245172168265112,0.9853605323144904,-1.1043563319701812,-2.238710150739406,0.6847816159193781,0.6073878841866598
1.0190348494545907,0.7382843620052603,0.617829564364987,1.3292451518898476,0.7398363113548257,1.5449898641187432,0.9072399650108566,1.3503614583283734,1.4020391568046497,0.5643984341944606,0.8077930613700918,1.50662808313336,0.8051831108923071,1.1735620111003828,0.40138930328785827,0.25776558815669703,0.31030478332119626,0.8253584726125648,0.9975892058877281,0.4442252636078502,-0.12360792688928265,1.3593547525744225,1.03445785169015,0.6030235586360018,1.01921109186776,1.0641517981139041,0.7751075877161695,0.5588757982268151,-0.8139298194353499,0.7457398333161123,0.7972355018533184,1.0866394232432928,0.8034789808027997,0.2756815226451513,1.2592742304609401,-0.9108572495321823,0.986988905656292,1.0898298877710149,0.8186809451981693,-0.992482682679527,0.8877276152179654,1.041544874127505,0.7717479616322369,-0.31403765662978933,0.8523639318900478,1.0638188729205857,-1.3695928657062197,-1.9805930912499794,1.1109712170892068,1.022653686616824,0.9921621208772725,0.8971441701040844,0.9205283860190927,0.9384615379103116,-1.3954156615511075,0.9765344097334759,-1.2502637123559441,0.9523626474396597,-1.1826151864117476,-2.2034312400687446,0.6847816159193781,0.5028289428456104
0.9551711112410796,0.7977588885483985,0.5809492546565389,1.38834408066649,0.5987466917867471,1.5449898641187432,0.9072399650108566,1.3226037076159132,1.4020391568046497,0.5073335034863522,0.7194429922375246,1.5479764752868963,0.7926141880836407,1.1735620111003828,0.40138930328785827,0.16464423364861172,0.31030478332119626,0.9746121473457431,1.0262044380151234,0.4442252636078502,1.1963346372304013,1.335781045483725,0.6897423193520641,0.6030235586360018,0.975102428490126,0.985796241847381,0.33081356007657664,0.5009849103971225,-0.9509198423640168,0.7457398333161123,1.0384322446334762,1.1033369687363135,0.9739938590901417,0.5806231076153276,1.152210754632352,-0.8615953203499709,0.9101604021297311,1.1253424228047546,0.757591147166992,-1.0488105488777122,0.9221319994684831,0.9674061105566852,0.6276813079683623,-0.4051649770114995,0.6277170516891923,0.9351292942888242,-1.3695928657062197,-2.030194195512693,1.1507660312577928,0.7342361486262198,0.9791602347813197,0.8688973737896412,0.8773123471821508,1.0524749638522521,-1.1014230038471717,1.0909950067396192,-1.2083482138461332,1.018358417189321,-1.026097477528615,-2.1334470595513353,0.6847816159193781,0.22400509926947718
0.9551711112410796,0.6595207998265203,0.5809492546565389,1.3489447948153925,0.6137808315767892,1.5918628844456317,0.9634544444439335,1.3226037076159132,1.377521480765898,0.6785282956106349,0.6334807628112377,1.5479764752868963,0.7664289322322501,1.2083224535661263,0.33716558994287504,0.12566320152894733,0.24761059761941465,0.9248609224346898,1.0262044380151234,0.5021645456611867,1.8396679878097508,1.3811150975812163,0.5172669028306872,0.6030235586360018,1.063319755245394,0.985796241847381,-0.11348046756301618,0.6167666860565078,-1.148919083154358,0.651347633296771,0.9578870175176272,1.1033369687363135,1.0421998104050785,0.4583470219889882,1.178976623589499,-0.8615953203499709,1.0252463645552334,1.101667399448928,0.8797707432293465,-0.992482682679527,1.025345152220036,1.041544874127505,0.5916646445523936,-0.4507286372023546,0.4032745817523955,1.1496119253417603,-1.2804079614037502,-2.1792007915150253,0.9915867745834486,0.9339657480286607,0.9791602347813197,0.8124037811607545,0.9637444248560346,1.0144704885382718,-1.5289491844099314,1.0909950067396192,-1.0826017183167003,1.018358417189321,-0.9475178900770418,-2.028470788775221,0.7214959955955041,-0.333928268050385
0.9871029803478351,0.9938640841771105,0.5240921105226884,1.368644437740945,0.48656887950720856,1.5449898641187432,1.0174203446996826,1.3226037076159132,1.3530038047271462,0.7355932263187221,0.7194429922375246,1.50662808313336,0.8177520337009782,1.1093888865482404,0.9026910657861893,0.11158671770795674,0.18661084936902866,0.9746121473457431,1.011896821951423,0.6228713832723152,1.3322110776544909,1.4246357875948124,0.5172669028306872,0.6931428109925474,1.19582651858886,0.9072801209163772,-0.06415938351203321,0.38520313473773715,-1.0423712875431725,0.651347633296771,0.9846622701283453,1.1534296052153756,0.9057879077752049,0.5197346078340487,0.589688721795262,-0.7384404973944423,1.0635038234541738,0.9832922826697955,0.8797707432293465,-1.1053692669865445,0.9909407679695185,1.004475492342095,0.8797979518801436,-0.2684739964389342,-0.07095723086451508,1.2784773094088113,-1.3250004135549849,-2.1295996872523117,1.0711764029206208,0.8896217787345793,1.0050583005822011,0.7559101885318679,1.0501765025299183,1.0144704885382718,-1.8763552512573969,1.0623798574880834,-0.8311087272578344,1.018358417189321,-0.6736118995315596,-1.9934786985165167,0.7214959955955041,-1.0315592373259117
1.050966718561358,0.9343895576339724,0.8990419258918827,1.3489447948153925,0.3871122624346291,1.4981168437918548,1.2107981539494699,1.3226037076159132,1.377521480765898,0.7974135679191605,0.6621348392866632,1.5264753113670555,0.7926141880836407,1.1735620111003828,1.3593930273505135,0.09859304033473687,0.18661084936902866,0.9248609224346898,1.0262044380151234,0.5021645456611867,1.0271823338453145,1.4028754425880183,0.919395807107676,0.6931428109925474,1.3943155037882127,0.985796241847381,-0.6560123921238288,0.5009849103971225,-1.088034628519395,0.6985437333064417,0.9846622701283453,1.1033369687363135,1.00809683474761,0.5197346078340487,0.5629228528381149,-0.8123333911677595,1.101761282353114,1.0661548644151884,0.6965013491358147,-1.1616971331847294,0.9221319994684831,1.041544874127505,0.8797979518801436,-0.17697320343270842,-0.39535631992616893,1.3213738356193987,-1.3918890917818372,-2.328004104303166,0.9119971462462765,0.823105824793457,1.0179544802871299,0.8971441701040844,1.0501765025299183,0.9764660132242917,-1.956694272387214,1.005149558985012,-0.7891932287480234,0.9853605323144904,-0.517094190648427,-2.063462879033926,0.6480672362432522,-1.450080682857708
1.0190348494545907,0.8170479241840074,1.5367639479337454,1.3292451518898476,0.2888121176535937,1.5449898641187432,1.100617774260644,1.3503614583283734,1.3530038047271462,0.7974135679191605,0.5164766172032345,1.6687137803752226,0.7926141880836407,1.2404090158421917,1.0543303889618452,0.09859304033473687,0.0832501648336539,0.8253584726125648,1.041704355417462,0.5021645456611867,1.1963346372304013,1.4246357875948124,0.9481024930771275,0.6931428109925474,1.151717855211226,1.0053851309140118,-1.0509853357124386,0.6167666860565078,-0.9967079465669503,0.7457398333161123,0.8507860070747546,1.0866394232432928,1.076302786062547,0.6415116073966066,0.643220459709556,-0.6891785682122309,0.9101604021297311,1.0424798410593619,0.6354115511046375,-1.0488105488777122,0.8533232309674478,1.041544874127505,0.8077646250482063,-0.22253686362356354,-0.6197987898629652,1.2784773094088113,-1.3918890917818372,-2.1792007915150253,0.8722023320776904,0.6898921793321383,0.9921621208772725,0.8124037811607545,1.0933925413668604,0.9004570625963315,-1.956694272387214,1.0337647082365475,-0.4954411695194298,0.9523626474396597,-0.39938517597607076,-1.9934786985165167,0.8683535143000078,-1.380374721963675
1.0190348494545907,0.8958114863627545,1.3677291951033757,1.3489447948153925,0.25990031036504846,1.5918628844456317,0.9364714943160489,1.3226037076159132,1.377521480765898,0.7974135679191605,0.3994724715952419,1.8704939340844837,0.7926141880836407,1.2404090158421917,0.9240989702345223,0.09859304033473687,0.1035834142504467,0.9248609224346898,1.011896821951423,0.5021645456611867,0.9606306079233206,1.4246357875948124,0.632328947413161,0.6931428109925474,1.0853740869342108,0.9270295746474887,-1.2482696719163704,0.5588757982268151,-1.0575924012019133,0.793322786604551,0.8507860070747546,1.069941877750272,0.6329641025154575,0.5197346078340487,0.536156983880968,-0.6645476036211252,0.8719029432307908,0.9832922826697955,0.6965013491358147,-1.4151725310765637,0.9221319994684831,1.004475492342095,0.9158146152961123,-0.3596013168206444,-0.6447368420781653,1.4286151511458667,-1.4364815439330718,-2.228801895777739,0.9517919604148625,0.823105824793457,0.9791602347813197,0.8406505774751978,1.0933925413668604,0.9764660132242917,-1.9297686604009263,0.9765344097334759,-0.5792721665390518,1.018358417189321,-0.24286746709293813,-1.9934786985165167,1.0155119705428408,-1.1361181786669612
1.0190348494545907,0.7575733976408764,1.2186712766984082,1.4096853605025006,0.25990031036504846,1.689515010126658,0.9072399650108566,1.3226037076159132,1.377521480765898,0.8544784986272688,0.3397764789380896,1.9912312391728173,0.7926141880836407,1.2404090158421917,0.9026910657861893,0.05961200821507247,0.14424991308403987,0.8751096975236365,1.070319587544852,0.5021645456611867,0.2812484058028847,1.3811150975812163,0.632328947413161,0.6931428109925474,0.997156760178943,1.0837406871805348,-1.4952793633520314,0.5588757982268151,-1.0271501738844317,0.7457398333161123,0.7972355018533184,1.1033369687363135,0.3939637403258221,0.8241771067404435,0.5629228528381149,-0.7384404973944423,1.0252463645552334,1.0898298877710149,0.757591147166992,-0.9643187495804332,0.8533232309674478,1.041544874127505,0.843781288464175,-0.17697320343270842,-0.7945695656334221,1.4286151511458667,-1.3695928657062197,-2.104799135120955,1.0313815887520346,1.0448256712638648,0.9662640550763911,0.8124037811607545,1.0933925413668604,0.9384615379103116,-1.849648546685632,1.0337647082365475,-0.4535256710096188,1.0843541869389823,-0.24286746709293813,-1.958486608257812,1.0889407298950928,-0.8570086549232306
1.050966718561358,0.4827046398334172,1.161814132564551,1.38834408066649,0.21826730786955437,1.5918628844456317,0.8532740647550975,1.3226037076159132,1.4020391568046497,0.8544784986272688,0.31112240246266415,1.3048479294240987,0.8051831108923071,1.2083224535661263,0.7724596470588663,0.03254184702086201,0.0832501648336539,0.9248609224346898,1.084627203608547,0.5601038277145232,-0.02100734942620235,1.4246357875948124,0.80456906322987,0.6931428109925474,1.0853740869342108,1.1620962434470579,-1.8898480357598952,0.4430940225674298,-1.3925816649209222,0.7457398333161123,0.9043365122961909,1.1033369687363135,0.1893458863810116,0.6415116073966066,0.9378644106066745,-0.5658218521043155,0.8719029432307908,1.0188048177035354,0.8186809451981693,-1.1053692669865445,0.9565363837190008,1.041544874127505,0.843781288464175,-0.13140954324185333,-0.9691359311398192,0.8920569626429475,-1.3918890917818372,-2.05499474764405,1.1507660312577928,0.823105824793457,0.9921621208772725,0.7559101885318679,1.0069604636929765,0.9004570625963315,-1.8763552512573969,1.0623798574880834,-0.4535256710096188,1.0513563020641516,-0.28199689431372127,-1.9234945179991074,0.9050678939761339,-0.7873026940291977
1.0855595767603372,0.30749589947661843,1.1433739777103304,1.38834408066649,0.1893555005810091,1.5918628844456317,0.7993081644993384,1.3226037076159132,1.4265568328434106,0.7355932263187221,0.31112240246266415,0.5986173914416846,0.7926141880836407,1.2083224535661263,0.7064519416765266,0.03254184702086201,0.06122247796545791,0.9248609224346898,1.114434737074586,0.5601038277145232,-0.2927602302743693,1.4028754425880183,0.2876134150750752,0.557963932457729,1.0412654235565768,1.0837406871805348,-2.2354998952975222,0.5588757982268151,-1.3621394376034406,0.651347633296771,0.9846622701283453,1.0866394232432928,-0.11786042712356146,0.5806231076153276,0.6699863286667029,-0.6399166390300195,0.9101604021297311,1.0188048177035354,0.6965013491358147,-1.4151725310765637,0.9565363837190008,1.041544874127505,0.8797979518801436,-0.13140954324185333,-1.293535020201473,1.2570290463035179,-1.4141853178574546,-2.452210148174142,1.1109712170892068,0.8452778094404978,0.9921621208772725,0.8406505774751978,1.0069604636929765,1.0144704885382718,-1.7695284329703376,0.9765344097334759,-0.6211876650488627,1.0513563020641516,-0.28199689431372127,-1.8185182472229933,1.0155119705428408,-0.7175967331351648
1.1174914458671046,0.26731040856909627,1.1049569884307004,1.4293850034280455,0.2321449753680524,1.6426419897997695,0.7430936850662615,1.3503614583283734,1.453117648552063,0.7355932263187221,0.8937552907963787,0.41668446596611897,0.7926141880836407,1.1735620111003828,0.48880491311852303,0.3368104588437918,0.8067749565812773,0.9248609224346898,1.070319587544852,0.5601038277145232,0.11209610241779804,1.4246357875948124,0.4024401589528812,0.7382024371708201,0.908939433423675,1.1620962434470579,-2.284820979348505,0.3273122469080445,-1.286033869309736,0.6985437333064417,0.8240107544640365,1.1033369687363135,-0.11786042712356146,0.6415116073966066,0.32181063985529046,-0.6399166390300195,0.8719029432307908,1.0188048177035354,0.6354115511046375,-1.274352865581101,0.8533232309674478,1.0786142559129148,0.663697971384331,-0.22253686362356354,-1.4683057959719292,1.171060188447054,-1.3918890917818372,-2.1792007915150253,1.1507660312577928,0.823105824793457,0.9662640550763911,0.7841569848463111,1.0069604636929765,1.0144704885382718,-1.716115023826808,1.005149558985012,-0.9149397242774563,1.0843541869389823,-0.28199689431372127,-1.8185182472229933,0.9787975908667149,-0.6130377917941154
1.1174914458671046,0.22873233729787132,1.0680766787222524,1.38834408066649,0.21826730786955437,1.689515010126658,0.7993081644993384,1.3226037076159132,1.453117648552063,0.6214633649025477,1.564738248262671,0.47788008635335827,0.8313683667436977,1.2404090158421917,0.33716558994287504,0.6410790706667263,1.2202176947227763,0.8751096975236365,1.098934819672247,0.6808106653256517,0.07882023945680103,1.4246357875948124,0.7184490053215156,0.7382024371708201,0.7984870017690259,1.2406123643780615,-2.580747483654403,0.5009849103971225,-1.1032557421781357,0.793322786604551,0.9578870175176272,1.136732059722355,-0.32247828106837195,0.5197346078340487,0.32181063985529046,-0.5904528166954218,0.9101604021297311,1.0424798410593619,0.6354115511046375,-1.189861066283822,0.9221319994684831,1.004475492342095,0.7717479616322369,-0.22253686362356354,-1.5680580048327277,1.0423706098152923,-1.5481454302625985,-2.1792007915150253,1.0711764029206208,0.7342361486262198,0.9533678753714625,0.8124037811607545,0.9637444248560346,0.9384615379103116,-1.7695284329703376,0.9765344097334759,-0.15977361178102523,1.117352071813813,-0.28199689431372127,-1.7132551560349225,1.0155119705428408,-0.43877288955903315
1.0855595767603372,0.1306797394835153,1.0296596894426226,1.38834408066649,0.17547783308251108,1.5918628844456317,0.8262911146272229,1.3226037076159132,1.4776353245908147,0.7974135679191605,1.478776018836384,0.5175745428207496,0.8051831108923071,1.3393425828600773,0.2711578845605274,0.6010152320992912,0.8067749565812773,0.9248609224346898,1.114434737074586,0.6228713832723152,-0.190159652811289,1.4917301846990976,0.861982435168773,0.7832620633490929,1.01921109186776,1.1620962434470579,-2.53142639960342,0.38520313473773715,-1.0575924012019133,0.8405188866142217,0.9846622701283453,1.0866394232432928,-0.6296845945729442,0.5806231076153276,0.5093911149238209,-0.5904528166954218,0.986988905656292,1.0661548644151884,0.6965013491358147,-1.668878780879045,0.8877276152179654,1.0786142559129148,0.6276813079683623,-0.13140954324185333,-1.5181819004023285,1.4286151511458667,-1.7711076910187724,-1.9805930912499794,1.1507660312577928,0.6012042407439753,0.9921621208772725,0.8406505774751978,0.9205283860190927,0.8624525872823513,-1.6092882055397488,0.9476847100782388,-0.5373566680292408,1.018358417189321,-0.32112632153450443,-1.7835261569642886,0.9417822736522597,-0.2642223071563521
1.050966718561358,0.051916177304768205,0.9558990700257332,1.38834408066649,0.13384483058701188,1.5918628844456317,0.7993081644993384,1.3503614583283734,1.453117648552063,0.7355932263187221,1.099109505536949,0.2959471608777927,0.8051831108923071,1.2404090158421917,0.2283420756638772,0.42884900690411115,0.6000535875105277,0.9248609224346898,1.098934819672247,0.6808106653256517,-0.2927602302743693,1.5352508747126936,0.7758623772604185,0.8283216895273656,0.975102428490126,1.0641517981139041,-2.580747483654403,0.38520313473773715,-1.286033869309736,0.7457398333161123,1.1723085076870667,1.0866394232432928,-0.970993883734985,0.5806231076153276,1.0716937553924095,-0.6150837812865275,0.9101604021297311,1.0543173527372751,0.757591147166992,-1.3870085979774711,0.6813013097148594,1.0786142559129148,0.663697971384331,-0.08584588305099823,-1.667810213693526,1.2355807831982242,-1.4812567520357465,-2.030194195512693,1.1507660312577928,0.7342361486262198,0.9921621208772725,0.8406505774751978,1.0501765025299183,0.9384615379103116,-1.5022424798381666,0.9476847100782388,-0.7050186620684846,1.0843541869389823,-0.5562236178692102,-1.748534066705584,1.1256551095712186,-0.29907528760336854
1.0855595767603372,0.07120521294038426,0.768424162341136,1.38834408066649,0.4021464022246712,1.5449898641187432,0.7993081644993384,1.3781192090408234,1.4020391568046497,0.7974135679191605,1.2161136511449522,0.11401423540222719,0.8051831108923071,1.2404090158421917,0.18374227472986263,0.3768742974112269,0.6407200863441209,0.8253584726125648,1.084627203608547,0.6228713832723152,-0.2927602302743693,1.5352508747126936,0.747155691290967,0.6931428109925474,0.842776438357224,1.1229184653137962,-2.679389651756369,0.3273122469080445,-1.286033869309736,0.651347633296771,1.0919827498549124,1.0866394232432928,-1.2438176889947323,0.6415116073966066,0.9913961485209685,-0.6399166390300195,1.0635038234541738,1.0424798410593619,0.757591147166992,-1.5843869815817675,0.8533232309674478,1.041544874127505,1.0238646055440184,-0.22253686362356354,-1.667810213693526,1.0638188729205857,-1.4587777700086892,-2.1295996872523117,0.9915867745834486,0.7787618554993755,0.9791602347813197,0.9253909664185277,1.0069604636929765,0.9384615379103116,-1.5022424798381666,1.005149558985012,-0.7891932287480234,1.0513563020641516,-0.4779647634276438,-1.748534066705584,1.0889407298950928,-0.2642223071563521
1.0855595767603372,0.051916177304768205,0.6362697192192076,1.4293850034280455,0.6982033088593266,1.5918628844456317,0.8532740647550975,1.2948459569034632,1.4265568328434106,0.7355932263187221,1.4190800261792424,0.032971386781292245,0.8177520337009782,1.2083224535661263,0.18374227472986263,0.4028616521576666,0.4543319666901642,0.8253584726125648,1.084627203608547,0.5021645456611867,-0.2927602302743693,1.558824581803391,0.632328947413161,0.7832620633490929,0.864830770046041,0.9072801209163772,-2.630068567705386,0.6167666860565078,-1.1947071873572914,0.7457398333161123,0.9578870175176272,1.0866394232432928,-1.5510240024993045,0.4583470219889882,0.7237374589494985,-0.8369643557588652,0.9487314467573517,0.9476827188518104,0.3910523589799286,-1.61255091468086,0.9221319994684831,1.004475492342095,0.7717479616322369,-0.13140954324185333,-1.742828780603184,0.9780258204994114,-1.4364815439330718,-2.05499474764405,0.9915867745834486,0.7342361486262198,0.9662640550763911,0.9253909664185277,1.0069604636929765,1.0144704885382718,-1.5289491844099314,1.005149558985012,-0.9149397242774563,1.0513563020641516,0.22700639256646654,-1.748534066705584,1.0889407298950928,-0.1596633658153027
1.1494233149738602,0.011730686397246068,0.5609724202311297,1.368644437740945,0.4160240697231692,1.4981168437918548,0.7993081644993384,1.3503614583283734,1.4265568328434106,0.7355932263187221,1.447734102654668,-0.00672306968609907,0.8177520337009782,1.2083224535661263,0.2051501791781877,0.3498041362170116,0.22727734820262183,0.8751096975236365,1.1287423531382808,0.5601038277145232,-0.32603609323537863,1.6023452718169788,0.4598535308917842,0.6931428109925474,0.864830770046041,0.985796241847381,-2.679389651756369,0.5588757982268151,-1.2555916419922546,0.651347633296771,0.9578870175176272,1.1033369687363135,-1.6192299538142414,0.5806231076153276,0.8843326726923805,-0.7384404973944423,0.9487314467573517,0.9240076954959839,0.6354115511046375,-1.133533200085637,0.8877276152179654,1.0786142559129148,0.663697971384331,-0.08584588305099823,-1.7927048850335832,1.2355807831982242,-1.4141853178574546,-2.030194195512693,1.0711764029206208,0.7564081332732605,0.9791602347813197,0.8688973737896412,0.9205283860190927,1.0904794391662322,-1.475535775266402,1.005149558985012,-0.28586367697037307,1.117352071813813,0.30526524700803287,-1.748534066705584,1.0889407298950928,-0.1596633658153027
1.0190348494545907,0.011730686397246068,0.505651955668461,1.368644437740945,0.42990173722167235,1.5918628844456317,0.7993081644993384,1.3781192090408234,1.4776353245908147,0.7974135679191605,1.3020758805712391,0.013124158547596586,0.8313683667436977,1.2724955781182568,0.18374227472986263,0.1776379110218316,0.1035834142504467,0.8253584726125648,1.1573575852656706,0.6228713832723152,-0.46191253365945595,1.558824581803391,0.7758623772604185,0.6931428109925474,0.886885101734858,0.9466184637141195,-2.92639934319203,0.4430940225674298,-1.225149414674773,0.7457398333161123,1.0652074972441943,1.069941877750272,-1.755641856444115,0.5806231076153276,1.0984596243495566,-0.6891785682122309,1.0252463645552334,1.0424798410593619,0.5743217530734603,-1.0488105488777122,0.9909407679695185,1.004475492342095,0.843781288464175,0.00528143733071196,-1.6927482659087256,1.3642703618299858,-1.5035529781113637,-2.079998582989598,1.0711764029206208,0.8009338401464162,1.0050583005822011,0.8406505774751978,1.0069604636929765,0.9764660132242917,-1.5022424798381666,0.9765344097334759,-0.4535256710096188,1.0843541869389823,0.14874753812490024,-1.7132551560349225,1.0522263502189668,-0.08995740492126976
1.050966718561358,0.032627141669159296,0.39193766740075325,1.4293850034280455,0.3871122624346291,1.5918628844456317,0.8262911146272229,1.3781192090408234,1.4265568328434106,0.7974135679191605,1.3307299570466646,0.013124158547596586,0.8439372895523688,1.2724955781182568,0.18374227472986263,0.07260568558829233,0.12391666366724705,0.8751096975236365,1.114434737074586,0.7387499473790096,-0.3593119561963757,1.580584926810185,0.5749155754742581,0.7382024371708201,0.864830770046041,1.0249740199806425,-2.7287107358073515,0.38520313473773715,-1.3469183239446998,0.651347633296771,1.0919827498549124,1.069941877750272,-1.858230316003877,0.5806231076153276,0.9378644106066745,-0.6150837812865275,1.101761282353114,0.9240076954959839,0.5743217530734603,-0.7953351509858779,0.9565363837190008,1.041544874127505,0.663697971384331,0.00528143733071196,-1.7677668328183835,1.299925572514105,-1.637330334565068,-2.079998582989598,1.1109712170892068,0.9561377326757015,0.9791602347813197,0.7841569848463111,0.9637444248560346,0.9764660132242917,-1.4488290706946372,1.005149558985012,-0.9149397242774563,1.117352071813813,-0.3602557487552876,-1.6432709755175132,1.0522263502189668,-0.19451634626231915
1.1494233149738602,0.011730686397246068,0.39193766740075325,1.4293850034280455,0.4021464022246712,1.6426419897997695,0.8262911146272229,1.3503614583283734,1.4265568328434106,0.7974135679191605,1.185071734963236,0.013124158547596586,0.8439372895523688,1.2724955781182568,0.16233437028152958,0.15165055627538707,0.00022272971507194023,0.8751096975236365,1.084627203608547,0.6808106653256517,-0.42863667069845895,1.558824581803391,0.3450267870139782,0.6480831848142746,1.0853740869342108,0.9662073527807502,-2.877078259141047,0.38520313473773715,-1.2555916419922546,0.6985437333064417,1.1723085076870667,1.1200345142293342,-1.755641856444115,0.4583470219889882,0.8843326726923805,-0.6399166390300195,1.0635038234541738,0.9003326721401574,0.6354115511046375,-0.7390072847876928,0.9565363837190008,1.0786142559129148,0.5916646445523936,0.00528143733071196,-1.8924570938943814,0.9780258204994114,-1.6150341084894506,-2.228801895777739,1.0313815887520346,1.000481701969783,1.0050583005822011,0.8688973737896412,1.0501765025299183,0.9764660132242917,-1.3954156615511075,0.9765344097334759,-1.0826017183167003,1.018358417189321,-1.065226904749398,-1.6782630657762179,1.0522263502189668,-0.2293693267093356
1.1494233149738602,0.3846520420190612,0.3734975125465326,1.38834408066649,0.4021464022246712,1.5918628844456317,0.8532740647550975,1.4058769597532734,1.4265568328434106,0.7974135679191605,0.924797206978095,0.0726658432486909,0.8690751351697016,1.2083224535661263,0.14092646583320448,0.2306954269624866,-0.042138206569916854,0.9248609224346898,1.114434737074586,0.6228713832723152,-0.46191253365945595,1.580584926810185,0.861982435168773,0.6480831848142746,1.01921109186776,0.9662073527807502,-2.8273529039093175,0.5009849103971225,-1.3012549829684767,0.6041515332871005,1.1990837602977849,1.069941877750272,-1.755641856444115,0.6415116073966066,1.6074499192723528,-0.6891785682122309,1.101761282353114,1.0424798410593619,0.757591147166992,-0.9643187495804332,0.9221319994684831,1.0786142559129148,0.6997146348002996,0.00528143733071196,-2.042085407185579,1.1067153991311731,-1.6150341084894506,-2.1295996872523117,0.7926127037405183,1.022653686616824,0.9921621208772725,0.8688973737896412,1.2662566967146278,0.9764660132242917,-1.315295547835813,0.8904544115751671,-0.9987707212970782,1.0513563020641516,-1.6916184732919353,-1.6432709755175132,1.1256551095712186,-0.12481038536828623
1.1174914458671046,0.5807572376477732,0.35505735769231195,1.4293850034280455,0.3026897851520917,1.689515010126658,0.770076635194136,1.3226037076159132,1.4776353245908147,0.7974135679191605,0.7480970687129501,0.0726658432486909,0.8565062123610352,1.2404090158421917,0.11951856138487939,0.15165055627538707,-0.020110519701720876,0.8751096975236365,1.114434737074586,0.7387499473790096,-0.46191253365945595,1.6694396689212723,0.6036222614437096,0.6030235586360018,0.7764326700802089,0.9466184637141195,-2.7287107358073515,0.38520313473773715,-1.225149414674773,0.8405188866142217,1.1990837602977849,1.069941877750272,-1.755641856444115,0.5197346078340487,1.419869444203822,-0.6399166390300195,0.9487314467573517,1.0661548644151884,0.6965013491358147,-0.8234990840849704,0.9221319994684831,1.041544874127505,0.663697971384331,0.05084509752156706,-1.9423331983247807,0.870608699537654,-1.5927378824138334,-2.079998582989598,0.9517919604148625,0.9783097173227422,0.9662640550763911,0.8688973737896412,1.0933925413668604,1.0144704885382718,-1.315295547835813,0.8904544115751671,-1.0406862198068894,1.117352071813813,-1.4565211769572297,-1.5382947047413993,1.0155119705428408,0.642526544801275
1.1174914458671046,0.6016536929196864,0.3734975125465326,1.4490846463535905,0.14772249808551502,1.5918628844456317,0.8262911146272229,1.3781192090408234,1.4776353245908147,0.7974135679191605,0.6907889157620992,0.09416700716853153,0.8313683667436977,1.304582140394334,0.0963266648991899,0.09859304033473687,0.0408892285486651,0.8751096975236365,1.1430499692019758,0.7966892294323461,-0.4951883966204653,1.9341905331706226,1.0631645376596013,0.6030235586360018,0.8207221066684071,0.8289245646498542,-2.7287107358073515,0.5009849103971225,-1.3925816649209222,0.6985437333064417,1.0114375227390635,1.069941877750272,-2.0628481699486874,0.5806231076153276,0.9913961485209685,-0.763071461985548,0.9487314467573517,1.0306423293814486,0.757591147166992,-1.5843869815817675,0.8877276152179654,1.041544874127505,0.8077646250482063,-0.3596013168206444,-1.8675190416791818,0.9565775573941179,-1.570441656338216,-1.9557925391186226,1.1109712170892068,0.8674497940875385,0.9921621208772725,0.6429230032740946,0.9205283860190927,0.9764660132242917,-1.2885888432640482,0.919069560826703,-1.166432715336322,1.117352071813813,-0.8301296084146923,-1.5033026144826946,1.0522263502189668,0.6073878841866598
1.1174914458671046,0.6997062907340424,0.29820021355845466,1.4490846463535905,0.06330002080297253,1.5449898641187432,0.7993081644993384,1.4058769597532734,1.4265568328434106,0.7974135679191605,0.6621348392866632,0.1735559201033215,0.8439372895523688,1.2083224535661263,0.11951856138487939,0.11158671770795674,0.0408892285486651,0.8751096975236365,1.1287423531382808,0.7387499473790096,-0.5284642595814623,2.02304527528171,0.632328947413161,0.6480831848142746,0.7323240067025749,0.8093356755832234,-3.0743625953449785,0.6167666860565078,-1.2708127556509954,0.7457398333161123,0.9578870175176272,1.0866394232432928,-1.8238478077590519,0.5806231076153276,1.0449278864352625,-0.5658218521043155,1.0252463645552334,0.959617259313969,0.4521421570111059,-1.274352865581101,0.9221319994684831,1.041544874127505,0.7357312982162683,-0.2684739964389342,-2.091961511615978,1.2784773094088113,-1.637330334565068,-2.0053936433813364,1.1109712170892068,1.08935137813702,1.0308506599920586,0.8688973737896412,0.8773123471821508,0.9384615379103116,-1.3687089569793427,0.919069560826703,-1.2083482138461332,1.0843541869389823,-1.3391328952948802,-1.5033026144826946,1.1256551095712186,0.15429913837544423
1.1494233149738602,0.9938640841771105,0.29820021355845466,1.4293850034280455,0.04826588101293044,1.689515010126658,0.8262911146272229,1.4058769597532734,1.453117648552063,0.7355932263187221,0.573784770154096,0.5787701632079889,0.8952603910210922,1.2404090158421917,0.14092646583320448,0.11158671770795674,0.0832501648336539,0.7714613122922479,1.1573575852656706,0.7966892294323461,-0.5645131111225485,1.5134905297058996,0.4885602168612357,0.557963932457729,0.5999980165696731,0.8289245646498542,-2.482105315552437,0.4430940225674298,-1.3012549829684767,0.6985437333064417,1.0114375227390635,1.1200345142293342,-2.438260434768196,0.5806231076153276,0.643220459709556,-0.442667029148787,1.0252463645552334,1.0424798410593619,0.757591147166992,-0.992482682679527,0.5089973853126762,1.041544874127505,0.5916646445523936,-0.17697320343270842,-2.042085407185579,1.1496119253417603,-1.637330334565068,-2.05499474764405,0.8324075179091044,0.9339657480286607,1.0179544802871299,0.9536377627329711,0.9637444248560346,0.9764660132242917,-1.315295547835813,0.9765344097334759,-1.2083482138461332,1.0843541869389823,-1.7698773277335016,-1.5382947047413993,1.0889407298950928,-0.2293693267093356
1.1494233149738602,1.1112057176270753,0.505651955668461,1.4096853605025006,0.06330002080297253,1.5918628844456317,0.7993081644993384,1.4058769597532734,1.453117648552063,0.7974135679191605,0.42812654807066736,0.8003975451509457,0.9329671594470961,1.4356022696882733,0.14092646583320448,0.09859304033473687,0.0832501648336539,0.8751096975236365,1.114434737074586,0.7966892294323461,-0.5645131111225485,0.8933206970122,0.632328947413161,0.6030235586360018,0.5999980165696731,0.9466184637141195,-2.482105315552437,0.5009849103971225,-1.423148655465114,0.6041515332871005,1.1455332550763486,1.0866394232432928,-2.233363048236029,0.6415116073966066,0.6699863286667029,-0.5411908875132098,0.9487314467573517,1.2083020333343926,0.757591147166992,-1.189861066283822,0.8533232309674478,0.9674061105566852,0.9158146152961123,0.09640875771242216,-2.042085407185579,0.9565775573941179,-1.5927378824138334,-2.030194195512693,1.0711764029206208,0.8452778094404978,0.9662640550763911,0.9253909664185277,0.9637444248560346,0.9764660132242917,-1.2885888432640482,0.9476847100782388,-1.1245172168265112,1.0513563020641516,-1.7698773277335016,-1.4333184339652851,0.9417822736522597,-0.7873026940291977
1.1813551840806156,0.9938640841771105,1.1249338228561097,1.4096853605025006,-0.007244788981066798,1.6426419897997695,0.8532740647550975,1.4637056070708827,1.4776353245908147,0.8544784986272688,0.3708183951198058,0.35548884557888705,0.9455360822557671,1.5024492744300937,0.11951856138487939,0.0855993629615122,0.06122247796545791,0.9248609224346898,1.1430499692019758,0.7387499473790096,-0.4951883966204653,0.6720905227764374,0.919395807107676,0.7382024371708201,0.5117806898144052,0.7701578974499619,-2.630068567705386,0.4430940225674298,-1.1032557421781357,0.6985437333064417,1.1187580024656305,1.1033369687363135,-2.506466386083133,0.7632886069591646,1.0181620174781154,-0.6399166390300195,0.986988905656292,1.303099155541944,0.8186809451981693,-1.0206466157786196,0.8877276152179654,1.041544874127505,0.7717479616322369,0.09640875771242216,-2.117103974095237,1.2784773094088113,-1.5927378824138334,-1.8565903305931954,1.0313815887520346,1.0448256712638648,0.9791602347813197,0.8971441701040844,0.9637444248560346,0.9764660132242917,-1.208468729548754,0.9765344097334759,-0.9987707212970782,1.117352071813813,-1.3782623225156634,-1.3633342534478758,1.0155119705428408,-1.4849336633047245
1.1174914458671046,0.8363369598196163,1.1249338228561097,1.4293850034280455,-0.05003426376810494,1.7363880304535637,0.7993081644993384,1.4359478563584327,1.5021530006295665,0.8544784986272688,0.2824683259872387,0.35548884557888705,0.9329671594470961,1.4676888319643504,0.11951856138487939,0.20470807221604206,0.1035834142504467,0.9746121473457431,1.1716652013293707,0.7387499473790096,-0.5284642595814623,0.6285698327628415,0.4598535308917842,0.6931428109925474,0.29105659971567066,1.0053851309140118,-2.679389651756369,0.6167666860565078,-1.088034628519395,0.6985437333064417,1.0114375227390635,1.1200345142293342,-2.506466386083133,0.6415116073966066,0.9378644106066745,-0.6891785682122309,0.9101604021297311,1.1609519866227396,0.6354115511046375,-1.3306807317792861,0.81891884671693,0.9674061105566852,0.7357312982162683,0.09640875771242216,-2.1669800785256363,0.9780258204994114,-1.5481454302625985,-1.9557925391186226,1.0313815887520346,1.0448256712638648,0.9921621208772725,0.8971441701040844,1.1366085802038022,0.8624525872823513,-0.5670700049973529,0.9765344097334759,-0.8311087272578344,1.117352071813813,-1.065226904749398,-1.3283421631891712,1.0889407298950928,-1.659198565539807
1.1494233149738602,0.6402317641909043,0.8421847817580255,1.4687842892791427,-0.06391193126660297,1.5918628844456317,0.7993081644993384,1.4359478563584327,1.4776353245908147,0.8544784986272688,0.19411825685466097,0.33564161734518405,0.9591524152984867,1.3714291451361427,0.11951856138487939,0.3498041362170116,0.0408892285486651,1.0782605325771133,1.1287423531382808,0.9173960670434745,-0.5977889740835456,0.6068094877560476,0.8332757491993216,0.7382024371708201,0.13649550468338806,1.0249740199806425,-2.630068567705386,0.6167666860565078,-1.0575924012019133,0.793322786604551,1.0114375227390635,1.1200345142293342,-2.6769812643704753,0.7632886069591646,1.125444885675205,-0.5411908875132098,0.6806156487360888,1.101667399448928,0.6965013491358147,-1.556223048482675,0.612492541213824,1.0786142559129148,0.7717479616322369,0.14197241790327725,-1.9672712505399803,1.0423706098152923,-1.5481454302625985,-1.8565903305931954,1.1109712170892068,1.1115233627840608,0.9791602347813197,0.8688973737896412,1.5691231983997538,1.0144704885382718,-0.9144760718448183,1.0623798574880834,-0.7050186620684846,1.150620431154831,-0.8301296084146923,-1.3633342534478758,1.0155119705428408,-1.450080682857708
1.213287053187383,0.4827046398334172,0.8053044720495841,1.4490846463535905,-0.12057907355214428,2.06840525776905,0.880257014882972,1.4359478563584327,1.5021530006295665,0.911543429335356,0.13681010390381004,0.43653169419981463,0.9591524152984867,1.2724955781182568,0.0963266648991899,0.7461112961002656,-0.020110519701720876,0.8751096975236365,1.1716652013293707,0.8546285114856826,-0.5977889740835456,0.34024526142279365,0.8332757491993216,0.7832620633490929,-0.03993914882714827,0.9270295746474887,-2.53142639960342,0.5588757982268151,-1.0575924012019133,0.651347633296771,1.0652074972441943,1.1033369687363135,-2.642878288713007,0.7024001071778856,0.7237374589494985,-0.6399166390300195,1.0635038234541738,1.1609519866227396,0.6965013491358147,-1.0488105488777122,0.4401886168116409,0.9674061105566852,0.9878479421280496,0.09640875771242216,-2.0670234594007786,1.0852671360258794,-1.5481454302625985,-1.9309919869872658,1.1109712170892068,1.200211301372224,0.9921621208772725,0.8971441701040844,1.0501765025299183,0.9764660132242917,-1.5022424798381666,1.0337647082365475,-0.6631031635586737,1.150620431154831,-0.7127413267523428,-1.2933500729304666,1.0155119705428408,-1.4849336633047245
1.213287053187383,0.3846520420190612,0.7115670182072856,1.4096853605025006,-0.12057907355214428,2.595726736446606,0.880257014882972,1.4637056070708827,1.4776353245908147,0.8544784986272688,0.19411825685466097,0.37699000949872036,0.9591524152984867,1.3393425828600773,0.0963266648991899,0.6670664254131661,0.6610533357609137,0.9248609224346898,1.1287423531382808,0.9173960670434745,-0.6310648370445426,0.22963017430491242,0.6036222614437096,0.7832620633490929,-0.23860890723706532,1.0249740199806425,-2.53142639960342,0.5009849103971225,-1.1336979694956173,0.6041515332871005,1.0919827498549124,1.0866394232432928,-3.018290553532516,0.7024001071778856,0.8575668037352334,-0.5411908875132098,0.79538802543291,1.137276963266913,0.757591147166992,-1.0488105488777122,0.30257107980957015,1.041544874127505,0.663697971384331,0.05084509752156706,-1.9672712505399803,1.1281636622364666,-1.5035529781113637,-1.8317897784618387,1.1507660312577928,1.1115233627840608,1.0050583005822011,0.9253909664185277,0.6608779231709087,1.0144704885382718,-1.582581500967984,0.9765344097334759,-0.7469341605782956,1.2166162009044923,-0.751870753973126,-1.3283421631891712,1.0889407298950928,-1.4849336633047245
1.2478799113863623,0.34607397074783625,0.6746867084988375,1.4490846463535905,-0.09282373855514822,2.7363457974272887,0.880257014882972,1.4058769597532734,1.4776353245908147,1.0256732907515516,0.16546418037923552,0.2149043122568578,0.9591524152984867,1.3393425828600773,0.05351085600253176,0.6010152320992912,1.2608841935563695,1.0243633722567964,1.1716652013293707,0.9173960670434745,-0.6310648370445426,0.25139051931170636,0.632328947413161,0.7382024371708201,-0.3709348973699672,1.1033295762471655,-2.630068567705386,0.38520313473773715,-0.9967079465669503,0.6041515332871005,0.9846622701283453,1.1033369687363135,-2.711084240027944,0.5806231076153276,1.0984596243495566,-0.46729799373989267,0.9101604021297311,1.101667399448928,0.757591147166992,-1.5843869815817675,-0.007350381594683673,1.041544874127505,0.5916646445523936,0.18753607809413236,-2.0171473549703793,0.9136810311835306,-1.5258492041869811,-1.7325875699364115,1.0711764029206208,1.200211301372224,0.9791602347813197,0.8688973737896412,0.7040939620078506,0.9384615379103116,-1.7962351375421024,1.005149558985012,-1.1245172168265112,1.249614085779323,-0.751870753973126,-1.2933500729304666,1.0522263502189668,-1.34523606134906
1.213287053187383,0.30749589947661843,0.4487948115346105,1.4884839322046879,-0.13445674105064231,1.3535916977839226,0.9072399650108566,1.3503614583283734,1.4776353245908147,1.2016234937681642,1.0704554290615236,0.11401423540222719,0.9591524152984867,1.4356022696882733,0.07491876045086479,0.6410790706667263,0.910135641116652,0.9248609224346898,1.1716652013293707,0.9173960670434745,-0.7003895515466259,0.2749642264024038,0.747155691290967,0.6931428109925474,-0.1503915804817974,0.7897467865165927,-2.679389651756369,0.4430940225674298,-1.1336979694956173,0.5097593332677592,1.0919827498549124,1.0532443322572513,-2.6087753130555384,0.7024001071778856,0.7237374589494985,-0.2948812416021528,1.0252463645552334,1.0779923760931016,0.757591147166992,-1.4151725310765637,-0.38608061149997286,1.0786142559129148,0.7357312982162683,0.18753607809413236,-2.1420420263104365,1.1281636622364666,-1.4812567520357465,-1.6331820781967927,1.0711764029206208,0.9561377326757015,0.9791602347813197,0.8688973737896412,0.9205283860190927,0.8244481119683712,-1.8229418421138672,0.9765344097334759,-0.9149397242774563,1.0843541869389823,-0.5953530450899933,-1.3633342534478758,1.0522263502189668,-1.0315592373259117
1.213287053187383,0.2865994442047052,0.20446275971615607,1.4293850034280455,-0.13445674105064231,0.591905117471907,0.8532740647550975,1.4359478563584327,1.5021530006295665,1.2586884244762515,1.185071734963236,0.11401423540222719,0.9968591837244906,1.304582140394334,0.07491876045086479,0.6140089094725159,0.8474414554148705,0.9248609224346898,1.1573575852656706,1.1491531952568421,-0.7003895515466259,0.2967245714091978,0.7758623772604185,0.7832620633490929,-0.2606632389258823,1.1816851325136886,-2.482105315552437,0.5009849103971225,-1.1947071873572914,0.651347633296771,1.0652074972441943,1.1033369687363135,-2.57467233739807,0.5806231076153276,0.7237374589494985,-0.442667029148787,0.9487314467573517,1.0306423293814486,0.8797707432293465,-1.7533705801763229,-0.6269113012535966,1.041544874127505,1.0238646055440184,0.14197241790327725,-2.2667322873864344,1.171060188447054,-1.5035529781113637,-1.7325875699364115,0.9915867745834486,1.200211301372224,0.9921621208772725,0.8406505774751978,0.8340963083452089,0.9384615379103116,-1.849648546685632,0.9476847100782388,-0.7050186620684846,1.0513563020641516,-0.5562236178692102,-1.3633342534478758,1.0155119705428408,-0.7524497135821813
1.1813551840806156,0.24802137293348023,0.11072530587385751,1.4687842892791427,-0.16336854833918757,0.16223576447537738,0.8532740647550975,1.4058769597532734,1.5266706766683182,1.2586884244762515,0.8651012143209533,0.15370869186962585,0.9591524152984867,1.304582140394334,0.07491876045086479,0.5219703614121965,0.8898023916998592,0.8751096975236365,1.1716652013293707,0.8546285114856826,-0.7669412774686323,0.31848491641599974,0.14384468452314988,0.6030235586360018,-0.3488805656811502,1.1425073543804272,-2.482105315552437,0.6167666860565078,-1.1336979694956173,0.7457398333161123,1.1990837602977849,1.0866394232432928,-2.57467233739807,0.8241771067404435,0.7237374589494985,-0.5658218521043155,1.0252463645552334,1.1491144749448263,0.8186809451981693,-1.1053692669865445,-1.0744502996599212,1.041544874127505,0.9158146152961123,0.14197241790327725,-2.117103974095237,1.3213738356193987,-1.4587777700086892,-1.7325875699364115,1.0313815887520346,1.3332432092544688,1.0179544802871299,0.8406505774751978,0.9637444248560346,0.9764660132242917,-1.716115023826808,0.9476847100782388,-0.7891932287480234,1.0843541869389823,-0.4779647634276438,-1.3283421631891712,1.1623694892473446,-0.6478907722411319
1.1174914458671046,0.24802137293348023,0.07384499616541619,1.4490846463535905,-0.16336854833918757,0.11536274414848892,0.9364714943160489,1.4058769597532734,1.5266706766683182,1.2016234937681642,0.6621348392866632,0.1735559201033215,0.9717213381071578,1.2724955781182568,0.05351085600253176,0.3368104588437918,0.9508021399502452,0.9248609224346898,1.1716652013293707,0.9173960670434745,-0.7336654145076352,0.34024526142279365,0.08643131258424688,0.8283216895273656,-0.39298922905878414,0.9270295746474887,-2.53142639960342,0.6167666860565078,-0.935698728705276,0.7457398333161123,0.9578870175176272,1.1033369687363135,-2.7792901913428807,0.5806231076153276,0.7505033279066454,-0.5658218521043155,1.101761282353114,1.1135049111268414,0.8186809451981693,-0.9361548164813407,-1.5563936823167634,1.041544874127505,0.8797979518801436,0.09640875771242216,-2.117103974095237,1.3428220987246922,-1.6150341084894506,-1.8813908827245522,1.0313815887520346,0.9783097173227422,1.0050583005822011,0.8971441701040844,1.1366085802038022,0.9764660132242917,-1.716115023826808,0.919069560826703,-0.8311087272578344,1.0843541869389823,-0.3602557487552876,-1.258357982671762,1.1256551095712186,-0.5433318309000825
1.2478799113863623,0.1885468463903492,-0.01989245767688239,1.4490846463535905,-0.07894607105664507,0.5450320971450012,0.9072399650108566,1.4359478563584327,1.5266706766683182,1.2586884244762515,0.4567806245460928,0.0726658432486909,0.9455360822557671,1.2404090158421917,0.05351085600253176,0.2306954269624866,0.7440807708794956,0.9746121473457431,1.1871651187317096,0.8546285114856826,-0.7003895515466259,0.38557931352028507,0.7184490053215156,0.6030235586360018,-0.5254959924022503,0.9270295746474887,-2.53142639960342,0.7325484617158932,-1.148919083154358,0.651347633296771,1.0919827498549124,1.0866394232432928,-2.8818786509026424,0.6415116073966066,0.8575668037352334,-0.5411908875132098,0.986988905656292,1.231977056690219,0.757591147166992,-0.992482682679527,-2.107145833474641,1.041544874127505,0.7717479616322369,0.09640875771242216,-2.216856182956035,1.3857186249352793,-1.4364815439330718,-1.7077870178050547,0.9915867745834486,1.000481701969783,0.9791602347813197,0.8688973737896412,1.1366085802038022,0.9764660132242917,-1.6092882055397488,0.919069560826703,-1.7535932641335925,1.150620431154831,-0.3602557487552876,-1.258357982671762,1.0155119705428408,-0.4736258700060496
1.1813551840806156,0.16925781075474028,-0.038332612531103046,1.4884839322046879,-0.13445674105064231,0.017710618467462604,0.9072399650108566,1.4637056070708827,1.9271260519679765,1.2586884244762515,0.16546418037923552,0.15370869186962585,0.9842902609158242,1.3393425828600773,0.032102951554206664,0.1776379110218316,0.49669290297515295,0.9746121473457431,1.1716652013293707,0.9173960670434745,-0.7336654145076352,0.429100003533881,1.03445785169015,0.6931428109925474,-0.5696046557798843,1.1033295762471655,-2.383463147450471,0.5588757982268151,-1.1336979694956173,0.7457398333161123,0.9846622701283453,1.1033369687363135,-2.7451872156854122,0.8241771067404435,0.589688721795262,-0.3934050999665756,0.986988905656292,1.1727894983006528,0.8186809451981693,-0.8798269502831556,-2.003932680723088,1.041544874127505,1.0238646055440184,-0.17697320343270842,-1.99220930275518,1.0209223467099986,-1.4141853178574546,-1.8813908827245522,1.0711764029206208,1.0669976559109056,1.0308506599920586,0.8688973737896412,1.0933925413668604,0.9004570625963315,-1.4488290706946372,0.8904544115751671,-2.256922815911241,1.2826119706541537,-0.32112632153450443,-1.2230790720011004,1.0522263502189668,-0.4039199091120167
1.1494233149738602,0.1306797394835153,-0.058309446956512176,1.4687842892791427,-0.20500155083468163,-0.5057047751828613,0.9072399650108566,1.4637056070708827,1.9516437280067374,1.3205087660766899,0.3994724715952419,0.1735559201033215,0.9591524152984867,1.2724955781182568,0.01069504710588156,0.16464423364861172,0.3306380327379966,0.9746121473457431,1.1716652013293707,1.0912139132035055,-0.7336654145076352,0.4508603485406749,0.43114684492233274,0.7382024371708201,-0.5254959924022503,1.0641517981139041,-2.2354998952975222,0.6746575738862004,-1.1184768558368765,0.6985437333064417,1.0384322446334762,1.069941877750272,-2.5405693617406016,0.7632886069591646,0.6699863286667029,-0.3934050999665756,0.986988905656292,1.267489591723959,0.6965013491358147,-1.1616971331847294,-2.0727414492241234,1.1156836376983248,0.951831278712081,0.18753607809413236,-2.091961511615978,1.1067153991311731,-1.5035529781113637,-2.104799135120955,1.0313815887520346,1.000481701969783,1.0050583005822011,0.7841569848463111,1.0933925413668604,0.9384615379103116,-1.475535775266402,0.9765344097334759,-2.1730918188916193,1.2826119706541537,-0.39938517597607076,-1.258357982671762,1.1256551095712186,-0.5084788504530661
1.1813551840806156,0.42483753292658333,-0.09518975666496031,1.4884839322046879,-0.10670140605364625,-0.5525777955097497,0.9634544444439335,1.4359478563584327,1.3284861286883853,1.2016234937681642,0.3994724715952419,0.19505708402316213,0.9717213381071578,1.2724955781182568,-0.012496849379807929,0.13865687890216719,0.24761059761941465,0.9746121473457431,1.1716652013293707,1.033274631150169,-0.7669412774686323,0.4508603485406749,0.6036222614437096,0.6030235586360018,-0.5475503240910673,1.0641517981139041,-2.1861788112465392,0.4430940225674298,-1.2708127556509954,0.651347633296771,1.3061847707406575,1.0866394232432928,-2.5405693617406016,0.8850656065217225,1.0449278864352625,-0.4180360645576813,1.0252463645552334,1.2438145683681323,0.8186809451981693,-1.274352865581101,-2.2791677547272293,1.1530568668754186,0.8077646250482063,0.36979071885755277,-2.0670234594007786,1.2570290463035179,-1.3472966396306023,-1.8069892263304819,1.0711764029206208,0.9339657480286607,1.0050583005822011,0.8688973737896412,1.0933925413668604,0.9384615379103116,-1.3420022524075779,0.919069560826703,-2.0473453233621863,1.150620431154831,-0.32112632153450443,-1.258357982671762,1.1623694892473446,-0.6130377917941154
1.2478799113863623,0.7189953263696514,-0.07674960181073966,1.4687842892791427,-0.1911238833361836,-0.5057047751828613,0.9634544444439335,1.4359478563584327,0.754363881447555,1.2016234937681642,0.16546418037923552,0.15370869186962585,0.9717213381071578,1.2724955781182568,-0.012496849379807929,0.11158671770795674,0.18661084936902866,0.9746121473457431,1.1716652013293707,1.033274631150169,-0.8334930033906386,0.4726206935474689,0.747155691290967,0.7382024371708201,-0.7019306459127861,0.9270295746474887,-2.2354998952975222,0.5588757982268151,-1.3469183239446998,0.793322786604551,1.0919827498549124,1.1033369687363135,-2.5405693617406016,1.0677311058655594,0.536156983880968,-0.442667029148787,0.6806156487360888,1.2556520800460458,0.6354115511046375,-1.4433364641756563,-2.244763370476712,1.0786142559129148,0.9878479421280496,0.27866339847584254,-2.0670234594007786,1.2355807831982242,-1.3250004135549849,-1.782188674199125,0.7528178895719322,1.0448256712638648,1.0179544802871299,0.8971441701040844,0.8773123471821508,0.9384615379103116,-1.2885888432640482,1.005149558985012,-1.8793397596630255,1.2166162009044923,-0.43883533620686066,-1.1880869817423958,1.1623694892473446,0.11944615792842778
1.2798117804931297,0.6595207998265203,-0.15204690079881075,1.4687842892791427,-0.10670140605364625,-0.31430660884804074,0.9364714943160489,1.4058769597532734,0.6787677136613991,1.3205087660766899,-0.008848118179618596,0.1735559201033215,0.9842902609158242,1.2083224535661263,0.032102951554206664,0.09859304033473687,0.1035834142504467,0.9746121473457431,1.1871651187317096,1.033274631150169,-0.8002171404296292,0.6938508677832314,0.8332757491993216,0.24217720801163675,-0.6798763142239691,1.0249740199806425,-2.334142063399488,0.5009849103971225,-1.4688119964413364,0.6985437333064417,1.1187580024656305,1.1033369687363135,-2.6087753130555384,0.9459541063030015,0.6164545907524089,-0.5165599229221041,0.9101604021297311,1.0543173527372751,0.9413612773099601,-1.3588446648783785,-2.3482585263778595,1.041544874127505,1.1682264777604832,0.18753607809413236,-1.99220930275518,1.1281636622364666,-1.3472966396306023,-1.5835809739340792,0.7926127037405183,1.1558673320781425,0.9921621208772725,0.8688973737896412,0.7040939620078506,0.9004570625963315,-1.2618821386922836,1.0623798574880834,-1.6278467686041596,1.3816056252786455,-0.20373803987215497,-1.1880869817423958,1.0889407298950928,0.7470854861423244
1.2478799113863623,0.6788098354621293,-0.17048705565303823,1.4884839322046879,0.2888121176535937,-0.4588317548559555,0.9634544444439335,1.4359478563584327,0.5051008417202179,1.3205087660766899,-0.1258522637876218,0.2149043122568578,0.9842902609158242,1.2083224535661263,0.01069504710588156,0.05961200821507247,0.1035834142504467,1.0243633722567964,1.1716652013293707,1.0912139132035055,-0.8002171404296292,1.2034056133590498,0.7758623772604185,0.1520579556550912,-0.6137133191575181,1.1620962434470579,-2.284820979348505,0.5588757982268151,-1.1641401968130987,0.6985437333064417,1.1990837602977849,1.1033369687363135,-2.57467233739807,0.6415116073966066,0.24151303298384943,-0.3934050999665756,0.986988905656292,1.137276963266913,0.8186809451981693,-1.274352865581101,-2.382662910628377,1.041544874127505,1.2402598045924202,0.18753607809413236,-1.8425809894639824,1.1281636622364666,-1.3027041874793677,-1.6579826303281495,1.1109712170892068,0.9783097173227422,1.0308506599920586,0.8688973737896412,0.9637444248560346,0.9004570625963315,-1.2351754341205188,0.9765344097334759,-1.4601847745649157,1.3156098555289844,0.30526524700803287,-1.1880869817423958,1.0889407298950928,0.4331229819515775
1.1813551840806156,0.6788098354621293,-0.17048705565303823,1.4884839322046879,0.27493445015509055,-0.4588317548559555,0.9364714943160489,1.3781192090408234,0.4540223499728137,1.2586884244762515,-0.2715104858710504,0.19505708402316213,0.9717213381071578,1.2404090158421917,-0.03390475382813303,0.05961200821507247,0.06122247796545791,1.1777629823992382,1.1716652013293707,1.211920750814634,-0.7669412774686323,1.2487396654565412,0.8906891211382245,0.10699832947681844,-0.5696046557798843,1.1425073543804272,-2.1861788112465392,0.6746575738862004,-1.088034628519395,1.0764993866625747,1.1723085076870667,1.1033369687363135,-2.57467233739807,0.5806231076153276,0.45585937700952694,-0.24541741926755503,0.9101604021297311,1.184627009978566,0.8797707432293465,-2.007076829978804,-2.4514716791294124,1.1530568668754186,1.059881268959987,0.23309973828498745,-2.091961511615978,1.407166888040573,-1.2804079614037502,-1.7325875699364115,1.1109712170892068,1.0448256712638648,1.0179544802871299,0.8688973737896412,-0.4630933164161153,0.9004570625963315,-1.2618821386922836,0.8904544115751671,-1.4182692760551048,0.9853605323144904,0.1092973778941121,-1.2230790720011004,1.0522263502189668,0.22400509926947718
1.2478799113863623,0.5614682020121643,-0.17048705565303823,1.5295248549662435,0.16160016558401305,-0.408052649501835,0.990437394571808,1.4359478563584327,0.3539085061478969,1.2586884244762515,-0.3288186388219119,0.0726658432486909,1.0230444395758813,1.2404090158421917,-0.012496849379807929,0.05961200821507247,0.0408892285486651,1.0243633722567964,1.1871651187317096,1.1491531952568421,-0.8334930033906386,0.7609452648875248,0.6036222614437096,0.10699832947681844,-0.7019306459127861,0.7701578974499619,-2.284820979348505,0.6746575738862004,-1.2555916419922546,0.9821071866432335,1.2258590129085032,1.0866394232432928,-2.57467233739807,0.4583470219889882,0.7505033279066454,-0.3687741353754699,1.0635038234541738,1.0306423293814486,0.757591147166992,-1.3870085979774711,-2.4858760633799304,1.0786142559129148,0.7357312982162683,0.18753607809413236,-2.2667322873864344,1.2570290463035179,-1.3250004135549849,-1.6579826303281495,0.9915867745834486,1.000481701969783,1.0179544802871299,0.8971441701040844,-1.1984744362971929,0.9004570625963315,-1.1548364129907014,0.919069560826703,-1.4182692760551048,0.919364762564829,-0.008090903768237375,-1.2230790720011004,1.1256551095712186,0.08430749731381412
1.1813551840806156,0.2865994442047052,-0.15204690079881075,1.4293850034280455,0.14772249808551502,-0.22056056819424644,0.9634544444439335,1.4914633577833432,0.15572395816796383,1.3205087660766899,-0.3288186388219119,0.5374217710544452,1.060751208001885,1.2083224535661263,-0.05531265827646606,0.03254184702086201,0.020555979131872282,0.9248609224346898,1.1716652013293707,1.1491531952568421,-0.8334930033906386,0.8933206970122,0.9481024930771275,-0.16335942759281816,-0.7903287458786188,0.9072801209163772,-2.13645345601481,0.6167666860565078,-1.423148655465114,0.651347633296771,1.0919827498549124,1.1033369687363135,-2.3700544834532598,0.2756815226451513,0.643220459709556,-0.2948812416021528,0.9487314467573517,1.231977056690219,0.6965013491358147,-1.6970427139781377,-2.520280447630448,0.9303367287712754,1.0238646055440184,0.23309973828498745,-2.0171473549703793,1.3213738356193987,-1.3027041874793677,-1.6579826303281495,0.9517919604148625,0.91179376338162,1.0179544802871299,0.8406505774751978,-1.6738508635035538,0.8624525872823513,-1.0747162992754071,0.919069560826703,-1.334094709375566,1.0513563020641516,-0.32112632153450443,-1.1530948914836912,1.1256551095712186,-0.578184811347099
1.213287053187383,-0.06542545614519672,0.505651955668461,1.6887636352810838,0.020510546015934387,-0.16978146284012594,0.990437394571808,1.4359478563584327,-0.04450372948186068,1.144558563060077,-0.3598605550036176,0.8615931655381777,1.0230444395758813,1.2404090158421917,-0.012496849379807929,0.00655449227441747,0.020555979131872282,0.9746121473457431,1.1430499692019758,1.1491531952568421,-0.9028177178927219,0.9168944041028975,0.861982435168773,-0.2989076473258194,-0.7682744141898018,1.0641517981139041,-2.13645345601481,0.6746575738862004,-1.5144753374175595,0.8877149866238923,1.0384322446334762,0.986317285158176,-2.5405693617406016,0.4583470219889882,0.6164545907524089,-0.24541741926755503,0.9487314467573517,1.2438145683681323,0.6965013491358147,-1.4996643303738413,-2.5890892161314834,1.0786142559129148,0.8797979518801436,0.27866339847584254,-1.9672712505399803,1.2355807831982242,-1.4141853178574546,-1.6827831824595063,0.9517919604148625,0.8674497940875385,1.0179544802871299,0.6994165959029812,-2.0631494428625636,0.9004570625963315,-1.0213028901318775,1.148225305242691,-1.292179210865755,1.4146035101534762,-1.2217446136325307,-1.1880869817423958,1.0522263502189668,-1.1709711591139775
1.2478799113863623,-0.20366354486707486,0.8053044720495841,1.9103846181934903,-0.20500155083468163,-0.22056056819424644,0.990437394571808,1.3781192090408234,-0.14461757330677746,1.2586884244762515,-0.3598605550036176,0.5986173914416846,0.9968591837244906,1.304582140394334,-0.09812846717311627,-0.03350934629301285,0.020555979131872282,0.9248609224346898,1.1716652013293707,1.1491531952568421,-0.8334930033906386,0.6938508677832314,0.80456906322987,-0.43408652586063773,-0.8344374092562528,0.8876912318497465,-2.1861788112465392,0.6167666860565078,-1.544917564735041,0.793322786604551,1.1187580024656305,1.0866394232432928,-2.404157459110728,0.7024001071778856,0.7772691968637925,-0.442667029148787,0.8336454843318504,1.2201395450123058,0.757591147166992,-1.4151725310765637,-2.623493600382001,1.0786142559129148,1.059881268959987,0.32422705866669765,-1.917395146109581,1.2355807831982242,-1.3250004135549849,-1.608381526065436,0.9517919604148625,1.022653686616824,1.0050583005822011,0.8406505774751978,-2.84139237175405,0.9764660132242917,-1.0747162992754071,1.3199162007519059,-1.0826017183167003,1.348607740403815,-1.848136182175068,-1.1181028012249863,1.0889407298950928,-1.34523606134906
1.213287053187383,-0.24224161613829984,0.505651955668461,1.6887636352810838,-0.33221350290426227,-0.12290844251322014,0.9364714943160489,1.3781192090408234,-0.21817060142304195,1.2586884244762515,-0.3598605550036176,0.41668446596611897,0.9717213381071578,1.1735620111003828,-0.05531265827646606,0.2707592655299169,0.7644140202962885,1.0782605325771133,1.1573575852656706,1.1491531952568421,-0.8695418549317249,0.5397150906517623,0.747155691290967,-0.6593846567520015,-0.9226547360115206,0.8681023427831157,-2.037811287912844,0.6167666860565078,-1.6820323508904191,0.793322786604551,1.0919827498549124,1.1033369687363135,-2.301568999550966,0.6415116073966066,1.205742492546646,-0.3195122061932585,1.0252463645552334,1.1609519866227396,0.8797707432293465,-1.3588446648783785,-2.623493600382001,1.041544874127505,0.7717479616322369,0.32422705866669765,-1.8176429372487828,1.2570290463035179,-1.5481454302625985,-1.3851765568832248,1.1507660312577928,1.022653686616824,1.0050583005822011,0.8124037811607545,-3.23069095111306,0.9004570625963315,-1.1014230038471717,1.0623798574880834,-1.166432715336322,1.1836183160296616,-2.200621760172123,-1.1530948914836912,1.1623694892473446,-1.34523606134906
1.213287053187383,-0.24224161613829984,0.41191450182616235,0.9073444659010452,-0.4027583126883016,0.017710618467462604,0.9364714943160489,1.3781192090408234,-0.21817060142304195,1.2586884244762515,-0.30016456234647587,0.49772731458705394,0.9717213381071578,1.2083224535661263,-0.07672056272479116,0.7201239413538211,1.2405509441395768,0.9746121473457431,1.1573575852656706,1.2698600328679706,-0.8334930033906386,0.429100003533881,0.861982435168773,-1.1103502597329122,-0.7682744141898018,1.0641517981139041,-1.988490203861861,0.6167666860565078,-1.5296964510763003,0.6985437333064417,1.1990837602977849,1.0866394232432928,-2.3359515077957913,0.9459541063030015,1.5806840503152055,-0.3441431707843642,0.986988905656292,1.1135049111268414,0.6965013491358147,-1.3588446648783785,-2.623493600382001,1.004475492342095,0.9158146152961123,-0.04028222286014314,-1.7677668328183835,1.1925084515523474,-1.5927378824138334,-1.4099771090145816,0.9915867745834486,0.91179376338162,1.0437468396969871,0.8971441701040844,-2.9713947180914086,0.9384615379103116,-1.1281297084189366,0.919069560826703,-1.166432715336322,1.0843541869389823,-1.6916184732919353,-1.0831107109662816,1.1623694892473446,-1.1709711591139775
1.213287053187383,-0.3017161426814309,0.35505735769231195,0.6069249112864514,-0.43167011997684174,1.306718677457034,0.990437394571808,1.3503614583283734,-0.16913524934552926,1.3205087660766899,-0.38851463147905363,0.47788008635335827,0.9842902609158242,1.3393425828600773,-0.12132036365880575,0.5349640387854163,0.49669290297515295,0.9746121473457431,1.1573575852656706,1.2698600328679706,-0.8695418549317249,0.49619440063816633,0.7758623772604185,-1.2004695120894577,-0.5916589874687012,0.9270295746474887,-2.1861788112465392,0.5009849103971225,-1.3773605512621814,0.6985437333064417,1.1187580024656305,1.069941877750272,-2.711084240027944,0.7632886069591646,0.45585937700952694,-0.27025027701104704,1.0252463645552334,1.1491144749448263,0.6965013491358147,-1.7533705801763229,-2.7267067531335556,1.0786142559129148,0.9158146152961123,0.27866339847584254,-1.8675190416791818,0.9780258204994114,-1.4812567520357465,-1.5587804218027224,1.0313815887520346,0.9783097173227422,1.0308506599920586,0.8688973737896412,-1.890285287514796,0.9384615379103116,-0.700603527856177,0.9765344097334759,-1.0826017183167003,1.018358417189321,-1.4565211769572297,-1.1530948914836912,1.2725126282757224,-0.8921473155378459
1.213287053187383,-0.2615306517739087,0.279760058704234,0.5872252683609065,-0.43167011997684174,2.4043285701117854,0.990437394571808,1.3503614583283734,-0.11805675759812514,1.3205087660766899,-0.38851463147905363,0.23475154049055344,0.9842902609158242,1.892835782122257,-0.07672056272479116,0.3368104588437918,0.24761059761941465,1.0782605325771133,1.1716652013293707,1.385738596974665,-0.8695418549317249,0.38557931352028507,0.3450267870139782,-1.4257676429808215,-0.7903287458786188,0.9662073527807502,-2.1861788112465392,0.5588757982268151,-1.3164760966272175,0.6985437333064417,1.0919827498549124,1.1200345142293342,-2.404157459110728,0.3974585222077092,0.45585937700952694,-0.24541741926755503,0.8719029432307908,1.1135049111268414,0.8797707432293465,-1.8096984463745078,-2.657897984632519,1.1156836376983248,0.9158146152961123,0.32422705866669765,-1.8425809894639824,0.9351292942888242,-1.4364815439330718,-1.5339798696713656,1.0711764029206208,1.1558673320781425,1.0050583005822011,0.8406505774751978,-0.8956079346120669,0.8624525872823513,-0.32649075643694686,1.005149558985012,-1.0826017183167003,1.150620431154831,-1.613359618850369,-1.1880869817423958,1.1623694892473446,-0.7873026940291977
1.1813551840806156,-0.2615306517739087,0.29820021355845466,0.6479658340480071,-0.4594254549738429,1.689515010126658,1.0174203446996826,1.2647750602983039,-0.09353908155937335,1.377573696784777,-0.4171687079544791,0.11401423540222719,0.9842902609158242,2.023855911416208,-0.09812846717311627,0.13865687890216719,0.3509712821547894,1.0243633722567964,1.1716652013293707,1.2698600328679706,-0.9028177178927219,0.31848491641599974,0.9481024930771275,-1.5613158627138228,-0.6798763142239691,1.0641517981139041,-2.13645345601481,0.6746575738862004,-1.4840331101000779,0.7457398333161123,1.1187580024656305,1.1033369687363135,-2.028745194291219,0.8850656065217225,0.643220459709556,-0.3441431707843642,1.0635038234541738,1.1253424228047546,0.9413612773099601,-1.7815345132754152,-2.5890892161314834,1.0786142559129148,0.8797979518801436,0.32422705866669765,-1.9423331983247807,0.9351292942888242,-1.5258492041869811,-1.5587804218027224,1.0313815887520346,1.022653686616824,1.0437468396969871,0.8971441701040844,-0.8956079346120669,0.9384615379103116,-0.5136565958538234,0.9765344097334759,-1.0406862198068894,1.1836183160296616,-1.848136182175068,-1.1880869817423958,1.1256551095712186,-0.6478907722411319
1.2478799113863623,-0.24224161613829984,-0.01989245767688239,0.5872252683609065,-0.47330312247234096,2.166057383450076,1.046651874004885,1.3503614583283734,-0.11805675759812514,1.4346386274928853,0.2824683259872387,0.013124158547596586,0.9968591837244906,1.3714291451361427,-0.07672056272479116,0.03254184702086201,0.4543319666901642,0.9746121473457431,1.1573575852656706,1.211920750814634,-0.8334930033906386,0.2967245714091978,0.8332757491993216,-1.696494741248641,-0.7682744141898018,1.0053851309140118,-1.939169119810878,0.5588757982268151,-1.423148655465114,0.793322786604551,0.7972355018533184,1.1033369687363135,-2.199260072578561,0.6415116073966066,0.7237374589494985,-0.4180360645576813,0.986988905656292,1.0661548644151884,1.0024510753411373,-1.7533705801763229,-2.623493600382001,1.0786142559129148,0.663697971384331,0.36979071885755277,-1.8425809894639824,1.1496119253417603,-1.6596265606406855,-1.5587804218027224,1.0711764029206208,1.000481701969783,1.0566430194019159,0.8971441701040844,-1.0684720899598346,1.0144704885382718,-0.6471901187126473,0.9765344097334759,-1.2083482138461332,1.249614085779323,-1.652489046071152,-1.1181028012249863,1.1256551095712186,-0.578184811347099
1.2798117804931297,-0.24224161613829984,-0.17048705565303823,0.6069249112864514,-0.5022149297608811,2.3574555497848966,0.9634544444439335,1.3781192090408234,-0.16913524934552926,1.4346386274928853,0.7791389848946663,0.0726658432486909,1.0094281065331616,0.8152620656842849,-0.12132036365880575,-0.020515668919792986,0.3933322184397782,1.0243633722567964,1.1716652013293707,1.211920750814634,-0.9028177178927219,0.2967245714091978,0.6610356333826125,-1.7415543674269138,-0.5254959924022503,1.0837406871805348,-1.939169119810878,0.6167666860565078,-1.3316972102859583,0.651347633296771,1.0919827498549124,1.1033369687363135,-2.3359515077957913,0.7632886069591646,1.0449278864352625,-0.46729799373989267,1.0252463645552334,1.184627009978566,0.9413612773099601,-1.3588446648783785,-2.9678194460367724,1.041544874127505,0.8077646250482063,0.41535437904840783,-1.7677668328183835,1.4715116773564538,-1.748811464943155,-1.484378765408652,1.0711764029206208,1.000481701969783,1.0179544802871299,0.9821160901647461,-1.112042358623309,0.9004570625963315,-0.7540169369997065,1.005149558985012,-0.8730242257676454,1.018358417189321,-1.3782623225156634,-1.0131265304488724,1.2357982485995966,-0.4039199091120167
1.2478799113863623,-0.22295258050268377,-0.24578435464110934,0.5264847026737985,-0.5299702647578822,2.4980746107655794,0.990437394571808,1.3503614583283734,-0.11805675759812514,1.4917035582009726,0.2824683259872387,0.013124158547596586,0.9968591837244906,0.8821090704260935,-0.18554407700378897,-0.19159908766720712,0.1035834142504467,1.0243633722567964,1.1871651187317096,1.1491531952568421,-0.9028177178927219,0.2967245714091978,0.5459735888001387,-1.876733245961732,-0.43727866564698237,0.7701578974499619,-1.988490203861861,0.7909138650196001,-1.4535908827825956,0.7457398333161123,1.1990837602977849,1.0365467867642306,-2.0628481699486874,0.7632886069591646,1.152210754632352,-0.1715245254942379,1.0635038234541738,1.0898298877710149,0.6965013491358147,-1.5280591153835825,-2.623493600382001,1.0786142559129148,0.8797979518801436,0.23309973828498745,-1.8176429372487828,1.5574805352129177,-1.7042190127919203,-1.4595782132772952,0.9915867745834486,1.1115233627840608,1.0050583005822011,0.9536377627329711,-1.7174211321670283,0.9764660132242917,-1.208468729548754,1.0623798574880834,0.595048931055491,0.919364762564829,-1.1826151864117476,-1.048118620707577,1.1623694892473446,-0.36878124849740146
1.2798117804931297,-0.18437450923146595,-0.28266466434955745,0.3475462794334134,-0.5022149297608811,1.9746592171152728,0.9634544444439335,1.3503614583283734,-0.14461757330677746,1.3205087660766899,0.19411825685466097,0.032971386781292245,0.9717213381071578,1.04521576199611,-0.16413617255546387,-0.2717267648020726,-0.08280470540350249,1.0782605325771133,1.1716652013293707,1.5064454345857934,-0.8695418549317249,0.2967245714091978,0.861982435168773,-1.9668524983182776,-0.5916589874687012,0.7897467865165927,-1.939169119810878,0.5588757982268151,-1.6820323508904191,0.6985437333064417,1.1990837602977849,1.0198492412712095,-2.096951145606156,0.7632886069591646,1.0181620174781154,-0.2948812416021528,1.0635038234541738,1.1727894983006528,0.6965013491358147,-1.3025167986801935,-2.5890892161314834,1.2271956304462384,0.7717479616322369,0.46129151186377854,-2.091961511615978,1.5574805352129177,-1.7042190127919203,-1.484378765408652,0.7926127037405183,1.200211301372224,0.9921621208772725,0.8406505774751978,-2.1495815205364472,0.9764660132242917,-1.4221223661228724,0.9476847100782388,0.3851278688465193,1.018358417189321,-1.1434857591909644,-1.048118620707577,1.1623694892473446,-0.36878124849740146
1.1813551840806156,-0.20366354486707486,-0.3395218084834079,0.26710607082076043,-0.48833726226238305,1.0684474907953252,1.0174203446996826,1.3781192090408234,0.25583780199288064,1.4346386274928853,0.07950195095294853,0.11401423540222719,0.9842902609158242,0.8821090704260935,-0.18554407700378897,-0.31070779692173695,-0.12347120423709565,1.0243633722567964,1.1871651187317096,1.385738596974665,-0.9028177178927219,0.25139051931170636,0.4024401589528812,-1.876733245961732,-0.5254959924022503,1.0837406871805348,-1.988490203861861,0.7909138650196001,-1.6668112372316783,0.651347633296771,1.1990837602977849,1.0532443322572513,-1.9946422186337505,0.8850656065217225,1.393103575246675,-0.3934050999665756,0.986988905656292,1.0069673060256221,0.9413612773099601,-1.1616971331847294,-2.5546848318809654,1.1530568668754186,1.059881268959987,0.18753607809413236,-1.7927048850335832,1.3428220987246922,-1.7265152388675375,-1.906191434855909,0.9517919604148625,1.311071224607428,0.9921621208772725,0.9821160901647461,-2.1063654816995054,0.9004570625963315,-1.475535775266402,1.0337647082365475,-0.07594261476140327,0.8533689928151678,-1.065226904749398,-0.9781344401901677,1.1990838689234706,-0.2642223071563521
1.213287053187383,-0.18437450923146595,-0.3579619633376354,0.24740642789521541,-0.4594254549738429,0.6387781377987954,1.0736348241327593,1.3503614583283734,0.5786538698364823,1.4346386274928853,0.04846003477123232,0.09416700716853153,0.9968591837244906,0.9783687572543013,-0.12132036365880575,-0.3237014742949568,-0.10313795482030283,1.0243633722567964,1.1871651187317096,1.2698600328679706,-0.8334930033906386,0.34024526142279365,0.80456906322987,-1.876733245961732,-0.6798763142239691,0.8093356755832234,-1.7418847836069462,0.7325484617158932,-1.5144753374175595,0.793322786604551,1.0919827498549124,1.0866394232432928,-1.9264362673188136,0.8241771067404435,1.339571837332381,-0.27025027701104704,0.9487314467573517,1.0188048177035354,0.9413612773099601,-1.3306807317792861,-2.657897984632519,1.1530568668754186,1.1322098143445145,0.14197241790327725,-1.8425809894639824,0.9565775573941179,-1.7265152388675375,-1.5091793175400088,0.9915867745834486,1.1558673320781425,1.0050583005822011,0.8688973737896412,-2.0199334040256214,1.0144704885382718,-1.5289491844099314,1.005149558985012,-0.32777917548018404,0.9523626474396597,-0.9475178900770418,-1.0131265304488724,1.1990838689234706,-0.1596633658153027
1.2478799113863623,-0.18437450923146595,-0.4332592623257065,0.20636550513365973,-0.5022149297608811,0.6387781377987954,1.1838152038215954,1.3503614583283734,0.25583780199288064,1.377573696784777,0.16546418037923552,0.09416700716853153,0.9968591837244906,0.8473486279603502,-0.18554407700378897,-0.3237014742949568,-0.12347120423709565,1.0782605325771133,1.1716652013293707,1.2698600328679706,-0.9360935808537189,0.2967245714091978,0.8906891211382245,-1.9217928721400048,-0.5475503240910673,1.7500840447749424,-1.7912058676579292,0.6746575738862004,-1.3925816649209222,0.651347633296771,0.9846622701283453,1.0532443322572513,-1.9264362673188136,0.8241771067404435,1.366337706289528,-0.24541741926755503,1.101761282353114,1.0898298877710149,0.9413612773099601,-1.6970427139781377,-2.5546848318809654,1.1156836376983248,0.951831278712081,0.46129151186377854,-1.8675190416791818,1.0638188729205857,-1.7042190127919203,-1.4595782132772952,0.6729020742333779,0.9339657480286607,1.0050583005822011,0.9253909664185277,-1.544202746992728,0.8244481119683712,-1.3954156615511075,1.005149558985012,-0.41161017249980786,0.7543753381906758,-0.8692590356354755,-1.0131265304488724,1.2357982485995966,-0.2293693267093356
1.311743649599885,-0.14418901832394382,-0.45169941717993395,0.20636550513365973,-0.5022149297608811,0.4981590768181127,1.1276007243885184,1.3503614583283734,0.2047593102454765,1.3205087660766899,-0.15450634026304724,0.13386146363592286,0.9842902609158242,0.5879822495621261,-0.2515517823861287,-0.3897526676088317,-0.10313795482030283,0.9746121473457431,1.1716652013293707,1.2698600328679706,-0.9360935808537189,0.5179547456449602,0.6897423193520641,-1.876733245961732,-0.5916589874687012,1.8481890547725768,-1.7418847836069462,0.7909138650196001,-1.423148655465114,0.651347633296771,0.8507860070747546,1.0866394232432928,-2.028745194291219,0.9459541063030015,0.9646302795638215,-0.24541741926755503,1.101761282353114,1.1135049111268414,0.757591147166992,-1.556223048482675,-2.520280447630448,1.041544874127505,0.9878479421280496,0.41535437904840783,-1.8176429372487828,0.870608699537654,-1.5927378824138334,-1.5835809739340792,0.7528178895719322,0.8452778094404978,1.0050583005822011,0.8971441701040844,-1.4145546304819023,0.7864436366543911,-1.3420022524075779,0.9765344097334759,-0.5373566680292408,0.7543753381906758,-0.751870753973126,-0.9081502596727584,1.1623694892473446,-0.1596633658153027
1.311743649599885,-0.18437450923146595,-0.4885797268883753,0.20636550513365973,-0.5160925972593843,0.6387781377987954,1.154583674516393,1.3226037076159132,0.6052146855451346,1.2586884244762515,-0.4171687079544791,0.11401423540222719,0.9968591837244906,0.4890486825442522,-0.20873597348947848,-0.41682282880304217,-0.18616538993887727,1.128011757488185,1.1716652013293707,1.385738596974665,-0.8695418549317249,1.003935784130081,0.919395807107676,-1.9217928721400048,-0.5696046557798843,2.004964393171415,-1.7418847836069462,0.7909138650196001,-1.3925816649209222,0.6041515332871005,0.9311117649069091,1.069941877750272,-2.028745194291219,0.8241771067404435,1.152210754632352,-0.27025027701104704,1.0252463645552334,1.0306423293814486,0.8186809451981693,-1.61255091468086,-2.5890892161314834,1.0786142559129148,1.0238646055440184,0.36979071885755277,-1.7927048850335832,0.5272606844176667,-1.6596265606406855,-1.5587804218027224,0.4739280033904476,1.022653686616824,1.0050583005822011,0.8688973737896412,-1.2849065139710767,0.8244481119683712,-1.208468729548754,1.005149558985012,-0.5792721665390518,1.018358417189321,-0.751870753973126,-0.9431423499314631,1.1990838689234706,-0.08995740492126976
1.1813551840806156,-0.20366354486707486,-0.45169941717993395,0.20636550513365973,-0.24779102562172492,0.6387781377987954,1.154583674516393,1.2948459569034632,0.7298462054088032,1.4346386274928853,-0.4744768609053406,0.13386146363592286,0.9968591837244906,0.5211352448203175,-0.20873597348947848,-0.4038291514298223,-0.08280470540350249,1.1777629823992382,1.1573575852656706,1.385738596974665,-0.9028177178927219,0.9604150941164934,0.4885602168612357,-1.9668524983182776,-0.5254959924022503,2.063763173304204,-1.8405269517089122,0.7325484617158932,-1.3621394376034406,0.7457398333161123,0.3686119907981331,1.069941877750272,-1.8238478077590519,0.8241771067404435,1.0984596243495566,-0.3195122061932585,0.9487314467573517,1.0069673060256221,0.8186809451981693,-1.6970427139781377,-2.4514716791294124,0.9674061105566852,0.951831278712081,0.5068551720546336,-1.8924570938943814,0.377122842680611,-1.6150341084894506,-1.5091793175400088,0.3943383750532755,0.7787618554993755,1.0437468396969871,0.9821160901647461,-1.3281225528080185,0.5201007973637922,-1.1014230038471717,1.0337647082365475,-0.41161017249980786,0.7213774533158451,-0.6344824723107765,-0.8731581694140538,1.1990838689234706,-0.2293693267093356
1.2478799113863623,-0.18437450923146595,-0.4885797268883753,0.18666586220811476,0.06330002080297253,0.6387781377987954,1.1838152038215954,1.3226037076159132,0.25583780199288064,1.2586884244762515,-0.44582278442990453,0.09416700716853153,0.9968591837244906,0.3927889957160444,-0.20873597348947848,-0.4038291514298223,-0.062471455986709674,1.0243633722567964,1.1430499692019758,1.448506152532457,-0.9028177178927219,0.7609452648875248,0.632328947413161,-1.876733245961732,-0.45933299733579935,1.7500840447749424,-1.7418847836069462,0.6746575738862004,-1.4383697691238548,0.793322786604551,0.39538724340885123,1.0866394232432928,-1.6192299538142414,0.8241771067404435,1.419869444203822,-0.3687741353754699,0.986988905656292,0.9951297943477088,0.8186809451981693,-1.7533705801763229,-2.520280447630448,1.1156836376983248,1.059881268959987,0.36979071885755277,-1.8924570938943814,0.5487089475229604,-1.637330334565068,-1.4347776611459384,0.1953643042103452,0.823105824793457,1.0308506599920586,0.9253909664185277,-1.155258397460251,-0.05027784443864773,-1.1548364129907014,0.9476847100782388,-0.3696946739899969,-0.20310427211178944,-0.517094190648427,-1.0131265304488724,1.1623694892473446,-0.2642223071563521
1.213287053187383,-0.007558349238362844,-0.526996716168005,0.22606514805920472,-0.022278928771108895,0.6387781377987954,1.2107981539494699,1.2948459569034632,-0.24473141713169427,1.4346386274928853,-0.44582278442990453,0.5787701632079889,1.0230444395758813,0.3927889957160444,-0.23014387793780358,-0.4038291514298223,-0.10313795482030283,1.0243633722567964,1.1430499692019758,1.3277993149213285,-0.9360935808537189,0.7827056098943187,0.7758623772604185,-1.876733245961732,-0.5916589874687012,1.906955721972469,-1.5939215314539974,0.6746575738862004,-1.5144753374175595,0.6985437333064417,0.15419050062869344,1.0866394232432928,-1.9264362673188136,0.8241771067404435,0.8040350658209394,-0.2948812416021528,0.9487314467573517,1.1491144749448263,0.757591147166992,-1.8378623794736004,-2.795515521634591,1.1156836376983248,1.0238646055440184,0.36979071885755277,-1.742828780603184,0.35567457957531745,-1.5927378824138334,-1.360376004751868,-0.3222944669826558,0.823105824793457,1.0308506599920586,0.9253909664185277,-1.112042358623309,-0.8106788628109901,-1.0747162992754071,0.919069560826703,-0.3696946739899969,-0.8306050336659466,-0.4779647634276438,-0.9431423499314631,1.1256551095712186,0.08430749731381412
1.2798117804931297,0.4055484972909744,-0.5085565613137845,0.16696621928256247,-0.16336854833918757,0.591905117471907,1.100617774260644,1.2948459569034632,-0.34280212128671056,1.4346386274928853,-0.5055187770870462,0.7392019247637065,1.0230444395758813,0.42487555799210974,-0.2515517823861287,-0.3767589902356118,-0.08280470540350249,1.0782605325771133,1.1716652013293707,1.5064454345857934,-0.8695418549317249,0.9604150941164934,0.80456906322987,-1.696494741248641,-0.7019306459127861,1.5150173759753731,-1.6432426155049804,0.6167666860565078,-1.4992542237588187,0.651347633296771,-0.2476577578157731,1.1033369687363135,-1.8923332916613453,0.9459541063030015,0.7237374589494985,-0.19615549008534364,1.0252463645552334,1.2793271034018723,0.757591147166992,-1.8096984463745078,-2.7267067531335556,1.1156836376983248,1.0238646055440184,0.36979071885755277,-1.8176429372487828,0.3127780533647302,-1.5481454302625985,-1.4099771090145816,-0.5215947248269682,0.712064163979179,0.9921621208772725,0.9253909664185277,-1.0252560511228925,-1.1530306527295493,-1.1548364129907014,0.9765344097334759,-0.3696946739899969,-0.9955944580400999,-0.3602557487552876,-0.8031739888966445,1.1256551095712186,0.6073878841866598
1.311743649599885,0.2078358820259581,-0.5085565613137845,0.5675256254353614,-0.22003569062472372,0.6387781377987954,1.1276007243885184,1.2647750602983039,-0.29376676920919786,1.377573696784777,-0.4744768609053406,0.41668446596611897,1.0230444395758813,0.3259419909742358,-0.20873597348947848,-0.4428101835494867,-0.08280470540350249,1.1777629823992382,1.1573575852656706,1.56438471663913,-0.8695418549317249,0.9386547491096914,0.6897423193520641,-1.7866139936051866,-0.6137133191575181,1.5737840431752654,-1.5939215314539974,0.7325484617158932,-1.3773605512621814,0.6985437333064417,-0.6762812688709577,1.1033369687363135,-1.755641856444115,1.0068426060842806,0.8843326726923805,-0.14689356090313221,0.9487314467573517,1.2556520800460458,0.6965013491358147,-1.950748963780619,-2.3135721389777473,1.1530568668754186,0.951831278712081,0.46129151186377854,-1.917395146109581,0.1624644061923855,-1.570441656338216,-1.3105716172749629,-0.8399532381756567,0.5125163021558123,1.0050583005822011,0.9536377627329711,-0.9388239734490088,-1.5330754058693508,-1.1014230038471717,1.005149558985012,-0.41161017249980786,-1.589826860253239,-0.39938517597607076,-0.7681818986379398,1.1256551095712186,0.5028289428456104
1.311743649599885,-0.026847384873971755,-0.5085565613137845,0.8072046143628473,-0.20500155083468163,0.7833032838067102,1.154583674516393,1.2948459569034632,-0.41839828907286647,1.377573696784777,-0.5055187770870462,0.5787701632079889,1.0230444395758813,0.3927889957160444,-0.20873597348947848,-0.16561173292076256,-0.10313795482030283,1.128011757488185,1.1573575852656706,1.5064454345857934,-0.9028177178927219,0.6503301777696435,0.14384468452314988,-1.9217928721400048,-0.6578219825351521,1.4365012550443692,-1.6432426155049804,0.8488047528492928,-1.2099283010160322,0.8405188866142217,-1.0245790220939888,1.0532443322572513,-1.858230316003877,1.0068426060842806,0.9913961485209685,-0.19615549008534364,1.101761282353114,1.137276963266913,0.8797707432293465,-1.6970427139781377,-2.244763370476712,1.1156836376983248,1.0238646055440184,0.00528143733071196,-1.9423331983247807,-0.05219403029584003,-1.4812567520357465,-1.360376004751868,-0.9593376806814149,0.5346882868028531,1.0179544802871299,0.9536377627329711,-1.1984744362971929,-2.1417700350785087,-0.8610626627012886,0.9765344097334759,-0.4535256710096188,-2.0850656078418863,-0.3602557487552876,-0.7681818986379398,1.0889407298950928,0.2937110601635117
1.2798117804931297,-0.14418901832394382,-0.5638770258764532,0.5478259825098092,-0.34609117040276544,0.6387781377987954,1.2377811040773545,1.3226037076159132,-0.4674336411503791,1.4346386274928853,-0.4744768609053406,0.5572689992881482,1.0094281065331616,0.3927889957160444,-0.20873597348947848,0.2837529429031368,-0.12347120423709565,1.1777629823992382,1.1716652013293707,1.5064454345857934,-0.8695418549317249,0.5614754356585562,0.6897423193520641,-1.696494741248641,-0.5475503240910673,1.69131737757505,-1.4952793633520314,0.6746575738862004,-1.3012549829684767,0.793322786604551,-1.0245790220939888,1.0365467867642306,-1.858230316003877,0.8850656065217225,1.0181620174781154,-0.14689356090313221,1.0635038234541738,1.1135049111268414,0.9413612773099601,-1.5280591153835825,-2.3135721389777473,1.1901262486608284,1.1682264777604832,0.41535437904840783,-2.117103974095237,-0.11653881961172084,-1.5035529781113637,-1.3851765568832248,-1.1188431243571413,0.5125163021558123,1.0050583005822011,0.9253909664185277,-0.9820400122859507,-2.293787936334429,-0.5937767095691178,1.0337647082365475,-0.41161017249980786,-2.1510613775915477,-0.7127413267523428,-0.8381660791553491,1.0889407298950928,-0.36878124849740146
1.311743649599885,0.011730686397246068,-0.22580752021570022,0.42634485113560056,-0.5438479322563803,1.4981168437918548,1.1838152038215954,1.3226037076159132,-0.49399445685903143,1.5487684889090598,-0.4744768609053406,0.43653169419981463,1.0356133623845523,0.42487555799210974,-0.23014387793780358,0.25776558815669703,-0.08280470540350249,1.1777629823992382,1.1573575852656706,1.385738596974665,-0.8695418549317249,0.6285698327628415,0.919395807107676,-1.7415543674269138,-0.5916589874687012,1.3777345878444769,-1.4455540081203022,0.6167666860565078,-1.3773605512621814,0.6985437333064417,-1.2925510174848647,1.0532443322572513,-1.8923332916613453,0.9459541063030015,0.7505033279066454,-0.27025027701104704,1.1782762001509948,1.0898298877710149,0.8186809451981693,-1.4996643303738413,-2.2791677547272293,1.1901262486608284,1.0238646055440184,0.46129151186377854,-2.091961511615978,-0.09509055650642724,-1.5481454302625985,-1.3353721694063196,-1.3178171952000717,0.42364662598857505,0.9791602347813197,0.8971441701040844,-1.112042358623309,-2.217778985706469,-0.6738968232844121,0.9765344097334759,-0.3696946739899969,-1.9860719532173943,-0.32112632153450443,-0.8031739888966445,1.1990838689234706,-1.0315592373259117
1.311743649599885,-0.16347805395955273,0.35505735769231195,0.6069249112864514,-0.6433045493289598,2.5449476310924677,1.264764054205229,1.3503614583283734,-0.39388061303411465,1.3205087660766899,-0.5055187770870462,0.5787701632079889,1.0230444395758813,0.456962120268175,-0.14272826810713085,-0.006439185098802395,-0.14549889110529163,1.1777629823992382,1.1573575852656706,1.2698600328679706,-0.8334930033906386,0.6068094877560476,0.7758623772604185,-1.6514351150703683,-0.7019306459127861,1.4756790331776308,-1.4952793633520314,0.5588757982268151,-1.3773605512621814,0.651347633296771,-1.2120057903690156,1.1033369687363135,-1.8923332916613453,0.8241771067404435,0.7505033279066454,-0.3441431707843642,1.101761282353114,1.0661548644151884,0.6965013491358147,-1.4996643303738413,-2.2791677547272293,1.1530568668754186,1.2042431411764518,0.41535437904840783,-1.8675190416791818,-0.11653881961172084,-1.5035529781113637,-1.4347776611459384,-1.2780223810314855,0.6455482100380567,0.9791602347813197,0.8971441701040844,-1.4145546304819023,-2.0654495723578106,-0.7540169369997065,0.919069560826703,-0.32777917548018404,-2.118063492716717,0.2661358197872497,-0.6979108977085736,1.2357982485995966,-1.6940515459868233
1.311743649599885,-0.57658490048889,0.20446275971615607,0.6676654769735594,-0.6433045493289598,2.4980746107655794,1.1838152038215954,1.3503614583283734,-0.39388061303411465,1.377573696784777,-0.5341728535624822,0.5986173914416846,1.0230444395758813,0.42487555799210974,-0.14272826810713085,-0.11255421698011239,-0.14549889110529163,1.0782605325771133,1.1573575852656706,1.385738596974665,-0.8695418549317249,0.5179547456449602,0.747155691290967,-1.7866139936051866,-0.5475503240910673,1.3777345878444769,-1.5939215314539974,0.2694213590783518,-1.3164760966272175,0.7457398333161123,-1.346101522706301,1.1200345142293342,-1.9946422186337505,0.8850656065217225,0.69675219762385,-0.1715245254942379,1.0635038234541738,1.0188048177035354,0.6965013491358147,-1.3870085979774711,-2.244763370476712,1.1530568668754186,1.1682264777604832,0.09640875771242216,-1.9672712505399803,-0.15943534582230806,-1.4587777700086892,-1.3353721694063196,-1.3178171952000717,0.2906147181063306,0.9921621208772725,0.8971441701040844,-1.544202746992728,-1.91343167110189,-1.0213028901318775,1.0337647082365475,-0.24394817846056208,-2.0850656078418863,0.14874753812490024,-0.7329029879672783,1.1623694892473446,-1.6940515459868233
1.2478799113863623,-0.7919791317532109,0.14914229515349411,0.48708541682270856,-0.6433045493289598,2.021532237442161,1.2107981539494699,1.3503614583283734,-0.39388061303411465,1.6105888305094982,-0.5055187770870462,0.37699000949872036,1.0230444395758813,0.5558956872860608,-0.18554407700378897,-0.21866924886141756,-0.12347120423709565,1.2275142073102916,1.2014727347954044,1.2698600328679706,-0.9360935808537189,0.429100003533881,0.37373347298342974,-1.696494741248641,-0.6137133191575181,1.4365012550443692,-1.5446004474030144,-0.13628937120351114,-1.3164760966272175,0.793322786604551,-1.346101522706301,1.1033369687363135,-1.858230316003877,1.0677311058655594,0.8040350658209394,-0.2948812416021528,1.0252463645552334,1.0188048177035354,0.6965013491358147,-1.4996643303738413,-2.2791677547272293,1.1530568668754186,1.1682264777604832,0.23309973828498745,-1.8176429372487828,-0.2666766613487761,-1.4587777700086892,-1.186568856618179,-1.3974068235372437,0.17975479487112692,0.9921621208772725,0.9253909664185277,-1.544202746992728,-2.0274450970438305,-1.315295547835813,1.0909950067396192,-0.32777917548018404,-1.7550867590935797,-0.12547918543058864,-0.6979108977085736,1.1623694892473446,-1.275530100455027
1.213287053187383,-0.870742693931958,0.14914229515349411,0.42634485113560056,-0.6433045493289598,2.306676444430759,1.2377811040773545,1.4058769597532734,-0.39388061303411465,1.4917035582009726,-0.4744768609053406,0.3157943891114884,1.0356133623845523,0.4890486825442522,-0.18554407700378897,-0.21866924886141756,-0.10313795482030283,1.2772654322213448,1.1871651187317096,1.385738596974665,-0.9360935808537189,0.4726206935474689,0.7184490053215156,-1.6514351150703683,-0.45933299733579935,1.3581456987778462,-1.4455540081203022,-0.2520711468628965,-1.3621394376034406,0.6985437333064417,-1.5335282909813277,1.1534296052153756,-1.858230316003877,0.8850656065217225,1.393103575246675,-0.27025027701104704,1.0635038234541738,0.9003326721401574,0.8186809451981693,-1.5280591153835825,-2.210358986226194,1.1901262486608284,0.843781288464175,0.5068551720546336,-1.667810213693526,-0.4384385716264144,-1.3918890917818372,-1.1617683044868221,-1.4372016377058299,0.09088511870388914,1.0050583005822011,0.8971441701040844,-1.2849065139710767,-1.7614137698459693,-1.315295547835813,1.0337647082365475,-0.41161017249980786,-1.061590227789761,-0.5953530450899933,-0.6979108977085736,1.1623694892473446,-0.9270002959848623
1.2798117804931297,-0.8514536582963491,-0.01989245767688239,0.3065053566718577,-0.671059884325961,2.4043285701117854,1.1838152038215954,1.3781192090408234,-0.34280212128671056,1.4346386274928853,-0.4744768609053406,0.41668446596611897,1.0481822851932188,0.5211352448203175,-0.20873597348947848,-0.24465660360786212,-0.062471455986709674,1.1777629823992382,1.1871651187317096,1.385738596974665,-0.9693694438147159,0.4508603485406749,0.747155691290967,-1.6514351150703683,-0.5034416607134333,1.1229184653137962,-1.4952793633520314,-0.19418025903320382,-1.4079275418063733,0.651347633296771,-1.8015002863722036,1.069941877750272,-1.6192299538142414,0.9459541063030015,0.4290935080523799,-0.22078645467644933,1.0252463645552334,1.1491144749448263,0.8186809451981693,-1.3870085979774711,-2.2791677547272293,1.1530568668754186,1.0238646055440184,0.5068551720546336,-1.8425809894639824,-0.5456798871528824,-1.3472966396306023,-1.186568856618179,-1.4372016377058299,-0.08649075847243679,1.0179544802871299,0.8971441701040844,-0.9388239734490088,-1.1910351280435294,-1.2885888432640482,0.9765344097334759,-0.4954411695194298,-1.061590227789761,-1.3782623225156634,-0.6979108977085736,1.1623694892473446,-0.8221556744762142
1.2798117804931297,-0.7325046052100799,-0.30110481920377813,0.24740642789521541,-0.6849375518244589,2.021532237442161,1.2377811040773545,1.4359478563584327,-0.3693629369953629,1.4346386274928853,-0.5341728535624822,0.3157943891114884,1.060751208001885,0.5558956872860608,-0.18554407700378897,-0.41682282880304217,-0.14549889110529163,1.1777629823992382,1.1871651187317096,1.385738596974665,-0.9028177178927219,0.4508603485406749,0.747155691290967,-1.6514351150703683,-0.5034416607134333,1.2406123643780615,-1.2975907559673534,-0.2520711468628965,-1.286033869309736,0.7457398333161123,-1.587078796202764,1.1200345142293342,-1.7215388807866465,1.0677311058655594,0.69675219762385,-0.24541741926755503,1.0635038234541738,1.0424798410593619,0.757591147166992,-1.950748963780619,-2.244763370476712,1.004475492342095,1.0238646055440184,0.41535437904840783,-1.6179341092631268,-0.5885764133634701,-1.3472966396306023,-1.1369677523554653,-1.4372016377058299,-0.06431877382539605,1.0179544802871299,0.8124037811607545,-0.9820400122859507,-1.34305302929945,-1.2351754341205188,0.9765344097334759,-1.2502637123559441,-1.2598480115049324,-1.9263950366166342,-0.6279267171911642,1.0889407298950928,-0.5433318309000825
1.4421321151191546,-0.811268167388827,-0.17048705565303823,0.1472665763570175,-0.7138493591129991,1.306718677457034,1.1838152038215954,1.3781192090408234,-0.29376676920919786,1.4346386274928853,0.10815602742837399,0.2149043122568578,1.0356133623845523,1.2724955781182568,-0.20873597348947848,-0.5088613768633615,-0.18616538993887727,1.2275142073102916,1.2014727347954044,1.385738596974665,-0.8334930033906386,0.4726206935474689,0.80456906322987,-1.5613158627138228,-0.5034416607134333,1.1816851325136886,-1.3469118400183364,-0.6573073616707451,-1.3316972102859583,0.793322786604551,-1.7747250337614855,1.0866394232432928,-1.6192299538142414,1.0068426060842806,0.7772691968637925,-0.22078645467644933,0.9487314467573517,1.0898298877710149,0.6354115511046375,-1.3306807317792861,-2.3482585263778595,1.1156836376983248,1.2402598045924202,0.5068551720546336,-1.667810213693526,-0.8246831129569893,-1.3918890917818372,-1.2361699608808925,-1.9548604088988326,0.13541082557704492,0.9921621208772725,0.8688973737896412,-1.112042358623309,-1.6093958685900487,-1.1817620249769891,0.9476847100782388,-1.3763537775452939,-1.6558226300029004,-2.200621760172123,-0.6279267171911642,1.0522263502189668,-0.578184811347099
1.4102002460123875,-0.8514536582963491,-0.28266466434955745,0.06682636774436455,-0.7277270266115022,0.9747014501415309,1.2377811040773545,1.4359478563584327,0.2803554780316324,1.6105888305094982,0.3994724715952419,0.15370869186962585,1.0481822851932188,1.7297290905522407,-0.20873597348947848,-0.5749125701772364,-0.12347120423709565,1.2275142073102916,1.2014727347954044,1.211920750814634,-0.8695418549317249,0.4726206935474689,0.80456906322987,-1.7415543674269138,-0.7019306459127861,1.2602012534446925,-1.3469118400183364,-1.0051272041229153,-1.3012549829684767,0.6041515332871005,-1.8015002863722036,1.1200345142293342,-1.5510240024993045,1.0677311058655594,1.312805968375234,-0.1715245254942379,1.0252463645552334,1.1964645216564793,0.757591147166992,-1.3306807317792861,-2.417067294878895,1.1156836376983248,0.9158146152961123,0.46129151186377854,-1.7176863181239252,-0.5671281502581761,-1.3472966396306023,-1.2361699608808925,-1.9946552230674186,-0.06431877382539605,0.9791602347813197,0.9536377627329711,-1.112042358623309,-1.8374227204739297,-1.0747162992754071,0.9765344097334759,-1.2083482138461332,-1.6890909893439183,-2.0832334785097735,-0.662918807449869,0.9787975908667149,-0.43877288955903315
1.4102002460123875,-0.811268167388827,-0.5085565613137845,0.04712672481881957,-0.6849375518244589,0.7364302634798218,1.264764054205229,1.3781192090408234,0.7298462054088032,1.5487684889090598,-0.4171687079544791,0.11401423540222719,1.0356133623845523,1.1414754488243177,-0.20873597348947848,-0.5619188928040117,-0.16583214052208445,1.2772654322213448,1.1716652013293707,1.2698600328679706,-0.7669412774686323,0.4726206935474689,0.3450267870139782,-1.4257676429808215,-0.7903287458786188,0.985796241847381,-1.2482696719163704,-1.7581832613829345,-1.225149414674773,0.6985437333064417,-1.8282755389829217,1.1200345142293342,-1.8238478077590519,0.9459541063030015,0.643220459709556,-0.2948812416021528,0.9487314467573517,1.1964645216564793,0.757591147166992,-1.4433364641756563,-2.0727414492241234,1.1530568668754186,0.8077646250482063,0.6435461526271989,-1.8176429372487828,-0.5671281502581761,-1.3027041874793677,-1.285771065143606,-1.5167912660430019,-0.24187638858079627,1.0179544802871299,0.8971441701040844,-1.155258397460251,-1.8754271957879098,-1.1281297084189366,1.005149558985012,-2.4245848099504848,-1.3918395510042552,-1.9655244638374174,-0.6279267171911642,0.794924754947756,-0.4736258700060496
1.375607387813408,-0.772690096117602,-0.6207341700103036,0.04712672481881957,-0.7277270266115022,0.5450320971450012,1.2107981539494699,2.0558709556032215,0.5296185177589696,1.4917035582009726,-0.38851463147905363,0.0726658432486909,1.060751208001885,1.2404090158421917,-0.20873597348947848,-0.5489252154307919,-0.16583214052208445,1.2772654322213448,1.1430499692019758,1.5064454345857934,-0.8002171404296292,0.429100003533881,0.4885602168612357,-1.335648390624276,-0.9006004043227036,1.3189679206445846,-1.1989485878653876,-2.2213103640204754,-1.2708127556509954,0.7457398333161123,-1.9621518020365125,1.0866394232432928,-1.5510240024993045,1.0677311058655594,0.8040350658209394,-0.24541741926755503,0.986988905656292,1.3149366672198572,0.6965013491358147,-1.8941902456717854,-2.107145833474641,1.1530568668754186,1.0961931509285459,0.5068551720546336,-1.5680580048327277,-0.459886834731708,-1.3027041874793677,-1.186568856618179,-1.3576120093686577,-0.48576821969824446,1.0179544802871299,0.8688973737896412,-1.0252560511228925,-2.3697968869623893,-1.0480095947036423,1.0337647082365475,-2.8440833647085113,-1.7550867590935797,-2.004653891058201,-0.662918807449869,0.8683535143000078,-0.36878124849740146
1.4102002460123875,-0.7325046052100799,-0.6576144797187518,-0.013613840868281105,-0.7138493591129991,0.4981590768181127,1.264764054205229,2.5370053012857396,0.4540223499728137,1.4917035582009726,-0.3288186388219119,0.05281861501499524,1.0481822851932188,1.3714291451361427,-0.23014387793780358,-0.6019827313714469,-0.2064986393556776,1.3311625925416617,1.1716652013293707,1.56438471663913,-0.8695418549317249,0.5179547456449602,0.6610356333826125,-1.335648390624276,-0.45933299733579935,1.2797901425113232,-1.1496275038144046,-2.511239318642953,-1.1641401968130987,0.6985437333064417,-1.8015002863722036,1.0866394232432928,-1.6533329294717098,0.8241771067404435,1.0449278864352625,-0.27025027701104704,1.0252463645552334,1.2438145683681323,0.757591147166992,-1.8378623794736004,-2.4514716791294124,1.1530568668754186,1.1322098143445145,0.32422705866669765,-1.4932438481871289,-0.6959935343252276,-1.2804079614037502,-1.2361699608808925,-1.3974068235372437,-0.019974804531314564,1.0050583005822011,0.9253909664185277,-0.6795277404273574,-2.5598192635322903,-1.0213028901318775,0.919069560826703,-2.8440833647085113,-1.821082528843241,-2.0832334785097735,-0.5929346269324596,0.5012097175387484,-0.333928268050385
1.4740639842259102,-0.7534010604819931,-0.6960314689983815,0.006085802057263876,-0.7138493591129991,0.9747014501415309,1.264764054205229,2.1692151043457413,0.6297323615838863,1.4346386274928853,-0.5341728535624822,-0.028224233605939703,1.060751208001885,1.2404090158421917,-0.20873597348947848,-0.5749125701772364,-0.14549889110529163,1.3809138174527333,1.1871651187317096,1.622323998692488,-0.8334930033906386,1.0927905262411686,0.8906891211382245,-1.515886895337367,-0.43727866564698237,1.0445629090472732,-1.1496275038144046,-2.569130206472646,-1.0728135148606541,0.6985437333064417,-1.8282755389829217,1.136732059722355,-1.414612099869431,0.8241771067404435,1.0984596243495566,-0.3195122061932585,1.0252463645552334,1.1964645216564793,0.8797707432293465,-1.5843869815817675,-2.3135721389777473,1.1901262486608284,0.663697971384331,0.5068551720546336,-1.4932438481871289,-0.5671281502581761,-1.2804079614037502,-1.285771065143606,-1.3178171952000717,-0.17517869706059977,1.0179544802871299,0.9821160901647461,-0.5930956627534717,-2.52181478821831,-1.0213028901318775,1.0337647082365475,-2.8021678661987006,-2.0520677229670556,-1.8090067549542848,-0.5929346269324596,-0.4539660291171862,-0.29907528760336854
1.4102002460123875,-0.7534010604819931,-0.6960314689983815,-0.054654763629836796,-0.699971691614501,0.591905117471907,1.2917470043331034,1.0681576594184343,0.5051008417202179,1.4346386274928853,-0.9711475198127683,0.013124158547596586,1.0356133623845523,1.403515707412208,-0.2515517823861287,-0.5749125701772364,-0.12347120423709565,1.2772654322213448,1.1871651187317096,1.56438471663913,-0.8002171404296292,1.270500010463335,0.9481024930771275,-1.515886895337367,-0.5034416607134333,1.3777345878444769,-1.2482696719163704,-2.8006937577914193,-1.1793613104718395,0.7457398333161123,-1.9889270546472306,1.1200345142293342,-1.5510240024993045,0.8241771067404435,0.8575668037352334,-0.07300066712981511,0.8719029432307908,1.137276963266913,0.8797707432293465,-1.471500397274749,-2.0383370649736055,0.8191285834150458,0.9878479421280496,0.5524188322454887,-1.5680580048327277,-0.4813350978370016,-1.2804079614037502,-1.1617683044868221,-1.2780223810314855,-0.24187638858079627,1.0437468396969871,0.9821160901647461,-0.4630933164161153,-2.48381031290433,-1.0213028901318775,0.9765344097334759,-2.6345058721594565,-1.9530740683425636,-1.4565211769572297,-0.5229504464150503,-1.409141775773119,-0.36878124849740146
1.4421321151191546,-0.7325046052100799,-0.7329117787068297,-0.013613840868281105,-0.6849375518244589,0.4473799714639749,1.264764054205229,0.6726097117659754,0.25583780199288064,1.4917035582009726,-1.0881516654207608,0.41668446596611897,1.060751208001885,1.3393425828600773,-0.2515517823861287,-0.5619188928040117,-0.18616538993887727,1.3311625925416617,1.1573575852656706,1.6802632807458244,-0.7669412774686323,1.0710301812343745,0.6036222614437096,-1.515886895337367,-0.48138732902461634,1.1620962434470579,-1.0509853357124386,-2.8006937577914193,-1.2099283010160322,0.6985437333064417,-2.0159217765416435,1.0866394232432928,-1.3805091242119625,0.8241771067404435,0.9110985416495275,-0.023738737947603696,0.9487314467573517,0.9714547709918823,0.8186809451981693,-1.4151725310765637,-1.9351239122220527,0.6337816744879964,0.8797979518801436,0.46129151186377854,-1.6179341092631268,-0.6530970081146404,-1.2581117353281328,-1.0873666480927517,-1.5967070813815563,-0.5968098805125225,0.9921621208772725,0.8688973737896412,-0.5066635850795879,-2.5978237388462704,-1.0213028901318775,1.005149558985012,-2.7183368691790784,-1.1605838824142531,-1.2217446136325307,-0.5229504464150503,-1.8500152694249596,-0.6130377917941154
1.4421321151191546,-0.693926533938855,-0.8266492325491283,-0.013613840868281105,-0.6571822168274629,0.4473799714639749,1.320978533638306,0.3626481621435862,-0.01998605344310888,1.4346386274928853,-1.0881516654207608,0.43653169419981463,1.0733201308105562,0.9783687572543013,-0.23014387793780358,-0.5749125701772364,-0.16583214052208445,1.3311625925416617,1.1573575852656706,1.6802632807458244,-0.7669412774686323,0.9386547491096914,0.7758623772604185,-1.4708272691590942,-0.6578219825351521,0.8681023427831157,-1.1989485878653876,-2.9743664212804974,-1.0271501738844317,0.6985437333064417,-1.9353765494257944,1.0866394232432928,-1.414612099869431,0.8850656065217225,0.8575668037352334,0.0008922266435020076,0.986988905656292,0.9832922826697955,0.5743217530734603,-1.5280591153835825,-1.9351239122220527,0.744989819844226,0.8797979518801436,0.46129151186377854,-1.6179341092631268,-0.8032348498516957,-1.2358155092525154,-1.062566095961395,-1.8354759663930726,-0.44142425040416294,0.9921621208772725,0.9253909664185277,-0.5498796239165298,-2.4458058375903495,-0.9945961855601126,0.9476847100782388,-2.6764213706692677,-1.061590227789761,-0.9869680503078316,-0.5929346269324596,-1.8133008897488336,-0.7524497135821813
1.4102002460123875,-0.713215569574471,-0.8450893874033489,0.20636550513365973,-0.6433045493289598,0.4981590768181127,1.2917470043331034,0.27706176411351663,-0.16913524934552926,1.4346386274928853,-1.057109749239055,-0.10761314654072968,1.060751208001885,0.7510889411321424,-0.2943675912827868,-0.6149764087446667,-0.18616538993887727,1.2275142073102916,1.1871651187317096,1.448506152532457,-0.8002171404296292,1.0492698362275725,1.1492845955679558,-1.3807080168025487,-0.5475503240910673,1.0837406871805348,-1.0509853357124386,-3.03225730911019,-0.8595931604115722,0.8405188866142217,-2.176573292205952,1.0198492412712095,-1.5510240024993045,1.0068426060842806,1.178976623589499,-0.24541741926755503,0.986988905656292,1.0779923760931016,0.8186809451981693,-1.950748963780619,-1.9351239122220527,0.6337816744879964,0.9878479421280496,0.5524188322454887,-1.4184296915415302,-0.7817865867464021,-1.1689268310256633,-1.4595782132772952,-1.9150655947302446,-0.44142425040416294,0.9921621208772725,0.9253909664185277,-0.6795277404273574,-1.5710798811833309,-0.9945961855601126,0.9476847100782388,-2.466500308460296,-1.226850126630102,-0.8692590356354755,-0.6279267171911642,-1.8133008897488336,-0.7524497135821813
1.4740639842259102,-0.674637498303246,-0.8835063766829787,0.5675256254353614,-0.671059884325961,0.4981590768181127,1.264764054205229,0.022615715916037678,-0.16913524934552926,1.5487684889090598,-1.057109749239055,-0.028224233605939703,1.0733201308105562,0.7510889411321424,-0.2943675912827868,-0.3237014742949568,-0.14549889110529163,1.3311625925416617,1.2157803508590994,1.7430308363036164,-0.8334930033906386,0.9604150941164934,0.747155691290967,-1.335648390624276,-0.6798763142239691,0.8681023427831157,-1.1989485878653876,-2.9164755334508046,-0.9967079465669503,0.8405188866142217,-2.2568990500381063,0.9028295576930724,-1.4828180511843676,0.8241771067404435,1.0984596243495566,-0.1715245254942379,1.0252463645552334,0.9476827188518104,0.757591147166992,-1.8378623794736004,-1.9351239122220527,0.37399215459844326,0.9878479421280496,0.6435461526271989,-1.3934916393263306,-0.6959935343252276,-1.3250004135549849,-1.1617683044868221,-1.9946552230674186,-0.37490829646304075,1.0050583005822011,0.8971441701040844,-0.030932928046694348,-1.4190619799274102,-1.0213028901318775,0.9765344097334759,-2.382669311440674,-1.0945881126645918,-0.8301296084146923,-0.5229504464150503,-1.7398721303965818,-0.6130377917941154
1.4421321151191546,-0.2615306517739087,-0.8266492325491283,0.40664520821005556,-0.671059884325961,0.4981590768181127,1.320978533638306,-0.3151035844188118,-0.24473141713169427,1.4917035582009726,-1.0881516654207608,-0.16880876692796895,1.060751208001885,0.6842419363903338,-0.2943675912827868,0.07260568558829233,-0.16583214052208445,1.4306650423637866,1.2157803508590994,2.5638373320593026,-0.7669412774686323,0.8933206970122,0.9481024930771275,-1.3807080168025487,-0.43727866564698237,1.2797901425113232,-1.1496275038144046,-2.9743664212804974,-0.9967079465669503,0.8405188866142217,-2.123022786984516,0.8527369212140102,-1.414612099869431,0.9459541063030015,0.8575668037352334,-0.07300066712981511,0.986988905656292,0.959617259313969,0.8797707432293465,-1.866026312572693,-1.8663151437210173,-0.2564911831452086,1.0961931509285459,0.6891098128180541,-1.4433677437567298,-0.6959935343252276,-1.1689268310256633,-1.3353721694063196,-1.6365018955501422,-0.17517869706059977,1.0050583005822011,0.8688973737896412,-0.41987727757917337,-1.4950709305553704,-0.941182776416583,0.9765344097334759,-2.1730918188916193,-0.9625965731652693,-0.751870753973126,-0.48795835615634564,-1.5192849148014969,-0.4039199091120167
1.311743649599885,-0.20366354486707486,-0.9019465315371994,0.3262049995974026,-0.7138493591129991,0.40050695113708645,1.264764054205229,-0.3428613351312618,-0.29376676920919786,1.4346386274928853,-1.057109749239055,-0.4714789974918608,1.0869364638532757,0.3927889957160444,-0.2515517823861287,0.04553552439408187,-0.16583214052208445,1.3809138174527333,1.2014727347954044,2.921129571388254,-0.7669412774686323,0.7391849198807309,0.861982435168773,-1.2455291382677305,-0.3488805656811502,0.8681023427831157,-1.0509853357124386,-2.8585846456211117,-1.088034628519395,0.6985437333064417,-2.123022786984516,0.7524147831288939,-1.2779206646522006,0.8241771067404435,1.0984596243495566,0.09961797816031114,0.9101604021297311,1.0306423293814486,0.8186809451981693,-1.950748963780619,-1.7284156035693519,-0.4421419394639419,0.9878479421280496,0.6891098128180541,-1.4932438481871289,-0.7388900605358149,-1.1241516229229889,-1.0873666480927517,-1.3974068235372437,-0.17517869706059977,0.9791602347813197,0.9253909664185277,-1.112042358623309,-1.647400343904029,-0.941182776416583,1.005149558985012,-1.8793397596630255,-1.2598480115049324,-0.6736118995315596,-0.48795835615634564,-1.2989986367447413,-0.29907528760336854
1.3436755187066407,-0.36119066922456905,-0.8835063766829787,0.3672459223589583,-0.699971691614501,0.4473799714639749,1.264764054205229,-0.2595880829939015,-0.21817060142304195,1.6105888305094982,-0.9424934433373321,-0.6931063794348177,1.0995053866619469,0.16283529940421945,-0.3175594877684763,-0.19159908766720712,-0.12347120423709565,1.3809138174527333,1.2014727347954044,1.211920750814634,-0.8002171404296292,0.5832357806653501,1.0631645376596013,-1.2004695120894577,-0.3488805656811502,1.3973234769111078,-1.1989485878653876,-2.8006937577914193,-1.1947071873572914,0.6985437333064417,-2.123022786984516,0.5854393281986867,-1.346406148554494,0.7632886069591646,1.178976623589499,0.0008922266435020076,1.0252463645552334,0.959617259313969,0.8186809451981693,-2.091568629276082,-1.7284156035693519,-0.701627611961811,0.843781288464175,0.6435461526271989,-1.4184296915415302,-0.9104761653781637,-1.1912230571012807,-1.0873666480927517,-1.5967070813815563,-0.3083923425219185,1.0050583005822011,0.9253909664185277,-1.76063717100397,-1.5330754058693508,-0.8877693672730534,0.919069560826703,-1.7955087626434036,-1.5238310905035777,-0.5953530450899933,-0.5229504464150503,-1.2989986367447413,-0.19451634626231915
1.3436755187066407,-0.38047970486017796,-0.9203866863914268,0.40664520821005556,-0.7138493591129991,0.40050695113708645,1.264764054205229,-0.37293223173642115,-0.09353908155937335,1.4917035582009726,-0.9424934433373321,-0.8154976202092888,1.0733201308105562,0.13074873712814228,-0.2943675912827868,-0.3767589902356118,-0.2064986393556776,1.3311625925416617,1.1716652013293707,-0.4393487877056281,-0.8334930033906386,0.5832357806653501,0.632328947413161,-1.155409885911185,-0.5034416607134333,0.9072801209163772,-1.1003064197634216,-2.9743664212804974,-1.0423712875431725,0.9349110866335629,-2.2836743026488246,0.3849319171554461,-1.3805091242119625,0.7632886069591646,1.232508361503793,-0.07300066712981511,0.986988905656292,0.9003326721401574,0.6965013491358147,-2.1478964954742668,-1.7284156035693519,-0.8499051391034522,0.8797979518801436,0.5524188322454887,-1.5680580048327277,-0.7174417974305213,-1.1241516229229889,-1.062566095961395,-1.8354759663930726,-0.3970802811100815,1.0179544802871299,0.9253909664185277,-2.7549602940801665,-1.647400343904029,-0.8610626627012886,0.9476847100782388,-1.7535932641335925,-1.4578353207539163,-0.517094190648427,-0.45296626589764094,-1.445856155449245,-0.020251444027235256
1.375607387813408,-0.28242710704582197,-0.9203866863914268,0.40664520821005556,-0.6849375518244589,0.4981590768181127,1.374944433894065,-0.40068998244887116,-0.29376676920919786,1.6105888305094982,-0.8254892977293395,-0.8551920766766802,1.0733201308105562,0.031815170110268375,-0.2943675912827868,-0.429816506176262,-0.16583214052208445,1.3809138174527333,1.1716652013293707,-0.8545803090879375,-0.8002171404296292,0.49619440063816633,0.6897423193520641,-1.2905887644460032,-0.39298922905878414,1.7698334985060538,-1.0016642516614556,-3.03225730911019,-1.011929060225691,0.9821071866432335,-2.41777003498611,0.2512146880842883,-1.346406148554494,0.8241771067404435,0.9110985416495275,-0.023738737947603696,0.986988905656292,0.9476827188518104,0.8186809451981693,-1.8378623794736004,-1.7284156035693519,-0.9240439026742719,0.8797979518801436,0.09640875771242216,-1.3683491768470717,-0.6530970081146404,-1.1689268310256633,-0.9631606042217762,-2.1939554809117294,-0.3083923425219185,0.9921621208772725,0.8971441701040844,-2.928178679254467,-2.0274450970438305,-0.8343559581295238,1.005149558985012,-1.7116777656237816,-1.3258437812545938,-0.517094190648427,-0.45296626589764094,-2.0335871678055892,0.049454516866797665
1.4421321151191546,-0.5572958648532811,-0.8835063766829787,0.38694556528451063,-0.699971691614501,0.40050695113708645,1.2917470043331034,-0.42844773316133145,-0.34280212128671056,1.7817836226337809,-0.8827974506801904,-0.8551920766766802,1.0733201308105562,0.13074873712814228,-0.2729596868344617,-0.4428101835494867,-0.16583214052208445,1.4306650423637866,1.2014727347954044,-1.0863374373013048,-0.8002171404296292,0.5397150906517623,0.43114684492233274,-1.2455291382677305,-0.39298922905878414,1.9265446110391,-1.0016642516614556,-2.8585846456211117,-1.088034628519395,0.793322786604551,-2.149798039595234,0.06754168766106046,-0.9368909080775165,0.9459541063030015,1.0181620174781154,-0.023738737947603696,0.986988905656292,0.8529826254285044,0.8186809451981693,-1.7252066470772303,-1.7628199878198696,-1.035555895422184,0.9158146152961123,0.41535437904840783,-1.293535020201473,-0.5027833609422953,-1.146447848998606,-1.2113694087495357,-2.3929295517546616,-0.48576821969824446,1.0308506599920586,0.8688973737896412,-2.7981763329171083,-2.3317924116484092,-0.8343559581295238,1.0623798574880834,-1.6278467686041596,-1.0945881126645918,-0.5562236178692102,-0.48795835615634564,-2.9153341551092704,0.11944615792842778
1.4740639842259102,-0.909320765203183,-0.9388268412456475,0.24740642789521541,-0.699971691614501,0.3067609104832921,1.2917470043331034,-0.37293223173642115,-0.34280212128671056,1.7247186919256936,-0.854143374204765,-0.8750393049103832,1.0481822851932188,-0.00027139216579691593,-0.2729596868344617,-0.5749125701772364,-0.18616538993887727,1.3809138174527333,1.2157803508590994,-1.0863374373013048,-0.8334930033906386,0.8280396619918101,1.0057511657206983,-1.2455291382677305,-0.28271757061469927,1.7304951557083117,-1.0016642516614556,-2.8585846456211117,-0.9661409560227576,0.7457398333161123,-2.20334854481667,-0.11626817788915948,-1.1074057863648585,0.9459541063030015,1.393103575246675,0.09961797816031114,1.0635038234541738,0.9240076954959839,0.8186809451981693,-1.6970427139781377,-1.797224372070387,-1.035555895422184,0.8797979518801436,0.7346734730089091,-1.2685969679862734,-0.8246831129569893,-1.1241516229229889,-1.186568856618179,-1.8752707805616586,-0.8630554338560856,1.0050583005822011,0.8971441701040844,-2.582096138732399,-2.255783461020449,-0.7807236415714713,0.9476847100782388,-1.5021002730747268,-1.0285923429149306,-0.8301296084146923,-0.5229504464150503,-3.282778889408859,0.39827000150456104
1.4421321151191546,-1.086136925196279,-0.9772438305252773,0.006085802057263876,-0.7277270266115022,1.451243823464949,1.320978533638306,-0.37293223173642115,-0.29376676920919786,1.7817836226337809,-0.854143374204765,-0.8353448484429845,1.0869364638532757,-0.00027139216579691593,-0.3175594877684763,-0.6810276020585416,-0.16583214052208445,1.3809138174527333,1.2157803508590994,-1.1491049928590968,-0.8002171404296292,0.9386547491096914,0.8332757491993216,-1.155409885911185,-0.32682623399233324,1.612961821308527,-0.9523431676104727,-2.8006937577914193,-0.9052565013877946,0.8405188866142217,-2.149798039595234,-0.30007804343937944,-1.5510240024993045,1.0068426060842806,0.7237374589494985,-0.14689356090313221,1.101761282353114,0.7108354565093001,0.757591147166992,-1.7533705801763229,-1.6940112193188341,-1.1467640407784152,1.0238646055440184,0.7346734730089091,-1.3184730724166727,-0.9321002339187467,-1.1241516229229889,-1.0129649916986814,-1.4769964518744159,-0.5746378958654816,1.0179544802871299,0.9253909664185277,-2.3227999057107476,-2.179774510392489,-0.7540169369997065,0.9765344097334759,-1.4182692760551048,-0.9625965731652693,-0.7127413267523428,-0.48795835615634564,-3.282778889408859,-0.020251444027235256
1.5059958533326658,-1.0668478895606701,-0.9572669960998682,-0.1334533353320313,-0.7277270266115022,1.6426419897997695,1.3479614837661804,-0.3428613351312618,-0.26924909317044604,1.6105888305094982,-0.8254892977293395,-0.7741492280557526,1.0869364638532757,-0.00027139216579691593,-0.2729596868344617,-0.7340851179991966,-0.2064986393556776,1.3311625925416617,1.1871651187317096,-1.7960936424547522,-0.8334930033906386,1.1816452683522558,0.861982435168773,-1.1103502597329122,0.026223846239302663,1.2993790315779539,-1.0509853357124386,-2.8585846456211117,-0.9661409560227576,0.8877149866238923,-2.3104495552595425,-0.46719036349657866,-1.1756117376797954,0.9459541063030015,0.8843326726923805,0.0008922266435020076,0.986988905656292,0.5095007292005292,0.8186809451981693,-1.7252066470772303,-1.6940112193188341,-1.2950415679200546,1.1322098143445145,0.6435461526271989,-1.3683491768470717,-0.7817865867464021,-1.1018553968473714,-0.987961156353133,-1.1586379385257275,-0.8630554338560856,0.9921621208772725,0.8971441701040844,-2.192797559373389,-2.217778985706469,-0.7540169369997065,0.919069560826703,-1.4182692760551048,-0.9625965731652693,0.2661358197872497,-0.38298208538023004,-3.209049192518278,-0.1596633658153027
1.4740639842259102,-1.105425960831895,-0.9572669960998682,-0.19419390101913198,-0.699971691614501,0.7364302634798218,1.3479614837661804,-0.42844773316133145,-0.26924909317044604,1.7247186919256936,-0.8254892977293395,-0.7543019998220496,1.0869364638532757,0.3927889957160444,-0.2515517823861287,-0.7470787953724165,-0.2064986393556776,1.7830695521504416,1.1871651187317096,-1.9699114886147833,-0.8695418549317249,0.9821754391232873,0.37373347298342974,-1.1103502597329122,-0.32682623399233324,1.2210234753114309,-0.9523431676104727,-2.8585846456211117,-1.0271501738844317,0.6985437333064417,-2.2568990500381063,-0.4838879089895994,-1.1756117376797954,1.0068426060842806,0.8308009347780865,-0.1715245254942379,1.0252463645552334,0.3673535602813249,0.8797707432293465,-1.61255091468086,-1.6252024508177987,-1.1838334225638252,0.7717479616322369,0.6435461526271989,-1.5181819004023285,-0.7388900605358149,-1.079559170771754,-0.9383600520904194,-1.1188431243571413,-0.7963577423358891,0.9791602347813197,0.8406505774751978,-2.1063654816995054,-2.179774510392489,-0.700603527856177,0.9765344097334759,-1.334094709375566,-1.1275859975394225,0.4617829558911673,-0.45296626589764094,-3.209049192518278,0.08430749731381412
1.375607387813408,-1.126322416103801,-0.9203866863914268,-0.19419390101913198,-0.7138493591129991,1.2598456571301457,1.374944433894065,-0.37293223173642115,-0.14461757330677746,1.7247186919256936,-0.8254892977293395,-0.673259151201122,1.0733201308105562,1.0104553195303665,-0.2943675912827868,-0.7470787953724165,-0.2488595756406664,2.0359716121150084,1.1573575852656706,-2.148557608279248,-0.7669412774686323,0.8044659549011126,0.43114684492233274,-1.0652906335546395,-0.28271757061469927,1.3581456987778462,-0.9523431676104727,-2.9743664212804974,-1.0728135148606541,0.793322786604551,-2.176573292205952,-0.617468272933765,-1.2438176889947323,1.0677311058655594,0.9110985416495275,-0.0976316317209208,0.986988905656292,0.3673535602813249,0.8797707432293465,-1.6970427139781377,-1.5563936823167634,-1.257972186134645,1.059881268959987,0.7346734730089091,-1.4932438481871289,-0.8461313760622828,-1.0572629446961366,-1.360376004751868,-1.2382275668628995,-0.7963577423358891,1.0179544802871299,0.6994165959029812,-2.236013598210331,-2.217778985706469,-0.6738968232844121,0.8904544115751671,-1.334094709375566,-1.3588416661294245,-0.008090903768237375,-0.38298208538023004,-3.0989060534899,0.8864974079303903
1.4421321151191546,-1.047558853925061,-0.9572669960998682,-0.25493446670623265,-0.7277270266115022,1.5449898641187432,1.3479614837661804,-0.3428613351312618,0.5051008417202179,1.5487684889090598,-0.8254892977293395,-0.6931063794348177,1.0869364638532757,0.7831755034082077,-0.2515517823861287,-0.7070149568049862,-0.18616538993887727,2.293019607488802,1.1573575852656706,-2.0326790441725753,-0.8002171404296292,1.003935784130081,0.7758623772604185,-0.9301117550198211,-0.32682623399233324,1.0641517981139041,-0.8537009995085068,-2.7428028699617237,-0.935698728705276,0.7457398333161123,-2.0426970291523614,-0.617468272933765,-1.07330281070739,0.8850656065217225,0.643220459709556,0.07478512041681912,0.986988905656292,0.18969385632838076,0.3299625609487514,-1.6407148477799527,-1.6252024508177987,-1.257972186134645,0.9878479421280496,0.7346734730089091,-1.4433677437567298,-0.8246831129569893,-1.0349667186205191,-1.1369677523554653,-1.3576120093686577,-0.9073994031501671,0.9791602347813197,0.3602235090123297,-2.192797559373389,-2.217778985706469,-0.6738968232844121,0.6615332175628806,-1.292179210865755,-1.226850126630102,-0.04722033098902231,-0.4179741756389363,-3.0989060534899,0.6073878841866598
1.4421321151191546,-1.0282698182894452,-0.995683985379498,-0.3140333954828749,-0.699971691614501,1.4004647181108112,1.374944433894065,0.6170942103410652,0.3539085061478969,1.7817836226337809,-0.8254892977293395,-0.673259151201122,1.0869364638532757,0.4890486825442522,-0.2515517823861287,-0.7210914406259767,-0.2064986393556776,0.11640351762999127,1.2014727347954044,-2.0326790441725753,-0.8334930033906386,0.8498000069986121,0.7758623772604185,-0.9751713811980939,-0.3488805656811502,0.8876912318497465,-0.9523431676104727,-2.7428028699617237,-1.0575924012019133,0.8405188866142217,-2.2568990500381063,-0.68439532003284,-1.0050968593924534,0.9459541063030015,0.29504477089814346,0.0008922266435020076,0.986988905656292,0.05938419908708942,-0.09816676131892554,-1.5843869815817675,-1.5907980665672812,-1.3321109497054646,0.9158146152961123,0.7802371331997642,-1.293535020201473,-0.8032348498516957,-1.0572629446961366,-0.9631606042217762,-1.7558863380559004,-0.8852274185031264,1.0179544802871299,0.3602235090123297,-2.0631494428625636,-1.8374227204739297,-0.6204834141408826,0.7187635160659523,-1.2502637123559441,-0.7313409045752672,-0.517094190648427,-0.48795835615634564,-2.695047877052515,0.11944615792842778
1.5059958533326658,-1.0282698182894452,-0.9388268412456475,-0.33373303840842716,-0.7138493591129991,1.0215744704684193,1.3479614837661804,1.3503614583283734,0.3048731540703933,1.7817836226337809,-0.8254892977293395,-0.653411922967419,1.0995053866619469,0.9462821949782241,-0.3389673922168014,-0.7600724727456363,-0.2064986393556776,-1.3015063923351928,1.1871651187317096,-2.0906183262259117,-0.7669412774686323,0.2967245714091978,1.0918712236290529,-0.9301117550198211,-0.4150435607476011,0.5545195530525429,-0.9523431676104727,-2.7428028699617237,-1.088034628519395,0.8877149866238923,-2.3104495552595425,-0.7511855020049228,-1.07330281070739,0.8850656065217225,-0.3475554764418868,0.0008922266435020076,0.986988905656292,0.10673424579874244,0.024012834743428906,-1.6407148477799527,-1.5219892980662457,-1.3691803314908744,0.8077646250482063,0.8713644535814744,-1.1937828113406748,-0.7388900605358149,-1.012670492544902,-1.0129649916986814,-1.7558863380559004,-1.1069472649735337,1.0050583005822011,0.16226440369389475,-1.8038532098409121,-1.685404819218009,-0.6738968232844121,0.8046089638205598,-1.2083482138461332,-0.8636029185407773,-0.7910001811939091,-0.38298208538023004,-1.6294280538298749,-0.43877288955903315
1.5725205806384124,-1.0282698182894452,-0.9388268412456475,-0.3140333954828749,-0.7138493591129991,0.5450320971450012,1.3479614837661804,1.1815018081609436,0.3539085061478969,1.7817836226337809,-0.8254892977293395,-0.653411922967419,1.0995053866619469,1.1093888865482404,-0.2515517823861287,-0.7871426339398516,-0.2488595756406664,-1.7078080624421645,1.2014727347954044,-1.8540329245080887,-0.8002171404296292,0.2749642264024038,1.0057511657206983,-0.9751713811980939,-0.5916589874687012,0.4173973295861271,-0.8537009995085068,-2.6270210943023384,-1.0271501738844317,0.793322786604551,-2.2836743026488246,-0.7177904110188814,-1.2438176889947323,0.8850656065217225,-0.4010872143561808,-0.023738737947603696,0.986988905656292,-0.09460048151002817,-0.03707696328774832,-1.4996643303738413,-1.5563936823167634,-1.4433190950616943,0.843781288464175,0.7346734730089091,-1.3184730724166727,-0.9964450232346276,-1.012670492544902,-0.8391578435649922,-1.8354759663930726,-0.7076698037477261,1.0179544802871299,-0.0919567631360951,-1.6306348246666118,-1.4570664552413903,-0.6471901187126473,0.5756877698082732,-1.2083482138461332,-1.0945881126645918,-1.260874040853314,-0.31299790486282075,-1.2989986367447413,-0.9967062568788954
1.540588711531657,-1.0282698182894452,-0.9203866863914268,-0.3550743182444306,-0.7277270266115022,0.3067609104832921,1.320978533638306,0.9270557599634647,0.7032853897001509,1.7817836226337809,-0.7371392285967618,-0.592216302580187,1.0733201308105562,0.9141956327021589,-0.2729596868344617,-0.7600724727456363,-0.18616538993887727,-2.060212572228838,1.2014727347954044,-1.9119722065614466,-0.8334930033906386,0.20786982929811848,1.0918712236290529,-0.9751713811980939,-0.5034416607134333,0.280114541455231,-1.0509853357124386,-2.569130206472646,-1.0271501738844317,0.8405188866142217,-2.176573292205952,-0.8179756839770057,-1.414612099869431,1.1286196056468385,-0.6689652962961523,0.0008922266435020076,0.986988905656292,-0.04715340601412987,-0.5257953475371662,-1.4996643303738413,-1.5219892980662457,-1.2950415679200546,0.7717479616322369,0.7346734730089091,-1.2436589157710738,-0.8246831129569893,-1.0349667186205191,-0.9631606042217762,-1.8752707805616586,-0.8852274185031264,1.0308506599920586,-0.37465625739786,-0.3334451999052896,-1.4190619799274102,-0.6204834141408826,-0.02569946528138156,-1.166432715336322,-1.1935817672890838,-1.652489046071152,-0.3479899951215254,-1.5927136741537489,-1.205824139560994
1.5059958533326658,-0.9687952917463141,-0.9203866863914268,-0.37477396116998285,-0.7138493591129991,0.2598878901564037,1.374944433894065,1.0403999087059739,0.754363881447555,2.014798756358502,-0.7657933050721979,-0.6335646947337233,1.0995053866619469,0.42487555799210974,-0.2943675912827868,-0.7600724727456363,0.06122247796545791,-2.9225671373538535,1.2014727347954044,-1.9699114886147833,-0.7336654145076352,-0.10221508704873135,0.919395807107676,-0.7945635352868199,-0.43727866564698237,0.04488730799118115,-1.0509853357124386,-2.6849119821320313,-0.9814868329082095,0.8877149866238923,-2.0694722817630797,-0.9850880040342057,-1.414612099869431,0.7632886069591646,-0.5083700825532702,0.05015415582571342,0.79538802543291,-0.059087946476288414,-0.8317450737424886,-1.4433364641756563,-1.487584913815728,-1.2950415679200546,0.6276813079683623,0.6891098128180541,-1.343411124631872,-0.6959935343252276,-1.012670492544902,-0.987961156353133,-1.9150655947302446,-1.1291192496205746,0.9662640550763911,-0.5723838315989632,-0.9820400122859507,-1.5330754058693508,-0.5937767095691178,-0.5696218514642647,-1.0826017183167003,-1.8540804137180718,-1.613359618850369,-0.3479899951215254,-1.5559992944776229,-1.275530100455027
1.5059958533326658,-0.9495062561107052,-0.9019465315371994,-0.4338728899466251,-0.7138493591129991,0.20910878480226586,1.320978533638306,1.0959154101308843,0.4540223499728137,1.7817836226337809,-0.6511769991704749,-0.6137174665000277,1.1120743094706131,0.5211352448203175,-0.2943675912827868,-0.7340851179991966,0.910135641116652,-3.3247228720515802,1.2014727347954044,-1.9699114886147833,-0.8002171404296292,-0.34520560629128777,0.919395807107676,-0.9301117550198211,-0.21655457554824833,-0.013879359208711124,-1.0016642516614556,-2.6849119821320313,-1.011929060225691,0.8405188866142217,-2.176573292205952,-1.0017855495272265,-1.2779206646522006,0.6415116073966066,-0.7760287721247403,-0.07300066712981511,0.7188731076350292,-0.09460048151002817,-1.5037328520854383,-1.556223048482675,-1.4187761453146928,-1.4062497132762843,0.4473027723359289,0.7802371331997642,-1.2685969679862734,-0.5671281502581761,-0.9234855882424323,-0.9135594999590626,-1.9548604088988326,-1.2401609104348525,0.9921621208772725,-0.9680705111185014,-1.5009867081557862,-1.4570664552413903,-0.5670700049973529,-1.2854696835600627,-0.9987707212970782,-1.8870782985929022,-1.3782623225156634,-0.38298208538023004,-1.7031577507204558,-1.6243455850927904
1.5059958533326658,-0.9495062561107052,-0.9388268412456475,-0.33373303840842716,-0.7277270266115022,0.20910878480226586,1.320978533638306,0.9270557599634647,0.3048731540703933,1.6676537612175852,-0.6511769991704749,-0.6137174665000277,1.0995053866619469,0.8152620656842849,-0.3175594877684763,-0.7340851179991966,0.9304688905334448,-3.378620032371897,1.1871651187317096,-1.9699114886147833,-0.7003895515466259,-0.4340603484023751,0.6610356333826125,-0.9751713811980939,-0.23860890723706532,-0.2882843708060225,-0.9030220835594898,-2.511239318642953,-0.9967079465669503,0.7457398333161123,-2.3640000604809788,-0.9182978220621221,-1.1074057863648585,0.2147930228638723,-1.2047214601760958,-0.07300066712981511,0.41281343644350615,-0.09460048151002817,-1.9929519723842923,-1.4151725310765637,-1.487584913815728,-1.6660392331658374,0.6997146348002996,0.7802371331997642,-1.2436589157710738,-0.459886834731708,-0.9011893621668149,-0.9135594999590626,-1.9946552230674186,-1.0626032956794522,1.0179544802871299,-1.1095360238080496,-1.9335013263517378,-1.2290396033575095,-0.6204834141408826,-1.8293920697429447,-0.9149397242774563,-1.6890909893439183,-1.1434857591909644,-0.3479899951215254,-2.0703015474817152,-1.8686021283895045
1.6044524497451798,-0.9495062561107052,-0.9388268412456475,0.04712672481881957,-0.7138493591129991,0.3067609104832921,1.320978533638306,0.6726097117659754,0.1802416342067247,1.9006688949423063,-0.6511769991704749,-0.6335646947337233,1.1120743094706131,0.5879822495621261,-0.2729596868344617,-0.7070149568049862,0.43399871727337136,-3.274971647140527,1.2300879669227944,-1.8540329245080887,-0.7669412774686323,-0.4340603484023751,0.919395807107676,-0.7945635352868199,-0.5475503240910673,-0.1903399254728687,-0.8537009995085068,-2.511239318642953,-0.8443720467528314,0.9821071866432335,-2.0694722817630797,-0.9683904585411842,-1.0391998350499219,0.4583470219889882,-1.1509703298933005,0.09961797816031114,0.41281343644350615,-0.17746306325542097,-2.237311164509001,-1.3588446648783785,-1.4187761453146928,-1.8884555238782967,0.7357312982162683,0.6891098128180541,-1.2685969679862734,-0.35264551920523995,-0.9234855882424323,-1.1369677523554653,-1.9548604088988326,-0.9739153570912893,1.0050583005822011,-1.3637571906380395,-1.155258397460251,-1.4950709305553704,-0.6204834141408826,-1.9440872171527892,-0.9987707212970782,-1.8870782985929022,-0.9869680503078316,-0.4179741756389363,-2.584603800485808,-1.6243455850927904
1.540588711531657,-0.9495062561107052,-0.995683985379498,0.06682636774436455,-0.7416046941100003,0.2598878901564037,1.3479614837661804,0.3348904114311259,0.13120628212921204,1.838848553341868,-0.6511769991704749,-0.592216302580187,1.1246432322792796,0.29385542869815867,-0.2515517823861287,-0.7470787953724165,0.26794384703620744,-3.1754691973184017,1.2014727347954044,-1.7960936424547522,-0.7336654145076352,-0.41230000339558115,0.5172669028306872,-0.8396231614650926,-0.2606632389258823,-0.6410449386698573,-0.9523431676104727,-2.3370921396798634,-0.9052565013877946,0.9349110866335629,-2.0159217765416435,-1.0017855495272265,-1.07330281070739,0.4583470219889882,-1.365316673918978,0.05015415582571342,0.3742423918158856,-0.17746306325542097,-2.5427601546648875,-1.4433364641756563,-1.4531805295652105,-1.480388476847104,0.7717479616322369,0.6435461526271989,-1.1688447591254751,-0.5456798871528824,-0.8788931360911976,-0.863958395696349,-1.9946552230674186,-1.1514729718466896,0.9921621208772725,-1.4487291106987013,-0.5066635850795879,-1.8754271957879098,-0.6471901187126473,-1.9440872171527892,-0.8730242257676454,-1.920076183467733,-0.9083884628562586,-0.38298208538023004,-2.695047877052515,-1.1709711591139775
1.5059958533326658,-0.8900317295675669,-0.9772438305252773,-0.054654763629836796,-0.7554823616084982,0.2598878901564037,1.4019273840219395,-0.032899785508872605,0.08012779038180791,2.071863687066589,-0.6798310756459109,-0.592216302580187,1.0995053866619469,0.16283529940421945,-0.23014387793780358,-0.7210914406259767,0.12391666366724705,-3.225220422229455,1.2014727347954044,-1.7381543604014158,-0.7669412774686323,-0.4340603484023751,0.747155691290967,-0.749503909108547,-0.48138732902461634,-0.7783277268007535,-0.9523431676104727,-2.3949830275095563,-0.935698728705276,0.8877149866238923,-2.0694722817630797,-1.0518781860062887,-1.312023640309669,0.3974585222077092,-1.1242044609361528,0.07478512041681912,0.06818272062436252,-0.39073233102635013,-2.4816703566337104,-1.3870085979774711,-1.4187761453146928,-1.3321109497054646,0.7357312982162683,0.32422705866669765,-1.1688447591254751,-0.6100246764687638,-0.8565969100155801,-0.7895567393022788,-1.9548604088988326,-1.1291192496205746,1.0179544802871299,-1.5617162959564745,-0.41987727757917337,-1.8754271957879098,-0.48694989128205857,-1.772161771239873,-0.9568552227872673,-1.7880846439684104,-0.7910001811939091,-0.38298208538023004,-2.695047877052515,-0.8221556744762142
1.5725205806384124,-0.8900317295675669,-0.9388268412456475,-0.013613840868281105,-0.7554823616084982,0.35363393081019795,1.4019273840219395,-0.20175943567629223,0.03109243830429524,2.4190086822074846,-0.6511769991704749,-0.653411922967419,1.0869364638532757,0.42487555799210974,-0.2729596868344617,-0.7210914406259767,0.06122247796545791,-3.274971647140527,1.2014727347954044,-1.7960936424547522,-0.4951883966204653,-0.3669659512980898,0.976809179046579,-0.749503909108547,-0.6137133191575181,-0.8370943940006457,-0.8043799154575239,-2.452873915339249,-0.8900353877290538,0.7457398333161123,-2.0159217765416435,-1.1019708224853506,-1.2438176889947323,0.15390452308259334,-1.285019067047537,0.05015415582571342,-0.2381905362958407,-0.27226018546297226,-2.6043506887455012,-1.3870085979774711,-1.6940112193188341,-1.2950415679200546,0.843781288464175,0.7802371331997642,-1.1688447591254751,-0.6316487450093469,-0.834117927988523,-0.7895567393022788,-2.114365852574557,-1.195816941140771,1.0308506599920586,-1.5617162959564745,-0.7659598181012413,-1.95143614641587,-0.3531974610087117,-1.6577011742337298,-0.9149397242774563,-1.589826860253239,-0.751870753973126,-0.4179741756389363,-2.621318180161934,-0.9270002959848623
1.5725205806384124,-0.909320765203183,-0.9388268412456475,-0.03331348379383338,-0.7416046941100003,0.3067609104832921,1.3479614837661804,-0.37293223173642115,-0.01998605344310888,2.1907489593751146,-0.6798310756459109,-0.6335646947337233,1.1246432322792796,0.16283529940421945,-0.3175594877684763,-0.7340851179991966,-0.16583214052208445,-3.1754691973184017,1.1871651187317096,-1.9119722065614466,-0.32603609323537863,-0.34520560629128777,0.8906891211382245,-0.6143250305737288,-0.5254959924022503,-0.7389893840030112,-0.5573702240218629,-2.452873915339249,-0.8139298194353499,0.6985437333064417,-1.9353765494257944,-1.1186683679783713,-1.0391998350499219,-0.5163680605752569,-1.418848411833272,0.07478512041681912,-0.5825076663863041,-0.27226018546297226,-2.84870988087021,-1.4151725310765637,-1.384371761064175,-1.3321109497054646,0.6276813079683623,0.9169281137723295,-1.0190120355702184,-0.8890279022728701,-0.8118217019129057,-0.9135594999590626,-2.0344500372360046,-0.9517433724442486,1.0050583005822011,-1.7876906664720222,-1.4145546304819023,-1.91343167110189,-0.4066108701522413,-1.600470875730658,-0.9568552227872673,-1.6228247451280697,-0.751870753973126,-0.45296626589764094,-2.547889420809682,-1.3103830809020434
1.540588711531657,-0.930217220475089,-1.0325642950879461,0.04712672481881957,-0.7277270266115022,0.2598878901564037,1.320978533638306,-0.40068998244887116,-0.01998605344310888,2.014798756358502,-0.6511769991704749,-0.6335646947337233,1.1120743094706131,-0.00027139216579691593,-0.2729596868344617,-0.7070149568049862,-0.41322000842642714,-3.022069587175978,1.1871651187317096,-1.9119722065614466,-0.5977889740835456,-0.3905396583887792,0.861982435168773,-0.749503909108547,-0.28271757061469927,-1.131088294664588,-0.8537009995085068,-2.3949830275095563,-1.0271501738844317,0.8405188866142217,-1.8015002863722036,-1.2356880515565085,-1.2097147133372639,-0.8816990592629307,-1.5796630179446554,0.12424894275141685,-0.8888809233065074,-0.28409769714088556,-2.7876200828390325,-1.3588446648783785,-1.4187761453146928,-1.4433190950616943,1.059881268959987,0.8258007933906193,-1.1937828113406748,-0.6959935343252276,-0.8788931360911976,-0.7895567393022788,-2.2735451092489014,-0.9517433724442486,0.9921621208772725,-1.8159374627864657,-1.2416904751341347,-1.685404819218009,-0.4066108701522413,-1.4860102787245149,-0.9149397242774563,-1.5238310905035777,-0.5562236178692102,-0.1727427234160468,-2.401031902105178,-1.0315592373259117
1.5059958533326658,-0.909320765203183,-0.9772438305252773,0.02578544498280886,-0.7277270266115022,0.2598878901564037,1.320978533638306,-0.4839632345862314,-0.01998605344310888,1.9006688949423063,-0.6798310756459109,-0.592216302580187,1.1246432322792796,-0.0992049591836827,-0.2515517823861287,-0.7070149568049862,-0.49624744354500155,-3.1257179724073487,1.1573575852656706,-1.7960936424547522,-0.8334930033906386,-0.34520560629128777,0.6036222614437096,-0.6593846567520015,-0.23860890723706532,-0.895861061200538,-0.8537009995085068,-2.163419476190783,-0.9204776150465352,0.8877149866238923,-1.9353765494257944,-1.3358733245146328,-1.0391998350499219,-1.491083143139502,-1.6867264937732436,0.0008922266435020076,-1.041910758902269,-0.23674765042923251,-2.909799678901387,-1.471500397274749,-1.384371761064175,-1.7031086149512473,0.7717479616322369,0.9624917739631846,-1.0441544980494772,-0.6530970081146404,-0.8788931360911976,-0.8887589478277058,-2.2337502950803154,-1.1069472649735337,1.0050583005822011,-1.759443870157579,-1.112042358623309,-1.685404819218009,-0.37990416558047646,-1.3426999820631345,-0.7469341605782956,-1.1605838824142531,-0.6736118995315596,-0.13775063315734215,-2.3643175224290522,-0.7175967331351648
1.540588711531657,-0.8900317295675669,-0.9572669960998682,-0.21389354394467697,-0.7138493591129991,0.20910878480226586,1.4019273840219395,-0.541791881903851,-0.09353908155937335,1.838848553341868,-0.6798310756459109,-0.6137174665000277,1.0869364638532757,-0.0992049591836827,-0.2729596868344617,-0.7070149568049862,-0.5386083798299979,-3.022069587175978,1.1871651187317096,-1.7381543604014158,-0.9028177178927219,0.008400000069149911,0.6036222614437096,-0.6593846567520015,-0.5916589874687012,-0.503922715203442,-0.7053334761748117,-2.3370921396798634,-0.8443720467528314,0.6985437333064417,-2.149798039595234,-1.3525708700076535,-1.0050968593924534,-2.039079641171013,-2.0081363136275088,0.025523191234607712,-1.15668313559909,-0.33144774385253856,-2.7876200828390325,-1.3306807317792861,-1.3496853736640626,-1.777247378522067,1.059881268959987,0.8258007933906193,-1.0441544980494772,-0.8246831129569893,-0.9011893621668149,-0.8143572914336354,-1.7956811522244864,-1.4397087722582191,0.8630946174369623,-1.7876906664720222,-1.7174211321670283,-1.5710798811833309,-0.37990416558047646,-0.5696218514642647,-0.7469341605782956,-0.9295986882904386,-0.6736118995315596,-0.27800581460411605,-2.2908887630768002,-0.8570086549232306
1.5725205806384124,-0.8514536582963491,-0.9772438305252773,-0.3140333954828749,-0.7705165013985403,0.2598878901564037,1.3479614837661804,-0.597307383328751,-0.11805675759812514,1.6676537612175852,-0.6511769991704749,-0.6335646947337233,1.3425045609628539,-0.13129152145974798,-0.2729596868344617,-0.7210914406259767,-0.5386083798299979,-2.9723183622649065,1.2455878843251331,-1.7960936424547522,-0.9028177178927219,0.6503301777696435,0.7184490053215156,-0.6593846567520015,-0.3709348973699672,-0.6606338277364882,-0.7053334761748117,-2.10552858836109,-0.9052565013877946,0.8405188866142217,-2.2301237974273884,-1.3692684155006742,-0.970993883734985,-2.0999681409522917,-1.9008534454304196,0.025523191234607712,-1.15668313559909,-0.4025698427042634,-2.909799678901387,-1.2461889324820083,-1.3496853736640626,-1.8513861420928868,1.1322098143445145,0.7802371331997642,-1.1688447591254751,-0.7174417974305213,-0.8788931360911976,-0.764756187170922,-1.6365018955501422,-1.2623328950818933,0.8115098986172478,-1.759443870157579,-1.76063717100397,-1.5710798811833309,-0.32649075643694686,-0.8273927451317884,-0.7469341605782956,-1.0285923429149306,-0.517094190648427,-0.4179741756389363,-2.3276031427529262,-1.1012651982199446
1.5059958533326658,-0.8514536582963491,-0.9572669960998682,-0.39447360409552784,-0.7554823616084982,0.20910878480226586,1.374944433894065,-0.541791881903851,-0.06902140552061248,1.5487684889090598,-0.5914810065133331,-0.6335646947337233,1.5980726580724365,-0.13129152145974798,-0.3175594877684763,-0.6940212794317615,-0.5996081280803763,-2.9723183622649065,1.579432259144718,-1.7381543604014158,-0.8002171404296292,0.7174245748739289,0.23020004313617223,-0.569265404395456,-0.39298922905878414,-0.895861061200538,-0.7053334761748117,-2.3949830275095563,-0.935698728705276,0.9821071866432335,-1.9621518020365125,-1.3692684155006742,-1.3805091242119625,-2.28313272635991,-1.8740875764732725,0.12424894275141685,-1.2331980533969709,-0.39073233102635013,-2.909799678901387,-1.2461889324820083,-1.2464722209125096,-1.8513861420928868,0.7357312982162683,0.23309973828498745,-1.0690925502646766,-0.6530970081146404,-0.767229249761671,-0.8143572914336354,-1.5967070813815563,-1.1514729718466896,0.6437538560621517,-1.7876906664720222,-1.6738508635035538,-1.685404819218009,-0.37990416558047646,-1.1423939373023837,-0.5373566680292408,-1.226850126630102,-0.4779647634276438,-0.3479899951215254,-2.3643175224290522,-1.1709711591139775
1.540588711531657,-0.8900317295675669,-0.995683985379498,-0.37477396116998285,-0.7277270266115022,0.16223576447537738,1.320978533638306,-0.569549632616301,-0.09353908155937335,1.4346386274928853,-0.6201350829887693,-0.6137174665000277,1.3299356381541874,-0.16337808373581328,-0.2515517823861287,-0.7070149568049862,-0.6199413774971767,-2.76916752721143,1.7403929398613045,-1.6174475227902874,-0.8695418549317249,0.4508603485406749,0.6897423193520641,-0.749503909108547,-0.23860890723706532,-1.0723216274646956,-0.8537009995085068,-2.163419476190783,-0.7376994879149349,0.8877149866238923,-2.0426970291523614,-1.2857806880355707,-1.07330281070739,-2.587575225266305,-1.8205558385589784,0.12424894275141685,-1.15668313559909,-0.5564574945171357,-2.909799678901387,-1.5280591153835825,-1.3152809894135449,-1.777247378522067,0.8077646250482063,0.00528143733071196,-0.9691359311398192,-0.6530970081146404,-0.8788931360911976,-0.5909490390372322,-1.6762967097187285,-1.1514729718466896,0.4372035680012458,-1.8159374627864657,-1.7174211321670283,-1.7614137698459693,-0.32649075643694686,-1.399930280566206,-0.5792721665390518,-1.292845896379763,-0.32112632153450443,-0.38298208538023004,-2.1070159271578413,-0.8921473155378459
1.4740639842259102,-0.870742693931958,-0.9572669960998682,-0.37477396116998285,-0.7416046941100003,0.017710618467462604,1.428910334149814,-0.625065134041201,-0.16913524934552926,1.3205087660766899,-0.6511769991704749,-0.592216302580187,0.9329671594470961,-0.13129152145974798,-0.2943675912827868,-0.7470787953724165,-0.5996081280803763,-2.669665077389305,1.332625882045957,-1.6753868048436238,-0.9028177178927219,0.4508603485406749,0.7184490053215156,-0.6143250305737288,-0.19450024385943138,-1.0919105165313263,-0.8043799154575239,-1.9318559248720124,-0.600709464986268,0.793322786604551,-1.8550507915936398,-1.3024782335285914,-0.970993883734985,-2.039079641171013,-1.8740875764732725,0.07478512041681912,-1.1949405944980305,-0.6749296400805135,-2.84870988087021,-1.1616971331847294,-1.212067836661992,-1.7031086149512473,0.9878479421280496,0.09640875771242216,-0.8444456700638212,-0.5456798871528824,-0.8118217019129057,-0.6903545307768516,-1.8354759663930726,-1.1514729718466896,0.35982648977167414,-1.8444157902182394,-1.544202746992728,-2.1417700350785087,-0.3531974610087117,-2.0585478141589326,-0.5792721665390518,-1.4578353207539163,-0.6736118995315596,-0.31299790486282075,-1.1521411180402374,-0.6130377917941154
1.4740639842259102,-0.870742693931958,-1.0141241402337255,-0.4552141697826285,-0.7416046941100003,0.11536274414848892,1.3479614837661804,-0.569549632616301,-0.21817060142304195,2.1289286177746765,-0.6201350829887693,-0.6137174665000277,0.8177520337009782,-0.19546464601189045,-0.2943675912827868,-0.7340851179991966,-0.6199413774971767,-2.669665077389305,0.6482449136658044,-1.6753868048436238,-0.9028177178927219,0.4508603485406749,0.747155691290967,-0.6143250305737288,-0.19450024385943138,-1.503437751595053,-0.8043799154575239,-2.0476377005313977,-0.5550461240100456,0.793322786604551,-1.9353765494257944,-1.3525708700076535,-1.1074057863648585,-2.0999681409522917,-2.3295461334817746,0.2720347302980511,-1.2717690980245915,-0.6394171050467737,-2.970889476932564,-1.0769744819768046,-1.212067836661992,-1.7031086149512473,0.951831278712081,-0.08584588305099823,-0.8444456700638212,-0.3955420454158272,-0.767229249761671,-0.863958395696349,-1.8354759663930726,-1.2623328950818933,0.1791742675116495,-1.8726625865326827,-1.2416904751341347,-1.685404819218009,-0.32649075643694686,-1.8868569186497175,-0.5792721665390518,-1.722088874218749,-0.7127413267523428,-0.27800581460411605,-1.0784114211496565,-0.333928268050385
1.5059958533326658,-0.870742693931958,-0.995683985379498,-0.4552141697826285,-0.7705165013985403,0.11536274414848892,1.4019273840219395,-0.597307383328751,0.3539085061478969,3.584084350831069,-0.6511769991704749,-0.5723690743464913,0.8690751351697016,0.031815170110268375,-0.3175594877684763,-0.7070149568049862,-0.5792748786635835,-2.7194163023003584,0.4157461526307382,-1.8540329245080887,-0.9360935808537189,0.25139051931170636,0.747155691290967,-0.6143250305737288,-0.45933299733579935,-1.3075488609287453,-0.6066913080728458,-1.989746812701705,-0.8291509330940907,0.9349110866335629,-1.8282755389829217,-1.5697758265439148,-1.07330281070739,-2.161355726797352,-1.9008534454304196,0.24740376570694536,-1.2331980533969709,-0.603904570013034,-2.970889476932564,-1.0769744819768046,-1.2464722209125096,-1.7401779967366573,1.1682264777604832,-0.4051649770114995,-1.0190120355702184,-0.3740937823105336,-0.7449330236860535,-0.7151550829082084,-1.8752707805616586,-1.284504879728934,0.15338190810179228,-1.8726625865326827,-1.155258397460251,-1.3050485539854697,-0.27307734729341726,-2.0585478141589326,-0.6211876650488627,-1.821082528843241,-0.6344824723107765,-0.31299790486282075,-1.1888554977163635,-0.29907528760336854
1.4740639842259102,-0.8514536582963491,-0.9572669960998682,-0.4338728899466251,-0.7416046941100003,0.11536274414848892,1.428910334149814,-0.6551360306463604,0.6297323615838863,3.2321839447978222,-0.6201350829887693,-0.592216302580187,0.8051831108923071,0.7190023788560772,-0.3175594877684763,-0.7340851179991966,-0.5792748786635835,-2.669665077389305,0.35732338703730937,-1.8540329245080887,-0.9028177178927219,0.1407754321938251,0.80456906322987,-0.5242057782171833,-0.32682623399233324,-1.1702660727978493,-0.8537009995085068,-1.9318559248720124,-0.7224783742561941,0.9821071866432335,-2.0159217765416435,-1.4862880990788114,-0.8686849567625797,-2.28313272635991,-1.7937899696018316,0.22277280111583966,-1.2717690980245915,-0.6157420816909472,-3.0319792749637418,-1.133533200085637,-1.2464722209125096,-1.777247378522067,0.951831278712081,-0.632983277965775,-1.0441544980494772,-0.6100246764687638,-0.7226367976104361,-0.7895567393022788,-1.9946552230674186,-1.373192818317097,-0.0014779547483751466,-1.7876906664720222,-1.1984744362971929,-1.3810575046134301,-0.32649075643694686,-2.3735490063295277,-0.6211876650488627,-1.6890909893439183,-0.4779647634276438,-0.27800581460411605,-1.3724273960969933,-0.2293693267093356
1.4740639842259102,-0.870742693931958,-0.9572669960998682,-0.4338728899466251,-0.7138493591129991,0.11536274414848892,1.4581418634550165,-0.6828937813588206,0.404986997895301,1.5487684889090598,-0.6201350829887693,-0.6335646947337233,0.638644883677461,0.8821090704260935,-0.2729596868344617,-0.7470787953724165,-0.5589416292467907,-2.4665142423358097,0.32751585357127566,-1.7381543604014158,-0.9360935808537189,-0.013360344937644025,0.747155691290967,-0.6143250305737288,-0.39298922905878414,-1.0723216274646956,-0.8043799154575239,-1.989746812701705,-0.5854883513275272,0.9349110866335629,-1.6943992759293312,-1.319175779021612,-0.7660964972028179,-2.2222442265786313,-2.115199789456097,0.2720347302980511,-1.3482840158224723,-0.7934017856438913,-2.84870988087021,-1.0488105488777122,-1.212067836661992,-1.777247378522067,0.9878479421280496,-1.0434296923079864,-1.1439067069102755,-0.6530970081146404,-0.7895254758372883,-0.863958395696349,-2.0344500372360046,-1.4620624944843343,-0.14344163789361397,-1.8444157902182394,-1.155258397460251,-1.4190619799274102,-0.2997840518651821,-2.344933857077992,-0.5373566680292408,-1.589826860253239,-0.3602557487552876,-0.27800581460411605,-1.5927136741537489,-0.333928268050385
1.4740639842259102,-0.870742693931958,-0.8835063766829787,-0.4749138127081808,-0.7277270266115022,0.017710618467462604,1.4581418634550165,0.1637176153710073,0.3293908301091451,0.9686083600434432,-0.6511769991704749,-0.592216302580187,0.4469688108452775,0.6521553741142686,-0.2729596868344617,-0.7340851179991966,-0.5165806929618019,-2.313114632193386,0.19755500765936698,-1.6753868048436238,-0.9693694438147159,-0.03512068994444601,0.6897423193520641,-0.5242057782171833,-0.43727866564698237,-1.503437751595053,-0.7550588314065408,-1.8739650370423198,-0.8139298194353499,0.8877149866238923,-1.8015002863722036,-1.2857806880355707,-0.5955816189154758,-2.0999681409522917,-2.061668051541803,0.12424894275141685,-1.3865414747214126,-0.781564273965978,-2.84870988087021,-1.0769744819768046,-1.1776634524114742,-1.777247378522067,1.059881268959987,-1.6816944076044733,-1.0441544980494772,-0.7174417974305213,-0.7449330236860535,-0.9631606042217762,-1.8752707805616586,-1.4175367876111784,-0.23371489582811422,-1.7876906664720222,-1.0684720899598346,-1.8374227204739297,-0.24637064272165246,-2.2302387096681473,-0.3696946739899969,-1.490833205628747,-0.43883533620686066,-0.27800581460411605,-2.180745624048422,-0.29907528760336854
1.5059958533326658,-0.8514536582963491,-0.9572669960998682,-0.4946134556337258,-0.7138493591129991,-0.029162401859443205,1.485124813582891,0.8692271126458553,0.3048731540703933,0.6785282956106349,-0.6511769991704749,-0.6335646947337233,0.3705078637592119,0.9141956327021589,-0.2729596868344617,-0.7470787953724165,-0.5589416292467907,-2.3670117925137033,-0.006328521248309354,-1.7381543604014158,-0.8695418549317249,-0.03512068994444601,0.6897423193520641,-0.43408652586063773,-0.3709348973699672,-1.4838488625284223,-0.5573702240218629,-1.8739650370423198,-0.8900353877290538,0.8877149866238923,-1.7479497811507674,-1.1688978695844257,-0.8343024485177547,-2.0999681409522917,-2.168731527370391,0.0008922266435020076,-1.3100265569235319,-0.7460517389322383,-2.7876200828390325,-1.0488105488777122,-1.1432590681609565,-1.7031086149512473,0.9158146152961123,-1.5905670872227633,-1.0690925502646766,-0.5885764133634701,-0.7449330236860535,-0.7895567393022788,-2.0344500372360046,-1.3510208336700562,-0.3498862195634958,-1.8159374627864657,-1.0684720899598346,-2.3697968869623893,-0.32649075643694686,-2.0299326649073968,-0.28586367697037307,-1.490833205628747,-0.32112632153450443,-0.3479899951215254,-2.3276031427529262,0.5376819232926269
1.6363843188519354,-0.811268167388827,-0.9388268412456475,-0.4946134556337258,-0.7554823616084982,0.017710618467462604,1.428910334149814,0.47599231088609556,0.1046454664205597,-0.42472703141251095,-0.6201350829887693,-0.6137174665000277,0.3191847622904885,0.9462821949782241,-0.2729596868344617,-0.7340851179991966,-0.5589416292467907,-2.4167630174247567,-0.12317405243516173,-1.7960936424547522,-0.9693694438147159,-0.03512068994444601,0.8906891211382245,-0.6143250305737288,-0.23860890723706532,-1.287799407197634,-0.40940697186891395,-1.9318559248720124,-0.6311516923037496,0.9821071866432335,-1.8282755389829217,-1.1855954150774464,-1.0391998350499219,-2.039079641171013,-1.6599606248160965,0.17351087193362824,-1.424798933620353,-0.7460517389322383,-2.84870988087021,-1.2461889324820083,-1.1432590681609565,-1.8884555238782967,0.843781288464175,-1.5905670872227633,-0.91925982670942,-0.6100246764687638,-0.834117927988523,-0.8143572914336354,-1.9548604088988326,-1.3066768643759747,-0.3885747586782817,-1.8159374627864657,-0.852391895775125,-2.52181478821831,-0.27307734729341726,-2.0585478141589326,-0.3696946739899969,-1.4248374358790858,-0.24286746709293813,-0.3479899951215254,-2.217460003724548,0.8167914470363573
2.0594815845164876,-0.811268167388827,-0.9203866863914268,-0.5947533071719237,-0.7705165013985403,0.11536274414848892,1.4581418634550165,0.135959864658547,-0.41839828907286647,-1.0048871602781275,-0.6798310756459109,-0.6137174665000277,0.28147799386448463,1.077302324272175,-0.2515517823861287,-0.7600724727456363,-0.6199413774971767,-2.3670117925137033,-0.21021205015598568,-1.7381543604014158,-0.8695418549317249,-0.19106982915981865,0.80456906322987,-0.569265404395456,-0.1724459121706144,-1.3075488609287453,-0.5080491399708799,-1.9318559248720124,-0.8595931604115722,0.8877149866238923,-1.8282755389829217,-1.26908314254255,-1.2097147133372639,-2.0999681409522917,-2.0081363136275088,0.19814183652473397,-1.3865414747214126,-0.8644268557113709,-2.84870988087021,-1.1053692669865445,-1.1776634524114742,-1.6660392331658374,0.8797979518801436,-1.8639490483678938,-0.8693837222790208,-0.5671281502581761,-0.7449330236860535,-0.8143572914336354,-1.9946552230674186,-1.5285784484254565,-0.4530556572029253,-1.7876906664720222,-0.7659598181012413,-2.52181478821831,-0.2997840518651821,-1.972702366404325,-0.32777917548018404,-1.3588416661294245,-0.24286746709293813,-0.2427269039334561,-2.1437303068339673,0.5376819232926269
2.2218019191425245,-0.8514536582963491,-0.9388268412456475,-0.5947533071719237,-0.7277270266115022,-0.12290844251322014,1.428910334149814,-0.06065753622132261,-0.6431436527614518,-1.4090970861271102,-0.6798310756459109,-0.6137174665000277,0.255292738013094,0.8152620656842849,-0.23014387793780358,-0.7210914406259767,-0.5792748786635835,-2.263363407282333,-0.22451966621968059,-1.5595082407369294,-0.8002171404296292,-0.41230000339558115,0.8332757491993216,-0.5242057782171833,0.04827817792811964,-1.346726639062007,-0.5573702240218629,-1.816074149212627,-0.7224783742561941,0.8405188866142217,-1.7747250337614855,-1.319175779021612,-1.2779206646522006,-2.161355726797352,-1.7134923627303904,0.14887990734252254,-1.7691160637108163,-0.9118739312072692,-2.909799678901387,-1.0769744819768046,-1.0400459154094035,-1.6289698513804276,0.8797979518801436,-1.8183853881770387,-0.8693837222790208,-0.6100246764687638,-0.7449330236860535,-0.7895567393022788,-1.9150655947302446,-1.861339955710142,-0.478953723003806,-1.759443870157579,-0.9388239734490088,-2.3697968869623893,-0.2997840518651821,-1.37131513131467,-0.41161017249980786,-1.3258437812545938,-0.24286746709293813,-0.2427269039334561,-2.180745624048422,0.15429913837544423
1.1494233149738602,-0.8305572030244359,-0.9019465315371994,-0.5553540213208265,-0.7554823616084982,-0.12290844251322014,1.374944433894065,0.022615715916037678,-0.6431436527614518,-1.5279823584356358,-0.6201350829887693,-0.5723690743464913,0.2427238152044229,0.9783687572543013,-0.2943675912827868,-0.7210914406259767,-0.6199413774971767,-2.060212572228838,-0.26863481574940923,-1.7381543604014158,-0.8334930033906386,-0.5446754355202563,0.6610356333826125,-0.4791461520389105,-0.19450024385943138,-1.0919105165313263,-0.4587280559198969,-1.7581832613829345,-0.7529206015736757,0.8405188866142217,-1.7211745285400493,-1.4028003716137079,-0.9368909080775165,-1.673748642483339,-1.8740875764732725,0.19814183652473397,-1.3865414747214126,-0.8525893440334577,-2.6043506887455012,-0.992482682679527,-1.0744502996599212,-1.6289698513804276,0.6997146348002996,-1.8639490483678938,-0.8943217744942205,-0.7388900605358149,-0.7003405715348188,-0.7151550829082084,-1.9548604088988326,-1.4620624944843343,-0.478953723003806,-1.759443870157579,-0.8956079346120669,-2.293787936334429,-0.24637064272165246,-1.1423939373023837,-0.3696946739899969,-1.589826860253239,-0.12547918543058864,-0.20773481367475147,-2.1437303068339673,-0.6827437526881484
0.598598572882262,-0.772690096117602,-0.9572669960998682,-0.6144529500974687,-0.7554823616084982,-0.16978146284012594,1.374944433894065,-0.42844773316133145,-0.6431436527614518,-1.6421122198518312,-0.5914810065133331,-0.6137174665000277,0.2427238152044229,1.1093888865482404,-0.3389673922168014,-0.7600724727456363,-0.6199413774971767,-2.2136121823712616,-0.2400195836220194,-1.7381543604014158,-0.7669412774686323,-0.5229150905134624,0.6897423193520641,-0.5242057782171833,-0.19450024385943138,-1.0723216274646956,-0.360085887817931,-1.7581832613829345,-0.6768150332799718,0.8405188866142217,-1.5335282909813277,-1.4028003716137079,-0.9027879324200481,-1.9173026416084549,-1.9546045757132149,0.17351087193362824,-1.3482840158224723,-0.8525893440334577,-2.6654404867766783,-1.133533200085637,-1.0744502996599212,-1.7031086149512473,0.19518612842414837,-2.000640028940459,-0.91925982670942,-0.6100246764687638,-0.7449330236860535,-0.7895567393022788,-1.9150655947302446,-1.4175367876111784,-0.6466040591678786,-1.7876906664720222,-1.112042358623309,-2.217778985706469,-0.27307734729341726,-1.1423939373023837,-0.4535256710096188,-1.6558226300029004,0.14874753812490024,-0.31299790486282075,-2.217460003724548,-0.9967062568788954
0.3697535109504903,-0.811268167388827,-0.9388268412456475,-0.6357942299334793,-0.7705165013985403,-0.029162401859443205,1.4581418634550165,-0.7106515320712706,-0.6676613288002037,-1.6991771505599185,-0.6201350829887693,-0.592216302580187,0.2301548923957565,0.7831755034082077,-0.2943675912827868,-0.773066150118861,-0.5996081280803763,-2.2136121823712616,-0.22451966621968059,-1.7960936424547522,-0.8695418549317249,-0.6117698326245417,0.8332757491993216,-0.6593846567520015,-0.1061021438935992,-0.8370943940006457,-0.360085887817931,-1.7581832613829345,-0.7376994879149349,0.6985437333064417,-1.4799777857598915,-1.4194979171067286,-1.0050968593924534,-2.2222442265786313,-2.08843392049895,0.22277280111583966,-1.3482840158224723,-0.6275795933688605,-2.7265302848078554,-1.0206466157786196,-1.108854683910439,-1.7031086149512473,0.08713613817624244,-2.000640028940459,-0.8693837222790208,-0.30974899299465275,-0.7449330236860535,-0.8887589478277058,-1.9548604088988326,-1.6172663870136195,-0.6853983046736885,-1.7876906664720222,-0.6795277404273574,-2.179774510392489,-0.21966393814988766,-1.2854696835600627,-0.5373566680292408,-1.0285923429149306,-0.12547918543058864,-0.2427269039334561,-2.1070159271578413,-1.205824139560994
0.33782164184373475,-0.811268167388827,-0.9203866863914268,-0.6357942299334793,-0.7843941688970384,-0.029162401859443205,1.4019273840219395,-0.8795111822386903,-0.6186259767227,-1.6991771505599185,-0.6201350829887693,-0.5326746178790928,0.21758596958709012,0.42487555799210974,-0.3175594877684763,-0.7210914406259767,-0.6419690643653727,-2.163860957460208,-0.22451966621968059,-1.7960936424547522,-0.8695418549317249,-0.5664357805270503,0.861982435168773,-0.43408652586063773,-0.1724459121706144,-0.9154499502671687,-0.2614437197159651,-1.584036082419842,-0.7987087057766091,0.8405188866142217,-1.5067530383706096,-1.45289300809277,-1.0050968593924534,-2.28313272635991,-2.115199789456097,0.09961797816031114,-1.3482840158224723,-0.7578892506101516,-2.6043506887455012,-0.9079908833822481,-1.1432590681609565,-2.2965225709094894,0.19518612842414837,-2.046203689131314,-1.0190120355702184,-0.13798708271701446,-0.7226367976104361,-0.764756187170922,-1.8752707805616586,-1.2401609104348525,-0.6079155200530927,-1.759443870157579,0.055499149627189444,-2.0654495723578106,-0.21966393814988766,-1.1423939373023837,-0.4535256710096188,-0.665345134825606,-0.32112632153450443,-0.27800581460411605,-2.1437303068339673,-1.34523606134906
0.33782164184373475,-0.8514536582963491,-0.9019465315371994,-0.6357942299334793,-0.7416046941100003,-0.12290844251322014,1.428910334149814,-0.9373398295562996,-0.5920651610140477,-1.818062422868444,-0.5914810065133331,-0.6137174665000277,0.20396963654436587,0.13074873712814228,-0.2515517823861287,-0.7470787953724165,-0.6623023137821654,-2.0104613473177846,-0.26863481574940923,-1.5015689586835927,-0.8334930033906386,-0.6117698326245417,0.861982435168773,-0.3890268996823649,-0.1503915804817974,-0.9938055065336918,-0.360085887817931,-1.6419269702495347,-0.6768150332799718,0.8405188866142217,-1.640848770707895,-1.4361954625997493,-0.9027879324200481,-2.28313272635991,-2.302560872156126,0.09961797816031114,-1.5778287692161146,-0.8407518323555444,-2.6654404867766783,-0.9361548164813407,-1.0744502996599212,-2.1853144255532597,0.05082425620768359,-2.0917673493221693,-0.9441978789246196,-0.5671281502581761,-0.7449330236860535,-0.6157495911685895,-1.9150655947302446,-1.284504879728934,-0.7111906640835457,-1.7311970738431357,-0.7659598181012413,-1.95143614641587,-0.16625052900635806,-1.3140848328115986,-0.28586367697037307,-0.7646092639162854,-0.28199689431372127,-0.20773481367475147,-2.2908887630768002,-1.7986104873278728
0.10897657991196306,-0.8305572030244359,-0.9388268412456475,-0.4749138127081808,-0.7554823616084982,-0.12290844251322014,1.428910334149814,-0.9373398295562996,-0.5430298089365351,-1.818062422868444,-0.5628269300379077,-0.592216302580187,0.20396963654436587,-0.06444451671793937,-0.2515517823861287,-0.773066150118861,-0.6199413774971767,-2.1141097325491547,-0.09455882030777191,-1.6174475227902874,-0.8334930033906386,-0.6117698326245417,0.80456906322987,-0.2989076473258194,-0.23860890723706532,-0.7389893840030112,-0.40940697186891395,-1.4682543067604568,-0.6920361469387126,0.9349110866335629,-1.4532025331491734,-1.45289300809277,-0.8686849567625797,-2.161355726797352,-2.08843392049895,0.025523191234607712,-1.6543436870139951,-0.8762643673892841,-2.420580558602533,-0.992482682679527,-1.0744502996599212,-1.8513861420928868,-0.16527572428812828,-2.0917673493221693,-0.8195076178486217,-0.5242316240475888,-0.7449330236860535,-0.6405501432999463,-1.8752707805616586,-1.2623328950818933,-0.5950193403481641,-1.7311970738431357,-0.7659598181012413,-1.8374227204739297,-0.21966393814988766,-1.743546621988337,-0.28586367697037307,-1.1935817672890838,-0.32112632153450443,-0.13775063315734215,-2.217460003724548,-1.7289045264338398
0.3058897727369792,-0.811268167388827,-0.9572669960998682,-0.3550743182444306,-0.7554823616084982,-0.16978146284012594,1.428910334149814,-0.9650975802687598,-0.5920651610140477,-1.818062422868444,-0.5628269300379077,-0.6335646947337233,0.17883179092702842,-0.16337808373581328,-0.2729596868344617,-0.7470787953724165,-0.5589416292467907,-2.1141097325491547,0.4157461526307382,-1.6174475227902874,-0.8334930033906386,-0.6117698326245417,0.8332757491993216,-0.3890268996823649,-0.1061021438935992,-0.895861061200538,-0.2614437197159651,-1.584036082419842,-0.6159305786450088,0.9821071866432335,-1.4264272805384552,-1.4028003716137079,-0.9027879324200481,-2.28313272635991,-2.0081363136275088,0.14887990734252254,-1.6926011459129355,-0.9118739312072692,-2.5427601546648875,-0.9643187495804332,-0.9712371469083682,-1.5548310878096079,-0.4897209135844363,-2.0917673493221693,-0.91925982670942,-0.30974899299465275,-0.7449330236860535,-0.7399556350395652,-1.8752707805616586,-1.572922417719538,-0.6466040591678786,-1.6464566848998043,-1.155258397460251,-1.7234092945319892,-0.24637064272165246,-1.8580072189944803,-0.28586367697037307,-1.8870782985929022,-0.3602557487552876,-0.2427269039334561,-2.0703015474817152,-1.380374721963675
0.27129691453798815,-0.8305572030244359,-0.9203866863914268,-0.6144529500974687,-0.7554823616084982,-0.07603542218633168,1.4019273840219395,-0.9373398295562996,-0.5920651610140477,-1.7562420812680268,-0.6201350829887693,-0.592216302580187,0.19140071373569945,-0.26231165075369905,-0.3175594877684763,-0.7340851179991966,0.20694409878582148,-2.163860957460208,0.5468992998812908,-1.6174475227902874,-0.8334930033906386,-0.6770508676449316,0.8906891211382245,-0.16335942759281816,0.04827817792811964,-1.131088294664588,-0.5080491399708799,-1.4103634189307641,-0.7529206015736757,0.9821071866432335,-1.587078796202764,-1.3692684155006742,-0.970993883734985,-2.2222442265786313,-1.981370444670362,-0.07300066712981511,-1.7691160637108163,-0.994736512952662,-2.6043506887455012,-0.9079908833822481,-1.0056415311588858,-1.517761706024198,-0.6337875672483109,-2.22883180251925,-0.8444456700638212,-0.4384385716264144,-0.7449330236860535,-0.5909490390372322,-1.7160915238873145,-1.661610356307701,-0.7240868437884743,-1.618209888585361,-1.0252560511228925,-1.685404819218009,-0.19295723357812286,-1.743546621988337,-0.2020326799507511,-2.1843297369325656,-0.08634975820980548,-0.2427269039334561,-1.409141775773119,-1.0315592373259117
-0.01875089651507092,-0.811268167388827,-0.8835063766829787,-0.7145928016356666,-0.7554823616084982,-0.12290844251322014,1.4581418634550165,-0.9650975802687598,-0.567547484975296,-1.818062422868444,-0.5914810065133331,-0.6335646947337233,0.17883179092702842,-0.3585713375819068,-0.2943675912827868,-0.7340851179991966,0.5797203380937349,-2.0104613473177846,0.31320823750758076,-1.7381543604014158,-0.7003895515466259,-0.6117698326245417,0.919395807107676,-0.20841905377109093,0.2690022680268537,-1.3075488609287453,-0.31076480376694804,-1.4103634189307641,-0.6463728059624902,0.793322786604551,-1.5603035435920458,-1.3861028261206871,-0.8686849567625797,-2.404909725922468,-1.981370444670362,0.07478512041681912,-1.922459485035258,-1.0302490479864017,-2.420580558602533,-0.992482682679527,-1.0400459154094035,-1.517761706024198,-0.7778542209121855,-2.274395462710105,-0.8943217744942205,-0.3311972560999464,-0.6334518933079666,-0.6405501432999463,-1.9548604088988326,-1.373192818317097,-0.7627753829032602,-1.6464566848998043,-1.6738508635035538,-1.6093958685900487,-0.11283711986282847,-1.600470875730658,-0.11785811327121425,-2.118063492716717,0.4617829558911673,-0.13775063315734215,-1.5192849148014969,-0.9270002959848623
-0.24759595844685442,-0.7919791317532109,-0.9019465315371994,-0.7145928016356666,-0.7554823616084982,-0.22056056819424644,1.53909071383865,-0.9928553309812098,-0.5185121328977832,-1.7562420812680268,-0.5914810065133331,-0.592216302580187,0.19140071373569945,-0.48959146687584604,-0.2729596868344617,-0.7340851179991966,0.16458316250083269,-2.060212572228838,0.3716310031010096,-1.6174475227902874,-0.8002171404296292,-0.6770508676449316,0.7758623772604185,-0.3439672735040922,0.20283927296040274,-1.1506771837312186,-0.360085887817931,-1.4682543067604568,-0.6311516923037496,0.9821071866432335,-1.5335282909813277,-1.3525708700076535,-0.45916971628560216,-2.28313272635991,-2.3295461334817746,0.19814183652473397,-1.8459445672373773,-1.1250461701939531,-2.420580558602533,-0.9361548164813407,-0.9712371469083682,-1.480388476847104,-0.8138708843281541,-2.000640028940459,-0.8943217744942205,-0.35264551920523995,-0.6334518933079666,-0.4421457262490915,-1.8354759663930726,-1.195816941140771,-0.8401524611328318,-1.5899630922709178,-2.192797559373389,-1.685404819218009,-0.16625052900635806,-1.4571605790692777,-0.11785811327121425,-1.920076183467733,0.1092973778941121,-0.13775063315734215,-1.7031577507204558,-0.8921473155378459
-0.4099162930728795,-0.8305572030244359,-0.9019465315371994,-0.7556337243972223,-0.7705165013985403,-0.16978146284012594,1.9505807032887814,-1.0206130816936598,-0.49399445685903143,-1.6991771505599185,-0.6511769991704749,-0.6335646947337233,0.19140071373569945,-0.5216780291519232,-0.3389673922168014,-0.7470787953724165,-0.08280470540350249,-1.8570617371753428,0.32751585357127566,-1.6753868048436238,-0.9028177178927219,-0.700624574735629,0.8332757491993216,-0.2989076473258194,0.0923868413057536,-1.131088294664588,-0.2614437197159651,-1.2945816432713788,-0.600709464986268,0.8405188866142217,-1.5067530383706096,-1.4028003716137079,-0.7319935215453495,-2.0999681409522917,-2.3830778713960683,0.12424894275141685,-1.9989744028331389,-1.2197462636172596,-2.3594907605713558,-0.8798269502831556,-0.9712371469083682,-1.6660392331658374,-1.3544160541202748,-2.0917673493221693,-0.9441978789246196,-0.30974899299465275,-0.6557481193835839,-0.7399556350395652,-1.8354759663930726,-1.4397087722582191,-0.9176352457534276,-1.5617162959564745,-2.0631494428625636,-1.685404819218009,-0.21966393814988766,-1.399930280566206,-0.07594261476140327,-1.7550867590935797,-0.8692590356354755,-0.06776645263993124,-2.3643175224290522,-0.8570086549232306
-0.34339156576712104,-0.7919791317532109,-0.9019465315371994,-0.7556337243972223,-0.7416046941100003,-0.12290844251322014,1.8426489027772734,-0.9650975802687598,-0.5185121328977832,-1.6991771505599185,-0.6511769991704749,-0.653411922967419,0.17883179092702842,-0.5885250338937318,-0.3175594877684763,-0.7600724727456363,-0.18616538993887727,-1.8570617371753428,0.2845930053801856,-1.4436296766302563,-0.8695418549317249,-0.3669659512980898,1.0918712236290529,-0.20841905377109093,-0.19450024385943138,-1.2486216290643724,-0.2614437197159651,-1.5261451945901494,-0.6159305786450088,0.8877149866238923,-1.3996520279277371,-1.5864733720369355,-0.5955816189154758,-2.2222442265786313,-2.141965658413244,0.3212966594802625,-1.9607169439341985,-1.2079087519393463,-2.420580558602533,-0.9361548164813407,-0.9368327626578504,-1.8884555238782967,-1.3183993907043061,-2.046203689131314,-0.7197554089878233,-0.18088360892760166,-0.6111556672323482,-0.7399556350395652,-1.6365018955501422,-1.373192818317097,-0.969219964573142,-1.5899630922709178,-2.0199334040256214,-1.5710798811833309,-0.16625052900635806,-1.37131513131467,-0.15977361178102523,-1.6228247451280697,-1.7307479005127184,-0.03277436238122657,-2.584603800485808,-0.8221556744762142
-0.4418481621796351,-0.7919791317532109,-0.9203866863914268,-0.7753333673227746,-0.7705165013985403,-0.07603542218633168,0.8262911146272229,-0.9650975802687598,-0.5185121328977832,-1.6991771505599185,-0.6201350829887693,-0.653411922967419,0.19140071373569945,-0.6206115961697971,-0.3175594877684763,-0.773066150118861,-0.47591419412820873,-2.0104613473177846,0.10932470859990442,-1.4436296766302563,-0.8695418549317249,0.008400000069149911,1.0631645376596013,-0.2534786799493637,-0.1724459121706144,-1.033143849331434,-0.5573702240218629,-1.4682543067604568,-0.7682664784591275,0.9821071866432335,-1.4264272805384552,-1.686795510122052,-0.970993883734985,-2.0999681409522917,-2.195497396327538,0.19814183652473397,-1.9607169439341985,-1.1723962169056061,-2.420580558602533,-0.9079908833822481,-1.0056415311588858,-1.9255249056637065,-1.5347945897527082,-1.955076368749604,-0.9940739833550187,-0.15943534582230806,-0.7226367976104361,-0.5909490390372322,-1.9150655947302446,-1.2401609104348525,-0.9563237848682133,-1.6464566848998043,-1.7174211321670283,-1.685404819218009,-0.13954382443459326,-1.4571605790692777,-0.07594261476140327,-1.6890909893439183,-1.9263950366166342,-0.10275854289863748,-2.547889420809682,-0.7873026940291977
-0.4099162930728795,-0.7534010604819931,-0.9388268412456475,-0.8147326531738646,-0.7554823616084982,-0.26743358852115223,0.27763779536038097,-0.9928553309812098,-0.5185121328977832,-1.6421122198518312,-0.6511769991704749,-0.6137174665000277,0.19140071373569945,-0.5885250338937318,-0.3175594877684763,-0.773066150118861,-0.7859962477343331,-1.8570617371753428,-0.16728920196489566,-1.5595082407369294,-0.8334930033906386,-0.23459051917340654,0.861982435168773,-0.2534786799493637,-0.1724459121706144,-1.0723216274646956,-0.2614437197159651,-1.3524725311010715,-0.874814274070313,0.8877149866238923,-1.3996520279277371,-1.553078281050894,-0.6296845945729442,-2.0999681409522917,-2.034902182584656,0.07478512041681912,-1.9607169439341985,-1.196071240261433,-2.237311164509001,-0.8798269502831556,-0.9368327626578504,-1.9996636692345264,-1.5347945897527082,-2.0917673493221693,-0.8444456700638212,-0.6100246764687638,-0.6111556672323482,-0.5909490390372322,-2.114365852574557,-1.839167971063101,-1.0982874680134522,-1.5617162959564745,-1.7174211321670283,-1.7614137698459693,-0.13954382443459326,-1.5146254279760505,-0.0340271162515923,-1.5568289753784084,-2.043783318278984,0.03720981813618275,-2.437746281781304,-0.578184811347099
-0.34339156576712104,-0.772690096117602,-0.9203866863914268,-0.8754732188609725,-0.7554823616084982,-0.16978146284012594,-0.05290334370612696,-1.0206130816936598,-0.49399445685903143,-1.7562420812680268,-0.5628269300379077,-0.6335646947337233,0.19140071373569945,-0.5885250338937318,-0.3389673922168014,-0.7871426339398516,-0.7656629983175403,-1.9109588974956597,-0.22451966621968059,-1.6174475227902874,-0.8334930033906386,-0.5011547455066604,1.0918712236290529,-0.2534786799493637,-0.08404781220478222,-1.2486216290643724,-0.360085887817931,-1.2945816432713788,-0.874814274070313,0.8405188866142217,-1.5603035435920458,-1.45289300809277,-0.5955816189154758,-1.9781911413897337,-1.8740875764732725,0.12424894275141685,-1.922459485035258,-1.1250461701939531,-2.237311164509001,-0.8798269502831556,-0.9368327626578504,-1.814316760307477,-1.3904327175362434,-2.0917673493221693,-0.8693837222790208,-0.8461313760622828,-0.6334518933079666,-0.5165473826431618,-1.9548604088988326,-1.195816941140771,-1.2918358699784054,-1.5052227033275878,-1.58741878582967,-1.647400343904029,-0.11283711986282847,-1.6577011742337298,-0.11785811327121425,-1.5238310905035777,-2.16149233295134,-0.06776645263993124,-2.2908887630768002,-0.4736258700060496
-0.4099162930728795,-0.772690096117602,-0.9388268412456475,-0.8360739330098752,-0.7416046941100003,-0.12290844251322014,-0.24403257377858653,-0.9373398295562996,-0.567547484975296,-1.7562420812680268,-0.6511769991704749,-0.6335646947337233,0.17883179092702842,-0.5885250338937318,-0.38178320111345954,-0.7470787953724165,-0.5996081280803763,-1.8073105122642896,-0.3270575813428381,-1.6753868048436238,-0.8334930033906386,-0.45582069340916903,0.8906891211382245,-0.2989076473258194,-0.39298922905878414,-1.2486216290643724,-0.360085887817931,-1.3524725311010715,-0.7376994879149349,0.32097493322907683,-1.346101522706301,-1.45289300809277,-0.5614786432580074,-1.9173026416084549,-1.981370444670362,0.14887990734252254,-1.9607169439341985,-1.0776961234823,-2.237311164509001,-1.2461889324820083,-0.8333376067567028,-1.814316760307477,-1.6428445800006142,-2.046203689131314,-0.91925982670942,-0.674545271219934,-0.6334518933079666,-0.6405501432999463,-1.6365018955501422,-1.2401609104348525,-1.201456905652881,-1.4487291106987013,-1.6738508635035538,-1.1150261774155692,-0.13954382443459326,-1.3140848328115986,-0.07594261476140327,-1.589826860253239,-2.474527750717605,-0.06776645263993124,-2.217460003724548,-0.29907528760336854
-0.37798442396611215,-0.7325046052100799,-0.9203866863914268,-0.8147326531738646,-0.7554823616084982,-0.22056056819424644,-0.32723000333954794,-1.0206130816936598,-0.5185121328977832,-1.5850472891437442,-0.6511769991704749,-0.673259151201122,0.19140071373569945,-0.5216780291519232,-0.3389673922168014,-0.7871426339398516,-0.7233020620325514,-1.8073105122642896,-0.38548034693626687,-1.6174475227902874,-0.8695418549317249,-0.41230000339558115,0.8906891211382245,-0.2534786799493637,-0.19450024385943138,-1.209443850931111,-0.40940697186891395,-1.3524725311010715,-0.5397002471245937,0.17938663320006498,-1.4799777857598915,-1.4695905535857907,-0.7660964972028179,-1.9781911413897337,-2.3295461334817746,0.09961797816031114,-1.9989744028331389,-1.3027058741468978,-2.2984009625401787,-0.7953351509858779,-0.798933222506185,-1.8513861420928868,-1.6428445800006142,-1.955076368749604,-0.8943217744942205,-0.8461313760622828,-0.5888594411567307,-0.5413479347745186,-1.3974068235372437,-1.3953648029641377,-1.072495108603595,-1.4487291106987013,-1.8038532098409121,-1.0007012393808907,-0.16625052900635806,-1.1137787880508478,0.04980388076803154,-1.6558226300029004,-2.239751187392906,-0.06776645263993124,-2.1437303068339673,-0.36878124849740146
-0.34339156576712104,-0.7325046052100799,-0.9388268412456475,-0.8147326531738646,-0.7705165013985403,-0.26743358852115223,-0.46439333315625847,-0.9095820788438496,-0.5430298089365351,-1.5850472891437442,-0.6511769991704749,-0.6137174665000277,0.21758596958709012,0.22700842395635004,-0.38178320111345954,-0.773066150118861,-0.6623023137821654,-1.7575592873532362,-0.3997879629999618,-1.5015689586835927,-0.8695418549317249,-0.7223849197424229,0.861982435168773,-0.20841905377109093,-0.1061021438935992,-1.2486216290643724,-0.360085887817931,-1.2366907554416862,-0.5854883513275272,0.0846075799019556,-1.5067530383706096,-1.6031709175299562,-0.3909637649706653,-1.795525642045897,-1.8740875764732725,0.2720347302980511,-1.7691160637108163,-1.3500559208585508,-2.176221366477824,-0.7108433516886002,-0.8333376067567028,-1.7401779967366573,-1.7508945702485201,-1.9095127085587489,-0.7197554089878233,-0.8675796391675765,-0.6557481193835839,-0.3677440698550211,-1.9150655947302446,-1.3953648029641377,-0.904739066048499,-1.5052227033275878,-1.76063717100397,-1.34305302929945,-0.11283711986282847,-1.1710090865539196,0.007888382258218668,-1.4578353207539163,-1.6916184732919353,-0.06776645263993124,-2.1070159271578413,-0.29907528760336854
-0.3114596966603655,-0.772690096117602,-0.9203866863914268,-0.8557735759354202,-0.7843941688970384,-0.12290844251322014,-0.655522563228718,-1.0206130816936598,-0.567547484975296,-1.5850472891437442,-0.6511769991704749,-0.592216302580187,0.1536939453096956,0.5211352448203175,-0.4477909064957992,-0.7470787953724165,-0.7859962477343331,-1.8073105122642896,-0.4284031951273569,-1.6174475227902874,-0.8695418549317249,-0.9436150939781935,0.747155691290967,-0.20841905377109093,-0.061993480515965246,-1.4054933062618993,-0.360085887817931,-1.063018091952608,-0.6159305786450088,-0.29296122017540926,-1.587078796202764,-1.7034930556150727,-0.5955816189154758,-1.673748642483339,-1.9276193143875666,0.3459276240713682,-1.7691160637108163,-1.1368836818718664,-2.2984009625401787,-0.7671712178867853,-0.9024283784073328,-1.814316760307477,-1.8949612239123947,-2.000640028940459,-0.7945695656334221,-1.0178932863399213,-0.6334518933079666,-0.3925446219863779,-2.114365852574557,-1.373192818317097,-0.8531543472287845,-1.4769759070131445,-1.7174211321670283,-1.5330754058693508,-0.0057913941612463896,-1.600470875730658,0.04980388076803154,-0.7976071487911159,-1.5742301916295858,0.0022177278774780885,-2.0703015474817152,-0.19451634626231915
-0.3114596966603655,-0.772690096117602,-0.9772438305252773,-0.8360739330098752,-0.7982718363955416,-0.12290844251322014,-0.6847540925339204,-1.0206130816936598,-0.567547484975296,-1.6421122198518312,-0.6511769991704749,-0.6137174665000277,0.49829191231400094,0.26176886642209335,-0.49060671539245737,-0.7600724727456363,-0.8486904334361222,-1.7575592873532362,-0.4284031951273569,-1.5015689586835927,-0.9028177178927219,-0.9436150939781935,0.632328947413161,-0.20841905377109093,0.004169514550485686,-1.2290327399977417,-0.31076480376694804,-1.1209089797823006,-0.661593919621231,-0.4817456202140917,-1.4264272805384552,-1.7201906011080934,-0.45916971628560216,-1.673748642483339,-1.8205558385589784,0.3951895532535802,-1.9607169439341985,-1.3263808975027243,-2.176221366477824,-0.9361548164813407,-0.798933222506185,-1.7401779967366573,-2.0393230961288595,-2.000640028940459,-0.7696315134182224,-1.1680311280769764,-0.6111556672323482,-0.49174683051180507,-2.0742448514045906,-1.3288488490230155,-0.904739066048499,-1.3637571906380395,-1.4145546304819023,-2.0654495723578106,-0.08613041529106367,-2.115778112662004,-0.07594261476140327,-0.6323472499507753,-1.613359618850369,0.0022177278774780885,-1.9968727881294634,-0.020251444027235256
-0.3114596966603655,-0.7534010604819931,-0.9772438305252773,-0.8147326531738646,-0.7705165013985403,-0.26743358852115223,-0.6285396131008435,-1.0784417290112691,-0.567547484975296,-1.7562420812680268,-0.6798310756459109,-0.6335646947337233,0.9329671594470961,0.5879822495621261,-0.5780223252231221,-0.773066150118861,-0.869023682852915,-1.6580568375311113,-0.36998042953392807,-1.5015689586835927,-0.8334930033906386,-1.0542301810960748,0.23020004313617223,-0.2989076473258194,0.026223846239302663,-1.3663155281286377,-0.2614437197159651,-0.9472363162932228,-0.5092580198071123,-0.954093473589566,-1.346101522706301,-1.686795510122052,-0.35658125672584035,-1.61286014270206,-1.7402582316875375,0.3951895532535802,-2.190261697327841,-1.3855684558922905,-2.115131568446647,-0.7671712178867853,-0.8677419910072204,-1.6660392331658374,-1.9309778873283634,-2.1832681423283953,-0.6197987898629652,-1.6402445272640147,-0.5665632150811134,-0.5413479347745186,-2.0344500372360046,-1.3953648029641377,-0.969219964573142,-1.3355103943235962,-1.1984744362971929,-2.3317924116484092,-0.11283711986282847,-2.2016235604166114,-0.11785811327121425,-0.8306050336659466,-1.7698773277335016,0.03720981813618275,-1.9234440287772117,-0.0551044244742533
0.4682101073630043,-0.7534010604819931,-0.9572669960998682,-0.8754732188609725,-0.7416046941100003,-0.16978146284012594,-0.6847540925339204,-1.0206130816936598,-0.5430298089365351,-1.5850472891437442,-0.7657933050721979,-0.6335646947337233,0.7538600094235837,0.6200688118381914,-0.68684583950212,-0.7600724727456363,-0.8486904334361222,-1.6580568375311113,-0.48682596072078044,-1.3808621210724643,-0.8334930033906386,-1.12132457820036,-0.4305243355705486,-0.07324017523627263,0.2248936046492197,-1.581793307861576,-0.2121226356649821,-1.063018091952608,-0.4635946788308899,-1.332049126945699,-1.372876775317019,-1.7034930556150727,-0.3909637649706653,-1.795525642045897,-1.52591188766186,0.3951895532535802,-1.8842020261363177,-1.1842337285835198,-2.0540417704154694,-0.7108433516886002,-0.8677419910072204,-1.6660392331658374,-1.8229278970804574,-2.0917673493221693,-0.7945695656334221,-1.3183447752493211,-0.5888594411567307,-0.49174683051180507,-1.9946552230674186,-1.5950944023665787,-1.0853912883085237,-1.4202507832669262,-1.155258397460251,-2.3317924116484092,-0.08613041529106367,-2.0585478141589326,-0.2020326799507511,-1.5238310905035777,-1.848136182175068,-0.13775063315734215,-1.8867296491010856,-0.020251444027235256
0.9871029803478351,-0.7534010604819931,-0.9772438305252773,-0.8754732188609725,-0.7554823616084982,-0.22056056819424644,-0.5745737128450844,-1.0206130816936598,-0.49399445685903143,-1.5850472891437442,-0.7657933050721979,-0.6335646947337233,0.638644883677461,0.13074873712814228,-0.7956693537811178,-0.7600724727456363,-0.8283571840193219,-1.6580568375311113,-0.2829424318131094,-1.5015689586835927,-0.8695418549317249,-1.12132457820036,0.029017940645343892,-0.2534786799493637,0.004169514550485686,-1.66030942879258,-0.2121226356649821,-1.1787998676119935,-0.6311516923037496,-1.6624218270133932,-1.4264272805384552,-1.6700979646290313,-0.45916971628560216,-2.28313272635991,-1.2047214601760958,0.2966656948891568,-1.6926011459129355,-1.2671933391131573,-2.0540417704154694,-0.7390072847876928,-0.7645288382556673,-1.6660392331658374,-1.9309778873283634,-1.7728217279861835,-0.7197554089878233,-1.5758997379481339,-0.6111556672323482,-0.5165473826431618,-2.0742448514045906,-1.373192818317097,-1.0853912883085237,-1.3637571906380395,-1.155258397460251,-2.255783461020449,-0.03249809873301119,-1.8868569186497175,-0.11785811327121425,-1.920076183467733,-1.613359618850369,0.0022177278774780885,-1.8500152694249596,-0.020251444027235256
0.27129691453798815,-0.7534010604819931,-0.9572669960998682,-0.8360739330098752,-0.7843941688970384,-0.26743358852115223,-0.54759076271721,-1.0206130816936598,-0.567547484975296,-1.5850472891437442,-0.6798310756459109,-0.6335646947337233,0.5621839365914001,0.3580285532503011,-0.9490926689941381,-0.7871426339398516,-0.8283571840193219,-1.8073105122642896,0.2547854719141519,-1.5595082407369294,-0.9028177178927219,-1.1866056132207499,-0.11451548920191425,-0.20841905377109093,-0.01788481713833129,-1.287799407197634,-0.4587280559198969,-1.1787998676119935,-0.7682664784591275,-2.181965780398538,-1.4799777857598915,-1.6534004191360105,-0.2883753054109035,-1.61286014270206,-1.0439068540647118,0.2720347302980511,-1.5778287692161146,-1.1605587052276929,-2.0540417704154694,-0.7671712178867853,-0.7301244540051497,-1.5919004695950176,-1.8229278970804574,-1.955076368749604,-0.8195076178486217,-1.8332788952116572,-0.5219707629298787,-0.4173451741177347,-1.9150655947302446,-1.3288488490230155,-1.1498721868331667,-1.3355103943235962,-1.3281225528080185,-2.1417700350785087,-0.08613041529106367,-1.8293920697429447,-0.07594261476140327,-2.0850656078418863,-1.260874040853314,-0.03277436238122657,-1.9234440287772117,0.049454516866797665
0.43361724916401323,-0.772690096117602,-0.9772438305252773,-0.8754732188609725,-0.7843941688970384,-0.16978146284012594,-0.5183592334120075,-1.0784417290112691,-0.5430298089365351,-1.6991771505599185,-0.7371392285967618,-0.6931063794348177,0.5883691924427907,0.3580285532503011,-1.0793240877214612,-0.7600724727456363,-0.8063294971511259,-1.6041596772107944,0.2261702397867621,-1.5015689586835927,-0.8695418549317249,-1.164845268213956,-0.22934223307972024,-0.16335942759281816,0.004169514550485686,-1.2290327399977417,-0.2614437197159651,-0.9472363162932228,-0.7224783742561941,-2.417946280446891,-1.3996520279277371,-1.6031709175299562,-0.32247828106837195,-1.673748642483339,-1.1777361988504476,0.37055858866247443,-1.6543436870139951,-1.0539240713422282,-2.115131568446647,-0.7390072847876928,-0.695720069754632,-1.5548310878096079,-2.0393230961288595,-1.8639490483678938,-0.7945695656334221,-1.9621442792787083,-0.6111556672323482,-0.3925446219863779,-1.9946552230674186,-1.3066768643759747,-1.175664546243024,-1.3355103943235962,-1.4577706693188444,-2.0654495723578106,-0.03249809873301119,-1.7149314727368012,-0.15977361178102523,-1.8870782985929022,-1.065226904749398,-0.06776645263993124,-2.1070159271578413,-0.020251444027235256
0.43361724916401323,-0.713215569574471,-0.9388268412456475,-0.8951728617865174,-0.7705165013985403,-0.26743358852115223,-0.491376283284133,-1.1061994797237293,-0.567547484975296,-1.5850472891437442,-0.7084851521213363,-0.6335646947337233,0.5747528594000665,0.098662174852077,-1.1667396975521338,-0.773066150118861,-0.8283571840193219,-1.5544084522997412,0.06640186040881439,-1.5595082407369294,-0.8334930033906386,-1.12132457820036,-0.45923102154000006,-0.2989076473258194,0.026223846239302663,-1.3663155281286377,-0.2614437197159651,-1.4103634189307641,-0.661593919621231,-2.559534580475903,-1.346101522706301,-1.6367028736429898,-0.32247828106837195,-1.4301946433582229,-1.392082542876125,0.24740376570694536,-1.730858604811876,-1.1842337285835198,-2.176221366477824,-0.7108433516886002,-0.7301244540051497,-1.5548310878096079,-2.1473730863767653,-1.8183853881770387,-0.6948173567726237,-1.9406960161734146,-0.5888594411567307,-0.3429435177236643,-2.0344500372360046,-1.5064064637784158,-1.201456905652881,-1.2790168016947097,-1.0252560511228925,-2.1417700350785087,-0.08613041529106367,-1.6863163234852654,0.007888382258218668,-1.7550867590935797,-0.8692590356354755,0.03720981813618275,-2.0335871678055892,0.5725349037396433
0.1755013072177097,-0.713215569574471,-0.9203866863914268,-0.8951728617865174,-0.7843941688970384,-0.22056056819424644,-0.491376283284133,-0.9928553309812098,-0.567547484975296,-1.6421122198518312,-0.7968352212539035,-0.6335646947337233,0.4469688108452775,-0.13129152145974798,-1.318379020727782,-0.773066150118861,-0.8486904334361222,-1.5544084522997412,0.12482462600224323,-1.3808621210724643,-0.7003895515466259,-1.208365958227544,-0.7178264959697314,-0.07324017523627263,0.04827817792811964,-1.4446710843951607,-0.11348046756301618,-1.1209089797823006,-0.6463728059624902,-2.701509733783683,-1.2120057903690156,-1.6534004191360105,-0.2542723297534351,-1.5519716429207808,-1.8740875764732725,0.5431772339526001,-1.9607169439341985,-1.1250461701939531,-1.9929519723842923,-0.6824485666788592,-0.695720069754632,-1.480388476847104,-2.29143974004064,-1.8183853881770387,-0.5200465810021668,-1.5973480010534276,-0.5219707629298787,-0.4173451741177347,-1.9150655947302446,-1.4620624944843343,-1.201456905652881,-1.2790168016947097,-0.5066635850795879,-1.95143614641587,-0.11283711986282847,-1.5432405772275863,0.04980388076803154,-1.589826860253239,-0.6736118995315596,-0.10275854289863748,-1.8867296491010856,1.1307539512271043
0.4016853800572577,-0.772690096117602,-0.9203866863914268,-0.8951728617865174,-0.7705165013985403,-0.26743358852115223,-0.16308372339495295,-1.0206130816936598,-0.6431436527614518,-1.6421122198518312,-0.6798310756459109,-0.6335646947337233,0.3191847622904885,-0.2943982130297644,-1.5146181448374523,-0.7600724727456363,-0.8283571840193219,-1.6041596772107944,0.06640186040881439,-1.3808621210724643,-0.8334930033906386,-1.164845268213956,-0.9474799837253434,-0.20841905377109093,0.026223846239302663,-1.209443850931111,-0.2121226356649821,-1.1209089797823006,-0.6311516923037496,-2.7487058337933536,-1.2387810429797337,-1.6367028736429898,-0.04965447580862463,-1.5519716429207808,-1.4456142807904189,0.3459276240713682,-1.9989744028331389,-1.255355827435244,-1.8096825782907606,-0.6542846335797666,-0.7301244540051497,-1.517761706024198,-2.075339759544828,-1.7272580677953284,-0.6197987898629652,-1.5758997379481339,-0.544266989005496,-0.49174683051180507,-1.3178171952000717,-1.2401609104348525,-1.2144587917488339,-1.3637571906380395,-0.5066635850795879,-1.91343167110189,-0.05942371071929887,-1.5432405772275863,-0.0340271162515923,-1.5568289753784084,-0.6736118995315596,-0.10275854289863748,-1.8133008897488336,0.4331229819515775
0.14356943811095416,-0.7325046052100799,-0.9019465315371994,-0.9362137845480731,-0.7705165013985403,-0.31430660884804074,0.4687670254328405,-1.0784417290112691,-0.567547484975296,-1.5279823584356358,-0.7371392285967618,-0.673259151201122,0.255292738013094,-0.3585713375819068,-1.6234416591164502,-0.7470787953724165,-0.8283571840193219,-1.5544084522997412,-0.15178928456255686,-1.5015689586835927,-0.8334930033906386,-1.164845268213956,-1.1199554002467202,-0.07324017523627263,-0.01788481713833129,-1.4838488625284223,-0.2121226356649821,-0.9472363162932228,-0.5092580198071123,-2.701509733783683,-1.2925510174848647,-1.6534004191360105,-0.2201693540959667,-1.4301946433582229,-1.7937899696018316,0.469284340179283,-2.0754893206310197,-1.2079087519393463,-1.9318621743531152,-1.2180249993829146,-0.695720069754632,-1.480388476847104,-2.111356422960797,-1.8639490483678938,-0.5449846332173665,-1.7260375796851892,-0.49949178090282254,-0.6405501432999463,-1.5167912660430019,-1.2623328950818933,-1.2144587917488339,-1.3355103943235962,-0.9388239734490088,-1.8754271957879098,-0.05942371071929887,-1.4571605790692777,0.04980388076803154,-1.490833205628747,-0.5953530450899933,0.0022177278774780885,-1.7398721303965818,0.11944615792842778
-0.21566408934008707,-0.7534010604819931,-0.9019465315371994,-0.9148725047120625,-0.7554823616084982,-0.26743358852115223,0.4687670254328405,-1.1339572304361794,-0.567547484975296,-1.176081952402389,-0.7657933050721979,-0.653411922967419,0.2427238152044229,-0.4575049045997807,-1.6448495635647753,-0.773066150118861,-0.8283571840193219,-1.5046572273886878,-0.36998042953392807,-1.4436296766302563,-0.8334930033906386,-1.143084923207154,-1.1486620862161716,-0.07324017523627263,0.07033250961693661,-1.5622044187949453,-0.2121226356649821,-1.0051272041229153,-0.6463728059624902,-2.7487058337933536,-1.1316800325368612,-1.6700979646290313,-0.2542723297534351,-1.308417643795665,-1.7670241006446845,0.49391530477038875,-2.0372318617320793,-1.2671933391131573,-1.7485927802595835,-0.6542846335797666,-0.7645288382556673,-1.7031086149512473,-2.075339759544828,-1.7728217279861835,-0.6948173567726237,-2.15535445266164,-0.544266989005496,-0.987961156353133,-1.7956811522244864,-1.3288488490230155,-1.2273549714537624,-1.2790168016947097,-1.1984744362971929,-1.7234092945319892,-0.05942371071929887,-1.4571605790692777,0.007888382258218668,-1.3588416661294245,-0.4779647634276438,0.07220190839488741,-1.66644337104433,-0.08995740492126976
-0.5083728894853816,-0.7325046052100799,-0.8635295422575696,-0.9148725047120625,-0.7843941688970384,-0.26743358852115223,0.05727703598270901,-1.1339572304361794,-0.567547484975296,-1.3520321554190229,-0.7371392285967618,-0.673259151201122,0.19140071373569945,-0.5537645914279885,-1.6894493644987898,-0.7470787953724165,-0.8063294971511259,-1.6041596772107944,-0.44390311252969045,-1.5015689586835927,-0.8334930033906386,-1.1866056132207499,-2.125160010586859,-0.028180549057999865,0.07033250961693661,-1.7778427631923643,-0.2121226356649821,-0.830980025159823,-0.4788157924896307,-2.8902941338223656,-1.2925510174848647,-1.6031709175299562,-0.18606637843849827,-1.1861415581693255,-1.7134923627303904,0.2966656948891568,-2.11374677952996,-1.3263808975027243,-1.9929519723842923,-0.8234990840849704,-1.0400459154094035,-2.1853144255532597,-2.1473730863767653,-1.7728217279861835,-0.569922685432566,-2.4127336099251635,-0.5665632150811134,-0.49174683051180507,-1.7956811522244864,-1.6394383716606602,-1.3305244090931914,-1.1660296164369364,-1.2849065139710767,-1.685404819218009,-0.03249809873301119,-1.4860102787245149,-0.0340271162515923,-1.3588416661294245,-0.43883533620686066,0.03720981813618275,-1.7398721303965818,-0.020251444027235256
-0.4418481621796351,-0.7534010604819931,-0.9203866863914268,-0.8951728617865174,-0.7982718363955416,-0.26743358852115223,0.14047446554367046,-1.1339572304361794,-0.6186259767227,-1.5850472891437442,-0.7968352212539035,-0.673259151201122,0.166262868118362,-0.6206115961697971,-1.732265173395448,-0.7871426339398516,-0.8063294971511259,-1.5544084522997412,-0.5166334941868141,-1.5015689586835927,-0.8002171404296292,-1.164845268213956,-1.6369110484015157,-0.07324017523627263,0.07033250961693661,-1.5230266406616837,-0.11348046756301618,-0.8893454284635302,-0.5854883513275272,-2.9846863338417067,-1.078129527315425,-1.5864733720369355,-0.2542723297534351,-1.308417643795665,-1.6064288869018024,0.3212966594802625,-2.11374677952996,-1.3263808975027243,-1.8096825782907606,-0.7390072847876928,-0.9024283784073328,-1.6660392331658374,-2.2554230766246715,-1.7728217279861835,-0.6447368420781653,-2.1768027157669336,-0.49949178090282254,-0.5413479347745186,-1.7558863380559004,-1.5950944023665787,-1.4982804516482873,-1.2507700053802662,-1.890285287514796,-1.5710798811833309,-0.05942371071929887,-1.4285454298177418,0.04980388076803154,-1.1935817672890838,-0.7910001811939091,-0.06776645263993124,-1.7031577507204558,0.049454516866797665
-0.4099162930728795,-0.713215569574471,-0.8835063766829787,-0.9148725047120625,-0.7982718363955416,-0.31430660884804074,0.0033111357269599525,-1.1339572304361794,-0.6676613288002037,-1.6991771505599185,-0.7657933050721979,-0.6335646947337233,0.1536939453096956,-0.6206115961697971,-1.732265173395448,-0.7600724727456363,-0.8063294971511259,-1.4549060024776161,-0.5595563423779042,-1.5015689586835927,-0.8002171404296292,-1.143084923207154,-1.608204362432064,-0.07324017523627263,0.20283927296040274,-1.581793307861576,-0.2614437197159651,-0.6573073616707451,-0.5854883513275272,-2.9846863338417067,-1.3193262700955828,-1.6031709175299562,-0.527375667600539,-1.369306143576944,-1.6599606248160965,0.22277280111583966,-2.0372318617320793,-1.2197462636172596,-1.870772376321938,-0.6261207004806741,-0.6613156855041143,-1.4433190950616943,-2.2554230766246715,-1.7272580677953284,-0.49510852878696726,-2.369837083714576,-0.49949178090282254,-0.49174683051180507,-1.7160915238873145,-1.5950944023665787,-1.3821091279129056,-1.1660296164369364,-2.1495815205364472,-1.6093958685900487,-0.0057913941612463896,-1.5146254279760505,0.04980388076803154,-1.2598480115049324,-0.5562236178692102,-0.06776645263993124,-1.5927136741537489,0.11944615792842778
-0.5083728894853816,-0.7325046052100799,-0.8635295422575696,-0.9559134274736182,-0.7982718363955416,-0.26743358852115223,-0.21704962365071198,-1.1339572304361794,-0.6676613288002037,-1.6421122198518312,-0.7371392285967618,-0.673259151201122,0.1149397666496339,-0.6847847207219395,-1.753673077843773,-0.7340851179991966,-0.8486904334361222,-1.405154777566563,-0.5595563423779042,-1.3229228390191279,-0.8002171404296292,-1.164845268213956,-1.8091511642182247,0.016879077120272905,0.07033250961693661,-1.4446710843951607,-0.16280155161399915,-0.7151982495004378,-0.6463728059624902,-3.079078533861048,-1.5067530383706096,-1.5864733720369355,-0.45916971628560216,-1.1252530583880467,-1.8473217075161255,0.22277280111583966,-2.11374677952996,-1.2908683624689845,-1.9318621743531152,-0.6261207004806741,-0.6613156855041143,-1.257972186134645,-2.723934919584854,-1.6816944076044733,-0.6197987898629652,-2.1122821210157636,-0.47719555482720516,-0.5165473826431618,-1.6762967097187285,-1.5950944023665787,-1.2918358699784054,-1.137782820122493,-2.0199334040256214,-1.4570664552413903,-0.03249809873301119,-1.37131513131467,0.13363487778765348,-1.226850126630102,0.30526524700803287,0.0022177278774780885,-1.5927136741537489,0.11944615792842778
-0.4418481621796351,-0.7534010604819931,-0.8835063766829787,-0.9148725047120625,-0.7982718363955416,-0.22056056819424644,-0.46439333315625847,-1.1061994797237293,-0.6431436527614518,-1.6991771505599185,-0.7657933050721979,-0.7146075433546583,0.1149397666496339,-0.6847847207219395,-1.732265173395448,-0.7470787953724165,-0.869023682852915,-1.2020039425130677,-0.5738639584416044,-1.4436296766302563,-0.7669412774686323,-1.143084923207154,-2.1538666965563107,-0.07324017523627263,0.026223846239302663,-1.6994872069258413,-0.2614437197159651,-0.7151982495004378,-0.600709464986268,-2.9846863338417067,-1.1852305377582975,-1.5196831900648526,-0.15196340278102988,-1.2470300579506046,-2.034902182584656,0.37055858866247443,-1.9989744028331389,-1.3500559208585508,-1.7485927802595835,-0.6261207004806741,-0.6613156855041143,-1.0726252772075937,-2.5798682659209793,-1.4535026340256822,-0.6197987898629652,-2.1122821210157636,-0.4548993287515878,-0.4173451741177347,-1.6365018955501422,-1.284504879728934,-1.2531473308636196,-1.1660296164369364,-1.847069248677854,-1.4570664552413903,-0.03249809873301119,-1.3426999820631345,0.04980388076803154,-1.1935817672890838,0.7751391066674393,-0.03277436238122657,-1.5559992944776229,0.014601536419781205
-0.47378003128639057,-0.7534010604819931,-0.8835063766829787,-0.8754732188609725,-0.8271836436840817,-0.16978146284012594,-0.6285396131008435,-1.1339572304361794,-0.6431436527614518,-1.7562420812680268,-0.7968352212539035,-0.6931063794348177,0.12750868945830496,-0.6847847207219395,-1.7108572689471229,-0.7600724727456363,-0.8283571840193219,-1.351257617246246,-0.617979107971333,-1.3808621210724643,-0.8334930033906386,-1.164845268213956,-2.067746638647956,-0.028180549057999865,0.026223846239302663,-1.719076095992472,-0.2614437197159651,-0.7730891373301304,-0.6463728059624902,-2.9846863338417067,-1.1584552851475793,-1.5363807355578734,-0.3909637649706653,-1.308417643795665,-1.9008534454304196,0.37055858866247443,-1.9989744028331389,-1.2197462636172596,-1.870772376321938,-0.5697928342824891,-0.592506917003079,-1.1467640407784152,-2.5798682659209793,-1.5450034270319082,-0.5948607376477656,-2.026489068594589,-0.47719555482720516,-0.4421457262490915,-1.5967070813815563,-1.2623328950818933,-1.2144587917488339,-1.1095360238080496,-1.6306348246666118,-1.5330754058693508,-0.0057913941612463896,-1.5718557264791222,-0.0340271162515923,-1.0945881126645918,0.383524101449601,-0.03277436238122657,-1.66644337104433,-0.020251444027235256
-0.4418481621796351,-0.7325046052100799,-0.9019465315371994,-0.8951728617865174,-0.7982718363955416,-0.31430660884804074,-0.7387199927896795,-1.1617149811486294,-0.6431436527614518,-1.8751273535765522,-0.7968352212539035,-0.7344547715883539,0.6009381152514571,-0.6847847207219395,-1.7108572689471229,-0.7871426339398516,-0.8893569322697078,-1.351257617246246,-0.6465943400987282,-1.4436296766302563,-0.7669412774686323,-1.0759905261028686,-1.895506522831247,0.10699832947681844,0.20283927296040274,-1.817020541325626,-0.31076480376694804,-0.7730891373301304,-0.6463728059624902,-2.8902941338223656,-1.1584552851475793,-1.5697758265439148,-0.8686849567625797,-1.1861415581693255,-1.6867264937732436,0.3951895532535802,-2.0372318617320793,-1.2079087519393463,-1.8096825782907606,-0.6542846335797666,-0.6269113012535966,-1.2950415679200546,-2.3274564034566088,-1.4990662942165374,-0.6948173567726237,-1.7903823690010698,-0.544266989005496,-0.3925446219863779,-1.6365018955501422,-1.1291192496205746,-1.175664546243024,-1.1660296164369364,-1.4577706693188444,-1.4570664552413903,0.02091531041051841,-1.4860102787245149,0.007888382258218668,-1.1605838824142531,0.42265352867038414,0.03720981813618275,-1.5927136741537489,0.2588580797164936
-0.4099162930728795,-0.713215569574471,-0.9019465315371994,-0.9756130703991704,-0.8121495038940396,-0.26743358852115223,-0.655522563228718,-1.1617149811486294,-0.6186259767227,-1.818062422868444,-0.7657933050721979,-0.6931063794348177,0.8177520337009782,-0.6847847207219395,-1.7108572689471229,-0.7600724727456363,-0.869023682852915,-1.2517551674241394,-0.6465943400987282,-1.3229228390191279,-0.8002171404296292,-1.0759905261028686,-2.067746638647956,0.06193870329854567,0.29105659971567066,-1.5426155297283146,-0.16280155161399915,-0.7730891373301304,-0.7682664784591275,-3.031882433851377,-1.2387810429797337,-1.5196831900648526,-0.5614786432580074,-1.2470300579506046,-1.499146018704713,0.6417010923170235,-1.922459485035258,-1.2197462636172596,-1.6875029822284062,-0.5697928342824891,-0.6269113012535966,-1.4433190950616943,-2.29143974004064,-1.4990662942165374,-0.6197987898629652,-1.8763512268575337,-0.4548993287515878,-0.3429435177236643,-1.5967070813815563,-1.3288488490230155,-1.1240798274233095,-0.9680705111185014,-1.2849065139710767,-1.4570664552413903,0.07432871955404802,-0.9132381928863958,0.007888382258218668,-1.1605838824142531,-0.20373803987215497,0.03720981813618275,-1.409141775773119,0.22400509926947718
-0.47378003128639057,-0.7534010604819931,-0.8835063766829787,-0.9148725047120625,-0.8271836436840817,-0.408052649501835,-0.5745737128450844,-1.1917858777537889,-0.6186259767227,-1.6991771505599185,-0.7084851521213363,-0.7344547715883539,0.39564570937654936,-0.6847847207219395,-1.732265173395448,-0.7600724727456363,-0.869023682852915,-1.2517551674241394,-0.6620942575010617,-1.3808621210724643,-0.8002171404296292,-1.0759905261028686,-1.8665645361571277,0.06193870329854567,0.180604168061022,-1.5426155297283146,-0.06415938351203321,-0.5415255860113598,-0.5397002471245937,-3.031882433851377,-1.346101522706301,-1.5363807355578734,-0.527375667600539,-1.2470300579506046,-1.8205558385589784,0.5431772339526001,-1.8459445672373773,-1.2790308507910706,-1.7485927802595835,-0.5979567673815815,-0.6269113012535966,-1.517761706024198,-2.2554230766246715,-1.6361307474136184,-0.6447368420781653,-1.8763512268575337,-0.410306876600352,-0.3677440698550211,-1.6762967097187285,-0.9960873417383301,-1.2789396902734769,-1.024564103747388,-1.2416904751341347,-1.4190619799274102,0.07432871955404802,-1.0563139391440748,0.04980388076803154,-1.1935817672890838,-1.3391328952948802,0.0022177278774780885,-1.409141775773119,0.014601536419781205
-0.4418481621796351,-0.7919791317532109,-0.8450893874033489,-0.8754732188609725,-0.8121495038940396,-0.3611796291749292,-0.6847540925339204,-1.1617149811486294,-0.5920651610140477,-1.7562420812680268,-0.7657933050721979,-0.7146075433546583,0.28147799386448463,-0.5885250338937318,-1.6448495635647753,-0.773066150118861,-0.9096901816865006,-1.0983555572816976,-0.6465943400987282,-1.3229228390191279,-0.8002171404296292,-1.0977508711096626,-1.9242132088006985,-0.028180549057999865,0.2248936046492197,-1.5426155297283146,-0.16280155161399915,-0.7730891373301304,-0.6311516923037496,-2.8902941338223656,-1.2120057903690156,-1.5029856445718321,-0.3909637649706653,-1.0034760588254887,-1.6599606248160965,0.5185462693614944,-2.305034074024662,-1.3027058741468978,-1.7485927802595835,-0.9079908833822481,-0.6269113012535966,-1.5548310878096079,-2.183389749792734,-1.3623753136439722,-0.5449846332173665,-1.983592542384002,-0.47719555482720516,-0.31814296559230754,-1.6762967097187285,-1.373192818317097,-1.3305244090931914,-1.053042431179163,-1.112042358623309,-1.3810575046134301,0.15444883326934242,-1.085163638799312,-0.07594261476140327,-1.061590227789761,-1.9655244638374174,-0.06776645263993124,-1.409141775773119,-0.19451634626231915
-0.4418481621796351,-0.7534010604819931,-0.8266492325491283,-0.8557735759354202,-0.7982718363955416,-0.3611796291749292,-0.765702942917554,-1.1917858777537889,-0.6186259767227,-1.6991771505599185,-0.8254892977293395,-0.6931063794348177,0.2301548923957565,-0.719545163187671,-0.9705005734424632,-0.7340851179991966,-0.9723843673882898,-1.1522527176020145,-0.13748166849886193,-1.3808621210724643,-0.9028177178927219,-1.12132457820036,-2.067746638647956,0.016879077120272905,0.44543692153739,-1.3859044171952684,-0.11348046756301618,-0.830980025159823,-0.4788157924896307,-2.8902941338223656,-1.2120057903690156,-1.5196831900648526,-0.2201693540959667,-1.0034760588254887,-1.9276193143875666,0.2966656948891568,-2.1520042384289004,-1.1368836818718664,-1.6259124481477927,-0.7671712178867853,-0.592506917003079,-1.6660392331658374,-1.858944560496426,-1.4535026340256822,-0.569922685432566,-2.047937331699883,-0.49949178090282254,-0.4421457262490915,-1.6365018955501422,-1.2401609104348525,-1.3305244090931914,-1.0812892274936063,-1.0252560511228925,-1.4190619799274102,0.04762201498228321,-1.2854696835600627,-0.0340271162515923,-1.2598480115049324,-1.7307479005127184,0.0022177278774780885,-1.3357130164208673,-0.9618532764318788
0.07704471080520753,-0.7919791317532109,-0.8635295422575696,-0.8951728617865174,-0.7982718363955416,-0.31430660884804074,-0.7117370426617949,-1.1339572304361794,-0.6676613288002037,-1.6421122198518312,-0.8254892977293395,-0.7543019998220496,0.17883179092702842,-0.8478914122919559,-0.708253743950453,-0.7600724727456363,-0.952051117971497,-1.0983555572816976,0.0950170925362095,-1.3229228390191279,-0.8334930033906386,-1.12132457820036,-1.9242132088006985,0.10699832947681844,0.29105659971567066,-1.4446710843951607,0.08420813982166184,-0.830980025159823,-0.661593919621231,-2.8902941338223656,-1.1584552851475793,-1.4862880990788114,-0.45916971628560216,-1.0643645586067676,-1.7134923627303904,0.12424894275141685,-1.8459445672373773,-1.1487211935497796,-1.5648226501166154,-0.4853010349852114,-0.695720069754632,-1.7031086149512473,-1.966994550744332,-1.271247993262262,-0.5948607376477656,-2.0050408054892954,-0.47719555482720516,-0.3677440698550211,-1.5569122672129703,-1.284504879728934,-1.3434205887981199,-1.0812892274936063,-1.112042358623309,-1.2670440786714896,-0.0057913941612463896,-1.9440872171527892,0.13363487778765348,-1.3258437812545938,-1.3391328952948802,0.07220190839488741,-1.409141775773119,-1.34523606134906
0.6943941802025404,-0.7534010604819931,-0.8266492325491283,-0.8754732188609725,-0.7982718363955416,-0.31430660884804074,-0.655522563228718,-1.1617149811486294,-0.6676613288002037,-1.6421122198518312,-0.7968352212539035,-0.7146075433546583,0.3191847622904885,-0.7837182877398134,-0.6440300306054698,-0.7470787953724165,-0.9317178685546966,-1.2020039425130677,-0.12317405243516173,-1.3229228390191279,-0.8334930033906386,-1.12132457820036,-2.0964533246174075,0.06193870329854567,0.29105659971567066,-1.6211316506593183,0.03488705577067888,-0.7730891373301304,-0.7376994879149349,-2.8430980338126948,-1.346101522706301,-1.45289300809277,-0.527375667600539,-1.0034760588254887,-1.499146018704713,0.22277280111583966,-1.730858604811876,-1.1605587052276929,-1.6259124481477927,-0.4853010349852114,-0.592506917003079,-1.7031086149512473,-2.1473730863767653,-1.3623753136439722,-0.6696748942933649,-1.8332788952116572,-0.4326031026759704,-0.3429435177236643,-1.3974068235372437,-1.1291192496205746,-1.3821091279129056,-0.9963173074329447,-0.9388239734490088,-1.2290396033575095,-0.0057913941612463896,-2.115778112662004,0.04980388076803154,-0.6983430197004367,-1.065226904749398,0.0022177278774780885,-1.3357130164208673,-1.450080682857708
0.7609189075082871,-0.7534010604819931,-0.8266492325491283,-0.8951728617865174,-0.8121495038940396,-0.3611796291749292,-0.655522563228718,-1.1617149811486294,-0.6431436527614518,-1.7562420812680268,-0.854143374204765,-0.7344547715883539,0.46058514388800176,-0.8158048500158788,-0.6654379350537949,-0.7210914406259767,-0.952051117971497,-1.0486043323706442,-0.16728920196489566,-1.3229228390191279,-0.8334930033906386,-1.12132457820036,-2.125160010586859,0.06193870329854567,0.31311093140448765,-1.3271377499953763,-0.01443402828030408,-0.7151982495004378,-0.8139298194353499,-2.9846863338417067,-1.3193262700955828,-1.4695905535857907,-0.35658125672584035,-1.0643645586067676,-1.472380149747566,0.3212966594802625,-1.616086228115055,-1.255355827435244,-1.5648226501166154,-0.5416289011833965,-0.592506917003079,-1.8513861420928868,-2.1473730863767653,-1.271247993262262,-0.6948173567726237,-1.9406960161734146,-0.3880106505247346,-0.3677440698550211,-1.3974068235372437,-0.9295713877972078,-1.4209033734187158,-1.0812892274936063,-0.852391895775125,-1.2290396033575095,0.07432871955404802,-2.1730084111650756,0.04980388076803154,-0.566351480201114,-0.9475178900770418,0.07220190839488741,-1.2989986367447413,-1.7289045264338398
0.3697535109504903,-0.772690096117602,-0.8450893874033489,-0.9148725047120625,-0.7982718363955416,-0.31430660884804074,-0.655522563228718,-1.1917858777537889,-0.6431436527614518,-1.6421122198518312,-0.854143374204765,-0.7543019998220496,0.47315406669666815,-0.8158048500158788,-0.6440300306054698,-0.7340851179991966,-0.9096901816865006,-0.998853107459591,-0.0647512868417329,-1.1491049928590968,-0.7669412774686323,-1.0977508711096626,-2.0964533246174075,0.10699832947681844,-0.061993480515965246,-1.3663155281286377,0.03488705577067888,-0.7151982495004378,-0.5854883513275272,-2.6543136337740125,-1.104904779926143,-1.4695905535857907,-0.32247828106837195,-1.0643645586067676,-1.552677756619007,0.37055858866247443,-1.616086228115055,-1.3382184091806375,-1.5037328520854383,-0.5979567673815815,-0.5236981485020435,-1.6660392331658374,-2.0393230961288595,-1.271247993262262,-0.569922685432566,-1.9621442792787083,-0.410306876600352,-0.5661484869058754,-1.3178171952000717,-1.1069472649735337,-1.408007193713787,-0.9963173074329447,-0.8091758569381832,-1.1910351280435294,0.10103542412581282,-2.258853858919683,0.007888382258218668,-0.7313409045752672,-0.7127413267523428,0.07220190839488741,-1.409141775773119,-1.6940515459868233
0.6943941802025404,-0.772690096117602,-0.8450893874033489,-0.9559134274736182,-0.8271836436840817,-0.3611796291749292,-0.7117370426617949,-1.1339572304361794,-0.6676613288002037,-1.6421122198518312,-0.854143374204765,-0.7344547715883539,0.48572298950533455,-0.7837182877398134,-0.6208381341197803,-0.7470787953724165,-0.9096901816865006,-0.998853107459591,0.036594326942780676,-1.26498355696577,-0.8002171404296292,-1.12132457820036,-2.0390399526785044,-0.07324017523627263,0.0923868413057536,-1.18985496186448,0.03488705577067888,-0.6573073616707451,-0.5550461240100456,-2.701509733783683,-1.1316800325368612,-1.3861028261206871,-0.35658125672584035,-1.0643645586067676,-1.5796630179446554,0.2966656948891568,-1.8459445672373773,-1.2790308507910706,-1.5037328520854383,-0.4853010349852114,-0.592506917003079,-1.6289698513804276,-2.0033064327128907,-1.7728217279861835,-0.6447368420781653,-2.0908338579104697,-0.49949178090282254,-0.3677440698550211,-1.3974068235372437,-1.084775280326493,-1.3692129482079771,-0.939823714804058,-0.852391895775125,-1.2290396033575095,0.07432871955404802,-2.258853858919683,-0.0340271162515923,-1.4248374358790858,-0.517094190648427,0.03720981813618275,-1.3724273960969933,-1.450080682857708
0.6624623110957849,-0.7325046052100799,-0.8835063766829787,-0.9148725047120625,-0.7982718363955416,-0.31430660884804074,-0.655522563228718,-1.1339572304361794,-0.6921790048389646,-1.6421122198518312,-0.8254892977293395,-0.7741492280557526,0.3579389409505455,-0.8478914122919559,-0.5566144207747971,-0.7600724727456363,-0.952051117971497,-1.0486043323706442,0.06640186040881439,-1.0863374373013048,-0.7336654145076352,-1.0759905261028686,-1.895506522831247,0.19711758183336398,0.13649550468338806,-1.287799407197634,0.03488705577067888,-0.6573073616707451,-0.5550461240100456,-2.8430980338126948,-1.6943992759293312,-1.3861028261206871,-0.2201693540959667,-1.0643645586067676,-1.5796630179446554,0.3212966594802625,-1.922459485035258,-1.11320865851604,-1.5648226501166154,-0.513464968084304,-0.5236981485020435,-1.5548310878096079,-2.111356422960797,-1.271247993262262,-0.5948607376477656,-2.0693855948051763,-0.4326031026759704,-0.29334241346095075,-1.3178171952000717,-1.3066768643759747,-1.4209033734187158,-1.024564103747388,-0.9820400122859507,-1.1910351280435294,0.07432871955404802,-2.1730084111650756,-0.0340271162515923,-1.821082528843241,-0.751870753973126,0.0022177278774780885,-1.3724273960969933,-1.205824139560994
0.3697535109504903,-0.772690096117602,-0.8635295422575696,-0.9362137845480731,-0.7982718363955416,-0.3611796291749292,-0.27101552390646105,-1.1617149811486294,-0.7432574965863686,-1.6421122198518312,-0.8254892977293395,-0.7939964562894483,0.28147799386448463,-0.8478914122919559,-0.535206516326472,-0.7210914406259767,-0.8893569322697078,-1.0983555572816976,-0.021828438650648156,-1.2070442749124333,-0.8002171404296292,-1.0759905261028686,-1.9242132088006985,0.06193870329854567,0.04827817792811964,-1.209443850931111,0.03488705577067888,-0.4836346981816671,-0.4788157924896307,-2.701509733783683,-1.4264272805384552,-1.3692684155006742,-0.42506674062813377,-0.8208105594816517,-1.4456142807904189,0.2966656948891568,-2.0372318617320793,-1.196071240261433,-1.3815532560230837,-0.4853010349852114,-0.48929376425152593,-1.5548310878096079,-1.966994550744332,-1.271247993262262,-0.6197987898629652,-2.15535445266164,-0.4326031026759704,-0.4669462783804483,-1.1984327526943135,-1.3066768643759747,-1.575657529877859,-0.939823714804058,-0.852391895775125,-1.2670440786714896,0.12774212869757762,-2.001317515655861,0.09171937927784252,-1.9860719532173943,-0.7910001811939091,0.0022177278774780885,-1.3724273960969933,-1.275530100455027
0.5001419764697599,-0.7325046052100799,-0.9019465315371994,-0.9559134274736182,-0.7843941688970384,-0.3611796291749292,0.27763779536038097,-1.2195436284662389,-0.7432574965863686,-1.5850472891437442,-0.7657933050721979,-0.7939964562894483,0.20396963654436587,-0.7837182877398134,-0.6208381341197803,-0.7210914406259767,-0.9317178685546966,-1.0983555572816976,-0.021828438650648156,-1.1491049928590968,-0.8695418549317249,-1.0542301810960748,-2.0964533246174075,0.016879077120272905,0.13649550468338806,-1.033143849331434,0.33081356007657664,-0.3678529225222818,-0.7834875921178683,-2.7487058337933536,-1.3193262700955828,-1.3692684155006742,-0.5955816189154758,-0.8816990592629307,-1.2047214601760958,0.37055858866247443,-2.0372318617320793,-1.255355827435244,-1.5648226501166154,-0.513464968084304,-0.5236981485020435,-1.5919004695950176,-2.1473730863767653,-1.1801206728805518,-0.7446934612030229,-2.0050408054892954,-0.4326031026759704,-0.3925446219863779,-1.3178171952000717,-1.195816941140771,-1.614451775383669,-0.9115769184896148,-0.852391895775125,-1.1910351280435294,0.04762201498228321,-1.9154720679012534,0.13363487778765348,-1.9530740683425636,-0.751870753973126,0.07220190839488741,-1.2989986367447413,-1.4849336633047245
0.5001419764697599,-0.772690096117602,-0.8635295422575696,-0.9559134274736182,-0.7843941688970384,-0.31430660884804074,-0.07988629383400149,-1.1617149811486294,-0.7166966808777163,-1.6421122198518312,-0.7968352212539035,-0.7741492280557526,0.19140071373569945,-0.8826518547576993,-0.5780223252231221,-0.7470787953724165,-0.9317178685546966,-1.0486043323706442,-0.09455882030777191,-1.2070442749124333,-0.7669412774686323,-1.12132457820036,-2.1538666965563107,0.06193870329854567,0.07033250961693661,-1.131088294664588,0.08420813982166184,-0.4836346981816671,-0.935698728705276,-2.7487058337933536,-1.0513542747047069,-1.3358733245146328,-0.527375667600539,-1.0034760588254887,-1.4456142807904189,0.37055858866247443,-2.1520042384289004,-1.2079087519393463,-1.5037328520854383,-0.5416289011833965,-0.5236981485020435,-1.480388476847104,-1.8949612239123947,-1.1345570126896967,-0.6948173567726237,-2.2625957681881084,-0.4326031026759704,-0.29334241346095075,-1.1984327526943135,-1.3066768643759747,-1.4595919125335015,-0.9115769184896148,-0.852391895775125,-1.3050485539854697,0.02091531041051841,-1.743546621988337,0.17555037629746445,-1.821082528843241,-0.7910001811939091,0.10719399865359207,-1.3357130164208673,-1.6243455850927904
0.04511284169844017,-0.772690096117602,-0.9019465315371994,-0.9362137845480731,-0.7982718363955416,-0.3611796291749292,-0.13385219408975055,-1.2195436284662389,-0.7166966808777163,-1.6991771505599185,-0.7371392285967618,-0.7543019998220496,0.166262868118362,-1.0109981038619722,-0.5994302296714552,-0.773066150118861,-0.869023682852915,-1.0486043323706442,-0.10886643637146681,-1.26498355696577,-0.7336654145076352,-1.143084923207154,-2.1538666965563107,0.016879077120272905,-0.061993480515965246,-1.18985496186448,0.18285030792362778,-0.3678529225222818,-0.874814274070313,-2.701509733783683,-1.104904779926143,-1.319175779021612,-0.45916971628560216,-0.6381450601378148,-1.365316673918978,0.37055858866247443,-2.0754893206310197,-1.2316808040794176,-1.5037328520854383,-0.7953351509858779,-0.592506917003079,-1.517761706024198,-1.8229278970804574,-1.0889933524988415,-0.6447368420781653,-1.9621442792787083,-0.4548993287515878,-0.31814296559230754,-1.1586379385257275,-1.284504879728934,-1.3950053076178344,-0.9115769184896148,-0.852391895775125,-1.4190619799274102,0.04762201498228321,-1.772161771239873,0.04980388076803154,-1.7550867590935797,-0.6736118995315596,0.03720981813618275,-1.2989986367447413,-1.4152277024106916
-0.181071231141096,-0.772690096117602,-0.8450893874033489,-0.9953127133247154,-0.7982718363955416,-0.3611796291749292,-0.10686924396187603,-1.2195436284662389,-0.7677751726251204,-1.6421122198518312,-0.7968352212539035,-0.7146075433546583,0.14007761226697135,-1.0109981038619722,-0.6208381341197803,-0.773066150118861,-0.8893569322697078,-1.0486043323706442,-0.21021205015598568,-1.26498355696577,-0.6643407000055519,-1.0977508711096626,-2.7284710173546762,0.1520579556550912,0.20283927296040274,-1.0133943956003226,0.23217139197461073,-0.42574381035197445,-0.935698728705276,-2.7487058337933536,-1.0513542747047069,-1.3024782335285914,-0.697890545887881,-0.8208105594816517,-1.365316673918978,0.37055858866247443,-2.0372318617320793,-1.2435183157573308,-1.3815532560230837,-0.4289731687870263,-0.6269113012535966,-1.3691803314908744,-2.0393230961288595,-1.1345570126896967,-0.5948607376477656,-1.8332788952116572,-0.4326031026759704,-0.3677440698550211,-1.1586379385257275,-1.2179889257878118,-1.3821091279129056,-1.024564103747388,-0.8091758569381832,-1.3050485539854697,0.10103542412581282,-1.772161771239873,0.13363487778765348,-1.7550867590935797,-0.517094190648427,0.03720981813618275,-1.2989986367447413,-0.7175967331351648
-0.34339156576712104,-0.772690096117602,-0.6576144797187518,-1.0150123562502604,-0.7982718363955416,-0.31430660884804074,-0.05290334370612696,-1.1617149811486294,-0.7432574965863686,-1.4661620168351974,-0.7657933050721979,-0.7146075433546583,0.14007761226697135,-0.9468249793098298,-0.68684583950212,-0.7600724727456363,-0.9317178685546966,-1.0486043323706442,-0.2543271996857143,-1.2070442749124333,-0.7336654145076352,-1.12132457820036,-2.2112800684952134,0.1520579556550912,0.2469479363380367,-0.974216617467061,0.18285030792362778,-0.4836346981816671,-0.7834875921178683,-2.559534580475903,-1.0245790220939888,-1.3525708700076535,-0.6637875702304127,-0.7599220597003727,-1.3385508049618309,0.3951895532535802,-2.0372318617320793,-1.1605587052276929,-1.3204634579919066,-0.5416289011833965,-0.592506917003079,-1.517761706024198,-1.8229278970804574,-1.1345570126896967,-0.4701704765717677,-1.5113791431969636,-0.3880106505247346,-0.3429435177236643,-1.2382275668628995,-1.2623328950818933,-1.3305244090931914,-0.9115769184896148,-0.6795277404273574,-1.1910351280435294,0.07432871955404802,-1.629086024982194,0.21746587480727542,-1.6890909893439183,-0.39938517597607076,-0.06776645263993124,-1.1888554977163635,-0.8221556744762142
-0.37798442396611215,-0.772690096117602,-0.8082090776949008,-0.9953127133247154,-0.8271836436840817,-0.22056056819424644,-0.05290334370612696,-1.1617149811486294,-0.7432574965863686,-1.5850472891437442,-0.7968352212539035,-0.7146075433546583,0.14007761226697135,-1.0109981038619722,-0.68684583950212,-0.7340851179991966,-0.869023682852915,-0.9491018825485193,-0.26863481574940923,-1.2070442749124333,-0.7336654145076352,-1.0542301810960748,-1.8665645361571277,0.10699832947681844,0.13649550468338806,-1.209443850931111,0.18285030792362778,-0.3678529225222818,-0.6920361469387126,-2.465142380456562,-1.1852305377582975,-1.3024782335285914,-0.5955816189154758,-0.6990335599190938,-1.285019067047537,0.3459276240713682,-2.1520042384289004,-1.1723962169056061,-1.3815532560230837,-0.5697928342824891,-0.42048499575049053,-1.4062497132762843,-2.111356422960797,-1.1345570126896967,-0.49510852878696726,-1.6402445272640147,-0.410306876600352,-0.3677440698550211,-1.0790483101885553,-1.1291192496205746,-1.3563167685030486,-0.939823714804058,-0.5930956627534717,-1.1910351280435294,0.07432871955404802,-2.001317515655861,0.21746587480727542,-1.6558226300029004,-0.3602557487552876,0.10719399865359207,-1.1521411180402374,-1.0664122177729283
-0.4418481621796351,-0.772690096117602,-0.7513519335610503,-0.9756130703991704,-0.7705165013985403,0.4473799714639749,0.05727703598270901,-1.2195436284662389,-0.7432574965863686,-1.5850472891437442,-0.7968352212539035,-0.7146075433546583,0.1023708438409675,-0.9789115415858951,-0.6654379350537949,-0.7470787953724165,-0.869023682852915,-0.8454534973171491,-0.2972500478768043,-1.1491049928590968,-0.7669412774686323,-1.0977508711096626,-2.067746638647956,0.1520579556550912,-0.01788481713833129,-1.346726639062007,0.23217139197461073,-0.30996203469258915,-0.5550461240100456,-2.417946280446891,-1.0513542747047069,-1.2857806880355707,-0.5955816189154758,-0.9425875590442097,-1.418848411833272,0.3951895532535802,-1.8459445672373773,-1.1605587052276929,-1.2593736599607293,-0.4853010349852114,-0.42048499575049053,-1.3691803314908744,-2.0393230961288595,-1.1345570126896967,-0.5200465810021668,-2.0050408054892954,-0.410306876600352,-0.5661484869058754,-1.1984327526943135,-1.4175367876111784,-1.5240728110581445,-0.8833301221751715,-0.7227437792642993,-1.0770217021015889,0.04762201498228321,-1.37131513131467,0.13363487778765348,-1.4578353207539163,-0.32112632153450443,0.14218608891229673,-1.0416970414735305,-1.34523606134906
-0.5403047585921372,-0.772690096117602,-0.8450893874033489,-0.9756130703991704,-0.7554823616084982,1.0215744704684193,0.05727703598270901,-1.2195436284662389,-0.7922928486638722,-1.6421122198518312,-0.854143374204765,-0.7344547715883539,0.1023708438409675,-1.0109981038619722,-0.6208381341197803,-0.773066150118861,-0.8063294971511259,-0.8454534973171491,-0.3127499652791431,-1.0863374373013048,-0.7669412774686323,-1.12132457820036,-2.010333266709053,0.1520579556550912,0.004169514550485686,-1.033143849331434,0.08420813982166184,-0.30996203469258915,-0.38748911053718604,-2.5123384804662323,-1.0245790220939888,-1.3358733245146328,-0.35658125672584035,-0.7599220597003727,-1.6064288869018024,0.4446533755881773,-1.8842020261363177,-1.1605587052276929,-1.3204634579919066,-0.40080923568793375,-0.4548893800010082,-1.3691803314908744,-1.9309778873283634,-0.9978660321171313,-0.49510852878696726,-1.6831410534746019,-0.3657144244491172,-0.29334241346095075,-1.1586379385257275,-1.4620624944843343,-1.5240728110581445,-0.8550833258607281,-0.7227437792642993,-1.0007012393808907,0.07432871955404802,-1.1137787880508478,0.09171937927784252,-1.490833205628747,-0.24286746709293813,0.10719399865359207,-1.1521411180402374,-1.1012651982199446
-0.5083728894853816,-0.7534010604819931,-0.9388268412456475,-0.9953127133247154,-0.7554823616084982,0.3067609104832921,-0.24403257377858653,-1.1917858777537889,-0.7922928486638722,-1.4661620168351974,-0.8254892977293395,-0.7543019998220496,0.0898019210323011,-1.0457585463277157,-0.6208381341197803,-0.7470787953724165,-0.8063294971511259,-0.7957022724060959,-0.2972500478768043,-1.0283981552479684,-0.7669412774686323,-1.0542301810960748,-1.95291989477015,0.19711758183336398,0.026223846239302663,-0.895861061200538,0.18285030792362778,-0.42574381035197445,-0.4179313378546676,-2.559534580475903,-1.104904779926143,-1.3024782335285914,-0.08375745146609304,-0.8816990592629307,-1.3385508049618309,0.6170701277259178,-1.8459445672373773,-1.196071240261433,-1.0761042658671975,-0.3726453025888412,-0.48929376425152593,-1.3691803314908744,-1.858944560496426,-1.271247993262262,-0.5200465810021668,-1.7474858427904827,-0.3657144244491172,-0.31814296559230754,-1.1984327526943135,-1.5507504330724973,-1.5240728110581445,-0.8550833258607281,-0.7227437792642993,-0.9626967640669107,0.12774212869757762,-1.6863163234852654,0.17555037629746445,-1.4248374358790858,-0.28199689431372127,0.07220190839488741,-1.1521411180402374,-0.7524497135821813
-0.5403047585921372,-0.7534010604819931,-0.8835063766829787,-1.0150123562502604,-0.7982718363955416,-0.408052649501835,-0.491376283284133,-1.1917858777537889,-0.7922928486638722,-1.4661620168351974,-0.7968352212539035,-0.7543019998220496,0.1023708438409675,-0.9789115415858951,-0.6208381341197803,-0.7470787953724165,-0.8486904334361222,-0.8454534973171491,-0.050443670778037984,-1.1491049928590968,-0.7336654145076352,-1.0542301810960748,-1.8091511642182247,0.1520579556550912,0.15854983637220502,-0.9938055065336918,0.1335292238726448,-0.5994164738410525,-0.7072572605974534,-2.465142380456562,-1.1316800325368612,-1.26908314254255,-0.04965447580862463,-0.6381450601378148,-1.6331947558589495,0.469284340179283,-1.922459485035258,-1.1605587052276929,-1.198283861929552,-0.40080923568793375,-0.42048499575049053,-1.3691803314908744,-1.8229278970804574,-1.0889933524988415,-0.5449846332173665,-1.6402445272640147,-0.4326031026759704,-0.02033305680183446,-1.0392534960199693,-1.195816941140771,-1.5240728110581445,-0.8833301221751715,-0.8091758569381832,-0.9626967640669107,0.12774212869757762,-2.2016235604166114,0.30129687182689735,-1.4248374358790858,-0.32112632153450443,0.07220190839488741,-1.1521411180402374,-0.4736258700060496
-0.6041684968056601,-0.7534010604819931,-0.9203866863914268,-0.9953127133247154,-0.8121495038940396,-0.9822471485062794,-0.5745737128450844,-1.2195436284662389,-0.816810524702633,-1.4661620168351974,-0.7657933050721979,-0.7543019998220496,0.5747528594000665,-1.0109981038619722,-0.6440300306054698,-0.7210914406259767,-0.869023682852915,-0.899350657637466,0.0950170925362095,-1.1491049928590968,-0.7003895515466259,-1.0542301810960748,-1.95291989477015,0.19711758183336398,0.13649550468338806,-1.287799407197634,0.1335292238726448,-0.30996203469258915,-0.7682664784591275,-2.3707501804372204,-1.078129527315425,-1.26908314254255,-0.15196340278102988,-0.7599220597003727,-1.070672723021859,0.37055858866247443,-1.8459445672373773,-1.2435183157573308,-1.198283861929552,-0.6542846335797666,-0.38608061149997286,-1.3321109497054646,-1.858944560496426,-0.9523023719262763,-0.569922685432566,-1.7260375796851892,-0.3880106505247346,-0.3429435177236643,-1.1586379385257275,-1.3510208336700562,-1.575657529877859,-0.9115769184896148,-0.852391895775125,-1.0007012393808907,0.12774212869757762,-2.344933857077992,0.3851278688465193,-1.3918395510042552,-0.1646086126513718,0.07220190839488741,-1.1151258008257823,-0.2642223071563521
-0.27952782755361,-0.7534010604819931,-0.9203866863914268,-1.0150123562502604,-0.7277270266115022,-1.6033146678376122,-0.6285396131008435,-1.2195436284662389,-0.7922928486638722,-1.4090970861271102,-0.7657933050721979,-0.7939964562894483,0.8177520337009782,-1.0109981038619722,-0.5994302296714552,-0.7340851179991966,-0.8283571840193219,-0.9491018825485193,-0.050443670778037984,-1.0863374373013048,-0.8002171404296292,-1.0977508711096626,-1.9242132088006985,0.24217720801163675,0.2469479363380367,-1.3663155281286377,0.18285030792362778,-0.30996203469258915,-0.5550461240100456,-2.32355408042755,-1.0513542747047069,-1.2189905060634878,-0.2201693540959667,-0.6381450601378148,-0.7492629031675934,0.469284340179283,-1.8459445672373773,-1.2435183157573308,-1.198283861929552,-0.4289731687870263,-0.42048499575049053,-1.220902804349235,-2.2554230766246715,-0.9523023719262763,-0.49510852878696726,-1.5973480010534276,-0.3657144244491172,-0.26833857811540235,-1.5569122672129703,-1.4620624944843343,-1.575657529877859,-0.7985897332318415,-0.852391895775125,-0.8486833381249703,0.18115553784110722,-2.344933857077992,0.55313343254568,-1.2598480115049324,-0.1646086126513718,0.07220190839488741,-1.1151258008257823,-0.2293693267093356
0.5320738455765154,-0.7534010604819931,-0.9203866863914268,-1.0150123562502604,-0.7843941688970384,-2.07985704116103,-0.655522563228718,-1.1617149811486294,-0.816810524702633,-1.2379022940028275,-0.8254892977293395,-0.7741492280557526,0.6135070380601235,-0.9789115415858951,-0.6208381341197803,-0.773066150118861,-0.8486904334361222,-0.899350657637466,-0.09455882030777191,-1.0863374373013048,-0.8334930033906386,-1.0759905261028686,-1.7517377922793216,0.10699832947681844,0.15854983637220502,-1.2290327399977417,0.03488705577067888,-0.30996203469258915,-0.7529206015736757,-2.2763579804178793,-0.9710285168725524,-1.2523855970495292,-0.15196340278102988,-0.5163680605752569,-1.311784936004684,0.3459276240713682,-1.8459445672373773,-1.1250461701939531,-1.0761042658671975,-0.34448136948974867,-0.5236981485020435,-1.220902804349235,-1.7148779068325515,-0.9067387117354212,-0.44523242435656807,-1.3612413014599083,-0.3434181983734998,-0.4669462783804483,-1.1188431243571413,-1.6837823409547417,-1.5369689907630733,-0.8268365295462848,-0.8091758569381832,-1.0007012393808907,0.15444883326934242,-2.287469008171219,0.4693024355260581,-1.292845896379763,-0.20373803987215497,0.03720981813618275,-1.1151258008257823,-0.12481038536828623
0.43361724916401323,-0.772690096117602,-0.6022940151560829,-1.036353636086271,-0.7554823616084982,-2.07985704116103,-0.7387199927896795,-1.1917858777537889,-0.8678890164500372,-1.3520321554190229,-0.7968352212539035,-0.7741492280557526,0.5747528594000665,-0.9789115415858951,-0.6208381341197803,-0.7600724727456363,-0.869023682852915,-0.8454534973171491,-0.12317405243516173,-1.0863374373013048,-0.7336654145076352,-1.0542301810960748,-1.8378578501876761,0.3322964603681823,0.04827817792811964,-1.2486216290643724,0.23217139197461073,-0.30996203469258915,-0.8139298194353499,-2.417946280446891,-1.2120057903690156,-1.2356880515565085,-0.35658125672584035,-0.5772565603565358,-1.070672723021859,0.4198205178446859,-1.730858604811876,-1.1605587052276929,-1.198283861929552,-0.5416289011833965,-0.3513942240998605,-1.257972186134645,-1.7508945702485201,-0.7696742585383403,-0.44523242435656807,-1.5758997379481339,-0.3211219722978824,-0.24353802598404553,-1.1188431243571413,-1.7948240017690196,-1.5369689907630733,-0.8268365295462848,-0.852391895775125,-0.9626967640669107,0.12774212869757762,-2.1443932619135397,0.511217934035869,-1.2598480115049324,-0.12547918543058864,0.14218608891229673,-1.0416970414735305,-0.020251444027235256
0.33782164184373475,-0.772690096117602,-0.8266492325491283,-0.9756130703991704,-0.7843941688970384,-2.1736030818148246,-0.7387199927896795,-1.2195436284662389,-0.8678890164500372,-1.2379022940028275,-0.7968352212539035,-0.7741492280557526,0.5747528594000665,-0.9789115415858951,-0.5994302296714552,-0.7470787953724165,-0.8486904334361222,-0.9491018825485193,-0.0790589029054331,-1.0863374373013048,-0.8002171404296292,-1.0542301810960748,-1.7517377922793216,0.19711758183336398,-0.01788481713833129,-1.2486216290643724,0.03488705577067888,-0.30996203469258915,-0.38748911053718604,-2.2763579804178793,-1.104904779926143,-1.2356880515565085,-0.49327269194307055,-0.6381450601378148,-1.365316673918978,0.4198205178446859,-1.6926011459129355,-1.11320865851604,-1.198283861929552,-0.5697928342824891,-0.3513942240998605,-1.1467640407784152,-1.8229278970804574,-0.8152379187291954,-0.4202943721413685,-1.8977994899628274,-0.3880106505247346,-0.1443358174586184,-1.1586379385257275,-1.7281263102488231,-1.5498651704680018,-0.7703429369173982,-0.6795277404273574,-0.8866878134389504,0.23456894698463804,-2.087162963410468,0.55313343254568,-1.1605838824142531,-0.08634975820980548,0.03720981813618275,-1.0416970414735305,0.014601536419781205
0.5320738455765154,-0.7534010604819931,-0.9388268412456475,-1.036353636086271,-0.7843941688970384,-1.982204915480004,-0.765702942917554,-1.1917858777537889,-0.8678890164500372,-1.2379022940028275,-0.7968352212539035,-0.7741492280557526,0.48572298950533455,-1.0109981038619722,-0.6208381341197803,-0.7210914406259767,-0.8486904334361222,-0.7459510474950426,-0.09455882030777191,-1.0863374373013048,-0.7003895515466259,-1.0759905261028686,-1.895506522831247,0.19711758183336398,0.180604168061022,-1.3859044171952684,0.03488705577067888,-0.19418025903320382,-0.14382652877062257,-2.181965780398538,-0.9978037694832705,-1.2356880515565085,-0.2542723297534351,-0.6381450601378148,-1.552677756619007,0.2720347302980511,-1.6543436870139951,-1.1250461701939531,-1.2593736599607293,-0.34448136948974867,-0.42048499575049053,-1.220902804349235,-1.7508945702485201,-0.8608015789200505,-0.44523242435656807,-1.8977994899628274,-0.410306876600352,-0.3429435177236643,-1.1188431243571413,-1.6837823409547417,-1.511176631353216,-0.7420961406029548,-0.8091758569381832,-0.8866878134389504,0.18115553784110722,-2.087162963410468,0.595048931055491,-1.1935817672890838,0.07016795067332895,0.07220190839488741,-1.0416970414735305,0.014601536419781205
0.3697535109504903,-0.7534010604819931,-0.9572669960998682,-1.0757529219373683,-0.7705165013985403,-1.982204915480004,-0.8219174223506309,-1.2195436284662389,-0.816810524702633,-1.1190170216943018,-0.7968352212539035,-0.7344547715883539,0.40926204241927366,-1.0109981038619722,-0.6208381341197803,-0.7340851179991966,-0.869023682852915,-0.7957022724060959,-0.26863481574940923,-1.1491049928590968,-0.7003895515466259,-1.0977508711096626,-2.067746638647956,0.1520579556550912,-0.061993480515965246,-1.346726639062007,0.03488705577067888,-0.13628937120351114,-0.23515321072306722,-2.181965780398538,-1.078129527315425,-1.2189905060634878,0.0185514755063122,-0.5772565603565358,-1.25825319809039,0.37055858866247443,-1.7691160637108163,-0.9592239779189222,-1.0150144678360205,-0.40080923568793375,-0.4548893800010082,-1.1096946589930037,-1.6068279165846455,-0.8608015789200505,-0.3704182677109693,-1.4470343538810828,-0.410306876600352,-0.3677440698550211,-0.9195428665128289,-1.5064064637784158,-1.511176631353216,-0.7703429369173982,-0.8956079346120669,-0.8486833381249703,0.23456894698463804,-2.0299326649073968,0.595048931055491,-1.0945881126645918,0.031038523452545787,0.10719399865359207,-1.1151258008257823,0.014601536419781205
-0.14913936203434044,-0.772690096117602,-0.9772438305252773,-1.0560532790118233,-0.8121495038940396,-1.8884588748262099,-0.6847540925339204,-1.247301379178699,-0.892406692488789,-1.0619520909862148,-0.8254892977293395,-0.7741492280557526,0.3579389409505455,-0.9789115415858951,-0.6440300306054698,-0.7340851179991966,-0.8063294971511259,-0.7459510474950426,-0.36998042953392807,-1.2070442749124333,-0.7003895515466259,-1.12132457820036,-2.0390399526785044,0.24217720801163675,-0.1724459121706144,-1.3663155281286377,0.08420813982166184,-0.2520711468628965,-0.3570468832197045,-2.1347696803888674,-0.8907027590403981,-1.2356880515565085,-0.2542723297534351,-0.6381450601378148,-1.365316673918978,0.37055858866247443,-1.6543436870139951,-1.1487211935497796,-1.198283861929552,-0.28792265138091505,-0.3513942240998605,-1.1838334225638252,-1.6788612434165828,-0.8608015789200505,-0.27046164858611177,-1.5113791431969636,-0.3657144244491172,0.0540685995922359,-1.0790483101885553,-1.5507504330724973,-1.4982804516482873,-0.7420961406029548,-0.8091758569381832,-0.8866878134389504,0.23456894698463804,-2.0299326649073968,0.636964429565302,-1.226850126630102,-0.12547918543058864,0.03720981813618275,-1.0784114211496565,0.014601536419781205
-0.4099162930728795,-0.7534010604819931,-0.9572669960998682,-1.0757529219373683,-0.7705165013985403,-1.743933728818295,-0.13385219408975055,-1.2750591298911491,-0.892406692488789,-1.1190170216943018,-0.854143374204765,-0.7939964562894483,0.255292738013094,-1.0109981038619722,-0.6208381341197803,-0.7470787953724165,-0.8063294971511259,-0.7957022724060959,-0.47251834465708553,-1.0863374373013048,-0.6643407000055519,-1.0759905261028686,-2.0964533246174075,0.19711758183336398,0.0923868413057536,-1.4642599734617914,0.23217139197461073,-0.2520711468628965,-0.4940369061483715,-2.181965780398538,-0.9174780116511162,-1.202292960570467,-0.15196340278102988,-0.5772565603565358,-1.285019067047537,0.37055858866247443,-1.5778287692161146,-1.1487211935497796,-1.0761042658671975,-0.3163174363906561,-0.28258545559882514,-1.1838334225638252,-1.858944560496426,-0.8608015789200505,-0.3704182677109693,-1.5973480010534276,-0.3657144244491172,0.10387298706914112,-0.8399532381756567,-1.5950944023665787,-1.47248809223843,-0.7420961406029548,-0.852391895775125,-0.77267438749701,0.23456894698463804,-1.8868569186497175,0.595048931055491,-1.2598480115049324,-0.1646086126513718,0.0022177278774780885,-0.9682682821212786,-0.020251444027235256
-0.5083728894853816,-0.772690096117602,-0.9203866863914268,-1.0954525648629134,-0.7554823616084982,-1.6033146678376122,-0.10686924396187603,-1.1917858777537889,-0.8678890164500372,-1.1190170216943018,-0.7968352212539035,-0.7344547715883539,0.14007761226697135,-0.9789115415858951,-0.5994302296714552,-0.7470787953724165,-0.7859962477343331,-0.7459510474950426,-0.5166334941868141,-1.0283981552479684,-0.7669412774686323,-1.0977508711096626,-2.125160010586859,0.19711758183336398,0.04827817792811964,-1.4642599734617914,0.1335292238726448,-0.2520711468628965,-0.4788157924896307,-2.2291618804082085,-1.0513542747047069,-1.1688978695844257,-0.15196340278102988,-0.5163680605752569,-1.365316673918978,0.3212966594802625,-1.5778287692161146,-1.0895336351602132,-1.198283861929552,-0.2597587182818225,-0.3513942240998605,-1.1096946589930037,-1.6068279165846455,-1.0434296923079864,-0.4701704765717677,-1.4684826169863765,-0.3434181983734998,0.1286735392004979,-0.8399532381756567,-1.661610356307701,-1.511176631353216,-0.6288774242278499,-0.6795277404273574,-0.8106788628109901,0.23456894698463804,-1.8868569186497175,0.511217934035869,-1.292845896379763,-0.1646086126513718,-0.10275854289863748,-0.9315539024451527,0.049454516866797665
-0.5403047585921372,-0.772690096117602,-0.9203866863914268,-1.0954525648629134,-0.7843941688970384,-1.505662542156586,-0.30024705321166345,-1.2750591298911491,-0.8413282007413849,-1.1190170216943018,-0.7968352212539035,-0.7741492280557526,0.0898019210323011,-0.9789115415858951,-0.6208381341197803,-0.7470787953724165,-0.8486904334361222,-0.8454534973171491,-0.5166334941868141,-0.9704588731946104,-0.6310648370445426,-1.0759905261028686,-1.8378578501876761,0.19711758183336398,0.15854983637220502,-1.346726639062007,0.18285030792362778,-0.6573073616707451,-0.2960376653580303,-1.9931813803598557,-1.0513542747047069,-1.1855954150774464,0.0185514755063122,-0.5772565603565358,-1.365316673918978,0.49391530477038875,-1.5778287692161146,-1.042086559664315,-1.1371940638983749,-0.3726453025888412,-0.3513942240998605,-1.1096946589930037,-1.7508945702485201,-0.8152379187291954,-0.27046164858611177,-1.4470343538810828,-0.3657144244491172,-0.1443358174586184,-0.8399532381756567,-1.7502982948958639,-1.47248809223843,-0.6288774242278499,-0.6795277404273574,-0.8106788628109901,0.20786224241287202,-1.8293920697429447,0.4693024355260581,-1.6890909893439183,-0.008090903768237375,-0.03277436238122657,-0.9682682821212786,0.11944615792842778
-0.34339156576712104,-0.8305572030244359,-0.9203866863914268,-1.0150123562502604,-0.7138493591129991,-1.4587895218296976,-0.16308372339495295,-1.2750591298911491,-0.8678890164500372,-1.2949672247109358,-0.7657933050721979,-0.7939964562894483,0.1149397666496339,-1.0109981038619722,-0.6208381341197803,-0.7340851179991966,-0.8283571840193219,-0.696199822583971,-0.5309411102505144,-0.9704588731946104,-0.7003895515466259,-1.0542301810960748,-1.7230311063098702,0.1520579556550912,0.180604168061022,-1.2486216290643724,0.18285030792362778,-0.0783984833738185,-0.2960376653580303,-1.9931813803598557,-0.8369327845352672,-1.2189905060634878,0.32575778901088526,-0.4554795607939779,-1.1509703298933005,0.49391530477038875,-1.616086228115055,-1.1250461701939531,-1.0761042658671975,-0.3163174363906561,-0.28258545559882514,-1.035555895422184,-1.7148779068325515,-0.6785469381566301,-0.29539970080131134,-1.5113791431969636,-0.3657144244491172,-0.11953526532726161,-0.9593376806814149,-1.7059543256017824,-1.511176631353216,-0.6006306279134065,-0.8091758569381832,-0.6966654368690497,0.23456894698463804,-1.8007769204914088,0.6788799280751129,-0.7976071487911159,0.07016795067332895,0.07220190839488741,-0.9682682821212786,0.11944615792842778
0.14356943811095416,-0.772690096117602,-0.9772438305252773,-1.036353636086271,-0.699971691614501,-1.4119165015027917,0.22142331592729403,-1.3028168806035991,-0.892406692488789,-1.1190170216943018,-0.8827974506801904,-0.7939964562894483,0.024862486520848732,-0.9789115415858951,-0.6440300306054698,-0.7210914406259767,-0.7859962477343331,-0.696199822583971,-0.5166334941868141,-0.9704588731946104,-0.7669412774686323,-1.0324698360892728,-1.7517377922793216,0.1520579556550912,0.2690022680268537,-1.3663155281286377,0.23217139197461073,-0.020033080070111488,-0.5702672376687864,-1.9931813803598557,-0.7566070267031122,-1.202292960570467,0.05265445116378061,-0.6990335599190938,-1.070672723021859,0.4446533755881773,-1.5395713103171742,-0.9237114428851825,-1.198283861929552,-0.2597587182818225,-0.38608061149997286,-1.1096946589930037,-1.858944560496426,-0.7696742585383403,-0.32054216328057017,-1.7903823690010698,-0.29882574622226504,-0.3677440698550211,-0.8399532381756567,-1.572922417719538,-1.4982804516482873,-0.5723838315989632,-0.24701312223140384,-0.6206564862410894,0.18115553784110722,-1.743546621988337,0.595048931055491,-0.8306050336659466,0.14874753812490024,0.07220190839488741,-1.0049826617974045,0.15429913837544423
0.1755013072177097,-0.772690096117602,-1.0525411295133553,-1.0954525648629134,-0.7138493591129991,-1.3142643758217654,0.05727703598270901,-1.2195436284662389,-0.892406692488789,-1.1190170216943018,-0.854143374204765,-0.8154976202092888,-0.051598460565212174,-1.0109981038619722,-0.6654379350537949,-0.7600724727456363,-0.8283571840193219,-0.7957022724060959,-0.5452487263142093,-0.8545803090879375,-0.6643407000055519,-1.12132457820036,-1.6943244203404186,0.28723683418990953,0.31311093140448765,-1.3663155281286377,0.2814924760255937,-0.2520711468628965,-0.5092580198071123,-1.9931813803598557,-0.6227307636495215,-1.152200324091405,0.12113993506607401,-0.3332034751676385,-1.365316673918978,0.5185462693614944,-1.5395713103171742,-1.0658586118043867,-0.9539246698048431,-0.2597587182818225,-0.3169898398493428,-0.998486513636774,-1.858944560496426,-1.0889933524988415,-0.4701704765717677,-1.5973480010534276,-0.3657144244491172,-0.19393692172133198,-0.8001584240070707,-1.7726520171219788,-1.4982804516482873,-0.7138493442885115,-0.5930956627534717,-0.6206564862410894,0.20786224241287202,-1.6863163234852654,0.511217934035869,-1.5568289753784084,0.1878769653456834,0.07220190839488741,-1.0416970414735305,0.1891521188224607
-0.08527562382081755,-0.7534010604819931,-1.0525411295133553,-1.0560532790118233,-0.7554823616084982,-1.2205183351679885,-0.16308372339495295,-1.1917858777537889,-0.8413282007413849,-1.1190170216943018,-0.7371392285967618,-0.7939964562894483,-0.07673630618254962,-1.0109981038619722,-0.6440300306054698,-0.7470787953724165,-0.8283571840193219,-0.696199822583971,-0.5595563423779042,-0.9125195911412739,-0.7669412774686323,-1.12132457820036,-1.7517377922793216,0.1520579556550912,0.35721959478212206,-1.2486216290643724,0.2814924760255937,-0.13628937120351114,-0.3570468832197045,-1.9459852803501851,-0.6762812688709577,-1.152200324091405,0.05265445116378061,-0.4554795607939779,-0.5351359515104173,0.469284340179283,-1.5013138514182338,-0.994736512952662,-0.8928348717736659,-0.2597587182818225,-0.21377668709778977,-0.9240439026742719,-1.9309778873283634,-0.8608015789200505,-0.44523242435656807,-1.7474858427904827,-0.25423329407103024,-0.1443358174586184,-0.8001584240070707,-1.5064064637784158,-1.47248809223843,-0.5723838315989632,-1.155258397460251,-0.6966654368690497,0.3146890606999324,-1.5718557264791222,0.55313343254568,-2.019069838092225,0.14874753812490024,-0.03277436238122657,-0.9682682821212786,0.15429913837544423
-0.4099162930728795,-0.772690096117602,-1.0525411295133553,-1.0560532790118233,-0.7277270266115022,-1.2205183351679885,-0.3542129534674225,-1.2195436284662389,-0.8678890164500372,-1.2379022940028275,-0.7371392285967618,-0.8353448484429845,-0.10292156203394028,-1.0109981038619722,-0.5994302296714552,-0.7470787953724165,-0.8283571840193219,-0.8454534973171491,-0.5452487263142093,-0.9125195911412739,-0.7003895515466259,-1.0324698360892728,-2.067746638647956,0.19711758183336398,0.2690022680268537,-1.4446710843951607,0.23217139197461073,-0.13628937120351114,-0.5702672376687864,-1.8512062270520757,-0.7298317740923941,-1.135365913471392,-0.08375745146609304,-0.39409197494891746,-1.1242044609361528,0.5431772339526001,-1.4630563925192934,-0.9828990012747487,-0.9539246698048431,-0.2597587182818225,-0.3513942240998605,-0.9614171318513641,-1.7869112336644888,-0.7696742585383403,-0.3704182677109693,-1.8118306321063635,-0.25423329407103024,-0.29334241346095075,-0.8399532381756567,-1.484234479131375,-1.446695732828573,-0.6006306279134065,-2.279229637047273,-0.6966654368690497,0.3146890606999324,-1.5718557264791222,0.6788799280751129,-2.250325506682227,0.14874753812490024,0.07220190839488741,-0.9682682821212786,0.11944615792842778
-0.4099162930728795,-0.772690096117602,-1.0525411295133553,-1.0757529219373683,-0.7277270266115022,-1.1736453148410826,-0.491376283284133,-1.1917858777537889,-0.8678890164500372,-1.2949672247109358,-0.7371392285967618,-0.8353448484429845,-0.15319725326861053,-0.9789115415858951,-0.5994302296714552,-0.7070149568049862,-0.8283571840193219,-0.7957022724060959,-0.5452487263142093,-0.8545803090879375,-0.7336654145076352,-1.0542301810960748,-1.8091511642182247,0.28723683418990953,0.180604168061022,-1.503437751595053,0.23217139197461073,-0.13628937120351114,-0.4940369061483715,-1.8512062270520757,-0.6227307636495215,-1.1186683679783713,0.15524291072354243,-0.39409197494891746,-1.392082542876125,0.3951895532535802,-1.5395713103171742,-1.0539240713422282,-0.8928348717736659,-0.28792265138091505,-0.3169898398493428,-0.8869745208888621,-1.6788612434165828,-0.7241105983474851,-0.3704182677109693,-1.5113791431969636,-0.3434181983734998,-0.1691363695899752,-0.7603636098384846,-1.6172663870136195,-1.47248809223843,-0.6573557516596249,-2.7549602940801665,-0.6586609615550696,0.2612756515564028,-1.5432405772275863,0.636964429565302,-2.3823170461815493,0.1878769653456834,0.03720981813618275,-0.9315539024451527,0.1891521188224607
-0.4418481621796351,-0.772690096117602,-1.0325642950879461,-1.0954525648629134,-0.7277270266115022,-1.2205183351679885,-0.21704962365071198,-1.2195436284662389,-0.9169243685275408,-1.176081952402389,-0.7371392285967618,-0.8154976202092888,-0.16681358631133478,-1.0457585463277157,-0.68684583950212,-0.5749125701772364,-0.8063294971511259,-0.7459510474950426,-0.5595563423779042,-0.9704588731946104,-0.7336654145076352,-1.0542301810960748,-1.4933776185542582,0.24217720801163675,0.5117806898144052,-1.2486216290643724,0.23217139197461073,-0.13628937120351114,-0.5092580198071123,-1.8984023270617463,-0.5959555110388034,-1.1019708224853506,-0.697890545887881,-0.39409197494891746,-1.311784936004684,0.49391530477038875,-1.424798933620353,-1.0776961234823,-0.8928348717736659,-0.23159478518272997,-0.28258545559882514,-0.9240439026742719,-2.0033064327128907,-0.5874196177749199,-0.29539970080131134,-1.5113791431969636,-0.3434181983734998,-0.1443358174586184,-0.8797480523442428,-1.6837823409547417,-1.4595919125335015,-0.5158902389700766,-2.7549602940801665,-0.6966654368690497,0.23456894698463804,-1.5718557264791222,0.6788799280751129,-2.514308585680872,0.2661358197872497,0.07220190839488741,-0.9315539024451527,0.2937110601635117
-0.37798442396611215,-0.811268167388827,-1.107861594076024,-1.0560532790118233,-0.699971691614501,-1.2205183351679885,-0.43741038302837393,-1.1917858777537889,-0.892406692488789,-1.2379022940028275,-0.8254892977293395,-0.8353448484429845,-0.1793825091200012,-0.9789115415858951,-0.6654379350537949,-0.6550402473121019,-0.8063294971511259,-0.7957022724060959,-0.5595563423779042,-0.9704588731946104,-0.7003895515466259,-1.0324698360892728,-1.8378578501876761,0.28723683418990953,0.423382589848573,-1.4446710843951607,0.33081356007657664,-0.19418025903320382,-0.44837356517214916,-1.9459852803501851,-0.7833822793138303,-1.0685757314993094,0.08675742682124903,-0.4554795607939779,-1.3385508049618309,0.49391530477038875,-1.424798933620353,-1.1250461701939531,-0.8317450737424886,-0.14710298588545234,-0.28258545559882514,-0.8869745208888621,-1.8229278970804574,-0.5418559575840648,-0.27046164858611177,-1.618796264158721,-0.3434181983734998,-0.21873747385268874,-0.7603636098384846,-1.7726520171219788,-1.47248809223843,-0.6573557516596249,-2.6253121775693407,-0.6586609615550696,0.2612756515564028,-1.5146254279760505,0.6788799280751129,-2.250325506682227,0.2661358197872497,0.10719399865359207,-0.9315539024451527,0.3634170210575446
-0.4099162930728795,-0.7919791317532109,-1.0525411295133553,-1.0560532790118233,-0.7705165013985403,-1.0759931891600563,-0.601556662972969,-1.1917858777537889,-0.968002860274945,-1.176081952402389,-0.7657933050721979,-0.8154976202092888,-0.06416738337387858,-0.9468249793098298,-0.708253743950453,-0.7470787953724165,-0.7859962477343331,-0.7957022724060959,-0.5595563423779042,-0.9704588731946104,-0.7336654145076352,-1.0759905261028686,-1.7517377922793216,0.28723683418990953,0.2690022680268537,-1.4838488625284223,0.2814924760255937,-0.19418025903320382,-0.4179313378546676,-1.8040101270424052,-0.6495060162602396,-1.0518781860062887,-0.2883753054109035,-0.2723149753863595,-1.3385508049618309,0.469284340179283,-1.3865414747214126,-1.0184115363084885,-1.0150144678360205,-0.11893905278635979,-0.21377668709778977,-1.480388476847104,-1.8229278970804574,-0.5874196177749199,-0.29539970080131134,-1.5113791431969636,-0.23193706799541286,-0.3677440698550211,-0.8399532381756567,-1.6394383716606602,-1.47248809223843,-0.5723838315989632,-2.538880099895457,-0.6586609615550696,0.23456894698463804,-1.5146254279760505,0.636964429565302,-2.0520677229670556,0.1878769653456834,0.14218608891229673,-0.8948395227690267,0.32856404061052813
-0.4099162930728795,-0.7534010604819931,-1.0325642950879461,-1.1151522077884584,-0.7416046941100003,-1.1736453148410826,-0.655522563228718,-1.2195436284662389,-0.9169243685275408,-1.1190170216943018,-0.7084851521213363,-0.8154976202092888,0.3579389409505455,-1.0109981038619722,-0.68684583950212,-0.8131299886862913,-0.8486904334361222,-0.7957022724060959,-0.2829424318131094,-0.9125195911412739,-0.7336654145076352,-1.0324698360892728,-1.6656177343709673,0.28723683418990953,0.31311093140448765,-1.4446710843951607,0.2814924760255937,-0.13628937120351114,-0.3722679968784453,-1.8512062270520757,-0.8369327845352672,-1.1019708224853506,-0.2542723297534351,-0.5163680605752569,-1.285019067047537,0.5185462693614944,-1.3865414747214126,-1.042086559664315,-0.8928348717736659,-0.17526691898454488,-0.3169898398493428,-1.5919004695950176,-1.7869112336644888,-0.7241105983474851,-0.29539970080131134,-1.3183447752493211,-0.23193706799541286,-0.21873747385268874,-0.8001584240070707,-1.5950944023665787,-1.4209033734187158,-0.5723838315989632,-2.3227999057107476,-0.6586609615550696,0.18115553784110722,-1.4571605790692777,0.595048931055491,-1.9530740683425636,0.30526524700803287,0.14218608891229673,-0.8948395227690267,0.5028289428456104
-0.34339156576712104,-0.7919791317532109,-1.0325642950879461,-1.0757529219373683,-0.7138493591129991,-1.1228662094869621,-0.7117370426617949,-1.1917858777537889,-0.9925205363137058,-1.2379022940028275,-0.6511769991704749,-0.8353448484429845,0.3066158394818174,-1.0778451086037808,-0.5780223252231221,-0.8001363113130715,-0.8063294971511259,-0.7459510474950426,-0.18159681802859057,-0.8545803090879375,-0.7003895515466259,-1.0759905261028686,-1.5794976764626127,0.24217720801163675,0.31311093140448765,-1.3859044171952684,0.33081356007657664,-0.0783984833738185,-0.21993209706432645,-1.8512062270520757,-0.7833822793138303,-1.0184830950202473,-0.2542723297534351,-0.39409197494891746,-1.2314873291332429,0.4198205178446859,-1.3865414747214126,-1.0776961234823,-0.8928348717736659,-0.7108433516886002,-0.28258545559882514,-1.1096946589930037,-1.5708112531686769,-0.5418559575840648,-0.32054216328057017,-1.3612413014599083,-0.27652952014664767,-0.1443358174586184,-0.8797480523442428,-1.5507504330724973,-1.408007193713787,-0.5158902389700766,-2.192797559373389,-0.6586609615550696,0.3146890606999324,-1.4860102787245149,0.6788799280751129,-1.6558226300029004,0.3443946742288178,0.1771781791710014,-0.8581251430929008,0.46797596239859396
-0.08527562382081755,-0.772690096117602,-0.995683985379498,-1.036353636086271,-0.7416046941100003,-1.0759931891600563,-0.7117370426617949,-1.1917858777537889,-0.9925205363137058,-1.1190170216943018,-0.6798310756459109,-0.7939964562894483,0.14007761226697135,-0.9789115415858951,-0.6208381341197803,-0.8001363113130715,-0.7859962477343331,-0.7459510474950426,-0.3997879629999618,-0.8545803090879375,-0.7336654145076352,-1.0088961289985754,-1.6656177343709673,0.28723683418990953,0.15854983637220502,-1.4446710843951607,0.33081356007657664,0.037857807759581176,-0.17426875608810413,-1.8040101270424052,-0.7298317740923941,-1.0685757314993094,-0.2542723297534351,-0.39409197494891746,-1.1242044609361528,0.5185462693614944,-1.4630563925192934,-1.2079087519393463,-0.8317450737424886,-0.34448136948974867,-0.21377668709778977,-1.1096946589930037,-1.6788612434165828,-0.4507286372023546,-0.27046164858611177,-1.3397930383546148,-0.27652952014664767,-0.09473471319590482,-0.8797480523442428,-1.5064064637784158,-1.408007193713787,-0.45939664634118993,-2.0631494428625636,-0.5826520109271093,0.2612756515564028,-1.4571605790692777,0.636964429565302,-1.589826860253239,0.22700639256646654,0.1771781791710014,-0.8581251430929008,0.4331229819515775
0.7928507766150544,-0.772690096117602,-1.0325642950879461,-1.0560532790118233,-0.7416046941100003,-1.029120168833168,-0.7387199927896795,-1.1617149811486294,-0.9414420445663017,-1.1190170216943018,-0.7657933050721979,-0.8353448484429845,0.0898019210323011,-1.0109981038619722,-0.6654379350537949,-0.8131299886862913,-0.7859962477343331,-0.6464485976729176,-0.5595563423779042,-0.7338734714767875,-0.6310648370445426,-1.0324698360892728,-1.6943244203404186,0.4678446801011835,0.29105659971567066,-1.4446710843951607,0.47877681222952556,0.1536395834189665,-0.28081655169928954,-1.7096179270230638,-0.5691802584280853,-1.0518781860062887,0.05265445116378061,-0.21142647560508052,-1.097438591979006,0.5431772339526001,-1.3482840158224723,-1.196071240261433,-0.7090647416306979,-0.17526691898454488,-0.48929376425152593,-1.220902804349235,-1.3904327175362434,-0.4507286372023546,-0.4202943721413685,-1.3397930383546148,-0.25423329407103024,-0.1443358174586184,-0.6807739815013125,-1.572922417719538,-1.3821091279129056,-0.54413703528452,-2.0631494428625636,-0.5063315482064111,0.23456894698463804,-1.4285454298177418,0.55313343254568,-1.5568289753784084,0.2661358197872497,0.21217026942970604,-0.7846963837406489,0.4331229819515775
0.598598572882262,-0.7534010604819931,-1.0525411295133553,-1.0757529219373683,-0.7416046941100003,-1.0759931891600563,-0.8489003724785055,-1.2195436284662389,-0.9169243685275408,-1.1190170216943018,-0.7084851521213363,-0.8353448484429845,0.1023708438409675,-1.0457585463277157,-0.6654379350537949,-0.7871426339398516,-0.7656629983175403,-0.7459510474950426,-0.6620942575010617,-0.9125195911412739,-0.6310648370445426,-1.0088961289985754,-1.6943244203404186,0.37772542774463796,0.37927392647093905,-1.4838488625284223,0.2814924760255937,0.09574869558927383,-0.40271022419592684,-1.6624218270133932,-0.5959555110388034,-1.0518781860062887,-0.45916971628560216,-0.2723149753863595,-1.311784936004684,0.49391530477038875,-1.2331980533969709,-1.1723962169056061,-0.7701545396618751,-0.17526691898454488,-0.24818107134830744,-1.5548310878096079,-1.426449380952212,-0.5418559575840648,-0.39535631992616893,-1.48993088009167,-0.27652952014664767,-0.1691363695899752,-0.7603636098384846,-1.3288488490230155,-1.3692129482079771,-0.43114985002674666,-1.7174211321670283,-0.5446475356131292,0.34161467268621887,-1.37131513131467,0.595048931055491,-1.6558226300029004,0.22700639256646654,0.1771781791710014,-0.7112676243883953,0.5028289428456104
0.3697535109504903,-0.7534010604819931,-1.0325642950879461,-1.0954525648629134,-0.7277270266115022,-1.029120168833168,-0.8219174223506309,-1.247301379178699,-0.9414420445663017,-1.176081952402389,-0.6798310756459109,-0.8750393049103832,0.1023708438409675,-1.0109981038619722,-0.708253743950453,-0.8131299886862913,-0.8283571840193219,-0.6464485976729176,-0.5893638758439379,-0.9125195911412739,-0.7003895515466259,-1.0542301810960748,-1.5507909904931612,0.28723683418990953,0.31311093140448765,-1.18985496186448,0.2814924760255937,-0.0783984833738185,-0.6311516923037496,-1.6624218270133932,-0.6227307636495215,-1.0518781860062887,-0.08375745146609304,-0.21142647560508052,-1.285019067047537,0.4198205178446859,-1.2717690980245915,-1.1605587052276929,-0.8928348717736659,-0.20343085208363743,-0.3513942240998605,-1.7401779967366573,-1.6068279165846455,-0.4962922973932097,-0.27046164858611177,-1.382689564565202,-0.25423329407103024,-0.5909490390372322,-0.7603636098384846,-1.2623328950818933,-1.3434205887981199,-0.48764344265563325,-1.7174211321670283,-0.5446475356131292,0.2612756515564028,-1.37131513131467,0.636964429565302,-1.589826860253239,0.30526524700803287,0.24716235968841072,-0.7846963837406489,0.5028289428456104
0.5001419764697599,-0.772690096117602,-1.0525411295133553,-1.1151522077884584,-0.7277270266115022,-0.9822471485062794,-0.19006667352283746,-1.247301379178699,-0.8678890164500372,-1.1190170216943018,-0.7657933050721979,-0.8353448484429845,-0.06416738337387858,-0.9789115415858951,-0.6654379350537949,-0.8261236660595112,-0.869023682852915,-0.7459510474950426,-0.5452487263142093,-0.7338734714767875,-0.6643407000055519,-0.9871357839917814,-1.5507909904931612,0.37772542774463796,0.2690022680268537,-1.1506771837312186,0.18285030792362778,0.21153047124865915,-0.31125877901677107,-1.7096179270230638,-0.9174780116511162,-1.0017855495272265,-0.6296845945729442,-0.39409197494891746,-1.3385508049618309,0.2966656948891568,-1.2717690980245915,-1.2316808040794176,-0.6479749435995206,-0.20343085208363743,-0.17937230284727207,-1.7031086149512473,-1.6068279165846455,-0.5418559575840648,-0.39535631992616893,-1.4041378276704957,-0.25423329407103024,-0.1691363695899752,-0.7603636098384846,-1.1736449564937304,-1.3563167685030486,-0.5158902389700766,-1.8038532098409121,-0.46832707289243103,0.2612756515564028,-1.3426999820631345,0.55313343254568,-1.4578353207539163,0.30526524700803287,0.21217026942970604,-0.6008235478216899,0.5376819232926269
0.20743317632446523,-0.7534010604819931,-1.0141241402337255,-1.0560532790118233,-0.7416046941100003,-1.029120168833168,-0.27101552390646105,-1.2195436284662389,-0.9169243685275408,-1.0619520909862148,-0.7657933050721979,-0.8551920766766802,-0.2307056105887293,-1.0109981038619722,-0.6654379350537949,-0.8391173434327358,-0.8283571840193219,-0.696199822583971,-0.7050171056921517,-0.7338734714767875,-0.7336654145076352,-1.0324698360892728,-1.5220843045237098,0.3322964603681823,0.5117806898144052,-0.895861061200538,0.23217139197461073,-0.020033080070111488,-0.1894898697468449,-1.7096179270230638,-0.6762812688709577,-1.0017855495272265,-0.2201693540959667,-0.21142647560508052,-1.4456142807904189,0.4198205178446859,-1.3100265569235319,-1.3855684558922905,-0.6479749435995206,-0.20343085208363743,-0.21377668709778977,-1.814316760307477,-1.3904327175362434,-0.4507286372023546,-0.14577138751011384,-1.3612413014599083,-0.27652952014664767,-0.19393692172133198,-0.7205687956698985,-1.2179889257878118,-1.3692129482079771,-0.40290305371230334,-1.7174211321670283,-0.5063315482064111,0.23456894698463804,-1.37131513131467,0.7627109250947349,-1.4248374358790858,0.383524101449601,0.28244127035907224,-0.5273947884694381,0.46797596239859396
0.27129691453798815,-0.674637498303246,-1.0325642950879461,-1.036353636086271,-0.7138493591129991,-0.8845950228252532,-0.7926858930454286,-1.2195436284662389,-0.968002860274945,-0.9478222295700192,-0.7371392285967618,-0.8353448484429845,-0.2945976348661238,-0.9789115415858951,-0.6654379350537949,-0.8391173434327358,-0.869023682852915,-0.6464485976729176,-0.7920551034129757,-0.8545803090879375,-0.6310648370445426,-1.0088961289985754,-1.5794976764626127,0.37772542774463796,0.2469479363380367,-0.9938055065336918,0.23217139197461073,0.09574869558927383,-0.38748911053718604,-1.6624218270133932,-0.5691802584280853,-0.9683904585411842,-0.08375745146609304,-0.3332034751676385,-1.418848411833272,0.3212966594802625,-1.3865414747214126,-1.492203089777755,-0.7090647416306979,-0.3726453025888412,-0.1449679185967544,-1.814316760307477,-1.6068279165846455,-0.5418559575840648,-0.12083333529491426,-1.18947939118227,-0.18716185989273842,-0.24353802598404553,-0.6807739815013125,-1.3288488490230155,-1.3434205887981199,-0.48764344265563325,-1.58741878582967,-0.46832707289243103,0.20786224241287202,-1.3140848328115986,0.7207954265849239,-1.3258437812545938,0.3443946742288178,0.31743336061777694,-0.5273947884694381,0.5376819232926269
0.07704471080520753,-0.693926533938855,-1.0141241402337255,-1.0954525648629134,-0.7554823616084982,-0.8377220024983473,-0.3542129534674225,-1.247301379178699,-0.968002860274945,-1.1190170216943018,-0.7084851521213363,-0.8353448484429845,-0.3584896591435183,-0.9468249793098298,-0.6440300306054698,-0.8261236660595112,-0.869023682852915,-0.6464485976729176,-0.865977786408738,-0.7918127535301455,-0.7003895515466259,-1.0542301810960748,-1.5220843045237098,0.28723683418990953,0.2690022680268537,-1.0133943956003226,0.33081356007657664,-0.020033080070111488,-0.44837356517214916,-1.7096179270230638,-0.6227307636495215,-1.0518781860062887,0.15524291072354243,-0.2723149753863595,-1.3385508049618309,0.469284340179283,-1.3482840158224723,-1.5158781131335815,-0.8317450737424886,-0.14710298588545234,-0.21377668709778977,-1.814316760307477,-1.7148779068325515,-0.4507286372023546,-0.07095723086451508,-0.974996760129334,-0.23193706799541286,0.029268047460879115,-0.6409791673327264,-1.373192818317097,-1.2918358699784054,-0.3464094610834167,-1.3281225528080185,-0.5063315482064111,0.20786224241287202,-1.2854696835600627,0.636964429565302,-1.2598480115049324,0.383524101449601,0.28244127035907224,-0.4906804087933121,0.5376819232926269
-0.24759595844685442,-0.693926533938855,-0.9572669960998682,-1.0757529219373683,-0.7705165013985403,-0.9822471485062794,-0.32723000333954794,-1.247301379178699,-0.9169243685275408,-1.176081952402389,-0.7084851521213363,-0.8551920766766802,-0.3836275047608511,-0.9147384170337646,-0.708253743950453,-0.8391173434327358,-0.8893569322697078,-0.5925514373526007,-0.9089006345998281,-0.8545803090879375,-0.6310648370445426,-0.9436150939781935,-1.4933776185542582,0.3322964603681823,0.2690022680268537,-1.0133943956003226,0.2814924760255937,0.21153047124865915,-0.4635946788308899,-1.5208335269843813,-0.5424050058173672,-1.0685757314993094,-0.2201693540959667,-0.15053797582380155,-1.3385508049618309,0.6170701277259178,-1.2717690980245915,-1.444853043066102,-0.7701545396618751,-0.20343085208363743,-0.17937230284727207,-1.777247378522067,-1.8949612239123947,-0.31403765662978933,-0.2205855441557126,-1.146582864971683,-0.18716185989273842,0.30227740411999543,-0.6409791673327264,-1.3510208336700562,-1.3305244090931914,-0.43114985002674666,-1.3713385916449605,-0.46832707289243103,0.2612756515564028,-1.1996242358054552,0.636964429565302,-1.292845896379763,0.42265352867038414,0.3524254508764816,-0.564109168145564,0.5725349037396433
-0.5722366276989046,-0.7534010604819931,-0.995683985379498,-1.0560532790118233,-0.7416046941100003,-0.9822471485062794,-0.491376283284133,-1.1917858777537889,-0.9169243685275408,-1.1190170216943018,-0.6511769991704749,-0.8551920766766802,-0.39619642756952217,-0.8826518547576993,-0.6440300306054698,-0.8391173434327358,-0.9096901816865006,-0.5925514373526007,-0.8945930185361332,-0.6759341894234511,-0.6310648370445426,-0.9653754389849875,-2.067746638647956,0.37772542774463796,0.11444117299457057,-1.0527327383980647,0.33081356007657664,0.1536395834189665,-0.38748911053718604,-1.4736374269747108,-0.7566070267031122,-1.0017855495272265,-0.015551500151156215,-0.21142647560508052,-1.0439068540647118,0.5678081985437058,-1.2717690980245915,-1.4330155313881887,-0.5868851455683434,-0.23159478518272997,-0.11056353434623672,-1.814316760307477,-2.075339759544828,-0.4051649770114995,-0.09589528307971468,-1.1680311280769764,-0.20964084191979548,0.35187850838270956,-0.6011843531641403,-1.3510208336700562,-1.3305244090931914,-0.3464094610834167,-1.4145546304819023,-0.46832707289243103,0.2612756515564028,-1.228239385056991,0.636964429565302,-1.226850126630102,0.42265352867038414,0.42240963139389087,-0.4539660291171862,0.6073878841866598
-0.5083728894853816,-0.693926533938855,-0.995683985379498,-1.0560532790118233,-0.7138493591129991,-0.9353741281793736,-0.491376283284133,-1.1917858777537889,-0.9414420445663017,-0.9478222295700192,-0.7371392285967618,-0.8551920766766802,-0.4223816834209128,-0.9789115415858951,-0.6654379350537949,-0.8391173434327358,-0.8893569322697078,-0.5428002124415474,-0.9089006345998281,-0.7338734714767875,-0.6643407000055519,-0.9871357839917814,-1.3783155739717836,0.24217720801163675,0.2248936046492197,-1.18985496186448,0.33081356007657664,0.1536395834189665,-0.1894898697468449,-1.6152257270037227,-0.7298317740923941,-1.0184830950202473,0.08675742682124903,-0.0287609762612436,-1.1777361988504476,0.49391530477038875,-1.2717690980245915,-1.5040406014556682,-0.7090647416306979,-0.14710298588545234,-0.1449679185967544,-1.7031086149512473,-1.7508945702485201,-0.3596013168206444,-0.2205855441557126,-1.2109276542875635,-0.23193706799541286,-0.1691363695899752,-0.6011843531641403,-1.3510208336700562,-1.3305244090931914,-0.40290305371230334,-1.2849065139710767,-0.5063315482064111,0.28798235612816764,-1.228239385056991,0.636964429565302,-1.1605838824142531,0.42265352867038414,0.3874175411351862,-0.38053726976493263,0.5028289428456104
-0.4418481621796351,-0.693926533938855,-0.995683985379498,-1.0560532790118233,-0.7277270266115022,-0.9822471485062794,-0.6847540925339204,-1.247301379178699,-0.968002860274945,-1.0048871602781275,-0.7657933050721979,-0.8750393049103832,-0.4475195290382456,-0.9789115415858951,-0.5994302296714552,-0.8791811820001662,-0.9096901816865006,-0.6464485976729176,-0.923208250663523,-0.7338734714767875,-0.5284642595814623,-1.0324698360892728,-1.4644356318801388,0.42278505392291077,0.04827817792811964,-1.6211316506593183,0.2814924760255937,0.2694213590783518,-0.1894898697468449,-1.5680296269940521,-0.8101575319245484,-1.0184830950202473,-0.18606637843849827,-0.15053797582380155,-1.1242044609361528,0.2966656948891568,-1.2331980533969709,-1.4093405080323622,-0.5868851455683434,-0.2597587182818225,-0.11056353434623672,-1.6660392331658374,-1.6068279165846455,-0.3596013168206444,-0.34548021549576974,-1.1680311280769764,-0.23193706799541286,-0.1443358174586184,-0.6409791673327264,-1.2623328950818933,-1.3176282293882626,-0.43114985002674666,-1.155258397460251,-0.43032259757845087,0.28798235612816764,-1.3140848328115986,0.7207954265849239,-1.1605838824142531,0.42265352867038414,0.31743336061777694,-0.4172516494410586,0.6073878841866598
-0.7345569623249296,-0.713215569574471,-0.9572669960998682,-1.0150123562502604,-0.7416046941100003,-0.8845950228252532,-1.040029602550975,-1.247301379178699,-0.968002860274945,-1.0048871602781275,-0.7371392285967618,-0.9163876970639194,-0.4223816834209128,-1.0457585463277157,-0.6208381341197803,-0.8531938272537265,-0.869023682852915,-0.5428002124415474,-0.9387081680658618,-0.7918127535301455,-0.6310648370445426,-0.9653754389849875,-1.2921955160634293,0.37772542774463796,0.026223846239302663,-1.6211316506593183,0.33081356007657664,-0.30996203469258915,-0.23515321072306722,-1.4264413269650402,-0.8101575319245484,-1.0184830950202473,-0.45916971628560216,-0.15053797582380155,-1.285019067047537,0.469284340179283,-1.1184256767001497,-1.3500559208585508,-0.5868851455683434,-0.17526691898454488,-0.11056353434623672,-1.7031086149512473,-1.3544160541202748,-0.22253686362356354,-0.12083333529491426,-0.9104761653781637,-0.23193706799541286,-0.11953526532726161,-0.5613895389955543,-1.2401609104348525,-1.3176282293882626,-0.40290305371230334,-1.1984744362971929,-0.5063315482064111,0.23456894698463804,-1.1423939373023837,0.7207954265849239,-1.1935817672890838,0.5009123831119504,0.31743336061777694,-0.4172516494410586,0.6073878841866598
-0.8330135587374318,-0.713215569574471,-0.9772438305252773,-1.0757529219373683,-0.7277270266115022,-0.7439759618445704,-1.0670125526788494,-1.3606455279212084,-0.968002860274945,-0.9478222295700192,-0.6798310756459109,-0.8750393049103832,-0.39619642756952217,-0.9468249793098298,-0.6440300306054698,-0.8531938272537265,-0.9096901816865006,-0.4930489875304942,-0.8945930185361332,-0.7338734714767875,-0.6643407000055519,-0.9436150939781935,-1.608204362432064,0.42278505392291077,0.31311093140448765,-1.42508219532853,0.42945572817854255,0.21153047124865915,-0.23515321072306722,-1.3792452269553697,-0.8101575319245484,-1.0184830950202473,-0.11786042712356146,-0.15053797582380155,-1.2314873291332429,0.469284340179283,-1.1949405944980305,-1.4211780197102755,-0.4647055495059889,-0.3163174363906561,-0.17937230284727207,-1.7031086149512473,-1.7148779068325515,-0.4051649770114995,-0.14577138751011384,-1.2968965121440275,-0.14256940774150365,0.07907243493778433,-0.6011843531641403,-1.373192818317097,-1.2918358699784054,-0.40290305371230334,-1.112042358623309,-0.5446475356131292,0.3146890606999324,-1.1423939373023837,0.8884574206241678,-1.1605838824142531,0.5400418103327336,0.3874175411351862,-0.3438228900888067,0.6773795252482915
-0.9288091660577102,-0.7325046052100799,-0.9772438305252773,-1.0560532790118233,-0.7277270266115022,-0.8377220024983473,-1.0130466524231005,-1.2750591298911491,-0.968002860274945,-0.9478222295700192,-0.7084851521213363,-0.8750393049103832,-0.4223816834209128,-1.0109981038619722,-0.5994302296714552,-0.8661875046269463,-0.9096901816865006,-0.4930489875304942,-0.9089006345998281,-0.6759341894234511,-0.7003895515466259,-0.9653754389849875,-1.3496088880023323,0.3322964603681823,0.29105659971567066,-1.503437751595053,0.42945572817854255,0.2694213590783518,-0.250374324381808,-1.190073973637919,-0.9710285168725524,-1.0017855495272265,-0.015551500151156215,-0.21142647560508052,-1.0171409851075648,0.5185462693614944,-1.15668313559909,-1.527715624811495,-0.7090647416306979,-0.40080923568793375,-0.24818107134830744,-1.5919004695950176,-1.858944560496426,-0.4507286372023546,-0.2205855441557126,-1.3612413014599083,-0.18716185989273842,-0.06993416106454803,-0.6409791673327264,-1.284504879728934,-1.2789396902734769,-0.43114985002674666,-1.0684720899598346,-0.43032259757845087,0.3683213772579837,-1.1710090865539196,0.7627109250947349,-1.0945881126645918,0.5791712375535167,0.3874175411351862,-0.4172516494410586,0.5725349037396433
-0.9288091660577102,-0.713215569574471,-0.9388268412456475,-1.0560532790118233,-0.7277270266115022,-1.029120168833168,-1.20417588249556,-1.247301379178699,-0.9925205363137058,-1.0048871602781275,-0.7968352212539035,-0.8750393049103832,-0.4349506062295792,-1.0109981038619722,-0.6440300306054698,-0.8661875046269463,-0.869023682852915,-0.4432977626194225,-0.923208250663523,-0.6179949073701145,-0.6643407000055519,-0.9436150939781935,-1.1773687721856232,0.3322964603681823,0.37927392647093905,-1.5426155297283146,0.2814924760255937,0.09574869558927383,-0.3570468832197045,-1.5208335269843813,-0.703056521481676,-1.0518781860062887,-0.11786042712356146,-0.21142647560508052,-0.9903751161504178,0.6417010923170235,-1.041910758902269,-1.3737309442143772,-0.7090647416306979,-0.14710298588545234,-0.1449679185967544,-1.6289698513804276,-1.6068279165846455,-0.31403765662978933,-0.12083333529491426,-1.3397930383546148,-0.20964084191979548,0.22787574772592506,-0.5613895389955543,-0.8852274185031264,-1.2531473308636196,-0.3464094610834167,-0.9820400122859507,-0.43032259757845087,0.34161467268621887,-1.256854534308527,0.7207954265849239,-1.0945881126645918,0.5400418103327336,0.3874175411351862,-0.4539660291171862,0.642526544801275
-0.8968772969509547,-0.693926533938855,-0.9772438305252773,-1.0150123562502604,-0.7277270266115022,-0.8845950228252532,-1.314356262184396,-1.2195436284662389,-0.9925205363137058,-0.8860018879695808,-0.7657933050721979,-0.8750393049103832,-0.4098127606122464,-0.9468249793098298,-0.6654379350537949,-0.8531938272537265,-0.952051117971497,-0.4432977626194225,-0.923208250663523,-0.560055625316778,-0.5977889740835456,-0.9436150939781935,-1.2060754581550748,0.4678446801011835,0.37927392647093905,-1.503437751595053,0.42945572817854255,0.3273122469080445,-0.14382652877062257,-1.3792452269553697,-0.4618597787015181,-0.9683904585411842,-0.2201693540959667,-0.3332034751676385,-1.2047214601760958,0.5185462693614944,-1.15668313559909,-1.3263808975027243,-0.4647055495059889,-0.17526691898454488,-0.07615915009571904,-1.7031086149512473,-1.426449380952212,-0.3596013168206444,-0.195647491940513,-1.3183447752493211,-0.20964084191979548,-0.09473471319590482,-0.5613895389955543,-0.9960873417383301,-1.2789396902734769,-0.45939664634118993,-1.0252560511228925,-0.3923181222644707,0.3683213772579837,-1.1137787880508478,0.7207954265849239,-1.061590227789761,0.5400418103327336,0.3524254508764816,-0.38053726976493263,0.7122325056953079
-0.9288091660577102,-0.7325046052100799,-0.9388268412456475,-1.036353636086271,-0.7416046941100003,-0.9822471485062794,-1.3435877914895984,-1.247301379178699,-0.968002860274945,-0.8860018879695808,-0.7371392285967618,-0.9163876970639194,-0.4223816834209128,-1.0109981038619722,-0.6208381341197803,-0.8531938272537265,-0.8893569322697078,-0.4432977626194225,-0.9530157841295567,-0.7338734714767875,-0.6310648370445426,-0.9436150939781935,-1.2634888300939777,0.37772542774463796,0.11444117299457057,-1.3271377499953763,0.42945572817854255,0.21153047124865915,-0.31125877901677107,-1.332049126945699,-0.6762812688709577,-1.0184830950202473,-0.08375745146609304,-0.08964947604252257,-1.1777361988504476,0.5185462693614944,-1.1184256767001497,-1.4803655780998417,-0.4647055495059889,-0.17526691898454488,-0.17937230284727207,-1.6289698513804276,-1.3183993907043061,-0.31403765662978933,-0.195647491940513,-1.2968965121440275,-0.16486563381712102,0.07907243493778433,-0.44200509648979613,-1.084775280326493,-1.2531473308636196,-0.3464094610834167,-0.8091758569381832,-0.5063315482064111,0.39502808182974847,-1.1423939373023837,0.7627109250947349,-1.061590227789761,0.42265352867038414,0.3874175411351862,-0.27039413073655477,0.642526544801275
-0.9288091660577102,-0.7325046052100799,-0.9772438305252773,-1.036353636086271,-0.7416046941100003,-0.9353741281793736,-1.260390361928637,-1.2195436284662389,-0.968002860274945,-0.8289369572614936,-0.7084851521213363,-0.9163876970639194,-0.4098127606122464,-0.9789115415858951,-0.6208381341197803,-0.8391173434327358,-0.9317178685546966,-0.389400602299124,-0.9816310162569518,-0.560055625316778,-0.5977889740835456,-0.9436150939781935,-1.1486620862161716,0.4678446801011835,0.31311093140448765,-1.268210518131003,0.2814924760255937,0.21153047124865915,-0.17426875608810413,-1.2848530269360283,-0.5424050058173672,-1.0017855495272265,-0.32247828106837195,0.032127523520035374,-1.1777361988504476,0.6663320569081292,-1.041910758902269,-1.5632281598452347,-0.5257953475371662,-0.17526691898454488,-0.11056353434623672,-1.6660392331658374,-1.3904327175362434,-0.31403765662978933,-0.27046164858611177,-0.9964450232346276,-0.16486563381712102,0.25267629985728185,-0.5613895389955543,-1.1069472649735337,-1.2531473308636196,-0.31816266476897337,-0.8091758569381832,-0.5063315482064111,0.4217347864015133,-1.1137787880508478,0.8046264236045458,-1.0945881126645918,0.4617829558911673,0.28244127035907224,-0.3071085104126807,0.7122325056953079
-0.9607410351644659,-0.7534010604819931,-0.9572669960998682,-0.9953127133247154,-0.7138493591129991,-0.8377220024983473,-1.314356262184396,-1.2195436284662389,-0.968002860274945,-0.9478222295700192,-0.7371392285967618,-0.9163876970639194,-0.4475195290382456,-1.0109981038619722,-0.6208381341197803,-0.8531938272537265,-0.8893569322697078,-0.389400602299124,-0.9959386323206467,-0.6179949073701145,-0.6643407000055519,-0.898281041880694,-1.2347821441245261,0.5129043062794563,0.2690022680268537,-1.4446710843951607,0.5280978962805085,0.2694213590783518,-0.21993209706432645,-1.2848530269360283,-0.5691802584280853,-1.0017855495272265,-0.32247828106837195,-0.08964947604252257,-1.2047214601760958,0.5678081985437058,-1.1184256767001497,-1.5988377236632196,-0.4036157514748117,-0.20343085208363743,-0.38608061149997286,-1.5548310878096079,-1.3904327175362434,-0.6785469381566301,-0.195647491940513,-0.8461313760622828,-0.18716185989273842,0.20307519559456827,-0.5215947248269682,-1.2401609104348525,-1.2531473308636196,-0.2616690721400867,-0.852391895775125,-0.43032259757845087,0.39502808182974847,-1.085163638799312,0.7207954265849239,-1.061590227789761,0.3443946742288178,0.3524254508764816,-0.3071085104126807,0.7122325056953079
-0.9953338933634569,-0.7534010604819931,-0.9572669960998682,-0.9953127133247154,-0.699971691614501,-0.8845950228252532,-1.3435877914895984,-1.1917858777537889,-0.9925205363137058,-0.7718720265534065,-0.7371392285967618,-0.8965404688302238,-0.4475195290382456,-0.9468249793098298,-0.5994302296714552,-0.8391173434327358,-0.8486904334361222,-0.3396493773880523,-1.0400537818503806,-0.560055625316778,-0.7003895515466259,-0.9218547489713915,-1.3209022020328807,0.4678446801011835,0.31311093140448765,-1.3663155281286377,0.42945572817854255,0.2694213590783518,-0.21993209706432645,-1.2372700736475897,-0.6227307636495215,-1.0184830950202473,-0.527375667600539,0.032127523520035374,-1.070672723021859,0.6417010923170235,-1.0801682178012093,-1.361893432536464,-0.5868851455683434,-0.11893905278635979,-0.07615915009571904,-1.6289698513804276,-1.3904327175362434,-0.6785469381566301,-0.27046164858611177,-0.974996760129334,-0.18716185989273842,-0.045133608933191245,-0.4018840953198279,-1.2401609104348525,-1.2531473308636196,-0.20494394839386837,-0.6795277404273574,-0.43032259757845087,0.34161467268621887,-1.1137787880508478,0.7627109250947349,-1.061590227789761,0.6574300919950831,0.3874175411351862,-0.3071085104126807,0.7122325056953079
-0.9953338933634569,-0.713215569574471,-0.9772438305252773,-0.9953127133247154,-0.7138493591129991,-1.029120168833168,-1.314356262184396,-1.247301379178699,-0.9925205363137058,-1.0048871602781275,-0.7968352212539035,-0.8965404688302238,-0.3323044032921277,-1.0109981038619722,-0.6440300306054698,-0.8531938272537265,-0.8893569322697078,-0.389400602299124,-1.0543613979140756,-0.49728806975898604,-0.6310648370445426,-0.898281041880694,-1.3496088880023323,0.557963932457729,0.35721959478212206,-1.4054933062618993,0.47877681222952556,0.21153047124865915,-0.20471098340558566,-1.332049126945699,-0.3815340208693637,-0.9683904585411842,-0.49327269194307055,-0.21142647560508052,-0.9368433782361238,0.5185462693614944,-1.0036533000033285,-1.2908683624689845,-0.5257953475371662,-0.14710298588545234,-0.007350381594683673,-1.5548310878096079,-1.1743327370404315,-0.17697320343270842,-0.27046164858611177,-1.0393415494452147,-0.20964084191979548,-0.11953526532726161,-0.5613895389955543,-1.1514729718466896,-1.2531473308636196,-0.2616690721400867,-0.5930956627534717,-0.43032259757845087,0.34161467268621887,-1.0276987898925392,0.595048931055491,-1.0285923429149306,1.0490450972129215,0.3524254508764816,-0.3438228900888067,0.7122325056953079
-0.9607410351644659,-0.693926533938855,-0.9203866863914268,-0.9953127133247154,-0.7138493591129991,-0.9353741281793736,-1.3975536917453475,-1.1917858777537889,-0.968002860274945,-0.8860018879695808,-0.7084851521213363,-0.8750393049103832,0.166262868118362,-0.9789115415858951,-0.6654379350537949,-0.8531938272537265,-0.8486904334361222,-0.389400602299124,-1.098476547443804,-0.49728806975898604,-0.6643407000055519,-0.9871357839917814,-1.608204362432064,0.5129043062794563,0.4895455849150239,-1.3271377499953763,0.47877681222952556,0.09574869558927383,-0.021932856273985293,-1.332049126945699,-0.515629753206649,-0.9850880040342057,-0.18606637843849827,-0.0287609762612436,-0.9903751161504178,0.37055858866247443,-1.041910758902269,-1.3855684558922905,-0.4036157514748117,-0.09077511968726724,-0.11056353434623672,-1.4062497132762843,-1.1743327370404315,-0.17697320343270842,-0.29539970080131134,-0.9964450232346276,-0.20964084191979548,0.10387298706914112,-0.36208928115124184,-1.195816941140771,-1.1885607259479525,-0.2331907447083117,-0.6795277404273574,-0.3923181222644707,0.34161467268621887,-1.0563139391440748,0.6788799280751129,-0.9955944580400999,0.4617829558911673,0.28244127035907224,-0.27039413073655477,0.7470854861423244
-1.0272657624702124,-0.693926533938855,-0.9572669960998682,-1.036353636086271,-0.7416046941100003,-1.029120168833168,-1.3705707416174728,-1.1917858777537889,-0.968002860274945,-0.7148070958453192,-0.7371392285967618,-0.8965404688302238,0.2427238152044229,-1.0109981038619722,-0.6440300306054698,-0.892174859373386,-0.869023682852915,-0.4930489875304942,-1.0686690139777704,-0.560055625316778,-0.7003895515466259,-0.9218547489713915,-1.4070222599412352,0.37772542774463796,0.40132825815975604,-1.5426155297283146,0.47877681222952556,0.1536395834189665,-0.31125877901677107,-1.1428778736282483,-0.515629753206649,-1.0184830950202473,-0.5955816189154758,0.032127523520035374,-0.9368433782361238,0.5924391631348122,-1.1184256767001497,-1.3855684558922905,-0.4036157514748117,-0.14710298588545234,-0.11056353434623672,-1.480388476847104,-1.2463660638723688,-0.13140954324185333,-0.09589528307971468,-0.8675796391675765,-0.16486563381712102,-0.8391578435649922,-0.44200509648979613,-1.195816941140771,-1.2402511511586911,-0.20494394839386837,-0.6363117015904136,-0.46832707289243103,0.4751481955450441,-1.0563139391440748,0.8046264236045458,-1.0285923429149306,-0.5953530450899933,0.31743336061777694,-0.23367975106042885,0.6773795252482915
-1.0272657624702124,-0.7325046052100799,-0.9388268412456475,-0.9756130703991704,-0.7277270266115022,-1.029120168833168,-1.3435877914895984,-1.1917858777537889,-0.968002860274945,-0.7718720265534065,-0.7371392285967618,-0.8965404688302238,0.1023708438409675,-1.0109981038619722,-0.5566144207747971,-0.8391173434327358,-0.9317178685546966,-0.4432977626194225,-1.0841689313801093,-0.4393487877056281,-0.5977889740835456,-0.9218547489713915,-1.5220843045237098,0.42278505392291077,0.46749125322620694,-1.4054933062618993,0.47877681222952556,0.21153047124865915,-0.3722679968784453,-1.1428778736282483,-0.5691802584280853,-0.9349953675551428,-0.42506674062813377,0.032127523520035374,-0.9100775092789768,0.789688773016044,-1.1184256767001497,-1.3027058741468978,-0.4647055495059889,-0.11893905278635979,-0.04175476584520135,-1.3321109497054646,-1.0662827467925258,-0.13140954324185333,-0.07095723086451508,-0.9321002339187467,-0.20964084191979548,-0.09473471319590482,-0.4018840953198279,-1.2623328950818933,-1.201456905652881,-0.2616690721400867,-0.6795277404273574,-0.3543136469504906,0.44844149097327807,-0.9990836406410032,0.7627109250947349,-0.9295986882904386,-1.7307479005127184,0.3524254508764816,-0.27039413073655477,0.7470854861423244
-0.6041684968056601,-0.7534010604819931,-0.9388268412456475,-0.9953127133247154,-0.7277270266115022,-1.0759931891600563,-1.3435877914895984,-1.1339572304361794,-0.968002860274945,-0.7148070958453192,-0.7371392285967618,-0.8750393049103832,0.05104774237223939,-1.0457585463277157,-0.5994302296714552,-0.8391173434327358,-0.8283571840193219,-0.289898152476999,-1.098476547443804,-0.49728806975898604,-0.6310648370445426,-0.9436150939781935,-1.4070222599412352,0.37772542774463796,0.35721959478212206,-1.3075488609287453,0.42945572817854255,0.21153047124865915,-0.23515321072306722,-1.0956817736185778,-0.4350845260908,-0.9516929130481635,0.12113993506607401,0.09301602330131435,-1.097438591979006,0.5431772339526001,-1.041910758902269,-1.3027058741468978,-0.4647055495059889,-0.09077511968726724,-0.007350381594683673,-1.257972186134645,-1.0662827467925258,-0.17697320343270842,0.0038569257810836715,-0.9535484970240403,-0.25423329407103024,-0.02033305680183446,-0.3222944669826558,-1.3066768643759747,-1.2144587917488339,-0.3464094610834167,-0.5498796239165298,-0.3923181222644707,0.44844149097327807,-1.0563139391440748,0.7207954265849239,-0.8306050336659466,-2.043783318278984,0.31743336061777694,-0.3071085104126807,0.7819384665893409
0.07704471080520753,-0.7534010604819931,-0.9572669960998682,-0.9953127133247154,-0.7277270266115022,-1.0759931891600563,-1.3705707416174728,-1.050683978298819,-0.968002860274945,-0.8289369572614936,-0.7657933050721979,-0.8750393049103832,0.03847881956357299,-1.0109981038619722,-0.6208381341197803,-0.8531938272537265,-0.8283571840193219,-0.24014692756594577,-1.1413993956348942,-0.4393487877056281,-0.5977889740835456,-0.898281041880694,-1.2921955160634293,0.42278505392291077,0.44543692153739,-1.209443850931111,0.42945572817854255,0.3273122469080445,-0.2960376653580303,-1.190073973637919,-0.4888545005959309,-0.9516929130481635,0.08675742682124903,0.032127523520035374,-1.097438591979006,0.7402249506814463,-1.0036533000033285,-1.4093405080323622,-0.34252595344363446,-0.11893905278635979,0.02705400265583401,-1.2950415679200546,-1.1022994102084944,-0.08584588305099823,-0.12083333529491426,-1.082238075655802,-0.18716185989273842,0.1286735392004979,-0.5613895389955543,-1.2401609104348525,-1.1885607259479525,-0.2331907447083117,-0.5066635850795879,-0.3543136469504906,0.4217347864015133,-0.9990836406410032,0.7627109250947349,-0.8636029185407773,-2.004653891058201,0.3524254508764816,-0.3071085104126807,0.7122325056953079
-0.6706932241114067,-0.674637498303246,-0.9203866863914268,-1.036353636086271,-0.7277270266115022,-1.0759931891600563,-0.8489003724785055,-1.0784417290112691,-0.9414420445663017,-0.7718720265534065,-0.7657933050721979,-0.8353448484429845,0.024862486520848732,-1.0109981038619722,-0.5994302296714552,-0.8531938272537265,-0.8283571840193219,-0.289898152476999,-1.1413993956348942,-0.49728806975898604,-0.5977889740835456,-0.9218547489713915,-1.3209022020328807,0.42278505392291077,0.11444117299457057,-1.2486216290643724,0.47877681222952556,0.21153047124865915,-0.40271022419592684,-1.190073973637919,-0.6495060162602396,-0.9182978220621221,-0.11786042712356146,0.09301602330131435,-0.9636092471932708,0.6663320569081292,-0.9271383822054478,-1.3974059675702037,-0.5868851455683434,-0.4289731687870263,0.06145838690635169,-1.3691803314908744,-1.1743327370404315,-0.08584588305099823,-0.17070943972531344,-0.974996760129334,-0.16486563381712102,0.17827464346321148,-0.36208928115124184,-1.2179889257878118,-1.1498721868331667,-0.2331907447083117,-0.4630933164161153,-0.3543136469504906,0.34161467268621887,-0.9704684913894674,0.8046264236045458,-0.8636029185407773,-1.613359618850369,0.3874175411351862,-0.1969653713843029,0.7122325056953079
-0.8649454278441874,-0.693926533938855,-0.9203866863914268,-1.0150123562502604,-0.7416046941100003,-0.8377220024983473,-0.7117370426617949,-1.1061994797237293,-0.892406692488789,-0.8860018879695808,-0.7371392285967618,-0.8551920766766802,-0.039029537756545774,-0.9789115415858951,-0.6208381341197803,-0.8661875046269463,-0.8893569322697078,-0.24014692756594577,-1.156899313037233,-0.6179949073701145,-0.6643407000055519,-0.9218547489713915,-1.3496088880023323,0.4678446801011835,0.5338350215032222,-1.1702660727978493,0.3801346441275596,0.21153047124865915,-0.17426875608810413,-1.1428778736282483,-0.4618597787015181,-0.9683904585411842,0.08675742682124903,-0.0287609762612436,-0.9368433782361238,0.7402249506814463,-0.9653958411043881,-1.2435183157573308,-0.4647055495059889,-0.11893905278635979,0.02705400265583401,-1.3691803314908744,-1.2823827272883375,-0.08584588305099823,-0.2205855441557126,-1.2109276542875635,-0.18716185989273842,0.1534740913318547,-0.4817999106583822,-1.2623328950818933,-1.201456905652881,-0.2331907447083117,-0.5066635850795879,-0.3543136469504906,0.4217347864015133,-1.0276987898925392,0.8046264236045458,-0.8636029185407773,-0.9083884628562586,0.42240963139389087,-0.27039413073655477,0.7470854861423244
-0.7026250932181622,-0.713215569574471,-0.9388268412456475,-0.9756130703991704,-0.7138493591129991,-0.8845950228252532,-1.2873733120565214,-1.1339572304361794,-0.892406692488789,-0.657742165137211,-0.7371392285967618,-0.9362349252976151,-0.2432745333973957,-0.9789115415858951,-0.5780223252231221,-0.8261236660595112,-0.869023682852915,-0.19039570265487407,-1.1413993956348942,-0.4393487877056281,-0.5977889740835456,-0.9436150939781935,-1.2921955160634293,0.28723683418990953,0.423382589848573,-1.131088294664588,0.5774189803314914,0.2694213590783518,-0.14382652877062257,-1.0956817736185778,-0.515629753206649,-0.9349953675551428,0.1893458863810116,0.032127523520035374,-0.8030140334503888,0.6170701277259178,-1.041910758902269,-1.3382184091806375,-0.5257953475371662,-0.11893905278635979,-0.007350381594683673,-1.257972186134645,-1.1743327370404315,-0.22253686362356354,-0.24552359637091217,-1.275448249038734,-0.23193706799541286,-0.11953526532726161,-0.4018840953198279,-1.1514729718466896,-1.1498721868331667,-0.20494394839386837,-0.41987727757917337,-0.31630917163651046,0.44844149097327807,-0.88462304363486,0.7627109250947349,-0.8306050336659466,-0.8692590356354755,0.31743336061777694,-0.23367975106042885,0.7122325056953079
-1.319974562615507,-0.713215569574471,-0.9203866863914268,-0.9953127133247154,-0.7554823616084982,-0.9822471485062794,-1.314356262184396,-1.1339572304361794,-0.968002860274945,-0.657742165137211,-0.7657933050721979,-0.8551920766766802,-0.39619642756952217,-1.0109981038619722,-0.5780223252231221,-0.8131299886862913,-0.8063294971511259,-0.24014692756594577,-1.1413993956348942,-0.3814095056522916,-0.5977889740835456,-0.9218547489713915,-1.1773687721856232,0.37772542774463796,0.44543692153739,-1.0527327383980647,0.47877681222952556,0.2694213590783518,-0.21993209706432645,-1.0956817736185778,-0.5424050058173672,-0.9182978220621221,0.32575778901088526,0.2756815226451513,-0.7492629031675934,0.764855915272552,-0.9653958411043881,-1.3855684558922905,-0.34252595344363446,-0.11893905278635979,-0.007350381594683673,-1.1838334225638252,-1.0662827467925258,-0.13140954324185333,-0.24552359637091217,-1.2968965121440275,-0.23193706799541286,-0.06993416106454803,-0.6011843531641403,-1.1069472649735337,-1.1498721868331667,-0.17669715207942505,-0.41987727757917337,-0.2783046963225303,0.4217347864015133,-0.8273927451317884,0.6788799280751129,-0.9295986882904386,-1.613359618850369,0.31743336061777694,-0.16025099170817694,0.6773795252482915
-1.8707993047071052,-0.693926533938855,-0.9203866863914268,-1.0150123562502604,-0.7277270266115022,-1.029120168833168,-1.2873733120565214,-1.1617149811486294,-0.9925205363137058,-0.5388568928286853,-0.7968352212539035,-0.8750393049103832,-0.49884263050697375,-1.0109981038619722,-0.5994302296714552,-0.8131299886862913,-0.8893569322697078,-0.24014692756594577,-1.1413993956348942,-0.3814095056522916,-0.5645131111225485,-0.8765206968739001,-1.0912487142772687,0.4678446801011835,0.2690022680268537,-1.131088294664588,0.2814924760255937,0.09574869558927383,-0.06759619725020762,-1.0484856736089072,-0.3815340208693637,-0.8847658659490893,0.22344886203848002,0.15390452308259334,-0.8833116403218297,0.764855915272552,-0.850623464407567,-1.2908683624689845,-0.4036157514748117,-0.0626111865881747,-0.1449679185967544,-1.1096946589930037,-1.1022994102084944,-0.04028222286014314,-0.32054216328057017,-1.2539999859334403,-0.23193706799541286,0.10387298706914112,-0.36208928115124184,-0.9739153570912893,-1.1627683665380952,-0.17669715207942505,-0.4630933164161153,-0.2783046963225303,0.4217347864015133,-0.8560078943833241,0.8046264236045458,-0.7646092639162854,-1.887265609395851,0.4923938119113002,-0.123536612032051,0.8167914470363573
-2.0650515084398857,-0.713215569574471,-0.9019465315371994,-0.9953127133247154,-0.7277270266115022,-0.9353741281793736,-1.6179144511230195,-1.1061994797237293,-1.0415558883912095,-0.657742165137211,-0.7657933050721979,-0.8965404688302238,-0.5878725004017057,-0.9789115415858951,-0.6654379350537949,-0.7871426339398516,-0.8283571840193219,-0.24014692756594577,-1.185514545164628,-0.32347022359895505,-0.6310648370445426,-0.9218547489713915,-1.1773687721856232,0.5129043062794563,0.37927392647093905,-1.0527327383980647,0.5280978962805085,0.21153047124865915,-0.31125877901677107,-1.0012895735992366,-0.4618597787015181,-0.9016002765691014,0.4280667159832905,0.2147930228638723,-0.7492629031675934,0.7402249506814463,-0.850623464407567,-1.3263808975027243,-0.5257953475371662,-0.0626111865881747,0.02705400265583401,-1.257972186134645,-1.1743327370404315,-0.04028222286014314,-0.09589528307971468,-1.1680311280769764,-0.14256940774150365,-0.11953526532726161,-0.36208928115124184,-1.1069472649735337,-1.1498721868331667,-0.20494394839386837,-0.41987727757917337,-0.2783046963225303,0.4751481955450441,-0.9418533421379316,0.7627109250947349,-0.7976071487911159,-1.652489046071152,0.6673542632048235,-0.123536612032051,0.7819384665893409
-1.8388674356003378,-0.7534010604819931,-0.9388268412456475,-0.9756130703991704,-0.7416046941100003,-1.029120168833168,-2.029404440573151,-1.050683978298819,-0.968002860274945,-0.657742165137211,-0.7657933050721979,-0.9362349252976151,-0.5753035775930346,-1.0457585463277157,-1.0579161832731359,-0.8001363113130715,-0.9096901816865006,-0.24014692756594577,-1.1712069291009333,-0.4393487877056281,-0.5977889740835456,-0.8547603518671062,-1.1773687721856232,0.557963932457729,0.3351652630933051,-1.1702660727978493,0.6764654196142036,0.1536395834189665,-0.17426875608810413,-1.0012895735992366,-0.7833822793138303,-0.9016002765691014,0.32575778901088526,0.2147930228638723,-0.7224970342104463,0.7402249506814463,-0.9653958411043881,-1.3855684558922905,-0.4647055495059889,-0.11893905278635979,-0.007350381594683673,-1.1838334225638252,-1.1743327370404315,0.00528143733071196,-0.14577138751011384,-1.082238075655802,-0.20964084191979548,0.0540685995922359,-0.3222944669826558,-1.0404313110324115,-1.136976007128238,-0.14845035576498175,-0.4630933164161153,-0.31630917163651046,0.4217347864015133,-0.9132381928863958,0.7207954265849239,-0.7646092639162854,-1.3782623225156634,0.5273859021700049,-0.16025099170817694,0.8167914470363573
-1.2534498353097605,-0.772690096117602,-0.9572669960998682,-0.9953127133247154,-0.7138493591129991,-0.9822471485062794,-2.2767481500786975,-1.1339572304361794,-0.9169243685275408,-0.5388568928286853,-0.7084851521213363,-0.9163876970639194,-0.6391956018704291,-1.0457585463277157,-1.318379020727782,-0.773066150118861,-0.8893569322697078,-0.3396493773880523,-1.185514545164628,-0.3814095056522916,-0.6643407000055519,-0.898281041880694,-1.2634888300939777,0.5129043062794563,0.29105659971567066,-1.4054933062618993,0.6764654196142036,0.21153047124865915,-0.26559543804054875,-1.0484856736089072,-0.4888545005959309,-0.8847658659490893,0.3598607646683537,0.15390452308259334,-0.8030140334503888,0.6417010923170235,-0.9271383822054478,-1.3500559208585508,-0.4036157514748117,-0.0626111865881747,0.02705400265583401,-1.1096946589930037,-1.4624660443681807,-0.04028222286014314,-0.195647491940513,-0.9535484970240403,-0.18716185989273842,0.1534740913318547,-0.36208928115124184,-0.9739153570912893,-1.1111836477183807,-0.17669715207942505,-0.5066635850795879,-0.24030022100855017,0.4751481955450441,-0.88462304363486,0.8046264236045458,-0.6983430197004367,-0.9869680503078316,0.42240963139389087,-0.1969653713843029,0.7819384665893409
-1.546158635455055,-0.7325046052100799,-0.9019465315371994,-1.0150123562502604,-0.7277270266115022,-1.029120168833168,-2.2205336706456102,-1.050683978298819,-0.9414420445663017,-0.48179196212059816,-0.7657933050721979,-0.9163876970639194,-0.6779497805304908,-1.0109981038619722,-1.4486104394551047,-0.8131299886862913,-0.869023682852915,-0.24014692756594577,-1.199822161228323,-0.32347022359895505,-0.7003895515466259,-0.9871357839917814,-1.2347821441245261,0.3322964603681823,0.2469479363380367,-1.0919105165313263,0.47877681222952556,0.21153047124865915,-0.21993209706432645,-1.0012895735992366,-0.4618597787015181,-0.8847658659490893,0.3939637403258221,0.2147930228638723,-0.6689652962961523,0.6417010923170235,-0.9271383822054478,-1.3027058741468978,-0.34252595344363446,-0.09077511968726724,0.06145838690635169,-1.035555895422184,-1.2463660638723688,-0.08584588305099823,-0.07095723086451508,-1.0178932863399213,-0.14256940774150365,0.10387298706914112,-0.2824996528140697,-1.084775280326493,-1.136976007128238,-0.20494394839386837,-0.5066635850795879,-0.2783046963225303,0.44844149097327807,-0.9418533421379316,0.9303729191339788,-0.6323472499507753,-0.9475178900770418,0.3874175411351862,-0.1969653713843029,0.8167914470363573
-1.70847897008108,-0.713215569574471,-0.9203866863914268,-0.9756130703991704,-0.7138493591129991,-0.9822471485062794,-2.2205336706456102,-1.050683978298819,-1.0170382123524575,-0.5388568928286853,-0.7084851521213363,-0.9362349252976151,-0.7030876261478236,-1.0457585463277157,-1.4718023359407941,-0.8261236660595112,-0.8893569322697078,-0.289898152476999,-1.243937310758057,-0.3814095056522916,-0.5977889740835456,-0.9653754389849875,-1.2921955160634293,0.5129043062794563,0.31311093140448765,-1.3271377499953763,0.6764654196142036,0.09574869558927383,-0.250374324381808,-1.0012895735992366,-0.5424050058173672,-0.9182978220621221,0.12113993506607401,0.09301602330131435,-0.6689652962961523,0.7402249506814463,-0.8888809233065074,-1.2435183157573308,-0.22034635738128,-0.03444725348908216,0.02705400265583401,-1.0726252772075937,-1.2823827272883375,0.05084509752156706,-0.09589528307971468,-0.8032348498516957,-0.18716185989273842,-0.06993416106454803,-0.3222944669826558,-0.9960873417383301,-1.1240798274233095,-0.20494394839386837,-0.41987727757917337,-0.20229574569457004,0.4217347864015133,-0.8273927451317884,0.9303729191339788,-0.5333535953262833,-1.065226904749398,0.3874175411351862,-0.123536612032051,0.8516444274833739
-1.7404108391878357,-0.7325046052100799,-0.9388268412456475,-1.0150123562502604,-0.7277270266115022,-0.9822471485062794,-2.247516620773495,-1.050683978298819,-0.9925205363137058,-0.5959218235367726,-0.7657933050721979,-0.9362349252976151,-0.6905187033391572,-1.0109981038619722,-1.5574339537341026,-0.8131299886862913,-0.869023682852915,-0.289898152476999,-1.199822161228323,-0.3814095056522916,-0.5977889740835456,-0.9218547489713915,-1.1773687721856232,0.42278505392291077,0.3351652630933051,-1.2290327399977417,0.6267400643824744,0.21153047124865915,-0.2960376653580303,-0.954093473589566,-0.5424050058173672,-0.8680683204560686,0.12113993506607401,0.2756815226451513,-1.0171409851075648,0.6170701277259178,-0.9271383822054478,-1.2316808040794176,-0.4036157514748117,0.02188061270910293,-0.04175476584520135,-0.998486513636774,-1.1743327370404315,-0.08584588305099823,-0.09589528307971468,-0.4384385716264144,-0.12027318166588624,0.17827464346321148,-0.3222944669826558,-0.7963577423358891,-1.0982874680134522,-0.12020355945053843,-0.3334451999052896,-0.24030022100855017,0.39502808182974847,-0.8560078943833241,0.7207954265849239,-0.5333535953262833,-0.7910001811939091,0.3524254508764816,0.023621844210781975,0.7819384665893409
-1.6765471009743127,-0.713215569574471,-0.9203866863914268,-1.036353636086271,-0.7416046941100003,-0.8377220024983473,-2.1665677703898614,-1.0784417290112691,-0.9925205363137058,-0.7148070958453192,-0.7657933050721979,-0.9163876970639194,-0.7292728819992189,-1.0778451086037808,-1.5146181448374523,-0.8001363113130715,-0.8486904334361222,-0.3396493773880523,-1.2141297772920179,-0.4393487877056281,-0.5645131111225485,-0.898281041880694,-1.4070222599412352,0.42278505392291077,0.40132825815975604,-1.3663155281286377,0.6764654196142036,0.38520313473773715,-0.31125877901677107,-0.954093473589566,-0.6762812688709577,-0.8680683204560686,0.3939637403258221,0.2147930228638723,-0.8030140334503888,0.7402249506814463,-0.8123660055086266,-1.2435183157573308,-0.28143615541245726,-0.0626111865881747,0.06145838690635169,-0.9614171318513641,-1.1022994102084944,-0.22253686362356354,-0.0460191786493155,-0.7388900605358149,-0.09797695559026885,-0.24353802598404553,-0.3222944669826558,-0.8852274185031264,-1.1240798274233095,-0.20494394839386837,-0.3334451999052896,-0.2783046963225303,0.39502808182974847,-0.8560078943833241,0.595048931055491,-0.5333535953262833,-0.7127413267523428,0.4923938119113002,-0.16025099170817694,0.8167914470363573
-1.644615231867557,-0.713215569574471,-0.9388268412456475,-1.036353636086271,-0.7277270266115022,-0.8845950228252532,-2.1665677703898614,-1.0784417290112691,-0.9925205363137058,-0.5959218235367726,-0.7968352212539035,-0.9163876970639194,-0.6905187033391572,-1.0109981038619722,-1.5360260492857774,-0.8001363113130715,-0.869023682852915,-0.289898152476999,-1.2296296946943568,-0.26070266804116315,-0.5977889740835456,-0.898281041880694,-1.5220843045237098,0.6030235586360018,0.37927392647093905,-0.9938055065336918,0.7257865036651865,0.4430940225674298,-0.250374324381808,-0.954093473589566,-0.6227307636495215,-0.8179756839770057,0.3598607646683537,0.33657002242643025,-0.5351359515104173,0.789688773016044,-0.850623464407567,-1.1487211935497796,-0.28143615541245726,-0.0626111865881747,0.09586277115686938,-0.8869745208888621,-1.0302660833765571,0.00528143733071196,-0.17070943972531344,-0.6100246764687638,-0.14256940774150365,0.004467495329522326,-0.3222944669826558,-1.0404313110324115,-1.1111836477183807,-0.14845035576498175,-0.3766612387422315,-0.20229574569457004,0.5018549001168089,-0.8273927451317884,0.595048931055491,-0.33536628607729946,-0.6736118995315596,0.3874175411351862,-0.123536612032051,0.8864974079303903
-1.6126833627608017,-0.7325046052100799,-0.9203866863914268,-0.9953127133247154,-0.7416046941100003,-0.6971029415176645,-2.1103532909567844,-1.050683978298819,-0.9925205363137058,-0.5388568928286853,-0.7968352212539035,-0.8750393049103832,-0.2945976348661238,-1.1420182331559114,-1.5574339537341026,-0.8531938272537265,-0.8486904334361222,-0.289898152476999,-1.2141297772920179,-0.20276338598782662,-0.6310648370445426,-0.9436150939781935,-1.1199554002467202,0.5129043062794563,0.2248936046492197,-0.5235116042700728,0.6267400643824744,0.2694213590783518,-0.250374324381808,-0.9068973735798953,-0.5959555110388034,-0.8346732294700272,0.2575518376959484,0.2147930228638723,-0.6421994273390053,0.49391530477038875,-0.8888809233065074,-1.1723962169056061,-0.28143615541245726,-0.23159478518272997,-0.007350381594683673,-1.035555895422184,-0.9219208745760609,0.09640875771242216,-0.0460191786493155,-0.7388900605358149,-0.18716185989273842,0.1534740913318547,-0.2824996528140697,-1.1291192496205746,-1.1111836477183807,-0.17669715207942505,-0.2902291610683477,-0.24030022100855017,0.5285616046885737,-0.88462304363486,0.6788799280751129,-0.46735782557662203,-0.5953530450899933,0.3874175411351862,-0.27039413073655477,0.8516444274833739
-1.546158635455055,-0.7325046052100799,-0.9203866863914268,-0.9756130703991704,-0.7416046941100003,-0.8377220024983473,-2.1103532909567844,-1.0784417290112691,-0.9925205363137058,-0.657742165137211,-0.7657933050721979,-0.9163876970639194,-0.07673630618254962,-1.0778451086037808,-1.6020337546681251,-0.8261236660595112,-0.869023682852915,-0.13649854233455716,-1.2296296946943568,-0.26070266804116315,-0.5284642595814623,-0.898281041880694,-0.9187732977558919,0.4678446801011835,0.40132825815975604,-0.6606338277364882,0.6267400643824744,0.4430940225674298,-0.250374324381808,-0.954093473589566,-0.4618597787015181,-0.8513707749630479,-0.35658125672584035,0.2756815226451513,-0.5886676894247113,0.5924391631348122,-0.9271383822054478,-1.1250461701939531,-0.28143615541245726,-0.006283320389989615,0.13054915855698174,-0.9240439026742719,-1.1743327370404315,0.18753607809413236,-0.09589528307971468,-1.1251346018663893,-0.14256940774150365,0.27747685198863864,-0.2029100244768976,-0.9739153570912893,-1.1111836477183807,-0.20494394839386837,-0.2902291610683477,-0.16429127038058988,0.44844149097327807,-0.8273927451317884,0.636964429565302,-0.4343599407017914,-0.5953530450899933,0.45740172165259557,-0.123536612032051,0.8516444274833739
-1.5780905045618105,-0.693926533938855,-0.8835063766829787,-0.9953127133247154,-0.7416046941100003,-0.7439759618445704,-2.0833703408289,-1.0784417290112691,-0.9925205363137058,-0.5959218235367726,-0.7084851521213363,-0.8965404688302238,-0.1919514319286676,-1.1099316708798461,-1.5574339537341026,-0.8001363113130715,-0.869023682852915,-0.289898152476999,-1.243937310758057,-0.20276338598782662,-0.5284642595814623,-0.9218547489713915,-0.9187732977558919,0.42278505392291077,0.5117806898144052,-0.8762721721339072,0.6267400643824744,0.3273122469080445,-0.23515321072306722,-0.8125051735605542,-0.3815340208693637,-0.8513707749630479,0.12113993506607401,0.09301602330131435,-0.5886676894247113,0.5185462693614944,-0.850623464407567,-1.3027058741468978,-0.28143615541245726,-0.09077511968726724,0.13054915855698174,-0.9240439026742719,-1.1022994102084944,0.00528143733071196,0.05393744047554206,-1.0607898125505084,-0.12027318166588624,0.0540685995922359,-0.16311521030831153,-1.0404313110324115,-1.0982874680134522,-0.17669715207942505,-0.2902291610683477,-0.20229574569457004,0.4751481955450441,-0.8560078943833241,0.6788799280751129,-0.4343599407017914,-0.4779647634276438,0.42240963139389087,-0.08682223235592507,0.8167914470363573
-1.5142267663482876,-0.7325046052100799,-0.8835063766829787,-0.9953127133247154,-0.7554823616084982,-0.7908489821714588,-2.029404440573151,-1.0784417290112691,-0.968002860274945,-0.7718720265534065,-0.7657933050721979,-0.9362349252976151,-0.26841237901473314,-1.0109981038619722,-1.580625850219792,-0.8001363113130715,-0.8486904334361222,-0.289898152476999,-1.243937310758057,-0.26070266804116315,-0.5645131111225485,-0.9436150939781935,-1.1486620862161716,0.4678446801011835,0.5117806898144052,-1.111499405597957,0.7257865036651865,0.3273122469080445,-0.326604655902223,-0.8125051735605542,-0.4083092734800819,-0.8346732294700272,0.2575518376959484,0.15390452308259334,-0.3475554764418868,0.469284340179283,-0.9271383822054478,-1.2316808040794176,-0.28143615541245726,-0.03444725348908216,0.09586277115686938,-0.8499051391034522,-1.1022994102084944,0.00528143733071196,0.10381354490594123,-0.7603383236411084,-0.14256940774150365,0.004467495329522326,-0.2824996528140697,-1.084775280326493,-1.1111836477183807,-0.12020355945053843,-0.3334451999052896,-0.2783046963225303,0.5018549001168089,-0.8273927451317884,0.6788799280751129,-0.4013620558269608,-0.4779647634276438,0.4923938119113002,-0.1969653713843029,0.8167914470363573
-1.5142267663482876,-0.7534010604819931,-0.8835063766829787,-0.9953127133247154,-0.7554823616084982,-0.7908489821714588,-2.029404440573151,-1.0784417290112691,-0.968002860274945,-0.657742165137211,-0.7657933050721979,-0.9560821535313108,-0.1793825091200012,-1.0778451086037808,-1.580625850219792,-0.8261236660595112,-0.8486904334361222,-0.24014692756594577,-1.2296296946943568,-0.20276338598782662,-0.5977889740835456,-0.9436150939781935,-1.033600041633698,0.5129043062794563,0.44543692153739,-0.8762721721339072,0.6764654196142036,0.38520313473773715,-0.23515321072306722,-0.8125051735605542,-0.4350845260908,-0.8513707749630479,0.1893458863810116,0.15390452308259334,-0.6421994273390053,0.5185462693614944,-1.0036533000033285,-1.1487211935497796,-0.28143615541245726,-0.006283320389989615,0.13054915855698174,-0.8499051391034522,-0.8138708843281541,0.00528143733071196,-0.09589528307971468,-0.8461313760622828,-0.14256940774150365,0.029268047460879115,-0.2029100244768976,-0.8408834492090449,-1.072495108603595,-0.17669715207942505,-0.16058104455752004,-0.20229574569457004,0.4751481955450441,-0.7701624466287167,0.6788799280751129,-0.33536628607729946,-0.3602557487552876,0.45740172165259557,-0.08682223235592507,0.8167914470363573
-1.5142267663482876,-0.7325046052100799,-0.8835063766829787,-0.9756130703991704,-0.7705165013985403,-0.9822471485062794,-2.029404440573151,-1.050683978298819,-0.968002860274945,-0.5959218235367726,-0.7968352212539035,-0.9163876970639194,-0.21708927754600504,-1.0778451086037808,-1.580625850219792,-0.8131299886862913,-0.869023682852915,-0.13649854233455716,-1.2296296946943568,-0.26070266804116315,-0.5977889740835456,-0.9218547489713915,-1.3209022020328807,0.557963932457729,0.423382589848573,-0.895861061200538,0.5774189803314914,0.38520313473773715,-0.23515321072306722,-0.954093473589566,-0.4350845260908,-0.8680683204560686,-0.04965447580862463,0.33657002242643025,-0.3207896074847398,0.6909630214992349,-0.9271383822054478,-1.1605587052276929,-0.09816676131892554,0.02188061270910293,0.09586277115686938,-0.8499051391034522,-0.9579375379920295,0.05084509752156706,0.07887549269074165,-0.7817865867464021,-0.07568072951465146,0.27747685198863864,-0.2029100244768976,-1.0404313110324115,-1.0982874680134522,-0.20494394839386837,-0.16058104455752004,-0.20229574569457004,0.4751481955450441,-0.7129321481256451,0.7627109250947349,-0.26910004186145076,-0.24286746709293813,0.42240963139389087,-0.1969653713843029,0.8167914470363573
-1.4503630281347766,-0.713215569574471,-0.8635295422575696,-0.9756130703991704,-0.7138493591129991,-0.8845950228252532,-2.0563873907010253,-1.050683978298819,-0.9925205363137058,-0.657742165137211,-0.7657933050721979,-0.9362349252976151,-0.39619642756952217,-1.1099316708798461,-1.6234416591164502,-0.7871426339398516,-0.869023682852915,-0.24014692756594577,-1.243937310758057,-0.20276338598782662,-0.5977889740835456,-0.898281041880694,-1.2921955160634293,0.4678446801011835,0.29105659971567066,-1.0919105165313263,0.6267400643824744,0.21153047124865915,-0.21993209706432645,-0.8597012735702247,-0.3815340208693637,-0.9016002765691014,0.22344886203848002,0.33657002242643025,-0.1334285247847107,0.6170701277259178,-0.9653958411043881,-1.2079087519393463,-0.28143615541245726,-0.03444725348908216,0.09586277115686938,-0.9240439026742719,-0.8859042111600914,0.09640875771242216,-0.07095723086451508,-0.6959935343252276,-0.07568072951465146,0.1286735392004979,-0.12332039613972547,-0.8408834492090449,-1.0595989288986665,-0.20494394839386837,-0.20379708339446193,-0.08828231975262787,0.5018549001168089,-0.6843169988741092,0.6788799280751129,-0.23610215698662007,-0.20373803987215497,0.42240963139389087,-0.123536612032051,0.8864974079303903
-1.4503630281347766,-0.7534010604819931,-0.8635295422575696,-1.036353636086271,-0.7277270266115022,-0.8845950228252532,-2.029404440573151,-1.0206130816936598,-0.9925205363137058,-0.5959218235367726,-0.7371392285967618,-0.8750393049103832,-0.46008845184691666,-1.1420182331559114,-1.5574339537341026,-0.7871426339398516,-0.8486904334361222,-0.289898152476999,-1.2725525428854467,-0.26070266804116315,-0.6310648370445426,-0.9218547489713915,-1.9816265807396014,0.557963932457729,0.423382589848573,-1.0723216274646956,0.6267400643824744,-0.19418025903320382,-0.14382652877062257,-0.7653090735508835,-0.3815340208693637,-0.8847658659490893,0.1893458863810116,0.3974585222077092,-0.18696026269900473,0.6417010923170235,-0.850623464407567,-1.1013711468381266,-0.28143615541245726,-0.03444725348908216,-0.007350381594683673,-0.8499051391034522,-0.7418375574962168,0.00528143733071196,0.10381354490594123,-0.9104761653781637,-0.12027318166588624,-0.045133608933191245,-0.24270483864548364,-0.8852274185031264,-1.0338065694888092,-0.20494394839386837,-0.24701312223140384,-0.08828231975262787,0.5285616046885737,-0.741547297377181,0.7207954265849239,-0.3683641709521301,-0.12547918543058864,0.3874175411351862,-0.04980691514146991,0.8167914470363573
-1.4822948972415322,-0.713215569574471,-0.9203866863914268,-1.036353636086271,-0.7277270266115022,-0.7908489821714588,-1.9462070110121894,-0.9928553309812098,-0.968002860274945,-0.7148070958453192,-0.7084851521213363,-0.9163876970639194,-0.5627346547843682,-1.1420182331559114,-1.6020337546681251,-0.8001363113130715,-0.8283571840193219,-0.24014692756594577,-1.243937310758057,-0.14482410393446868,-0.5284642595814623,-0.8765206968739001,-2.2686934404341166,0.6030235586360018,0.5999980165696731,-0.8762721721339072,0.18285030792362778,0.38520313473773715,0.02373048470223702,-0.718112973541213,-0.4083092734800819,-0.8847658659490893,0.6329641025154575,0.33657002242643025,-0.2940237385275928,0.8389507021982555,-0.6975936288118054,-1.1487211935497796,-0.03707696328774832,-0.006283320389989615,0.09586277115686938,-0.8869745208888621,-0.7418375574962168,0.00528143733071196,0.10381354490594123,-0.6316487450093469,-0.07568072951465146,-0.02033305680183446,-0.36208928115124184,-0.7298417883947669,-1.072495108603595,-0.14845035576498175,-0.24701312223140384,-0.08828231975262787,0.5285616046885737,-0.8273927451317884,0.7207954265849239,-0.4343599407017914,-0.12547918543058864,0.45740172165259557,-0.01309253546534397,0.8516444274833739
-1.319974562615507,-0.7325046052100799,-0.9019465315371994,-0.9756130703991704,-0.7277270266115022,-0.8845950228252532,-1.9462070110121894,-1.0206130816936598,-1.0170382123524575,-0.657742165137211,-0.7968352212539035,-0.9163876970639194,-0.6779497805304908,-1.1420182331559114,-1.5574339537341026,-0.8001363113130715,-0.869023682852915,-0.24014692756594577,-1.258244926821752,-0.08688482188113215,-0.5977889740835456,-0.9218547489713915,-2.412462170986042,0.6480831848142746,0.4895455849150239,-1.2486216290643724,0.5774189803314914,0.5009849103971225,0.03895159836097779,-0.8125051735605542,-0.3279835156479275,-0.8513707749630479,0.05265445116378061,0.4583470219889882,-0.5351359515104173,0.5924391631348122,-0.8123660055086266,-1.2079087519393463,-0.28143615541245726,0.05004454580819547,0.09586277115686938,-0.8499051391034522,-0.8138708843281541,0.09640875771242216,0.028794977996283257,-0.7817865867464021,-0.3880106505247346,0.029268047460879115,-0.36208928115124184,-0.7963577423358891,-1.0595989288986665,-0.17669715207942505,-0.2902291610683477,-0.126286795066608,0.5285616046885737,-0.7129321481256451,0.8046264236045458,-0.3683641709521301,-0.12547918543058864,0.45740172165259557,-0.01309253546534397,0.8864974079303903
-1.38383830082903,-0.7325046052100799,-0.8635295422575696,-0.9559134274736182,-0.7554823616084982,-0.8377220024983473,-1.8922411107564403,-1.0784417290112691,-0.9414420445663017,-0.5388568928286853,-0.8254892977293395,-0.9163876970639194,-0.7669796504252182,-1.1099316708798461,-1.5146181448374523,-0.7871426339398516,-0.9096901816865006,-0.19039570265487407,-1.2725525428854467,-0.08688482188113215,-0.5977889740835456,-0.898281041880694,-2.412462170986042,0.5129043062794563,0.40132825815975604,-0.974216617467061,0.5774189803314914,0.5588757982268151,-0.14382652877062257,-0.7653090735508835,-0.2476577578157731,-0.8346732294700272,0.7352730294878628,0.5197346078340487,0.05415195028381977,0.7155939860903406,-0.7741085466096862,-1.0776961234823,-0.15925655935010277,-0.006283320389989615,0.09586277115686938,-0.7757663755326308,-0.8138708843281541,-0.17697320343270842,0.12875159712114082,-0.4169903085211208,-0.09797695559026885,-0.045133608933191245,-0.2029100244768976,-0.9960873417383301,-1.0467027491937377,-0.14845035576498175,-0.16058104455752004,-0.16429127038058988,0.5819750138321033,-0.741547297377181,0.7627109250947349,-0.26910004186145076,-0.008090903768237375,0.3874175411351862,-0.04980691514146991,0.8516444274833739
-1.4157701699357854,-0.7534010604819931,-0.8835063766829787,-0.9756130703991704,-0.7416046941100003,-0.9822471485062794,-1.9462070110121894,-0.9928553309812098,-0.9414420445663017,-0.5388568928286853,-0.7968352212539035,-0.9362349252976151,-0.8308716747026127,-1.1741047954319885,-1.5360260492857774,-0.773066150118861,-0.8893569322697078,-0.19039570265487407,-1.243937310758057,-0.08688482188113215,-0.5977889740835456,-0.8547603518671062,-2.3837554850165903,0.6931428109925474,0.44543692153739,-0.8370943940006457,0.6764654196142036,0.5009849103971225,-0.1894898697468449,-0.8125051735605542,-0.22088250520505498,-0.8346732294700272,0.5303756429556957,0.4583470219889882,-0.5083700825532702,0.789688773016044,-0.7741085466096862,-1.0895336351602132,-0.15925655935010277,0.07820847890728802,0.06145838690635169,-0.8128357573180424,-0.7058208940802482,-0.08584588305099823,0.12875159712114082,-0.2666766613487761,-0.16486563381712102,0.004467495329522326,-0.16311521030831153,-0.9073994031501671,-1.072495108603595,-0.12020355945053843,-0.16058104455752004,-0.126286795066608,0.5285616046885737,-0.7129321481256451,0.8046264236045458,-0.26910004186145076,-0.008090903768237375,0.3874175411351862,-0.01309253546534397,0.8167914470363573
-1.4157701699357854,-0.7325046052100799,-0.8635295422575696,-0.9953127133247154,-0.7554823616084982,-0.8845950228252532,-1.9462070110121894,-1.0206130816936598,-0.8413282007413849,-0.5388568928286853,-0.7968352212539035,-0.8965404688302238,-0.8696258533626744,-1.1420182331559114,-1.5360260492857774,-0.7871426339398516,-0.8283571840193219,-0.24014692756594577,-1.258244926821752,-0.14482410393446868,-0.5645131111225485,-0.898281041880694,-2.5272889148638478,0.5129043062794563,0.40132825815975604,-0.895861061200538,0.7257865036651865,0.5009849103971225,-0.08281731090894838,-0.718112973541213,-0.2744330104264912,-0.8179756839770057,0.22344886203848002,0.33657002242643025,-0.4548383446389762,0.5185462693614944,-0.850623464407567,-1.1250461701939531,-0.09816676131892554,-0.0626111865881747,0.13054915855698174,-0.8128357573180424,-0.5977709038323422,0.09640875771242216,0.05393744047554206,-0.18088360892760166,-0.09797695559026885,0.25267629985728185,-0.2029100244768976,-0.8630554338560856,-1.0338065694888092,-0.0919567631360951,-0.07414896688363624,-0.20229574569457004,0.6086817184038681,-0.6843169988741092,0.8884574206241678,-0.26910004186145076,0.07016795067332895,0.42240963139389087,0.060336223886907916,0.8167914470363573
-1.38383830082903,-0.7325046052100799,-0.8635295422575696,-0.9953127133247154,-0.7277270266115022,-0.8845950228252532,-1.8922411107564403,-1.0206130816936598,-0.8678890164500372,-0.5388568928286853,-0.7657933050721979,-0.8965404688302238,-0.8821947761713408,-1.1420182331559114,-1.5574339537341026,-0.8261236660595112,-0.869023682852915,-0.3396493773880523,-1.2725525428854467,-0.08688482188113215,-0.5977889740835456,-0.898281041880694,-2.4411688569554935,0.6030235586360018,0.4895455849150239,-0.895861061200538,0.6267400643824744,0.6167666860565078,-0.06759619725020762,-0.7653090735508835,-0.4618597787015181,-0.801278138483985,0.08675742682124903,0.4583470219889882,-0.6154335583818583,0.6417010923170235,-0.7741085466096862,-1.11320865851604,-0.15925655935010277,-0.006283320389989615,0.23376231130853478,-0.738696993747221,-0.8859042111600914,0.18753607809413236,0.05393744047554206,-0.24522839824348247,-0.07568072951465146,0.10387298706914112,-0.24270483864548364,-0.8630554338560856,-1.0467027491937377,-0.14845035576498175,-0.07414896688363624,-0.08828231975262787,0.5285616046885737,-0.6554672992188721,0.8884574206241678,-0.26910004186145076,0.031038523452545787,0.45740172165259557,0.09705060356303385,0.9213503883774068
-1.4157701699357854,-0.7325046052100799,-0.8835063766829787,-0.9756130703991704,-0.7554823616084982,-0.8845950228252532,-1.919224060884315,-1.050683978298819,-0.8678890164500372,-0.48179196212059816,-0.8254892977293395,-0.8965404688302238,-0.857056930554008,-1.1420182331559114,-1.5360260492857774,-0.8001363113130715,-0.8893569322697078,-0.19039570265487407,-1.258244926821752,-0.14482410393446868,-0.5977889740835456,-0.898281041880694,-2.125160010586859,0.6030235586360018,0.5558893531920391,-0.9350388393337995,0.6764654196142036,0.5009849103971225,-0.08281731090894838,-0.6709168735315423,-0.3012082630372094,-0.7845805929909643,0.15524291072354243,0.6415116073966066,-0.5886676894247113,0.8389507021982555,-0.7358510877107458,-1.1605587052276929,-0.22034635738128,-0.03444725348908216,-0.007350381594683673,-0.6645582301764011,-0.8498875477441228,0.18753607809413236,0.10381354490594123,-0.18088360892760166,-0.09797695559026885,0.07907243493778433,-0.4018840953198279,-0.7963577423358891,-1.0467027491937377,-0.0637099668216518,0.055499149627189444,-0.012273369124667593,0.5552683092603385,-0.6268521499673363,0.8046264236045458,-0.20310427211178944,0.14874753812490024,0.45740172165259557,0.060336223886907916,0.8864974079303903
-1.4157701699357854,-0.713215569574471,-0.8450893874033489,-0.9953127133247154,-0.7705165013985403,-0.8845950228252532,-2.0001729112679487,-1.050683978298819,-0.9169243685275408,-0.5388568928286853,-0.8254892977293395,-0.9362349252976151,-0.4475195290382456,-1.1099316708798461,-1.5574339537341026,-0.8261236660595112,-0.9096901816865006,-0.13649854233455716,-1.258244926821752,0.03382201572999629,-0.6310648370445426,-1.0088961289985754,-2.412462170986042,0.6480831848142746,0.4895455849150239,-0.7587388377341227,0.6764654196142036,0.5009849103971225,-0.20471098340558566,-0.5289417202237623,-0.2744330104264912,-0.7678830474979436,-0.04965447580862463,0.3974585222077092,-0.5351359515104173,0.6909630214992349,-0.6975936288118054,-1.1842337285835198,-0.22034635738128,0.02188061270910293,0.09586277115686938,-0.738696993747221,-0.9942494199605884,0.27866339847584254,0.028794977996283257,-0.8675796391675765,-0.07568072951465146,0.029268047460879115,-0.24270483864548364,-0.9073994031501671,-1.0467027491937377,-0.03546317050720848,-0.16058104455752004,-0.126286795066608,0.5552683092603385,-0.6554672992188721,0.7627109250947349,-0.20310427211178944,0.031038523452545787,0.5273859021700049,0.060336223886907916,1.2004599121211372
-1.319974562615507,-0.7534010604819931,-0.8450893874033489,-0.9953127133247154,-0.7277270266115022,-0.7908489821714588,-1.973189961140074,-1.0206130816936598,-0.9169243685275408,-0.5388568928286853,-0.8254892977293395,-0.9362349252976151,-0.3197354804834566,-1.1099316708798461,-1.5574339537341026,-0.8131299886862913,-0.9096901816865006,-0.13649854233455716,-1.258244926821752,-0.02894553982779565,-0.5977889740835456,-0.9218547489713915,-2.297635427108236,0.6480831848142746,0.6882153433249409,-0.9350388393337995,0.7257865036651865,0.4430940225674298,-0.21993209706432645,-0.6237207735218717,-0.3012082630372094,-0.8179756839770057,0.46216969164075894,0.2147930228638723,-0.5083700825532702,0.7155939860903406,-0.7741085466096862,-1.1723962169056061,-0.03707696328774832,0.02188061270910293,0.09586277115686938,-0.6645582301764011,-0.7778542209121855,0.27866339847584254,-0.14577138751011384,-1.1036863387610956,-0.07568072951465146,0.1286735392004979,-0.12332039613972547,-0.9739153570912893,-1.0595989288986665,-0.007216374192765159,-0.11736500572057815,-0.08828231975262787,0.5552683092603385,-0.5410067022127288,0.7627109250947349,-0.26910004186145076,-0.008090903768237375,0.3874175411351862,0.023621844210781975,1.5489897165913018
-1.319974562615507,-0.713215569574471,-0.8082090776949008,-0.9559134274736182,-0.7277270266115022,-0.9822471485062794,-1.8922411107564403,-1.050683978298819,-0.892406692488789,-0.5959218235367726,-0.7968352212539035,-0.8965404688302238,-0.6653808577218244,-1.1420182331559114,-1.5146181448374523,-0.8261236660595112,-0.8486904334361222,-0.289898152476999,-1.2880524602877856,-0.08688482188113215,-0.6310648370445426,-0.9218547489713915,-2.3550487990471387,0.557963932457729,0.5338350215032222,-0.9154499502671687,0.5774189803314914,0.5588757982268151,-0.17426875608810413,-0.718112973541213,-0.3815340208693637,-0.7678830474979436,-0.015551500151156215,0.5806231076153276,-0.6957311652532993,0.5678081985437058,-0.7741085466096862,-1.1013711468381266,-0.03707696328774832,0.1066032639170291,0.09586277115686938,-0.738696993747221,-0.7778542209121855,0.18753607809413236,0.0038569257810836715,-0.8890279022728701,-0.07568072951465146,-0.5165473826431618,-0.2029100244768976,-0.9073994031501671,-1.0208046833928563,-0.007216374192765159,-0.030932928046694348,-0.126286795066608,0.6353884229756329,-0.5410067022127288,0.6788799280751129,-0.26910004186145076,0.1878769653456834,0.45740172165259557,0.1337649832391598,1.1307539512271043
-1.319974562615507,-0.7325046052100799,-0.8450893874033489,-0.9559134274736182,-0.7843941688970384,-0.8377220024983473,-1.919224060884315,-1.050683978298819,-0.9169243685275408,-0.5959218235367726,-0.7968352212539035,-0.9163876970639194,-0.4737047848896409,-1.1741047954319885,-1.6020337546681251,-0.8261236660595112,-0.8893569322697078,-0.19039570265487407,-1.2880524602877856,-0.02894553982779565,-0.6310648370445426,-0.9436150939781935,-2.067746638647956,0.5129043062794563,0.2690022680268537,-1.0723216274646956,0.6764654196142036,0.5588757982268151,-0.1894898697468449,-0.6237207735218717,-0.4083092734800819,-0.7678830474979436,0.667067078172926,0.6415116073966066,-0.6421994273390053,0.7155939860903406,-0.6207651252852445,-1.1605587052276929,-0.09816676131892554,0.07820847890728802,-0.007350381594683673,-0.701627611961811,-0.8138708843281541,0.14197241790327725,0.0038569257810836715,-0.6959935343252276,-0.07568072951465146,0.426483447990971,-0.16311521030831153,-1.0182593263853708,-1.0467027491937377,-0.14845035576498175,-0.11736500572057815,-0.126286795066608,0.6353884229756329,-0.5410067022127288,0.8046264236045458,-0.23610215698662007,0.1092973778941121,0.5273859021700049,0.09705060356303385,0.9213503883774068
-1.2534498353097605,-0.7325046052100799,-0.8835063766829787,-0.9362137845480731,-0.7554823616084982,-0.8377220024983473,-1.8922411107564403,-1.050683978298819,-0.9169243685275408,-0.5959218235367726,-0.7657933050721979,-0.9163876970639194,-0.3836275047608511,-1.0778451086037808,-1.5360260492857774,-0.7871426339398516,-0.8893569322697078,-0.13649854233455716,-1.2296296946943568,0.09176129778333281,-0.5645131111225485,-0.8765206968739001,-2.1538666965563107,0.557963932457729,0.6220523482584901,-0.895861061200538,0.6267400643824744,0.38520313473773715,-0.28081655169928954,-0.6237207735218717,-0.4350845260908,-0.7511855020049228,0.5985815942706326,0.6415116073966066,-0.7760287721247403,0.6909630214992349,-0.7741085466096862,-1.1842337285835198,-0.22034635738128,0.1066032639170291,0.16495354280749944,-0.6274888483909913,-0.7418375574962168,0.23309973828498745,0.1536896493363404,-0.459886834731708,-0.03108827736341669,0.10387298706914112,-0.24270483864548364,-0.641153849806604,-1.0467027491937377,-0.007216374192765159,-0.030932928046694348,-0.05027784443864773,0.5552683092603385,-0.5123915529611931,0.8046264236045458,-0.23610215698662007,0.2661358197872497,0.4923938119113002,0.023621844210781975,0.8864974079303903
-1.319974562615507,-0.772690096117602,-0.8450893874033489,-0.9953127133247154,-0.7554823616084982,-0.8377220024983473,-1.9462070110121894,-1.1061994797237293,-0.8678890164500372,-0.48179196212059816,-0.7968352212539035,-0.9362349252976151,-0.3323044032921277,-1.1099316708798461,-1.5360260492857774,-0.8131299886862913,-0.9096901816865006,-0.24014692756594577,-1.258244926821752,0.09176129778333281,-0.6310648370445426,-0.9436150939781935,-2.182573382525762,0.557963932457729,0.4895455849150239,-0.8370943940006457,0.7257865036651865,0.5588757982268151,-0.26559543804054875,-0.7653090735508835,-0.6227307636495215,-0.7845805929909643,0.1893458863810116,0.5806231076153276,-0.8297799024075357,0.764855915272552,-0.7358510877107458,-0.9237114428851825,-0.09816676131892554,0.05004454580819547,0.30257107980957015,-0.5904194666055814,-0.5617542404163736,0.27866339847584254,0.22850380598193917,0.1410161430870919,-0.05338450343903408,0.20307519559456827,-0.2029100244768976,-0.48576821969824446,-1.0338065694888092,-0.03546317050720848,-0.11736500572057815,-0.126286795066608,0.5819750138321033,-0.5696218514642647,0.8884574206241678,-0.13710850236212813,0.2661358197872497,0.4923938119113002,0.060336223886907916,0.8516444274833739
-1.285381704416516,-0.7534010604819931,-0.8266492325491283,-0.9756130703991704,-0.7416046941100003,-0.8377220024983473,-1.9462070110121894,-1.0784417290112691,-0.892406692488789,-0.5959218235367726,-0.8254892977293395,-0.9362349252976151,-0.3323044032921277,-1.0778451086037808,-1.4932102403891272,-0.8131299886862913,-0.8893569322697078,-0.03699609251245062,-1.258244926821752,0.03382201572999629,-0.5977889740835456,-0.898281041880694,-2.297635427108236,0.6030235586360018,0.5999980165696731,-0.9546277284004302,0.7751075877161695,0.3273122469080445,-0.20471098340558566,-0.6709168735315423,-0.3547587682586456,-0.7177904110188814,0.7352730294878628,0.3974585222077092,-0.8833116403218297,0.7155939860903406,-0.5825076663863041,-1.0539240713422282,-0.09816676131892554,0.13476719701612164,0.13054915855698174,-0.6645582301764011,-0.7778542209121855,0.23309973828498745,0.12875159712114082,0.11956787998179828,-0.05338450343903408,0.0540685995922359,-0.16311521030831153,-0.6854978191006854,-1.0079085036879278,-0.007216374192765159,-0.030932928046694348,-0.126286795066608,0.5552683092603385,-0.48377640370965724,0.8884574206241678,-0.07111273261246683,0.22700639256646654,0.4923938119113002,0.060336223886907916,0.9562033688244232
-1.319974562615507,-0.674637498303246,-0.7897689228406801,-0.9559134274736182,-0.7416046941100003,-0.7908489821714588,-1.9462070110121894,-1.1061994797237293,-0.892406692488789,-0.48179196212059816,-0.8254892977293395,-0.8965404688302238,-0.4223816834209128,-1.1099316708798461,-1.5360260492857774,-0.7600724727456363,-0.8893569322697078,-0.08674731742350389,-1.2880524602877856,0.03382201572999629,-0.6310648370445426,-0.9653754389849875,-1.9816265807396014,0.6480831848142746,-0.5254959924022503,-1.0527327383980647,0.7257865036651865,0.6167666860565078,-0.17426875608810413,-0.4817456202140917,-0.3815340208693637,-0.7010928655258607,0.5644786186131642,0.5197346078340487,-0.8297799024075357,0.8389507021982555,-0.7358510877107458,-1.1487211935497796,-0.28143615541245726,0.13476719701612164,0.16495354280749944,-0.701627611961811,-0.8138708843281541,0.32422705866669765,0.12875159712114082,-0.030745767190546423,-0.0087920512877993,0.07907243493778433,-0.16311521030831153,-0.6854978191006854,-0.9950123239829992,-0.007216374192765159,0.14193122730107324,-0.08828231975262787,0.5819750138321033,-0.45516125445812144,0.8465419221143569,-0.13710850236212813,0.2661358197872497,0.42240963139389087,0.17047936291528576,0.8516444274833739
-1.285381704416516,-0.7325046052100799,-0.8266492325491283,-0.9559134274736182,-0.7416046941100003,-0.8845950228252532,-1.8922411107564403,-1.0784417290112691,-0.9169243685275408,-0.48179196212059816,-0.7968352212539035,-0.9362349252976151,-0.4223816834209128,-1.0778451086037808,-1.5360260492857774,-0.7871426339398516,-0.869023682852915,-0.03699609251245062,-1.258244926821752,-0.02894553982779565,-0.6310648370445426,-0.9436150939781935,-2.067746638647956,0.557963932457729,0.5338350215032222,-0.9546277284004302,0.8244286717671524,0.6746575738862004,-0.31125877901677107,-0.5289417202237623,-0.4618597787015181,-0.7511855020049228,0.667067078172926,0.5197346078340487,-0.6421994273390053,0.8389507021982555,-0.6590225841841849,-0.9592239779189222,-0.09816676131892554,0.05004454580819547,0.23376231130853478,-0.6645582301764011,-0.8498875477441228,0.23309973828498745,0.12875159712114082,-0.18088360892760166,-0.03108827736341669,0.37667906051406636,-0.0835255819711394,-0.5302939265714002,-0.9821161442780706,0.021030422121678157,0.01228311079024755,-0.08828231975262787,0.6086817184038681,-0.5410067022127288,0.8465419221143569,-0.07111273261246683,0.2661358197872497,0.42240963139389087,0.060336223886907916,0.8864974079303903
-1.221517966203005,-0.7325046052100799,-0.8266492325491283,-0.9756130703991704,-0.7277270266115022,-0.9353741281793736,-1.919224060884315,-1.0206130816936598,-0.9169243685275408,-0.42472703141251095,-0.7657933050721979,-0.9362349252976151,-0.6014888334444299,-1.1420182331559114,-1.4057946305584545,-0.8131299886862913,-0.952051117971497,-0.03699609251245062,-1.2725525428854467,0.03382201572999629,-0.6643407000055519,-0.898281041880694,-1.9242132088006985,0.6030235586360018,0.3351652630933051,-0.9546277284004302,0.7257865036651865,0.7325484617158932,-0.23515321072306722,-0.576524673512201,-0.4888545005959309,-0.7344879565119021,0.5644786186131642,0.5806231076153276,-0.8565457713646828,0.6663320569081292,-0.6975936288118054,-1.0658586118043867,-0.09816676131892554,0.02188061270910293,0.13054915855698174,-0.5533500848201716,-1.0302660833765571,0.18753607809413236,0.05393744047554206,-0.4384385716264144,-0.03108827736341669,0.1534740913318547,-0.16311521030831153,-0.7963577423358891,-0.9950123239829992,0.021030422121678157,-0.030932928046694348,-0.08828231975262787,0.6353884229756329,-0.48377640370965724,0.8884574206241678,-0.10411061748729747,0.383524101449601,0.3524254508764816,0.09705060356303385,0.9562033688244232
-1.3519064317222627,-0.7325046052100799,-0.8082090776949008,-0.9953127133247154,-0.7554823616084982,-0.8845950228252532,-1.9462070110121894,-1.050683978298819,-0.9169243685275408,-0.42472703141251095,-0.7657933050721979,-0.9362349252976151,-0.8057338290852799,-1.1420182331559114,-1.4486104394551047,-0.8001363113130715,-0.9096901816865006,-0.13649854233455716,-1.2880524602877856,0.09176129778333281,-0.6643407000055519,-0.9436150939781935,-1.9242132088006985,0.5129043062794563,0.4895455849150239,-0.974216617467061,0.6267400643824744,0.6746575738862004,-0.09803842456768916,-0.4345495202044211,-0.2476577578157731,-0.7010928655258607,0.46216969164075894,0.5806231076153276,-0.7760287721247403,0.6170701277259178,-0.5059927485884234,-1.0065740246305752,0.024012834743428906,0.1066032639170291,0.1993579270580171,-0.5904194666055814,-0.9219208745760609,0.27866339847584254,0.1536896493363404,-0.3311972560999464,-0.0087920512877993,0.1534740913318547,-0.2824996528140697,-0.641153849806604,-0.9821161442780706,-0.007216374192765159,0.2287175348014897,-0.012273369124667593,0.6086817184038681,-0.45516125445812144,0.9722884176437897,-0.20310427211178944,0.3443946742288178,0.5273859021700049,0.023621844210781975,1.025909329718456
-1.319974562615507,-0.7325046052100799,-0.7897689228406801,-0.9756130703991704,-0.7554823616084982,-0.9822471485062794,-1.9462070110121894,-1.0206130816936598,-0.968002860274945,-0.48179196212059816,-0.6798310756459109,-0.9163876970639194,-1.023595157768854,-1.1099316708798461,-1.4718023359407941,-0.8131299886862913,-0.952051117971497,-0.19039570265487407,-1.3023600763514804,0.09176129778333281,-0.5977889740835456,-0.8765206968739001,-1.7517377922793216,0.7832620633490929,0.975102428490126,-1.0527327383980647,0.6267400643824744,0.4430940225674298,-0.037153969932726065,-0.5289417202237623,-0.3012082630372094,-0.7010928655258607,0.32575778901088526,0.5197346078340487,-0.7492629031675934,0.6663320569081292,-0.467735289689483,-1.0776961234823,0.20778296488639697,0.05004454580819547,0.2681666955590525,-0.5533500848201716,-0.9579375379920295,0.23309973828498745,0.1536896493363404,-0.4384385716264144,0.03580040086343548,0.07907243493778433,-0.16311521030831153,-0.5746378958654816,-1.0079085036879278,-0.03546317050720848,0.1855014959645478,0.026042618282048673,0.5285616046885737,-0.4265461052065856,0.9303729191339788,-0.13710850236212813,0.4617829558911673,0.45740172165259557,-0.01309253546534397,0.9213503883774068
-1.319974562615507,-0.713215569574471,-0.8082090776949008,-1.0150123562502604,-0.7554823616084982,-0.8845950228252532,-1.919224060884315,-0.9650975802687598,-0.892406692488789,-0.3058417591039643,-0.6201350829887693,-0.8965404688302238,-1.112625027663586,-1.1420182331559114,-1.4486104394551047,-0.7871426339398516,-0.9317178685546966,-0.13649854233455716,-1.258244926821752,0.09176129778333281,-0.6643407000055519,-0.9653754389849875,-1.895506522831247,0.6931428109925474,1.261989513655311,-0.895861061200538,0.6764654196142036,0.5009849103971225,-0.08281731090894838,-0.4345495202044211,-0.3547587682586456,-0.7177904110188814,0.3598607646683537,0.6415116073966066,-0.6154335583818583,0.6663320569081292,-0.5059927485884234,-1.0302490479864017,-0.09816676131892554,0.1066032639170291,0.06145838690635169,-0.4421419394639419,-0.5977709038323422,-0.08584588305099823,0.25344185819713877,-0.4813350978370016,0.01350417478781809,-0.045133608933191245,-0.16311521030831153,-0.641153849806604,-0.9821161442780706,-0.007216374192765159,0.09871518846413134,-0.126286795066608,0.5819750138321033,-0.3979309559550498,0.9303729191339788,-0.13710850236212813,0.42265352867038414,0.4923938119113002,0.09705060356303385,0.8864974079303903
-1.2534498353097605,-0.7325046052100799,-0.8082090776949008,-0.9756130703991704,-0.7705165013985403,-0.8377220024983473,-1.9462070110121894,-0.9928553309812098,-0.9169243685275408,-0.42472703141251095,-0.6798310756459109,-0.8551920766766802,-1.2529779990270413,-1.1420182331559114,-1.4718023359407941,-0.8131299886862913,-0.9096901816865006,-0.08674731742350389,-1.243937310758057,0.14970057983669074,-0.5977889740835456,-0.9653754389849875,-1.8378578501876761,0.5129043062794563,1.59298526219813,-0.9350388393337995,0.6764654196142036,0.6746575738862004,-0.31125877901677107,-0.4345495202044211,-0.4618597787015181,-0.7678830474979436,0.4280667159832905,0.5197346078340487,-0.6689652962961523,0.6663320569081292,-0.6207651252852445,-1.0539240713422282,-0.09816676131892554,-0.09077511968726724,0.1993579270580171,-0.5533500848201716,-0.5617542404163736,0.18753607809413236,0.12875159712114082,-0.4813350978370016,-0.03108827736341669,0.1534740913318547,-0.16311521030831153,-0.5968098805125225,-0.9821161442780706,0.04927721843612147,0.01228311079024755,-0.08828231975262787,0.5552683092603385,-0.5410067022127288,0.9722884176437897,-0.17010638723695878,0.4617829558911673,0.4923938119113002,0.023621844210781975,0.9910563492714397
-1.3519064317222627,-0.7325046052100799,-0.8082090776949008,-0.9559134274736182,-0.7554823616084982,-0.9822471485062794,-1.9462070110121894,-1.0206130816936598,-0.892406692488789,-0.3058417591039643,-0.7084851521213363,-0.8750393049103832,-1.3430552791558266,-1.0109981038619722,-1.4718023359407941,-0.8001363113130715,-0.9317178685546966,-0.08674731742350389,-1.258244926821752,0.14970057983669074,-0.4951883966204653,-1.0088961289985754,-1.5794976764626127,0.557963932457729,1.3722611720993958,-0.895861061200538,0.7257865036651865,0.6167666860565078,-0.2960376653580303,-0.4817456202140917,-0.4618597787015181,-0.7177904110188814,0.29165481335341686,0.4583470219889882,-0.5351359515104173,0.8389507021982555,-0.6590225841841849,-1.0895336351602132,-0.15925655935010277,0.1066032639170291,0.1993579270580171,-0.4421419394639419,-0.7058208940802482,0.41535437904840783,0.05393744047554206,-0.2881249244540697,0.01350417478781809,0.426483447990971,-0.2029100244768976,-0.5081219419243594,-0.969219964573142,-0.007216374192765159,0.1855014959645478,0.026042618282048673,0.44844149097327807,-0.5123915529611931,0.8046264236045458,-0.07111273261246683,0.383524101449601,0.4923938119113002,-0.01309253546534397,0.9213503883774068
-1.285381704416516,-0.7325046052100799,-0.7897689228406801,-0.9756130703991704,-0.7554823616084982,-1.029120168833168,-1.9462070110121894,-1.0206130816936598,-0.892406692488789,-0.42472703141251095,-0.7084851521213363,-0.8965404688302238,-1.368193124773164,-1.0778451086037808,-1.4932102403891272,-0.8131299886862913,-0.8893569322697078,-0.03699609251245062,-1.258244926821752,0.20763986189002726,-0.4951883966204653,-1.0088961289985754,-1.6656177343709673,0.557963932457729,1.526822267131679,-0.7587388377341227,0.6764654196142036,0.6167666860565078,-0.15904764242936337,-0.4345495202044211,-0.5959555110388034,-0.7678830474979436,0.7352730294878628,0.5806231076153276,-0.2672578695704457,0.7155939860903406,-0.5825076663863041,-1.255355827435244,-0.03707696328774832,0.07820847890728802,0.16495354280749944,-0.4792113212493518,-0.7058208940802482,0.41535437904840783,0.10381354490594123,-0.3740937823105336,-0.05338450343903408,0.426483447990971,-0.24270483864548364,-0.5746378958654816,-0.969219964573142,0.021030422121678157,0.1855014959645478,-0.05027784443864773,0.5285616046885737,-0.45516125445812144,0.8046264236045458,-0.03811484773763617,0.5400418103327336,0.5273859021700049,0.023621844210781975,0.9562033688244232
-1.285381704416516,-0.7534010604819931,-0.8082090776949008,-0.9953127133247154,-0.7138493591129991,-1.029120168833168,-1.8922411107564403,-0.9650975802687598,-0.9169243685275408,-0.42472703141251095,-0.6511769991704749,-0.9163876970639194,-1.4320851490505586,-1.0778451086037808,-1.4932102403891272,-0.8131299886862913,-0.9317178685546966,0.012755132398602658,-1.2725525428854467,0.20763986189002726,-0.42863667069845895,-0.9218547489713915,-1.7230311063098702,0.6931428109925474,1.151717855211226,-0.9154499502671687,0.7257865036651865,0.4430940225674298,-0.11338430145314105,-0.4817456202140917,-0.3547587682586456,-0.7177904110188814,0.5644786186131642,0.5806231076153276,-0.5886676894247113,0.8143197376071498,-0.467735289689483,-1.0539240713422282,0.024012834743428906,0.1066032639170291,0.23376231130853478,-0.3306299467160283,-0.5977709038323422,0.27866339847584254,0.20356575376673958,-0.6530970081146404,-0.0087920512877993,0.4512840001223278,-0.0835255819711394,-0.5968098805125225,-0.969219964573142,-0.14845035576498175,0.01228311079024755,0.026042618282048673,0.5285616046885737,-0.48377640370965724,0.9722884176437897,-0.03811484773763617,0.5791712375535167,0.5273859021700049,0.060336223886907916,1.5489897165913018
-1.285381704416516,-0.7325046052100799,-0.8082090776949008,-0.9756130703991704,-0.699971691614501,-1.029120168833168,-1.8922411107564403,-0.9650975802687598,-0.9169243685275408,-0.42472703141251095,-0.7084851521213363,-0.8965404688302238,-1.4708393277106155,-1.1099316708798461,-1.4718023359407941,-0.8131299886862913,-0.8486904334361222,-0.08674731742350389,-1.2880524602877856,0.03382201572999629,-0.5284642595814623,-0.9436150939781935,-1.2634888300939777,0.7832620633490929,1.0412654235565768,-0.817505504934015,0.7257865036651865,0.5009849103971225,-0.05237508359146684,-0.4345495202044211,-0.3815340208693637,-0.7511855020049228,0.29165481335341686,0.7024001071778856,-0.6421994273390053,0.7155939860903406,-0.42947783079054264,-0.9592239779189222,0.08560336882404251,0.05004454580819547,0.2681666955590525,-0.4047687102868481,-0.6337875672483109,0.18753607809413236,0.1536896493363404,-0.9535484970240403,0.01350417478781809,0.426483447990971,-0.12332039613972547,-0.6189818651595632,-0.9434276051632848,-0.03546317050720848,-0.030932928046694348,-0.05027784443864773,0.5552683092603385,-0.4265461052065856,0.8884574206241678,-0.10411061748729747,0.5791712375535167,0.42240963139389087,0.09705060356303385,1.025909329718456
-1.3519064317222627,-0.713215569574471,-0.8635295422575696,-0.9953127133247154,-0.7277270266115022,-0.9822471485062794,-1.919224060884315,-0.9928553309812098,-0.892406692488789,-0.3629066898120726,-0.7084851521213363,-0.9362349252976151,-1.495977173327953,-1.0778451086037808,-1.4932102403891272,-0.8001363113130715,-0.9317178685546966,0.012755132398602658,-1.258244926821752,0.20763986189002726,-0.4951883966204653,-0.9436150939781935,-1.3783155739717836,0.6030235586360018,0.842776438357224,-0.817505504934015,0.8244286717671524,0.5588757982268151,-0.1286054151118818,-0.3401573201850799,-0.4618597787015181,-0.7511855020049228,0.6329641025154575,0.6415116073966066,-0.5886676894247113,0.6170701277259178,-0.42947783079054264,-0.947386466241009,-0.03707696328774832,0.05004454580819547,0.1993579270580171,-0.4792113212493518,-0.7418375574962168,0.27866339847584254,0.10381354490594123,-1.382689564565202,-0.0087920512877993,0.4512840001223278,-0.16311521030831153,-0.6633258344536447,-0.9434276051632848,0.021030422121678157,0.01228311079024755,-0.08828231975262787,0.6086817184038681,-0.3979309559550498,0.8884574206241678,-0.13710850236212813,0.5791712375535167,0.4923938119113002,0.1337649832391598,0.2588580797164936
-1.221517966203005,-0.7534010604819931,-0.8450893874033489,-0.9953127133247154,-0.699971691614501,-0.8845950228252532,-1.973189961140074,-0.9928553309812098,-0.968002860274945,-0.2487768283958771,-0.7371392285967618,-0.9362349252976151,-1.5724381204140139,-1.0457585463277157,-1.4718023359407941,-0.7600724727456363,-0.9317178685546966,-0.03699609251245062,-1.2296296946943568,0.20763986189002726,-0.5977889740835456,-0.9653754389849875,-1.0625420283078173,0.6931428109925474,0.842776438357224,-0.817505504934015,0.7257865036651865,0.8488047528492928,-0.14382652877062257,-0.29296122017540926,-0.3279835156479275,-0.7177904110188814,0.4280667159832905,0.5806231076153276,-0.6689652962961523,0.6663320569081292,-0.6590225841841849,-1.0184115363084885,0.024012834743428906,0.02188061270910293,0.2681666955590525,-0.3676993285014382,-0.6698042306642795,0.27866339847584254,0.1536896493363404,-0.9104761653781637,-0.0087920512877993,0.37667906051406636,-0.2029100244768976,-0.4192522657571222,-0.969219964573142,0.04927721843612147,0.01228311079024755,-0.05027784443864773,0.5819750138321033,-0.3979309559550498,0.8465419221143569,0.027880922012025133,0.6965595192158662,0.4923938119113002,0.060336223886907916,-0.020251444027235256
-1.285381704416516,-0.7534010604819931,-0.8450893874033489,-0.9756130703991704,-0.7416046941100003,-0.9353741281793736,-1.698863301506653,-0.9928553309812098,-0.968002860274945,-0.2487768283958771,-0.7084851521213363,-0.8750393049103832,-1.6499464777341326,-1.0109981038619722,-1.5360260492857774,-0.7600724727456363,-0.9096901816865006,0.012755132398602658,-1.2296296946943568,0.14970057983669074,-0.5284642595814623,-0.9653754389849875,-1.2921955160634293,0.6931428109925474,0.5117806898144052,-0.8566832830672765,0.7751075877161695,0.5588757982268151,-0.05237508359146684,-0.4817456202140917,-0.4350845260908,-0.7010928655258607,0.5303756429556957,0.7632886069591646,-0.6421994273390053,0.6663320569081292,-0.35296291299266186,-0.9592239779189222,-0.03707696328774832,0.13476719701612164,0.23376231130853478,-0.29356056493061844,-0.8498875477441228,0.36979071885755277,0.10381354490594123,-1.146582864971683,-0.07568072951465146,0.426483447990971,-0.04373076780255335,-0.5081219419243594,-0.9563237848682133,0.0775240147505648,0.055499149627189444,-0.05027784443864773,0.5018549001168089,-0.3979309559550498,0.9722884176437897,0.027880922012025133,0.6183006647742999,0.5273859021700049,0.023621844210781975,-0.8921473155378459
-1.1895860970962375,-0.772690096117602,-0.8082090776949008,-0.9559134274736182,-0.699971691614501,-1.029120168833168,-1.2873733120565214,-0.9928553309812098,-1.0170382123524575,-0.3629066898120726,-0.7657933050721979,-0.8965404688302238,-1.7138385020115272,-1.1099316708798461,-1.5146181448374523,-0.7600724727456363,-0.9317178685546966,-0.03699609251245062,-1.2296296946943568,0.3283466995011557,-0.5284642595814623,-1.0088961289985754,-1.1199554002467202,0.6931428109925474,0.5779436848808561,-0.8370943940006457,0.7257865036651865,0.6746575738862004,-0.09803842456768916,-0.4345495202044211,-0.16733199998361872,-0.68439532003284,0.5644786186131642,0.5806231076153276,-0.5886676894247113,0.6417010923170235,-0.42947783079054264,-1.0184115363084885,-0.03707696328774832,0.13476719701612164,0.23376231130853478,-0.4047687102868481,-0.8859042111600914,0.23309973828498745,0.20356575376673958,-1.1251346018663893,0.01350417478781809,0.30227740411999543,-0.12332039613972547,-0.6633258344536447,-0.969219964573142,-0.03546317050720848,-0.030932928046694348,0.026042618282048673,0.44844149097327807,-0.4265461052065856,1.0564629843233284,-0.005116962862805518,0.7360096794466562,0.45740172165259557,0.09705060356303385,-1.450080682857708
-1.2534498353097605,-0.7919791317532109,-0.8266492325491283,-0.9362137845480731,-0.7705165013985403,-1.0759931891600563,-1.0670125526788494,-0.9095820788438496,-1.0170382123524575,-0.3629066898120726,-0.7371392285967618,-0.9362349252976151,-1.6363301446914085,-1.1099316708798461,-1.4932102403891272,-0.8131299886862913,-0.9096901816865006,-0.03699609251245062,-1.2296296946943568,0.2655791439433638,-0.5284642595814623,-1.0088961289985754,-1.0625420283078173,0.6931428109925474,0.864830770046041,-0.6214560496032266,0.7257865036651865,0.6167666860565078,-0.06759619725020762,-0.3873534201947505,-0.3279835156479275,-0.7511855020049228,0.15524291072354243,0.6415116073966066,-0.4548383446389762,0.789688773016044,-0.5442502074873637,-0.994736512952662,0.08560336882404251,0.13476719701612164,0.3369754640600878,-0.3306299467160283,-0.8498875477441228,0.27866339847584254,0.1536896493363404,-1.0178932863399213,-0.0087920512877993,0.1534740913318547,-0.04373076780255335,-0.44142425040416294,-0.9305314254583562,-0.007216374192765159,0.14193122730107324,-0.012273369124667593,0.4217347864015133,-0.4265461052065856,0.9722884176437897,-0.005116962862805518,0.7360096794466562,0.45740172165259557,0.1337649832391598,-1.6940515459868233
-1.285381704416516,-0.7919791317532109,-0.8082090776949008,-0.9953127133247154,-0.7705165013985403,-0.9822471485062794,-0.9028662727342645,-0.9095820788438496,-0.968002860274945,-0.42472703141251095,-0.7371392285967618,-0.9362349252976151,-1.6499464777341326,-1.0778451086037808,-1.5146181448374523,-0.8001363113130715,-0.9723843673882898,-0.03699609251245062,-1.2141297772920179,0.20763986189002726,-0.46191253365945595,-0.9436150939781935,-1.0912487142772687,0.6030235586360018,1.151717855211226,-0.8370943940006457,0.8244286717671524,0.6167666860565078,-0.11338430145314105,-0.19856902015606806,-0.2744330104264912,-0.7344879565119021,0.667067078172926,0.5197346078340487,-0.7224970342104463,0.9128435959715726,-0.42947783079054264,-0.9710614895968355,-0.09816676131892554,0.13476719701612164,0.2681666955590525,-0.29356056493061844,-0.5617542404163736,0.32422705866669765,0.20356575376673958,-0.9964450232346276,0.01350417478781809,0.22787574772592506,-0.2824996528140697,-0.5746378958654816,-0.9305314254583562,0.021030422121678157,0.2287175348014897,-0.012273369124667593,0.4751481955450441,-0.4265461052065856,0.9303729191339788,-0.005116962862805518,0.6965595192158662,0.5623779924287096,0.20719374259141168,-1.7289045264338398
-1.221517966203005,-0.8514536582963491,-0.8266492325491283,-0.9756130703991704,-0.7138493591129991,-0.8845950228252532,-0.9028662727342645,-0.9095820788438496,-0.9925205363137058,-0.3058417591039643,-0.7084851521213363,-0.8965404688302238,-1.3807620475818305,-1.0778451086037808,-1.5146181448374523,-0.7871426339398516,-0.952051117971497,-0.13649854233455716,-1.185514545164628,0.2655791439433638,-0.46191253365945595,-0.9436150939781935,-1.033600041633698,0.6480831848142746,0.8207221066684071,-1.033143849331434,0.6764654196142036,0.5588757982268151,-0.21993209706432645,-0.3401573201850799,-0.14055674737290058,-0.7010928655258607,0.15524291072354243,0.5806231076153276,-0.5619018204675642,0.6663320569081292,-0.42947783079054264,-0.9828990012747487,0.08560336882404251,0.1066032639170291,0.1993579270580171,-0.2194218013597987,-0.8859042111600914,0.32422705866669765,0.27837991041233834,-0.6959935343252276,-0.07568072951465146,0.27747685198863864,-0.0835255819711394,-0.6189818651595632,-0.9434276051632848,0.04927721843612147,0.2287175348014897,0.026042618282048673,0.5018549001168089,-0.4265461052065856,0.9303729191339788,0.06087880688685729,0.7360096794466562,0.45740172165259557,0.17047936291528576,-2.0080140501775703
-1.319974562615507,-0.8305572030244359,-0.8266492325491283,-0.9756130703991704,-0.7138493591129991,-1.029120168833168,-0.7387199927896795,-0.9373398295562996,-0.968002860274945,-0.1917118976877899,-0.6798310756459109,-0.9163876970639194,-1.1251939504722523,-1.1420182331559114,-1.5146181448374523,-0.773066150118861,-0.9723843673882898,-0.08674731742350389,-1.2141297772920179,0.2655791439433638,-0.46191253365945595,-1.0324698360892728,-0.7752398679086344,0.6030235586360018,1.173772186900043,-0.6606338277364882,0.6764654196142036,0.6746575738862004,-0.23515321072306722,-0.15137292014639744,-0.2476577578157731,-0.68439532003284,0.46216969164075894,0.6415116073966066,-0.3207896074847398,0.9128435959715726,-0.467735289689483,-0.9000364195293559,0.14669316685521974,-0.14710298588545234,0.1993579270580171,-0.29356056493061844,-0.5617542404163736,0.36979071885755277,0.20356575376673958,-0.9104761653781637,-0.0087920512877993,0.0540685995922359,-0.0835255819711394,-0.6189818651595632,-0.904739066048499,0.1057708110650081,0.1855014959645478,-0.05027784443864773,0.4751481955450441,-0.36931580670351266,0.9722884176437897,0.027880922012025133,0.6574300919950831,0.5273859021700049,0.17047936291528576,-1.659198565539807
-1.2534498353097605,-0.811268167388827,-0.8266492325491283,-0.9953127133247154,-0.699971691614501,-1.1228662094869621,-0.7387199927896795,-0.9373398295562996,-0.9925205363137058,-0.2487768283958771,-0.6511769991704749,-0.9163876970639194,-1.023595157768854,-1.1099316708798461,-1.4932102403891272,-0.773066150118861,-0.952051117971497,-0.03699609251245062,-1.2141297772920179,0.4442252636078502,-0.4951883966204653,-0.9436150939781935,-0.7752398679086344,0.7382024371708201,0.6661610116361241,-0.6998116058697497,0.7257865036651865,0.7325484617158932,-0.31125877901677107,-0.24576512016573865,-0.2744330104264912,-0.68439532003284,0.0185514755063122,0.5806231076153276,-0.2940237385275928,0.8389507021982555,-0.42947783079054264,-0.9237114428851825,0.14669316685521974,0.13476719701612164,0.23376231130853478,-0.29356056493061844,-0.45370425016846766,0.14197241790327725,0.25344185819713877,-0.7603383236411084,0.01350417478781809,0.25267629985728185,-0.0835255819711394,-0.8408834492090449,-0.9434276051632848,0.04927721843612147,0.3151496124753735,-0.08828231975262787,0.4751481955450441,-0.4265461052065856,1.0142039161536007,0.027880922012025133,0.8533979611090057,0.45740172165259557,0.20719374259141168,-0.9270002959848623
-1.221517966203005,-0.7919791317532109,-0.7329117787068297,-1.0150123562502604,-0.7277270266115022,-1.029120168833168,-0.7387199927896795,-0.8795111822386903,-1.0170382123524575,-0.2487768283958771,-0.7371392285967618,-0.8965404688302238,-0.9460868004487353,-1.0778451086037808,-1.4718023359407941,-0.7871426339398516,-0.9096901816865006,-0.03699609251245062,-1.2296296946943568,0.3283466995011557,-0.5645131111225485,-0.9653754389849875,-0.7178264959697314,0.6030235586360018,0.7323240067025749,-0.6802227168031189,0.8737497558181354,0.6167666860565078,-0.15904764242936337,-0.3401573201850799,-0.19410725259433684,-0.7678830474979436,-0.015551500151156215,0.7632886069591646,-0.4548383446389762,0.6417010923170235,-0.467735289689483,-1.0658586118043867,0.20778296488639697,0.13476719701612164,0.30257107980957015,-0.2564911831452086,-0.6698042306642795,0.46129151186377854,0.3033179626275379,-0.674545271219934,0.03580040086343548,0.1286735392004979,-0.0835255819711394,-0.5746378958654816,-0.904739066048499,0.13401760737945143,0.3151496124753735,-0.012273369124667593,0.4751481955450441,-0.34070065745197686,0.9722884176437897,0.06087880688685729,0.7360096794466562,0.42240963139389087,0.17047936291528576,-1.2406771200080104
-1.285381704416516,-0.8305572030244359,-0.7513519335610503,-0.9756130703991704,-0.7277270266115022,-0.9353741281793736,-0.7926858930454286,-0.9095820788438496,-1.0415558883912095,-0.3058417591039643,-0.7371392285967618,-0.9163876970639194,-1.0874871820462486,-1.0778451086037808,-1.4718023359407941,-0.8001363113130715,-0.9317178685546966,-0.03699609251245062,-1.199822161228323,0.38628598155449223,-0.5645131111225485,-0.9653754389849875,-0.8613599258169888,0.6931428109925474,0.886885101734858,-0.7783277268007535,0.7257865036651865,0.7909138650196001,-0.08281731090894838,-0.10417682013672683,0.02031423757510281,-0.68439532003284,0.4280667159832905,0.8241771067404435,-0.9100775092789768,0.6909630214992349,-0.5442502074873637,-0.9710614895968355,0.3299625609487514,0.07820847890728802,0.23376231130853478,-0.18235241957438883,-0.8498875477441228,0.41535437904840783,0.07887549269074165,-0.6959935343252276,0.05809662693905287,-0.02033305680183446,-0.12332039613972547,-0.4635962350512037,-0.9434276051632848,0.1057708110650081,0.2287175348014897,-0.012273369124667593,0.3683213772579837,-0.36931580670351266,1.0564629843233284,-0.005116962862805518,0.7360096794466562,0.4923938119113002,0.17047936291528576,-1.0315592373259117
-1.285381704416516,-0.8514536582963491,-0.769792088415271,-0.9559134274736182,-0.7277270266115022,-1.029120168833168,-0.7387199927896795,-0.8795111822386903,-1.0415558883912095,-0.3058417591039643,-0.7084851521213363,-0.8965404688302238,-1.240409076218375,-1.1099316708798461,-1.4718023359407941,-0.7600724727456363,-0.8893569322697078,-0.03699609251245062,-1.2141297772920179,0.4442252636078502,-0.5284642595814623,-0.9871357839917814,-0.48793770750945153,0.6480831848142746,0.31311093140448765,-0.7194004949363804,0.7257865036651865,0.7909138650196001,-0.250374324381808,-0.15137292014639744,-0.0064610150356153185,-0.6676977745398194,0.3939637403258221,0.7632886069591646,-0.9100775092789768,0.8882126313804669,-0.467735289689483,-0.8881018790671974,0.3299625609487514,0.21925899631339926,0.3369754640600878,-0.18235241957438883,-0.8859042111600914,0.41535437904840783,0.1536896493363404,-0.9104761653781637,-0.05338450343903408,0.27747685198863864,-0.12332039613972547,-0.5302939265714002,-0.9434276051632848,0.16226440369389475,0.3151496124753735,0.026042618282048673,0.34161467268621887,-0.31208550820044106,0.9722884176437897,0.09387669176168793,0.7751391066674393,0.5273859021700049,0.1337649832391598,-1.380374721963675
-1.319974562615507,-0.8305572030244359,-0.6960314689983815,-0.9953127133247154,-0.7416046941100003,-0.9353741281793736,-0.7117370426617949,-0.9373398295562996,-1.0170382123524575,-0.2487768283958771,-0.7371392285967618,-0.8750393049103832,-1.279163254878432,-1.0778451086037808,-1.4718023359407941,-0.8001363113130715,-0.9317178685546966,0.06250635730967434,-1.2296296946943568,0.5021645456611867,-0.5977889740835456,-1.0088961289985754,-0.631471137356709,0.6030235586360018,0.423382589848573,-0.6214560496032266,0.7257865036651865,0.6746575738862004,-0.1286054151118818,-0.15137292014639744,-0.14055674737290058,-0.6676977745398194,0.3598607646683537,0.8241771067404435,-0.7760287721247403,0.8882126313804669,-0.467735289689483,-0.9000364195293559,0.024012834743428906,0.2474229294124918,0.2681666955590525,-0.2194218013597987,-0.2733257145360342,0.32422705866669765,0.3033179626275379,-0.674545271219934,0.01350417478781809,0.47608455225368457,-0.04373076780255335,-0.5302939265714002,-0.9176352457534276,0.19074273112566978,0.27193357363843157,-0.012273369124667593,0.39502808182974847,-0.34070065745197686,1.0983784828331395,0.027880922012025133,0.6574300919950831,0.5273859021700049,0.09705060356303385,-0.9618532764318788
-1.221517966203005,-0.7919791317532109,-0.6960314689983815,-0.9756130703991704,-0.7416046941100003,-1.1228662094869621,-0.655522563228718,-0.9095820788438496,-1.0926343801386136,-0.3058417591039643,-0.7371392285967618,-0.8965404688302238,-1.2917321776870985,-1.0778451086037808,-1.5146181448374523,-0.8001363113130715,-0.952051117971497,-0.08674731742350389,-1.258244926821752,0.5601038277145232,-0.5645131111225485,-0.9218547489713915,-0.631471137356709,0.6931428109925474,1.01921109186776,-0.6410449386698573,0.7751075877161695,0.7325484617158932,-0.250374324381808,-0.24576512016573865,-0.11378149476218247,-0.68439532003284,0.05265445116378061,0.7024001071778856,-0.8565457713646828,0.8143197376071498,-0.2764479951947811,-0.7460517389322383,0.024012834743428906,0.2474229294124918,0.30257107980957015,-0.2564911831452086,-0.5617542404163736,0.5068551720546336,0.12875159712114082,-0.4813350978370016,0.01350417478781809,0.17827464346321148,-0.003935953633967285,-0.6854978191006854,-0.9305314254583562,0.16226440369389475,0.40158169014925726,0.026042618282048673,0.39502808182974847,-0.34070065745197686,0.9303729191339788,-0.005116962862805518,0.6965595192158662,0.42240963139389087,0.060336223886907916,0.049454516866797665
-1.221517966203005,-0.7919791317532109,-0.6760546345729724,-0.9953127133247154,-0.7416046941100003,-1.1228662094869621,-0.7117370426617949,-0.9095820788438496,-1.0415558883912095,-0.3629066898120726,-0.7657933050721979,-0.8965404688302238,-1.3294389461131024,-1.1420182331559114,-1.4718023359407941,-0.8131299886862913,-0.8893569322697078,-0.03699609251245062,-1.243937310758057,0.3283466995011557,-0.5977889740835456,-0.9653754389849875,-0.7178264959697314,0.6030235586360018,1.063319755245394,-0.6214560496032266,0.5280978962805085,0.6167666860565078,-0.15904764242936337,-0.15137292014639744,0.12741524801797532,-0.7177904110188814,0.4280667159832905,0.5197346078340487,-0.5619018204675642,0.6909630214992349,-0.42947783079054264,-0.7342142272543251,0.20778296488639697,0.19109506321430672,0.3369754640600878,-0.18235241957438883,-0.3813757047839402,0.5068551720546336,0.17862770155153998,-0.6959935343252276,-0.0087920512877993,0.1534740913318547,-0.0835255819711394,-0.6854978191006854,-0.9305314254583562,0.13401760737945143,0.40158169014925726,-0.012273369124667593,0.3683213772579837,-0.36931580670351266,1.1822094798527614,0.027880922012025133,0.8533979611090057,0.45740172165259557,0.17047936291528576,0.39827000150456104
-1.1895860970962375,-0.7919791317532109,-0.7144716238526022,-0.9756130703991704,-0.7277270266115022,-1.029120168833168,-0.7117370426617949,-0.8795111822386903,-1.0170382123524575,-0.3629066898120726,-0.6798310756459109,-0.8965404688302238,-1.3043011004957694,-1.0778451086037808,-1.4932102403891272,-0.7871426339398516,-0.8893569322697078,0.06250635730967434,-1.2296296946943568,0.3283466995011557,-0.5645131111225485,-1.0324698360892728,-0.6891198100002799,0.6480831848142746,0.842776438357224,-0.7587388377341227,0.7751075877161695,0.7325484617158932,-0.17426875608810413,-0.19856902015606806,-0.0867867728677697,-0.617468272933765,0.29165481335341686,0.7632886069591646,-0.5886676894247113,1.0113674543359954,-0.35296291299266186,-0.8289143206776312,0.14669316685521974,0.13476719701612164,0.3369754640600878,-0.2564911831452086,-0.6698042306642795,0.32422705866669765,0.12875159712114082,-0.8246831129569893,0.03580040086343548,0.1534740913318547,-0.12332039613972547,-0.5524659112184409,-0.9434276051632848,0.13401760737945143,0.40158169014925726,-0.012273369124667593,0.3683213772579837,-0.34070065745197686,1.4756179694214382,0.027880922012025133,0.7751391066674393,0.5273859021700049,0.24390812226753764,0.2937110601635117
-1.1895860970962375,-0.7919791317532109,-0.6760546345729724,-0.9559134274736182,-0.7277270266115022,-0.9822471485062794,-0.7117370426617949,-0.8517534315262403,-0.9925205363137058,-0.1346469669797027,-0.7657933050721979,-0.9163876970639194,-1.3294389461131024,-1.0457585463277157,-1.4718023359407941,-0.7871426339398516,-0.8486904334361222,0.16615474254104454,-1.243937310758057,0.38628598155449223,-0.5645131111225485,-0.9653754389849875,-0.6027644513872575,0.6480831848142746,0.29105659971567066,-1.0133943956003226,0.7257865036651865,0.6746575738862004,-0.08281731090894838,-0.10417682013672683,-0.14055674737290058,-0.68439532003284,0.2575518376959484,0.9459541063030015,-0.5351359515104173,0.8143197376071498,-0.42947783079054264,-0.8762643673892841,-0.4036157514748117,0.13476719701612164,0.1993579270580171,-0.2564911831452086,-0.6337875672483109,0.41535437904840783,0.05393744047554206,-0.7174417974305213,-0.03108827736341669,0.5256856565163982,-0.12332039613972547,-0.4192522657571222,-0.9305314254583562,0.1057708110650081,0.40158169014925726,0.026042618282048673,0.3146890606999324,-0.34070065745197686,1.0564629843233284,0.09387669176168793,0.8533979611090057,0.5273859021700049,0.28062250194366356,-0.333928268050385
-1.2534498353097605,-0.8305572030244359,-0.6960314689983815,-0.9756130703991704,-0.699971691614501,-1.0759931891600563,-0.7117370426617949,-0.9095820788438496,-1.0660735644299704,-0.07282662537926433,-0.7371392285967618,-0.8965404688302238,-1.3294389461131024,-1.1420182331559114,-1.4486104394551047,-0.7871426339398516,-0.9096901816865006,0.11640351762999127,-1.243937310758057,0.4442252636078502,-0.5645131111225485,-0.9436150939781935,-0.631471137356709,0.6931428109925474,-0.08404781220478222,-0.817505504934015,0.6764654196142036,0.7909138650196001,0.00850937104349625,-0.056980720127056225,-0.0867867728677697,-0.7010928655258607,0.49627266729822733,0.7632886069591646,-0.21372613165615173,0.6417010923170235,-0.35296291299266186,-0.8762643673892841,0.14669316685521974,0.19109506321430672,0.30257107980957015,-0.2564911831452086,-0.9579375379920295,0.46129151186377854,0.20356575376673958,-0.8675796391675765,0.01350417478781809,0.5008851043850414,-0.003935953633967285,-0.5746378958654816,-0.9305314254583562,0.1057708110650081,0.40158169014925726,0.06404709359602881,0.5018549001168089,-0.36931580670351266,0.8046264236045458,-0.005116962862805518,0.8142685338882225,0.5273859021700049,0.1337649832391598,-0.43877288955903315
-1.221517966203005,-0.811268167388827,-0.6760546345729724,-0.9362137845480731,-0.7277270266115022,-1.1736453148410826,-0.6847540925339204,-0.8795111822386903,-1.0926343801386136,-0.07282662537926433,-0.7371392285967618,-0.9362349252976151,-1.3294389461131024,-1.1099316708798461,-1.4718023359407941,-0.7871426339398516,-0.869023682852915,0.012755132398602658,-1.243937310758057,0.4442252636078502,-0.4951883966204653,-0.9653754389849875,-0.4305243355705486,0.6480831848142746,-0.08404781220478222,-0.6410449386698573,0.6267400643824744,0.7325484617158932,-0.09803842456768916,-0.056980720127056225,-0.0867867728677697,-0.8346732294700272,0.32575778901088526,0.8241771067404435,-0.2940237385275928,0.6170701277259178,-0.31470545409372147,-0.947386466241009,0.14669316685521974,0.16293113011521418,0.30257107980957015,-0.2194218013597987,-0.4897209135844363,0.5068551720546336,0.17862770155153998,-0.15943534582230806,0.08039285301467025,0.37667906051406636,-0.0835255819711394,-0.3970802811100815,-0.9434276051632848,0.13401760737945143,0.3151496124753735,0.1400560442239891,0.10103542412581282,-0.2834703589489052,0.8046264236045458,0.06087880688685729,0.8142685338882225,0.42240963139389087,0.17047936291528576,-0.0551044244742533
-1.221517966203005,-0.811268167388827,-0.6760546345729724,-0.9362137845480731,-0.7416046941100003,-1.1736453148410826,-0.601556662972969,-0.8517534315262403,-1.0926343801386136,-0.1346469669797027,-0.8254892977293395,-0.9362349252976151,-1.355624201964493,-1.1099316708798461,-1.4272025350067796,-0.8001363113130715,-0.8486904334361222,-0.03699609251245062,-1.243937310758057,0.2655791439433638,-0.5645131111225485,-1.0088961289985754,-0.2582842197538389,0.4678446801011835,-0.01788481713833129,-0.817505504934015,0.7751075877161695,0.5588757982268151,-0.037153969932726065,-0.19856902015606806,-0.3547587682586456,-0.7177904110188814,0.7352730294878628,0.8850656065217225,-0.4548383446389762,0.8143197376071498,-0.31470545409372147,-0.8881018790671974,0.20778296488639697,0.2474229294124918,0.3369754640600878,-0.2194218013597987,-0.5257375770004049,0.41535437904840783,0.20356575376673958,-0.459886834731708,0.05809662693905287,0.40147961264542315,-0.12332039613972547,-0.48576821969824446,-0.9176352457534276,0.19074273112566978,0.3583656513123154,0.17806051953796923,-0.2997840518651821,-0.2546206592936694,0.8884574206241678,0.06087880688685729,0.931656815550572,0.4923938119113002,0.3173368816197895,-0.6478907722411319
-1.285381704416516,-0.7919791317532109,-0.6960314689983815,-0.9756130703991704,-0.7138493591129991,-1.029120168833168,-0.655522563228718,-0.8239956808137903,-1.0415558883912095,-0.1346469669797027,-0.7968352212539035,-0.9362349252976151,-1.3430552791558266,-1.1099316708798461,-1.4486104394551047,-0.8001363113130715,-0.9317178685546966,-0.03699609251245062,-1.2141297772920179,0.4442252636078502,-0.5645131111225485,-0.9218547489713915,-0.20063554711026874,0.6480831848142746,-0.1503915804817974,-0.9350388393337995,0.7751075877161695,0.5588757982268151,-0.14382652877062257,-0.056980720127056225,-0.14055674737290058,-0.68439532003284,0.08675742682124903,0.8241771067404435,-0.24049200061329873,0.5924391631348122,-0.39122037189160225,-0.7934017856438913,0.08560336882404251,0.2474229294124918,0.3369754640600878,-0.14528303778897894,-0.6698042306642795,0.36979071885755277,0.20356575376673958,-0.6316487450093469,0.01350417478781809,0.25267629985728185,0.07565367470320483,-0.35273631181599996,-0.8918428863435703,0.16226440369389475,0.4447977289861992,0.06404709359602881,-1.0213028901318775,-0.34070065745197686,0.9303729191339788,0.06087880688685729,0.931656815550572,0.45740172165259557,0.24390812226753764,-0.9967062568788954
-1.157654227989482,-0.8305572030244359,-0.6760546345729724,-0.9756130703991704,-0.699971691614501,-0.9353741281793736,-0.6847540925339204,-0.8517534315262403,-1.0170382123524575,-0.1346469669797027,-0.7371392285967618,-0.8965404688302238,-1.368193124773164,-1.0457585463277157,-1.4486104394551047,-0.7871426339398516,-0.9317178685546966,0.11640351762999127,-1.2296296946943568,0.3283466995011557,-0.5645131111225485,-0.9436150939781935,-0.22934223307972024,0.6480831848142746,-0.5475503240910673,-0.6410449386698573,0.7751075877161695,0.6167666860565078,-0.09803842456768916,-0.10417682013672683,-0.033236267646333445,-0.6676977745398194,0.32575778901088526,0.7632886069591646,-0.2672578695704457,0.8389507021982555,-0.39122037189160225,-0.8052392973218045,-0.03707696328774832,0.21925899631339926,0.30257107980957015,-0.10821365600356908,-0.8138708843281541,0.41535437904840783,0.3033179626275379,-0.5027833609422953,0.05809662693905287,-0.02033305680183446,-0.04373076780255335,-0.35273631181599996,-0.904739066048499,0.2189895274401131,0.3583656513123154,0.1400560442239891,-1.3420022524075779,-0.31208550820044106,0.8884574206241678,0.06087880688685729,0.931656815550572,0.4923938119113002,0.20719374259141168,-1.0664122177729283
-1.1895860970962375,-0.8305572030244359,-0.6391743248645311,-0.9148725047120625,-0.7416046941100003,-0.9822471485062794,-0.765702942917554,-0.8795111822386903,-1.0415558883912095,-0.07282662537926433,-0.7371392285967618,-0.9560821535313108,-1.3943783806245547,-1.0778451086037808,-1.4718023359407941,-0.7871426339398516,-0.9096901816865006,0.16615474254104454,-1.2296296946943568,0.38628598155449223,-0.5977889740835456,-0.9218547489713915,-0.34440427766219406,0.6480831848142746,-0.8785460726338866,-0.3862288161391763,0.7751075877161695,0.7909138650196001,-0.021932856273985293,-0.10417682013672683,0.15419050062869344,-0.6676977745398194,0.46216969164075894,0.8850656065217225,-0.5083700825532702,0.7402249506814463,-0.39122037189160225,-0.8407518323555444,0.14669316685521974,0.2474229294124918,0.2681666955590525,-0.2194218013597987,-0.4897209135844363,0.36979071885755277,0.3282560148427381,-0.6530970081146404,0.03580040086343548,0.47608455225368457,-0.12332039613972547,-0.3970802811100815,-0.8660505269337131,0.0775240147505648,0.3583656513123154,0.06404709359602881,-1.4488290706946372,-0.22600551004213357,0.9303729191339788,0.09387669176168793,0.8533979611090057,0.5273859021700049,0.1337649832391598,-0.9270002959848623
-1.123061369790491,-0.811268167388827,-0.6760546345729724,-0.9148725047120625,-0.7138493591129991,-1.0759931891600563,-0.7387199927896795,-0.7962379301013299,-1.1171520561773745,-0.1346469669797027,-0.7371392285967618,-0.9163876970639194,-1.3807620475818305,-1.0457585463277157,-1.4486104394551047,-0.8261236660595112,-0.8893569322697078,0.16615474254104454,-1.258244926821752,0.4442252636078502,-0.4951883966204653,-0.8330000068603042,-0.5453510794483546,0.6480831848142746,-1.0108720627667884,-0.444995483339069,0.8737497558181354,0.7325484617158932,0.054172712019718565,-0.19856902015606806,-0.033236267646333445,-0.6007707274407443,0.4280667159832905,0.8241771067404435,-0.21372613165615173,0.6663320569081292,-0.31470545409372147,-0.8644268557113709,0.2688727629175742,0.3037507956106769,0.2681666955590525,-0.14528303778897894,-0.5257375770004049,0.5524188322454887,0.22850380598193917,-0.6100246764687638,0.01350417478781809,0.22787574772592506,-0.0835255819711394,-0.6854978191006854,-0.904739066048499,-0.0919567631360951,0.40158169014925726,0.1400560442239891,-1.3420022524075779,-0.2834703589489052,1.0142039161536007,0.12687457663651858,0.8142685338882225,0.5623779924287096,0.24390812226753764,-0.8570086549232306
-1.157654227989482,-0.8305572030244359,-0.6207341700103036,-0.9362137845480731,-0.699971691614501,-1.029120168833168,-0.7117370426617949,-0.8239956808137903,-1.0415558883912095,-0.07282662537926433,-0.8254892977293395,-0.8965404688302238,-1.4069473034332212,-1.0778451086037808,-1.0347242867874464,-0.8131299886862913,-0.8283571840193219,0.11640351762999127,-1.258244926821752,0.38628598155449223,-0.4951883966204653,-0.8765206968739001,-0.40181764960109706,0.7382024371708201,-1.0329263944556055,-0.5626893824033343,0.7257865036651865,0.5588757982268151,0.09983605299594088,-0.009784620117385618,-0.033236267646333445,-0.6341658184267858,0.5644786186131642,0.7024001071778856,-0.3743213453990338,0.7402249506814463,-0.31470545409372147,-1.042086559664315,0.20778296488639697,0.2755868625115844,0.3713798483106055,-0.2194218013597987,-0.45370425016846766,0.5524188322454887,0.20356575376673958,-0.674545271219934,0.08039285301467025,0.30227740411999543,0.07565367470320483,-0.48576821969824446,-0.8660505269337131,0.13401760737945143,0.40158169014925726,0.06404709359602881,-1.2351754341205188,-0.2834703589489052,0.9722884176437897,0.12687457663651858,0.8925273883297888,0.45740172165259557,0.3173368816197895,-0.6130377917941154
-1.157654227989482,-0.8305572030244359,-0.6391743248645311,-0.9362137845480731,-0.7138493591129991,-1.029120168833168,-0.7387199927896795,-0.7962379301013299,-0.9925205363137058,-0.1917118976877899,-0.7371392285967618,-0.9163876970639194,-1.4069473034332212,-1.1099316708798461,-0.8830849636117906,-0.8131299886862913,-0.869023682852915,0.06250635730967434,-1.2296296946943568,0.2655791439433638,-0.5977889740835456,-0.8765206968739001,-0.45923102154000006,0.7382024371708201,-0.8123830775674358,-0.582278271469965,0.9230708398691184,0.8488047528492928,0.06939382567845934,-0.10417682013672683,-0.033236267646333445,-0.5840731819477236,0.29165481335341686,0.7632886069591646,-0.24049200061329873,0.8389507021982555,-0.39122037189160225,-0.8407518323555444,0.14669316685521974,0.21925899631339926,0.2681666955590525,-0.2194218013597987,-0.5977709038323422,0.41535437904840783,0.25344185819713877,-0.5242316240475888,0.05809662693905287,0.10387298706914112,-0.003935953633967285,-0.5746378958654816,-0.9434276051632848,0.24723632375455643,0.4880137678231411,0.10205156891000895,-1.1817620249769891,-0.31208550820044106,0.9722884176437897,0.15987246151134923,0.8925273883297888,0.5623779924287096,0.24390812226753764,-0.4736258700060496
-1.157654227989482,-0.811268167388827,-0.6022940151560829,-0.9148725047120625,-0.699971691614501,-1.029120168833168,-0.6847540925339204,-0.8239956808137903,-0.9925205363137058,-0.07282662537926433,-0.7371392285967618,-0.9560821535313108,-1.444654071859225,-1.0109981038619722,-0.7296616483987781,-0.7871426339398516,-0.869023682852915,0.2159059674520978,-1.185514545164628,0.5601038277145232,-0.5645131111225485,-0.898281041880694,-0.3731109636316456,0.6931428109925474,-1.0549807261444224,-0.6998116058697497,0.8737497558181354,0.7909138650196001,-0.250374324381808,-0.24576512016573865,-0.0867867728677697,-0.6007707274407443,0.15524291072354243,0.7024001071778856,-0.24049200061329873,0.9128435959715726,-0.39122037189160225,-0.7697267622880648,0.024012834743428906,0.21925899631339926,0.2681666955590525,-0.034074892432749325,-0.3453590413679715,0.5068551720546336,0.25344185819713877,-0.20233187203289527,0.10268907909028764,0.25267629985728185,-0.16311521030831153,-0.3305643271689592,-0.8918428863435703,0.24723632375455643,0.4447977289861992,0.1400560442239891,-1.0480095947036423,-0.31208550820044106,1.0142039161536007,0.12687457663651858,0.931656815550572,0.5273859021700049,0.20719374259141168,-0.36878124849740146
-1.1895860970962375,-0.8305572030244359,-0.6207341700103036,-0.9148725047120625,-0.7277270266115022,-1.1736453148410826,-0.7117370426617949,-0.9095820788438496,-0.9925205363137058,0.04130323603693119,-0.7968352212539035,-0.9163876970639194,-1.444654071859225,-1.0109981038619722,-0.7296616483987781,-0.8261236660595112,-0.8893569322697078,0.16615474254104454,-1.185514545164628,0.5601038277145232,-0.5284642595814623,-0.9218547489713915,-0.3156975916927419,0.7382024371708201,-1.1213244944214378,-0.895861061200538,0.8737497558181354,0.7325484617158932,-0.250374324381808,-0.15137292014639744,0.07386474279653907,-0.68439532003284,0.4280667159832905,0.8241771067404435,-0.24049200061329873,1.0113674543359954,-0.42947783079054264,-0.7578892506101516,0.2688727629175742,0.2474229294124918,0.3713798483106055,-0.10821365600356908,-0.45370425016846766,0.5068551720546336,0.42821263396759507,-0.2881249244540697,0.08039285301467025,0.5256856565163982,0.03585886053461877,-0.5081219419243594,-0.8660505269337131,0.16226440369389475,0.27193357363843157,0.10205156891000895,-1.0480095947036423,-0.31208550820044106,0.9722884176437897,0.06087880688685729,0.8533979611090057,0.45740172165259557,0.24390812226753764,-0.2293693267093356
-1.157654227989482,-0.7919791317532109,-0.6207341700103036,-0.8754732188609725,-0.7277270266115022,-1.0759931891600563,-0.7117370426617949,-0.8795111822386903,-1.0415558883912095,-0.015761694671156016,-0.8254892977293395,-0.9759293817650138,-1.444654071859225,-1.0457585463277157,-0.708253743950453,-0.8261236660595112,-0.9317178685546966,0.2159059674520978,-1.2141297772920179,0.5601038277145232,-0.5284642595814623,-0.898281041880694,-0.22934223307972024,0.7382024371708201,-1.4082115795866226,-0.8566832830672765,0.7751075877161695,0.6167666860565078,-0.21993209706432645,-0.15137292014639744,-0.16733199998361872,-0.6341658184267858,0.05265445116378061,0.5806231076153276,-0.3743213453990338,0.9867364897448897,-0.39122037189160225,-0.7460517389322383,0.3299625609487514,0.13476719701612164,0.30257107980957015,-0.14528303778897894,-0.2733257145360342,0.5979824924363438,0.27837991041233834,-0.24522839824348247,0.10268907909028764,0.1286735392004979,0.03585886053461877,-0.37490829646304075,-0.8789467066386417,0.24723632375455643,0.2287175348014897,0.2160649948519511,-0.9945961855601126,-0.2546206592936694,0.8884574206241678,0.2591365906020271,0.8533979611090057,0.4923938119113002,0.24390812226753764,-0.2293693267093356
-1.1895860970962375,-0.811268167388827,-0.6022940151560829,-0.9559134274736182,-0.7138493591129991,-1.1228662094869621,-0.7117370426617949,-0.7962379301013299,-0.9414420445663017,-0.015761694671156016,-0.7657933050721979,-0.9560821535313108,-1.4708393277106155,-1.0109981038619722,-0.6654379350537949,-0.8131299886862913,-0.8893569322697078,0.2656571923631511,-1.2141297772920179,0.4442252636078502,-0.5645131111225485,-0.898281041880694,-0.8613599258169888,0.6931428109925474,-1.2536504845543395,-0.6998116058697497,0.7751075877161695,0.7909138650196001,-0.20471098340558566,-0.056980720127056225,0.02031423757510281,-0.6007707274407443,0.7352730294878628,0.8241771067404435,-0.07989678687041608,0.8635816667893612,-0.35296291299266186,-0.781564273965978,0.024012834743428906,0.21925899631339926,0.2681666955590525,-0.18235241957438883,-0.6337875672483109,0.5979824924363438,0.3282560148427381,-0.6316487450093469,0.05809662693905287,0.20307519559456827,-0.04373076780255335,-0.37490829646304075,-0.8531543472287845,0.19074273112566978,0.4880137678231411,0.10205156891000895,-0.941182776416583,-0.2834703589489052,0.9722884176437897,0.22613870572719647,0.8925273883297888,0.45740172165259557,0.35405126129591546,-0.2642223071563521
-1.1895860970962375,-0.8305572030244359,-0.6022940151560829,-0.9148725047120625,-0.7138493591129991,-1.0759931891600563,-0.7387199927896795,-0.8517534315262403,-0.9925205363137058,0.04130323603693119,-0.7657933050721979,-0.9163876970639194,-1.240409076218375,-1.0778451086037808,-0.68684583950212,-0.773066150118861,-0.9317178685546966,0.2159059674520978,-1.185514545164628,0.4442252636078502,-0.5645131111225485,-0.9218547489713915,-0.3731109636316456,0.7382024371708201,-1.2536504845543395,-0.6214560496032266,0.9230708398691184,0.7909138650196001,-0.3570468832197045,-0.056980720127056225,0.07386474279653907,-0.617468272933765,0.9739938590901417,0.7632886069591646,-0.24049200061329873,0.8635816667893612,-0.35296291299266186,-0.7342142272543251,0.08560336882404251,0.21925899631339926,0.3369754640600878,-0.2194218013597987,-0.5977709038323422,0.5979824924363438,0.27837991041233834,-0.6316487450093469,0.03580040086343548,0.10387298706914112,-0.003935953633967285,-0.28622035787487776,-0.8531543472287845,0.24723632375455643,0.4447977289861992,-0.012273369124667593,-0.8877693672730534,-0.31208550820044106,0.8046264236045458,0.2591365906020271,1.0099156699921383,0.5273859021700049,0.3173368816197895,-0.2642223071563521
-1.157654227989482,-0.8305572030244359,-0.5638770258764532,-0.8951728617865174,-0.7416046941100003,-1.029120168833168,-0.765702942917554,-0.7962379301013299,-1.0170382123524575,0.04130323603693119,-0.7371392285967618,-0.9362349252976151,-0.7931649062766135,-1.0778451086037808,-0.708253743950453,-0.773066150118861,-0.9723843673882898,0.16615474254104454,-1.1712069291009333,0.5021645456611867,-0.5977889740835456,-0.9653754389849875,-0.28699090572329045,0.7382024371708201,-0.9447090677003376,-0.8370943940006457,0.8737497558181354,0.7909138650196001,0.08461493933720012,-0.056980720127056225,0.12741524801797532,-0.6341658184267858,-0.3909637649706653,0.6415116073966066,-0.2672578695704457,0.8882126313804669,-0.35296291299266186,-0.7104421751142532,0.14669316685521974,0.16293113011521418,0.3369754640600878,0.0029944893526605465,-0.6337875672483109,0.5524188322454887,0.17862770155153998,-0.3955420454158272,0.03580040086343548,0.6744889693045394,-0.003935953633967285,-0.35273631181599996,-0.8531543472287845,0.16226440369389475,0.3583656513123154,0.06404709359602881,-0.8343559581295238,-0.34070065745197686,0.6788799280751129,0.2591365906020271,1.0099156699921383,0.4923938119113002,0.24390812226753764,-0.2642223071563521
-1.221517966203005,-0.8305572030244359,-0.6022940151560829,-0.9362137845480731,-0.7277270266115022,-1.1228662094869621,-0.7926858930454286,-0.8517534315262403,-0.9925205363137058,0.15543309745310557,-0.7657933050721979,-0.9362349252976151,-0.7030876261478236,-1.1099316708798461,-0.708253743950453,-0.8001363113130715,-0.9096901816865006,0.16615474254104454,-1.2141297772920179,0.5601038277145232,-0.5645131111225485,-0.9871357839917814,-0.22934223307972024,0.7832620633490929,-0.9226547360115206,-0.6998116058697497,0.8244286717671524,0.7909138650196001,-0.021932856273985293,0.03741147989228499,0.18096575323941158,-0.6007707274407443,0.5644786186131642,0.7632886069591646,-0.24049200061329873,0.789688773016044,-0.31470545409372147,-0.7342142272543251,0.2688727629175742,0.16293113011521418,0.4401886168116409,-0.0711442742181592,-0.2733257145360342,0.46129151186377854,-0.07095723086451508,-0.24522839824348247,0.08039285301467025,0.5752867607791123,-0.003935953633967285,-0.5302939265714002,-0.8401524611328318,0.2754831200689997,0.4447977289861992,0.10205156891000895,-0.8343559581295238,-0.2834703589489052,0.8046264236045458,0.35813024522652054,0.931656815550572,0.4923938119113002,0.28062250194366356,-0.2642223071563521
-1.1895860970962375,-0.8305572030244359,-0.5823171807306738,-0.9559134274736182,-0.7277270266115022,-1.1736453148410826,-0.7926858930454286,-0.8795111822386903,-1.0660735644299704,0.27431836976165225,-0.8254892977293395,-0.9362349252976151,-0.8444880077453369,-1.0778451086037808,-0.708253743950453,-0.8131299886862913,-0.9096901816865006,0.2159059674520978,-1.1712069291009333,0.5601038277145232,-0.5284642595814623,-0.9436150939781935,-0.3156975916927419,0.6931428109925474,-1.2095418211767055,-0.503922715203442,1.0217130079710843,0.7909138650196001,-0.05237508359146684,-0.10417682013672683,-0.06001152025705157,-0.617468272933765,0.5644786186131642,0.5806231076153276,-0.18696026269900473,0.9128435959715726,-0.39122037189160225,-0.6630921284026002,0.2688727629175742,0.19109506321430672,0.4057842325611232,0.0029944893526605465,-0.20129238770409694,0.5979824924363438,0.17862770155153998,-0.3740937823105336,0.08039285301467025,0.5256856565163982,-0.0835255819711394,-0.4192522657571222,-0.8660505269337131,0.24723632375455643,0.4447977289861992,0.1400560442239891,-0.8076492535577591,-0.31208550820044106,0.7207954265849239,0.1931408208523658,0.931656815550572,0.4923938119113002,0.24390812226753764,-0.29907528760336854
-1.221517966203005,-0.7919791317532109,-0.6022940151560829,-0.9559134274736182,-0.7416046941100003,-1.029120168833168,-0.7926858930454286,-0.8517534315262403,-0.968002860274945,0.04130323603693119,-0.7968352212539035,-0.9362349252976151,-0.857056930554008,-1.1099316708798461,-0.68684583950212,-0.8531938272537265,-0.869023682852915,0.2159059674520978,-1.2141297772920179,0.5601038277145232,-0.4951883966204653,-0.9218547489713915,-0.20063554711026874,0.7382024371708201,-1.2095418211767055,-0.4843338261368113,0.8737497558181354,0.7909138650196001,-0.17426875608810413,-0.19856902015606806,0.1006399954072572,-0.6676977745398194,0.22344886203848002,0.7024001071778856,-0.1601943937418577,0.8389507021982555,-0.35296291299266186,-0.69860466343634,0.14669316685521974,0.19109506321430672,0.3369754640600878,-0.10821365600356908,-0.20129238770409694,0.36979071885755277,0.3033179626275379,-0.6316487450093469,0.10268907909028764,0.426483447990971,-0.003935953633967285,-0.35273631181599996,-0.8531543472287845,0.2189895274401131,0.5744458454970249,0.2160649948519511,-0.7273102324279418,-0.2834703589489052,0.6788799280751129,0.15987246151134923,1.0099156699921383,0.4923938119113002,0.24390812226753764,-0.5084788504530661
-1.221517966203005,-0.8305572030244359,-0.6207341700103036,-0.9362137845480731,-0.7277270266115022,-1.029120168833168,-0.7117370426617949,-0.8795111822386903,-0.968002860274945,0.04130323603693119,-0.7657933050721979,-0.9362349252976151,-0.9335178776400689,-1.1420182331559114,-0.6440300306054698,-0.8001363113130715,-0.9096901816865006,0.16615474254104454,-1.199822161228323,0.4442252636078502,-0.46191253365945595,-0.898281041880694,-0.05710211726301059,0.7832620633490929,-0.5916589874687012,-0.5626893824033343,0.8737497558181354,0.8488047528492928,-0.326604655902223,-0.056980720127056225,0.18096575323941158,-0.6676977745398194,0.49627266729822733,0.7632886069591646,-0.026145656587621253,0.8635816667893612,-0.31470545409372147,-0.7342142272543251,0.4521421570111059,0.05004454580819547,0.4057842325611232,-0.10821365600356908,-0.4173923681999088,0.46129151186377854,0.22850380598193917,-0.5456798871528824,0.05809662693905287,0.40147961264542315,-0.003935953633967285,-0.28622035787487776,-0.8143601017229746,0.2754831200689997,0.531229806660083,0.8624525872823513,-0.7540169369997065,-0.34070065745197686,0.7207954265849239,0.22613870572719647,1.0099156699921383,0.5273859021700049,0.24390812226753764,-0.43877288955903315
-1.221517966203005,-0.8514536582963491,-0.6022940151560829,-0.9148725047120625,-0.7277270266115022,-1.0759931891600563,-0.7387199927896795,-0.8795111822386903,-0.9925205363137058,0.09836816674501839,-0.7657933050721979,-0.9560821535313108,-1.0487330033861915,-1.1099316708798461,-0.4263830020474741,-0.773066150118861,-0.8893569322697078,0.2159059674520978,-1.185514545164628,0.3283466995011557,-0.4951883966204653,-0.9218547489713915,-0.22934223307972024,0.7382024371708201,-0.7019306459127861,-0.6606338277364882,0.7751075877161695,0.7325484617158932,-0.31125877901677107,-0.009784620117385618,0.15419050062869344,-0.617468272933765,0.8716849321177365,0.5806231076153276,0.0006202123695257549,0.9867364897448897,-0.42947783079054264,-0.8052392973218045,0.20778296488639697,0.2474229294124918,0.30257107980957015,-0.0711442742181592,-0.45370425016846766,0.5068551720546336,0.25344185819713877,-0.15943534582230806,0.03580040086343548,0.4512840001223278,-0.12332039613972547,-0.4192522657571222,-0.8272562814279032,0.2189895274401131,0.4880137678231411,0.6724302107124507,-0.700603527856177,-0.2546206592936694,0.7207954265849239,0.22613870572719647,0.8925273883297888,0.5973700826874142,0.20719374259141168,0.1891521188224607
-1.221517966203005,-0.8305572030244359,-0.6022940151560829,-0.9559134274736182,-0.7416046941100003,-1.029120168833168,-0.7926858930454286,-0.8517534315262403,-1.0170382123524575,0.09836816674501839,-0.8254892977293395,-0.9362349252976151,-1.100056104854915,-1.1420182331559114,-0.4031911055617846,-0.7871426339398516,-0.8486904334361222,0.3693055775945397,-1.2141297772920179,0.5601038277145232,-0.4951883966204653,-0.9218547489713915,-0.17192886114081724,0.6480831848142746,-0.5696046557798843,-0.5431004933367035,0.9230708398691184,0.9066956406789854,-0.3570468832197045,-0.056980720127056225,0.2077410058501303,-0.6341658184267858,0.9057879077752049,0.9459541063030015,-0.026145656587621253,0.9128435959715726,-0.35296291299266186,-0.781564273965978,0.2688727629175742,0.02188061270910293,0.4057842325611232,-0.034074892432749325,-0.5257375770004049,0.18753607809413236,0.20356575376673958,-0.009297504085252815,0.05809662693905287,0.25267629985728185,0.11544848887179089,-0.6854978191006854,-0.7885677423131173,0.2754831200689997,0.531229806660083,0.36808289610787165,-0.6471901187126473,-0.2546206592936694,0.7627109250947349,0.1931408208523658,0.9707862427713552,0.5623779924287096,0.09705060356303385,0.2588580797164936
-1.157654227989482,-0.8514536582963491,-0.6022940151560829,-0.9362137845480731,-0.699971691614501,-1.029120168833168,-0.8219174223506309,-0.8517534315262403,-1.0170382123524575,0.04130323603693119,-0.8254892977293395,-0.9560821535313108,-1.2278401534097039,-1.1741047954319885,-0.3603752966651265,-0.8001363113130715,-0.9096901816865006,0.3693055775945397,-1.243937310758057,0.5021645456611867,-0.46191253365945595,-0.9218547489713915,-0.28699090572329045,0.8283216895273656,-0.9888177310779716,-0.5626893824033343,0.9230708398691184,0.9066956406789854,-0.28081655169928954,-0.19856902015606806,0.2077410058501303,-0.6508633639198065,0.08675742682124903,0.7632886069591646,-0.1334285247847107,0.962105525153784,-0.2764479951947811,-0.7578892506101516,0.14669316685521974,-0.03444725348908216,0.2681666955590525,0.0029944893526605465,-0.4173923681999088,0.6435461526271989,0.22850380598193917,-0.05219403029584003,0.05809662693905287,0.4512840001223278,0.03585886053461877,-0.5081219419243594,-0.8143601017229746,0.2189895274401131,0.531229806660083,0.33007842079389155,-0.6471901187126473,-0.2546206592936694,0.511217934035869,0.15987246151134923,0.8533979611090057,0.5623779924287096,0.28062250194366356,0.11944615792842778
-1.2534498353097605,-0.7919791317532109,-0.6022940151560829,-0.9362137845480731,-0.7277270266115022,-0.9822471485062794,-0.7926858930454286,-0.8517534315262403,-0.9925205363137058,0.15543309745310557,-0.8827974506801904,-0.9362349252976151,-1.368193124773164,-1.1420182331559114,-0.4031911055617846,-0.7871426339398516,-0.9317178685546966,0.3693055775945397,-1.2296296946943568,0.5601038277145232,-0.46191253365945595,-0.9218547489713915,-0.08580880323246275,0.6931428109925474,0.180604168061022,-0.5431004933367035,0.8737497558181354,0.7325484617158932,-0.250374324381808,-0.10417682013672683,0.07386474279653907,-0.6007707274407443,0.3598607646683537,0.7632886069591646,-0.1334285247847107,0.9867364897448897,-0.31470545409372147,-0.8525893440334577,0.20778296488639697,0.3037507956106769,0.3369754640600878,-0.0711442742181592,-0.5257375770004049,0.5524188322454887,0.3033179626275379,0.03377482756062387,0.05809662693905287,0.5008851043850414,0.07565367470320483,-0.5524659112184409,-0.7885677423131173,0.2754831200689997,0.5744458454970249,0.17806051953796923,-0.6204834141408826,-0.16877521153906194,0.4270433673563303,0.2591365906020271,0.9707862427713552,0.5273859021700049,0.3907656409720414,-0.333928268050385
-1.1895860970962375,-0.8514536582963491,-0.6022940151560829,-0.9148725047120625,-0.7138493591129991,-1.029120168833168,-0.7117370426617949,-0.8517534315262403,-0.968002860274945,0.21725343905354394,-0.7968352212539035,-0.9362349252976151,-1.368193124773164,-1.1099316708798461,-0.38178320111345954,-0.773066150118861,-0.9096901816865006,0.46880802741664623,-1.199822161228323,0.5021645456611867,-0.3953608077374619,-0.9436150939781935,-0.11451548920191425,0.7832620633490929,0.2469479363380367,-0.503922715203442,0.9230708398691184,0.9645865285086781,-0.3722679968784453,-0.009784620117385618,0.15419050062869344,-0.6676977745398194,1.0421998104050785,0.9459541063030015,-0.18696026269900473,0.9128435959715726,-0.39122037189160225,-0.7697267622880648,0.08560336882404251,0.2474229294124918,0.30257107980957015,0.0029944893526605465,-0.8859042111600914,0.6435461526271989,0.25344185819713877,0.1410161430870919,0.01350417478781809,0.426483447990971,0.15556949004175913,-0.5302939265714002,-0.8401524611328318,0.33197671269788637,0.5744458454970249,0.2160649948519511,-0.5937767095691178,-0.19739036079059774,0.4693024355260581,0.2591365906020271,1.0099156699921383,0.5273859021700049,0.28062250194366356,-0.9618532764318788
-1.1895860970962375,-0.8305572030244359,-0.6022940151560829,-0.9362137845480731,-0.7138493591129991,-0.9822471485062794,-0.7387199927896795,-0.8239956808137903,-0.9925205363137058,0.21725343905354394,-0.7657933050721979,-0.9362349252976151,-1.4195162262418874,-1.1420182331559114,-0.4031911055617846,-0.8001363113130715,-0.9317178685546966,0.5683104772387712,-1.2141297772920179,0.6228713832723152,-0.42863667069845895,-0.9218547489713915,0.11513799855369838,0.7382024371708201,0.15854983637220502,-0.6018671605365958,0.8737497558181354,0.7909138650196001,-0.11338430145314105,-0.009784620117385618,0.12741524801797532,-0.6007707274407443,0.7693760051453312,0.7024001071778856,-0.24049200061329873,0.764855915272552,-0.35296291299266186,-0.7460517389322383,0.14669316685521974,0.33191472870976946,0.4057842325611232,0.040063871138070424,-0.45370425016846766,0.09640875771242216,0.4032745817523955,0.09811961687650468,0.08039285301467025,0.35187850838270956,0.15556949004175913,-0.5081219419243594,-0.8918428863435703,0.33197671269788637,0.5744458454970249,0.25406947016593123,-0.5670700049973529,-0.19739036079059774,0.55313343254568,0.3251323603516884,1.0490450972129215,0.5623779924287096,0.28062250194366356,-1.5197866437517409
-1.285381704416516,-0.8305572030244359,-0.5638770258764532,-0.9559134274736182,-0.7277270266115022,-1.0759931891600563,-0.7926858930454286,-0.8239956808137903,-1.0170382123524575,0.15543309745310557,-0.7657933050721979,-0.9362349252976151,-1.4708393277106155,-1.1099316708798461,-0.4031911055617846,-0.8131299886862913,-0.9096901816865006,0.5185592523276995,-1.243937310758057,0.5021645456611867,-0.42863667069845895,-0.9871357839917814,0.05772462661479539,0.7832620633490929,0.29105659971567066,-0.4843338261368113,0.8737497558181354,0.9066956406789854,0.23695083915131895,0.03741147989228499,0.02031423757510281,-0.6007707274407443,0.7352730294878628,0.8850656065217225,-0.3207896074847398,0.8143197376071498,-0.35296291299266186,-0.8289143206776312,0.20778296488639697,0.33191472870976946,0.4057842325611232,-0.034074892432749325,-0.2373090511200656,0.32422705866669765,0.4032745817523955,-0.13798708271701446,0.1474642871929621,-0.045133608933191245,0.1953643042103452,-0.3970802811100815,-0.8272562814279032,0.30372991638344304,0.531229806660083,0.2160649948519511,-0.5403633004255881,-0.2834703589489052,0.636964429565302,0.2921344754768578,0.931656815550572,0.42240963139389087,0.24390812226753764,-1.3103830809020434
-1.2534498353097605,-0.811268167388827,-0.5638770258764532,-0.9148725047120625,-0.7138493591129991,-1.029120168833168,-0.8219174223506309,-0.8239956808137903,-1.0415558883912095,0.21725343905354394,-0.7657933050721979,-0.9560821535313108,-1.5221624291793436,-1.0778451086037808,-0.3603752966651265,-0.8131299886862913,-0.9096901816865006,0.5185592523276995,-1.2141297772920179,0.6228713832723152,-0.3593119561963757,-0.9218547489713915,0.08643131258424688,0.7832620633490929,-0.23860890723706532,-0.6802227168031189,0.8244286717671524,0.7909138650196001,0.2065086118338374,0.03741147989228499,-0.06001152025705157,-0.5673756364547029,0.837581956460268,0.8241771067404435,-0.1334285247847107,0.6663320569081292,-0.31470545409372147,-0.7697267622880648,0.2688727629175742,0.3037507956106769,0.30257107980957015,0.07713325292348029,-0.2733257145360342,0.6891098128180541,0.20356575376673958,-0.3740937823105336,0.12516806111734471,0.20307519559456827,0.07565367470320483,-0.4635962350512037,-0.8272562814279032,0.24723632375455643,0.4447977289861992,0.25406947016593123,-0.5136565958538234,-0.19739036079059774,0.7207954265849239,0.2591365906020271,0.9707862427713552,0.5973700826874142,0.3173368816197895,-0.7524497135821813
-1.319974562615507,-0.7919791317532109,-0.5823171807306738,-0.9756130703991704,-0.7138493591129991,-1.0759931891600563,-0.765702942917554,-0.7962379301013299,-1.0415558883912095,0.15543309745310557,-0.7968352212539035,-0.9560821535313108,-1.5473002747966764,-1.0778451086037808,-0.38178320111345954,-0.7871426339398516,-0.8486904334361222,0.46880802741664623,-1.243937310758057,0.5021645456611867,-0.42863667069845895,-0.9436150939781935,0.14384468452314988,0.6931428109925474,-0.8564917409450697,-0.8566832830672765,1.0710340920220673,0.9066956406789854,0.16084527085761507,0.03741147989228499,0.23451625846084845,-0.5506780909616822,0.837581956460268,0.6415116073966066,-0.18696026269900473,0.8143197376071498,-0.39122037189160225,-0.7578892506101516,0.20778296488639697,0.2755868625115844,0.4057842325611232,0.0029944893526605465,0.05082425620768359,0.6891098128180541,0.3033179626275379,-0.4169903085211208,0.12516806111734471,0.20307519559456827,-0.003935953633967285,-0.48576821969824446,-0.8143601017229746,0.30372991638344304,0.531229806660083,0.25406947016593123,-0.43353648213852897,-0.22600551004213357,1.0142039161536007,0.1931408208523658,1.0881745244337047,0.6323621729461189,0.3907656409720414,-1.205824139560994
-1.3519064317222627,-0.811268167388827,-0.6022940151560829,-0.9362137845480731,-0.7277270266115022,-1.029120168833168,-0.7387199927896795,-0.8517534315262403,-1.0415558883912095,0.15543309745310557,-0.7657933050721979,-0.9759293817650138,-1.5347313519880101,-1.0778451086037808,-0.3603752966651265,-0.8001363113130715,-0.869023682852915,0.5683104772387712,-1.2141297772920179,0.6228713832723152,-0.4951883966204653,-0.9218547489713915,0.17278667119726926,0.7382024371708201,-0.6578219825351521,-0.6802227168031189,0.9723919239201013,0.8488047528492928,0.13040304354013355,0.0846075799019556,0.2077410058501303,-0.617468272933765,1.00809683474761,0.8241771067404435,-0.24049200061329873,0.7155939860903406,-0.2381905362958407,-0.6394171050467737,0.024012834743428906,0.19109506321430672,0.3369754640600878,0.0029944893526605465,-0.3453590413679715,0.6891098128180541,0.42821263396759507,-0.459886834731708,0.10268907909028764,0.22787574772592506,0.03585886053461877,-0.48576821969824446,-0.8272562814279032,0.33197671269788637,0.4880137678231411,0.1400560442239891,-0.43353648213852897,-0.2546206592936694,1.0564629843233284,0.12687457663651858,1.1273039516544878,0.6323621729461189,0.3173368816197895,-1.589492604645774
-1.221517966203005,-0.7919791317532109,-0.6207341700103036,-0.9148725047120625,-0.7277270266115022,-0.9353741281793736,-0.765702942917554,-0.8795111822386903,-0.9925205363137058,0.21725343905354394,-0.7371392285967618,-0.9759293817650138,-1.5724381204140139,-1.208865237897732,-0.38178320111345954,-0.8001363113130715,-0.869023682852915,0.5683104772387712,-1.2141297772920179,0.6808106653256517,-0.3953608077374619,-0.9436150939781935,-0.17192886114081724,0.6931428109925474,-0.8785460726338866,-0.5431004933367035,0.9230708398691184,0.9066956406789854,0.2065086118338374,0.0846075799019556,0.18096575323941158,-0.5840731819477236,0.837581956460268,0.7632886069591646,-0.07989678687041608,0.789688773016044,-0.2381905362958407,-0.7222796867921665,0.20778296488639697,0.33191472870976946,0.3713798483106055,0.040063871138070424,-0.30934237795200287,0.6435461526271989,0.6526551039043919,-0.20233187203289527,0.10268907909028764,0.3270779562513522,0.11544848887179089,-0.37490829646304075,-0.8272562814279032,0.19074273112566978,0.40158169014925726,0.1400560442239891,-0.37990416558047646,-0.19739036079059774,0.13363487778765348,0.3251323603516884,1.2446922333168373,0.7023463534635281,0.20719374259141168,-1.589492604645774
-1.2534498353097605,-0.811268167388827,-0.5638770258764532,-0.8951728617865174,-0.7138493591129991,-0.8845950228252532,-0.7926858930454286,-0.8517534315262403,-1.0660735644299704,0.27431836976165225,-0.7371392285967618,-0.9362349252976151,-1.5860544534567382,-1.1741047954319885,-0.4031911055617846,-0.8261236660595112,-0.8893569322697078,0.6222076375590881,-1.2141297772920179,0.7387499473790096,-0.42863667069845895,-0.9436150939781935,-0.08580880323246275,0.6931428109925474,-0.7239849776016036,-0.7389893840030112,0.9723919239201013,0.7909138650196001,0.28261418012754125,0.1321905331903944,0.18096575323941158,-0.5840731819477236,0.49627266729822733,0.8850656065217225,0.02738608132667276,0.9128435959715726,-0.19993307739690033,-0.781564273965978,0.2688727629175742,0.2755868625115844,0.4057842325611232,0.0029944893526605465,0.08713613817624244,0.7346734730089091,0.6277170516891923,-0.35264551920523995,0.08039285301467025,0.25267629985728185,0.15556949004175913,-0.5081219419243594,-0.801463922018046,0.33197671269788637,0.4880137678231411,0.17806051953796923,-0.4066108701522413,-0.14016006228752612,-0.5373566680292408,0.1931408208523658,1.2446922333168373,0.6323621729461189,0.24390812226753764,-1.2406771200080104
-1.2534498353097605,-0.7919791317532109,-0.5823171807306738,-0.8951728617865174,-0.7416046941100003,-1.029120168833168,-0.7926858930454286,-0.8795111822386903,-1.1171520561773745,0.44551316188591383,-0.7968352212539035,-0.9163876970639194,-1.5598691976053476,-1.208865237897732,-0.38178320111345954,-0.8001363113130715,-0.9096901816865006,0.46880802741664623,-1.2141297772920179,0.6808106653256517,-0.42863667069845895,-0.9218547489713915,-0.08580880323246275,0.7832620633490929,-0.7682744141898018,-0.7587388377341227,0.8737497558181354,0.9066956406789854,0.16084527085761507,-0.009784620117385618,0.23451625846084845,-0.5840731819477236,0.3939637403258221,0.8850656065217225,-0.1601943937418577,0.764855915272552,-0.2764479951947811,-0.7697267622880648,0.2688727629175742,0.2755868625115844,0.3713798483106055,0.040063871138070424,-0.3453590413679715,0.6891098128180541,0.5529028950435936,-0.30974899299465275,0.05809662693905287,0.37667906051406636,0.03585886053461877,-0.4635962350512037,-0.8272562814279032,0.24723632375455643,0.531229806660083,0.17806051953796923,-0.4066108701522413,-0.22600551004213357,-1.5021002730747268,0.1931408208523658,1.166433378875271,0.5973700826874142,0.28062250194366356,-0.9618532764318788
-1.2534498353097605,-0.7919791317532109,-0.6022940151560829,-0.9559134274736182,-0.699971691614501,-1.029120168833168,-0.765702942917554,-0.7962379301013299,-1.0415558883912095,0.33138330046973946,-0.7968352212539035,-0.8750393049103832,-1.623761221882742,-1.1741047954319885,-0.4477909064957992,-0.773066150118861,-0.8486904334361222,0.5683104772387712,-1.2725525428854467,0.5021645456611867,-0.3953608077374619,-0.9218547489713915,0.14384468452314988,0.6030235586360018,-0.8564917409450697,-0.5626893824033343,0.7751075877161695,0.8488047528492928,0.09983605299594088,0.0846075799019556,0.15419050062869344,-0.617468272933765,0.837581956460268,0.8241771067404435,-0.2940237385275928,0.8143197376071498,-0.16167561849795994,-0.7342142272543251,0.20778296488639697,0.33191472870976946,0.4057842325611232,-0.10821365600356908,0.41128610891996026,0.6891098128180541,0.5778409472587931,-0.30974899299465275,0.12516806111734471,0.47608455225368457,0.11544848887179089,-0.4192522657571222,-0.8143601017229746,0.2189895274401131,0.4447977289861992,0.2160649948519511,-0.37990416558047646,-0.2834703589489052,-2.340753812930863,0.15987246151134923,1.2446922333168373,0.6323621729461189,0.35405126129591546,-0.7524497135821813
-1.285381704416516,-0.772690096117602,-0.6022940151560829,-0.9362137845480731,-0.7277270266115022,-0.9822471485062794,-0.765702942917554,-0.7962379301013299,-1.0415558883912095,0.33138330046973946,-0.7657933050721979,-0.8965404688302238,-1.623761221882742,-1.1420182331559114,-0.38178320111345954,-0.773066150118861,-0.869023682852915,0.5185592523276995,-1.243937310758057,0.5601038277145232,-0.42863667069845895,-0.9871357839917814,-0.08580880323246275,0.7832620633490929,-0.8564917409450697,-0.5235116042700728,0.9230708398691184,0.9645865285086781,-0.15904764242936337,0.17938663320006498,0.12741524801797532,-0.6007707274407443,0.8034789808027997,0.8241771067404435,-0.18696026269900473,0.8882126313804669,-0.19993307739690033,-0.6749296400805135,0.08560336882404251,0.21925899631339926,0.3713798483106055,0.07713325292348029,0.3752694455039916,0.7802371331997642,0.5778409472587931,-0.2881249244540697,0.1474642871929621,0.426483447990971,0.15556949004175913,-0.3305643271689592,-0.801463922018046,0.30372991638344304,0.6608779231709087,0.2920739454799114,-0.32649075643694686,-0.31208550820044106,-2.6345058721594565,0.15987246151134923,1.2841423935476273,0.6323621729461189,0.3173368816197895,-0.6478907722411319
-1.221517966203005,-0.7919791317532109,-0.6022940151560829,-0.9362137845480731,-0.7554823616084982,-1.029120168833168,-0.765702942917554,-0.7962379301013299,-1.0415558883912095,0.44551316188591383,-0.7371392285967618,-0.9163876970639194,-1.623761221882742,-1.1099316708798461,-0.3603752966651265,-0.7600724727456363,-0.9096901816865006,0.7217100873811947,-1.2141297772920179,0.6808106653256517,-0.3953608077374619,-0.9436150939781935,-0.20063554711026874,0.6931428109925474,-1.3418678113096074,-0.444995483339069,0.7751075877161695,0.7909138650196001,0.2673930664688005,0.2265827332097356,0.07386474279653907,-0.617468272933765,0.46216969164075894,1.0068426060842806,-0.07989678687041608,0.9374745605626783,-0.35296291299266186,-0.6867671517584267,0.14669316685521974,0.19109506321430672,0.3713798483106055,0.07713325292348029,0.23120279184011702,0.36979071885755277,0.5279648428283934,-0.2881249244540697,0.08039285301467025,0.25267629985728185,0.11544848887179089,-0.153006712413559,-0.801463922018046,0.30372991638344304,0.6176618843339667,0.36808289610787165,-0.2997840518651821,-0.19739036079059774,-2.466500308460296,0.22613870572719647,1.0881745244337047,0.6323621729461189,0.28062250194366356,-0.6827437526881484
-1.285381704416516,-0.8514536582963491,-0.5823171807306738,-0.9559134274736182,-0.7554823616084982,-1.029120168833168,-0.7926858930454286,-0.8239956808137903,-1.0415558883912095,0.44551316188591383,-0.8254892977293395,-0.9362349252976151,-1.6363301446914085,-1.1099316708798461,-0.4477909064957992,-0.7871426339398516,-0.8486904334361222,0.7217100873811947,-1.243937310758057,0.8546285114856826,-0.4951883966204653,-0.9436150939781935,-0.11451548920191425,0.6480831848142746,-1.4302659112754397,-0.5431004933367035,0.8244286717671524,0.7909138650196001,0.28261418012754125,0.2265827332097356,0.07386474279653907,-0.5673756364547029,0.5644786186131642,1.0068426060842806,-0.1334285247847107,0.8389507021982555,-0.2764479951947811,-0.7342142272543251,0.2688727629175742,0.19109506321430672,0.4057842325611232,0.11450648210057417,0.8797979518801436,0.7346734730089091,0.5030267906131938,-0.2881249244540697,0.10268907909028764,0.40147961264542315,0.2749539325475173,-0.24187638858079627,-0.8143601017229746,0.3602235090123297,0.6608779231709087,0.36808289610787165,-0.32649075643694686,-0.2834703589489052,-2.131176320381808,0.3251323603516884,1.2055628060960542,0.5973700826874142,0.24390812226753764,-0.6827437526881484
-1.2534498353097605,-0.7919791317532109,-0.6022940151560829,-0.9362137845480731,-0.7416046941100003,-1.029120168833168,-0.8489003724785055,-0.8239956808137903,-1.0415558883912095,0.44551316188591383,-0.8254892977293395,-0.9163876970639194,-1.611192299074071,-1.208865237897732,-0.4031911055617846,-0.8261236660595112,-0.8486904334361222,0.6719588624701414,-1.243937310758057,0.8546285114856826,-0.3593119561963757,-0.898281041880694,0.14384468452314988,0.7382024371708201,-1.4964289063418905,-0.5235116042700728,0.9723919239201013,0.8488047528492928,0.03895159836097779,0.1321905331903944,0.07386474279653907,-0.5673756364547029,0.5644786186131642,0.8241771067404435,0.02738608132667276,0.8143197376071498,-0.16167561849795994,-0.7104421751142532,0.3299625609487514,0.2755868625115844,0.47459300106215857,0.07713325292348029,0.8077646250482063,0.7346734730089091,0.45315068618279464,-0.3955420454158272,0.1474642871929621,0.426483447990971,0.23515911837893125,-0.24187638858079627,-0.7885677423131173,0.388470305326773,0.6608779231709087,0.36808289610787165,-0.2997840518651821,-0.19739036079059774,-1.8793397596630255,0.2921344754768578,1.166433378875271,0.5623779924287096,0.28062250194366356,-0.5433318309000825
-1.2534498353097605,-0.7919791317532109,-0.5638770258764532,-0.9756130703991704,-0.7277270266115022,-1.029120168833168,-0.7926858930454286,-0.8795111822386903,-1.0170382123524575,0.3884482311778267,-0.7968352212539035,-0.8965404688302238,-1.623761221882742,-1.1420182331559114,-0.4263830020474741,-0.7340851179991966,-0.8486904334361222,0.6222076375590881,-1.2880524602877856,0.7387499473790096,-0.3593119561963757,-0.9436150939781935,0.17278667119726926,0.7832620633490929,-1.4964289063418905,-0.6998116058697497,0.8737497558181354,0.7325484617158932,-0.021932856273985293,0.1321905331903944,0.12741524801797532,-0.5673756364547029,0.8034789808027997,0.8850656065217225,-0.026145656587621253,0.8635816667893612,-0.12310457387033939,-0.7934017856438913,0.08560336882404251,0.3037507956106769,0.2681666955590525,0.07713325292348029,0.6997146348002996,0.6891098128180541,0.5279648428283934,-0.6530970081146404,0.05809662693905287,0.5752867607791123,0.23515911837893125,-0.13083472776651828,-0.7369830234934029,0.24723632375455643,0.7473100008447925,0.25406947016593123,-0.24637064272165246,-0.14016006228752612,-1.7535932641335925,0.2921344754768578,1.166433378875271,0.5973700826874142,0.35405126129591546,-0.5084788504530661
-1.285381704416516,-0.772690096117602,-0.5454368710222326,-0.9559134274736182,-0.7138493591129991,-0.9822471485062794,-0.8489003724785055,-0.8239956808137903,-1.0415558883912095,0.44551316188591383,-0.8254892977293395,-0.8965404688302238,-1.6363301446914085,-1.1099316708798461,-0.4031911055617846,-0.6680339246853217,-0.9096901816865006,0.6222076375590881,-1.258244926821752,0.7387499473790096,-0.3953608077374619,-0.9218547489713915,-0.05710211726301059,0.6931428109925474,-1.7171529964406245,-0.6214560496032266,0.9723919239201013,0.7909138650196001,0.09983605299594088,0.03741147989228499,0.2882862329659787,-0.6007707274407443,0.7352730294878628,0.9459541063030015,-0.1066626558275631,0.6663320569081292,-0.2764479951947811,-0.69860466343634,0.20778296488639697,0.2474229294124918,0.4401886168116409,0.07713325292348029,0.41128610891996026,0.7802371331997642,0.4032745817523955,-0.3311972560999464,0.12516806111734471,0.47608455225368457,0.1953643042103452,0.002197180115726177,-0.7498792031983316,0.04927721843612147,0.8340963083452089,0.33007842079389155,-0.21966393814988766,-0.22600551004213357,-1.7955087626434036,0.2921344754768578,1.2446922333168373,0.6323621729461189,0.35405126129591546,-0.43877288955903315
-1.285381704416516,-0.772690096117602,-0.6022940151560829,-0.9148725047120625,-0.699971691614501,-0.9822471485062794,-0.9028662727342645,-0.8239956808137903,-1.0926343801386136,0.5643984341944606,-0.7657933050721979,-0.9163876970639194,-1.611192299074071,-1.1099316708798461,-0.4263830020474741,-0.7210914406259767,-0.9096901816865006,0.6719588624701414,-1.2880524602877856,0.7387499473790096,-0.3953608077374619,-0.898281041880694,0.05772462661479539,0.6480831848142746,-1.3418678113096074,-0.5626893824033343,0.8737497558181354,0.7325484617158932,0.06939382567845934,0.2265827332097356,0.23451625846084845,-0.5840731819477236,0.9739938590901417,0.8241771067404435,-0.1601943937418577,0.8882126313804669,-0.2764479951947811,-0.7222796867921665,0.2688727629175742,0.3037507956106769,0.4401886168116409,0.11450648210057417,0.15916946500817974,0.6891098128180541,0.3781321192731372,-0.35264551920523995,0.1697605132685795,0.4512840001223278,0.2749539325475173,0.002197180115726177,-0.7885677423131173,0.3602235090123297,0.8773123471821508,0.2920739454799114,-0.24637064272165246,-0.22600551004213357,-1.6278467686041596,0.3251323603516884,1.2446922333168373,0.6323621729461189,0.28062250194366356,-0.333928268050385
-1.2534498353097605,-0.7919791317532109,-0.5823171807306738,-0.9362137845480731,-0.699971691614501,-0.9353741281793736,-0.9028662727342645,-0.8795111822386903,-1.0660735644299704,0.5643984341944606,-0.854143374204765,-0.8551920766766802,-1.623761221882742,-1.208865237897732,-0.4477909064957992,-0.773066150118861,-0.8283571840193219,0.6222076375590881,-1.2880524602877856,0.7387499473790096,-0.46191253365945595,-0.898281041880694,-0.17192886114081724,0.6480831848142746,-1.8935876499511604,-0.5626893824033343,1.0217130079710843,0.6746575738862004,-0.021932856273985293,0.17938663320006498,0.23451625846084845,-0.5673756364547029,1.00809683474761,1.0068426060842806,-0.1601943937418577,0.8882126313804669,-0.31470545409372147,-0.5802295466572075,0.20778296488639697,0.3037507956106769,0.4401886168116409,0.07713325292348029,-0.30934237795200287,0.7802371331997642,0.5279648428283934,-0.5242316240475888,0.1697605132685795,0.3270779562513522,0.3545435608846894,-0.06431877382539605,-0.7498792031983316,0.4732106942701029,0.6608779231709087,0.17806051953796923,-0.21966393814988766,-0.19739036079059774,-1.6278467686041596,0.35813024522652054,1.166433378875271,0.6323621729461189,0.28062250194366356,-0.333928268050385
-1.2534498353097605,-0.7919791317532109,-0.6022940151560829,-0.9362137845480731,-0.7138493591129991,-1.029120168833168,-0.8489003724785055,-0.8517534315262403,-1.0415558883912095,0.6214633649025477,-0.7657933050721979,-0.8750393049103832,-1.6363301446914085,-1.1741047954319885,-0.4477909064957992,-0.8001363113130715,-0.9096901816865006,0.6222076375590881,-1.3023600763514804,0.7966892294323461,-0.42863667069845895,-0.9218547489713915,-0.05710211726301059,0.6030235586360018,-1.4964289063418905,-0.6018671605365958,0.9723919239201013,0.7909138650196001,-0.08281731090894838,0.2265827332097356,0.31506148557669683,-0.5339805454686615,0.9057879077752049,0.8241771067404435,-0.2672578695704457,0.9867364897448897,-0.2764479951947811,-0.7104421751142532,0.3299625609487514,0.3037507956106769,0.4401886168116409,0.1886452456713939,-0.12925906087215963,0.7802371331997642,0.5279648428283934,-0.459886834731708,0.19205673934419687,0.426483447990971,0.31474874671610337,-0.21970440393375554,-0.7498792031983316,-0.17669715207942505,0.7040939620078506,0.2160649948519511,-0.21966393814988766,-0.2546206592936694,-1.6278467686041596,0.45712389985101254,1.166433378875271,0.5623779924287096,0.28062250194366356,-0.29907528760336854
-1.1895860970962375,-0.8305572030244359,-0.6022940151560829,-0.9559134274736182,-0.7138493591129991,-1.029120168833168,-0.87588332260639,-0.7684801793888799,-1.0415558883912095,0.6785282956106349,-0.9114515271556265,-0.9163876970639194,-1.6499464777341326,-1.1420182331559114,-0.3389673922168014,-0.773066150118861,-0.9096901816865006,0.6222076375590881,-1.2880524602877856,0.7966892294323461,-0.3953608077374619,-0.9436150939781935,-0.34440427766219406,0.4678446801011835,-1.5184832380307076,-0.7389893840030112,0.9723919239201013,0.6746575738862004,-0.14382652877062257,0.1321905331903944,0.4489377486302881,-0.5339805454686615,0.9398908834326732,0.8850656065217225,-0.2672578695704457,0.962105525153784,-0.16167561849795994,-0.6867671517584267,0.3299625609487514,0.33191472870976946,0.5089973853126762,0.07713325292348029,0.12315280159221109,0.8258007933906193,0.42821263396759507,-0.5242316240475888,0.1474642871929621,0.47608455225368457,0.15556949004175913,-0.17517869706059977,-0.7627753829032602,0.13401760737945143,0.6608779231709087,0.25406947016593123,-0.19295723357812286,-0.16877521153906194,-1.5021002730747268,0.35813024522652054,1.2446922333168373,0.4923938119113002,0.3907656409720414,-0.36878124849740146
-1.285381704416516,-0.7534010604819931,-0.6022940151560829,-0.9756130703991704,-0.7277270266115022,-1.029120168833168,-0.8489003724785055,-0.8239956808137903,-1.0660735644299704,0.6214633649025477,-0.8254892977293395,-0.8965404688302238,-1.6363301446914085,-1.1420182331559114,-0.38178320111345954,-0.8001363113130715,-0.9096901816865006,0.6719588624701414,-1.243937310758057,0.7966892294323461,-0.3593119561963757,-0.9653754389849875,0.08643131258424688,0.8733813157056384,-1.6950986647518076,-0.40581770520580707,1.0710340920220673,0.6746575738862004,-0.09803842456768916,0.2265827332097356,0.3686119907981331,-0.5506780909616822,1.1788912456223088,1.0068426060842806,0.08091781924096678,0.8882126313804669,-0.19993307739690033,-0.7104421751142532,0.20778296488639697,0.2755868625115844,0.4401886168116409,0.1886452456713939,0.519336099167867,0.6891098128180541,0.5529028950435936,-0.5242316240475888,0.1474642871929621,0.4512840001223278,0.23515911837893125,-0.21970440393375554,-0.7627753829032602,0.671169799588538,0.7473100008447925,0.25406947016593123,-0.19295723357812286,-0.16877521153906194,-1.4182692760551048,0.2921344754768578,1.3232718207684104,0.5973700826874142,0.28062250194366356,-0.29907528760336854
-1.1895860970962375,-0.772690096117602,-0.5638770258764532,-0.9559134274736182,-0.6849375518244589,-0.8845950228252532,-0.87588332260639,-0.8795111822386903,-1.0926343801386136,0.6785282956106349,-0.7968352212539035,-0.8750393049103832,-1.6625154005427991,-1.0457585463277157,-0.38178320111345954,-0.8131299886862913,-0.9096901816865006,0.7217100873811947,-1.243937310758057,0.8546285114856826,-0.32603609323537863,-0.9653754389849875,0.08643131258424688,0.7832620633490929,-1.9156419816399775,-0.30787325987265324,0.9230708398691184,0.5588757982268151,-0.23515321072306722,0.2737788332194062,0.5292635064624425,-0.5172829999756408,0.9057879077752049,0.8241771067404435,0.1344495571552614,1.0359984189271012,-0.12310457387033939,-0.6867671517584267,0.20778296488639697,0.21925899631339926,0.47459300106215857,0.2257146274568038,0.014807592791714947,0.7346734730089091,0.45315068618279464,-0.35264551920523995,0.1697605132685795,0.3270779562513522,0.2749539325475173,-0.21970440393375554,-0.7627753829032602,0.5864294106452079,0.7473100008447925,0.33007842079389155,-0.11283711986282847,-0.19739036079059774,-1.4601847745649157,0.3251323603516884,1.2841423935476273,0.6323621729461189,0.3173368816197895,-0.4039199091120167
-1.221517966203005,-0.772690096117602,-0.6022940151560829,-0.8951728617865174,-0.699971691614501,-0.9822471485062794,-0.765702942917554,-0.8795111822386903,-1.0660735644299704,0.7974135679191605,-0.854143374204765,-0.8551920766766802,-1.6876532461601366,-1.1099316708798461,-0.4031911055617846,-0.8261236660595112,-0.869023682852915,0.7217100873811947,-1.243937310758057,0.8546285114856826,-0.3953608077374619,-1.0088961289985754,-0.08580880323246275,0.6931428109925474,-1.8494789865735264,-0.4254065942724378,1.0710340920220673,0.6746575738862004,-0.14382652877062257,0.2737788332194062,0.3686119907981331,-0.5673756364547029,0.5303756429556957,1.0677311058655594,-0.1066626558275631,0.962105525153784,-0.12310457387033939,-0.6630921284026002,0.3299625609487514,0.2474229294124918,0.47459300106215857,0.11450648210057417,0.8077646250482063,0.8258007933906193,0.4780887383979942,-0.3955420454158272,0.21435296541981427,0.3270779562513522,0.2749539325475173,-0.17517869706059977,-0.7627753829032602,0.5864294106452079,0.8773123471821508,0.2920739454799114,-0.11283711986282847,-0.19739036079059774,-1.334094709375566,0.35813024522652054,1.166433378875271,0.6673542632048235,0.35405126129591546,-0.19451634626231915
-1.285381704416516,-0.7919791317532109,-0.5823171807306738,-0.9148725047120625,-0.699971691614501,-0.8377220024983473,-0.8219174223506309,-0.8239956808137903,-1.1171520561773745,0.8544784986272688,-0.8254892977293395,-0.9163876970639194,-1.6625154005427991,-1.1741047954319885,-0.4031911055617846,-0.8531938272537265,-0.9317178685546966,0.6222076375590881,-1.2725525428854467,0.7966892294323461,-0.32603609323537863,-0.9653754389849875,-0.05710211726301059,0.8283216895273656,-2.0922574083610774,-0.5626893824033343,1.1203551760730501,0.6746575738862004,-0.17426875608810413,0.17938663320006498,0.4489377486302881,-0.5172829999756408,1.076302786062547,0.9459541063030015,0.05415195028381977,0.764855915272552,-0.16167561849795994,-0.7104421751142532,0.08560336882404251,0.16293113011521418,0.47459300106215857,0.29985339102762354,0.519336099167867,0.9169281137723295,0.35319406705793766,-0.459886834731708,0.19205673934419687,0.5008851043850414,0.23515911837893125,-0.3970802811100815,-0.7498792031983316,0.6146762069596513,0.7473100008447925,0.25406947016593123,-0.11283711986282847,-0.22600551004213357,-1.0826017183167003,0.42412601497618185,1.2055628060960542,0.6323621729461189,0.3907656409720414,0.2588580797164936
-1.285381704416516,-0.7919791317532109,-0.5823171807306738,-0.9362137845480731,-0.6849375518244589,-0.8845950228252532,-0.8489003724785055,-0.7962379301013299,-1.1171520561773745,0.7974135679191605,-0.8254892977293395,-0.8750393049103832,-1.6750843233514656,-1.1741047954319885,-0.4263830020474741,-0.8391173434327358,-0.8486904334361222,0.6719588624701414,-1.243937310758057,0.8546285114856826,-0.3953608077374619,-0.9653754389849875,-0.11451548920191425,0.7832620633490929,-2.2466377301827962,-0.4843338261368113,1.1203551760730501,0.6746575738862004,-0.1894898697468449,0.1321905331903944,0.3686119907981331,-0.5506780909616822,0.667067078172926,0.8850656065217225,-0.3743213453990338,0.8635816667893612,-0.19993307739690033,-0.6275795933688605,0.08560336882404251,0.13476719701612164,0.543401769563194,0.15157586388598404,0.5916646445523936,1.1451198873511206,0.3781321192731372,-0.4813350978370016,0.1697605132685795,0.3270779562513522,0.31474874671610337,-0.48576821969824446,-0.7627753829032602,0.30372991638344304,0.6176618843339667,0.25406947016593123,-0.08613041529106367,-0.2546206592936694,-1.0406862198068894,0.45712389985101254,1.2446922333168373,0.6673542632048235,0.3907656409720414,0.08430749731381412
-1.285381704416516,-0.772690096117602,-0.5638770258764532,-0.9559134274736182,-0.671059884325961,-0.9822471485062794,-0.8489003724785055,-0.7962379301013299,-1.1416697322161262,0.7355932263187221,-0.8254892977293395,-0.9163876970639194,-1.6750843233514656,-1.1741047954319885,-0.38178320111345954,-0.8261236660595112,-0.8893569322697078,0.6719588624701414,-1.2141297772920179,0.9173960670434745,-0.3593119561963757,-0.9436150939781935,0.17278667119726926,0.8283216895273656,-1.8715333182623435,-0.5431004933367035,1.0710340920220673,0.7909138650196001,-0.021932856273985293,0.03741147989228499,0.39538724340885123,-0.5506780909616822,0.7352730294878628,1.0068426060842806,-0.18696026269900473,0.8882126313804669,-0.16167561849795994,-0.6157420816909472,0.08560336882404251,0.07820847890728802,0.5089973853126762,0.2627840092422137,0.15916946500817974,0.9169281137723295,0.3282560148427381,0.07667135377121108,0.1697605132685795,0.30227740411999543,0.2749539325475173,-0.24187638858079627,-0.7756715626081887,0.5297042868989896,0.6608779231709087,0.33007842079389155,-0.08613041529106367,-0.16877521153906194,-0.9149397242774563,0.5231196696006738,1.2446922333168373,0.6673542632048235,0.28062250194366356,-0.020251444027235256
-1.221517966203005,-0.7534010604819931,-0.5454368710222326,-0.8951728617865174,-0.6433045493289598,-0.8377220024983473,-0.8489003724785055,-0.8517534315262403,-1.0660735644299704,0.7974135679191605,-0.7657933050721979,-0.8551920766766802,-1.6499464777341326,-1.1741047954319885,-0.3603752966651265,-0.8131299886862913,-0.8893569322697078,0.6222076375590881,-1.2296296946943568,1.033274631150169,-0.32603609323537863,-0.9653754389849875,0.08643131258424688,0.8283216895273656,-1.8935876499511604,-0.6214560496032266,1.0710340920220673,0.6746575738862004,0.13040304354013355,0.0846075799019556,0.47571300124100624,-0.50058545448262,0.667067078172926,1.1286196056468385,-0.21372613165615173,0.9128435959715726,-0.19993307739690033,-0.8052392973218045,0.08560336882404251,0.19109506321430672,0.47459300106215857,0.3369227728130334,0.26721945525608565,0.36979071885755277,0.4032745817523955,0.1839126692976791,0.21435296541981427,0.5008851043850414,0.1953643042103452,-0.3305643271689592,-0.7498792031983316,0.7559101885318679,0.6176618843339667,0.33007842079389155,-0.16625052900635806,-0.16877521153906194,-0.7469341605782956,0.45712389985101254,1.2841423935476273,0.6323621729461189,0.3173368816197895,-0.29907528760336854
-1.319974562615507,-0.8305572030244359,-0.5638770258764532,-0.9362137845480731,-0.6571822168274629,-0.8377220024983473,-0.765702942917554,-0.8517534315262403,-1.0926343801386136,0.6214633649025477,-0.8254892977293395,-0.9163876970639194,-1.6750843233514656,-1.1741047954319885,-0.3389673922168014,-0.8391173434327358,-0.9096901816865006,0.7714613122922479,-1.185514545164628,1.033274631150169,-0.3953608077374619,-0.9653754389849875,0.14384468452314988,0.7382024371708201,-2.0702030766722603,-0.6410449386698573,0.9230708398691184,0.6746575738862004,0.00850937104349625,0.0846075799019556,0.5024882538517244,-0.4838879089895994,0.5303756429556957,1.1895081054281174,-0.2940237385275928,0.7402249506814463,-0.12310457387033939,-0.6749296400805135,0.14669316685521974,0.360078661808862,0.5089973853126762,0.2257146274568038,0.5553527625838357,0.46129151186377854,0.5529028950435936,0.44146763199649236,0.1474642871929621,0.47608455225368457,0.2749539325475173,-0.24187638858079627,-0.7498792031983316,0.5579510832134329,0.6176618843339667,0.33007842079389155,-0.11283711986282847,-0.14016006228752612,-0.6631031635586737,0.3251323603516884,1.2841423935476273,0.6673542632048235,0.35405126129591546,-1.1012651982199446
-1.285381704416516,-0.7919791317532109,-0.5638770258764532,-0.9559134274736182,-0.6143927420404196,-0.8845950228252532,-0.765702942917554,-0.8517534315262403,-1.1416697322161262,0.6785282956106349,-0.7968352212539035,-0.9362349252976151,-1.700222168968803,-1.1420182331559114,-0.3603752966651265,-0.7871426339398516,-0.9317178685546966,0.7217100873811947,-1.2141297772920179,0.9753353490968111,-0.2927602302743693,-0.8765206968739001,0.17278667119726926,0.7832620633490929,-1.9818049767064283,-0.6802227168031189,0.9230708398691184,0.7325484617158932,0.09983605299594088,0.1321905331903944,0.2882862329659787,-0.45049281800355795,0.8034789808027997,1.0068426060842806,-0.1066626558275631,0.7402249506814463,-0.12310457387033939,-0.6275795933688605,0.20778296488639697,0.3037507956106769,0.5089973853126762,0.29985339102762354,0.3032361186720543,0.9624917739631846,0.4780887383979942,0.3342263164700238,0.10268907909028764,0.7738944610441583,0.23515911837893125,-0.28622035787487776,-0.7369830234934029,0.4732106942701029,0.7040939620078506,0.33007842079389155,-0.03249809873301119,-0.054314614532917374,-0.6631031635586737,0.42412601497618185,1.2446922333168373,0.6673542632048235,0.28062250194366356,-1.659198565539807
-1.285381704416516,-0.772690096117602,-0.526996716168005,-0.9559134274736182,-0.6294268818304617,-0.9822471485062794,-0.7387199927896795,-0.8517534315262403,-1.0660735644299704,0.6214633649025477,-0.8254892977293395,-0.9362349252976151,-1.700222168968803,-1.2409518001737974,-0.3603752966651265,-0.773066150118861,-0.8283571840193219,0.7217100873811947,-1.258244926821752,0.9173960670434745,-0.32603609323537863,-0.898281041880694,0.14384468452314988,0.7832620633490929,-2.003859308395245,-0.582278271469965,1.0217130079710843,0.8488047528492928,0.2521719528100597,0.03741147989228499,0.26129151107156656,-0.46719036349657866,0.3598607646683537,1.0068426060842806,0.10768368819811379,0.789688773016044,-0.12310457387033939,-0.6275795933688605,0.3299625609487514,0.21925899631339926,0.5778061538137116,0.2627840092422137,0.3032361186720543,0.8713644535814744,0.6027789994739927,-0.07364229340113364,0.21435296541981427,0.6744889693045394,0.1953643042103452,-0.28622035787487776,-0.7498792031983316,0.7276633922174245,0.6176618843339667,0.33007842079389155,-0.03249809873301119,0.03153083322169007,-0.6631031635586737,0.3911281301013512,1.2446922333168373,0.5273859021700049,0.35405126129591546,-1.9731610697305537
-1.319974562615507,-0.811268167388827,-0.5638770258764532,-0.9148725047120625,-0.6571822168274629,-0.8377220024983473,-0.7387199927896795,-0.8239956808137903,-1.0415558883912095,0.6214633649025477,-0.7968352212539035,-0.9560821535313108,-1.7138385020115272,-1.1099316708798461,-0.4031911055617846,-0.8261236660595112,-0.8486904334361222,0.6222076375590881,-1.199822161228323,0.9173960670434745,-0.32603609323537863,-0.9436150939781935,0.2876134150750752,0.8283216895273656,-1.8494789865735264,-0.582278271469965,1.0710340920220673,1.0224774163383707,0.28261418012754125,0.1321905331903944,0.341836738187415,-0.4838879089895994,0.667067078172926,1.0068426060842806,-0.21372613165615173,0.9128435959715726,-0.19993307739690033,-0.5920670583351207,0.20778296488639697,0.2755868625115844,0.47459300106215857,0.1886452456713939,0.519336099167867,0.8258007933906193,0.5279648428283934,-0.18088360892760166,0.1697605132685795,0.6496884171731826,0.23515911837893125,-0.48576821969824446,-0.7369830234934029,0.8688973737896412,0.5744458454970249,0.25406947016593123,-0.05942371071929887,-0.02569946528138156,-0.6211876650488627,0.42412601497618185,1.2055628060960542,0.5973700826874142,0.3173368816197895,-1.5197866437517409
-1.2534498353097605,-0.7534010604819931,-0.5823171807306738,-0.8951728617865174,-0.6433045493289598,-1.029120168833168,-0.8219174223506309,-0.8517534315262403,-1.0415558883912095,0.5643984341944606,-0.7657933050721979,-0.9362349252976151,-1.7264074248201937,-1.1420182331559114,-0.4031911055617846,-0.8001363113130715,-0.8283571840193219,0.7714613122922479,-1.2296296946943568,0.9753353490968111,-0.3953608077374619,-0.9436150939781935,0.20149335716672073,0.7832620633490929,-1.7833159915070755,-0.8762721721339072,0.9230708398691184,0.7325484617158932,0.1456241571988743,0.1321905331903944,0.31506148557669683,-0.4838879089895994,0.667067078172926,1.1286196056468385,-0.07989678687041608,0.7155939860903406,-0.16167561849795994,-0.7104421751142532,0.2688727629175742,0.21925899631339926,0.4057842325611232,0.2627840092422137,0.4833194357518984,0.9169281137723295,0.5030267906131938,-0.09509055650642724,0.1697605132685795,0.5752867607791123,0.15556949004175913,-0.44142425040416294,-0.7498792031983316,0.671169799588538,0.7040939620078506,0.33007842079389155,-0.03249809873301119,0.06014598247322588,-0.6631031635586737,0.49012178472584317,1.2841423935476273,0.6673542632048235,0.3173368816197895,-1.3103830809020434
-1.319974562615507,-0.772690096117602,-0.526996716168005,-0.9148725047120625,-0.6433045493289598,-0.8845950228252532,-0.87588332260639,-0.8239956808137903,-1.1171520561773745,0.6214633649025477,-0.854143374204765,-0.8965404688302238,-1.7264074248201937,-1.1420182331559114,-0.3603752966651265,-0.8001363113130715,-0.8063294971511259,0.7217100873811947,-1.2296296946943568,1.033274631150169,-0.42863667069845895,-0.9871357839917814,0.31632010104452674,0.6931428109925474,-1.6287548964747924,-0.6606338277364882,1.2189973441750162,0.9645865285086781,0.2673930664688005,0.03741147989228499,0.341836738187415,-0.5172829999756408,0.6329641025154575,1.0677311058655594,0.9646302795638215,0.7402249506814463,-0.08484711497139902,-0.69860466343634,-0.03707696328774832,0.33191472870976946,0.5089973853126762,0.2257146274568038,0.08713613817624244,0.8713644535814744,0.5279648428283934,-0.030745767190546423,0.12516806111734471,0.6744889693045394,0.23515911837893125,-0.37490829646304075,-0.6982944843786171,0.6146762069596513,0.7040939620078506,0.33007842079389155,0.04762201498228321,-0.02569946528138156,-0.4954411695194298,0.49012178472584317,1.166433378875271,0.6673542632048235,0.35405126129591546,-1.450080682857708
-1.2534498353097605,-0.772690096117602,-0.5085565613137845,-0.9362137845480731,-0.6433045493289598,-1.029120168833168,-0.7926858930454286,-0.8517534315262403,-1.0170382123524575,0.5643984341944606,-0.854143374204765,-0.9163876970639194,-1.7138385020115272,-1.1099316708798461,-0.38178320111345954,-0.8131299886862913,-0.869023682852915,0.7217100873811947,-1.258244926821752,0.9753353490968111,-0.3953608077374619,-0.9653754389849875,-0.05710211726301059,0.8733813157056384,-1.8053703231958924,-0.5235116042700728,1.0710340920220673,0.9066956406789854,0.2065086118338374,0.0846075799019556,0.12741524801797532,-0.45049281800355795,0.5985815942706326,0.9459541063030015,0.6164545907524089,0.9867364897448897,-0.04658965607245863,-0.6749296400805135,0.5743217530734603,0.33191472870976946,0.47459300106215857,0.2627840092422137,-0.20129238770409694,0.8713644535814744,0.3282560148427381,-0.009297504085252815,0.19205673934419687,0.8234955653068718,0.1953643042103452,-0.19753241928671478,-0.7369830234934029,0.5579510832134329,0.7040939620078506,0.33007842079389155,0.02091531041051841,0.03153083322169007,-0.41161017249980786,0.49012178472584317,1.2446922333168373,0.6323621729461189,0.35405126129591546,-1.659198565539807
-1.2534498353097605,-0.7325046052100799,-0.5638770258764532,-0.9362137845480731,-0.699971691614501,-1.0759931891600563,-0.8489003724785055,-0.7684801793888799,-1.0660735644299704,0.5643984341944606,-0.854143374204765,-0.9163876970639194,-1.7264074248201937,-1.1420182331559114,-0.3603752966651265,-0.8001363113130715,-0.869023682852915,0.7714613122922479,-1.258244926821752,0.8546285114856826,-0.3953608077374619,-0.9436150939781935,0.23020004313617223,0.7382024371708201,-1.8053703231958924,-0.503922715203442,0.9723919239201013,0.7325484617158932,0.19128749817509663,0.1321905331903944,0.4489377486302881,-0.4838879089895994,0.7352730294878628,0.9459541063030015,0.589688721795262,0.9374745605626783,-0.08484711497139902,-0.5683920349792942,0.5743217530734603,0.33191472870976946,0.5778061538137116,0.040063871138070424,0.41128610891996026,0.7346734730089091,0.45315068618279464,-0.05219403029584003,0.1474642871929621,0.4512840001223278,0.1953643042103452,-0.3083923425219185,-0.6853983046736885,0.5864294106452079,0.7908802695082671,0.2160649948519511,0.10103542412581282,0.03153083322169007,-0.41161017249980786,0.42412601497618185,1.3232718207684104,0.5273859021700049,0.35405126129591546,-1.4849336633047245
-1.2534498353097605,-0.7534010604819931,-0.5638770258764532,-0.9148725047120625,-0.6849375518244589,-1.029120168833168,-0.8219174223506309,-0.8795111822386903,-1.0926343801386136,0.5643984341944606,-0.7657933050721979,-0.9560821535313108,-1.700222168968803,-1.1099316708798461,-0.38178320111345954,-0.8001363113130715,-0.8283571840193219,0.7714613122922479,-1.2296296946943568,0.9173960670434745,-0.3593119561963757,-0.9218547489713915,0.2876134150750752,0.7382024371708201,-1.8494789865735264,-0.6214560496032266,1.1203551760730501,0.9066956406789854,0.28261418012754125,0.03741147989228499,0.39538724340885123,-0.50058545448262,0.667067078172926,1.0068426060842806,0.5093911149238209,0.9128435959715726,-0.16167561849795994,-0.69860466343634,0.2688727629175742,0.2755868625115844,0.5089973853126762,0.1886452456713939,0.5916646445523936,0.8713644535814744,0.35319406705793766,-0.030745767190546423,0.21435296541981427,0.6496884171731826,0.07565367470320483,-0.28622035787487776,-0.7111906640835457,0.33197671269788637,0.7040939620078506,0.17806051953796923,0.10103542412581282,0.03153083322169007,-0.32777917548018404,0.42412601497618185,1.3232718207684104,0.6323621729461189,0.3173368816197895,-1.2406771200080104
-1.2534498353097605,-0.772690096117602,-0.5638770258764532,-0.8951728617865174,-0.6571822168274629,-0.9353741281793736,-0.9028662727342645,-0.7684801793888799,-1.0926343801386136,0.6214633649025477,-0.7371392285967618,-0.9560821535313108,-1.7138385020115272,-1.1420182331559114,-0.3389673922168014,-0.773066150118861,-0.8283571840193219,0.7714613122922479,-1.2725525428854467,1.033274631150169,-0.3953608077374619,-0.9653754389849875,-0.0283954312935591,0.7382024371708201,-1.7612616598182584,-0.5626893824033343,1.1203551760730501,0.8488047528492928,0.19128749817509663,0.2265827332097356,0.39538724340885123,-0.45049281800355795,0.7693760051453312,1.0068426060842806,0.45585937700952694,1.0606293835182068,-0.19993307739690033,-0.5446199828392224,0.2688727629175742,0.3037507956106769,0.4401886168116409,0.2627840092422137,0.6997146348002996,0.8258007933906193,0.25344185819713877,-0.20233187203289527,0.1474642871929621,0.3270779562513522,0.2749539325475173,-0.3083923425219185,-0.6725021249687598,0.6994165959029812,0.7473100008447925,0.2920739454799114,0.10103542412581282,-0.054314614532917374,-0.41161017249980786,0.42412601497618185,1.3624012479891936,0.5623779924287096,0.35405126129591546,-1.0664122177729283
-1.2534498353097605,-0.7919791317532109,-0.5454368710222326,-0.8951728617865174,-0.671059884325961,-0.9353741281793736,-0.929849222862139,-0.7962379301013299,-1.0926343801386136,0.6785282956106349,-0.8254892977293395,-0.9362349252976151,-1.7264074248201937,-1.0778451086037808,-0.38178320111345954,-0.8001363113130715,-0.8486904334361222,0.8751096975236365,-1.243937310758057,1.033274631150169,-0.46191253365945595,-0.9653754389849875,-0.08580880323246275,0.6931428109925474,-1.9156419816399775,-0.503922715203442,0.9230708398691184,0.7909138650196001,-0.08281731090894838,0.2737788332194062,0.3686119907981331,-0.4838879089895994,0.5985815942706326,1.1286196056468385,-0.07989678687041608,0.9374745605626783,-0.04658965607245863,-0.5920670583351207,0.2688727629175742,0.38824259490795454,0.543401769563194,0.29985339102762354,1.1322098143445145,0.8258007933906193,0.42821263396759507,0.05522309066591747,0.21435296541981427,0.47608455225368457,0.23515911837893125,-0.37490829646304075,-0.6982944843786171,0.24723632375455643,0.8340963083452089,0.2160649948519511,0.12774212869757762,0.06014598247322588,-0.3696946739899969,0.49012178472584317,1.1273039516544878,0.5623779924287096,0.24390812226753764,-1.0315592373259117
-1.1895860970962375,-0.7919791317532109,-0.5823171807306738,-0.8951728617865174,-0.671059884325961,-0.9822471485062794,-0.87588332260639,-0.7384092827837206,-1.1171520561773745,0.7974135679191605,-0.8254892977293395,-0.8750393049103832,-1.7264074248201937,-1.1420182331559114,-0.3603752966651265,-0.8001363113130715,-0.8486904334361222,0.7714613122922479,-1.243937310758057,1.033274631150169,-0.3593119561963757,-0.9653754389849875,0.00031125467589239735,0.8283216895273656,-1.8274246548847095,-0.4645843724056998,0.8244286717671524,0.7325484617158932,-0.037153969932726065,0.2737788332194062,0.31506148557669683,-0.43379527251053723,0.8034789808027997,0.8241771067404435,-0.5886676894247113,0.9128435959715726,-0.08484711497139902,-0.69860466343634,0.2688727629175742,0.360078661808862,0.47459300106215857,0.15157586388598404,1.0238646055440184,0.8258007933906193,0.45315068618279464,0.2268091955082663,0.23664919149543165,0.5256856565163982,0.3545435608846894,-0.21970440393375554,-0.6853983046736885,0.30372991638344304,0.6176618843339667,0.4060873714218518,0.04762201498228321,-0.02569946528138156,-0.32777917548018404,0.45712389985101254,1.2055628060960542,0.5623779924287096,0.28062250194366356,-0.9618532764318788
-1.221517966203005,-0.772690096117602,-0.5085565613137845,-0.8951728617865174,-0.6571822168274629,-0.8845950228252532,-0.7926858930454286,-0.7384092827837206,-1.0926343801386136,0.7974135679191605,-0.8827974506801904,-0.9362349252976151,-1.6750843233514656,-1.1420182331559114,-0.4031911055617846,-0.8131299886862913,-0.8063294971511259,0.8253584726125648,-1.243937310758057,0.7966892294323461,-0.3593119561963757,-0.9871357839917814,-0.05710211726301059,0.7382024371708201,-1.8715333182623435,-0.4843338261368113,0.9723919239201013,0.8488047528492928,0.00850937104349625,0.2265827332097356,0.2077410058501303,-0.45049281800355795,0.7352730294878628,1.0068426060842806,-0.24049200061329873,1.0113674543359954,-0.08484711497139902,-0.7222796867921665,0.3910523589799286,0.2755868625115844,0.5089973853126762,0.2257146274568038,1.4563597850882322,0.46129151186377854,0.5030267906131938,-0.11653881961172084,0.19205673934419687,0.6248878650418258,0.2749539325475173,-0.21970440393375554,-0.6982944843786171,0.5864294106452079,0.7908802695082671,0.2160649948519511,0.07432871955404802,0.03153083322169007,-0.3696946739899969,0.45712389985101254,1.2841423935476273,0.5973700826874142,0.3907656409720414,-0.8570086549232306
-1.2534498353097605,-0.7534010604819931,-0.5085565613137845,-0.8754732188609725,-0.5160925972593843,-0.8845950228252532,-0.8219174223506309,-0.7684801793888799,-1.0926343801386136,0.6214633649025477,-0.7657933050721979,-0.9362349252976151,-1.7138385020115272,-1.1420182331559114,-0.3389673922168014,-0.8131299886862913,-0.8486904334361222,0.7714613122922479,-1.2296296946943568,0.9173960670434745,-0.3953608077374619,-0.9653754389849875,0.029017940645343892,0.8283216895273656,-1.7833159915070755,-0.5431004933367035,1.0710340920220673,0.2694213590783518,0.00850937104349625,0.2265827332097356,0.31506148557669683,-0.4838879089895994,0.8034789808027997,1.0677311058655594,-0.4280724756818292,0.9128435959715726,-0.08484711497139902,-0.6749296400805135,0.2688727629175742,0.3037507956106769,0.2681666955590525,0.2257146274568038,1.5283931119201695,0.46129151186377854,0.5279648428283934,-0.05219403029584003,0.1697605132685795,0.6000873129104691,0.1953643042103452,0.024369164762766918,-0.7111906640835457,0.671169799588538,0.7473100008447925,0.2920739454799114,0.10103542412581282,0.06014598247322588,-0.28586367697037307,0.49012178472584317,1.2446922333168373,0.6323621729461189,0.35405126129591546,-0.7873026940291977
-1.221517966203005,-0.7534010604819931,-0.5085565613137845,-0.8951728617865174,-0.5022149297608811,-0.9822471485062794,-0.87588332260639,-0.7962379301013299,-1.0660735644299704,0.5643984341944606,-0.7657933050721979,-0.9759293817650138,-1.73897634762886,-1.1420182331559114,-0.3389673922168014,-0.8001363113130715,-0.8486904334361222,0.7714613122922479,-1.243937310758057,0.9173960670434745,-0.42863667069845895,-0.9871357839917814,-0.0283954312935591,0.37772542774463796,-1.7612616598182584,-0.4645843724056998,1.1203551760730501,0.7909138650196001,-0.2960376653580303,0.36817103323874745,0.02031423757510281,-0.46719036349657866,1.110685294307372,0.8850656065217225,-0.1334285247847107,0.9128435959715726,-0.2381905362958407,-0.7342142272543251,0.3910523589799286,0.16293113011521418,0.47459300106215857,0.1886452456713939,1.1682264777604832,0.8713644535814744,0.5030267906131938,-0.030745767190546423,0.21435296541981427,0.5008851043850414,0.23515911837893125,-0.21970440393375554,-0.6982944843786171,0.5297042868989896,0.7040939620078506,0.2920739454799114,0.15444883326934242,0.0887611317247617,-0.2020326799507511,0.45712389985101254,1.3624012479891936,0.5973700826874142,0.3173368816197895,-0.6827437526881484
-1.221517966203005,-0.772690096117602,-0.5085565613137845,-0.8557735759354202,-0.6433045493289598,-0.9822471485062794,-0.87588332260639,-0.7384092827837206,-1.0415558883912095,0.6214633649025477,-0.7968352212539035,-0.8965404688302238,-1.7515452704375312,-1.1741047954319885,-0.4031911055617846,-0.8001363113130715,-0.8893569322697078,0.8253584726125648,-1.2141297772920179,0.9173960670434745,-0.3953608077374619,-0.9871357839917814,0.25890672910562373,0.24217720801163675,-1.7833159915070755,-0.503922715203442,1.0710340920220673,0.9645865285086781,-0.17426875608810413,0.2265827332097356,0.341836738187415,-0.5172829999756408,1.3153031482521824,1.0068426060842806,-0.1601943937418577,0.9867364897448897,-0.12310457387033939,-0.5802295466572075,0.4521421570111059,0.360078661808862,0.612492541213824,0.15157586388598404,0.8797979518801436,0.7802371331997642,0.6027789994739927,0.2268091955082663,0.23664919149543165,0.25267629985728185,0.23515911837893125,-0.3970802811100815,-0.6982944843786171,0.5864294106452079,0.6176618843339667,0.25406947016593123,0.18115553784110722,0.06014598247322588,-0.0340271162515923,0.35813024522652054,1.3232718207684104,0.5973700826874142,0.20719374259141168,-0.6827437526881484
-1.1895860970962375,-0.7534010604819931,-0.4885797268883753,-0.8360739330098752,-0.671059884325961,-1.029120168833168,-0.9028662727342645,-0.7106515320712706,-1.0660735644299704,0.6214633649025477,-0.8254892977293395,-0.8965404688302238,-1.73897634762886,-1.1099316708798461,-0.3389673922168014,-0.8131299886862913,-0.8283571840193219,0.7714613122922479,-1.2725525428854467,1.033274631150169,-0.3593119561963757,-0.9436150939781935,0.31632010104452674,0.19711758183336398,-1.8935876499511604,-0.6802227168031189,0.9723919239201013,0.7909138650196001,-0.09803842456768916,0.1321905331903944,0.3686119907981331,-0.4169608618905244,0.46216969164075894,0.8850656065217225,0.1612154261124084,0.9128435959715726,-0.08484711497139902,-0.5920670583351207,0.3299625609487514,0.38824259490795454,0.5089973853126762,0.2257146274568038,0.3752694455039916,0.9169281137723295,0.5778409472587931,-0.009297504085252815,0.28124164364666643,0.426483447990971,0.23515911837893125,-0.21970440393375554,-0.6853983046736885,0.2189895274401131,0.6608779231709087,0.2920739454799114,0.12774212869757762,-0.02569946528138156,-0.15977361178102523,0.5231196696006738,1.2055628060960542,0.7023463534635281,0.28062250194366356,-0.578184811347099
-1.221517966203005,-0.713215569574471,-0.5085565613137845,-0.8951728617865174,-0.699971691614501,-0.8845950228252532,-0.87588332260639,-0.6828937813588206,-1.0926343801386136,0.6214633649025477,-0.7968352212539035,-0.9163876970639194,-1.73897634762886,-1.0778451086037808,-0.38178320111345954,-0.8001363113130715,-0.8486904334361222,0.7714613122922479,-1.258244926821752,1.033274631150169,-0.3593119561963757,-0.9871357839917814,0.2876134150750752,0.1520579556550912,-1.9597506450176114,-0.6214560496032266,1.0710340920220673,0.7325484617158932,-0.08281731090894838,0.36817103323874745,0.5024882538517244,-0.45049281800355795,0.5985815942706326,0.7632886069591646,-0.026145656587621253,0.9374745605626783,-0.12310457387033939,-0.5327824711613092,0.3910523589799286,0.33191472870976946,0.5089973853126762,0.2627840092422137,0.3752694455039916,0.9624917739631846,0.45315068618279464,-0.05219403029584003,0.3035378697222838,0.3270779562513522,0.1953643042103452,-0.13083472776651828,-0.6982944843786171,0.41671710164121634,0.7040939620078506,0.2920739454799114,0.20786224241287202,0.0029156839701542543,-0.2020326799507511,0.42412601497618185,1.3624012479891936,0.6323621729461189,0.24390812226753764,-0.4736258700060496
-1.285381704416516,-0.772690096117602,-0.5085565613137845,-0.8951728617865174,-0.7138493591129991,-0.7908489821714588,-0.87588332260639,-0.6828937813588206,-1.1416697322161262,0.5073335034863522,-0.7371392285967618,-0.9362349252976151,-1.6876532461601366,-1.0778451086037808,-0.38178320111345954,-0.8131299886862913,-0.8893569322697078,0.6719588624701414,-1.2725525428854467,0.9753353490968111,-0.2927602302743693,-0.9653754389849875,0.31632010104452674,-0.07324017523627263,-1.8935876499511604,-0.7389893840030112,0.9723919239201013,0.9645865285086781,-0.1286054151118818,0.415367133248418,0.3686119907981331,-0.4169608618905244,0.9739938590901417,0.8850656065217225,0.02738608132667276,0.8635816667893612,0.029925261725422144,-0.5920670583351207,0.3299625609487514,0.38824259490795454,0.543401769563194,0.3369227728130334,0.12315280159221109,0.9169281137723295,0.6027789994739927,-0.09509055650642724,0.23664919149543165,0.5504862086477549,0.2749539325475173,-0.19753241928671478,-0.7111906640835457,0.5579510832134329,0.6608779231709087,0.2160649948519511,0.23456894698463804,0.0029156839701542543,-0.28586367697037307,0.45712389985101254,1.2841423935476273,0.5623779924287096,0.28062250194366356,-0.43877288955903315
-1.1895860970962375,-0.772690096117602,-0.4885797268883753,-0.8754732188609725,-0.671059884325961,-0.9822471485062794,-0.7926858930454286,-0.7106515320712706,-1.0660735644299704,0.5073335034863522,-0.7371392285967618,-0.9560821535313108,-1.6750843233514656,-1.1420182331559114,-0.4031911055617846,-0.7871426339398516,-0.9317178685546966,0.7217100873811947,-1.243937310758057,1.033274631150169,-0.3593119561963757,-0.9653754389849875,0.4024401589528812,-0.3439672735040922,-2.1584204034275283,-0.5431004933367035,1.0217130079710843,0.9066956406789854,-0.037153969932726065,0.2265827332097356,0.2882862329659787,-0.43379527251053723,0.8716849321177365,0.9459541063030015,-0.05313091791326908,0.8635816667893612,-0.19993307739690033,-0.6630921284026002,0.3299625609487514,0.38824259490795454,0.5089973853126762,0.37399215459844326,0.41128610891996026,0.9624917739631846,0.3781321192731372,-0.030745767190546423,0.21435296541981427,0.426483447990971,0.2749539325475173,-0.06431877382539605,-0.6725021249687598,0.021030422121678157,0.7473100008447925,0.33007842079389155,0.15444883326934242,0.03153083322169007,-0.11785811327121425,0.45712389985101254,1.3232718207684104,0.5623779924287096,0.24390812226753764,-0.333928268050385
-1.221517966203005,-0.7919791317532109,-0.47013957203415463,-0.9559134274736182,-0.671059884325961,-1.029120168833168,-0.8489003724785055,-0.6828937813588206,-1.0660735644299704,0.5643984341944606,-0.7968352212539035,-0.8965404688302238,-1.6876532461601366,-1.1420182331559114,-0.3603752966651265,-0.8001363113130715,-0.8893569322697078,0.8253584726125648,-1.243937310758057,1.0912139132035055,-0.32603609323537863,-0.9871357839917814,-0.08580880323246275,-0.7044442829302743,-2.224583398493979,-0.503922715203442,1.0710340920220673,0.9066956406789854,-0.08281731090894838,0.2737788332194062,0.3686119907981331,-0.45049281800355795,0.7011700538303944,0.8850656065217225,0.10768368819811379,0.8389507021982555,-0.04658965607245863,-0.5209449594833959,0.4521421570111059,0.360078661808862,0.5778061538137116,0.37399215459844326,0.41128610891996026,1.0536190943448949,0.6027789994739927,-0.15943534582230806,0.19205673934419687,0.40147961264542315,0.1953643042103452,0.046541149409807664,-0.6466040591678786,0.671169799588538,0.7040939620078506,0.2920739454799114,0.15444883326934242,0.0887611317247617,-0.0340271162515923,0.49012178472584317,1.2841423935476273,0.6323621729461189,0.3173368816197895,-0.36878124849740146
-1.157654227989482,-0.772690096117602,-0.5085565613137845,-0.9362137845480731,-0.7138493591129991,-1.029120168833168,-0.929849222862139,-0.6551360306463604,-1.1171520561773745,0.6785282956106349,-0.7968352212539035,-0.9163876970639194,-1.6499464777341326,-1.0778451086037808,-0.4031911055617846,-0.8261236660595112,-0.8893569322697078,0.8253584726125648,-1.2296296946943568,1.0912139132035055,-0.32603609323537863,-0.9871357839917814,0.14384468452314988,-1.155409885911185,-1.9818049767064283,-0.6018671605365958,1.1696762601240331,0.7909138650196001,-0.09803842456768916,0.2265827332097356,0.23451625846084845,-0.40026331639750373,1.0421998104050785,1.0068426060842806,0.1344495571552614,0.8143197376071498,-0.08484711497139902,-0.5920670583351207,0.5743217530734603,0.360078661808862,0.543401769563194,0.29985339102762354,0.23120279184011702,0.9624917739631846,0.5778409472587931,-0.009297504085252815,0.25894541757104905,0.5008851043850414,0.2749539325475173,-0.04214678917835531,-0.7240868437884743,0.8688973737896412,0.5744458454970249,0.33007842079389155,0.20786224241287202,0.0887611317247617,-0.15977361178102523,0.3911281301013512,1.2841423935476273,0.6673542632048235,0.3907656409720414,-0.333928268050385
-1.157654227989482,-0.7325046052100799,-0.526996716168005,-0.8951728617865174,-0.7277270266115022,-0.9822471485062794,-0.87588332260639,-0.6828937813588206,-1.0926343801386136,0.6214633649025477,-0.7371392285967618,-0.8750393049103832,-1.6750843233514656,-1.1741047954319885,-0.3603752966651265,-0.8131299886862913,-0.8486904334361222,0.8253584726125648,-1.243937310758057,1.033274631150169,-0.3593119561963757,-1.0542301810960748,0.11513799855369838,-1.2905887644460032,-2.0702030766722603,-0.24910659267276097,1.1203551760730501,0.9066956406789854,-0.06759619725020762,0.2737788332194062,0.23451625846084845,-0.43379527251053723,0.7693760051453312,0.8850656065217225,0.1879812950695554,0.962105525153784,-0.04658965607245863,-0.7222796867921665,0.4521421570111059,0.3037507956106769,0.6813013097148594,0.3369227728130334,0.3752694455039916,1.0080554341540398,0.4032745817523955,-0.20233187203289527,0.28124164364666643,0.5008851043850414,0.11544848887179089,-0.10866274311947753,-0.6853983046736885,0.3602235090123297,0.7473100008447925,0.33007842079389155,0.18115553784110722,0.0029156839701542543,-0.0340271162515923,0.42412601497618185,1.4015306752099768,0.5273859021700049,0.42748002064816737,-0.6478907722411319
-1.221517966203005,-0.7325046052100799,-0.526996716168005,-0.9362137845480731,-0.6849375518244589,-0.9822471485062794,-0.87588332260639,-0.6828937813588206,-1.0415558883912095,0.6214633649025477,-0.7371392285967618,-0.9163876970639194,-1.6876532461601366,-1.1099316708798461,-0.2943675912827868,-0.8261236660595112,-0.8486904334361222,0.7217100873811947,-1.243937310758057,0.9173960670434745,-0.32603609323537863,-0.9436150939781935,0.00031125467589239735,-1.7415543674269138,-2.0702030766722603,-0.20992881453949946,1.1203551760730501,0.9066956406789854,0.2673930664688005,0.36817103323874745,0.341836738187415,-0.43379527251053723,1.00809683474761,1.0068426060842806,0.1612154261124084,0.962105525153784,-0.08484711497139902,-0.6157420816909472,0.3910523589799286,0.3037507956106769,0.47459300106215857,0.3369227728130334,0.843781288464175,1.0536190943448949,0.5279648428283934,-0.2666766613487761,0.25894541757104905,0.47608455225368457,0.15556949004175913,-0.24187638858079627,-0.6853983046736885,0.7276633922174245,0.7473100008447925,0.25406947016593123,0.20786224241287202,-0.02569946528138156,-0.0340271162515923,0.35813024522652054,1.4015306752099768,0.6323621729461189,0.3173368816197895,-0.29907528760336854
-1.157654227989482,-0.7534010604819931,-0.5085565613137845,-0.9148725047120625,-0.699971691614501,-0.9822471485062794,-0.8489003724785055,-0.6551360306463604,-1.0926343801386136,0.6214633649025477,-0.7657933050721979,-0.9362349252976151,-1.6876532461601366,-1.0778451086037808,-0.2943675912827868,-0.8131299886862913,-0.8283571840193219,0.7714613122922479,-1.258244926821752,1.033274631150169,-0.32603609323537863,-0.9653754389849875,0.14384468452314988,-1.7866139936051866,-2.0481487449834437,-0.4254065942724378,0.9723919239201013,0.7909138650196001,0.3436233979892155,0.415367133248418,0.3686119907981331,-0.43379527251053723,1.0421998104050785,1.0677311058655594,-0.1334285247847107,1.0113674543359954,-0.12310457387033939,-0.6157420816909472,0.2688727629175742,0.33191472870976946,0.5089973853126762,0.44813091816926304,0.5916646445523936,0.9624917739631846,0.4780887383979942,-0.22378013513818887,0.19205673934419687,0.5504862086477549,0.2749539325475173,-0.24187638858079627,-0.6982944843786171,0.7276633922174245,0.7908802695082671,0.33007842079389155,0.10103542412581282,0.0887611317247617,-0.07594261476140327,0.49012178472584317,1.44066010243076,0.5973700826874142,0.3907656409720414,0.22400509926947718
-1.221517966203005,-0.7325046052100799,-0.5085565613137845,-0.8951728617865174,-0.7138493591129991,-0.9822471485062794,-0.87588332260639,-0.6551360306463604,-1.0926343801386136,0.6214633649025477,-0.7084851521213363,-0.9163876970639194,-1.6876532461601366,-1.1099316708798461,-0.3389673922168014,-0.7871426339398516,-0.8283571840193219,0.7714613122922479,-1.243937310758057,1.1491531952568421,-0.32603609323537863,-1.0088961289985754,0.2876134150750752,-1.9668524983182776,-2.1143117400498945,-0.5235116042700728,1.0217130079710843,0.9066956406789854,0.38928673896543814,0.36817103323874745,0.2077410058501303,-0.3501706799184416,1.110685294307372,1.1286196056468385,-0.026145656587621253,1.0852603481093126,-0.12310457387033939,-0.651254616724687,0.3910523589799286,0.360078661808862,0.5778061538137116,0.3369227728130334,0.6276813079683623,1.0080554341540398,0.5778409472587931,-0.2666766613487761,0.23664919149543165,0.5256856565163982,0.23515911837893125,-0.24187638858079627,-0.6982944843786171,0.6146762069596513,0.7040939620078506,0.36808289610787165,0.07432871955404802,0.06014598247322588,-0.0340271162515923,0.5561175544755045,1.479789529651543,0.7023463534635281,0.35405126129591546,0.11944615792842778
-1.157654227989482,-0.7534010604819931,-0.5454368710222326,-0.8557735759354202,-0.6849375518244589,-1.0759931891600563,-0.87588332260639,-0.6828937813588206,-1.1416697322161262,0.6785282956106349,-0.6511769991704749,-0.9362349252976151,-1.6876532461601366,-1.1099316708798461,-0.3389673922168014,-0.8131299886862913,-0.8486904334361222,0.6719588624701414,-1.243937310758057,1.033274631150169,-0.2927602302743693,-0.9653754389849875,0.25890672910562373,-1.9217928721400048,-2.312800725249247,-0.5235116042700728,1.2189973441750162,0.9066956406789854,0.4806134209178828,0.36817103323874745,0.26129151107156656,-0.3668682254114623,1.076302786062547,0.8241771067404435,-0.24049200061329873,1.0359984189271012,0.029925261725422144,-0.8170768089997179,0.3910523589799286,0.360078661808862,0.715705693965377,0.37399215459844326,0.9158146152961123,0.9624917739631846,0.5279648428283934,-0.4384385716264144,0.28124164364666643,0.724090073567253,0.23515911837893125,-0.24187638858079627,-0.6725021249687598,0.388470305326773,0.7908802695082671,0.36808289610787165,-0.05942371071929887,0.0887611317247617,0.04980388076803154,0.5561175544755045,1.5580483840931092,0.6673542632048235,0.3173368816197895,-0.12481038536828623
-1.221517966203005,-0.713215569574471,-0.4885797268883753,-0.8557735759354202,-0.699971691614501,-1.029120168833168,-0.9028662727342645,-0.6551360306463604,-1.166187408254878,0.6214633649025477,-0.7084851521213363,-0.9560821535313108,-1.700222168968803,-1.1741047954319885,-0.3603752966651265,-0.8131299886862913,-0.8283571840193219,0.7714613122922479,-1.243937310758057,1.0912139132035055,-0.3593119561963757,-0.9871357839917814,0.31632010104452674,-2.0119121244965523,-2.2686920618716133,-0.4254065942724378,1.0710340920220673,0.7909138650196001,0.16084527085761507,0.415367133248418,0.31506148557669683,-0.40026331639750373,0.8716849321177365,0.9459541063030015,-0.2672578695704457,0.9867364897448897,0.029925261725422144,-0.5564574945171357,0.5132319550422831,0.360078661808862,0.6468969254643416,0.37399215459844326,0.12315280159221109,0.9624917739631846,0.4780887383979942,-0.35264551920523995,0.23664919149543165,0.724090073567253,0.23515911837893125,-0.3970802811100815,-0.6725021249687598,0.388470305326773,0.8340963083452089,0.2920739454799114,-0.08613041529106367,0.06014598247322588,0.04980388076803154,0.5231196696006738,1.479789529651543,0.6323621729461189,0.3907656409720414,-0.5433318309000825
-1.157654227989482,-0.7325046052100799,-0.5454368710222326,-0.8951728617865174,-0.7138493591129991,-0.8377220024983473,-0.9028662727342645,-0.625065134041201,-1.166187408254878,0.6785282956106349,-0.7084851521213363,-0.8965404688302238,-1.6876532461601366,-1.1099316708798461,-0.3175594877684763,-0.8131299886862913,-0.869023682852915,0.7217100873811947,-1.1712069291009333,1.0912139132035055,-0.2927602302743693,-0.9436150939781935,-0.0283954312935591,-2.102031376853098,-2.1584204034275283,-0.1314126936084957,1.1203551760730501,1.0224774163383707,0.17606638451635587,0.415367133248418,0.18096575323941158,-0.4169608618905244,0.8034789808027997,1.2503966052093964,0.3487959011809389,0.8882126313804669,-0.08484711497139902,-0.5091074478054827,0.3299625609487514,0.38824259490795454,0.5778061538137116,0.3369227728130334,0.3032361186720543,0.5524188322454887,0.4780887383979942,-0.6530970081146404,0.21435296541981427,0.6248878650418258,0.1953643042103452,-0.24187638858079627,-0.6725021249687598,0.1057708110650081,0.7473100008447925,0.2920739454799114,-0.16625052900635806,0.03153083322169007,0.04980388076803154,0.5561175544755045,1.5580483840931092,0.7023463534635281,0.35405126129591546,-1.2406771200080104
-1.157654227989482,-0.7325046052100799,-0.5454368710222326,-0.8951728617865174,-0.6849375518244589,-0.8845950228252532,-0.9028662727342645,-0.6551360306463604,-1.1171520561773745,0.6785282956106349,-0.6798310756459109,-0.9362349252976151,-1.700222168968803,-1.0778451086037808,-0.2515517823861287,-0.8001363113130715,-0.8486904334361222,0.7714613122922479,-1.2141297772920179,1.1491531952568421,-0.32603609323537863,-0.898281041880694,0.37373347298342974,-2.102031376853098,-2.0481487449834437,-0.3470510380059148,1.1203551760730501,0.8488047528492928,0.28261418012754125,0.4625632332580886,0.341836738187415,-0.40026331639750373,1.0421998104050785,1.1286196056468385,0.3487959011809389,0.8635816667893612,-0.04658965607245863,-0.5446199828392224,0.2688727629175742,0.360078661808862,0.612492541213824,0.4110615363838532,-0.16527572428812828,0.9624917739631846,0.5529028950435936,-0.674545271219934,0.1697605132685795,0.6248878650418258,0.3943383750532755,-0.37490829646304075,-0.6853983046736885,-0.48764344265563325,0.8340963083452089,0.4060873714218518,-0.08613041529106367,0.06014598247322588,0.007888382258218668,0.5231196696006738,1.479789529651543,0.7373384437222328,0.28062250194366356,-1.7289045264338398
-1.123061369790491,-0.7534010604819931,-0.5085565613137845,-0.8557735759354202,-0.6849375518244589,-0.9822471485062794,-0.9028662727342645,-0.597307383328751,-1.1416697322161262,0.5643984341944606,-0.7084851521213363,-0.9163876970639194,-1.7264074248201937,-1.1099316708798461,-0.2729596868344617,-0.8131299886862913,-0.8283571840193219,0.8253584726125648,-1.2296296946943568,1.1491531952568421,-0.3593119561963757,-0.9653754389849875,0.25890672910562373,-2.147091003031371,-2.0260944132946266,-0.3470510380059148,1.1696762601240331,0.9645865285086781,0.09983605299594088,0.4625632332580886,0.18096575323941158,-0.4169608618905244,0.5303756429556957,1.0677311058655594,0.48262524596667394,0.8635816667893612,0.06818272062436252,-0.5683920349792942,0.4521421570111059,0.360078661808862,0.612492541213824,0.37399215459844326,0.15916946500817974,1.0536190943448949,0.5778409472587931,-0.459886834731708,0.23664919149543165,0.5008851043850414,0.3545435608846894,-0.17517869706059977,-0.6725021249687598,-0.54413703528452,1.223040657877686,0.4060873714218518,0.02091531041051841,0.1459914302278333,0.09171937927784252,0.5561175544755045,1.44066010243076,0.7726173543928944,0.3173368816197895,-1.9731610697305537
-1.123061369790491,-0.7534010604819931,-0.5085565613137845,-0.8557735759354202,-0.671059884325961,-1.029120168833168,-0.929849222862139,-0.6551360306463604,-1.166187408254878,0.6214633649025477,-0.6798310756459109,-0.9362349252976151,-1.7138385020115272,-1.1741047954319885,-0.2943675912827868,-0.8131299886862913,-0.8486904334361222,0.9248609224346898,-1.2296296946943568,1.1491531952568421,-0.32603609323537863,-0.9436150939781935,0.08643131258424688,-2.147091003031371,-1.6950986647518076,-0.24910659267276097,1.0710340920220673,0.8488047528492928,0.19128749817509663,0.4625632332580886,0.42216249601956934,-0.383565770904483,0.8716849321177365,0.8850656065217225,0.02738608132667276,0.8389507021982555,0.10644017952330291,-0.6157420816909472,0.4521421570111059,0.360078661808862,0.6813013097148594,0.4110615363838532,-0.4173923681999088,1.1906835475419757,0.6277170516891923,-0.5242316240475888,0.1697605132685795,0.6000873129104691,0.3545435608846894,0.002197180115726177,-0.6595002388728072,-0.7420961406029548,0.7473100008447925,0.44409184673583196,0.04762201498228321,0.0887611317247617,0.13363487778765348,0.5891154393503352,1.479789529651543,0.7373384437222328,0.35405126129591546,-1.8686021283895045
-1.1895860970962375,-0.772690096117602,-0.5085565613137845,-0.8754732188609725,-0.699971691614501,-0.9353741281793736,-0.929849222862139,-0.6828937813588206,-1.1171520561773745,0.6214633649025477,-0.7084851521213363,-0.9362349252976151,-1.7138385020115272,-1.1420182331559114,-0.3175594877684763,-0.8261236660595112,-0.8486904334361222,0.8751096975236365,-1.243937310758057,1.211920750814634,-0.32603609323537863,-0.9871357839917814,0.17278667119726926,-2.102031376853098,-1.9376963133287943,-0.327462148939284,1.1696762601240331,0.9066956406789854,0.22172972549257816,0.4625632332580886,0.42216249601956934,-0.4169608618905244,0.9398908834326732,1.0677311058655594,-0.1334285247847107,0.9374745605626783,0.029925261725422144,-0.6630921284026002,0.20778296488639697,0.360078661808862,0.612492541213824,0.3369227728130334,0.08713613817624244,1.0995562271602655,0.7025312083347911,-0.459886834731708,0.05809662693905287,0.47608455225368457,0.31474874671610337,0.024369164762766918,-0.6595002388728072,-0.9115769184896148,0.5744458454970249,0.44409184673583196,0.12774212869757762,0.0887611317247617,0.09171937927784252,0.49012178472584317,1.44066010243076,0.7373384437222328,0.42748002064816737,-1.7637575068808562
-1.1895860970962375,-0.772690096117602,-0.4885797268883753,-0.8951728617865174,-0.699971691614501,-0.8845950228252532,-0.87588332260639,-0.597307383328751,-1.1416697322161262,0.6785282956106349,-0.7084851521213363,-0.9560821535313108,-1.7138385020115272,-1.1420182331559114,-0.3175594877684763,-0.8531938272537265,-0.869023682852915,1.0243633722567964,-1.243937310758057,1.1491531952568421,-0.2927602302743693,-1.0088961289985754,0.25890672910562373,-2.147091003031371,-2.3350358301486285,-0.22951770360613022,1.1203551760730501,0.9066956406789854,0.2521719528100597,0.5569554332774298,0.31506148557669683,-0.40026331639750373,0.32575778901088526,1.0677311058655594,-0.3475554764418868,0.962105525153784,0.029925261725422144,-0.5091074478054827,0.2688727629175742,0.16293113011521418,0.5778061538137116,0.37399215459844326,0.663697971384331,1.0080554341540398,0.5778409472587931,-0.5027833609422953,0.21435296541981427,0.4512840001223278,0.3545435608846894,-0.04214678917835531,-0.6853983046736885,-0.9115769184896148,0.7040939620078506,0.25406947016593123,0.12774212869757762,0.06014598247322588,0.17555037629746445,0.49012178472584317,1.44066010243076,0.807609444651599,0.3907656409720414,-1.7986104873278728
-1.157654227989482,-0.772690096117602,-0.526996716168005,-0.8951728617865174,-0.671059884325961,-0.8377220024983473,-0.87588332260639,-0.6551360306463604,-1.1171520561773745,0.7974135679191605,-0.6511769991704749,-0.9163876970639194,-1.73897634762886,-1.1099316708798461,-0.3175594877684763,-0.8001363113130715,-0.8486904334361222,0.9746121473457431,-1.243937310758057,1.211920750814634,-0.32603609323537863,-0.9436150939781935,0.17278667119726926,-2.1925199704078246,-2.1804747351163454,-0.30787325987265324,1.1696762601240331,0.8488047528492928,0.41972896628291967,0.4625632332580886,0.3686119907981331,-0.383565770904483,0.7011700538303944,1.0068426060842806,-0.2940237385275928,1.0359984189271012,-0.008332197173518241,-0.5446199828392224,0.3910523589799286,0.13476719701612164,0.612492541213824,0.4852002999546729,0.4473027723359289,1.1451198873511206,0.6027789994739927,-0.18088360892760166,0.23664919149543165,0.5504862086477549,0.43413318922186156,0.13541082557704492,-0.6982944843786171,-1.4487291106987013,0.7473100008447925,0.2920739454799114,0.12774212869757762,0.11737628097629751,0.09171937927784252,0.5231196696006738,1.479789529651543,0.7726173543928944,0.28062250194366356,-1.8686021283895045
-1.157654227989482,-0.7534010604819931,-0.4885797268883753,-0.8951728617865174,-0.6849375518244589,-0.9822471485062794,-0.87588332260639,-0.6551360306463604,-1.1171520561773745,0.7355932263187221,-0.7371392285967618,-0.9362349252976151,-1.5598691976053476,-1.1099316708798461,-0.3175594877684763,-0.8261236660595112,-0.869023682852915,0.9746121473457431,-1.258244926821752,1.1491531952568421,-0.3593119561963757,-0.9436150939781935,0.37373347298342974,-2.237579596586097,-2.0702030766722603,-0.4843338261368113,1.2683184282259992,0.8488047528492928,0.3588445116479566,0.5097593332677592,0.31506148557669683,-0.40026331639750373,0.7693760051453312,1.0068426060842806,-0.3475554764418868,0.9128435959715726,-0.008332197173518241,-0.5802295466572075,0.3910523589799286,0.38824259490795454,0.5778061538137116,0.37399215459844326,1.3483097948403262,1.0995562271602655,0.7274692605499906,-0.22378013513818887,0.25894541757104905,0.37667906051406636,0.4739280033904476,0.09088511870388914,-0.6466040591678786,-1.3637571906380395,0.7473100008447925,0.36808289610787165,0.20786224241287202,0.0887611317247617,0.13363487778765348,0.5561175544755045,1.5189189568723263,0.8775936251690084,0.3173368816197895,-1.6243455850927904
-1.0911295006837354,-0.7325046052100799,-0.45169941717993395,-0.9362137845480731,-0.6849375518244589,-0.8845950228252532,-0.929849222862139,-0.625065134041201,-1.166187408254878,0.6785282956106349,-0.5628269300379077,-0.9362349252976151,-1.0874871820462486,-1.1099316708798461,-0.3175594877684763,-0.8391173434327358,-0.9317178685546966,0.9746121473457431,-1.2296296946943568,1.2698600328679706,-0.32603609323537863,-0.9436150939781935,0.17278667119726926,-2.7332354845471,-2.0922574083610774,-0.3470510380059148,1.0710340920220673,0.9645865285086781,0.43495007994166046,0.36817103323874745,0.4489377486302881,-0.40026331639750373,0.9739938590901417,1.0677311058655594,-0.3743213453990338,0.962105525153784,0.06818272062436252,-0.6275795933688605,0.4521421570111059,0.38824259490795454,0.612492541213824,0.4110615363838532,0.4473027723359289,1.1451198873511206,0.777549775244449,-0.20233187203289527,0.21435296541981427,0.5504862086477549,0.4739280033904476,0.046541149409807664,-0.6725021249687598,-1.8159374627864657,0.7908802695082671,0.36808289610787165,0.10103542412581282,0.0887611317247617,0.3432123703367083,0.5231196696006738,1.479789529651543,0.7726173543928944,0.3907656409720414,-1.3103830809020434
-1.0911295006837354,-0.713215569574471,-0.47013957203415463,-0.8754732188609725,-0.699971691614501,-1.029120168833168,-0.9028662727342645,-0.6551360306463604,-1.1171520561773745,0.7974135679191605,-0.6511769991704749,-0.9560821535313108,-1.0874871820462486,-1.1741047954319885,-0.2729596868344617,-0.8131299886862913,-0.8893569322697078,0.9746121473457431,-1.2296296946943568,1.2698600328679706,-0.32603609323537863,-0.9871357839917814,0.2876134150750752,-2.28263922276437,-2.3350358301486285,-0.3470510380059148,0.8737497558181354,0.9645865285086781,0.4501711936004012,0.32097493322907683,0.3686119907981331,-0.40026331639750373,1.212994221279777,1.1286196056468385,-0.2940237385275928,0.9128435959715726,0.029925261725422144,-0.5683920349792942,0.4521421570111059,0.360078661808862,0.6468969254643416,0.4110615363838532,0.014807592791714947,1.1451198873511206,0.7526117230292495,-0.2666766613487761,0.23664919149543165,0.8482961174382286,0.2749539325475173,-0.19753241928671478,-0.6725021249687598,-1.8159374627864657,0.6176618843339667,0.44409184673583196,0.23456894698463804,0.03153083322169007,0.4270433673563303,0.5891154393503352,1.479789529651543,0.6673542632048235,0.42748002064816737,-1.1012651982199446
-1.123061369790491,-0.693926533938855,-0.45169941717993395,-0.8951728617865174,-0.671059884325961,-0.9822471485062794,-0.9590807521673415,-0.6828937813588206,-1.1416697322161262,0.6785282956106349,-0.7371392285967618,-0.8750393049103832,-1.2278401534097039,-1.1099316708798461,-0.2729596868344617,-0.7871426339398516,-0.9096901816865006,1.0243633722567964,-1.2141297772920179,1.3277993149213285,-0.32603609323537863,-0.9436150939781935,0.4024401589528812,-2.237579596586097,-2.3350358301486285,-0.26869548173939173,1.0217130079710843,0.9645865285086781,0.29783529378628204,0.4625632332580886,0.15419050062869344,-0.46719036349657866,1.076302786062547,1.1286196056468385,-0.2940237385275928,0.6909630214992349,0.06818272062436252,-0.5446199828392224,0.3299625609487514,0.38824259490795454,0.5778061538137116,0.4110615363838532,1.600721657304697,1.0536190943448949,0.7526117230292495,-0.13798708271701446,0.21435296541981427,0.8482961174382286,0.3545435608846894,-0.08649075847243679,-0.6466040591678786,-1.759443870157579,0.7908802695082671,0.33007842079389155,0.2612756515564028,0.11737628097629751,0.30129687182689735,0.49012178472584317,1.4015306752099768,0.7726173543928944,0.42748002064816737,-0.8921473155378459
-1.0911295006837354,-0.6553484626676371,-0.4885797268883753,-0.8754732188609725,-0.671059884325961,-0.8845950228252532,-0.9590807521673415,-0.625065134041201,-1.0926343801386136,0.7974135679191605,-0.7371392285967618,-0.9163876970639194,-1.2655469218357078,-1.1099316708798461,-0.2943675912827868,-0.773066150118861,-0.9096901816865006,0.8751096975236365,-1.258244926821752,1.5064454345857934,-0.25948436731337227,-0.9436150939781935,0.4598535308917842,-2.0569717506748253,-2.1584204034275283,-0.30787325987265324,1.1203551760730501,1.0224774163383707,0.38928673896543814,0.5569554332774298,0.42216249601956934,-0.3668682254114623,0.837581956460268,1.1895081054281174,-0.4816042135961232,0.3459276240713682,0.029925261725422144,-0.6157420816909472,0.4521421570111059,0.4445704611061396,0.5778061538137116,0.4852002999546729,2.068938281712289,1.0080554341540398,0.6775931561195915,-0.13798708271701446,0.19205673934419687,0.5008851043850414,0.2749539325475173,-0.019974804531314564,-0.6466040591678786,-1.9291561791615692,0.6608779231709087,0.4060873714218518,0.28798235612816764,0.11737628097629751,0.21746587480727542,0.5561175544755045,1.44066010243076,0.7726173543928944,0.42748002064816737,-0.7873026940291977
-1.0591976315769798,-0.6553484626676371,-0.45169941717993395,-0.8147326531738646,-0.6849375518244589,-0.8845950228252532,-0.9590807521673415,-0.597307383328751,-1.0415558883912095,0.7974135679191605,-0.7657933050721979,-0.9163876970639194,-1.2917321776870985,-1.0778451086037808,-0.2729596868344617,-0.7871426339398516,-0.9096901816865006,0.9746121473457431,-1.2725525428854467,1.5064454345857934,-0.25948436731337227,-0.9218547489713915,0.23020004313617223,-2.102031376853098,-2.224583398493979,-0.30787325987265324,1.0710340920220673,0.9645865285086781,0.5110556482353643,0.415367133248418,0.3686119907981331,-0.3668682254114623,0.837581956460268,1.2503966052093964,-0.4010872143561808,0.469284340179283,0.14469763842224329,-0.5683920349792942,0.4521421570111059,0.4164065280070471,0.6468969254643416,0.37399215459844326,1.7808049743845402,0.7802371331997642,0.6277170516891923,-0.05219403029584003,0.25894541757104905,0.5504862086477549,0.43413318922186156,0.09088511870388914,-0.6337078794629499,-1.7311970738431357,0.6176618843339667,0.36808289610787165,0.28798235612816764,0.1459914302278333,0.3432123703367083,0.5231196696006738,1.5189189568723263,0.8426015349103037,0.42748002064816737,-0.7524497135821813
-1.0591976315769798,-0.674637498303246,-0.47013957203415463,-0.8360739330098752,-0.6849375518244589,-0.8845950228252532,-0.929849222862139,-0.6828937813588206,-1.0170382123524575,0.8544784986272688,-0.8254892977293395,-0.8551920766766802,-1.5085460961366195,-1.1420182331559114,-0.2515517823861287,-0.7871426339398516,-0.8486904334361222,0.9746121473457431,-1.2725525428854467,1.448506152532457,-0.2927602302743693,-0.8765206968739001,0.14384468452314988,-2.102031376853098,-2.0922574083610774,-0.11182380454186493,1.1696762601240331,1.0224774163383707,0.3588445116479566,0.4625632332580886,0.3686119907981331,-0.3668682254114623,0.837581956460268,0.8241771067404435,-0.1334285247847107,0.24740376570694536,0.10644017952330291,-0.5802295466572075,0.5132319550422831,0.19109506321430672,0.6813013097148594,0.4110615363838532,1.0238646055440184,1.1906835475419757,0.6027789994739927,-0.3955420454158272,0.23664919149543165,0.6248878650418258,0.3545435608846894,0.20192677951816765,-0.6595002388728072,-2.2965960623666652,0.6608779231709087,0.36808289610787165,0.2612756515564028,0.11737628097629751,0.3432123703367083,0.45712389985101254,1.479789529651543,0.807609444651599,0.28062250194366356,-0.6827437526881484
-1.0911295006837354,-0.6151629717601149,-0.4332592623257065,-0.8557735759354202,-0.699971691614501,-0.9822471485062794,-0.9028662727342645,-0.597307383328751,-1.0170382123524575,0.7974135679191605,-0.7657933050721979,-0.8750393049103832,-1.6750843233514656,-1.1099316708798461,-0.23014387793780358,-0.7871426339398516,-0.869023682852915,1.0243633722567964,-1.2725525428854467,1.448506152532457,-0.2927602302743693,-0.9436150939781935,0.17278667119726926,-1.9668524983182776,-2.0481487449834437,0.005709529857919635,1.0217130079710843,0.8488047528492928,0.37406562530669735,0.5097593332677592,0.4489377486302881,-0.383565770904483,1.110685294307372,1.0677311058655594,0.0006202123695257549,0.025523191234607712,0.029925261725422144,-0.6394171050467737,0.3910523589799286,0.33191472870976946,0.6813013097148594,0.37399215459844326,0.663697971384331,1.0995562271602655,0.5778409472587931,0.05522309066591747,0.28124164364666643,0.724090073567253,0.3545435608846894,0.3349586874004121,-0.6725021249687598,-2.239870938620447,0.6608779231709087,0.36808289610787165,0.3683213772579837,0.0887611317247617,0.30129687182689735,0.5231196696006738,1.4015306752099768,0.7023463534635281,0.35405126129591546,-0.6130377917941154
-1.123061369790491,-0.6344520073957238,-0.5085565613137845,-0.9148725047120625,-0.6849375518244589,-0.8377220024983473,-0.929849222862139,-0.6551360306463604,-0.9925205363137058,0.6785282956106349,-0.7657933050721979,-0.8965404688302238,-1.73897634762886,-1.0778451086037808,-0.23014387793780358,-0.8001363113130715,-0.8893569322697078,0.8751096975236365,-1.2880524602877856,1.448506152532457,-0.25948436731337227,-0.9218547489713915,0.37373347298342974,-2.0119121244965523,-2.224583398493979,-0.15100158267512645,1.1203551760730501,0.9645865285086781,0.16084527085761507,0.415367133248418,0.6633592387997278,-0.383565770904483,0.7352730294878628,1.1286196056468385,0.05415195028381977,-0.3687741353754699,0.029925261725422144,-0.5564574945171357,0.4521421570111059,0.4164065280070471,0.5778061538137116,0.4110615363838532,1.1322098143445145,1.0995562271602655,0.7526117230292495,0.1410161430870919,0.25894541757104905,0.6992895214358962,0.3943383750532755,0.20192677951816765,-0.6337078794629499,-1.9291561791615692,0.6176618843339667,0.36808289610787165,0.4217347864015133,0.11737628097629751,0.21746587480727542,0.45712389985101254,1.5580483840931092,0.7023463534635281,0.42748002064816737,-0.5433318309000825
-1.0911295006837354,-0.6344520073957238,-0.45169941717993395,-0.8754732188609725,-0.6849375518244589,-0.8377220024983473,-0.9590807521673415,-0.597307383328751,-0.9414420445663017,0.7355932263187221,-0.7084851521213363,-0.8551920766766802,-1.7264074248201937,-1.1420182331559114,-0.23014387793780358,-0.7871426339398516,-0.869023682852915,0.9746121473457431,-1.2880524602877856,1.56438471663913,-0.25948436731337227,-0.9436150939781935,0.25890672910562373,-2.3727584751209156,-2.0481487449834437,-0.327462148939284,0.9230708398691184,0.9645865285086781,0.23695083915131895,0.5097593332677592,0.5292635064624425,-0.3668682254114623,0.5303756429556957,1.1286196056468385,0.1344495571552614,-0.763071461985548,-0.04658965607245863,-0.4617574010938296,0.3910523589799286,0.38824259490795454,0.612492541213824,0.4852002999546729,0.7357312982162683,0.5068551720546336,0.7025312083347911,-0.35264551920523995,0.28124164364666643,0.724090073567253,0.31474874671610337,0.13541082557704492,-0.6595002388728072,-2.0703901607337873,0.4880137678231411,0.2920739454799114,0.3683213772579837,0.0887611317247617,0.13363487778765348,0.42412601497618185,1.479789529651543,0.6673542632048235,0.3173368816197895,-0.4736258700060496
-1.0911295006837354,-0.674637498303246,-0.47013957203415463,-0.8557735759354202,-0.699971691614501,-0.8845950228252532,-0.986063702295216,-0.625065134041201,-0.9169243685275408,0.7974135679191605,-0.7968352212539035,-0.8353448484429845,-1.7138385020115272,-1.1420182331559114,-0.2729596868344617,-0.8001363113130715,-0.9096901816865006,1.128011757488185,-1.258244926821752,1.56438471663913,-0.25948436731337227,-0.9653754389849875,0.3450267870139782,-2.5529969798340084,-2.0702030766722603,-0.327462148939284,1.0217130079710843,1.0224774163383707,0.17606638451635587,0.4625632332580886,0.4489377486302881,-0.4169608618905244,1.00809683474761,1.0677311058655594,0.0006202123695257549,-1.0588449302312029,0.06818272062436252,-0.47359491277174287,0.5743217530734603,0.360078661808862,0.612492541213824,0.5593390635254927,0.12315280159221109,1.1451198873511206,0.6526551039043919,-0.35264551920523995,0.25894541757104905,0.6744889693045394,0.3545435608846894,0.11305710335092989,-0.6337078794629499,-2.3530896549955522,0.531229806660083,0.36808289610787165,0.3683213772579837,0.0029156839701542543,0.17555037629746445,0.5231196696006738,1.4015306752099768,0.807609444651599,0.35405126129591546,-0.4736258700060496
-1.0591976315769798,-0.6553484626676371,-0.47013957203415463,-0.8557735759354202,-0.7138493591129991,-0.8845950228252532,-0.9028662727342645,-0.6551360306463604,-0.892406692488789,0.8544784986272688,-0.7968352212539035,-0.8965404688302238,-1.8028683719062546,-1.1099316708798461,-0.2943675912827868,-0.8001363113130715,-0.8486904334361222,1.128011757488185,-1.2880524602877856,1.7430308363036164,-0.25948436731337227,-0.9436150939781935,0.14384468452314988,-2.4178181012991904,-1.9818049767064283,-0.4254065942724378,1.1696762601240331,1.0803683041680634,0.3436233979892155,0.4625632332580886,0.4489377486302881,-0.3668682254114623,1.1788912456223088,0.9459541063030015,0.05415195028381977,-1.2312616823689426,-0.008332197173518241,-0.4262448660600899,0.4521421570111059,0.33191472870976946,0.5778061538137116,0.5593390635254927,-1.0302660833765571,1.2362472077328308,0.4780887383979942,-0.24522839824348247,0.3035378697222838,0.6000873129104691,0.4739280033904476,0.2684427334592899,-0.6595002388728072,-2.579064025511099,0.5744458454970249,0.36808289610787165,0.34161467268621887,0.11737628097629751,0.13363487778765348,0.5231196696006738,1.44066010243076,0.7373384437222328,0.42748002064816737,-0.5084788504530661
-1.0911295006837354,-0.6151629717601149,-0.47013957203415463,-0.8147326531738646,-0.699971691614501,-0.7908489821714588,-0.9590807521673415,-0.6551360306463604,-0.892406692488789,0.8544784986272688,-0.7657933050721979,-0.8750393049103832,-1.8154372947149255,-0.8826518547576993,-0.23014387793780358,-0.8261236660595112,-0.869023682852915,0.9248609224346898,-1.3166676924151808,1.6802632807458244,-0.190159652811289,-0.9871357839917814,0.2876134150750752,-2.5529969798340084,-1.8935876499511604,-0.20992881453949946,1.1203551760730501,0.8488047528492928,0.3284022843304747,0.6041515332871005,0.3686119907981331,-0.3501706799184416,1.4176120752245875,1.0068426060842806,-0.07989678687041608,-1.5024041860234918,0.06818272062436252,-0.4262448660600899,0.4521421570111059,0.38824259490795454,0.6468969254643416,0.5222696817400828,-0.2373090511200656,1.1451198873511206,0.45315068618279464,-0.009297504085252815,0.370426547949136,0.6992895214358962,0.3545435608846894,0.13541082557704492,-0.5821231606432355,-2.2965960623666652,0.5744458454970249,0.4060873714218518,0.3683213772579837,0.06014598247322588,0.21746587480727542,0.42412601497618185,1.479789529651543,0.7726173543928944,0.42748002064816737,-0.7524497135821813
-1.123061369790491,-0.6553484626676371,-0.4885797268883753,-0.8951728617865174,-0.6849375518244589,-0.8845950228252532,-0.929849222862139,-0.6551360306463604,-0.9414420445663017,0.7355932263187221,-0.7968352212539035,-0.9163876970639194,-1.790299449097588,-0.9147384170337646,-0.20873597348947848,-0.8131299886862913,-0.9096901816865006,0.9746121473457431,-1.3166676924151808,1.56438471663913,-0.190159652811289,-0.9871357839917814,-0.05710211726301059,-2.6431162321905544,-2.003859308395245,-0.24910659267276097,1.1696762601240331,1.0803683041680634,0.2521719528100597,0.5569554332774298,0.31506148557669683,-0.383565770904483,1.4176120752245875,1.1286196056468385,-0.07989678687041608,-1.5024041860234918,0.10644017952330291,-0.37879779056419155,0.4521421570111059,0.38824259490795454,0.5778061538137116,0.44813091816926304,0.08713613817624244,1.0995562271602655,0.42821263396759507,0.1839126692976791,0.3035378697222838,0.6992895214358962,0.2749539325475173,0.046541149409807664,-0.5821231606432355,-2.4378300439388823,0.6176618843339667,0.33007842079389155,0.34161467268621887,0.06014598247322588,0.2593813733170864,0.49012178472584317,1.5580483840931092,0.807609444651599,0.3907656409720414,-0.6478907722411319
-1.0272657624702124,-0.6151629717601149,-0.4885797268883753,-0.8951728617865174,-0.6849375518244589,-0.9353741281793736,-0.9590807521673415,-0.597307383328751,-0.892406692488789,0.911543429335356,-0.7371392285967618,-0.8965404688302238,-1.8028683719062546,-0.9789115415858951,-0.18554407700378897,-0.8261236660595112,-0.9096901816865006,0.9746121473457431,-1.3023600763514804,1.56438471663913,-0.22620850435237527,-0.9871357839917814,0.11513799855369838,-2.6431162321905544,-1.8715333182623435,-0.22951770360613022,1.0217130079710843,1.0224774163383707,0.2065086118338374,0.4625632332580886,0.31506148557669683,-0.33347313442542087,1.554023977854462,1.0677311058655594,-0.21372613165615173,-1.675022831313618,-0.008332197173518241,-0.4617574010938296,0.5132319550422831,0.4445704611061396,0.6468969254643416,0.44813091816926304,-1.6428445800006142,1.1906835475419757,0.5030267906131938,0.2268091955082663,0.25894541757104905,0.6744889693045394,0.43413318922186156,0.046541149409807664,-0.5821231606432355,-2.1833773459915604,0.7040939620078506,0.4060873714218518,0.34161467268621887,0.06014598247322588,0.30129687182689735,0.42412601497618185,1.5580483840931092,0.7726173543928944,0.28062250194366356,0.22400509926947718
-1.0272657624702124,-0.5958739361244989,-0.47013957203415463,-0.9148725047120625,-0.699971691614501,-1.029120168833168,-1.0670125526788494,-0.625065134041201,-0.9169243685275408,0.9686083600434432,-0.7371392285967618,-0.8551920766766802,-1.790299449097588,-1.0778451086037808,-0.18554407700378897,-0.8131299886862913,-0.9096901816865006,0.9746121473457431,-1.3023600763514804,1.6802632807458244,-0.12360792688928265,-0.9436150939781935,0.029017940645343892,-2.6431162321905544,-2.0922574083610774,-0.327462148939284,0.9230708398691184,1.0803683041680634,0.1456241571988743,0.5097593332677592,0.31506148557669683,-0.3501706799184416,1.3494061239096509,1.1286196056468385,-0.1066626558275631,-1.7981776542691466,0.10644017952330291,-0.4262448660600899,0.3299625609487514,0.360078661808862,0.6468969254643416,0.44813091816926304,-0.2373090511200656,1.0536190943448949,0.5529028950435936,0.09811961687650468,0.3035378697222838,0.5256856565163982,0.4739280033904476,0.20192677951816765,-0.5950193403481641,-2.0986369570482304,0.5744458454970249,0.2920739454799114,0.3146890606999324,0.11737628097629751,0.55313343254568,0.45712389985101254,1.479789529651543,0.7726173543928944,0.28062250194366356,0.39827000150456104
-1.0591976315769798,-0.6151629717601149,-0.47013957203415463,-0.8557735759354202,-0.6849375518244589,-0.9353741281793736,-0.986063702295216,-0.541791881903851,-0.892406692488789,0.911543429335356,-0.7657933050721979,-0.8750393049103832,-1.7777305262889218,-1.1741047954319885,-0.12132036365880575,-0.8001363113130715,-0.869023682852915,0.9746121473457431,-1.2880524602877856,1.8009701183569529,-0.156883789850292,-0.9218547489713915,0.14384468452314988,-2.5529969798340084,-2.0260944132946266,-0.36663992707254556,1.1203551760730501,1.0224774163383707,-0.037153969932726065,0.5569554332774298,0.341836738187415,-0.3501706799184416,1.1788912456223088,1.0068426060842806,-0.1066626558275631,-1.7981776542691466,0.06818272062436252,-0.5683920349792942,0.4521421570111059,0.05004454580819547,0.612492541213824,0.44813091816926304,0.12315280159221109,1.0080554341540398,0.5529028950435936,0.3127780533647302,0.25894541757104905,0.6496884171731826,0.43413318922186156,0.06871313405684841,-0.6208116997580213,-1.9856497717904573,0.6176618843339667,0.2920739454799114,0.3146890606999324,0.0887611317247617,1.1402939813429505,0.5561175544755045,1.44066010243076,0.6673542632048235,0.3907656409720414,-0.020251444027235256
-1.0911295006837354,-0.6344520073957238,-0.47013957203415463,-0.9362137845480731,-0.671059884325961,-0.8377220024983473,-0.986063702295216,-0.541791881903851,-0.816810524702633,0.911543429335356,-0.7371392285967618,-0.8551920766766802,-1.8028683719062546,-1.1741047954319885,-0.09812846717311627,-0.7871426339398516,-0.8486904334361222,1.0243633722567964,-1.3309753084788756,1.56438471663913,-0.12360792688928265,-0.9871357839917814,0.11513799855369838,-2.5529969798340084,-2.0702030766722603,-0.4254065942724378,1.0710340920220673,1.0224774163383707,0.13040304354013355,0.5569554332774298,0.39538724340885123,-0.33347313442542087,1.3494061239096509,1.0068426060842806,-0.1066626558275631,-1.8228086188602524,0.06818272062436252,-0.4617574010938296,0.4521421570111059,0.33191472870976946,0.612492541213824,0.37399215459844326,0.014807592791714947,1.0995562271602655,0.5529028950435936,0.1410161430870919,0.28124164364666643,0.6248878650418258,0.2749539325475173,-0.10866274311947753,-0.6208116997580213,-2.0986369570482304,0.6176618843339667,0.33007842079389155,0.2612756515564028,0.1748411298830705,0.636964429565302,0.5231196696006738,1.479789529651543,0.5973700826874142,0.42748002064816737,-0.0551044244742533
-0.9953338933634569,-0.6344520073957238,-0.47013957203415463,-0.8951728617865174,-0.7138493591129991,-0.8845950228252532,-1.0130466524231005,-0.569549632616301,-0.8413282007413849,0.8544784986272688,-0.7657933050721979,-0.8353448484429845,-1.790299449097588,-1.208865237897732,-0.05531265827646606,-0.7871426339398516,-0.9096901816865006,0.9746121473457431,-1.3166676924151808,1.448506152532457,-0.190159652811289,-0.9218547489713915,0.08643131258424688,-2.507937353655736,-1.9156419816399775,-0.6410449386698573,1.0217130079710843,1.0224774163383707,0.11518192988139277,0.651347633296771,0.341836738187415,-0.3668682254114623,1.3494061239096509,1.1286196056468385,-0.026145656587621253,-1.7981776542691466,0.029925261725422144,-0.5091074478054827,0.2688727629175742,0.5292931123140658,0.5778061538137116,0.37399215459844326,-0.05722573404022235,1.0995562271602655,0.6277170516891923,0.2053609324029727,0.05809662693905287,0.6744889693045394,0.31474874671610337,-0.13083472776651828,-0.6337078794629499,-2.522570432882212,0.531229806660083,0.36808289610787165,0.3146890606999324,0.06014598247322588,0.4270433673563303,0.5561175544755045,1.479789529651543,0.7373384437222328,0.3173368816197895,-0.4736258700060496
-1.0272657624702124,-0.6151629717601149,-0.5085565613137845,-0.8754732188609725,-0.7138493591129991,-0.9822471485062794,-1.040029602550975,-0.541791881903851,-0.892406692488789,0.911543429335356,-0.8254892977293395,-0.8551920766766802,-1.8154372947149255,-1.1741047954319885,-0.05531265827646606,-0.8001363113130715,-0.9317178685546966,1.0243633722567964,-1.3023600763514804,1.56438471663913,-0.22620850435237527,-0.9653754389849875,0.17278667119726926,-2.5529969798340084,-2.0260944132946266,-0.6018671605365958,1.0710340920220673,0.9645865285086781,0.19128749817509663,0.651347633296771,0.39538724340885123,-0.3668682254114623,1.281200172594714,1.1286196056468385,0.1344495571552614,-1.847439583451358,-0.08484711497139902,-0.5920670583351207,0.5743217530734603,0.4445704611061396,0.5778061538137116,0.5222696817400828,-0.45370425016846766,1.1451198873511206,0.6526551039043919,-0.009297504085252815,0.3035378697222838,0.6496884171731826,0.23515911837893125,-0.13083472776651828,-0.6079155200530927,-2.3530896549955522,0.4880137678231411,0.33007842079389155,0.28798235612816764,0.1748411298830705,0.3432123703367083,0.5561175544755045,1.5189189568723263,0.7373384437222328,0.35405126129591546,-0.7175967331351648
-1.0591976315769798,-0.6344520073957238,-0.45169941717993395,-0.8360739330098752,-0.7138493591129991,-0.8845950228252532,-1.040029602550975,-0.4839632345862314,-0.892406692488789,0.8544784986272688,-0.7968352212539035,-0.8353448484429845,-1.8154372947149255,-1.1741047954319885,-0.12132036365880575,-0.8131299886862913,-0.9096901816865006,1.0782605325771133,-1.3023600763514804,1.7430308363036164,-0.190159652811289,-1.0088961289985754,0.14384468452314988,-2.7782951107253724,-2.003859308395245,-0.503922715203442,1.0217130079710843,0.8488047528492928,0.2065086118338374,0.6985437333064417,0.5024882538517244,-0.3501706799184416,1.3153031482521824,1.0677311058655594,0.0006202123695257549,-1.8720705480424638,0.10644017952330291,-0.5091074478054827,0.5743217530734603,0.33191472870976946,0.612492541213824,0.4852002999546729,-0.3813757047839402,1.1451198873511206,0.6277170516891923,0.03377482756062387,0.28124164364666643,0.6744889693045394,0.2749539325475173,-0.08649075847243679,-0.6079155200530927,-2.4378300439388823,0.5744458454970249,0.2920739454799114,0.28798235612816764,0.0887611317247617,0.17555037629746445,0.49012178472584317,1.3232718207684104,0.8426015349103037,0.3907656409720414,-1.1361181786669612
-1.0272657624702124,-0.57658490048889,-0.47013957203415463,-0.8754732188609725,-0.7416046941100003,-0.9353741281793736,-1.0670125526788494,-0.541791881903851,-0.9169243685275408,0.9686083600434432,-0.7371392285967618,-0.8551920766766802,-1.8028683719062546,-1.208865237897732,-0.07672056272479116,-0.773066150118861,-0.9096901816865006,1.0782605325771133,-1.3166676924151808,1.7430308363036164,-0.190159652811289,-0.9436150939781935,0.25890672910562373,-3.049022208993192,-2.1804747351163454,-0.5431004933367035,1.0710340920220673,0.7909138650196001,0.23695083915131895,0.6041515332871005,0.5560387590731606,-0.33347313442542087,1.1788912456223088,1.0677311058655594,-0.026145656587621253,-1.847439583451358,0.06818272062436252,-0.5446199828392224,0.6965013491358147,0.5011291792149732,0.5778061538137116,0.44813091816926304,0.26721945525608565,1.0995562271602655,0.6775931561195915,-0.09509055650642724,0.3481303218735186,0.5504862086477549,0.43413318922186156,-0.17517869706059977,-0.6079155200530927,-2.5508172291966553,0.40158169014925726,0.25406947016593123,0.28798235612816764,0.06014598247322588,0.13363487778765348,0.5561175544755045,1.2055628060960542,0.7373384437222328,0.42748002064816737,-1.4849336633047245
-1.0591976315769798,-0.6151629717601149,-0.47013957203415463,-0.8754732188609725,-0.7277270266115022,-0.8377220024983473,-1.040029602550975,-0.4839632345862314,-0.8678890164500372,0.911543429335356,-0.7371392285967618,-0.8965404688302238,-1.8541914733749827,-1.2409518001737974,-0.07672056272479116,-0.773066150118861,-0.869023682852915,1.128011757488185,-1.3607828419449093,1.8009701183569529,-0.156883789850292,-0.9653754389849875,0.25890672910562373,-2.7782951107253724,-1.5846462330971585,-0.40581770520580707,1.1696762601240331,1.0224774163383707,0.29783529378628204,0.5097593332677592,0.39538724340885123,-0.383565770904483,0.7011700538303944,1.0677311058655594,0.05415195028381977,-2.1924749808792243,0.10644017952330291,-0.5327824711613092,0.5743217530734603,0.47273439420523217,0.5778061538137116,0.4110615363838532,0.41128610891996026,1.1451198873511206,0.7025312083347911,-0.24522839824348247,0.32583409579790124,0.37667906051406636,0.31474874671610337,-0.019974804531314564,-0.5950193403481641,-2.7770231308295337,0.6176618843339667,0.33007842079389155,0.34161467268621887,0.11737628097629751,0.04980388076803154,0.5231196696006738,1.166433378875271,0.7726173543928944,0.42748002064816737,-1.450080682857708
-1.0911295006837354,-0.5958739361244989,-0.47013957203415463,-0.8754732188609725,-0.699971691614501,-0.8845950228252532,-0.986063702295216,-0.4562054838737814,-0.968002860274945,0.911543429335356,-0.7657933050721979,-0.8750393049103832,-1.8541914733749827,-1.1741047954319885,-0.05531265827646606,-0.8001363113130715,-0.9317178685546966,1.0782605325771133,-1.3166676924151808,1.5064454345857934,-0.02100734942620235,-0.9436150939781935,0.14384468452314988,-2.3727584751209156,-1.7833159915070755,-0.3470510380059148,1.2683184282259992,1.138259191997756,0.4045078526241789,0.651347633296771,0.3686119907981331,-0.383565770904483,0.9398908834326732,1.1286196056468385,0.1344495571552614,-2.290998839243647,0.14469763842224329,-0.5091074478054827,0.4521421570111059,0.5011291792149732,0.5778061538137116,0.3369227728130334,0.19518612842414837,1.1906835475419757,0.6526551039043919,-0.3955420454158272,0.32583409579790124,0.724090073567253,0.15556949004175913,0.046541149409807664,-0.5950193403481641,-2.494323636567769,0.7040939620078506,0.2920739454799114,0.3683213772579837,0.23207142838614211,-0.07594261476140327,0.45712389985101254,1.0490450972129215,0.8426015349103037,0.28062250194366356,-1.2406771200080104
-1.0272657624702124,-0.6344520073957238,-0.5085565613137845,-0.7950330102483195,-0.6849375518244589,-0.9353741281793736,-1.040029602550975,-0.4839632345862314,-0.9414420445663017,0.9686083600434432,-0.7371392285967618,-0.8551920766766802,-1.8667603961836536,-1.1741047954319885,-0.07672056272479116,-0.7470787953724165,-0.869023682852915,1.128011757488185,-1.3166676924151808,1.448506152532457,-0.190159652811289,-1.0324698360892728,0.2876134150750752,-2.237579596586097,-1.5846462330971585,-0.3862288161391763,1.1203551760730501,0.9645865285086781,0.28261418012754125,0.5569554332774298,0.31506148557669683,-0.33347313442542087,0.9739938590901417,1.1286196056468385,-0.07989678687041608,-2.1924749808792243,0.029925261725422144,-0.5327824711613092,0.4521421570111059,0.4445704611061396,0.543401769563194,0.4852002999546729,-0.05722573404022235,1.1451198873511206,0.6526551039043919,0.1624644061923855,0.28124164364666643,0.6992895214358962,0.3545435608846894,-0.04214678917835531,-0.6337078794629499,-2.8900103160873067,0.6176618843339667,0.25406947016593123,0.3683213772579837,0.26068657763767794,0.04980388076803154,0.5231196696006738,1.166433378875271,0.8775936251690084,0.3907656409720414,-1.0315592373259117
-1.0272657624702124,-0.6151629717601149,-0.47013957203415463,-0.8147326531738646,-0.7277270266115022,-0.9822471485062794,-1.040029602550975,-0.4839632345862314,-0.892406692488789,0.911543429335356,-0.7371392285967618,-0.8154976202092888,-1.8929456520350443,-1.208865237897732,-0.09812846717311627,-0.773066150118861,-0.8893569322697078,1.0782605325771133,-1.3023600763514804,1.5064454345857934,-0.25948436731337227,-0.9653754389849875,0.25890672910562373,-2.0569717506748253,-1.6950986647518076,-0.2882843708060225,1.1696762601240331,0.9066956406789854,0.1456241571988743,0.5569554332774298,0.31506148557669683,-0.3501706799184416,1.2470971969372455,1.1895081054281174,0.10768368819811379,-2.2417369100614355,0.10644017952330291,-0.4854324244496562,0.5743217530734603,0.4164065280070471,0.5778061538137116,0.5222696817400828,-0.05722573404022235,1.1451198873511206,0.5030267906131938,-0.459886834731708,0.28124164364666643,0.724090073567253,0.3545435608846894,-0.019974804531314564,-0.5950193403481641,-2.8900103160873067,0.7040939620078506,0.2920739454799114,0.39502808182974847,0.2034562791346063,0.2593813733170864,0.49012178472584317,2.1061810981940803,0.7726173543928944,0.3173368816197895,-0.8921473155378459
-1.0272657624702124,-0.6344520073957238,-0.47013957203415463,-0.8147326531738646,-0.7138493591129991,-0.8845950228252532,-1.0670125526788494,-0.541791881903851,-0.968002860274945,1.0874936323519688,-0.7657933050721979,-0.8353448484429845,-1.8541914733749827,-1.1099316708798461,-0.07672056272479116,-0.7871426339398516,-0.869023682852915,0.9746121473457431,-1.3166676924151808,1.56438471663913,-0.190159652811289,-0.9436150939781935,0.05772462661479539,-1.876733245961732,-1.6287548964747924,-0.327462148939284,1.0710340920220673,0.3273122469080445,0.08461493933720012,0.6041515332871005,0.47571300124100624,-0.31677558893240015,1.4176120752245875,1.0677311058655594,0.21474716402670244,-2.2417369100614355,0.06818272062436252,-0.47359491277174287,0.5743217530734603,0.47273439420523217,0.543401769563194,0.5222696817400828,-0.16527572428812828,0.5068551720546336,0.5030267906131938,-0.30974899299465275,0.3035378697222838,0.6744889693045394,0.3545435608846894,0.09088511870388914,-0.6079155200530927,-2.7770231308295337,0.6608779231709087,0.4060873714218518,0.39502808182974847,0.26068657763767794,0.21746587480727542,0.5231196696006738,1.3624012479891936,0.7373384437222328,0.3173368816197895,-0.8221556744762142
-0.9953338933634569,-0.6151629717601149,-0.4885797268883753,-0.8360739330098752,-0.6294268818304617,-0.7908489821714588,-1.1232270321119264,-0.4562054838737814,-0.9169243685275408,0.8544784986272688,-0.7968352212539035,-0.8551920766766802,-1.8667603961836536,-1.0778451086037808,-0.07672056272479116,-0.8131299886862913,-0.869023682852915,0.9746121473457431,-1.3607828419449093,1.622323998692488,-0.22620850435237527,-1.0088961289985754,0.11513799855369838,-2.0569717506748253,-1.7392073281294416,-0.26869548173939173,1.1203551760730501,0.037857807759581176,0.22172972549257816,0.5097593332677592,0.3686119907981331,-0.31677558893240015,1.2470971969372455,1.1286196056468385,0.08091781924096678,-2.3897245907604563,0.06818272062436252,-0.4380823777380031,0.3910523589799286,0.47273439420523217,0.612492541213824,0.4852002999546729,-0.20129238770409694,0.9624917739631846,0.4780887383979942,-0.15943534582230806,0.28124164364666643,0.6744889693045394,0.31474874671610337,0.13541082557704492,-0.5692269809383069,-2.6922827418862036,0.6176618843339667,0.36808289610787165,0.4217347864015133,0.26068657763767794,0.4270433673563303,0.6221133242251657,0.42265352867038414,0.7023463534635281,0.3907656409720414,-0.7175967331351648
-1.0272657624702124,-0.6344520073957238,-0.5085565613137845,-0.8557735759354202,-0.671059884325961,-0.8377220024983473,-1.1232270321119264,-0.4839632345862314,-0.9414420445663017,0.911543429335356,-0.7371392285967618,-0.8353448484429845,-1.8416225505663162,-1.1099316708798461,-0.09812846717311627,-0.8001363113130715,-0.8893569322697078,0.9746121473457431,-1.3166676924151808,1.622323998692488,-0.12360792688928265,-0.9871357839917814,0.31632010104452674,-2.28263922276437,-1.6950986647518076,-0.36663992707254556,1.2189973441750162,-0.13628937120351114,0.13040304354013355,0.5097593332677592,0.3686119907981331,-0.3501706799184416,1.5199210021969936,1.0068426060842806,0.05415195028381977,-2.290998839243647,-0.008332197173518241,-0.41440735438217663,0.2688727629175742,0.47273439420523217,0.543401769563194,0.4110615363838532,-0.09324239745619099,1.1451198873511206,0.6277170516891923,-0.3955420454158272,0.25894541757104905,0.25267629985728185,0.43413318922186156,0.11305710335092989,-0.5821231606432355,-2.7770231308295337,0.7473100008447925,0.2920739454799114,0.28798235612816764,0.23207142838614211,0.4270433673563303,0.6551112090999964,-0.12547918543058864,0.7726173543928944,0.42748002064816737,-0.6827437526881484
-0.8330135587374318,-0.6344520073957238,-0.5085565613137845,-0.8147326531738646,-0.6433045493289598,-0.8377220024983473,-1.1232270321119264,-0.42844773316133145,-0.968002860274945,0.9686083600434432,-0.7968352212539035,-0.8551920766766802,-1.8541914733749827,-1.1420182331559114,-0.05531265827646606,-0.7340851179991966,-0.869023682852915,1.0243633722567964,-1.3023600763514804,1.56438471663913,-0.156883789850292,-1.0324698360892728,0.11513799855369838,-2.5529969798340084,-1.6728635598524264,-0.1903399254728687,1.0710340920220673,-0.30996203469258915,0.16084527085761507,0.6041515332871005,0.47571300124100624,-0.2833804979463587,1.3153031482521824,1.0677311058655594,0.08091781924096678,-2.2171059454703297,0.10644017952330291,-0.30777272049671206,0.5743217530734603,0.47273439420523217,0.6468969254643416,0.4110615363838532,-0.2733257145360342,1.1906835475419757,0.5279648428283934,-0.20233187203289527,0.28124164364666643,0.6000873129104691,0.5137228175590337,0.17975479487112692,-0.6079155200530927,-2.4095832476244388,0.7040939620078506,0.36808289610787165,0.3683213772579837,0.26068657763767794,0.30129687182689735,0.6551112090999964,-1.1043563319701812,0.807609444651599,0.3173368816197895,-0.6827437526881484
-0.8330135587374318,-0.6344520073957238,-0.45169941717993395,-0.8951728617865174,-0.671059884325961,-0.8845950228252532,-1.1232270321119264,-0.42844773316133145,-0.9169243685275408,1.0874936323519688,-0.7371392285967618,-0.8551920766766802,-1.82905362775765,-1.208865237897732,-0.07672056272479116,-0.7871426339398516,-0.9096901816865006,1.0243633722567964,-1.2725525428854467,1.56438471663913,-0.190159652811289,-0.9653754389849875,0.17278667119726926,-2.6431162321905544,-1.6287548964747924,-0.11182380454186493,1.2189973441750162,-0.7151982495004378,0.17606638451635587,0.6041515332871005,0.42216249601956934,-0.33347313442542087,1.554023977854462,0.9459541063030015,0.1879812950695554,-2.364891733016964,0.06818272062436252,-0.2959352088187988,0.4521421570111059,0.4445704611061396,0.715705693965377,0.5222696817400828,-0.30934237795200287,1.0536190943448949,0.4780887383979942,-0.15943534582230806,0.3481303218735186,0.6000873129104691,0.5535176317276197,0.13541082557704492,-0.5821231606432355,-2.5508172291966553,0.7473100008447925,0.36808289610787165,0.39502808182974847,0.23207142838614211,0.4693024355260581,0.5561175544755045,-1.9263950366166342,0.7726173543928944,0.35405126129591546,-0.5084788504530661
-0.8968772969509547,-0.6151629717601149,-0.4885797268883753,-0.8360739330098752,-0.699971691614501,-0.8377220024983473,-1.1771929323676855,-0.4562054838737814,-0.9169243685275408,1.0874936323519688,-0.7968352212539035,-0.8551920766766802,-1.8667603961836536,-1.1099316708798461,0.05351085600253176,-0.773066150118861,-0.9096901816865006,1.0243633722567964,-1.3023600763514804,1.622323998692488,-0.12360792688928265,-0.9436150939781935,0.029017940645343892,-2.6431162321905544,-1.6508092281636093,-0.1903399254728687,1.3176395122769822,-1.4682543067604568,-0.037153969932726065,0.5097593332677592,0.18096575323941158,-0.31677558893240015,1.4176120752245875,0.8850656065217225,0.48262524596667394,-2.364891733016964,0.14469763842224329,-0.4380823777380031,0.5132319550422831,0.47273439420523217,0.6813013097148594,0.5964084453109025,-0.2373090511200656,1.2362472077328308,0.6526551039043919,-0.2666766613487761,0.39272277402475336,0.5504862086477549,0.3545435608846894,0.20192677951816765,-0.5563308012333783,-3.370437384550175,0.7473100008447925,0.36808289610787165,0.34161467268621887,0.23207142838614211,0.595048931055491,0.6221133242251657,-2.3180100418344725,0.807609444651599,0.42748002064816737,-0.6130377917941154
-0.9288091660577102,-0.5572958648532811,-0.47013957203415463,-0.8951728617865174,-0.7843941688970384,-0.8845950228252532,-1.1771929323676855,-0.4839632345862314,-0.892406692488789,1.0256732907515516,-0.7657933050721979,-0.8353448484429845,-1.8667603961836536,-1.1099316708798461,0.05351085600253176,-0.7470787953724165,-0.869023682852915,1.0243633722567964,-1.3023600763514804,1.56438471663913,-0.12360792688928265,-0.9653754389849875,0.11513799855369838,-2.5529969798340084,-1.5405375697195245,-0.15100158267512645,1.1203551760730501,-2.163419476190783,0.31305640744502283,0.651347633296771,0.3686119907981331,-0.31677558893240015,1.3835090995671193,0.9459541063030015,0.24151303298384943,-2.3897245907604563,0.14469763842224329,-0.47359491277174287,0.3299625609487514,0.2755868625115844,0.6468969254643416,0.6337816744879964,-0.3813757047839402,1.1906835475419757,0.6277170516891923,-0.22378013513818887,0.39272277402475336,0.6248878650418258,0.3943383750532755,-0.06431877382539605,-0.5434346215284497,-2.239870938620447,1.0501765025299183,0.33007842079389155,0.34161467268621887,0.28930172688921374,0.55313343254568,0.6551112090999964,-2.16149233295134,0.7373384437222328,0.4644953378626225,-0.6130377917941154
-0.9288091660577102,-0.57658490048889,-0.45169941717993395,-0.8360739330098752,-0.7277270266115022,-0.7908489821714588,-1.1232270321119264,-0.40068998244887116,-0.9169243685275408,1.0874936323519688,-0.7657933050721979,-0.8154976202092888,-1.8541914733749827,-1.0778451086037808,-0.012496849379807929,-0.8001363113130715,-0.8486904334361222,0.9746121473457431,-1.258244926821752,1.56438471663913,-0.12360792688928265,-0.9871357839917814,0.20149335716672073,-2.5980566060122814,-1.8494789865735264,-0.22951770360613022,1.0217130079710843,-2.3949830275095563,0.41972896628291967,0.5569554332774298,0.3686119907981331,-0.33347313442542087,1.281200172594714,1.1286196056468385,0.32181063985529046,-2.3402607684258583,0.06818272062436252,-0.4262448660600899,0.5743217530734603,0.16293113011521418,0.6468969254643416,0.5593390635254927,-0.2373090511200656,1.2362472077328308,0.7025312083347911,0.1624644061923855,0.32583409579790124,0.6248878650418258,0.3545435608846894,0.06871313405684841,-0.5434346215284497,-1.9574029754760127,0.9637444248560346,0.33007842079389155,0.3683213772579837,0.28930172688921374,0.636964429565302,0.6551112090999964,-2.200621760172123,0.7373384437222328,0.4644953378626225,-0.4736258700060496
-0.8968772969509547,-0.6151629717601149,-0.45169941717993395,-0.8557735759354202,-0.699971691614501,-0.8845950228252532,-1.1771929323676855,-0.42844773316133145,-0.9169243685275408,1.2016234937681642,-0.7657933050721979,-0.8353448484429845,-1.8793293189923201,-1.0778451086037808,-0.012496849379807929,-0.7470787953724165,-0.8486904334361222,1.0243633722567964,-1.2725525428854467,1.56438471663913,-0.190159652811289,-0.9653754389849875,0.6610356333826125,-2.688175858368827,-1.9376963133287943,-0.24910659267276097,1.0217130079710843,-2.7428028699617237,0.38928673896543814,0.6985437333064417,0.341836738187415,-0.33347313442542087,1.451715050882056,1.1286196056468385,0.10768368819811379,-2.2171059454703297,0.06818272062436252,-0.4262448660600899,0.3910523589799286,0.5574570454131583,0.5778061538137116,0.7079204380588161,-0.45370425016846766,1.2362472077328308,0.7025312083347911,0.09811961687650468,0.3481303218735186,0.6496884171731826,0.3545435608846894,0.06871313405684841,-0.5563308012333783,-2.4378300439388823,0.531229806660083,0.33007842079389155,0.3146890606999324,0.28930172688921374,0.636964429565302,0.5561175544755045,-1.4173917497364465,0.6673542632048235,0.5012097175387484,-0.43877288955903315
-0.8649454278441874,-0.6344520073957238,-0.4332592623257065,-0.8360739330098752,-0.7138493591129991,-0.8845950228252532,-1.1771929323676855,-0.42844773316133145,-0.9414420445663017,1.0874936323519688,-0.7657933050721979,-0.7741492280557526,-1.9055145748437108,-1.1099316708798461,0.01069504710588156,-0.8001363113130715,-0.8486904334361222,1.128011757488185,-1.258244926821752,1.56438471663913,-0.190159652811289,-0.9871357839917814,0.3450267870139782,-2.6431162321905544,-1.6508092281636093,-0.22951770360613022,1.1696762601240331,-2.8585846456211117,0.31305640744502283,0.651347633296771,0.42216249601956934,-0.31677558893240015,1.3153031482521824,1.0677311058655594,0.08091781924096678,-2.3156298038347525,0.06818272062436252,-0.5091074478054827,0.14669316685521974,0.5292931123140658,0.715705693965377,0.5222696817400828,-0.5257375770004049,1.2362472077328308,0.777549775244449,-0.07364229340113364,0.32583409579790124,0.7488906256986098,0.4739280033904476,0.002197180115726177,-0.5305384418235205,-2.268349266052222,0.531229806660083,0.2160649948519511,0.34161467268621887,0.26068657763767794,0.7207954265849239,0.49012178472584317,-0.008090903768237375,0.7373384437222328,0.4644953378626225,-0.29907528760336854
-0.8968772969509547,-0.6553484626676371,-0.45169941717993395,-0.8557735759354202,-0.7416046941100003,-0.8845950228252532,-1.20417588249556,-0.42844773316133145,-0.9414420445663017,1.144558563060077,-0.7968352212539035,-0.8353448484429845,-1.8667603961836536,-1.1099316708798461,-0.03390475382813303,-0.7470787953724165,-0.9096901816865006,1.0782605325771133,-1.2880524602877856,1.56438471663913,-0.190159652811289,-1.0088961289985754,0.37373347298342974,-2.688175858368827,-1.5625919014083414,-0.20992881453949946,1.2189973441750162,-3.2638208604289605,0.37406562530669735,0.793322786604551,0.2882862329659787,-0.33347313442542087,1.3494061239096509,1.2503966052093964,-0.026145656587621253,-2.290998839243647,0.14469763842224329,-0.4262448660600899,-0.22034635738128,0.6137849116113434,0.715705693965377,0.5593390635254927,-0.12925906087215963,1.1906835475419757,0.6277170516891923,0.07667135377121108,0.32583409579790124,0.8234955653068718,0.5137228175590337,0.09088511870388914,-0.5434346215284497,-2.268349266052222,0.4880137678231411,0.33007842079389155,0.34161467268621887,0.28930172688921374,0.7207954265849239,0.45712389985101254,-0.20373803987215497,0.7726173543928944,0.4644953378626225,-0.6130377917941154
-0.9288091660577102,-0.5958739361244989,-0.4332592623257065,-0.8557735759354202,-0.7277270266115022,-0.8845950228252532,-1.1771929323676855,-0.42844773316133145,-0.9169243685275408,1.0256732907515516,-0.7371392285967618,-0.8353448484429845,-1.8793293189923201,-1.0778451086037808,-0.12132036365880575,-0.773066150118861,-0.8486904334361222,1.0243633722567964,-1.2725525428854467,1.622323998692488,-0.156883789850292,-1.0324698360892728,0.3450267870139782,-2.7782951107253724,-1.2757048162431566,-0.36663992707254556,1.0710340920220673,-3.205929972599268,0.23695083915131895,0.7457398333161123,0.2077410058501303,-0.31677558893240015,1.4176120752245875,1.1286196056468385,0.05415195028381977,-2.290998839243647,0.14469763842224329,-0.4025698427042634,-0.4036157514748117,0.47273439420523217,0.5778061538137116,0.5964084453109025,-0.16527572428812828,1.1906835475419757,0.5778409472587931,0.2268091955082663,0.370426547949136,0.5504862086477549,0.5137228175590337,-0.10866274311947753,-0.5305384418235205,-2.4378300439388823,0.6176618843339667,0.2920739454799114,0.3683213772579837,0.31791687614074954,0.595048931055491,0.6221133242251657,-0.3602557487552876,0.7373384437222328,0.42748002064816737,-0.6478907722411319
-0.8968772969509547,-0.6344520073957238,-0.4885797268883753,-0.8557735759354202,-0.7554823616084982,-0.8377220024983473,-1.2334074118007625,-0.4839632345862314,-0.9169243685275408,1.144558563060077,-0.7084851521213363,-0.8750393049103832,-1.8929456520350443,-1.0109981038619722,-0.09812846717311627,-0.7600724727456363,-0.869023682852915,1.0782605325771133,-1.2725525428854467,1.6802632807458244,-0.12360792688928265,-0.9653754389849875,0.20149335716672073,-2.688175858368827,-1.7833159915070755,-0.2882843708060225,1.1696762601240331,-3.205929972599268,0.2673930664688005,0.7457398333161123,0.2077410058501303,-0.3668682254114623,1.212994221279777,1.1286196056468385,0.24151303298384943,-2.2417369100614355,0.14469763842224329,-0.41440735438217663,-0.8928348717736659,0.47273439420523217,0.6468969254643416,0.5222696817400828,-0.2373090511200656,1.1451198873511206,0.5778409472587931,0.5487089475229604,0.4150190001003708,0.7986950131755151,0.5137228175590337,-0.153006712413559,-0.5176422621185919,-2.4660768402533253,0.6176618843339667,0.33007842079389155,0.34161467268621887,0.28930172688921374,0.636964429565302,0.5561175544755045,-0.4779647634276438,0.7023463534635281,0.4644953378626225,-0.578184811347099
-0.8649454278441874,-0.674637498303246,-0.45169941717993395,-0.7950330102483195,-0.7416046941100003,-0.7908489821714588,-1.1771929323676855,-0.4562054838737814,-0.9169243685275408,1.2016234937681642,-0.7657933050721979,-0.8965404688302238,-1.8929456520350443,-1.0457585463277157,-0.12132036365880575,-0.7340851179991966,-0.8893569322697078,1.0243633722567964,-1.2880524602877856,1.56438471663913,-0.190159652811289,-1.0542301810960748,0.23020004313617223,-2.9589029566366465,-1.4523202429642565,-0.3470510380059148,0.9723919239201013,-3.3217117482586533,0.3284022843304747,0.651347633296771,0.341836738187415,-0.30007804343937944,1.212994221279777,1.0068426060842806,0.02738608132667276,-2.3897245907604563,-0.008332197173518241,-0.4380823777380031,-1.442643054054261,0.5574570454131583,0.612492541213824,0.6337816744879964,0.19518612842414837,1.1906835475419757,0.6775931561195915,0.570157210628254,0.32583409579790124,0.5504862086477549,0.4739280033904476,0.046541149409807664,-0.5176422621185919,-2.9182571124017502,0.5744458454970249,0.44409184673583196,0.4217347864015133,0.23207142838614211,0.595048931055491,0.5561175544755045,-0.7910001811939091,0.7373384437222328,0.42748002064816737,-0.43877288955903315
-0.8968772969509547,-0.6553484626676371,-0.4132824279003042,-0.8147326531738646,-0.7416046941100003,-0.8845950228252532,-1.2334074118007625,-0.4839632345862314,-0.9169243685275408,1.2016234937681642,-0.7657933050721979,-0.8154976202092888,-1.8793293189923201,-1.1420182331559114,-0.16413617255546387,-0.7340851179991966,-0.869023682852915,1.128011757488185,-1.2725525428854467,1.622323998692488,-0.190159652811289,-1.0088961289985754,0.17278667119726926,-3.454558844597647,-1.4082115795866226,-0.40581770520580707,0.6267400643824744,-3.2638208604289605,0.31305640744502283,0.5569554332774298,0.341836738187415,-0.3501706799184416,1.3494061239096509,1.0677311058655594,0.02738608132667276,-2.118582087105907,0.14469763842224329,-0.4854324244496562,-1.870772376321938,0.4164065280070471,0.612492541213824,0.5964084453109025,0.08713613817624244,1.1906835475419757,0.6775931561195915,0.6561260684847179,0.3035378697222838,0.6248878650418258,0.5137228175590337,-0.04214678917835531,-0.5305384418235205,-2.4660768402533253,0.531229806660083,0.33007842079389155,0.39502808182974847,0.26068657763767794,0.6788799280751129,0.5231196696006738,-1.1826151864117476,0.807609444651599,0.42748002064816737,-0.333928268050385
